<?xml version="1.0" encoding="UTF-8"?>
<kml xmlns="http://www.opengis.net/kml/2.2">
  <Document>
    <name>FR24 3e163804 - Optimised</name>
    <description><![CDATA[Optimised flight path with 1 points (decimated from 1 original points). Source format: Standard KML]]></description>
    
    <Style id="flightPath">
      <LineStyle>
        <color>ff0000ff</color>
        <width>3</width>
      </LineStyle>
    </Style>
    
    <Placemark>
      <name>Flight Path</name>
      <description><![CDATA[Source: ADS-B
Start (SAST): 2026-01-28 09:52:56
End (SAST): 2026-01-28 17:24:14
Points: 3500]]></description>
      <styleUrl>#flightPath</styleUrl>
      <LineString>
        <extrude>1</extrude>
        <tessellate>1</tessellate>
        <altitudeMode>absolute</altitudeMode>
        <coordinates>
          18.43175,-33.90216,45.72 18.43399,-33.90189,76.2 18.43478,-33.9017,83.82000000000001 18.43556,-33.90143,91.44 18.43607,-33.9012,99.06 18.437,-33.90078,106.68 18.43781,-33.90028,106.68 18.43842,-33.89978,121.92 18.43912,-33.89906,137.16 18.4396,-33.8985,144.78 18.4401,-33.89772,152.4 18.44055,-33.89669,167.64000000000001 18.44083,-33.89589,175.26000000000002 18.44106,-33.89488,182.88 18.44118,-33.8938,190.5 18.44117,-33.89259,198.12 18.44111,-33.89186,198.12 18.44095,-33.89063,205.74 18.44061,-33.88938,213.36 18.44027,-33.88843,220.98000000000002 18.43981,-33.88752,228.60000000000002 18.43935,-33.88663,228.60000000000002 18.43866,-33.88556,236.22 18.43803,-33.88467,236.22 18.43729,-33.88379,243.84 18.4362,-33.88268,251.46 18.43539,-33.88193,251.46 18.43444,-33.8811,259.08000000000004 18.43317,-33.88021,259.08000000000004 18.43225,-33.8796,266.7 18.43094,-33.87886,274.32 18.42991,-33.87839,274.32 18.42865,-33.87783,281.94 18.42732,-33.87735,289.56 18.42587,-33.87689,289.56 18.42458,-33.87657,289.56 18.42351,-33.87634,297.18 18.42218,-33.87616,297.18 18.42104,-33.87597,312.42 18.41981,-33.87584,312.42 18.41863,-33.87579,327.66 18.41757,-33.87575,327.66 18.41662,-33.87575,335.28000000000003 18.41509,-33.87579,350.52000000000004 18.41365,-33.87593,365.76 18.41269,-33.87606,373.38 18.41174,-33.87621,381 18.41057,-33.87643,388.62 18.40961,-33.87662,388.62 18.40871,-33.8768,396.24 18.40787,-33.87703,411.48 18.40673,-33.87732,419.1 18.40582,-33.8776,426.72 18.40496,-33.87785,434.34000000000003 18.40395,-33.87817,449.58000000000004 18.40284,-33.87853,449.58000000000004 18.40193,-33.87881,457.20000000000005 18.40096,-33.87914,464.82000000000005 18.40014,-33.87946,464.82000000000005 18.39913,-33.87987,472.44 18.39846,-33.88014,472.44 18.39739,-33.88065,472.44 18.39655,-33.88106,480.06 18.39558,-33.88156,480.06 18.39489,-33.88198,495.3 18.39392,-33.88257,495.3 18.39312,-33.88309,495.3 18.39201,-33.8838,487.68 18.391,-33.88449,480.06 18.39027,-33.88504,487.68 18.38917,-33.88579,487.68 18.38853,-33.88628,487.68 18.38753,-33.88705,487.68 18.38657,-33.88779,502.92 18.38591,-33.88831,502.92 18.38489,-33.88911,502.92 18.38416,-33.88966,510.54 18.38345,-33.89026,510.54 18.38248,-33.89104,518.1600000000001 18.38181,-33.89159,518.1600000000001 18.38024,-33.89291,518.1600000000001 18.37938,-33.89366,525.78 18.37721,-33.89552,533.4 18.37441,-33.89799,548.64 18.372,-33.90019,556.26 18.36966,-33.90241,563.88 18.36903,-33.90308,571.5 18.36834,-33.90372,571.5 18.3678,-33.90431,571.5 18.36701,-33.90514,571.5 18.36639,-33.90578,579.12 18.36559,-33.90665,579.12 18.36516,-33.9072,586.74 18.36449,-33.90797,586.74 18.36376,-33.90884,586.74 18.36319,-33.90953,586.74 18.36253,-33.91035,586.74 18.36191,-33.91113,586.74 18.36118,-33.91205,594.36 18.36061,-33.91289,594.36 18.3601,-33.91359,594.36 18.3595,-33.91447,594.36 18.35888,-33.91534,594.36 18.35815,-33.91635,601.98 18.35764,-33.91712,601.98 18.35709,-33.91795,601.98 18.35661,-33.91875,601.98 18.35609,-33.9195,609.6 18.35564,-33.92024,609.6 18.35513,-33.92102,617.22 18.35451,-33.92207,617.22 18.35395,-33.92294,609.6 18.35192,-33.92606,624.84 18.35032,-33.92853,624.84 18.3482,-33.93183,624.84 18.34774,-33.93272,632.46 18.34734,-33.93351,632.46 18.347,-33.93421,640.08 18.34666,-33.93498,647.7 18.34631,-33.93588,647.7 18.34599,-33.93704,647.7 18.34588,-33.93764,647.7 18.34579,-33.93849,647.7 18.34579,-33.93924,655.32 18.34591,-33.93993,655.32 18.34616,-33.94093,655.32 18.34655,-33.94171,662.94 18.34689,-33.94226,662.94 18.34778,-33.94304,662.94 18.34854,-33.94342,662.94 18.34934,-33.94366,662.94 18.35042,-33.94377,670.5600000000001 18.35163,-33.94361,678.1800000000001 18.35261,-33.94331,678.1800000000001 18.35345,-33.9429,670.5600000000001 18.35443,-33.94231,678.1800000000001 18.35518,-33.94167,678.1800000000001 18.35614,-33.94066,670.5600000000001 18.35667,-33.93998,662.94 18.35737,-33.93892,662.94 18.35775,-33.93812,662.94 18.35827,-33.93709,670.5600000000001 18.35872,-33.93599,662.94 18.35913,-33.935,670.5600000000001 18.35947,-33.93398,662.94 18.35981,-33.93309,670.5600000000001 18.36016,-33.93216,662.94 18.36062,-33.93095,670.5600000000001 18.3609,-33.93013,670.5600000000001 18.36146,-33.9288,678.1800000000001 18.36191,-33.92775,678.1800000000001 18.36239,-33.92667,678.1800000000001 18.36285,-33.92578,670.5600000000001 18.36342,-33.9248,678.1800000000001 18.36398,-33.92381,678.1800000000001 18.36454,-33.9229,693.4200000000001 18.36499,-33.92212,685.8000000000001 18.36565,-33.92113,693.4200000000001 18.36623,-33.92024,693.4200000000001 18.36684,-33.91933,701.0400000000001 18.36748,-33.91847,701.0400000000001 18.36802,-33.91777,693.4200000000001 18.36874,-33.9168,693.4200000000001 18.36925,-33.91617,693.4200000000001 18.37006,-33.91512,693.4200000000001 18.37065,-33.91429,693.4200000000001 18.37126,-33.91359,685.8000000000001 18.37194,-33.91278,693.4200000000001 18.37269,-33.91186,693.4200000000001 18.3734,-33.91109,693.4200000000001 18.37395,-33.91042,693.4200000000001 18.37463,-33.90972,685.8000000000001 18.37543,-33.90888,678.1800000000001 18.3762,-33.90816,670.5600000000001 18.37692,-33.90739,670.5600000000001 18.37778,-33.9066,662.94 18.37878,-33.90564,662.94 18.37951,-33.90495,655.32 18.38035,-33.90408,655.32 18.38125,-33.90326,647.7 18.38219,-33.90241,640.08 18.38316,-33.90148,632.46 18.384,-33.9007,624.84 18.38478,-33.90001,617.22 18.38562,-33.89928,609.6 18.38646,-33.8985,609.6 18.38725,-33.89786,609.6 18.38802,-33.8972,601.98 18.38904,-33.89639,594.36 18.38988,-33.89575,586.74 18.39089,-33.89497,579.12 18.39218,-33.89406,571.5 18.39283,-33.89361,571.5 18.39403,-33.89278,556.26 18.39483,-33.89217,548.64 18.39575,-33.89157,541.02 18.39689,-33.89077,541.02 18.39781,-33.89022,533.4 18.39884,-33.88952,525.78 18.3998,-33.88893,518.1600000000001 18.40087,-33.88824,518.1600000000001 18.40187,-33.88765,502.92 18.40284,-33.88705,495.3 18.40384,-33.88651,495.3 18.40485,-33.88598,487.68 18.40582,-33.88547,480.06 18.40714,-33.88486,472.44 18.40816,-33.8844,457.20000000000005 18.40922,-33.88399,449.58000000000004 18.41028,-33.88358,441.96000000000004 18.41131,-33.88328,426.72 18.41264,-33.88289,419.1 18.41404,-33.88252,411.48 18.41522,-33.88229,403.86 18.41623,-33.88207,396.24 18.41757,-33.88184,381 18.41841,-33.88174,373.38 18.41981,-33.88161,358.14000000000004 18.42088,-33.88156,342.90000000000003 18.4219,-33.8816,335.28000000000003 18.42362,-33.88174,320.04 18.42464,-33.88193,312.42 18.42562,-33.88216,297.18 18.42671,-33.88248,289.56 18.42762,-33.88281,274.32 18.42839,-33.88316,266.7 18.42928,-33.88365,259.08000000000004 18.43002,-33.88412,251.46 18.43054,-33.88458,243.84 18.43111,-33.88519,220.98000000000002 18.43147,-33.88577,213.36 18.43175,-33.88646,205.74 18.43181,-33.88719,198.12 18.4318,-33.88779,190.5 18.43164,-33.88843,190.5 18.43142,-33.88902,175.26000000000002 18.43094,-33.8898,167.64000000000001 18.43057,-33.8903,160.02 18.42997,-33.89101,144.78 18.42951,-33.89152,137.16 18.42884,-33.89218,121.92 18.42842,-33.89259,114.30000000000001 18.42785,-33.8931,106.68 18.42743,-33.89351,99.06 18.42682,-33.89426,83.82000000000001 18.42659,-33.89461,83.82000000000001 18.42625,-33.8952,76.2 18.42609,-33.89566,68.58 18.42596,-33.89613,68.58 18.42587,-33.89662,53.34 18.4259,-33.89701,53.34 18.42598,-33.89749,45.72 18.42613,-33.89785,38.1 18.42626,-33.89809,38.1 18.42636,-33.89832,30.48 18.42654,-33.89854,30.48 18.42671,-33.89886,22.86 18.42682,-33.89911,15.24 18.42693,-33.89934,15.24 18.42705,-33.89957,7.62 18.4271,-33.89978,7.62 18.4271,-33.89999,0 18.42705,-33.90022,0 18.42704,-33.90047,0 18.42715,-33.9007,0 18.42738,-33.90088,0 18.42762,-33.90115,0 18.42794,-33.90129,0 18.42819,-33.90139,0 18.42856,-33.90152,7.62 18.42889,-33.90161,7.62 18.42928,-33.90167,7.62 18.42951,-33.90171,15.24 18.43014,-33.90176,22.86 18.43037,-33.90181,30.48 18.43088,-33.90181,38.1 18.43151,-33.90181,45.72 18.43208,-33.90176,53.34 18.4326,-33.90167,60.96 18.43327,-33.90147,68.58 18.43391,-33.90125,76.2 18.4346,-33.90097,76.2 18.43517,-33.90069,83.82000000000001 18.43575,-33.90036,99.06 18.4362,-33.90004,99.06 18.43685,-33.89946,114.30000000000001 18.43736,-33.89886,129.54000000000002 18.43769,-33.89841,129.54000000000002 18.43809,-33.89771,144.78 18.43838,-33.89687,152.4 18.43866,-33.89603,160.02 18.43878,-33.89501,167.64000000000001 18.43887,-33.8942,175.26000000000002 18.43887,-33.89319,182.88 18.43887,-33.89227,190.5 18.43878,-33.89115,198.12 18.43865,-33.89026,198.12 18.43849,-33.88947,205.74 18.43831,-33.88857,213.36 18.43809,-33.88774,220.98000000000002 18.43781,-33.88678,220.98000000000002 18.43735,-33.8857,228.60000000000002 18.43696,-33.8849,236.22 18.4364,-33.88399,243.84 18.4359,-33.88321,251.46 18.43523,-33.8823,259.08000000000004 18.43454,-33.88156,266.7 18.43382,-33.88087,274.32 18.43315,-33.88028,281.94 18.43231,-33.87959,289.56 18.43136,-33.879,304.8 18.43054,-33.87848,304.8 18.42951,-33.87799,312.42 18.42856,-33.87758,320.04 18.42762,-33.87723,320.04 18.42659,-33.87694,320.04 18.42567,-33.87672,327.66 18.42497,-33.87657,327.66 18.42384,-33.87634,327.66 18.42273,-33.87621,335.28000000000003 18.42161,-33.87611,342.90000000000003 18.42026,-33.87607,350.52000000000004 18.41938,-33.87606,350.52000000000004 18.41846,-33.87606,358.14000000000004 18.41723,-33.87611,365.76 18.41533,-33.87625,365.76 18.41457,-33.87634,373.38 18.41331,-33.87653,381 18.41251,-33.87672,381 18.41143,-33.87695,388.62 18.41062,-33.87712,388.62 18.40972,-33.8774,396.24 18.40866,-33.87772,396.24 18.40776,-33.87799,403.86 18.40673,-33.87835,403.86 18.40591,-33.87868,411.48 18.40513,-33.879,419.1 18.4041,-33.87937,419.1 18.40347,-33.87965,426.72 18.40256,-33.88007,426.72 18.4016,-33.88055,434.34000000000003 18.40061,-33.88105,434.34000000000003 18.39987,-33.88142,434.34000000000003 18.3989,-33.88193,434.34000000000003 18.39809,-33.88235,441.96000000000004 18.39705,-33.88293,441.96000000000004 18.39644,-33.8833,449.58000000000004 18.39543,-33.88385,449.58000000000004 18.39453,-33.8844,457.20000000000005 18.39386,-33.88481,457.20000000000005 18.39294,-33.88533,464.82000000000005 18.3922,-33.88579,457.20000000000005 18.39128,-33.88635,464.82000000000005 18.39043,-33.88682,464.82000000000005 18.38951,-33.88737,472.44 18.38859,-33.88797,487.68 18.38762,-33.88863,487.68 18.38676,-33.88924,487.68 18.38614,-33.8897,495.3 18.38517,-33.89044,502.92 18.38448,-33.89096,502.92 18.38349,-33.89177,495.3 18.38276,-33.8924,495.3 18.38207,-33.89296,495.3 18.38121,-33.89371,502.92 18.38058,-33.89431,510.54 18.37979,-33.89502,510.54 18.37921,-33.89557,518.1600000000001 18.37847,-33.89627,518.1600000000001 18.37788,-33.89685,525.78 18.37727,-33.89745,533.4 18.37671,-33.89804,533.4 18.37601,-33.89878,541.02 18.37532,-33.89948,548.64 18.37481,-33.90009,548.64 18.37407,-33.90083,556.26 18.37343,-33.90157,556.26 18.3728,-33.90232,563.88 18.37217,-33.90303,563.88 18.37166,-33.90362,571.5 18.37099,-33.9044,579.12 18.37057,-33.90493,579.12 18.36992,-33.90578,586.74 18.36937,-33.90646,594.36 18.36892,-33.90706,594.36 18.3683,-33.90788,594.36 18.36785,-33.90852,594.36 18.36737,-33.90921,594.36 18.36673,-33.91017,594.36 18.36639,-33.91077,601.98 18.36576,-33.91177,609.6 18.36533,-33.91246,617.22 18.36496,-33.91317,617.22 18.36443,-33.91415,624.84 18.36398,-33.91493,632.46 18.36353,-33.91582,632.46 18.36313,-33.91652,640.08 18.36247,-33.91786,640.08 18.3621,-33.91856,640.08 18.35987,-33.92289,655.32 18.35735,-33.92788,670.5600000000001 18.3558,-33.93086,685.8000000000001 18.35423,-33.93384,693.4200000000001 18.35255,-33.93695,701.0400000000001 18.35106,-33.93956,716.2800000000001 18.34974,-33.94194,739.14 18.34843,-33.94412,762 18.34682,-33.94682,784.86 18.34539,-33.94943,800.1 18.34414,-33.95187,815.34 18.34369,-33.95284,822.96 18.34333,-33.95362,822.96 18.34299,-33.95436,830.58 18.34259,-33.9553,838.2 18.34224,-33.95599,830.58 18.34196,-33.95668,845.82 18.34078,-33.95943,845.82 18.33967,-33.96214,876.3000000000001 18.33792,-33.9668,876.3000000000001 18.3368,-33.97,876.3000000000001 18.33557,-33.97357,876.3000000000001 18.33461,-33.97646,876.3000000000001 18.33349,-33.98011,891.5400000000001 18.33298,-33.98183,891.5400000000001 18.33259,-33.98305,876.3000000000001 18.33229,-33.98407,883.9200000000001 18.33206,-33.98486,891.5400000000001 18.33175,-33.98598,883.9200000000001 18.33147,-33.98685,883.9200000000001 18.33114,-33.98804,883.9200000000001 18.33086,-33.98904,876.3000000000001 18.33063,-33.98984,876.3000000000001 18.33024,-33.99106,876.3000000000001 18.33002,-33.99193,876.3000000000001 18.32966,-33.993,876.3000000000001 18.32934,-33.99394,876.3000000000001 18.32914,-33.99477,883.9200000000001 18.3289,-33.99573,876.3000000000001 18.32874,-33.99668,876.3000000000001 18.32856,-33.99756,876.3000000000001 18.32846,-33.9985,876.3000000000001 18.32839,-33.99944,876.3000000000001 18.32833,-34.00035,883.9200000000001 18.32829,-34.00115,883.9200000000001 18.32829,-34.00213,883.9200000000001 18.32829,-34.00283,883.9200000000001 18.32828,-34.00374,891.5400000000001 18.32828,-34.00447,883.9200000000001 18.32833,-34.00534,883.9200000000001 18.32845,-34.00648,883.9200000000001 18.32851,-34.00716,891.5400000000001 18.32862,-34.00809,891.5400000000001 18.32873,-34.00882,891.5400000000001 18.3289,-34.0096,891.5400000000001 18.32906,-34.01051,891.5400000000001 18.32923,-34.0112,891.5400000000001 18.3294,-34.01193,891.5400000000001 18.32962,-34.01285,891.5400000000001 18.32983,-34.01358,891.5400000000001 18.33017,-34.01456,891.5400000000001 18.3303,-34.01505,891.5400000000001 18.33057,-34.01595,883.9200000000001 18.33086,-34.01669,883.9200000000001 18.33114,-34.0177,876.3000000000001 18.33143,-34.01851,868.6800000000001 18.3316,-34.01912,861.0600000000001 18.33195,-34.02005,861.0600000000001 18.3322,-34.02081,853.44 18.33299,-34.02319,845.82 18.33388,-34.02544,822.96 18.33433,-34.02649,807.72 18.33461,-34.02722,807.72 18.33495,-34.02809,800.1 18.33538,-34.02908,792.48 18.33573,-34.02988,792.48 18.33601,-34.03066,784.86 18.33641,-34.0315,784.86 18.33675,-34.03234,777.24 18.3371,-34.03308,784.86 18.33742,-34.03377,777.24 18.33778,-34.03453,777.24 18.33898,-34.03734,769.62 18.33926,-34.03802,769.62 18.33961,-34.039,769.62 18.33988,-34.03976,762 18.34007,-34.04049,762 18.34036,-34.0416,769.62 18.34055,-34.0426,762 18.34064,-34.04356,762 18.34076,-34.04454,762 18.34083,-34.04526,762 18.34087,-34.04617,762 18.34095,-34.04709,769.62 18.341,-34.04805,769.62 18.341,-34.04901,769.62 18.34105,-34.04975,769.62 18.34105,-34.05077,769.62 18.34105,-34.05157,769.62 18.34105,-34.05259,769.62 18.341,-34.05359,777.24 18.341,-34.05446,777.24 18.34095,-34.0551,777.24 18.34089,-34.05611,777.24 18.34082,-34.05701,777.24 18.3407,-34.05808,777.24 18.34067,-34.0589,769.62 18.34055,-34.05972,777.24 18.34047,-34.06078,769.62 18.34039,-34.06155,777.24 18.34027,-34.06274,754.38 18.34016,-34.06371,769.62 18.34002,-34.06474,754.38 18.33988,-34.06558,754.38 18.33967,-34.0667,754.38 18.3395,-34.06767,754.38 18.33926,-34.0687,762 18.33904,-34.06975,754.38 18.33882,-34.07076,762 18.33864,-34.07182,769.62 18.33842,-34.07259,769.62 18.33825,-34.07355,769.62 18.33801,-34.07456,762 18.3379,-34.0754,769.62 18.33773,-34.07629,769.62 18.33758,-34.0773,762 18.33742,-34.07826,762 18.33733,-34.07908,762 18.33719,-34.08009,754.38 18.33715,-34.08103,754.38 18.33708,-34.08188,754.38 18.33704,-34.0828,754.38 18.3371,-34.08387,754.38 18.33721,-34.0849,754.38 18.33733,-34.08574,754.38 18.33753,-34.08669,754.38 18.33775,-34.08742,754.38 18.33801,-34.08829,762 18.33836,-34.08908,754.38 18.33859,-34.08975,762 18.33904,-34.09058,754.38 18.33938,-34.09122,754.38 18.33988,-34.09209,754.38 18.3403,-34.09281,754.38 18.34082,-34.09356,754.38 18.34123,-34.09415,754.38 18.34185,-34.095,754.38 18.34235,-34.09561,746.76 18.3428,-34.09612,746.76 18.34333,-34.09672,739.14 18.34397,-34.0974,739.14 18.34471,-34.09807,739.14 18.34532,-34.09859,739.14 18.34597,-34.09909,731.52 18.34682,-34.0997,731.52 18.34773,-34.10028,731.52 18.3486,-34.10077,723.9000000000001 18.34924,-34.1011,723.9000000000001 18.35014,-34.10156,723.9000000000001 18.35106,-34.10203,716.2800000000001 18.35188,-34.10239,716.2800000000001 18.35283,-34.10282,716.2800000000001 18.35378,-34.10326,716.2800000000001 18.35466,-34.10361,716.2800000000001 18.35569,-34.10403,716.2800000000001 18.35655,-34.10435,716.2800000000001 18.35754,-34.10477,723.9000000000001 18.35838,-34.10509,723.9000000000001 18.35936,-34.10547,716.2800000000001 18.36044,-34.10585,716.2800000000001 18.3613,-34.10612,716.2800000000001 18.36236,-34.10651,708.6600000000001 18.3632,-34.10678,708.6600000000001 18.36428,-34.10715,708.6600000000001 18.36514,-34.10743,708.6600000000001 18.36599,-34.10771,701.0400000000001 18.36708,-34.10808,701.0400000000001 18.36791,-34.10838,701.0400000000001 18.36891,-34.10873,693.4200000000001 18.37009,-34.10912,701.0400000000001 18.37099,-34.10944,701.0400000000001 18.37189,-34.10976,701.0400000000001 18.37286,-34.11008,701.0400000000001 18.37379,-34.1104,701.0400000000001 18.37492,-34.11082,708.6600000000001 18.37699,-34.11159,716.2800000000001 18.37824,-34.11204,716.2800000000001 18.37921,-34.11241,723.9000000000001 18.38116,-34.11316,731.52 18.38207,-34.11348,739.14 18.38327,-34.11392,739.14 18.38433,-34.11433,731.52 18.38534,-34.11465,731.52 18.38625,-34.11497,739.14 18.38705,-34.11525,739.14 18.3882,-34.11562,739.14 18.38932,-34.11603,731.52 18.3901,-34.11626,739.14 18.39106,-34.11658,731.52 18.39226,-34.11702,723.9000000000001 18.39324,-34.11736,723.9000000000001 18.39436,-34.11777,723.9000000000001 18.39762,-34.11887,716.2800000000001 18.40137,-34.12015,701.0400000000001 18.40456,-34.12125,693.4200000000001 18.40782,-34.12239,685.8000000000001 18.40871,-34.12271,685.8000000000001 18.40984,-34.12308,685.8000000000001 18.41112,-34.12349,685.8000000000001 18.41228,-34.12391,678.1800000000001 18.41331,-34.12422,670.5600000000001 18.41421,-34.12454,670.5600000000001 18.4151,-34.12482,670.5600000000001 18.41628,-34.12523,678.1800000000001 18.41932,-34.12624,662.94 18.42213,-34.12717,655.32 18.42321,-34.12754,647.7 18.42491,-34.12816,647.7 18.42607,-34.12856,640.08 18.42699,-34.12889,640.08 18.42783,-34.12921,632.46 18.42906,-34.12967,632.46 18.43018,-34.13004,624.84 18.43108,-34.13036,617.22 18.43197,-34.13066,617.22 18.43294,-34.13099,617.22 18.43431,-34.13145,609.6 18.43517,-34.13173,609.6 18.43643,-34.1321,609.6 18.43736,-34.13232,609.6 18.43853,-34.13255,601.98 18.43952,-34.13275,601.98 18.44095,-34.13298,594.36 18.44193,-34.13313,594.36 18.44324,-34.13322,594.36 18.44421,-34.13327,594.36 18.44526,-34.13329,594.36 18.44627,-34.13329,594.36 18.44776,-34.13313,594.36 18.44868,-34.13301,601.98 18.44969,-34.13283,594.36 18.45103,-34.13246,594.36 18.45221,-34.13205,594.36 18.4532,-34.13163,594.36 18.4544,-34.131,594.36 18.45546,-34.13031,594.36 18.45652,-34.12949,586.74 18.45748,-34.12875,586.74 18.45832,-34.12802,586.74 18.45922,-34.12729,586.74 18.46024,-34.12637,586.74 18.46095,-34.12569,586.74 18.46184,-34.12484,586.74 18.46264,-34.12409,586.74 18.46361,-34.12312,586.74 18.46436,-34.12233,586.74 18.46527,-34.1213,586.74 18.46617,-34.12029,586.74 18.46673,-34.1196,586.74 18.46745,-34.11874,579.12 18.4683,-34.11762,586.74 18.46897,-34.11662,586.74 18.46964,-34.11566,586.74 18.47031,-34.11451,579.12 18.47076,-34.11357,586.74 18.47138,-34.11232,586.74 18.47174,-34.11139,586.74 18.47222,-34.11012,586.74 18.4725,-34.10912,586.74 18.47277,-34.10808,586.74 18.473,-34.10715,594.36 18.47323,-34.10573,594.36 18.47334,-34.1049,594.36 18.47351,-34.10361,594.36 18.47357,-34.10231,594.36 18.47357,-34.10124,594.36 18.47357,-34.10014,594.36 18.47351,-34.09905,594.36 18.4734,-34.09763,594.36 18.47329,-34.09653,594.36 18.47318,-34.09547,594.36 18.47306,-34.09438,586.74 18.47288,-34.09328,586.74 18.47267,-34.09195,586.74 18.47242,-34.09062,594.36 18.47219,-34.08955,594.36 18.472,-34.08847,586.74 18.47172,-34.08723,586.74 18.47145,-34.08592,586.74 18.47121,-34.08481,586.74 18.47093,-34.08353,586.74 18.47076,-34.08261,586.74 18.47048,-34.08126,579.12 18.47019,-34.08006,571.5 18.46991,-34.07898,563.88 18.46964,-34.0779,563.88 18.46916,-34.07545,548.64 18.4687,-34.07331,541.02 18.46852,-34.07231,541.02 18.4683,-34.07093,541.02 18.46813,-34.06979,533.4 18.46796,-34.06851,533.4 18.46779,-34.06707,533.4 18.46762,-34.0659,525.78 18.4675,-34.06502,525.78 18.46734,-34.06371,533.4 18.46722,-34.06269,525.78 18.46704,-34.06162,518.1600000000001 18.4669,-34.06036,518.1600000000001 18.46676,-34.05925,518.1600000000001 18.46659,-34.05794,510.54 18.46639,-34.05652,502.92 18.46622,-34.05524,502.92 18.46572,-34.05171,495.3 18.46521,-34.04733,487.68 18.46477,-34.04279,480.06 18.46458,-34.03951,480.06 18.46454,-34.03825,480.06 18.46454,-34.03697,480.06 18.46454,-34.03596,480.06 18.46454,-34.03496,480.06 18.46458,-34.03374,487.68 18.46458,-34.03252,480.06 18.46464,-34.03155,487.68 18.4647,-34.03057,480.06 18.46476,-34.02945,480.06 18.46477,-34.02841,480.06 18.46487,-34.02736,480.06 18.46494,-34.02612,480.06 18.46504,-34.02517,480.06 18.4651,-34.02402,480.06 18.46521,-34.02303,480.06 18.46539,-34.02172,472.44 18.46583,-34.01779,472.44 18.46645,-34.01326,472.44 18.46693,-34.00999,464.82000000000005 18.4674,-34.00676,464.82000000000005 18.46813,-34.00245,457.20000000000005 18.46876,-33.99901,457.20000000000005 18.46899,-33.99803,457.20000000000005 18.46928,-33.99677,457.20000000000005 18.46956,-33.99566,449.58000000000004 18.46987,-33.99477,457.20000000000005 18.47013,-33.99375,449.58000000000004 18.47043,-33.9928,441.96000000000004 18.47082,-33.99156,449.58000000000004 18.47111,-33.99049,449.58000000000004 18.47139,-33.98951,449.58000000000004 18.47172,-33.98822,449.58000000000004 18.47202,-33.98718,449.58000000000004 18.47231,-33.98621,449.58000000000004 18.47261,-33.98524,449.58000000000004 18.47301,-33.98392,449.58000000000004 18.47328,-33.98299,441.96000000000004 18.47363,-33.98188,441.96000000000004 18.47391,-33.98085,441.96000000000004 18.47483,-33.9775,426.72 18.47586,-33.97357,434.34000000000003 18.47704,-33.96931,434.34000000000003 18.47788,-33.9662,449.58000000000004 18.47912,-33.96204,457.20000000000005 18.48035,-33.95778,464.82000000000005 18.48063,-33.95677,457.20000000000005 18.48085,-33.95576,457.20000000000005 18.48106,-33.9545,457.20000000000005 18.48118,-33.95334,457.20000000000005 18.48125,-33.95215,449.58000000000004 18.48129,-33.95115,441.96000000000004 18.48129,-33.94999,441.96000000000004 18.48119,-33.94853,441.96000000000004 18.48108,-33.94753,434.34000000000003 18.48085,-33.94638,434.34000000000003 18.48066,-33.94538,434.34000000000003 18.48038,-33.94422,434.34000000000003 18.48009,-33.943,426.72 18.47975,-33.94198,426.72 18.47935,-33.94077,419.1 18.47895,-33.93979,419.1 18.47861,-33.93883,411.48 18.47816,-33.93777,403.86 18.47766,-33.93658,403.86 18.47717,-33.93556,411.48 18.47666,-33.93439,403.86 18.4762,-33.93352,403.86 18.47557,-33.93235,403.86 18.47502,-33.93127,403.86 18.47437,-33.93011,403.86 18.4739,-33.92931,396.24 18.47322,-33.92815,396.24 18.47254,-33.92709,396.24 18.47191,-33.92611,388.62 18.47138,-33.92537,396.24 18.4706,-33.92422,388.62 18.46981,-33.92317,388.62 18.4691,-33.92225,381 18.46819,-33.92113,396.24 18.46746,-33.92024,403.86 18.46687,-33.91954,403.86 18.466,-33.9185,411.48 18.46516,-33.9175,403.86 18.46424,-33.91647,411.48 18.46355,-33.91568,403.86 18.46252,-33.91457,396.24 18.46178,-33.91377,396.24 18.46087,-33.91284,381 18.46006,-33.91205,373.38 18.45915,-33.91116,365.76 18.45821,-33.91022,358.14000000000004 18.45737,-33.90944,350.52000000000004 18.45636,-33.90848,335.28000000000003 18.45541,-33.90756,335.28000000000003 18.45468,-33.90683,327.66 18.45389,-33.9061,327.66 18.45294,-33.90514,320.04 18.452,-33.90418,320.04 18.45131,-33.90348,312.42 18.45045,-33.90255,312.42 18.44954,-33.90157,304.8 18.44885,-33.90083,304.8 18.4481,-33.89999,304.8 18.44742,-33.89925,304.8 18.44661,-33.89827,304.8 18.44571,-33.89726,297.18 18.44504,-33.89648,289.56 18.44425,-33.89557,281.94 18.44341,-33.89456,281.94 18.44274,-33.89383,289.56 18.4419,-33.89282,289.56 18.44124,-33.89203,281.94 18.44055,-33.89127,281.94 18.43982,-33.89044,281.94 18.43775,-33.88806,266.7 18.43685,-33.88715,259.08000000000004 18.4362,-33.88654,259.08000000000004 18.43529,-33.88575,251.46 18.43454,-33.88514,251.46 18.43371,-33.88458,243.84 18.43254,-33.8839,236.22 18.4313,-33.88344,228.60000000000002 18.4306,-33.88333,220.98000000000002 18.42894,-33.88328,213.36 18.42808,-33.88346,205.74 18.42722,-33.88379,198.12 18.42648,-33.88422,190.5 18.42592,-33.88463,190.5 18.42516,-33.88547,175.26000000000002 18.42491,-33.88586,167.64000000000001 18.42453,-33.88668,160.02 18.4243,-33.88724,152.4 18.42413,-33.88792,144.78 18.42402,-33.8884,137.16 18.42396,-33.88919,137.16 18.4239,-33.88984,129.54000000000002 18.4239,-33.89026,129.54000000000002 18.4239,-33.89115,121.92 18.42396,-33.89198,114.30000000000001 18.42402,-33.8925,106.68 18.42407,-33.89305,99.06 18.42419,-33.89366,91.44 18.4243,-33.89415,91.44 18.42442,-33.89459,83.82000000000001 18.42452,-33.89511,76.2 18.4247,-33.89566,76.2 18.42487,-33.89613,68.58 18.4251,-33.89659,60.96 18.42531,-33.89699,53.34 18.42558,-33.89749,45.72 18.42575,-33.89781,38.1 18.42602,-33.89817,38.1 18.42613,-33.89841,30.48 18.42637,-33.89864,22.86 18.42648,-33.89886,22.86 18.4267,-33.89915,15.24 18.42687,-33.89941,7.62 18.42699,-33.89967,7.62 18.42704,-33.89992,0 18.42705,-33.90013,0 18.42705,-33.90041,0 18.42705,-33.90064,0 18.42728,-33.90088,0 18.42751,-33.90097,0 18.42777,-33.90125,0 18.42822,-33.90143,7.62 18.42842,-33.90148,7.62 18.42878,-33.90152,15.24 18.42916,-33.90162,15.24 18.42962,-33.90167,22.86 18.4299,-33.9017,22.86 18.43014,-33.90171,30.48 18.43054,-33.90171,30.48 18.43091,-33.90175,38.1 18.43111,-33.90171,38.1 18.43151,-33.90171,38.1 18.43231,-33.90167,53.34 18.43299,-33.90157,60.96 18.43346,-33.90144,60.96 18.43416,-33.90125,76.2 18.43483,-33.90097,83.82000000000001 18.43562,-33.90056,91.44 18.43612,-33.90019,91.44 18.43683,-33.89967,106.68 18.4373,-33.89914,114.30000000000001 18.43775,-33.8985,121.92 18.43814,-33.89795,129.54000000000002 18.43849,-33.8972,137.16 18.43876,-33.89644,137.16 18.43893,-33.89571,144.78 18.43901,-33.89473,152.4 18.43909,-33.89406,152.4 18.43912,-33.89315,167.64000000000001 18.43909,-33.89236,182.88 18.43904,-33.89145,175.26000000000002 18.43895,-33.89059,182.88 18.43884,-33.88989,190.5 18.43866,-33.88896,205.74 18.43843,-33.88794,220.98000000000002 18.43815,-33.887,220.98000000000002 18.43781,-33.88618,228.60000000000002 18.4374,-33.88542,236.22 18.437,-33.88467,251.46 18.43635,-33.8838,259.08000000000004 18.43569,-33.883,274.32 18.43511,-33.88234,281.94 18.43427,-33.88156,281.94 18.4334,-33.88086,289.56 18.43259,-33.88033,297.18 18.43158,-33.87968,304.8 18.43069,-33.87918,312.42 18.42979,-33.87877,312.42 18.42872,-33.87831,312.42 18.42733,-33.87778,320.04 18.4262,-33.87744,327.66 18.42505,-33.87718,327.66 18.42385,-33.87698,327.66 18.4229,-33.87685,335.28000000000003 18.42194,-33.87675,335.28000000000003 18.42098,-33.87672,342.90000000000003 18.41984,-33.87667,342.90000000000003 18.41864,-33.87667,350.52000000000004 18.41766,-33.87672,350.52000000000004 18.41639,-33.8768,358.14000000000004 18.4151,-33.87694,365.76 18.41394,-33.87709,373.38 18.41297,-33.87721,381 18.41224,-33.87735,388.62 18.4112,-33.87751,396.24 18.41011,-33.87769,403.86 18.40931,-33.87788,411.48 18.40832,-33.87813,419.1 18.40737,-33.87836,434.34000000000003 18.40653,-33.87859,434.34000000000003 18.40582,-33.87881,441.96000000000004 18.40507,-33.87904,449.58000000000004 18.40406,-33.87932,449.58000000000004 18.40319,-33.8796,457.20000000000005 18.40244,-33.87983,464.82000000000005 18.40187,-33.88002,464.82000000000005 18.40098,-33.88033,472.44 18.3998,-33.88074,480.06 18.39895,-33.88109,487.68 18.39829,-33.88133,487.68 18.39745,-33.88165,495.3 18.39666,-33.88197,502.92 18.39592,-33.8823,502.92 18.39504,-33.88266,510.54 18.39432,-33.883,518.1600000000001 18.39363,-33.8833,518.1600000000001 18.39277,-33.8837,525.78 18.39209,-33.88407,525.78 18.39128,-33.88449,533.4 18.39048,-33.88496,533.4 18.38974,-33.88537,541.02 18.3891,-33.88573,548.64 18.38825,-33.88618,556.26 18.38736,-33.88655,556.26 18.38642,-33.88677,563.88 18.38568,-33.88682,571.5 18.38493,-33.88672,579.12 18.38394,-33.88628,594.36 18.38338,-33.88568,601.98 18.38315,-33.88495,609.6 18.38316,-33.88449,617.22 18.3836,-33.88371,617.22 18.38416,-33.8833,624.84 18.38478,-33.88303,624.84 18.38556,-33.88289,624.84 18.38654,-33.88295,624.84 18.38736,-33.88316,632.46 18.38814,-33.88362,632.46 18.38865,-33.88412,632.46 18.3891,-33.88509,632.46 18.38923,-33.88589,632.46 18.38921,-33.88646,640.08 18.38894,-33.88737,640.08 18.3886,-33.88803,640.08 18.38825,-33.88858,640.08 18.38757,-33.88942,640.08 18.38682,-33.89017,640.08 18.38619,-33.89077,640.08 18.38551,-33.8914,647.7 18.38472,-33.89204,655.32 18.38413,-33.89264,655.32 18.38355,-33.89314,662.94 18.38276,-33.89388,662.94 18.38214,-33.89442,670.5600000000001 18.38156,-33.89501,670.5600000000001 18.38087,-33.89566,678.1800000000001 18.38024,-33.89631,678.1800000000001 18.37961,-33.89697,685.8000000000001 18.37904,-33.89753,685.8000000000001 18.37835,-33.89827,693.4200000000001 18.37784,-33.89874,693.4200000000001 18.37721,-33.89941,693.4200000000001 18.37671,-33.90001,701.0400000000001 18.37592,-33.90079,708.6600000000001 18.37526,-33.90153,708.6600000000001 18.37469,-33.90213,716.2800000000001 18.37418,-33.90269,716.2800000000001 18.37343,-33.90343,716.2800000000001 18.37292,-33.90404,723.9000000000001 18.37239,-33.90459,723.9000000000001 18.37189,-33.90518,723.9000000000001 18.37116,-33.90601,723.9000000000001 18.37069,-33.90665,723.9000000000001 18.37006,-33.90739,723.9000000000001 18.36948,-33.90816,723.9000000000001 18.36891,-33.90884,723.9000000000001 18.36841,-33.90958,723.9000000000001 18.36785,-33.91026,723.9000000000001 18.36737,-33.91093,716.2800000000001 18.36673,-33.91177,716.2800000000001 18.36617,-33.91261,708.6600000000001 18.36548,-33.91359,708.6600000000001 18.36496,-33.91428,708.6600000000001 18.36433,-33.91526,701.0400000000001 18.3637,-33.91619,701.0400000000001 18.36296,-33.91731,701.0400000000001 18.36241,-33.91814,701.0400000000001 18.36187,-33.91903,701.0400000000001 18.36124,-33.91991,701.0400000000001 18.36073,-33.92075,701.0400000000001 18.36021,-33.92159,693.4200000000001 18.35972,-33.9223,693.4200000000001 18.35759,-33.92551,685.8000000000001 18.35597,-33.92798,678.1800000000001 18.3549,-33.92967,670.5600000000001 18.3544,-33.93068,670.5600000000001 18.35392,-33.93155,670.5600000000001 18.35358,-33.9323,662.94 18.35312,-33.93328,662.94 18.35266,-33.93421,662.94 18.35233,-33.93494,670.5600000000001 18.35186,-33.93593,662.94 18.35148,-33.93681,670.5600000000001 18.35115,-33.93759,662.94 18.35076,-33.93855,662.94 18.35042,-33.93947,662.94 18.35003,-33.94052,662.94 18.34969,-33.9413,662.94 18.34935,-33.94226,662.94 18.34894,-33.94324,662.94 18.34866,-33.94408,662.94 18.34848,-33.94463,670.5600000000001 18.34814,-33.94556,670.5600000000001 18.3479,-33.94638,670.5600000000001 18.34757,-33.94724,670.5600000000001 18.34734,-33.94798,678.1800000000001 18.34706,-33.9489,685.8000000000001 18.34682,-33.94962,685.8000000000001 18.3466,-33.95041,693.4200000000001 18.34637,-33.95111,701.0400000000001 18.34614,-33.9519,701.0400000000001 18.34593,-33.95261,708.6600000000001 18.34568,-33.95343,716.2800000000001 18.34545,-33.95418,723.9000000000001 18.34526,-33.95485,731.52 18.34511,-33.95562,739.14 18.34492,-33.95627,739.14 18.3447,-33.95709,754.38 18.34448,-33.95787,762 18.34431,-33.95842,762 18.34397,-33.95961,777.24 18.34369,-33.96057,784.86 18.34259,-33.96489,822.96 18.34173,-33.968,838.2 18.34087,-33.97075,861.0600000000001 18.34016,-33.97298,861.0600000000001 18.33971,-33.9744,883.9200000000001 18.3395,-33.97508,891.5400000000001 18.33933,-33.97569,899.1600000000001 18.33859,-33.97829,922.0200000000001 18.33836,-33.97918,929.6400000000001 18.33818,-33.98006,937.26 18.33801,-33.98076,937.26 18.33775,-33.98186,952.5 18.33758,-33.98264,952.5 18.33736,-33.98355,952.5 18.33719,-33.98442,960.12 18.33704,-33.98518,960.12 18.3368,-33.98616,960.12 18.33624,-33.98923,960.12 18.33573,-33.99193,960.12 18.33498,-33.99584,960.12 18.33452,-33.99878,960.12 18.33388,-34.00273,944.88 18.3336,-34.00557,937.26 18.33355,-34.0065,937.26 18.33349,-34.0074,937.26 18.33349,-34.00832,937.26 18.33355,-34.00941,929.6400000000001 18.33355,-34.01032,929.6400000000001 18.3336,-34.01111,929.6400000000001 18.33372,-34.01195,922.0200000000001 18.33378,-34.01274,922.0200000000001 18.33384,-34.01353,914.4000000000001 18.334,-34.0145,914.4000000000001 18.33411,-34.01559,906.7800000000001 18.33424,-34.01619,906.7800000000001 18.33441,-34.01716,899.1600000000001 18.33461,-34.01811,899.1600000000001 18.33475,-34.01893,891.5400000000001 18.33498,-34.01977,891.5400000000001 18.33515,-34.0207,883.9200000000001 18.33534,-34.02155,876.3000000000001 18.33555,-34.02238,876.3000000000001 18.33578,-34.02331,868.6800000000001 18.33595,-34.0241,868.6800000000001 18.33612,-34.02485,861.0600000000001 18.33641,-34.02578,853.44 18.33664,-34.02662,853.44 18.33687,-34.02759,845.82 18.33715,-34.02852,838.2 18.3379,-34.03113,822.96 18.33881,-34.03444,807.72 18.3395,-34.03714,807.72 18.34039,-34.04031,800.1 18.34117,-34.04297,784.86 18.34134,-34.0437,769.62 18.34156,-34.04453,769.62 18.34201,-34.04626,769.62 18.34219,-34.0471,762 18.34235,-34.0481,762 18.34252,-34.0491,762 18.34259,-34.04989,754.38 18.34263,-34.05084,754.38 18.34265,-34.05185,746.76 18.34265,-34.05264,746.76 18.34257,-34.05354,739.14 18.34242,-34.0545,739.14 18.34229,-34.05533,739.14 18.34218,-34.0562,739.14 18.34201,-34.05702,731.52 18.3419,-34.0578,723.9000000000001 18.34173,-34.05859,731.52 18.34156,-34.05954,723.9000000000001 18.34134,-34.06059,723.9000000000001 18.3411,-34.06157,723.9000000000001 18.34095,-34.06247,731.52 18.34078,-34.06325,731.52 18.34053,-34.06432,723.9000000000001 18.34033,-34.06522,716.2800000000001 18.34016,-34.06613,723.9000000000001 18.33966,-34.06865,723.9000000000001 18.33927,-34.07126,731.52 18.33915,-34.07227,723.9000000000001 18.3391,-34.073,723.9000000000001 18.33904,-34.07391,723.9000000000001 18.33898,-34.0746,723.9000000000001 18.33893,-34.07547,723.9000000000001 18.33887,-34.07639,723.9000000000001 18.33887,-34.07716,731.52 18.33887,-34.07808,731.52 18.33887,-34.07908,731.52 18.33893,-34.07996,739.14 18.33893,-34.08105,739.14 18.33887,-34.08179,746.76 18.33882,-34.08279,754.38 18.33864,-34.08364,762 18.33831,-34.08472,784.86 18.33796,-34.0855,784.86 18.33742,-34.08627,792.48 18.33704,-34.08676,800.1 18.33618,-34.08751,800.1 18.33529,-34.0881,807.72 18.33412,-34.08853,822.96 18.33293,-34.08875,830.58 18.33189,-34.08871,838.2 18.33086,-34.08853,845.82 18.33,-34.08815,845.82 18.32909,-34.0876,861.0600000000001 18.32851,-34.08699,861.0600000000001 18.328,-34.08614,876.3000000000001 18.32777,-34.08536,876.3000000000001 18.32788,-34.08462,876.3000000000001 18.32828,-34.08376,883.9200000000001 18.32878,-34.08334,883.9200000000001 18.32951,-34.08298,883.9200000000001 18.33018,-34.08289,883.9200000000001 18.33102,-34.08293,891.5400000000001 18.3316,-34.08308,883.9200000000001 18.33246,-34.08336,891.5400000000001 18.33303,-34.08364,891.5400000000001 18.33378,-34.08411,891.5400000000001 18.33452,-34.08462,891.5400000000001 18.33512,-34.08508,899.1600000000001 18.33572,-34.08564,899.1600000000001 18.33646,-34.08627,891.5400000000001 18.33715,-34.0869,899.1600000000001 18.33769,-34.08742,891.5400000000001 18.33848,-34.08806,906.7800000000001 18.3391,-34.08862,906.7800000000001 18.33988,-34.08925,906.7800000000001 18.34059,-34.08992,899.1600000000001 18.34122,-34.09044,899.1600000000001 18.34196,-34.09104,899.1600000000001 18.34259,-34.09155,899.1600000000001 18.34328,-34.09207,891.5400000000001 18.34402,-34.09262,906.7800000000001 18.34459,-34.093,899.1600000000001 18.34549,-34.0936,899.1600000000001 18.34605,-34.09392,899.1600000000001 18.34694,-34.09451,899.1600000000001 18.3478,-34.09505,883.9200000000001 18.34857,-34.09547,891.5400000000001 18.34935,-34.09589,891.5400000000001 18.35009,-34.0963,891.5400000000001 18.35083,-34.09668,883.9200000000001 18.35157,-34.09709,883.9200000000001 18.35261,-34.09763,876.3000000000001 18.35345,-34.09804,876.3000000000001 18.35421,-34.0984,883.9200000000001 18.35541,-34.09896,883.9200000000001 18.35636,-34.09937,891.5400000000001 18.3573,-34.09979,883.9200000000001 18.35821,-34.10023,876.3000000000001 18.35901,-34.10059,868.6800000000001 18.36017,-34.10106,868.6800000000001 18.36096,-34.10143,868.6800000000001 18.3621,-34.10189,853.44 18.36303,-34.10229,845.82 18.36388,-34.10263,838.2 18.36508,-34.10315,830.58 18.36623,-34.10362,822.96 18.36942,-34.10495,815.34 18.37323,-34.10655,792.48 18.37646,-34.10789,769.62 18.38053,-34.10971,746.76 18.38349,-34.11104,739.14 18.38659,-34.11246,731.52 18.3898,-34.1139,723.9000000000001 18.3928,-34.11525,716.2800000000001 18.39655,-34.11685,708.6600000000001 18.39958,-34.11823,693.4200000000001 18.40148,-34.11905,685.8000000000001 18.40255,-34.11951,678.1800000000001 18.40342,-34.1199,685.8000000000001 18.40456,-34.12041,678.1800000000001 18.40525,-34.1207,678.1800000000001 18.40647,-34.1212,670.5600000000001 18.40731,-34.12158,678.1800000000001 18.40815,-34.12189,670.5600000000001 18.40925,-34.12233,670.5600000000001 18.41017,-34.12267,670.5600000000001 18.41118,-34.12308,662.94 18.41213,-34.12344,662.94 18.41303,-34.12381,662.94 18.41423,-34.12428,662.94 18.41492,-34.12456,662.94 18.416,-34.12503,655.32 18.41679,-34.12532,655.32 18.41766,-34.12568,655.32 18.41863,-34.12605,647.7 18.41964,-34.12642,647.7 18.42052,-34.12675,647.7 18.42133,-34.12706,647.7 18.42245,-34.12747,640.08 18.42339,-34.12777,640.08 18.42447,-34.12811,640.08 18.42514,-34.1283,640.08 18.42626,-34.12862,640.08 18.42721,-34.12885,632.46 18.42833,-34.12907,632.46 18.42934,-34.1293,632.46 18.43046,-34.12949,624.84 18.43128,-34.12963,624.84 18.43225,-34.12977,624.84 18.43363,-34.12991,624.84 18.43456,-34.13004,624.84 18.43584,-34.13013,617.22 18.43713,-34.13017,617.22 18.43814,-34.13017,617.22 18.43966,-34.13017,617.22 18.44061,-34.1301,617.22 18.44158,-34.13005,624.84 18.44261,-34.13,624.84 18.44381,-34.12987,624.84 18.44501,-34.12973,624.84 18.44622,-34.12954,624.84 18.44702,-34.12935,624.84 18.44833,-34.12907,632.46 18.44931,-34.1288,632.46 18.45053,-34.12843,632.46 18.45165,-34.12801,632.46 18.45283,-34.12752,632.46 18.45378,-34.12706,632.46 18.45468,-34.12656,632.46 18.45591,-34.12587,632.46 18.45675,-34.12535,632.46 18.45782,-34.12463,640.08 18.45881,-34.12391,640.08 18.45972,-34.12317,640.08 18.46045,-34.12257,647.7 18.46149,-34.12167,647.7 18.4623,-34.12083,647.7 18.46298,-34.12014,655.32 18.46373,-34.1193,655.32 18.46449,-34.11832,655.32 18.46504,-34.11758,655.32 18.46573,-34.11655,655.32 18.46634,-34.11566,655.32 18.46706,-34.11438,655.32 18.46756,-34.11353,655.32 18.46819,-34.11227,655.32 18.46865,-34.11129,655.32 18.46905,-34.11036,655.32 18.46947,-34.1093,655.32 18.46992,-34.10811,655.32 18.47025,-34.10715,655.32 18.4706,-34.10587,655.32 18.47088,-34.10492,655.32 18.47116,-34.10366,655.32 18.47138,-34.10257,655.32 18.47157,-34.10147,647.7 18.47172,-34.10028,647.7 18.47185,-34.09928,647.7 18.47197,-34.09789,647.7 18.47202,-34.09686,647.7 18.47208,-34.09579,647.7 18.47214,-34.09472,640.08 18.47214,-34.09332,640.08 18.47217,-34.0925,640.08 18.47217,-34.09131,632.46 18.47214,-34.08983,632.46 18.47211,-34.08879,624.84 18.47211,-34.08746,617.22 18.47202,-34.08629,617.22 18.472,-34.08495,609.6 18.47191,-34.08378,609.6 18.47185,-34.08257,601.98 18.47177,-34.08151,601.98 18.47166,-34.08018,594.36 18.47157,-34.0788,594.36 18.47151,-34.07768,586.74 18.47139,-34.07656,579.12 18.47132,-34.07529,579.12 18.47105,-34.07144,571.5 18.47065,-34.0665,556.26 18.47042,-34.0632,548.64 18.47008,-34.05822,541.02 18.46987,-34.05469,541.02 18.46968,-34.05115,533.4 18.46951,-34.04644,525.78 18.46942,-34.04315,518.1600000000001 18.46942,-34.03844,518.1600000000001 18.46947,-34.03368,518.1600000000001 18.46962,-34.03029,518.1600000000001 18.46979,-34.02689,510.54 18.46987,-34.02544,502.92 18.46991,-34.02443,502.92 18.47004,-34.0231,495.3 18.47008,-34.02191,495.3 18.47019,-34.02047,502.92 18.47048,-34.01712,502.92 18.47054,-34.01591,495.3 18.47088,-34.01234,495.3 18.47122,-34.00799,495.3 18.47155,-34.00429,487.68 18.47191,-34.00064,480.06 18.47222,-33.99738,480.06 18.47271,-33.99366,480.06 18.47351,-33.98891,495.3 18.47374,-33.98776,495.3 18.47396,-33.98676,502.92 18.4742,-33.98565,502.92 18.47446,-33.98451,502.92 18.47471,-33.98351,510.54 18.475,-33.9823,510.54 18.4753,-33.98103,510.54 18.47558,-33.97998,502.92 18.47586,-33.97888,502.92 18.47609,-33.97783,495.3 18.47643,-33.97657,502.92 18.4776,-33.97197,487.68 18.47867,-33.96748,480.06 18.47946,-33.96432,472.44 18.48041,-33.95984,457.20000000000005 18.48097,-33.95641,441.96000000000004 18.48106,-33.95511,441.96000000000004 18.48118,-33.95409,441.96000000000004 18.48118,-33.95301,434.34000000000003 18.48119,-33.95169,434.34000000000003 18.48113,-33.95087,434.34000000000003 18.48108,-33.94958,434.34000000000003 18.48102,-33.94839,434.34000000000003 18.48085,-33.94702,426.72 18.48074,-33.94588,426.72 18.48057,-33.94487,426.72 18.48032,-33.94357,426.72 18.48007,-33.94249,426.72 18.47975,-33.94119,419.1 18.47951,-33.94016,419.1 18.47923,-33.93924,419.1 18.47889,-33.93816,419.1 18.47832,-33.93672,419.1 18.4778,-33.93556,411.48 18.47752,-33.93486,411.48 18.47687,-33.93347,411.48 18.47643,-33.93256,411.48 18.47574,-33.93127,411.48 18.47528,-33.93034,411.48 18.4746,-33.92923,403.86 18.47396,-33.92821,403.86 18.4734,-33.92729,396.24 18.47261,-33.92615,403.86 18.47185,-33.92504,403.86 18.47116,-33.92409,403.86 18.47054,-33.92327,396.24 18.46964,-33.92216,396.24 18.46903,-33.92139,403.86 18.46824,-33.92043,403.86 18.46734,-33.91942,403.86 18.46659,-33.91852,403.86 18.46589,-33.91768,403.86 18.46499,-33.91667,396.24 18.46398,-33.91557,388.62 18.46325,-33.91475,388.62 18.46236,-33.91383,388.62 18.46155,-33.91298,381 18.46079,-33.91219,381 18.45967,-33.91104,373.38 18.45869,-33.91005,365.76 18.45789,-33.90921,373.38 18.45726,-33.90856,365.76 18.45629,-33.90758,373.38 18.45552,-33.90669,373.38 18.45474,-33.9059,373.38 18.45367,-33.90468,365.76 18.45285,-33.90376,365.76 18.45204,-33.9028,373.38 18.45131,-33.90193,381 18.45042,-33.90083,381 18.44965,-33.8999,373.38 18.44902,-33.89915,373.38 18.44816,-33.89817,381 18.44733,-33.89713,373.38 18.44662,-33.89627,373.38 18.44582,-33.89529,365.76 18.44448,-33.89369,358.14000000000004 18.44233,-33.8911,358.14000000000004 18.44021,-33.88845,358.14000000000004 18.43958,-33.8877,350.52000000000004 18.4387,-33.88678,350.52000000000004 18.43786,-33.88596,350.52000000000004 18.43695,-33.88514,342.90000000000003 18.43603,-33.88444,335.28000000000003 18.43506,-33.88376,335.28000000000003 18.43394,-33.88312,327.66 18.43299,-33.88266,320.04 18.43214,-33.88229,312.42 18.43102,-33.88193,304.8 18.43007,-33.8817,297.18 18.42884,-33.88152,281.94 18.42788,-33.88152,274.32 18.42676,-33.88156,266.7 18.42562,-33.88174,259.08000000000004 18.42447,-33.88207,251.46 18.42368,-33.88239,243.84 18.42262,-33.88289,243.84 18.42173,-33.88346,236.22 18.42099,-33.88412,228.60000000000002 18.42032,-33.88509,220.98000000000002 18.42004,-33.88573,213.36 18.41981,-33.88651,205.74 18.41978,-33.88724,198.12 18.41981,-33.88802,190.5 18.42001,-33.88877,182.88 18.42035,-33.88956,175.26000000000002 18.4207,-33.89022,167.64000000000001 18.42104,-33.89077,167.64000000000001 18.42149,-33.89145,152.4 18.4219,-33.89203,144.78 18.42224,-33.89254,137.16 18.42267,-33.8931,129.54000000000002 18.42304,-33.89366,114.30000000000001 18.42356,-33.89431,106.68 18.42396,-33.89493,99.06 18.4243,-33.89538,91.44 18.4247,-33.89594,76.2 18.42505,-33.89645,68.58 18.42539,-33.89701,53.34 18.4257,-33.89745,45.72 18.42598,-33.8979,38.1 18.42625,-33.89836,30.48 18.42648,-33.89869,30.48 18.42665,-33.89897,22.86 18.42682,-33.89919,22.86 18.42693,-33.89952,15.24 18.42704,-33.89978,7.62 18.4271,-33.90001,0 18.4271,-33.90032,0 18.4271,-33.90056,0 18.42722,-33.90083,0 18.42743,-33.90092,0 18.42762,-33.90115,0 18.42816,-33.90157,7.62 18.42848,-33.90176,7.62 18.42872,-33.90184,15.24 18.42895,-33.90193,22.86 18.42928,-33.90199,30.48 18.42951,-33.90208,30.48 18.43001,-33.90216,38.1 18.43071,-33.90223,53.34 18.43145,-33.90227,60.96 18.43203,-33.90225,68.58 18.43287,-33.90216,76.2 18.4336,-33.90198,83.82000000000001 18.43426,-33.90185,91.44 18.43506,-33.90157,99.06 18.43575,-33.90129,114.30000000000001 18.43657,-33.90088,121.92 18.43718,-33.90055,129.54000000000002 18.43792,-33.89994,144.78 18.43855,-33.89934,152.4 18.43893,-33.89886,167.64000000000001 18.43946,-33.89808,167.64000000000001 18.43981,-33.89729,175.26000000000002 18.44005,-33.89653,175.26000000000002 18.44022,-33.89557,190.5 18.44032,-33.89482,198.12 18.44033,-33.89406,205.74 18.44027,-33.89305,213.36 18.44015,-33.89231,213.36 18.43999,-33.89163,220.98000000000002 18.43975,-33.89068,236.22 18.43949,-33.88994,243.84 18.43915,-33.88907,251.46 18.43881,-33.88829,251.46 18.43843,-33.88756,266.7 18.43803,-33.88683,274.32 18.43758,-33.88617,281.94 18.43713,-33.88554,281.94 18.43663,-33.88495,289.56 18.43592,-33.88421,297.18 18.43528,-33.88367,297.18 18.43449,-33.88305,304.8 18.43377,-33.88257,312.42 18.43283,-33.88207,320.04 18.43185,-33.8816,327.66 18.43097,-33.88124,327.66 18.43024,-33.88101,335.28000000000003 18.42906,-33.88065,335.28000000000003 18.42831,-33.88049,342.90000000000003 18.42721,-33.88023,350.52000000000004 18.42619,-33.88007,350.52000000000004 18.4255,-33.87997,350.52000000000004 18.42436,-33.87988,358.14000000000004 18.42312,-33.87978,365.76 18.42222,-33.87973,365.76 18.42138,-33.8797,373.38 18.42026,-33.87964,373.38 18.41914,-33.87964,381 18.41808,-33.87964,388.62 18.41684,-33.87968,403.86 18.41486,-33.87979,419.1 18.4132,-33.87997,426.72 18.41213,-33.8801,434.34000000000003 18.41114,-33.88021,434.34000000000003 18.41028,-33.88034,441.96000000000004 18.40937,-33.88053,441.96000000000004 18.40827,-33.88074,449.58000000000004 18.40731,-33.88095,457.20000000000005 18.40636,-33.88115,464.82000000000005 18.40576,-33.88132,464.82000000000005 18.40468,-33.88156,472.44 18.40387,-33.88179,480.06 18.40307,-33.88202,480.06 18.40199,-33.8823,487.68 18.40115,-33.88257,495.3 18.40053,-33.88275,502.92 18.39958,-33.88305,510.54 18.39868,-33.88335,518.1600000000001 18.39778,-33.88371,525.78 18.39678,-33.88412,533.4 18.39603,-33.88444,541.02 18.39526,-33.88477,548.64 18.39443,-33.88514,548.64 18.3934,-33.88565,556.26 18.39263,-33.88609,563.88 18.39174,-33.88659,571.5 18.39111,-33.88696,571.5 18.39014,-33.88756,579.12 18.38943,-33.88802,586.74 18.38877,-33.88845,594.36 18.38792,-33.88902,601.98 18.38708,-33.88966,609.6 18.38629,-33.89021,609.6 18.38562,-33.89073,617.22 18.38505,-33.89119,624.84 18.38422,-33.89182,632.46 18.3836,-33.89232,632.46 18.38299,-33.89282,640.08 18.38237,-33.89337,647.7 18.38147,-33.89415,655.32 18.38081,-33.89468,662.94 18.38007,-33.89534,670.5600000000001 18.37951,-33.89584,670.5600000000001 18.37884,-33.89648,678.1800000000001 18.3783,-33.89706,685.8000000000001 18.37772,-33.89757,693.4200000000001 18.37704,-33.89827,701.0400000000001 18.37648,-33.89882,708.6600000000001 18.37595,-33.89939,716.2800000000001 18.37525,-33.9001,723.9000000000001 18.37475,-33.90065,731.52 18.37412,-33.90129,739.14 18.37366,-33.90185,746.76 18.37326,-33.90227,746.76 18.37267,-33.90294,762 18.37223,-33.90348,762 18.37172,-33.90404,769.62 18.37114,-33.90469,777.24 18.37071,-33.90523,784.86 18.37017,-33.90586,792.48 18.3696,-33.90651,800.1 18.36808,-33.90834,822.96 18.36668,-33.91014,838.2 18.36496,-33.91237,853.44 18.36359,-33.91429,868.6800000000001 18.36314,-33.91498,868.6800000000001 18.36267,-33.91573,876.3000000000001 18.36236,-33.91626,876.3000000000001 18.36185,-33.91708,876.3000000000001 18.36135,-33.918,883.9200000000001 18.3609,-33.91873,883.9200000000001 18.36057,-33.91942,891.5400000000001 18.36023,-33.91992,891.5400000000001 18.35987,-33.92066,899.1600000000001 18.35939,-33.92152,906.7800000000001 18.35894,-33.92235,914.4000000000001 18.35861,-33.92299,914.4000000000001 18.35827,-33.92369,922.0200000000001 18.35787,-33.92439,922.0200000000001 18.35743,-33.92528,929.6400000000001 18.35709,-33.92596,937.26 18.35661,-33.92685,937.26 18.35546,-33.92927,960.12 18.35426,-33.93193,967.74 18.35333,-33.9342,982.98 18.353,-33.93494,982.98 18.35197,-33.93751,998.22 18.351,-33.93989,998.22 18.34969,-33.94319,1013.46 18.3486,-33.94603,1021.08 18.34757,-33.94864,1028.7 18.34654,-33.95097,1036.3200000000002 18.34538,-33.95366,1051.56 18.3442,-33.95631,1066.8 18.34299,-33.95888,1082.04 18.34184,-33.96144,1097.28 18.3407,-33.96395,1104.9 18.33967,-33.96647,1120.14 18.3387,-33.9688,1135.38 18.33738,-33.97196,1150.6200000000001 18.33646,-33.97444,1165.8600000000001 18.33618,-33.97531,1165.8600000000001 18.33596,-33.97604,1173.48 18.33549,-33.97755,1188.72 18.33521,-33.97866,1188.72 18.335,-33.97952,1196.3400000000001 18.33475,-33.98043,1196.3400000000001 18.33456,-33.98122,1196.3400000000001 18.33441,-33.98197,1196.3400000000001 18.33418,-33.98295,1188.72 18.334,-33.98373,1188.72 18.33383,-33.98451,1181.1000000000001 18.3336,-33.98552,1181.1000000000001 18.33344,-33.98639,1173.48 18.33326,-33.98737,1165.8600000000001 18.3331,-33.98822,1165.8600000000001 18.33258,-33.99114,1150.6200000000001 18.33241,-33.99226,1150.6200000000001 18.33235,-33.99295,1143 18.33218,-33.99426,1143 18.332,-33.99556,1143 18.33192,-33.99655,1143 18.33181,-33.99738,1143 18.33172,-33.99826,1143 18.33166,-33.99929,1143 18.3316,-34.00017,1143 18.33158,-34.00113,1143 18.33158,-34.00191,1143 18.33158,-34.00296,1135.38 18.33166,-34.00371,1143 18.33172,-34.00446,1143 18.33181,-34.00543,1143 18.33189,-34.00627,1135.38 18.33203,-34.00731,1135.38 18.33215,-34.00809,1135.38 18.33237,-34.00923,1127.76 18.33252,-34.01004,1127.76 18.33271,-34.01088,1127.76 18.33292,-34.01158,1127.76 18.33321,-34.01255,1120.14 18.33344,-34.0133,1120.14 18.33383,-34.01431,1120.14 18.33412,-34.01516,1112.52 18.3345,-34.01601,1112.52 18.33487,-34.0167,1112.52 18.33532,-34.01763,1104.9 18.33562,-34.01834,1104.9 18.33607,-34.01912,1097.28 18.33646,-34.01994,1089.66 18.33691,-34.02081,1089.66 18.33727,-34.02149,1089.66 18.33767,-34.02238,1082.04 18.33801,-34.02312,1074.42 18.33837,-34.02388,1074.42 18.33882,-34.02493,1066.8 18.33916,-34.02587,1059.18 18.33938,-34.02654,1051.56 18.33973,-34.02755,1043.94 18.33996,-34.02834,1043.94 18.34019,-34.02908,1036.3200000000002 18.34047,-34.03011,1028.7 18.34067,-34.03088,1021.08 18.34089,-34.0318,1013.46 18.34105,-34.03271,1005.84 18.34122,-34.03341,998.22 18.34139,-34.03434,990.6 18.34156,-34.03509,990.6 18.34167,-34.03579,982.98 18.34185,-34.03672,975.36 18.34202,-34.03751,967.74 18.34235,-34.03944,952.5 18.34246,-34.03999,952.5 18.34285,-34.0426,929.6400000000001 18.34311,-34.04477,914.4000000000001 18.34316,-34.0457,914.4000000000001 18.34328,-34.04644,906.7800000000001 18.3433,-34.04727,906.7800000000001 18.34339,-34.04812,899.1600000000001 18.34347,-34.04892,899.1600000000001 18.34352,-34.04974,891.5400000000001 18.34356,-34.05059,891.5400000000001 18.34356,-34.05152,883.9200000000001 18.34358,-34.05226,876.3000000000001 18.34364,-34.05299,876.3000000000001 18.34362,-34.05366,876.3000000000001 18.34362,-34.0545,868.6800000000001 18.34362,-34.05534,868.6800000000001 18.34362,-34.05594,861.0600000000001 18.34362,-34.05678,861.0600000000001 18.34364,-34.05748,861.0600000000001 18.34364,-34.0584,853.44 18.34362,-34.05906,853.44 18.34364,-34.05991,853.44 18.34358,-34.06068,853.44 18.34358,-34.06151,853.44 18.34352,-34.06233,853.44 18.34352,-34.06302,845.82 18.34345,-34.06381,845.82 18.34341,-34.06453,838.2 18.3433,-34.06682,845.82 18.34322,-34.06767,838.2 18.34305,-34.07019,830.58 18.34288,-34.07237,822.96 18.34265,-34.07494,815.34 18.34263,-34.07643,815.34 18.34257,-34.07735,815.34 18.34263,-34.07803,815.34 18.34265,-34.07889,807.72 18.34263,-34.07964,800.1 18.34268,-34.08064,807.72 18.34268,-34.08133,807.72 18.34274,-34.08202,800.1 18.34276,-34.08271,800.1 18.3428,-34.08353,792.48 18.34285,-34.08408,792.48 18.34299,-34.08494,784.86 18.34319,-34.08568,784.86 18.34347,-34.08641,777.24 18.34375,-34.08719,777.24 18.34396,-34.08774,777.24 18.34437,-34.08847,777.24 18.34471,-34.08908,777.24 18.34517,-34.08974,777.24 18.34551,-34.09025,769.62 18.34599,-34.09094,762 18.34648,-34.09155,754.38 18.34694,-34.09207,746.76 18.3474,-34.09262,739.14 18.34791,-34.09309,731.52 18.34848,-34.0936,731.52 18.34911,-34.09416,723.9000000000001 18.34963,-34.09458,723.9000000000001 18.35032,-34.09509,723.9000000000001 18.35089,-34.09551,716.2800000000001 18.3516,-34.09598,716.2800000000001 18.35221,-34.09634,708.6600000000001 18.35295,-34.09677,708.6600000000001 18.35358,-34.09714,701.0400000000001 18.35423,-34.09758,693.4200000000001 18.35485,-34.09795,693.4200000000001 18.35564,-34.0984,685.8000000000001 18.35632,-34.09877,685.8000000000001 18.35707,-34.09924,678.1800000000001 18.35775,-34.09961,670.5600000000001 18.3585,-34.09998,662.94 18.35924,-34.10044,655.32 18.35984,-34.10074,655.32 18.36073,-34.10115,640.08 18.36129,-34.10143,647.7 18.36219,-34.10184,640.08 18.36296,-34.10217,647.7 18.36359,-34.10248,647.7 18.36454,-34.10284,632.46 18.3651,-34.10307,632.46 18.36595,-34.10344,640.08 18.36685,-34.1038,640.08 18.36774,-34.10417,640.08 18.36847,-34.10449,647.7 18.36926,-34.10482,647.7 18.37009,-34.10518,647.7 18.3708,-34.10547,647.7 18.37155,-34.10577,655.32 18.37229,-34.10608,655.32 18.37312,-34.10641,655.32 18.374,-34.10678,662.94 18.37469,-34.10706,662.94 18.37566,-34.10743,662.94 18.37643,-34.10779,662.94 18.37744,-34.1082,678.1800000000001 18.37812,-34.1085,678.1800000000001 18.37912,-34.10893,678.1800000000001 18.3799,-34.10925,685.8000000000001 18.38081,-34.10962,685.8000000000001 18.38179,-34.11008,685.8000000000001 18.38259,-34.1104,685.8000000000001 18.38362,-34.11087,693.4200000000001 18.38461,-34.11131,678.1800000000001 18.38523,-34.11159,678.1800000000001 18.38629,-34.11209,678.1800000000001 18.38717,-34.1125,670.5600000000001 18.38797,-34.11287,678.1800000000001 18.38898,-34.11333,670.5600000000001 18.38977,-34.11369,678.1800000000001 18.39072,-34.11411,670.5600000000001 18.39156,-34.11447,678.1800000000001 18.3942,-34.11571,670.5600000000001 18.39509,-34.11612,670.5600000000001 18.39609,-34.1166,670.5600000000001 18.39689,-34.11697,670.5600000000001 18.39862,-34.11777,670.5600000000001 18.40055,-34.1186,655.32 18.40148,-34.11905,655.32 18.40249,-34.11946,655.32 18.4035,-34.11987,655.32 18.40445,-34.12024,655.32 18.40529,-34.12061,647.7 18.40805,-34.12177,647.7 18.41108,-34.12302,647.7 18.41398,-34.12418,647.7 18.41801,-34.12577,647.7 18.42218,-34.12735,640.08 18.42545,-34.12852,640.08 18.42962,-34.12991,632.46 18.43304,-34.13095,640.08 18.43391,-34.13117,640.08 18.43511,-34.1315,647.7 18.43618,-34.13173,647.7 18.43712,-34.13192,647.7 18.43826,-34.1321,647.7 18.43932,-34.13228,655.32 18.44033,-34.13237,655.32 18.44162,-34.13246,655.32 18.44267,-34.13243,662.94 18.44375,-34.13242,662.94 18.44456,-34.13233,662.94 18.44582,-34.13223,670.5600000000001 18.44707,-34.13201,670.5600000000001 18.44812,-34.13182,670.5600000000001 18.44941,-34.1315,670.5600000000001 18.45039,-34.13117,670.5600000000001 18.45154,-34.13075,670.5600000000001 18.45251,-34.13028,670.5600000000001 18.45371,-34.12968,662.94 18.45479,-34.12903,662.94 18.45566,-34.12852,662.94 18.45669,-34.12777,662.94 18.4576,-34.12712,662.94 18.45846,-34.12651,655.32 18.45943,-34.12572,655.32 18.46034,-34.12505,655.32 18.46127,-34.12423,655.32 18.46207,-34.12358,655.32 18.46304,-34.12265,655.32 18.46381,-34.12198,647.7 18.46482,-34.12106,647.7 18.46579,-34.12018,647.7 18.46656,-34.11951,640.08 18.46762,-34.11851,632.46 18.46853,-34.11762,632.46 18.46925,-34.1169,624.84 18.4702,-34.11589,624.84 18.47099,-34.11497,624.84 18.47162,-34.11413,624.84 18.47237,-34.11301,624.84 18.47295,-34.11209,624.84 18.4734,-34.11118,624.84 18.47385,-34.11026,624.84 18.47429,-34.10934,617.22 18.47474,-34.10815,617.22 18.47502,-34.10719,609.6 18.47528,-34.10622,617.22 18.47557,-34.10492,609.6 18.47569,-34.10389,601.98 18.47575,-34.10284,601.98 18.47581,-34.10161,601.98 18.47581,-34.10033,594.36 18.47575,-34.09927,594.36 18.47563,-34.09807,586.74 18.47547,-34.09676,586.74 18.47528,-34.09565,579.12 18.47508,-34.09433,579.12 18.47488,-34.093,571.5 18.47469,-34.09213,563.88 18.47443,-34.09072,563.88 18.47424,-34.08961,556.26 18.47403,-34.08857,556.26 18.47374,-34.08722,556.26 18.47357,-34.08615,548.64 18.47334,-34.08504,548.64 18.47305,-34.08378,541.02 18.47233,-34.08009,533.4 18.47149,-34.07542,518.1600000000001 18.47088,-34.07172,510.54 18.47036,-34.06772,502.92 18.46996,-34.06432,502.92 18.46973,-34.06171,495.3 18.46964,-34.06059,495.3 18.46959,-34.05949,495.3 18.46953,-34.05821,495.3 18.46947,-34.05679,495.3 18.46942,-34.05574,495.3 18.46939,-34.05459,487.68 18.46936,-34.05359,487.68 18.46931,-34.05222,480.06 18.46931,-34.05093,480.06 18.46928,-34.0498,480.06 18.46931,-34.04521,472.44 18.46933,-34.04025,472.44 18.46936,-34.03574,472.44 18.46942,-34.03239,480.06 18.46953,-34.02768,480.06 18.46973,-34.02298,480.06 18.46992,-34.02086,472.44 18.47004,-34.01967,472.44 18.47013,-34.01861,472.44 18.47048,-34.01532,472.44 18.47054,-34.01432,480.06 18.47071,-34.01297,472.44 18.47076,-34.01204,480.06 18.47088,-34.01106,480.06 18.47105,-34.00967,480.06 18.47145,-34.00599,472.44 18.47191,-34.00124,480.06 18.47237,-33.99668,472.44 18.47267,-33.9933,487.68 18.47346,-33.98831,487.68 18.47368,-33.98714,487.68 18.4739,-33.98607,487.68 18.47414,-33.98504,487.68 18.47435,-33.98405,495.3 18.47452,-33.98323,495.3 18.47486,-33.98172,495.3 18.47511,-33.98067,495.3 18.47536,-33.97948,495.3 18.47557,-33.97852,495.3 18.47575,-33.97755,487.68 18.47603,-33.97634,495.3 18.47626,-33.97522,487.68 18.4766,-33.97317,487.68 18.47676,-33.97229,487.68 18.47694,-33.97112,495.3 18.4771,-33.96982,495.3 18.47715,-33.96881,495.3 18.47721,-33.96758,487.68 18.47715,-33.96648,495.3 18.47712,-33.9654,502.92 18.47706,-33.96432,502.92 18.47694,-33.96339,502.92 18.47672,-33.96177,502.92 18.47654,-33.96074,495.3 18.47631,-33.9597,495.3 18.47603,-33.9586,495.3 18.47569,-33.95734,495.3 18.4753,-33.95609,495.3 18.47497,-33.95512,495.3 18.47458,-33.95384,495.3 18.47424,-33.95288,495.3 18.4739,-33.95192,487.68 18.47351,-33.95073,487.68 18.47312,-33.94972,487.68 18.47271,-33.94864,487.68 18.47239,-33.94762,480.06 18.47197,-33.94659,487.68 18.47157,-33.94543,480.06 18.47121,-33.9446,480.06 18.47065,-33.94336,480.06 18.47025,-33.94254,487.68 18.46964,-33.94139,495.3 18.4691,-33.94044,495.3 18.46835,-33.93933,510.54 18.46774,-33.93846,510.54 18.4669,-33.93736,525.78 18.46624,-33.93658,518.1600000000001 18.46538,-33.93553,518.1600000000001 18.46465,-33.93471,518.1600000000001 18.46376,-33.93375,510.54 18.46304,-33.933,510.54 18.46196,-33.93182,502.92 18.46124,-33.93105,510.54 18.46035,-33.93011,502.92 18.45961,-33.92932,495.3 18.45892,-33.92867,495.3 18.458,-33.92778,487.68 18.45731,-33.92706,487.68 18.45652,-33.92634,480.06 18.45574,-33.92564,472.44 18.45451,-33.92455,480.06 18.4536,-33.92373,472.44 18.45283,-33.92299,472.44 18.45187,-33.92216,472.44 18.45109,-33.92139,464.82000000000005 18.45028,-33.92061,472.44 18.44971,-33.92001,472.44 18.4489,-33.91914,472.44 18.44818,-33.91832,472.44 18.44765,-33.91773,464.82000000000005 18.44689,-33.91681,464.82000000000005 18.44627,-33.916,457.20000000000005 18.4457,-33.91521,464.82000000000005 18.44515,-33.91443,457.20000000000005 18.4445,-33.91344,472.44 18.44391,-33.91251,472.44 18.44335,-33.91173,472.44 18.44284,-33.91088,464.82000000000005 18.44233,-33.90991,472.44 18.44184,-33.90903,464.82000000000005 18.44134,-33.90807,464.82000000000005 18.44094,-33.9072,464.82000000000005 18.44049,-33.90618,464.82000000000005 18.44021,-33.90535,472.44 18.43988,-33.9044,472.44 18.43964,-33.90362,480.06 18.43935,-33.90269,480.06 18.43901,-33.90148,487.68 18.43884,-33.90064,487.68 18.43861,-33.89971,487.68 18.43837,-33.89859,487.68 18.4382,-33.89772,480.06 18.43803,-33.89669,480.06 18.43786,-33.8958,472.44 18.43775,-33.89493,464.82000000000005 18.43764,-33.89397,464.82000000000005 18.43752,-33.89305,449.58000000000004 18.4374,-33.89203,441.96000000000004 18.43736,-33.8909,434.34000000000003 18.43724,-33.89003,426.72 18.43719,-33.88889,403.86 18.43708,-33.8877,396.24 18.43689,-33.88682,388.62 18.43672,-33.88579,381 18.43629,-33.88463,373.38 18.43586,-33.88384,365.76 18.43545,-33.88316,358.14000000000004 18.43461,-33.88225,350.52000000000004 18.43386,-33.88169,335.28000000000003 18.43317,-33.88128,335.28000000000003 18.43214,-33.88081,320.04 18.43125,-33.8806,312.42 18.43002,-33.88053,304.8 18.42923,-33.8806,297.18 18.42825,-33.88086,281.94 18.42755,-33.88115,274.32 18.42659,-33.88174,259.08000000000004 18.42598,-33.88225,259.08000000000004 18.42536,-33.88284,243.84 18.42493,-33.88333,236.22 18.42447,-33.88393,220.98000000000002 18.4239,-33.88472,213.36 18.42346,-33.8855,198.12 18.42316,-33.88612,190.5 18.4229,-33.88683,182.88 18.42262,-33.8876,175.26000000000002 18.42245,-33.88834,167.64000000000001 18.42241,-33.88882,160.02 18.42233,-33.88971,144.78 18.4223,-33.8904,137.16 18.42239,-33.89122,129.54000000000002 18.42253,-33.89203,121.92 18.42267,-33.89268,121.92 18.4229,-33.89346,106.68 18.42316,-33.89413,106.68 18.42346,-33.89465,99.06 18.42373,-33.89515,91.44 18.42407,-33.89566,83.82000000000001 18.42447,-33.89621,76.2 18.42487,-33.89678,60.96 18.42519,-33.89717,60.96 18.4255,-33.89757,45.72 18.42581,-33.89795,45.72 18.42603,-33.89827,38.1 18.42626,-33.8985,30.48 18.42653,-33.89883,22.86 18.42671,-33.89905,22.86 18.42693,-33.89943,15.24 18.42704,-33.89969,7.62 18.4271,-33.89994,7.62 18.42715,-33.90028,0 18.4271,-33.90056,0 18.42715,-33.90079,0 18.42739,-33.90092,0 18.42733,-33.90064,0 18.42732,-33.90038,0 18.42739,-33.90013,0 18.42749,-33.89992,7.62 18.42756,-33.89971,7.62 18.42768,-33.89948,7.62 18.42777,-33.89928,15.24 18.42788,-33.89905,15.24 18.42802,-33.89883,22.86 18.42822,-33.8985,22.86 18.42833,-33.89822,30.48 18.42848,-33.89799,30.48 18.42861,-33.89777,38.1 18.42889,-33.89726,45.72 18.42929,-33.89662,53.34 18.42968,-33.89598,60.96 18.43008,-33.89534,68.58 18.43042,-33.89482,76.2 18.43074,-33.89424,83.82000000000001 18.43111,-33.89357,91.44 18.43147,-33.89296,91.44 18.4318,-33.8924,99.06 18.43225,-33.89161,99.06 18.43259,-33.89099,106.68 18.43311,-33.88993,114.30000000000001 18.43346,-33.88929,121.92 18.43388,-33.88834,121.92 18.43422,-33.88765,129.54000000000002 18.43461,-33.88678,144.78 18.43494,-33.88584,144.78 18.43517,-33.88504,152.4 18.43534,-33.88426,167.64000000000001 18.43539,-33.88353,175.26000000000002 18.43529,-33.88249,190.5 18.43517,-33.88179,198.12 18.43472,-33.88069,220.98000000000002 18.43422,-33.87991,228.60000000000002 18.43363,-33.87918,243.84 18.43294,-33.87848,251.46 18.43226,-33.87794,251.46 18.43158,-33.87749,266.7 18.43088,-33.87709,281.94 18.42974,-33.87658,274.32 18.42916,-33.87634,281.94 18.428,-33.87593,289.56 18.42715,-33.87566,297.18 18.42626,-33.87543,297.18 18.42545,-33.87527,304.8 18.42413,-33.87502,312.42 18.42299,-33.87485,320.04 18.42205,-33.87474,327.66 18.42081,-33.87462,327.66 18.4199,-33.87453,320.04 18.41875,-33.87444,335.28000000000003 18.41757,-33.87442,342.90000000000003 18.41618,-33.87444,350.52000000000004 18.41509,-33.87448,358.14000000000004 18.41406,-33.87457,365.76 18.41251,-33.87471,373.38 18.41148,-33.8749,381 18.41028,-33.87513,396.24 18.40931,-33.87537,396.24 18.40845,-33.8756,403.86 18.40748,-33.87588,411.48 18.40639,-33.8762,419.1 18.40552,-33.87648,419.1 18.40485,-33.87675,419.1 18.40376,-33.87713,426.72 18.403,-33.87744,434.34000000000003 18.40204,-33.87785,441.96000000000004 18.40118,-33.87825,449.58000000000004 18.40038,-33.87858,457.20000000000005 18.39935,-33.87909,464.82000000000005 18.39874,-33.87936,472.44 18.39784,-33.87982,480.06 18.39689,-33.88033,487.68 18.39593,-33.88087,487.68 18.39523,-33.88123,495.3 18.39426,-33.88179,502.92 18.39352,-33.88226,510.54 18.39266,-33.88272,518.1600000000001 18.39179,-33.88326,533.4 18.39106,-33.8837,533.4 18.39025,-33.88416,548.64 18.3896,-33.88463,556.26 18.38865,-33.88522,571.5 18.38803,-33.88564,571.5 18.38725,-33.88614,571.5 18.38663,-33.88655,579.12 18.38596,-33.887,594.36 18.38517,-33.88751,601.98 18.38422,-33.88815,609.6 18.38355,-33.88861,617.22 18.38293,-33.88907,617.22 18.38237,-33.88948,617.22 18.3815,-33.89008,624.84 18.38086,-33.89053,624.84 18.38018,-33.89101,632.46 18.37933,-33.89166,640.08 18.37864,-33.89217,640.08 18.37778,-33.89287,640.08 18.37715,-33.89338,647.7 18.37652,-33.89389,647.7 18.37572,-33.89459,655.32 18.37509,-33.89515,647.7 18.37429,-33.89585,655.32 18.37366,-33.89641,655.32 18.3729,-33.89713,655.32 18.37206,-33.89785,655.32 18.37132,-33.89855,655.32 18.3706,-33.89923,655.32 18.36988,-33.89985,655.32 18.36903,-33.9007,655.32 18.36841,-33.90129,655.32 18.36768,-33.90207,662.94 18.36702,-33.90279,662.94 18.36645,-33.90343,670.5600000000001 18.36576,-33.90423,678.1800000000001 18.36508,-33.90497,678.1800000000001 18.36468,-33.90548,685.8000000000001 18.36393,-33.90641,685.8000000000001 18.36337,-33.9072,693.4200000000001 18.36286,-33.90788,693.4200000000001 18.36233,-33.9086,701.0400000000001 18.36193,-33.90916,701.0400000000001 18.36129,-33.91003,701.0400000000001 18.36084,-33.91079,708.6600000000001 18.36028,-33.91159,708.6600000000001 18.35987,-33.91224,716.2800000000001 18.35941,-33.91289,708.6600000000001 18.3589,-33.91372,716.2800000000001 18.35838,-33.91452,723.9000000000001 18.35804,-33.91516,723.9000000000001 18.35758,-33.91591,723.9000000000001 18.3572,-33.91658,723.9000000000001 18.35672,-33.9174,731.52 18.3558,-33.91882,731.52 18.3544,-33.92107,739.14 18.35352,-33.92266,746.76 18.35305,-33.9234,746.76 18.35261,-33.92422,746.76 18.35215,-33.92499,746.76 18.35169,-33.92583,746.76 18.35132,-33.92656,754.38 18.35092,-33.92725,754.38 18.35049,-33.92815,754.38 18.35014,-33.92889,762 18.3498,-33.92958,769.62 18.34934,-33.93053,777.24 18.34902,-33.93127,784.86 18.34874,-33.93182,784.86 18.34829,-33.93279,792.48 18.34791,-33.93351,792.48 18.34678,-33.93594,807.72 18.34566,-33.93823,815.34 18.34448,-33.94072,815.34 18.34322,-33.94342,830.58 18.34285,-33.94418,830.58 18.34242,-33.94505,830.58 18.33973,-33.9505,845.82 18.33767,-33.95483,868.6800000000001 18.33704,-33.95618,876.3000000000001 18.33663,-33.95709,883.9200000000001 18.33618,-33.95815,883.9200000000001 18.33584,-33.95902,891.5400000000001 18.33456,-33.96213,899.1600000000001 18.33428,-33.96286,899.1600000000001 18.33401,-33.96363,899.1600000000001 18.33366,-33.96446,906.7800000000001 18.33321,-33.96588,914.4000000000001 18.33298,-33.96666,914.4000000000001 18.33263,-33.96759,922.0200000000001 18.33241,-33.96833,929.6400000000001 18.33215,-33.96922,929.6400000000001 18.33192,-33.97,929.6400000000001 18.33166,-33.97075,937.26 18.33142,-33.97147,937.26 18.33103,-33.97252,937.26 18.3308,-33.97325,937.26 18.33046,-33.97435,937.26 18.33018,-33.97527,929.6400000000001 18.32996,-33.97609,929.6400000000001 18.32977,-33.97713,929.6400000000001 18.3296,-33.97778,929.6400000000001 18.3294,-33.97874,929.6400000000001 18.32918,-33.97989,922.0200000000001 18.32903,-33.98076,922.0200000000001 18.32891,-33.98183,914.4000000000001 18.32891,-33.98276,914.4000000000001 18.32891,-33.98378,914.4000000000001 18.32895,-33.98479,914.4000000000001 18.32895,-33.98593,906.7800000000001 18.32897,-33.987,906.7800000000001 18.32901,-33.98785,906.7800000000001 18.32909,-33.98867,906.7800000000001 18.32914,-33.98974,906.7800000000001 18.32923,-33.99051,899.1600000000001 18.32929,-33.99174,906.7800000000001 18.32937,-33.99277,906.7800000000001 18.32945,-33.99358,906.7800000000001 18.32966,-33.99472,906.7800000000001 18.32983,-33.9957,906.7800000000001 18.33002,-33.99669,922.0200000000001 18.33029,-33.99766,914.4000000000001 18.33052,-33.99857,914.4000000000001 18.33075,-33.99938,922.0200000000001 18.33102,-34.00017,922.0200000000001 18.33132,-34.00106,922.0200000000001 18.3316,-34.00203,937.26 18.33192,-34.00282,929.6400000000001 18.3322,-34.00365,929.6400000000001 18.33252,-34.00455,937.26 18.33282,-34.00543,937.26 18.33315,-34.0063,952.5 18.33338,-34.00687,944.88 18.33383,-34.00804,944.88 18.33418,-34.00883,952.5 18.33458,-34.00967,944.88 18.33489,-34.01033,944.88 18.33527,-34.01102,944.88 18.33578,-34.01186,952.5 18.33635,-34.01279,952.5 18.33681,-34.01344,952.5 18.33719,-34.01399,952.5 18.3379,-34.01502,952.5 18.33842,-34.01573,952.5 18.33876,-34.01624,952.5 18.33927,-34.01698,952.5 18.33979,-34.01772,960.12 18.34024,-34.01838,960.12 18.34067,-34.01907,960.12 18.34116,-34.01977,952.5 18.34162,-34.02049,944.88 18.34202,-34.02112,944.88 18.34242,-34.02172,944.88 18.34288,-34.02233,944.88 18.34341,-34.0231,937.26 18.34385,-34.02373,929.6400000000001 18.34436,-34.02447,929.6400000000001 18.34487,-34.02525,929.6400000000001 18.34534,-34.02591,929.6400000000001 18.34582,-34.02672,929.6400000000001 18.3462,-34.02745,929.6400000000001 18.34655,-34.02814,929.6400000000001 18.34694,-34.02887,929.6400000000001 18.34734,-34.02969,929.6400000000001 18.34774,-34.03057,929.6400000000001 18.34808,-34.03122,929.6400000000001 18.34831,-34.03173,929.6400000000001 18.34868,-34.03258,922.0200000000001 18.34902,-34.0334,922.0200000000001 18.3493,-34.03409,914.4000000000001 18.34969,-34.035,914.4000000000001 18.34997,-34.03564,914.4000000000001 18.35026,-34.03648,906.7800000000001 18.35064,-34.03734,906.7800000000001 18.35089,-34.03788,906.7800000000001 18.35132,-34.03885,899.1600000000001 18.35165,-34.03954,899.1600000000001 18.35203,-34.04021,899.1600000000001 18.35255,-34.04118,899.1600000000001 18.35289,-34.04184,891.5400000000001 18.3534,-34.04272,891.5400000000001 18.35373,-34.04338,891.5400000000001 18.35421,-34.04426,883.9200000000001 18.35457,-34.04489,891.5400000000001 18.35496,-34.04553,883.9200000000001 18.35541,-34.04631,883.9200000000001 18.35581,-34.047,876.3000000000001 18.35627,-34.04779,876.3000000000001 18.35664,-34.04846,876.3000000000001 18.35718,-34.04942,868.6800000000001 18.35748,-34.05006,876.3000000000001 18.35793,-34.05091,876.3000000000001 18.35827,-34.05157,876.3000000000001 18.35855,-34.05226,868.6800000000001 18.35883,-34.05295,868.6800000000001 18.35894,-34.05382,868.6800000000001 18.35888,-34.05469,861.0600000000001 18.35872,-34.05537,853.44 18.35832,-34.05629,861.0600000000001 18.35771,-34.05702,853.44 18.35681,-34.05766,861.0600000000001 18.35598,-34.05799,861.0600000000001 18.35479,-34.05821,861.0600000000001 18.35358,-34.05832,861.0600000000001 18.35261,-34.05821,868.6800000000001 18.35143,-34.05785,868.6800000000001 18.35043,-34.05729,868.6800000000001 18.34952,-34.05656,868.6800000000001 18.34877,-34.05561,868.6800000000001 18.34834,-34.05464,876.3000000000001 18.34814,-34.05352,876.3000000000001 18.34823,-34.05258,868.6800000000001 18.34857,-34.05176,868.6800000000001 18.34902,-34.05093,876.3000000000001 18.34963,-34.05029,876.3000000000001 18.35072,-34.04956,868.6800000000001 18.35165,-34.04929,868.6800000000001 18.35238,-34.04914,868.6800000000001 18.35363,-34.04929,853.44 18.35443,-34.04956,845.82 18.35518,-34.05002,838.2 18.35592,-34.05073,830.58 18.35636,-34.05144,822.96 18.35667,-34.05222,815.34 18.35686,-34.05295,815.34 18.3569,-34.05394,800.1 18.35681,-34.05473,800.1 18.35661,-34.05576,784.86 18.35621,-34.05678,777.24 18.35592,-34.05753,784.86 18.35552,-34.05846,777.24 18.35518,-34.05911,784.86 18.35472,-34.05994,784.86 18.35423,-34.06091,784.86 18.35367,-34.06187,777.24 18.35322,-34.0627,777.24 18.35261,-34.0638,777.24 18.3521,-34.06471,777.24 18.35163,-34.06548,784.86 18.35117,-34.06628,784.86 18.3507,-34.06705,792.48 18.35014,-34.068,784.86 18.34974,-34.06874,784.86 18.34919,-34.06989,800.1 18.34879,-34.07071,815.34 18.34834,-34.07167,815.34 18.34795,-34.07254,822.96 18.3475,-34.07336,822.96 18.34717,-34.07405,830.58 18.34678,-34.07487,830.58 18.34631,-34.07596,830.58 18.34602,-34.0767,822.96 18.34571,-34.07748,822.96 18.34534,-34.07847,822.96 18.34509,-34.07927,822.96 18.34492,-34.08,815.34 18.34476,-34.08084,815.34 18.34454,-34.08201,815.34 18.34448,-34.08293,815.34 18.34442,-34.08385,822.96 18.34442,-34.08476,815.34 18.34448,-34.08559,822.96 18.34459,-34.08629,815.34 18.34471,-34.08699,815.34 18.34488,-34.08783,815.34 18.34521,-34.08875,807.72 18.34545,-34.08941,807.72 18.34577,-34.09012,800.1 18.34625,-34.09095,800.1 18.34666,-34.09158,784.86 18.34728,-34.09232,784.86 18.34784,-34.09286,777.24 18.34866,-34.09356,777.24 18.34935,-34.09406,769.62 18.35019,-34.0946,769.62 18.35089,-34.09509,762 18.35165,-34.09557,762 18.35238,-34.09598,769.62 18.35316,-34.09644,769.62 18.35403,-34.09691,762 18.35478,-34.09732,762 18.35552,-34.0977,754.38 18.35642,-34.09822,754.38 18.35731,-34.09863,746.76 18.3581,-34.099,746.76 18.35883,-34.09937,746.76 18.36006,-34.09987,746.76 18.36085,-34.10019,739.14 18.36187,-34.10063,739.14 18.36267,-34.10096,739.14 18.36365,-34.10138,739.14 18.36439,-34.1017,739.14 18.36531,-34.10212,739.14 18.36617,-34.10248,739.14 18.36691,-34.10282,739.14 18.3678,-34.10321,739.14 18.36869,-34.10362,739.14 18.36943,-34.10394,731.52 18.37049,-34.10445,739.14 18.37127,-34.10481,739.14 18.37222,-34.10527,739.14 18.37295,-34.10564,746.76 18.374,-34.10612,746.76 18.37492,-34.10654,746.76 18.37553,-34.10683,739.14 18.37658,-34.10738,746.76 18.37761,-34.10785,746.76 18.37844,-34.10829,746.76 18.37944,-34.10878,746.76 18.38029,-34.10921,754.38 18.38209,-34.11008,754.38 18.38305,-34.11055,754.38 18.38394,-34.11099,746.76 18.38489,-34.11145,762 18.38579,-34.11186,762 18.38665,-34.11227,762 18.38758,-34.11269,754.38 18.3887,-34.11319,754.38 18.38957,-34.11357,754.38 18.3906,-34.11409,746.76 18.39179,-34.1147,739.14 18.39289,-34.1152,731.52 18.39397,-34.11575,739.14 18.39684,-34.11716,731.52 18.39792,-34.11772,723.9000000000001 18.39902,-34.11823,723.9000000000001 18.39991,-34.11868,723.9000000000001 18.40075,-34.11909,716.2800000000001 18.4016,-34.11951,708.6600000000001 18.40439,-34.12093,708.6600000000001 18.40553,-34.12144,701.0400000000001 18.40622,-34.12177,708.6600000000001 18.40765,-34.12234,701.0400000000001 18.40855,-34.12271,685.8000000000001 18.40978,-34.12321,678.1800000000001 18.41101,-34.12367,678.1800000000001 18.41194,-34.12405,670.5600000000001 18.41286,-34.12436,678.1800000000001 18.41406,-34.12479,670.5600000000001 18.41505,-34.12514,670.5600000000001 18.41634,-34.12564,662.94 18.41726,-34.12596,662.94 18.41841,-34.12633,655.32 18.41944,-34.12666,655.32 18.42018,-34.12689,655.32 18.42133,-34.12726,655.32 18.42224,-34.12754,655.32 18.42334,-34.12788,647.7 18.42453,-34.12824,647.7 18.42519,-34.12843,647.7 18.42642,-34.12875,647.7 18.42743,-34.12903,647.7 18.42861,-34.1293,640.08 18.42957,-34.12953,647.7 18.43074,-34.12981,640.08 18.43164,-34.13004,640.08 18.433,-34.13028,640.08 18.4338,-34.13038,640.08 18.43534,-34.13061,647.7 18.43626,-34.1307,640.08 18.43758,-34.1308,640.08 18.4387,-34.13081,640.08 18.43975,-34.13084,632.46 18.44118,-34.13075,632.46 18.44246,-34.13058,632.46 18.4437,-34.13042,632.46 18.4447,-34.13026,632.46 18.44599,-34.13,632.46 18.44713,-34.12973,632.46 18.44839,-34.1294,632.46 18.44941,-34.12912,632.46 18.45081,-34.12871,632.46 18.45182,-34.12839,632.46 18.45283,-34.12802,624.84 18.45428,-34.1274,617.22 18.45541,-34.12692,609.6 18.45652,-34.12637,609.6 18.45742,-34.12587,609.6 18.45881,-34.12512,601.98 18.45989,-34.12447,601.98 18.46084,-34.12381,601.98 18.46168,-34.12321,601.98 18.46247,-34.1226,594.36 18.4635,-34.12172,594.36 18.46432,-34.12097,594.36 18.4651,-34.12015,594.36 18.46584,-34.11925,586.74 18.46642,-34.11851,586.74 18.46718,-34.11745,586.74 18.46768,-34.11658,579.12 18.4683,-34.11548,579.12 18.46865,-34.11474,571.5 18.46925,-34.11346,571.5 18.46959,-34.11264,563.88 18.47015,-34.1114,563.88 18.4706,-34.11031,563.88 18.47094,-34.10938,556.26 18.47127,-34.10834,556.26 18.47166,-34.10692,548.64 18.47202,-34.10566,548.64 18.47228,-34.10449,541.02 18.47248,-34.10342,541.02 18.47271,-34.1024,541.02 18.47288,-34.10142,541.02 18.47311,-34.10017,533.4 18.47322,-34.09919,541.02 18.4734,-34.0979,533.4 18.47351,-34.09695,533.4 18.47363,-34.09565,533.4 18.47374,-34.09492,533.4 18.47385,-34.09364,533.4 18.47391,-34.09267,533.4 18.47403,-34.0916,533.4 18.47408,-34.09044,541.02 18.47418,-34.08952,541.02 18.47424,-34.08824,541.02 18.47437,-34.08732,533.4 18.47446,-34.08627,533.4 18.47452,-34.08517,533.4 18.47486,-34.08183,533.4 18.4753,-34.07753,518.1600000000001 18.4757,-34.07396,518.1600000000001 18.47603,-34.07062,510.54 18.47631,-34.06732,518.1600000000001 18.4766,-34.06302,510.54 18.47676,-34.05954,502.92 18.47693,-34.05624,502.92 18.47717,-34.05189,495.3 18.47738,-34.04736,487.68 18.47752,-34.04398,480.06 18.4776,-34.04063,480.06 18.47771,-34.03615,480.06 18.4778,-34.03267,472.44 18.47794,-34.02814,464.82000000000005 18.47811,-34.02507,457.20000000000005 18.47844,-34.02026,434.34000000000003 18.47872,-34.01692,426.72 18.47912,-34.01213,411.48 18.47956,-34.00763,403.86 18.47986,-34.00422,396.24 18.48013,-34.00035,388.62 18.48049,-33.99612,381 18.48089,-33.99244,381 18.48119,-33.99033,373.38 18.4813,-33.98932,373.38 18.48147,-33.98813,381 18.48164,-33.98709,373.38 18.48175,-33.98593,373.38 18.48192,-33.98486,373.38 18.48203,-33.98378,373.38 18.48215,-33.98244,365.76 18.48221,-33.98141,365.76 18.48225,-33.98062,365.76 18.48231,-33.97929,358.14000000000004 18.48237,-33.97829,358.14000000000004 18.48244,-33.97722,350.52000000000004 18.48249,-33.97615,342.90000000000003 18.48267,-33.9715,335.28000000000003 18.4827,-33.96785,342.90000000000003 18.4827,-33.96465,335.28000000000003 18.48265,-33.96318,327.66 18.48253,-33.96213,327.66 18.48242,-33.9608,327.66 18.48232,-33.95981,335.28000000000003 18.48214,-33.95842,327.66 18.48204,-33.95744,335.28000000000003 18.48175,-33.9559,335.28000000000003 18.48158,-33.95478,327.66 18.48135,-33.95348,327.66 18.48118,-33.95255,320.04 18.48089,-33.95115,320.04 18.48057,-33.94991,312.42 18.48032,-33.94883,312.42 18.48001,-33.94771,312.42 18.47963,-33.9464,304.8 18.47935,-33.94533,297.18 18.47895,-33.94405,297.18 18.4786,-33.94291,289.56 18.47832,-33.94198,289.56 18.47794,-33.94066,281.94 18.47749,-33.93933,274.32 18.47717,-33.93835,266.7 18.47666,-33.93705,266.7 18.47603,-33.93551,266.7 18.47547,-33.93434,266.7 18.47494,-33.93332,266.7 18.47424,-33.93201,259.08000000000004 18.47363,-33.931,266.7 18.47288,-33.92974,259.08000000000004 18.47225,-33.92881,259.08000000000004 18.47149,-33.92766,259.08000000000004 18.47082,-33.92671,259.08000000000004 18.47026,-33.92592,251.46 18.46956,-33.92494,251.46 18.46853,-33.92359,251.46 18.46779,-33.92267,251.46 18.46693,-33.92154,259.08000000000004 18.46617,-33.92065,251.46 18.46538,-33.91965,259.08000000000004 18.46471,-33.91878,251.46 18.46387,-33.91772,259.08000000000004 18.46333,-33.91708,251.46 18.46224,-33.91582,259.08000000000004 18.46144,-33.91489,259.08000000000004 18.46062,-33.91402,259.08000000000004 18.45995,-33.91321,266.7 18.45921,-33.91237,266.7 18.45574,-33.90843,259.08000000000004 18.45348,-33.9059,243.84 18.45177,-33.90413,228.60000000000002 18.44971,-33.90213,220.98000000000002 18.44874,-33.90115,220.98000000000002 18.4481,-33.90041,220.98000000000002 18.4475,-33.89964,213.36 18.44679,-33.89878,213.36 18.44604,-33.89804,205.74 18.44509,-33.8974,205.74 18.44431,-33.89708,205.74 18.44358,-33.89697,198.12 18.44273,-33.89706,182.88 18.44233,-33.89729,175.26000000000002 18.4417,-33.89785,152.4 18.44151,-33.89818,144.78 18.44118,-33.89883,144.78 18.44083,-33.8996,137.16 18.44061,-33.90005,137.16 18.44027,-33.90046,137.16 18.43966,-33.90079,129.54000000000002 18.43901,-33.90088,129.54000000000002 18.43843,-33.90083,129.54000000000002 18.43763,-33.9006,121.92 18.43685,-33.90028,114.30000000000001 18.43609,-33.90004,106.68 18.43529,-33.89981,99.06 18.435,-33.89973,91.44 18.43374,-33.89967,76.2 18.43294,-33.89981,68.58 18.43231,-33.90001,60.96 18.43174,-33.90022,53.34 18.43122,-33.90051,45.72 18.4308,-33.90074,38.1 18.43057,-33.90088,38.1 18.42962,-33.90138,22.86 18.42929,-33.90152,22.86 18.42905,-33.90153,15.24 18.42865,-33.90157,15.24 18.42831,-33.90148,7.62 18.42788,-33.90134,0 18.42768,-33.9012,0 18.42749,-33.90097,0 18.42772,-33.90083,0 18.42831,-33.90078,15.24 18.42859,-33.90074,15.24 18.42895,-33.90079,22.86 18.42916,-33.90078,30.48 18.4294,-33.90079,30.48 18.42979,-33.90083,30.48 18.43002,-33.90088,38.1 18.43035,-33.90092,38.1 18.43074,-33.90092,38.1 18.4313,-33.90097,53.34 18.4322,-33.90102,53.34 18.43293,-33.90106,60.96 18.43377,-33.90097,76.2 18.4345,-33.90088,83.82000000000001 18.43539,-33.9007,99.06 18.43601,-33.90051,106.68 18.43646,-33.90033,114.30000000000001 18.43712,-33.89999,121.92 18.43775,-33.89957,137.16 18.43832,-33.89915,144.78 18.43872,-33.89869,160.02 18.43924,-33.89808,167.64000000000001 18.43969,-33.89738,175.26000000000002 18.43987,-33.89697,182.88 18.44027,-33.89599,198.12 18.44044,-33.89534,198.12 18.44049,-33.89455,213.36 18.44055,-33.89361,220.98000000000002 18.44055,-33.89305,220.98000000000002 18.44044,-33.89212,236.22 18.44032,-33.89115,243.84 18.43992,-33.88961,259.08000000000004 18.4396,-33.88866,259.08000000000004 18.43935,-33.88798,266.7 18.43898,-33.88719,266.7 18.43848,-33.88614,274.32 18.43803,-33.88533,281.94 18.43769,-33.88472,289.56 18.43706,-33.88379,297.18 18.43652,-33.88307,304.8 18.43601,-33.88248,312.42 18.43511,-33.88147,320.04 18.43433,-33.88074,320.04 18.43366,-33.88014,327.66 18.43288,-33.87955,327.66 18.43185,-33.8789,335.28000000000003 18.43069,-33.87822,335.28000000000003 18.42962,-33.87765,335.28000000000003 18.42844,-33.87712,342.90000000000003 18.42756,-33.87676,350.52000000000004 18.4263,-33.87634,358.14000000000004 18.42536,-33.87607,365.76 18.42413,-33.87574,365.76 18.4231,-33.87555,365.76 18.42189,-33.87534,373.38 18.42116,-33.87524,373.38 18.41992,-33.87515,381 18.41904,-33.87513,381 18.41749,-33.87513,388.62 18.41634,-33.8752,396.24 18.41376,-33.87547,403.86 18.41246,-33.87569,419.1 18.41129,-33.87593,426.72 18.41028,-33.87616,426.72 18.40956,-33.87634,426.72 18.4086,-33.87662,441.96000000000004 18.40793,-33.87685,449.58000000000004 18.40703,-33.87712,449.58000000000004 18.40633,-33.87741,457.20000000000005 18.40548,-33.87774,464.82000000000005 18.4049,-33.87799,472.44 18.40393,-33.87839,480.06 18.40322,-33.87872,480.06 18.40249,-33.87904,487.68 18.40164,-33.87951,495.3 18.40092,-33.87987,502.92 18.40015,-33.88021,502.92 18.39918,-33.88076,510.54 18.3984,-33.8812,510.54 18.39773,-33.88156,518.1600000000001 18.39705,-33.88197,518.1600000000001 18.39621,-33.88249,525.78 18.39546,-33.88295,525.78 18.3946,-33.88351,525.78 18.39386,-33.88399,533.4 18.39324,-33.88445,533.4 18.3924,-33.88504,541.02 18.3918,-33.88551,541.02 18.391,-33.88612,548.64 18.39005,-33.88687,556.26 18.38951,-33.88728,563.88 18.38893,-33.88779,563.88 18.38837,-33.88831,571.5 18.38768,-33.88887,571.5 18.38708,-33.88939,579.12 18.38648,-33.88993,586.74 18.38601,-33.8904,594.36 18.38534,-33.89104,601.98 18.38472,-33.89163,609.6 18.38419,-33.89217,609.6 18.38366,-33.89268,617.22 18.38315,-33.89319,617.22 18.38253,-33.89384,624.84 18.38207,-33.89436,632.46 18.38142,-33.89511,640.08 18.38093,-33.89566,647.7 18.38047,-33.89622,655.32 18.3799,-33.89692,655.32 18.37955,-33.89734,662.94 18.37906,-33.89795,662.94 18.37852,-33.89869,670.5600000000001 18.37807,-33.8992,678.1800000000001 18.37755,-33.89987,685.8000000000001 18.37704,-33.90055,685.8000000000001 18.37675,-33.90097,693.4200000000001 18.37632,-33.90152,701.0400000000001 18.3757,-33.90225,708.6600000000001 18.37395,-33.90446,731.52 18.37262,-33.90614,746.76 18.37069,-33.90851,762 18.3697,-33.90981,777.24 18.36925,-33.9104,777.24 18.36874,-33.91112,777.24 18.36828,-33.91186,777.24 18.36768,-33.91273,784.86 18.36737,-33.91326,784.86 18.36679,-33.91414,792.48 18.36645,-33.91466,792.48 18.36595,-33.91544,792.48 18.3655,-33.91621,792.48 18.3651,-33.9169,800.1 18.36454,-33.91772,800.1 18.3641,-33.9185,800.1 18.3637,-33.91919,807.72 18.36319,-33.92006,800.1 18.36286,-33.9207,800.1 18.36191,-33.92239,800.1 18.36146,-33.92322,800.1 18.36096,-33.92409,800.1 18.36034,-33.92523,800.1 18.35999,-33.92592,800.1 18.35958,-33.92667,800.1 18.35911,-33.92761,800.1 18.3586,-33.92848,800.1 18.35821,-33.92937,800.1 18.35787,-33.92999,800.1 18.35747,-33.9309,800.1 18.35698,-33.93182,800.1 18.35661,-33.93267,807.72 18.35619,-33.93343,807.72 18.35587,-33.93416,815.34 18.35546,-33.93494,815.34 18.35513,-33.93571,815.34 18.35472,-33.93658,822.96 18.35438,-33.93737,822.96 18.35412,-33.93796,822.96 18.35378,-33.93883,830.58 18.3534,-33.9397,830.58 18.35318,-33.94044,838.2 18.35283,-33.94135,838.2 18.35255,-33.94212,838.2 18.35221,-33.94304,845.82 18.35197,-33.94366,845.82 18.35157,-33.94473,845.82 18.35126,-33.9456,853.44 18.35094,-33.9464,853.44 18.3507,-33.9472,853.44 18.35043,-33.94794,861.0600000000001 18.35025,-33.94862,853.44 18.34997,-33.94952,861.0600000000001 18.34969,-33.95045,861.0600000000001 18.34947,-33.9511,853.44 18.34879,-33.95348,853.44 18.34803,-33.95595,861.0600000000001 18.34774,-33.95678,868.6800000000001 18.34689,-33.95943,868.6800000000001 18.34627,-33.96103,876.3000000000001 18.34442,-33.96516,876.3000000000001 18.34358,-33.9668,883.9200000000001 18.34308,-33.9679,891.5400000000001 18.34276,-33.96861,891.5400000000001 18.34253,-33.96903,883.9200000000001 18.34202,-33.97019,891.5400000000001 18.34106,-33.97256,899.1600000000001 18.3407,-33.97326,914.4000000000001 18.34036,-33.97396,914.4000000000001 18.33994,-33.97481,922.0200000000001 18.33966,-33.9754,922.0200000000001 18.33796,-33.97894,944.88 18.33738,-33.98029,952.5 18.33702,-33.98122,952.5 18.3367,-33.98211,960.12 18.33641,-33.98286,967.74 18.33612,-33.98374,975.36 18.33595,-33.98439,975.36 18.33567,-33.98532,975.36 18.33538,-33.98625,982.98 18.33515,-33.98705,998.22 18.33498,-33.98779,982.98 18.33484,-33.98845,982.98 18.33461,-33.98932,990.6 18.33435,-33.99039,990.6 18.33418,-33.99133,990.6 18.33401,-33.99207,990.6 18.33384,-33.99305,990.6 18.33372,-33.9939,990.6 18.33355,-33.99482,998.22 18.33344,-33.99559,998.22 18.33332,-33.99664,1005.84 18.33321,-33.99756,1013.46 18.33315,-33.99852,1013.46 18.33309,-33.99933,1021.08 18.3331,-34.00021,1028.7 18.33309,-34.00096,1036.3200000000002 18.33309,-34.00171,1036.3200000000002 18.33309,-34.00269,1043.94 18.33315,-34.00348,1051.56 18.33315,-34.00446,1051.56 18.33321,-34.00516,1051.56 18.33327,-34.00598,1059.18 18.33332,-34.00685,1059.18 18.33338,-34.00776,1066.8 18.33344,-34.0085,1066.8 18.33355,-34.00946,1066.8 18.33361,-34.01037,1074.42 18.33372,-34.01111,1074.42 18.33383,-34.01212,1074.42 18.33394,-34.01285,1074.42 18.33405,-34.01376,1082.04 18.33447,-34.01656,1074.42 18.33484,-34.0193,1066.8 18.33515,-34.02187,1059.18 18.33567,-34.0254,1051.56 18.33618,-34.02866,1051.56 18.33635,-34.03053,1051.56 18.33641,-34.03131,1051.56 18.33641,-34.03207,1043.94 18.33641,-34.03281,1043.94 18.33641,-34.03383,1036.3200000000002 18.33641,-34.03477,1036.3200000000002 18.33641,-34.03555,1036.3200000000002 18.33641,-34.03648,1028.7 18.33641,-34.0372,1028.7 18.33641,-34.03797,1028.7 18.33647,-34.03872,1021.08 18.33646,-34.03963,1021.08 18.33646,-34.0405,1021.08 18.33646,-34.04118,1021.08 18.33641,-34.04361,1028.7 18.33635,-34.04677,1021.08 18.3363,-34.04742,1028.7 18.33618,-34.04831,1043.94 18.33607,-34.04938,1051.56 18.33595,-34.05012,1043.94 18.33579,-34.0508,1051.56 18.33561,-34.05175,1051.56 18.33544,-34.05259,1051.56 18.33532,-34.05333,1051.56 18.33515,-34.05408,1051.56 18.33495,-34.05515,1059.18 18.33478,-34.05579,1059.18 18.33461,-34.05652,1066.8 18.33441,-34.05734,1066.8 18.33428,-34.05798,1074.42 18.33401,-34.05897,1074.42 18.33384,-34.05967,1074.42 18.3336,-34.06055,1082.04 18.33338,-34.06125,1082.04 18.33315,-34.06215,1089.66 18.33287,-34.06311,1089.66 18.33271,-34.0638,1089.66 18.33248,-34.06471,1097.28 18.33231,-34.06554,1097.28 18.33212,-34.06628,1097.28 18.33192,-34.06714,1104.9 18.33178,-34.06791,1097.28 18.33164,-34.0686,1097.28 18.33149,-34.06939,1104.9 18.3313,-34.07025,1104.9 18.3312,-34.07098,1104.9 18.33114,-34.07167,1104.9 18.33103,-34.07247,1104.9 18.33091,-34.07341,1104.9 18.3308,-34.07419,1104.9 18.33069,-34.07489,1104.9 18.33063,-34.07559,1104.9 18.33063,-34.07652,1104.9 18.33058,-34.07716,1112.52 18.33052,-34.0781,1112.52 18.33052,-34.07889,1112.52 18.33052,-34.07959,1112.52 18.33052,-34.08043,1112.52 18.33052,-34.08113,1112.52 18.33052,-34.08197,1112.52 18.33052,-34.08275,1112.52 18.33057,-34.08327,1112.52 18.33058,-34.08412,1104.9 18.33063,-34.08481,1104.9 18.33069,-34.08563,1097.28 18.33074,-34.0865,1097.28 18.33074,-34.08733,1097.28 18.33069,-34.08788,1097.28 18.33052,-34.08875,1089.66 18.33023,-34.08946,1089.66 18.32979,-34.09003,1089.66 18.32909,-34.09062,1089.66 18.32845,-34.09094,1089.66 18.32748,-34.09113,1082.04 18.32643,-34.09113,1082.04 18.32548,-34.09085,1082.04 18.32479,-34.09048,1082.04 18.32394,-34.08979,1074.42 18.32342,-34.08908,1074.42 18.32312,-34.08842,1074.42 18.3229,-34.08751,1066.8 18.3229,-34.08664,1066.8 18.32314,-34.08569,1059.18 18.32359,-34.08485,1051.56 18.32434,-34.08406,1043.94 18.32497,-34.08357,1036.3200000000002 18.32609,-34.08311,1028.7 18.32714,-34.08285,1028.7 18.32783,-34.08279,1028.7 18.3288,-34.08285,1021.08 18.3296,-34.08303,1021.08 18.3303,-34.08334,1013.46 18.33109,-34.08378,1013.46 18.3317,-34.08426,1005.84 18.33215,-34.08467,998.22 18.33258,-34.08527,990.6 18.33304,-34.086,982.98 18.33338,-34.08669,975.36 18.3336,-34.08746,960.12 18.33383,-34.08829,952.5 18.334,-34.08893,944.88 18.33418,-34.08983,944.88 18.33429,-34.09048,937.26 18.33433,-34.09113,929.6400000000001 18.33441,-34.09193,922.0200000000001 18.33444,-34.09277,906.7800000000001 18.33447,-34.09346,899.1600000000001 18.33447,-34.09453,891.5400000000001 18.3345,-34.09525,883.9200000000001 18.3345,-34.09607,876.3000000000001 18.33447,-34.09705,861.0600000000001 18.33447,-34.09784,853.44 18.33441,-34.09863,845.82 18.33433,-34.09927,838.2 18.33428,-34.10033,830.58 18.33428,-34.10115,822.96 18.33422,-34.10202,815.34 18.33422,-34.10266,815.34 18.33422,-34.10339,800.1 18.33422,-34.10408,800.1 18.33424,-34.10492,792.48 18.33422,-34.10568,784.86 18.33424,-34.10631,777.24 18.33422,-34.10715,769.62 18.33416,-34.10957,754.38 18.33418,-34.11204,731.52 18.33428,-34.1152,723.9000000000001 18.33439,-34.11804,723.9000000000001 18.33444,-34.11983,731.52 18.33447,-34.12051,731.52 18.3345,-34.12106,731.52 18.3345,-34.1218,731.52 18.33452,-34.12275,731.52 18.33452,-34.12339,739.14 18.33456,-34.12422,739.14 18.33456,-34.12486,739.14 18.33456,-34.12555,739.14 18.33456,-34.12637,739.14 18.33452,-34.12712,739.14 18.33452,-34.1281,739.14 18.33456,-34.12875,739.14 18.33461,-34.12958,731.52 18.33461,-34.13081,731.52 18.33475,-34.13308,731.52 18.33498,-34.13625,723.9000000000001 18.33504,-34.13685,723.9000000000001 18.33523,-34.13837,723.9000000000001 18.33532,-34.13918,723.9000000000001 18.33544,-34.13992,716.2800000000001 18.33567,-34.14141,723.9000000000001 18.33579,-34.14221,723.9000000000001 18.3359,-34.14285,731.52 18.33607,-34.14359,739.14 18.33624,-34.1443,739.14 18.33635,-34.1449,746.76 18.33652,-34.14555,746.76 18.33669,-34.14629,746.76 18.33691,-34.14711,746.76 18.33708,-34.14771,754.38 18.33725,-34.1483,762 18.33742,-34.14894,762 18.33753,-34.14944,754.38 18.33769,-34.15004,754.38 18.3379,-34.15077,762 18.33813,-34.15165,762 18.33837,-34.15233,762 18.33854,-34.15306,762 18.3387,-34.15366,762 18.33932,-34.15576,777.24 18.34016,-34.15837,762 18.34083,-34.16039,769.62 18.34116,-34.16115,769.62 18.3415,-34.1618,769.62 18.34179,-34.1625,777.24 18.34207,-34.16304,777.24 18.34236,-34.16366,777.24 18.34276,-34.16441,777.24 18.34305,-34.16492,769.62 18.34339,-34.16566,769.62 18.34375,-34.16624,769.62 18.34408,-34.16697,762 18.34437,-34.16748,762 18.3447,-34.16817,762 18.34509,-34.16885,762 18.34545,-34.16962,762 18.34579,-34.17032,762 18.34602,-34.17078,762 18.34649,-34.17174,762 18.34683,-34.17229,762 18.34723,-34.17302,762 18.34751,-34.17353,762 18.3479,-34.17421,762 18.34826,-34.17484,762 18.34871,-34.17567,762 18.34911,-34.17646,762 18.34951,-34.17721,762 18.34986,-34.17781,762 18.35014,-34.17842,762 18.35043,-34.17898,762 18.35083,-34.17977,762 18.35115,-34.18039,762 18.35152,-34.18121,762 18.35193,-34.18199,762 18.35227,-34.18272,762 18.3534,-34.18494,754.38 18.35386,-34.18578,754.38 18.35423,-34.18643,754.38 18.35501,-34.18806,746.76 18.35597,-34.19014,754.38 18.35707,-34.19252,746.76 18.35793,-34.19449,746.76 18.35896,-34.19685,746.76 18.35993,-34.19904,746.76 18.36102,-34.20123,754.38 18.36136,-34.20193,754.38 18.3617,-34.20267,754.38 18.36205,-34.20337,754.38 18.3623,-34.20406,746.76 18.36267,-34.20496,746.76 18.36303,-34.2058,746.76 18.3633,-34.20663,746.76 18.36359,-34.20728,746.76 18.36382,-34.20799,754.38 18.3641,-34.20868,754.38 18.36438,-34.20946,754.38 18.3646,-34.2101,754.38 18.36494,-34.21097,754.38 18.36519,-34.2117,754.38 18.36544,-34.2123,754.38 18.36571,-34.21292,754.38 18.36605,-34.21375,754.38 18.36634,-34.2144,746.76 18.36667,-34.21518,746.76 18.36697,-34.21585,746.76 18.36731,-34.21655,746.76 18.36771,-34.21738,746.76 18.368,-34.21804,746.76 18.3683,-34.21861,746.76 18.36874,-34.21948,746.76 18.36914,-34.22026,746.76 18.36943,-34.22083,754.38 18.36983,-34.22148,746.76 18.37032,-34.22237,754.38 18.37069,-34.22292,754.38 18.37105,-34.22356,754.38 18.37143,-34.22423,754.38 18.37177,-34.22479,754.38 18.37217,-34.22562,754.38 18.37256,-34.22639,754.38 18.37297,-34.22721,754.38 18.37337,-34.22791,754.38 18.37372,-34.22865,762 18.37406,-34.2294,762 18.37429,-34.23,762 18.37452,-34.23065,754.38 18.37469,-34.2313,754.38 18.37486,-34.23214,754.38 18.37503,-34.23299,762 18.37515,-34.23377,762 18.37525,-34.23445,754.38 18.37538,-34.23521,754.38 18.37547,-34.2361,754.38 18.37555,-34.2368,754.38 18.37564,-34.23766,754.38 18.37572,-34.23857,754.38 18.37578,-34.23931,754.38 18.37589,-34.2401,754.38 18.37601,-34.24099,754.38 18.37615,-34.24178,754.38 18.37632,-34.24251,754.38 18.37643,-34.24319,754.38 18.37669,-34.24411,754.38 18.37682,-34.24471,754.38 18.37709,-34.24569,754.38 18.37732,-34.24643,762 18.37755,-34.24713,762 18.37784,-34.24792,762 18.37805,-34.24855,769.62 18.37833,-34.24924,769.62 18.37858,-34.24983,769.62 18.37884,-34.25043,769.62 18.37929,-34.25139,769.62 18.37962,-34.25212,769.62 18.37996,-34.25281,769.62 18.38024,-34.25332,769.62 18.38069,-34.25423,769.62 18.3811,-34.255,769.62 18.38144,-34.2556,769.62 18.38179,-34.25626,769.62 18.38224,-34.25705,769.62 18.38276,-34.25793,769.62 18.3831,-34.25848,769.62 18.38362,-34.25937,762 18.384,-34.26004,762 18.38436,-34.26068,769.62 18.38476,-34.26128,769.62 18.38516,-34.26189,769.62 18.38652,-34.26416,769.62 18.38688,-34.26477,769.62 18.38719,-34.26535,769.62 18.38751,-34.26598,769.62 18.38803,-34.26691,769.62 18.38831,-34.26743,769.62 18.38871,-34.26822,769.62 18.38904,-34.26888,769.62 18.38943,-34.26961,769.62 18.38988,-34.27043,762 18.3902,-34.27111,762 18.3906,-34.27185,762 18.39094,-34.2725,762 18.39218,-34.27478,762 18.39369,-34.27748,769.62 18.39414,-34.27817,769.62 18.39455,-34.27874,769.62 18.39506,-34.27944,769.62 18.39554,-34.28,769.62 18.3961,-34.28069,769.62 18.39661,-34.28128,769.62 18.39706,-34.28181,769.62 18.39767,-34.28247,769.62 18.39829,-34.28316,769.62 18.39885,-34.28371,769.62 18.39941,-34.28433,769.62 18.39991,-34.2849,769.62 18.40042,-34.2854,769.62 18.40104,-34.286,769.62 18.40171,-34.28664,769.62 18.40239,-34.28735,777.24 18.40296,-34.28791,777.24 18.40359,-34.28852,777.24 18.40427,-34.28912,777.24 18.4049,-34.28968,784.86 18.40731,-34.29199,784.86 18.40919,-34.29368,792.48 18.41028,-34.29483,792.48 18.41101,-34.29552,800.1 18.4116,-34.29615,800.1 18.41217,-34.29676,800.1 18.4128,-34.29741,800.1 18.41325,-34.29794,807.72 18.41389,-34.29866,800.1 18.41449,-34.29936,800.1 18.41516,-34.30009,800.1 18.4156,-34.30062,792.48 18.41618,-34.30122,792.48 18.4169,-34.30202,800.1 18.4188,-34.30408,792.48 18.42048,-34.30582,800.1 18.42262,-34.30788,800.1 18.42339,-34.30863,800.1 18.42402,-34.30925,800.1 18.42442,-34.30965,800.1 18.42519,-34.31039,800.1 18.42573,-34.31096,800.1 18.42643,-34.31163,800.1 18.42693,-34.31216,800.1 18.42743,-34.31273,800.1 18.42819,-34.31351,800.1 18.42867,-34.31401,800.1 18.42916,-34.31454,800.1 18.42985,-34.31524,800.1 18.43041,-34.31584,800.1 18.43105,-34.31654,800.1 18.43157,-34.3171,800.1 18.43225,-34.3178,792.48 18.43299,-34.31854,792.48 18.43346,-34.31905,792.48 18.4342,-34.3198,792.48 18.43472,-34.32033,792.48 18.43546,-34.32106,792.48 18.43603,-34.32161,792.48 18.4366,-34.32222,792.48 18.43792,-34.32349,792.48 18.43843,-34.32399,792.48 18.44027,-34.32578,792.48 18.4417,-34.32716,777.24 18.44227,-34.32771,777.24 18.44307,-34.32851,777.24 18.44515,-34.33049,754.38 18.4477,-34.33297,739.14 18.44896,-34.33424,739.14 18.44963,-34.33488,731.52 18.4516,-34.33693,731.52 18.45228,-34.33758,731.52 18.45288,-34.33823,723.9000000000001 18.4535,-34.33887,723.9000000000001 18.45428,-34.33958,723.9000000000001 18.45486,-34.34014,723.9000000000001 18.45619,-34.34138,716.2800000000001 18.45675,-34.34193,716.2800000000001 18.4576,-34.34275,716.2800000000001 18.45829,-34.34335,716.2800000000001 18.46017,-34.34505,708.6600000000001 18.46236,-34.34697,701.0400000000001 18.46458,-34.3488,693.4200000000001 18.46527,-34.3494,693.4200000000001 18.46617,-34.35008,685.8000000000001 18.46695,-34.35063,693.4200000000001 18.46774,-34.35123,685.8000000000001 18.46859,-34.35183,685.8000000000001 18.46928,-34.35229,678.1800000000001 18.46996,-34.35276,670.5600000000001 18.47088,-34.35336,670.5600000000001 18.47177,-34.35393,662.94 18.47256,-34.35439,662.94 18.4734,-34.35489,655.32 18.47413,-34.35535,655.32 18.475,-34.35583,647.7 18.47603,-34.35639,640.08 18.47687,-34.35686,632.46 18.47766,-34.35727,624.84 18.47849,-34.35774,624.84 18.4794,-34.35818,617.22 18.48052,-34.35873,609.6 18.48158,-34.35923,609.6 18.48244,-34.35965,601.98 18.48354,-34.36011,594.36 18.48455,-34.36053,586.74 18.4857,-34.361,579.12 18.48673,-34.36132,579.12 18.4882,-34.36171,571.5 18.48936,-34.36202,563.88 18.49038,-34.36221,563.88 18.49154,-34.36244,556.26 18.49251,-34.36253,556.26 18.4938,-34.36267,556.26 18.49504,-34.36272,548.64 18.49611,-34.36272,548.64 18.49689,-34.36267,541.02 18.49823,-34.36253,541.02 18.49949,-34.3624,533.4 18.50052,-34.36226,533.4 18.50178,-34.36202,533.4 18.50304,-34.36179,533.4 18.50451,-34.36157,525.78 18.50557,-34.36157,525.78 18.50647,-34.3617,525.78 18.50733,-34.36202,518.1600000000001 18.50807,-34.36258,525.78 18.50842,-34.36314,518.1600000000001 18.50854,-34.36391,525.78 18.50836,-34.36463,525.78 18.50796,-34.36528,525.78 18.50737,-34.36588,525.78 18.50687,-34.36621,525.78 18.50434,-34.36684,518.1600000000001 18.50292,-34.36663,518.1600000000001 18.50224,-34.3664,518.1600000000001 18.50086,-34.36561,518.1600000000001 18.50014,-34.36487,518.1600000000001 18.49969,-34.36414,518.1600000000001 18.49941,-34.36295,518.1600000000001 18.49941,-34.36194,518.1600000000001 18.49955,-34.361,518.1600000000001 18.49986,-34.36006,518.1600000000001 18.5003,-34.35905,510.54 18.50063,-34.35816,518.1600000000001 18.50092,-34.35704,518.1600000000001 18.50098,-34.35616,518.1600000000001 18.50092,-34.35507,510.54 18.50069,-34.35397,510.54 18.50029,-34.35285,510.54 18.49991,-34.35191,510.54 18.49924,-34.35068,510.54 18.49879,-34.34976,510.54 18.49834,-34.34903,502.92 18.49766,-34.34792,502.92 18.49709,-34.34694,510.54 18.49627,-34.34564,510.54 18.49576,-34.34473,510.54 18.49525,-34.34387,510.54 18.49464,-34.34276,510.54 18.49405,-34.34159,518.1600000000001 18.49365,-34.34066,518.1600000000001 18.49319,-34.33965,518.1600000000001 18.49285,-34.33875,525.78 18.49239,-34.33763,525.78 18.49199,-34.3367,533.4 18.49165,-34.33577,533.4 18.49122,-34.33466,533.4 18.49079,-34.33348,541.02 18.49044,-34.33255,548.64 18.4901,-34.33139,548.64 18.48982,-34.33046,556.26 18.48948,-34.32915,563.88 18.48921,-34.32816,563.88 18.48896,-34.3272,571.5 18.48876,-34.32632,571.5 18.4885,-34.32534,579.12 18.48833,-34.32441,579.12 18.48804,-34.3232,586.74 18.48786,-34.32239,594.36 18.48764,-34.32124,601.98 18.48736,-34.32013,609.6 18.48719,-34.31919,609.6 18.48656,-34.31594,617.22 18.48587,-34.3124,624.84 18.48539,-34.30879,632.46 18.48528,-34.30779,640.08 18.48518,-34.30667,640.08 18.48511,-34.30559,640.08
        </coordinates>
      </LineString>
    </Placemark>
  </Document>
</kml>