<?xml version="1.0" encoding="UTF-8"?>
<kml xmlns="http://www.opengis.net/kml/2.2">
  <Document>
    <name>FR24 ZTHOT 3dc70ca1 - Optimised</name>
    <description><![CDATA[Optimised flight path with 1 points (decimated from 1 original points). Source format: Standard KML]]></description>
    
    <Style id="flightPath">
      <LineStyle>
        <color>ff0000ff</color>
        <width>3</width>
      </LineStyle>
    </Style>
    
    <Placemark>
      <name>Flight Path</name>
      <description><![CDATA[Source: ADS-B
Start (SAST): 2026-01-05 09:01:26
End (SAST): 2026-01-05 18:10:07
Points: 4699]]></description>
      <styleUrl>#flightPath</styleUrl>
      <LineString>
        <extrude>1</extrude>
        <tessellate>1</tessellate>
        <altitudeMode>absolute</altitudeMode>
        <coordinates>
          18.42755,-33.90074,91.44 18.4276,-33.90047,91.44 18.42755,-33.89973,91.44 18.42766,-33.89937,91.44 18.42808,-33.89855,91.44 18.42839,-33.89799,121.92 18.42894,-33.8972,121.92 18.42934,-33.89659,121.92 18.42979,-33.89599,152.4 18.43025,-33.89534,152.4 18.43085,-33.89452,152.4 18.43122,-33.89403,182.88 18.43164,-33.89337,182.88 18.43208,-33.89273,213.36 18.4326,-33.89194,213.36 18.43304,-33.89127,213.36 18.43355,-33.89049,243.84 18.43409,-33.88966,243.84 18.4346,-33.88882,274.32 18.435,-33.88811,274.32 18.4354,-33.88742,274.32 18.43586,-33.88659,304.8 18.43618,-33.88577,304.8 18.43635,-33.88518,304.8 18.43649,-33.8844,335.28000000000003 18.43643,-33.88342,335.28000000000003 18.43629,-33.88271,365.76 18.4359,-33.88188,365.76 18.4354,-33.88123,365.76 18.43472,-33.88058,396.24 18.43399,-33.88,396.24 18.43323,-33.8796,396.24 18.43214,-33.87909,396.24 18.43147,-33.87886,426.72 18.43046,-33.87854,426.72 18.42922,-33.8782,426.72 18.42822,-33.87799,426.72 18.42743,-33.87785,457.20000000000005 18.42626,-33.87762,457.20000000000005 18.42531,-33.87749,487.68 18.42373,-33.87741,487.68 18.42287,-33.8776,518.1600000000001 18.42218,-33.87788,548.64 18.42144,-33.87848,548.64 18.42121,-33.87886,579.12 18.42075,-33.87983,609.6 18.42076,-33.88028,640.08 18.42093,-33.88076,640.08 18.42115,-33.88114,670.5600000000001 18.42172,-33.88152,670.5600000000001 18.42233,-33.88179,701.0400000000001 18.42278,-33.88197,701.0400000000001 18.42356,-33.8823,701.0400000000001 18.42419,-33.88258,701.0400000000001 18.42505,-33.883,701.0400000000001 18.42575,-33.88335,701.0400000000001 18.42626,-33.88371,701.0400000000001 18.42693,-33.88426,701.0400000000001 18.42749,-33.8849,731.52 18.42785,-33.8856,731.52 18.42791,-33.88631,731.52 18.42773,-33.88696,731.52 18.42716,-33.88765,731.52 18.42654,-33.88811,731.52 18.4257,-33.88838,731.52 18.4243,-33.88854,731.52 18.42334,-33.88857,731.52 18.42217,-33.88847,731.52 18.4211,-33.88835,731.52 18.42007,-33.88826,731.52 18.41875,-33.88812,731.52 18.41757,-33.88802,731.52 18.41646,-33.88794,731.52 18.41497,-33.88779,731.52 18.41406,-33.8877,731.52 18.41263,-33.88756,731.52 18.41148,-33.88747,731.52 18.41023,-33.88737,731.52 18.40899,-33.88728,731.52 18.40776,-33.88719,731.52 18.40625,-33.8871,731.52 18.40513,-33.88705,731.52 18.4037,-33.88696,731.52 18.40261,-33.88691,731.52 18.4013,-33.88686,762 18.39993,-33.88682,762 18.39849,-33.88682,762 18.39729,-33.88682,762 18.39615,-33.88686,762 18.39509,-33.88696,762 18.3938,-33.88705,762 18.39235,-33.88724,762 18.39123,-33.88742,762 18.38985,-33.88775,792.48 18.3887,-33.88806,792.48 18.38762,-33.8884,792.48 18.38665,-33.88877,792.48 18.38573,-33.88916,792.48 18.38442,-33.88975,792.48 18.38333,-33.8904,822.96 18.38242,-33.89091,822.96 18.3815,-33.89152,822.96 18.38046,-33.89218,822.96 18.37951,-33.89282,822.96 18.37835,-33.89361,822.96 18.37749,-33.89429,822.96 18.37635,-33.89515,822.96 18.37536,-33.89584,822.96 18.37458,-33.89645,822.96 18.37368,-33.89717,822.96 18.37234,-33.89841,822.96 18.37161,-33.89923,822.96 18.37093,-33.90015,822.96 18.37023,-33.90106,822.96 18.36948,-33.90213,822.96 18.36886,-33.90298,822.96 18.36819,-33.9039,822.96 18.36748,-33.90488,822.96 18.36662,-33.90605,792.48 18.36595,-33.90706,792.48 18.36525,-33.908,792.48 18.36462,-33.90893,792.48 18.36382,-33.91008,792.48 18.36308,-33.91116,792.48 18.36253,-33.91205,792.48 18.36176,-33.91321,792.48 18.36113,-33.91429,792.48 18.3605,-33.9154,792.48 18.35993,-33.91633,792.48 18.3593,-33.91754,792.48 18.35877,-33.9185,792.48 18.35827,-33.9195,792.48 18.35759,-33.92088,792.48 18.35712,-33.92178,792.48 18.35664,-33.9229,822.96 18.35609,-33.92406,792.48 18.35563,-33.92505,792.48 18.35501,-33.92628,792.48 18.35457,-33.92729,792.48 18.35406,-33.9283,792.48 18.35335,-33.9296,792.48 18.35289,-33.93054,792.48 18.35197,-33.93221,822.96 18.35098,-33.93416,822.96 18.34991,-33.93658,883.9200000000001 18.3498,-33.93732,883.9200000000001 18.34991,-33.9381,914.4000000000001 18.35014,-33.93864,944.88 18.3507,-33.93906,944.88 18.35106,-33.93919,975.36 18.35171,-33.93919,975.36 18.35227,-33.93906,975.36 18.35278,-33.93877,975.36 18.35318,-33.93849,1005.84 18.35369,-33.93812,1005.84 18.35409,-33.93784,1005.84 18.35457,-33.9375,1036.3200000000002 18.35495,-33.93723,1036.3200000000002 18.35546,-33.93681,1066.8 18.35586,-33.93654,1066.8 18.35627,-33.93621,1066.8 18.35672,-33.93588,1097.28 18.35718,-33.93556,1097.28 18.35771,-33.93526,1097.28 18.35838,-33.93503,1127.76 18.35894,-33.93489,1127.76 18.35972,-33.93484,1127.76 18.36051,-33.93489,1158.24 18.36107,-33.93504,1158.24 18.3617,-33.93537,1158.24 18.36245,-33.93598,1158.24 18.36286,-33.93658,1158.24 18.3633,-33.93742,1158.24 18.36359,-33.93821,1158.24 18.36382,-33.93924,1158.24 18.36393,-33.94016,1158.24 18.36393,-33.94107,1158.24 18.36382,-33.94235,1127.76 18.36365,-33.94333,1127.76 18.36348,-33.94427,1127.76 18.3632,-33.94537,1127.76 18.36285,-33.94664,1127.76 18.3625,-33.94761,1127.76 18.3621,-33.94887,1097.28 18.36163,-33.95013,1097.28 18.3613,-33.95097,1097.28 18.36073,-33.95236,1097.28 18.36045,-33.95316,1097.28 18.35976,-33.95483,1097.28 18.3593,-33.95595,1097.28 18.3589,-33.95692,1097.28 18.35844,-33.95795,1097.28 18.35799,-33.95897,1097.28 18.35748,-33.96021,1097.28 18.35632,-33.96288,1097.28 18.35598,-33.96386,1097.28 18.35558,-33.96484,1097.28 18.35518,-33.96588,1097.28 18.35455,-33.96754,1097.28 18.35421,-33.96856,1097.28 18.35277,-33.97229,1097.28 18.35203,-33.97443,1097.28 18.35126,-33.97687,1097.28 18.35104,-33.97792,1097.28 18.34986,-33.98204,1097.28 18.34957,-33.98327,1097.28 18.34924,-33.98451,1097.28 18.34902,-33.98579,1097.28 18.34879,-33.98685,1097.28 18.34857,-33.98827,1097.28 18.37044,-34.1017,822.96 18.37358,-34.10438,822.96 18.37797,-34.10674,822.96 18.37904,-34.10735,822.96 18.38021,-34.10793,792.48 18.38135,-34.10849,792.48 18.38266,-34.10916,792.48 18.38395,-34.10967,792.48 18.38511,-34.1102,792.48 18.38624,-34.11077,792.48 18.38762,-34.1114,762 18.38905,-34.112,762 18.3904,-34.11257,762 18.39145,-34.11309,762 18.39261,-34.11375,762 18.39364,-34.11432,762 18.39486,-34.11499,762 18.39592,-34.11575,762 18.39692,-34.11656,762 18.39779,-34.11732,762 18.39875,-34.11806,762 18.39979,-34.11855,762 18.40098,-34.11904,762 18.40199,-34.11939,762 18.40329,-34.11984,762 18.40451,-34.12022,762 18.40589,-34.12061,731.52 18.40724,-34.1209,731.52 18.4085,-34.1212,731.52 18.40969,-34.12149,731.52 18.41086,-34.12187,731.52 18.41218,-34.12229,731.52 18.41369,-34.12267,731.52 18.41492,-34.12299,731.52 18.41594,-34.12336,731.52 18.41723,-34.12378,731.52 18.41848,-34.12413,731.52 18.41966,-34.12456,731.52 18.42098,-34.12497,731.52 18.42219,-34.12545,731.52 18.42342,-34.12594,731.52 18.42428,-34.1263,731.52 18.42545,-34.12678,731.52 18.42668,-34.1273,731.52 18.4278,-34.12773,731.52 18.42892,-34.12817,731.52 18.43004,-34.12865,731.52 18.43111,-34.12901,731.52 18.43223,-34.12944,731.52 18.43349,-34.12982,731.52 18.43465,-34.13021,701.0400000000001 18.43585,-34.13065,701.0400000000001 18.43694,-34.13099,701.0400000000001 18.43812,-34.13139,701.0400000000001 18.43929,-34.13179,701.0400000000001 18.44073,-34.1322,701.0400000000001 18.44172,-34.13274,701.0400000000001 18.44328,-34.13253,701.0400000000001 18.44438,-34.13274,701.0400000000001 18.44599,-34.13281,670.5600000000001 18.44729,-34.13276,670.5600000000001 18.44864,-34.13265,670.5600000000001 18.45003,-34.13246,670.5600000000001 18.4513,-34.132,670.5600000000001 18.45254,-34.13156,670.5600000000001 18.45355,-34.13112,670.5600000000001 18.45485,-34.13026,670.5600000000001 18.45594,-34.12976,701.0400000000001 18.45711,-34.12921,701.0400000000001 18.45834,-34.1287,701.0400000000001 18.45953,-34.12799,701.0400000000001 18.46058,-34.12727,670.5600000000001 18.46163,-34.12647,670.5600000000001 18.46253,-34.1257,670.5600000000001 18.46357,-34.12474,670.5600000000001 18.46452,-34.12386,670.5600000000001 18.46538,-34.12301,670.5600000000001 18.46646,-34.12194,701.0400000000001 18.4673,-34.12104,670.5600000000001 18.46806,-34.12002,670.5600000000001 18.46867,-34.11868,670.5600000000001 18.4692,-34.11768,670.5600000000001 18.46943,-34.11657,670.5600000000001 18.46968,-34.11513,670.5600000000001 18.46986,-34.11401,670.5600000000001 18.47003,-34.11282,670.5600000000001 18.47023,-34.11171,670.5600000000001 18.47058,-34.11054,670.5600000000001 18.47079,-34.10929,670.5600000000001 18.47089,-34.10825,670.5600000000001 18.47079,-34.10673,670.5600000000001 18.47085,-34.10549,670.5600000000001 18.47101,-34.10427,670.5600000000001 18.47111,-34.10313,670.5600000000001 18.47107,-34.10201,670.5600000000001 18.47109,-34.10078,670.5600000000001 18.47119,-34.09967,670.5600000000001 18.47117,-34.09855,670.5600000000001 18.47107,-34.0972,670.5600000000001 18.4712,-34.09597,670.5600000000001 18.4712,-34.09476,670.5600000000001 18.47088,-34.09358,670.5600000000001 18.47064,-34.09249,670.5600000000001 18.4703,-34.09127,670.5600000000001 18.46985,-34.09001,670.5600000000001 18.4695,-34.08905,670.5600000000001 18.46892,-34.08809,670.5600000000001 18.4683,-34.08706,670.5600000000001 18.46761,-34.08603,670.5600000000001 18.4669,-34.08504,670.5600000000001 18.46622,-34.08402,670.5600000000001 18.46576,-34.08302,670.5600000000001 18.46515,-34.08182,670.5600000000001 18.46452,-34.08076,670.5600000000001 18.46394,-34.0797,670.5600000000001 18.46347,-34.0787,670.5600000000001 18.46302,-34.07752,670.5600000000001 18.46271,-34.07645,670.5600000000001 18.46215,-34.07538,670.5600000000001 18.46157,-34.07438,670.5600000000001 18.46087,-34.07339,670.5600000000001 18.4604,-34.07247,670.5600000000001 18.45974,-34.07151,670.5600000000001 18.45894,-34.07053,670.5600000000001 18.45817,-34.06961,670.5600000000001 18.45736,-34.06857,670.5600000000001 18.45689,-34.06771,670.5600000000001 18.4561,-34.06672,670.5600000000001 18.45527,-34.06571,670.5600000000001 18.45465,-34.06464,670.5600000000001 18.4542,-34.0636,670.5600000000001 18.45309,-34.06252,670.5600000000001 18.45264,-34.06149,670.5600000000001 18.45245,-34.06044,670.5600000000001 18.45255,-34.05911,670.5600000000001 18.45209,-34.05807,640.08 18.45126,-34.05698,640.08 18.45091,-34.05598,640.08 18.45072,-34.05467,640.08 18.45016,-34.05343,640.08 18.45014,-34.05223,640.08 18.44977,-34.05116,640.08 18.4495,-34.05001,640.08 18.44948,-34.04891,670.5600000000001 18.44932,-34.04785,640.08 18.44906,-34.04679,670.5600000000001 18.44907,-34.04559,670.5600000000001 18.44899,-34.0443,670.5600000000001 18.44902,-34.04329,670.5600000000001 18.44901,-34.04201,670.5600000000001 18.44907,-34.04094,670.5600000000001 18.44905,-34.0399,670.5600000000001 18.44915,-34.0387,670.5600000000001 18.44919,-34.03758,670.5600000000001 18.44927,-34.03625,670.5600000000001 18.44937,-34.03489,670.5600000000001 18.44938,-34.0338,670.5600000000001 18.44962,-34.03259,670.5600000000001 18.44993,-34.03161,670.5600000000001 18.45016,-34.03042,670.5600000000001 18.45033,-34.02945,670.5600000000001 18.45043,-34.02834,670.5600000000001 18.45053,-34.02723,701.0400000000001 18.45072,-34.02616,701.0400000000001 18.45104,-34.02503,701.0400000000001 18.4513,-34.02414,701.0400000000001 18.4516,-34.02324,701.0400000000001 18.45191,-34.02224,701.0400000000001 18.45217,-34.02126,701.0400000000001 18.45242,-34.0202,701.0400000000001 18.45284,-34.01927,701.0400000000001 18.45319,-34.01815,701.0400000000001 18.45345,-34.01711,701.0400000000001 18.45371,-34.01591,701.0400000000001 18.45386,-34.01469,701.0400000000001 18.45418,-34.01366,701.0400000000001 18.45456,-34.01253,701.0400000000001 18.45483,-34.01154,731.52 18.45509,-34.01042,701.0400000000001 18.45531,-34.00934,701.0400000000001 18.45548,-34.00824,731.52 18.45585,-34.0071,731.52 18.45604,-34.00597,731.52 18.45626,-34.00489,731.52 18.45643,-34.00348,731.52 18.45675,-34.00189,731.52 18.45686,-34.00136,731.52 18.45679,-34.00016,731.52 18.45683,-33.99881,731.52 18.45528,-33.99805,731.52 18.45498,-33.9967,731.52 18.45488,-33.99574,731.52 18.45491,-33.99462,731.52 18.45528,-33.99365,731.52 18.45549,-33.99259,731.52 18.4556,-33.99117,731.52 18.45577,-33.99017,731.52 18.45599,-33.98907,701.0400000000001 18.45635,-33.98809,701.0400000000001 18.45681,-33.9869,701.0400000000001 18.4575,-33.9858,701.0400000000001 18.45808,-33.98454,701.0400000000001 18.45848,-33.98345,701.0400000000001 18.45898,-33.98222,701.0400000000001 18.45963,-33.98093,670.5600000000001 18.46027,-33.97964,670.5600000000001 18.4606,-33.97879,670.5600000000001 18.46087,-33.97784,640.08 18.4615,-33.97667,640.08 18.46232,-33.97526,640.08 18.46294,-33.97418,609.6 18.46375,-33.973,579.12 18.46475,-33.97188,579.12 18.46598,-33.97073,579.12 18.46704,-33.96979,548.64 18.46828,-33.96863,548.64 18.46955,-33.96764,548.64 18.47103,-33.96682,548.64 18.4723,-33.96592,548.64 18.47433,-33.9646,548.64 18.47515,-33.96408,548.64 18.47624,-33.96332,518.1600000000001 18.47746,-33.96235,518.1600000000001 18.47843,-33.9617,518.1600000000001 18.47925,-33.96093,518.1600000000001 18.48008,-33.96006,518.1600000000001 18.48086,-33.95905,518.1600000000001 18.48159,-33.95803,518.1600000000001 18.48251,-33.95679,518.1600000000001 18.48316,-33.95561,518.1600000000001 18.48377,-33.95445,518.1600000000001 18.48455,-33.95312,518.1600000000001 18.48502,-33.95179,487.68 18.48517,-33.95077,487.68 18.4855,-33.94954,487.68 18.48638,-33.94659,487.68 18.48444,-33.94436,487.68 18.48438,-33.94328,487.68 18.48421,-33.94198,487.68 18.48405,-33.94089,457.20000000000005 18.48382,-33.93956,457.20000000000005 18.48354,-33.93837,457.20000000000005 18.48326,-33.93732,457.20000000000005 18.48289,-33.93612,457.20000000000005 18.48242,-33.93503,457.20000000000005 18.48192,-33.93393,457.20000000000005 18.4813,-33.93283,457.20000000000005 18.48061,-33.93165,457.20000000000005 18.47996,-33.93077,457.20000000000005 18.479,-33.92953,457.20000000000005 18.4782,-33.92857,457.20000000000005 18.47734,-33.9276,457.20000000000005 18.47631,-33.92651,457.20000000000005 18.47547,-33.9256,426.72 18.47435,-33.92445,457.20000000000005 18.47334,-33.92349,457.20000000000005 18.47237,-33.92262,457.20000000000005 18.47172,-33.92194,457.20000000000005 18.47019,-33.92057,457.20000000000005 18.46933,-33.91982,426.72 18.46813,-33.9188,426.72 18.46687,-33.91782,426.72 18.46601,-33.91708,426.72 18.46493,-33.91624,426.72 18.4637,-33.91525,426.72 18.46286,-33.91461,396.24 18.46135,-33.91338,396.24 18.46029,-33.91247,396.24 18.45903,-33.91135,396.24 18.45812,-33.91047,396.24 18.4572,-33.90953,396.24 18.45625,-33.90852,396.24 18.45514,-33.90721,396.24 18.45434,-33.90619,396.24 18.45354,-33.90525,396.24 18.45294,-33.9045,396.24 18.452,-33.90334,396.24 18.45126,-33.90244,396.24 18.45064,-33.90166,365.76 18.4498,-33.90065,365.76 18.44913,-33.89978,365.76 18.44846,-33.89896,365.76 18.44756,-33.89795,365.76 18.44685,-33.89715,365.76 18.44599,-33.89627,335.28000000000003 18.4452,-33.89557,335.28000000000003 18.44425,-33.89484,335.28000000000003 18.4433,-33.89441,335.28000000000003 18.44251,-33.89424,335.28000000000003 18.44123,-33.89433,335.28000000000003 18.44038,-33.89479,335.28000000000003 18.43977,-33.89548,304.8 18.43952,-33.89613,304.8 18.43941,-33.89682,274.32 18.43946,-33.89743,274.32 18.43969,-33.89846,274.32 18.43982,-33.89909,274.32 18.43999,-33.89992,274.32 18.44004,-33.90064,274.32 18.44005,-33.90111,274.32 18.43982,-33.90147,274.32 18.43935,-33.90167,274.32 18.43895,-33.90162,274.32 18.43837,-33.90143,243.84 18.43781,-33.9012,243.84 18.43712,-33.90092,243.84 18.43666,-33.90069,243.84 18.43603,-33.90041,213.36 18.43557,-33.90022,213.36 18.43506,-33.90004,213.36 18.43444,-33.89992,182.88 18.43374,-33.89981,182.88 18.43334,-33.89981,182.88 18.43237,-33.89981,152.4 18.43175,-33.89987,152.4 18.43128,-33.89999,121.92 18.43002,-33.90055,121.92 18.42962,-33.90051,121.92 18.42939,-33.90036,121.92 18.42928,-33.90013,121.92 18.42895,-33.89978,91.44 18.42861,-33.8996,91.44 18.42836,-33.89962,0 18.42733,-33.89971,91.44 18.42722,-33.89836,121.92 18.42773,-33.89785,121.92 18.42833,-33.89731,121.92 18.429,-33.89676,121.92 18.42962,-33.89622,152.4 18.43019,-33.89561,152.4 18.43065,-33.8951,152.4 18.43136,-33.89438,182.88 18.43192,-33.89383,182.88 18.43248,-33.89314,182.88 18.433,-33.8925,213.36 18.43357,-33.89175,213.36 18.43414,-33.89087,243.84 18.43454,-33.89022,243.84 18.43494,-33.88942,243.84 18.43511,-33.88893,243.84 18.43563,-33.88784,274.32 18.43596,-33.88696,274.32 18.43618,-33.88632,304.8 18.43637,-33.88533,304.8 18.43643,-33.88454,304.8 18.43637,-33.88361,335.28000000000003 18.43618,-33.88275,335.28000000000003 18.43567,-33.88179,335.28000000000003 18.43517,-33.88109,335.28000000000003 18.43449,-33.88039,365.76 18.43349,-33.87959,365.76 18.43254,-33.87895,365.76 18.43168,-33.87848,396.24 18.43054,-33.87793,396.24 18.42939,-33.87751,396.24 18.42831,-33.87713,426.72 18.42705,-33.87672,426.72 18.42609,-33.87643,426.72 18.42516,-33.8762,426.72 18.42419,-33.87592,457.20000000000005 18.42321,-33.87574,457.20000000000005 18.42173,-33.87546,487.68 18.42093,-33.87532,518.1600000000001 18.41998,-33.8752,518.1600000000001 18.41927,-33.87513,548.64 18.41835,-33.87518,579.12 18.41766,-33.87527,579.12 18.41673,-33.87556,609.6 18.41618,-33.87592,609.6 18.41583,-33.87639,609.6 18.41561,-33.87726,640.08 18.41572,-33.87783,640.08 18.41606,-33.87853,670.5600000000001 18.41646,-33.87895,670.5600000000001 18.41701,-33.87941,701.0400000000001 18.41774,-33.87987,701.0400000000001 18.41824,-33.88021,701.0400000000001 18.41881,-33.88063,701.0400000000001 18.41932,-33.88095,731.52 18.41984,-33.88132,731.52 18.42037,-33.88165,731.52 18.42082,-33.88193,731.52 18.42127,-33.88235,762 18.42161,-33.88277,762 18.42161,-33.88319,762 18.42138,-33.8837,762 18.42093,-33.88394,762 18.42007,-33.88421,762 18.41927,-33.88426,762 18.41841,-33.88435,762 18.41749,-33.8844,762 18.41612,-33.8844,762 18.41515,-33.8844,762 18.41398,-33.8844,762 18.4128,-33.88444,762 18.41177,-33.88444,762 18.41045,-33.88449,762 18.40911,-33.88458,762 18.40821,-33.88463,762 18.40698,-33.88477,762 18.4057,-33.88486,762 18.40434,-33.88499,762 18.4033,-33.88509,762 18.40187,-33.88531,792.48 18.4007,-33.88545,762 18.39924,-33.88573,792.48 18.39818,-33.88591,792.48 18.39666,-33.88617,792.48 18.39554,-33.88637,792.48 18.39409,-33.88668,792.48 18.393,-33.88686,792.48 18.39151,-33.88719,792.48 18.39016,-33.88756,792.48 18.38882,-33.88803,792.48 18.38769,-33.88847,792.48 18.38654,-33.88905,792.48 18.385,-33.88985,792.48 18.38425,-33.89031,792.48 18.38299,-33.8911,792.48 18.38179,-33.89194,792.48 18.38041,-33.89296,792.48 18.37944,-33.89375,792.48 18.3785,-33.89452,792.48 18.37766,-33.89525,792.48 18.37698,-33.89585,792.48 18.37581,-33.8969,822.96 18.37486,-33.89777,822.96 18.37402,-33.89854,822.96 18.37286,-33.89957,822.96 18.37212,-33.90032,822.96 18.37109,-33.90129,822.96 18.37011,-33.90223,822.96 18.36937,-33.90298,822.96 18.36857,-33.90372,822.96 18.36752,-33.90472,822.96 18.36399,-33.90823,822.96 18.36068,-33.91168,822.96 18.35976,-33.9127,822.96 18.35896,-33.91368,822.96 18.3581,-33.91475,822.96 18.35741,-33.91558,822.96 18.35655,-33.9167,822.96 18.3558,-33.91786,822.96 18.35518,-33.91885,822.96 18.35451,-33.91997,822.96 18.35392,-33.92099,822.96 18.35323,-33.92234,822.96 18.35278,-33.92331,822.96 18.35226,-33.92439,822.96 18.35171,-33.92564,822.96 18.3512,-33.92674,822.96 18.35076,-33.92775,822.96 18.3502,-33.92899,822.96 18.34969,-33.9303,822.96 18.34923,-33.93127,822.96 18.3486,-33.93277,822.96 18.34826,-33.93374,822.96 18.34762,-33.93535,822.96 18.34723,-33.93644,822.96 18.34545,-33.94217,853.44 18.34532,-33.9429,883.9200000000001 18.34532,-33.94373,883.9200000000001 18.3456,-33.94469,914.4000000000001 18.34621,-33.94533,944.88 18.34711,-33.94556,975.36 18.34773,-33.94542,975.36 18.34829,-33.94514,1005.84 18.34885,-33.94473,1005.84 18.34934,-33.9444,1036.3200000000002 18.34997,-33.94394,1036.3200000000002 18.35049,-33.94357,1036.3200000000002 18.35112,-33.94305,1066.8 18.35176,-33.94244,1066.8 18.35227,-33.94199,1066.8 18.35277,-33.94157,1097.28 18.35318,-33.94114,1097.28 18.35375,-33.94063,1127.76 18.35429,-33.94006,1127.76 18.35479,-33.93965,1127.76 18.35541,-33.93909,1158.24 18.35602,-33.93869,1158.24 18.3567,-33.93842,1188.72 18.35764,-33.93826,1188.72 18.3585,-33.9383,1188.72 18.35933,-33.93855,1188.72 18.36017,-33.93901,1219.2 18.36073,-33.93951,1219.2 18.36124,-33.9402,1219.2 18.36163,-33.94107,1219.2 18.36191,-33.94194,1219.2 18.36199,-33.94263,1188.72 18.36205,-33.94426,1188.72 18.36199,-33.94519,1188.72 18.36182,-33.94668,1188.72 18.36159,-33.9478,1188.72 18.3613,-33.94883,1188.72 18.36101,-33.94981,1188.72 18.36068,-33.95105,1188.72 18.36023,-33.95229,1158.24 18.35978,-33.95357,1158.24 18.35936,-33.95464,1158.24 18.35894,-33.95572,1158.24 18.35838,-33.95702,1158.24 18.35793,-33.95818,1158.24 18.35748,-33.95924,1158.24 18.35692,-33.96057,1158.24 18.35684,-33.96083,1158.24 18.35541,-33.96409,1158.24 18.35489,-33.9654,1158.24 18.35386,-33.96777,1158.24 18.42749,-33.90079,91.44 18.42722,-33.90069,91.44 18.42704,-33.90019,121.92 18.42722,-33.89967,121.92 18.42756,-33.8992,121.92 18.42805,-33.89841,121.92 18.42842,-33.8979,121.92 18.42889,-33.89713,152.4 18.42929,-33.89653,152.4 18.42979,-33.89585,152.4 18.43029,-33.8952,182.88 18.43077,-33.8945,182.88 18.43128,-33.89371,182.88 18.4317,-33.89305,213.36 18.43226,-33.89218,213.36 18.43266,-33.89161,213.36 18.43315,-33.89085,243.84 18.43363,-33.89012,243.84 18.43416,-33.88925,274.32 18.43467,-33.88847,274.32 18.43506,-33.88779,304.8 18.43546,-33.8871,304.8 18.4359,-33.88628,335.28000000000003 18.43635,-33.8855,335.28000000000003 18.43674,-33.88467,365.76 18.43696,-33.88412,365.76 18.4374,-33.88323,365.76 18.43763,-33.88249,396.24 18.43781,-33.88193,396.24 18.43786,-33.88101,396.24 18.43775,-33.88,426.72 18.43747,-33.87909,426.72 18.43708,-33.8784,426.72 18.43657,-33.87762,426.72 18.43601,-33.87698,457.20000000000005 18.43511,-33.87621,457.20000000000005 18.43437,-33.8756,457.20000000000005 18.43334,-33.87495,457.20000000000005 18.43254,-33.87448,457.20000000000005 18.43157,-33.87392,487.68 18.43041,-33.87341,487.68 18.42939,-33.87299,487.68 18.42842,-33.87267,487.68 18.42704,-33.87227,518.1600000000001 18.42598,-33.87199,518.1600000000001 18.42525,-33.87186,518.1600000000001 18.42402,-33.87169,518.1600000000001 18.42287,-33.8715,548.64 18.42218,-33.87146,548.64 18.42093,-33.87136,548.64 18.41978,-33.87141,579.12 18.41875,-33.87155,579.12 18.41806,-33.87183,579.12 18.41712,-33.87241,609.6 18.41652,-33.87318,609.6 18.41623,-33.87392,640.08 18.41617,-33.87465,640.08 18.41634,-33.87534,640.08 18.41663,-33.87606,670.5600000000001 18.41718,-33.87675,670.5600000000001 18.41757,-33.8773,670.5600000000001 18.41824,-33.87797,701.0400000000001 18.41875,-33.87853,701.0400000000001 18.41938,-33.87909,701.0400000000001 18.41995,-33.8796,731.52 18.42054,-33.8801,731.52 18.4211,-33.88058,731.52 18.42172,-33.88115,731.52 18.42228,-33.88165,762 18.4227,-33.88211,762 18.4231,-33.88268,762 18.42329,-33.8833,792.48 18.42318,-33.8839,792.48 18.42278,-33.88449,792.48 18.42217,-33.8849,792.48 18.42155,-33.88519,762 18.42043,-33.88545,762 18.41948,-33.88554,762 18.41818,-33.8856,731.52 18.41709,-33.88556,731.52 18.41595,-33.88551,731.52 18.41417,-33.88542,731.52 18.41314,-33.88533,731.52 18.41163,-33.88518,731.52 18.41017,-33.88509,731.52 18.40894,-33.88499,731.52 18.40776,-33.88495,731.52 18.4063,-33.8849,731.52 18.40501,-33.88486,731.52 18.40384,-33.88481,731.52 18.40256,-33.88482,731.52 18.40096,-33.88482,731.52 18.39997,-33.88486,731.52 18.39861,-33.88491,731.52 18.39695,-33.88509,731.52 18.39571,-33.88531,731.52 18.39459,-33.88554,731.52 18.39324,-33.88591,731.52 18.39223,-33.88623,762 18.39088,-33.88668,762 18.38954,-33.88724,762 18.3886,-33.88765,762 18.38758,-33.8882,762 18.38636,-33.88882,762 18.38556,-33.88929,762 18.38419,-33.89017,762 18.38305,-33.89096,762 18.38213,-33.89166,762 18.38127,-33.8924,762 18.38024,-33.89328,762 18.37933,-33.89413,762 18.37844,-33.89493,762 18.37772,-33.89566,762 18.37698,-33.89641,792.48 18.37604,-33.89731,792.48 18.37549,-33.8979,792.48 18.37429,-33.89915,792.48 18.37357,-33.89996,792.48 18.37273,-33.90092,792.48 18.37189,-33.9019,792.48 18.37132,-33.90269,822.96 18.37046,-33.90376,822.96 18.36981,-33.90463,822.96 18.3692,-33.90541,822.96 18.36847,-33.90642,822.96 18.36782,-33.9073,822.96 18.36708,-33.90833,822.96 18.36645,-33.90921,822.96 18.36565,-33.91032,822.96 18.36496,-33.91126,822.96 18.36422,-33.91228,822.96 18.36359,-33.91319,822.96 18.36313,-33.91382,822.96 18.36236,-33.91502,822.96 18.36174,-33.91594,822.96 18.36102,-33.91698,822.96 18.36051,-33.91786,822.96 18.35984,-33.91896,822.96 18.35928,-33.91992,822.96 18.35855,-33.92103,822.96 18.35798,-33.92201,822.96 18.35735,-33.92303,822.96 18.35681,-33.92395,822.96 18.35627,-33.9248,822.96 18.35558,-33.92592,822.96 18.35501,-33.92697,853.44 18.35457,-33.92784,853.44 18.35401,-33.92903,853.44 18.35356,-33.92995,853.44 18.35316,-33.93082,853.44 18.35266,-33.93201,853.44 18.35227,-33.93301,853.44 18.35182,-33.93416,853.44 18.35123,-33.93602,853.44 18.351,-33.93761,883.9200000000001 18.35115,-33.93878,883.9200000000001 18.35163,-33.93979,914.4000000000001 18.3521,-33.94043,914.4000000000001 18.35277,-33.94107,944.88 18.35358,-33.94147,944.88 18.35457,-33.94171,975.36 18.35558,-33.9417,975.36 18.35642,-33.94153,1005.84 18.35715,-33.94125,1036.3200000000002 18.35758,-33.94096,1036.3200000000002 18.3581,-33.94043,1036.3200000000002 18.35849,-33.94002,1066.8 18.35884,-33.93966,1066.8 18.35928,-33.93924,1066.8 18.35981,-33.93872,1097.28 18.36039,-33.93826,1097.28 18.36079,-33.93793,1097.28 18.36147,-33.93756,1127.76 18.36199,-33.93732,1127.76 18.36267,-33.93714,1158.24 18.36348,-33.93705,1158.24 18.36421,-33.93709,1158.24 18.36514,-33.93737,1158.24 18.36594,-33.93779,1188.72 18.36657,-33.93835,1188.72 18.36701,-33.93892,1188.72 18.36737,-33.93966,1188.72 18.3676,-33.94044,1188.72 18.36777,-33.94161,1188.72 18.36771,-33.94249,1188.72 18.3676,-33.94361,1188.72 18.36748,-33.9445,1188.72 18.36735,-33.94547,1188.72 18.3672,-33.94673,1188.72 18.36702,-33.94761,1188.72 18.36685,-33.94827,1188.72 18.36657,-33.94966,1188.72 18.36634,-33.95082,1188.72 18.36611,-33.95174,1188.72 18.36582,-33.95297,1188.72 18.36548,-33.95404,1188.72 18.36516,-33.95508,1188.72 18.36482,-33.95613,1188.72 18.36438,-33.95737,1188.72 18.36399,-33.95851,1188.72 18.36353,-33.95961,1188.72 18.36314,-33.96057,1188.72 18.36264,-33.9619,1188.72 18.36222,-33.96284,1188.72 18.3617,-33.96409,1188.72 18.36113,-33.9654,1188.72 18.36062,-33.96652,1158.24 18.36017,-33.96748,1158.24 18.35953,-33.96894,1158.24 18.35894,-33.97014,1188.72 18.35844,-33.97112,1188.72 18.3577,-33.97229,1188.72 18.35684,-33.97345,1158.24 18.35609,-33.97433,1158.24 18.35501,-33.97545,1158.24 18.35438,-33.9761,1158.24 18.35328,-33.97719,1158.24 18.3522,-33.97829,1158.24 18.35031,-33.98026,1127.76 18.34829,-33.98232,1127.76 18.34678,-33.98383,1127.76 18.34593,-33.98474,1127.76 18.34471,-33.98611,1097.28 18.34379,-33.98705,1097.28 18.34302,-33.98795,1097.28 18.34207,-33.98904,1097.28 18.3411,-33.99021,1097.28 18.34033,-33.99124,1097.28 18.33944,-33.99244,1097.28 18.33865,-33.99344,1097.28 18.33792,-33.99445,1066.8 18.33714,-33.99536,1066.8 18.33618,-33.9966,1066.8 18.33545,-33.99751,1066.8 18.3345,-33.9987,1066.8 18.33377,-33.99962,1066.8 18.33298,-34.00068,1066.8 18.33209,-34.00182,1066.8 18.33136,-34.00287,1066.8 18.33075,-34.00404,1066.8 18.33029,-34.00492,1066.8 18.32973,-34.00635,1066.8 18.32934,-34.00754,1066.8 18.32914,-34.00883,1036.3200000000002 18.32906,-34.01001,1036.3200000000002 18.32909,-34.01107,1036.3200000000002 18.32926,-34.01246,1036.3200000000002 18.32945,-34.01376,1036.3200000000002 18.32977,-34.01502,1036.3200000000002 18.33012,-34.01623,1036.3200000000002 18.33063,-34.01756,1036.3200000000002 18.3313,-34.01889,1036.3200000000002 18.332,-34.02005,1005.84 18.33271,-34.02104,1005.84 18.33344,-34.02196,1005.84 18.33416,-34.02283,1005.84 18.33521,-34.02405,1005.84 18.33624,-34.02525,1005.84 18.3368,-34.02594,1005.84 18.33761,-34.02694,1005.84 18.33853,-34.02806,1005.84 18.33939,-34.02908,975.36 18.34016,-34.02992,975.36 18.34099,-34.0309,975.36 18.34201,-34.03203,975.36 18.34285,-34.03294,975.36 18.34364,-34.03381,975.36 18.34465,-34.03505,975.36 18.34539,-34.03597,975.36 18.34602,-34.03685,975.36 18.34683,-34.03807,975.36 18.34745,-34.03909,975.36 18.34797,-34.04012,975.36 18.34851,-34.04132,975.36 18.34894,-34.04249,975.36 18.3493,-34.04347,975.36 18.34969,-34.04489,975.36 18.34991,-34.04593,975.36 18.35019,-34.04695,944.88 18.35049,-34.04831,944.88 18.35072,-34.04933,944.88 18.35098,-34.0507,975.36 18.3512,-34.05176,975.36 18.35152,-34.05305,975.36 18.3518,-34.05431,975.36 18.35199,-34.05515,975.36 18.35215,-34.05618,975.36 18.35233,-34.05766,975.36 18.35232,-34.05864,975.36 18.35226,-34.06004,975.36 18.3521,-34.06137,944.88 18.3518,-34.06246,944.88 18.35154,-34.06325,944.88 18.35076,-34.06458,944.88 18.3502,-34.06525,944.88 18.34929,-34.06628,944.88 18.34808,-34.0673,944.88 18.34711,-34.06815,914.4000000000001 18.34627,-34.06902,914.4000000000001 18.34543,-34.07002,914.4000000000001 18.34481,-34.07094,914.4000000000001 18.34419,-34.07205,914.4000000000001 18.34347,-34.07332,914.4000000000001 18.34293,-34.0741,914.4000000000001 18.34196,-34.07501,944.88 18.34106,-34.07556,975.36 18.33996,-34.07591,975.36 18.3391,-34.07602,1005.84 18.33803,-34.07579,1036.3200000000002 18.3375,-34.07549,1036.3200000000002 18.33697,-34.07483,1066.8 18.33681,-34.07428,1066.8 18.33691,-34.07355,1097.28 18.33727,-34.07284,1097.28 18.33775,-34.07236,1097.28 18.33848,-34.07176,1127.76 18.33921,-34.07126,1127.76 18.34002,-34.07079,1127.76 18.34059,-34.07047,1158.24 18.34151,-34.07011,1188.72 18.34218,-34.06993,1188.72 18.34308,-34.06989,1219.2 18.34375,-34.06993,1219.2 18.34471,-34.07014,1219.2 18.34551,-34.07037,1219.2 18.34637,-34.07079,1249.68 18.34711,-34.07126,1249.68 18.34763,-34.07167,1249.68 18.34843,-34.07251,1249.68 18.34883,-34.07317,1249.68 18.34935,-34.07401,1249.68 18.34986,-34.07506,1249.68 18.35026,-34.07596,1249.68 18.35076,-34.07716,1249.68 18.35117,-34.07819,1249.68 18.35154,-34.07922,1249.68 18.35199,-34.08051,1249.68 18.35227,-34.08133,1249.68 18.35272,-34.08257,1219.2 18.35323,-34.08383,1219.2 18.35358,-34.08466,1219.2 18.35415,-34.08597,1219.2 18.35468,-34.08723,1188.72 18.3553,-34.08856,1188.72 18.35581,-34.08941,1188.72 18.35658,-34.09076,1158.24 18.35748,-34.092,1158.24 18.3585,-34.09318,1158.24 18.35944,-34.09415,1158.24 18.36023,-34.09488,1158.24 18.36164,-34.09598,1158.24 18.36258,-34.0968,1158.24 18.36359,-34.09789,1158.24 18.36438,-34.09904,1158.24 18.36491,-34.10012,1127.76 18.36533,-34.10133,1127.76 18.36565,-34.10282,1127.76 18.36583,-34.10408,1127.76 18.36588,-34.10543,1127.76 18.36583,-34.10678,1097.28 18.36567,-34.1082,1097.28 18.36527,-34.10966,1097.28 18.36479,-34.11078,1097.28 18.36411,-34.11199,1097.28 18.3633,-34.11316,1097.28 18.36269,-34.11411,1097.28 18.36182,-34.11534,1097.28 18.36107,-34.11641,1097.28 18.36044,-34.11758,1066.8 18.35989,-34.11887,1066.8 18.35944,-34.12024,1066.8 18.35913,-34.12149,1036.3200000000002 18.35883,-34.1228,1036.3200000000002 18.35849,-34.12399,1036.3200000000002 18.35815,-34.12507,1036.3200000000002 18.35754,-34.12642,1036.3200000000002 18.35701,-34.12754,1036.3200000000002 18.35636,-34.12862,1036.3200000000002 18.35563,-34.12958,1036.3200000000002 18.35479,-34.1304,1036.3200000000002 18.35384,-34.13113,1036.3200000000002 18.35283,-34.13187,1036.3200000000002 18.35165,-34.13278,1036.3200000000002 18.35072,-34.13382,1036.3200000000002 18.35009,-34.13475,1036.3200000000002 18.34951,-34.13596,1036.3200000000002 18.34919,-34.13741,1005.84 18.34907,-34.13855,1005.84 18.34911,-34.13992,1005.84 18.34929,-34.14104,1005.84 18.34963,-34.14239,1005.84 18.34997,-34.14346,1005.84 18.35037,-34.14462,1005.84 18.35077,-34.14569,1005.84 18.35137,-34.14702,975.36 18.35182,-34.14807,975.36 18.35233,-34.14908,975.36 18.35294,-34.15031,1005.84 18.35346,-34.15133,1005.84 18.3539,-34.1521,1005.84 18.35455,-34.15333,1005.84 18.3553,-34.15462,975.36 18.35586,-34.15558,975.36 18.35667,-34.15701,975.36 18.35715,-34.15796,975.36 18.35771,-34.15901,975.36 18.35843,-34.16025,975.36 18.35901,-34.16129,975.36 18.35967,-34.1624,975.36 18.36044,-34.16376,975.36 18.36102,-34.16478,975.36 18.36302,-34.16818,975.36 18.36519,-34.17176,944.88 18.36774,-34.17595,944.88 18.36983,-34.1794,914.4000000000001 18.37161,-34.18245,914.4000000000001 18.37407,-34.1868,944.88 18.37576,-34.19014,944.88 18.37618,-34.19108,944.88 18.37675,-34.1922,944.88 18.37733,-34.19344,944.88 18.37784,-34.19444,944.88 18.37852,-34.19579,944.88 18.37901,-34.19673,944.88 18.37951,-34.19769,944.88 18.38001,-34.19872,944.88 18.38058,-34.1998,944.88 18.38121,-34.20105,944.88 18.38158,-34.20186,944.88 18.38209,-34.203,944.88 18.38254,-34.20406,944.88 18.38305,-34.20519,944.88 18.38356,-34.20626,944.88 18.384,-34.20731,944.88 18.38444,-34.20831,944.88 18.38506,-34.2095,944.88 18.38562,-34.21074,944.88 18.38619,-34.2118,944.88 18.38663,-34.2128,944.88 18.38719,-34.21385,944.88 18.38762,-34.21478,944.88 18.38814,-34.2158,944.88 18.38877,-34.21711,944.88 18.38921,-34.21806,944.88 18.38971,-34.21902,914.4000000000001 18.39037,-34.22032,914.4000000000001 18.39078,-34.22113,914.4000000000001 18.39145,-34.22237,914.4000000000001 18.39197,-34.22343,914.4000000000001 18.3924,-34.22438,914.4000000000001 18.39285,-34.22552,914.4000000000001 18.39317,-34.22655,914.4000000000001 18.39358,-34.22786,914.4000000000001 18.39392,-34.22907,914.4000000000001 18.39414,-34.23006,914.4000000000001 18.39443,-34.23112,914.4000000000001 18.39476,-34.23235,914.4000000000001 18.39506,-34.23368,914.4000000000001 18.39532,-34.23486,914.4000000000001 18.39554,-34.23596,914.4000000000001 18.39593,-34.23738,914.4000000000001 18.39638,-34.23866,914.4000000000001 18.39678,-34.23973,914.4000000000001 18.39739,-34.241,914.4000000000001 18.39801,-34.24205,914.4000000000001 18.39861,-34.24299,914.4000000000001 18.39941,-34.2442,914.4000000000001 18.40025,-34.2453,914.4000000000001 18.40098,-34.24622,914.4000000000001 18.40181,-34.24722,914.4000000000001 18.40255,-34.24809,914.4000000000001 18.40359,-34.24932,914.4000000000001 18.40433,-34.25025,914.4000000000001 18.40508,-34.25113,914.4000000000001 18.4058,-34.25212,914.4000000000001 18.40668,-34.25328,914.4000000000001 18.40736,-34.25421,914.4000000000001 18.4081,-34.25519,914.4000000000001 18.40894,-34.25633,914.4000000000001 18.40956,-34.2572,914.4000000000001 18.41039,-34.25839,914.4000000000001 18.41103,-34.25928,914.4000000000001 18.41185,-34.26045,914.4000000000001 18.41258,-34.26151,914.4000000000001 18.41337,-34.26268,914.4000000000001 18.414,-34.26361,914.4000000000001 18.41454,-34.26453,914.4000000000001 18.41527,-34.26572,914.4000000000001 18.41595,-34.26686,914.4000000000001 18.41652,-34.26794,914.4000000000001 18.41709,-34.26892,914.4000000000001 18.41778,-34.27027,914.4000000000001 18.41824,-34.27107,914.4000000000001 18.4188,-34.27217,914.4000000000001 18.41944,-34.27343,914.4000000000001 18.42015,-34.27473,914.4000000000001 18.42081,-34.27599,914.4000000000001 18.42133,-34.27698,914.4000000000001 18.42194,-34.27821,914.4000000000001 18.4225,-34.27927,914.4000000000001 18.42475,-34.28348,914.4000000000001 18.42536,-34.28453,914.4000000000001 18.42596,-34.28549,914.4000000000001 18.42659,-34.28641,914.4000000000001 18.42743,-34.2876,914.4000000000001 18.42833,-34.28883,883.9200000000001 18.42882,-34.28954,883.9200000000001 18.42979,-34.29089,883.9200000000001 18.43069,-34.29199,883.9200000000001 18.43145,-34.29294,883.9200000000001 18.43237,-34.2941,883.9200000000001 18.43311,-34.29503,883.9200000000001 18.43386,-34.29592,883.9200000000001 18.43483,-34.29716,883.9200000000001 18.43557,-34.29806,883.9200000000001 18.4364,-34.29904,883.9200000000001 18.43729,-34.30006,853.44 18.43814,-34.30101,853.44 18.43895,-34.30188,853.44 18.43999,-34.30302,853.44 18.44089,-34.30389,853.44 18.44184,-34.30481,853.44 18.44274,-34.30563,853.44 18.44376,-34.30648,853.44 18.44473,-34.30732,853.44 18.44588,-34.30829,822.96 18.44719,-34.30928,822.96 18.44823,-34.31003,822.96 18.44918,-34.31071,822.96 18.45068,-34.3117,822.96 18.452,-34.31249,792.48 18.4532,-34.31319,792.48 18.4544,-34.31389,762 18.4558,-34.3147,762 18.45703,-34.31538,762 18.45818,-34.31603,762 18.45955,-34.31682,762 18.46075,-34.31752,762 18.46184,-34.31812,762 18.46325,-34.31895,762 18.46447,-34.31961,762 18.46561,-34.32027,762 18.46682,-34.32096,762 18.47054,-34.32317,731.52 18.47437,-34.32548,731.52 18.47906,-34.32838,731.52 18.4833,-34.33125,701.0400000000001 18.48427,-34.33195,701.0400000000001 18.48567,-34.33296,670.5600000000001 18.49246,-34.33777,670.5600000000001 18.49509,-34.3396,670.5600000000001 18.50109,-34.34418,670.5600000000001 18.50395,-34.34665,670.5600000000001 18.50521,-34.34787,670.5600000000001 18.50636,-34.34917,670.5600000000001 18.50704,-34.35006,670.5600000000001 18.50779,-34.35113,670.5600000000001 18.50836,-34.35211,670.5600000000001 18.50899,-34.35329,670.5600000000001 18.50944,-34.35439,670.5600000000001 18.50973,-34.35541,670.5600000000001 18.50989,-34.35645,670.5600000000001 18.50985,-34.35765,670.5600000000001 18.5095,-34.35887,670.5600000000001 18.50904,-34.36002,670.5600000000001 18.50847,-34.361,670.5600000000001 18.5079,-34.36184,640.08 18.50714,-34.36272,640.08 18.50636,-34.36356,640.08 18.50529,-34.3645,640.08 18.50412,-34.36542,640.08 18.50266,-34.36629,640.08 18.50161,-34.36682,640.08 18.50025,-34.36734,670.5600000000001 18.49903,-34.36775,670.5600000000001 18.49778,-34.36803,670.5600000000001 18.49655,-34.36826,670.5600000000001 18.49543,-34.3684,670.5600000000001 18.49386,-34.36844,670.5600000000001 18.49257,-34.36844,670.5600000000001 18.49136,-34.36835,670.5600000000001 18.48988,-34.36816,670.5600000000001 18.48856,-34.36803,670.5600000000001 18.4869,-34.36779,670.5600000000001 18.48558,-34.36766,640.08 18.48398,-34.36742,640.08 18.48255,-34.36724,640.08 18.48112,-34.367,640.08 18.47968,-34.36679,640.08 18.47837,-34.36658,640.08 18.477,-34.36635,640.08 18.4757,-34.3661,640.08 18.47441,-34.36588,640.08 18.47306,-34.3656,640.08 18.47157,-34.36523,640.08 18.47015,-34.36491,640.08 18.46853,-34.36444,640.08 18.46716,-34.36393,640.08 18.46596,-34.36342,640.08 18.4647,-34.36272,640.08 18.46361,-34.36198,609.6 18.4627,-34.36123,609.6 18.46157,-34.36029,609.6 18.46052,-34.35937,609.6 18.45949,-34.35853,640.08 18.45829,-34.35774,640.08 18.45731,-34.35722,670.5600000000001 18.45617,-34.3569,670.5600000000001 18.45501,-34.35681,701.0400000000001 18.45406,-34.35699,701.0400000000001 18.45291,-34.35755,701.0400000000001 18.45228,-34.3582,701.0400000000001 18.45171,-34.35933,670.5600000000001 18.45228,-34.36216,670.5600000000001 18.453,-34.36299,670.5600000000001 18.45389,-34.36377,670.5600000000001 18.4548,-34.3643,670.5600000000001 18.45583,-34.36481,670.5600000000001 18.4572,-34.36533,670.5600000000001 18.45869,-34.3657,670.5600000000001 18.45995,-34.36597,670.5600000000001 18.46124,-34.3662,670.5600000000001 18.4627,-34.3664,670.5600000000001 18.46387,-34.36656,670.5600000000001 18.46527,-34.36673,670.5600000000001 18.46656,-34.36693,670.5600000000001 18.46779,-34.3671,670.5600000000001 18.46931,-34.36734,670.5600000000001 18.47065,-34.36752,670.5600000000001 18.47197,-34.36775,670.5600000000001 18.47368,-34.36803,670.5600000000001 18.47519,-34.36826,670.5600000000001 18.47609,-34.36845,670.5600000000001 18.47775,-34.36868,670.5600000000001 18.47935,-34.36891,670.5600000000001 18.48061,-34.3691,670.5600000000001 18.48192,-34.36926,670.5600000000001 18.48321,-34.3694,670.5600000000001 18.48483,-34.36954,670.5600000000001 18.48604,-34.36961,670.5600000000001 18.48736,-34.36966,670.5600000000001 18.4887,-34.36963,670.5600000000001 18.49027,-34.36963,701.0400000000001 18.49176,-34.36956,701.0400000000001 18.49331,-34.36952,701.0400000000001 18.49451,-34.36947,701.0400000000001 18.49571,-34.36947,701.0400000000001 18.49731,-34.36947,701.0400000000001 18.49886,-34.36947,701.0400000000001 18.49997,-34.36949,701.0400000000001 18.50138,-34.36952,701.0400000000001 18.5026,-34.36954,731.52 18.50378,-34.36949,731.52 18.50518,-34.36931,731.52 18.50641,-34.369,731.52 18.50776,-34.36848,731.52 18.5087,-34.36784,762 18.50939,-34.36714,762 18.51,-34.36606,762 18.51036,-34.365,762 18.51053,-34.36393,762 18.51062,-34.36267,762 18.51053,-34.36132,731.52 18.51039,-34.36011,731.52 18.51019,-34.3589,731.52 18.50983,-34.35745,731.52 18.5095,-34.35625,701.0400000000001 18.50916,-34.35512,701.0400000000001 18.50849,-34.35342,701.0400000000001 18.50784,-34.3522,701.0400000000001 18.5072,-34.35109,670.5600000000001 18.50647,-34.35004,670.5600000000001 18.50555,-34.3488,670.5600000000001 18.50475,-34.34782,670.5600000000001 18.50372,-34.34656,670.5600000000001 18.50277,-34.34546,670.5600000000001 18.50183,-34.34433,640.08 18.50098,-34.34331,670.5600000000001 18.50019,-34.34225,670.5600000000001 18.49941,-34.34106,670.5600000000001 18.49885,-34.34001,670.5600000000001 18.49823,-34.33873,670.5600000000001 18.49773,-34.33768,670.5600000000001 18.49714,-34.33628,670.5600000000001 18.49686,-34.33549,670.5600000000001 18.4964,-34.33409,701.0400000000001 18.496,-34.33297,701.0400000000001 18.49554,-34.33162,701.0400000000001 18.49515,-34.33017,701.0400000000001 18.49485,-34.32915,701.0400000000001 18.49459,-34.3282,701.0400000000001 18.49425,-34.32701,701.0400000000001 18.49397,-34.32582,701.0400000000001 18.49363,-34.32477,701.0400000000001 18.49324,-34.32349,701.0400000000001 18.49285,-34.32213,701.0400000000001 18.49246,-34.32092,701.0400000000001 18.49201,-34.31955,701.0400000000001 18.49165,-34.31845,701.0400000000001 18.49122,-34.31726,701.0400000000001 18.49083,-34.31607,701.0400000000001 18.48965,-34.31258,701.0400000000001 18.48816,-34.30802,701.0400000000001 18.48674,-34.30312,701.0400000000001 18.48587,-34.29932,701.0400000000001 18.48556,-34.29803,701.0400000000001 18.4853,-34.2968,701.0400000000001 18.48495,-34.29545,701.0400000000001 18.48473,-34.29433,701.0400000000001 18.48444,-34.29295,670.5600000000001 18.48421,-34.29187,670.5600000000001 18.48394,-34.29066,701.0400000000001 18.48358,-34.28922,670.5600000000001 18.4833,-34.28805,701.0400000000001 18.48265,-34.28554,670.5600000000001 18.48225,-34.28403,670.5600000000001 18.4813,-34.2805,701.0400000000001 18.48003,-34.27567,670.5600000000001 18.47952,-34.27367,670.5600000000001 18.47929,-34.27222,701.0400000000001 18.47906,-34.27103,701.0400000000001 18.47889,-34.26988,701.0400000000001 18.47866,-34.26855,701.0400000000001 18.4785,-34.26773,701.0400000000001 18.47816,-34.26636,701.0400000000001 18.47788,-34.2653,701.0400000000001 18.47755,-34.2643,701.0400000000001 18.47721,-34.26334,731.52 18.47671,-34.26215,731.52 18.47626,-34.26114,731.52 18.47575,-34.26004,731.52 18.47511,-34.25882,762 18.47452,-34.25771,762 18.47408,-34.25691,762 18.4734,-34.25574,731.52 18.47306,-34.25505,762 18.47239,-34.25386,762 18.47191,-34.25295,762 18.47134,-34.25188,762 18.47071,-34.25084,762 18.47015,-34.24992,731.52 18.46939,-34.2489,731.52 18.46876,-34.24815,762 18.46802,-34.24722,762 18.46746,-34.24644,762 18.4669,-34.24567,762 18.46619,-34.24462,762 18.46555,-34.24361,762 18.46493,-34.24271,762 18.46418,-34.24168,762 18.46342,-34.24063,762 18.4628,-34.23976,762 18.46189,-34.23861,762 18.46124,-34.2377,731.52 18.46058,-34.23675,731.52 18.45978,-34.23555,701.0400000000001 18.45915,-34.23452,701.0400000000001 18.45849,-34.2334,701.0400000000001 18.45787,-34.23216,701.0400000000001 18.45732,-34.23121,701.0400000000001 18.45681,-34.2301,701.0400000000001 18.45636,-34.22882,701.0400000000001 18.45619,-34.22786,731.52 18.45625,-34.22672,731.52 18.45653,-34.22543,731.52 18.45703,-34.22427,731.52 18.45755,-34.22343,731.52 18.45832,-34.22255,731.52 18.45932,-34.22153,701.0400000000001 18.46029,-34.2206,701.0400000000001 18.4614,-34.21962,701.0400000000001 18.46241,-34.21873,701.0400000000001 18.46337,-34.21783,701.0400000000001 18.46424,-34.21696,701.0400000000001 18.46527,-34.2159,701.0400000000001 18.46619,-34.21478,701.0400000000001 18.46687,-34.21371,701.0400000000001 18.4675,-34.21273,701.0400000000001 18.46807,-34.21147,701.0400000000001 18.46858,-34.21028,701.0400000000001 18.46888,-34.20924,701.0400000000001 18.46914,-34.20813,701.0400000000001 18.46942,-34.20657,701.0400000000001 18.46947,-34.20534,670.5600000000001 18.46947,-34.20424,670.5600000000001 18.46942,-34.20309,670.5600000000001 18.46922,-34.20169,670.5600000000001 18.46903,-34.20081,670.5600000000001 18.46869,-34.19957,640.08 18.46813,-34.1981,640.08 18.46756,-34.19695,640.08 18.46695,-34.19591,640.08 18.46624,-34.19476,609.6 18.4655,-34.19371,609.6 18.4647,-34.19271,609.6 18.46376,-34.1917,609.6 18.46281,-34.1908,609.6 18.46185,-34.18996,609.6 18.46079,-34.18922,579.12 18.45967,-34.18858,579.12 18.45795,-34.18778,579.12 18.45697,-34.18726,579.12 18.45594,-34.18638,609.6 18.45535,-34.18529,640.08 18.45526,-34.18438,640.08 18.45574,-34.18332,640.08 18.45653,-34.18254,640.08 18.45737,-34.18208,640.08 18.45869,-34.18182,640.08 18.45995,-34.18196,640.08 18.46107,-34.18236,640.08 18.46185,-34.18286,640.08 18.46264,-34.18373,640.08 18.46297,-34.18446,640.08 18.4631,-34.18554,609.6 18.4631,-34.18657,609.6 18.46309,-34.18748,609.6 18.46303,-34.1884,609.6 18.46292,-34.18922,609.6 18.46275,-34.19014,579.12 18.46252,-34.19127,579.12 18.46218,-34.19234,579.12 18.4618,-34.19334,579.12 18.46135,-34.19435,579.12 18.46104,-34.19495,579.12 18.46017,-34.19614,609.6 18.45922,-34.19701,609.6 18.45838,-34.19751,609.6 18.45737,-34.19788,609.6 18.45602,-34.19815,609.6 18.45473,-34.19815,609.6 18.45367,-34.19797,609.6 18.45243,-34.19756,609.6 18.45131,-34.19691,609.6 18.45057,-34.1962,640.08 18.44986,-34.19508,609.6 18.44958,-34.1938,609.6 18.44946,-34.19266,609.6 18.44946,-34.19147,609.6 18.44948,-34.19011,609.6 18.44954,-34.1888,609.6 18.44958,-34.18767,609.6 18.44959,-34.18638,609.6 18.44963,-34.18506,609.6 18.44971,-34.18396,609.6 18.44971,-34.1827,609.6 18.44976,-34.18163,640.08 18.44976,-34.18024,640.08 18.4498,-34.1792,640.08 18.44982,-34.17781,640.08 18.44986,-34.17664,640.08 18.44986,-34.17558,640.08 18.44988,-34.17172,640.08 18.44994,-34.16697,670.5600000000001 18.44999,-34.16296,670.5600000000001 18.45011,-34.15915,670.5600000000001 18.45039,-34.15664,670.5600000000001 18.45064,-34.1553,670.5600000000001 18.45085,-34.15412,670.5600000000001 18.45115,-34.15292,670.5600000000001 18.45148,-34.1515,670.5600000000001 18.45176,-34.15041,701.0400000000001 18.45211,-34.14923,701.0400000000001 18.45257,-34.14788,701.0400000000001 18.453,-34.14679,701.0400000000001 18.45343,-34.14574,701.0400000000001 18.454,-34.14445,701.0400000000001 18.45428,-34.14365,701.0400000000001 18.45479,-34.1424,731.52 18.45513,-34.14143,731.52 18.45549,-34.14039,731.52 18.45585,-34.13928,762 18.4563,-34.13818,762 18.45686,-34.13713,762 18.45737,-34.13622,762 18.4581,-34.13507,762 18.45877,-34.13416,762 18.45949,-34.13317,762 18.46012,-34.13229,762 18.46079,-34.13109,762 18.46132,-34.12991,762 18.46174,-34.12875,762 18.46213,-34.12747,762 18.46241,-34.12642,762 18.46275,-34.12518,762 18.46303,-34.12408,762 18.4635,-34.1227,762 18.46393,-34.12161,762 18.46447,-34.12032,762 18.46488,-34.11923,762 18.46544,-34.1179,731.52 18.46573,-34.11702,731.52 18.46624,-34.11553,731.52 18.46653,-34.11455,731.52 18.46695,-34.11319,731.52 18.46727,-34.11204,731.52 18.46779,-34.11059,731.52 18.46848,-34.10925,731.52 18.46899,-34.10845,731.52 18.46996,-34.1072,731.52 18.47088,-34.10617,731.52 18.47183,-34.10522,731.52 18.47317,-34.10422,731.52 18.47418,-34.10358,731.52 18.4757,-34.10284,731.52 18.47682,-34.10234,731.52 18.47849,-34.10165,731.52 18.47968,-34.10097,731.52 18.48074,-34.10019,701.0400000000001 18.48158,-34.09918,701.0400000000001 18.48214,-34.09808,670.5600000000001 18.48242,-34.09694,670.5600000000001 18.48242,-34.09575,670.5600000000001 18.48221,-34.09439,670.5600000000001 18.48175,-34.09309,670.5600000000001 18.4813,-34.09209,670.5600000000001 18.48061,-34.09081,640.08 18.47996,-34.08984,640.08 18.47929,-34.08876,640.08 18.47872,-34.08788,609.6 18.47797,-34.08657,609.6 18.47727,-34.08531,609.6 18.47671,-34.08421,609.6 18.47631,-34.08345,609.6 18.47563,-34.0822,609.6 18.47497,-34.08092,609.6 18.47452,-34.08,609.6 18.47403,-34.07903,609.6 18.4734,-34.07777,609.6 18.47282,-34.0768,609.6 18.47228,-34.07579,609.6 18.47166,-34.07478,609.6 18.4711,-34.07391,609.6 18.47048,-34.07284,609.6 18.46968,-34.07163,609.6 18.46905,-34.07074,609.6 18.46813,-34.0693,609.6 18.46745,-34.06837,609.6 18.46699,-34.06763,609.6 18.46617,-34.06645,609.6 18.4655,-34.06548,640.08 18.46493,-34.06455,640.08 18.46436,-34.06367,640.08 18.46367,-34.0626,640.08 18.46298,-34.06144,640.08 18.46236,-34.06055,640.08 18.46167,-34.05943,640.08 18.46118,-34.05862,640.08 18.46041,-34.05738,640.08 18.45983,-34.05652,640.08 18.45932,-34.05566,640.08 18.45866,-34.05446,640.08 18.45806,-34.05347,670.5600000000001 18.45755,-34.05259,670.5600000000001 18.45703,-34.05152,670.5600000000001 18.45642,-34.05034,670.5600000000001 18.45589,-34.04919,670.5600000000001 18.45546,-34.04823,670.5600000000001 18.45501,-34.04727,670.5600000000001 18.45451,-34.04608,670.5600000000001 18.45411,-34.045,670.5600000000001 18.4536,-34.0437,670.5600000000001 18.45322,-34.04265,670.5600000000001 18.4528,-34.04128,670.5600000000001 18.45255,-34.04041,670.5600000000001 18.45227,-34.03935,670.5600000000001 18.45194,-34.03811,670.5600000000001 18.45165,-34.03704,670.5600000000001 18.45142,-34.03602,670.5600000000001 18.45109,-34.03459,670.5600000000001 18.45092,-34.03372,701.0400000000001 18.45068,-34.03248,701.0400000000001 18.45058,-34.03171,701.0400000000001 18.45047,-34.03038,701.0400000000001 18.45039,-34.02936,731.52 18.45036,-34.02837,731.52 18.45034,-34.02717,731.52 18.45039,-34.02601,731.52 18.45047,-34.0248,701.0400000000001 18.45057,-34.02368,701.0400000000001 18.45068,-34.02261,701.0400000000001 18.45074,-34.02154,701.0400000000001 18.45086,-34.02022,731.52 18.45103,-34.01912,731.52 18.45114,-34.01805,731.52 18.45126,-34.01669,731.52 18.45137,-34.01577,731.52 18.45154,-34.01454,731.52 18.45165,-34.01358,731.52 18.45176,-34.01225,731.52 18.45187,-34.01115,731.52 18.45222,-34.00771,731.52 18.45228,-34.0065,762 18.45217,-34.00525,762 18.452,-34.00413,762 18.45182,-34.00301,762 18.45154,-34.00171,762 18.45131,-34.00076,762 18.45102,-33.99957,762 18.45074,-33.9985,762 18.45039,-33.99728,792.48 18.45003,-33.99623,792.48 18.44948,-33.99529,822.96 18.44896,-33.99454,822.96 18.44833,-33.99389,853.44 18.44739,-33.99307,853.44 18.44677,-33.99266,883.9200000000001 18.4457,-33.99202,883.9200000000001 18.4449,-33.99161,883.9200000000001 18.44393,-33.99105,914.4000000000001 18.44324,-33.99051,914.4000000000001 18.44267,-33.98993,944.88 18.44215,-33.98904,944.88 18.44193,-33.9883,944.88 18.44184,-33.9874,944.88 18.44193,-33.98648,944.88 18.44229,-33.98534,944.88 18.44255,-33.98453,975.36 18.44284,-33.98369,975.36 18.44313,-33.98295,975.36 18.44341,-33.98211,975.36 18.44397,-33.98076,975.36 18.4445,-33.97974,975.36 18.44484,-33.97904,975.36 18.44542,-33.97811,975.36 18.44616,-33.97696,975.36 18.44667,-33.9761,975.36 18.4473,-33.97513,975.36 18.44784,-33.9743,975.36 18.44846,-33.97343,975.36 18.44902,-33.97252,975.36 18.44959,-33.97126,944.88 18.45003,-33.97037,944.88 18.45045,-33.9694,944.88 18.45098,-33.96817,944.88 18.45143,-33.96712,944.88 18.45182,-33.96609,944.88 18.45217,-33.96535,944.88 18.45271,-33.96405,914.4000000000001 18.45308,-33.96316,914.4000000000001 18.45344,-33.96213,914.4000000000001 18.45388,-33.96093,883.9200000000001 18.45417,-33.95988,853.44 18.45445,-33.95856,853.44 18.45457,-33.95753,853.44 18.45463,-33.95627,822.96 18.45451,-33.95515,822.96 18.4544,-33.95403,822.96 18.45428,-33.95306,792.48 18.45406,-33.95183,792.48 18.45383,-33.95082,792.48 18.45339,-33.94991,762 18.4528,-33.94896,762 18.45188,-33.94799,762 18.45119,-33.94743,731.52 18.45008,-33.94661,731.52 18.44925,-33.94603,731.52 18.44816,-33.94529,701.0400000000001 18.44705,-33.94455,701.0400000000001 18.44599,-33.94389,701.0400000000001 18.44507,-33.94328,670.5600000000001 18.44404,-33.94258,670.5600000000001 18.44319,-33.94203,670.5600000000001 18.4421,-33.94124,670.5600000000001 18.44128,-33.94052,640.08 18.44061,-33.93979,640.08 18.43971,-33.93887,640.08 18.43901,-33.93821,609.6 18.43803,-33.93751,609.6 18.43702,-33.93718,640.08 18.43607,-33.937,640.08 18.43483,-33.93681,640.08 18.43397,-33.93668,640.08 18.433,-33.93639,640.08 18.4322,-33.93576,640.08 18.43181,-33.93512,640.08 18.4317,-33.93434,609.6 18.43191,-33.93337,609.6 18.43231,-33.93258,579.12 18.43282,-33.93178,579.12 18.43355,-33.93091,548.64 18.43433,-33.92999,548.64 18.43506,-33.92921,548.64 18.43573,-33.92848,518.1600000000001 18.43666,-33.92751,518.1600000000001 18.43747,-33.92656,518.1600000000001 18.43832,-33.92559,487.68 18.43921,-33.92455,487.68 18.43992,-33.92359,487.68 18.44072,-33.92266,487.68 18.44147,-33.92164,487.68 18.44212,-33.92075,487.68 18.44285,-33.91983,487.68 18.44363,-33.91864,487.68 18.44431,-33.91763,487.68 18.44501,-33.91647,487.68 18.44576,-33.91531,487.68 18.44633,-33.91428,457.20000000000005 18.44689,-33.91333,457.20000000000005 18.4475,-33.91223,457.20000000000005 18.44816,-33.91093,426.72 18.44873,-33.90958,426.72 18.44918,-33.90807,396.24 18.44931,-33.90702,396.24 18.44925,-33.90567,365.76 18.44908,-33.9046,365.76 18.44879,-33.90353,365.76 18.44833,-33.90246,365.76 18.44767,-33.9012,335.28000000000003 18.44705,-33.90024,335.28000000000003 18.44627,-33.8992,335.28000000000003 18.44526,-33.89813,304.8 18.44436,-33.89745,335.28000000000003 18.44341,-33.89687,304.8 18.44234,-33.89658,304.8 18.44124,-33.8965,304.8 18.44005,-33.8968,304.8 18.43943,-33.89717,304.8 18.43866,-33.89817,274.32 18.43849,-33.89883,274.32 18.43849,-33.89939,274.32 18.43848,-33.90024,274.32 18.43842,-33.90097,274.32 18.43838,-33.90148,274.32 18.43821,-33.9019,274.32 18.43786,-33.90234,274.32 18.4374,-33.90265,274.32 18.43713,-33.90276,243.84 18.43635,-33.90294,243.84 18.43603,-33.90297,213.36 18.43534,-33.90294,213.36 18.435,-33.90285,213.36 18.43437,-33.9026,182.88 18.43403,-33.90232,182.88 18.4338,-33.90185,152.4 18.43374,-33.90148,152.4 18.43386,-33.90106,152.4 18.43422,-33.9007,152.4 18.43461,-33.90051,152.4 18.43534,-33.90051,152.4 18.43586,-33.90074,152.4 18.43624,-33.9012,152.4 18.43612,-33.90152,152.4 18.43575,-33.90167,152.4 18.43551,-33.90166,152.4 18.43506,-33.90157,152.4 18.43444,-33.90175,152.4 18.43397,-33.90199,152.4 18.43351,-33.90208,152.4 18.43288,-33.90195,152.4 18.43237,-33.90161,152.4 18.43191,-33.90125,152.4 18.43147,-33.90097,121.92 18.43097,-33.90065,121.92 18.43037,-33.90036,121.92 18.42997,-33.90022,121.92 18.42962,-33.90013,121.92 18.42888,-33.90004,121.92 18.42839,-33.90001,121.92 18.42779,-33.90004,121.92 18.42738,-33.9001,91.44 18.42705,-33.90022,91.44 18.42688,-33.90046,91.44 18.42699,-33.90074,91.44 18.42719,-33.90074,0 18.42739,-33.90064,91.44 18.42722,-33.90013,91.44 18.42716,-33.89929,91.44 18.42728,-33.89855,91.44 18.42755,-33.89777,121.92 18.42788,-33.89722,121.92 18.42828,-33.89667,121.92 18.42871,-33.89618,152.4 18.42917,-33.89566,152.4 18.42973,-33.89497,182.88 18.43018,-33.89438,182.88 18.43069,-33.89365,182.88 18.43117,-33.89301,213.36 18.43147,-33.8925,213.36 18.43197,-33.89185,213.36 18.43248,-33.89104,243.84 18.433,-33.89022,243.84 18.43343,-33.88957,243.84 18.43391,-33.88873,274.32 18.43431,-33.88794,274.32 18.43467,-33.88724,304.8 18.435,-33.88628,304.8 18.43517,-33.8856,304.8 18.43523,-33.88472,335.28000000000003 18.43517,-33.88403,335.28000000000003 18.43495,-33.88321,365.76 18.43461,-33.88239,365.76 18.4342,-33.88165,396.24 18.43377,-33.88101,396.24 18.43306,-33.88021,426.72 18.43243,-33.8797,426.72 18.43158,-33.87904,457.20000000000005 18.43085,-33.87863,457.20000000000005 18.43007,-33.87822,457.20000000000005 18.42911,-33.87793,487.68 18.42796,-33.87765,487.68 18.4271,-33.87746,487.68 18.42585,-33.87723,518.1600000000001 18.42475,-33.87708,518.1600000000001 18.42379,-33.87694,518.1600000000001 18.42267,-33.8768,548.64 18.42155,-33.87666,548.64 18.42043,-33.87657,548.64 18.41944,-33.87648,579.12 18.41829,-33.87643,579.12 18.41703,-33.87639,579.12 18.41628,-33.87639,609.6 18.41488,-33.87639,609.6 18.41354,-33.87639,640.08 18.41269,-33.87643,640.08 18.41168,-33.87653,640.08 18.41063,-33.87672,670.5600000000001 18.40984,-33.87689,670.5600000000001 18.4086,-33.87721,670.5600000000001 18.40771,-33.87749,670.5600000000001 18.40681,-33.87781,670.5600000000001 18.4058,-33.87822,670.5600000000001 18.40467,-33.87867,701.0400000000001 18.40372,-33.87909,701.0400000000001 18.40272,-33.8795,701.0400000000001 18.40165,-33.87996,701.0400000000001 18.4005,-33.88049,701.0400000000001 18.39963,-33.88092,701.0400000000001 18.39818,-33.88161,701.0400000000001 18.39741,-33.88202,701.0400000000001 18.39621,-33.88258,701.0400000000001 18.39489,-33.88319,701.0400000000001 18.39386,-33.8837,701.0400000000001 18.39266,-33.88421,701.0400000000001 18.39191,-33.88458,701.0400000000001 18.39077,-33.88514,731.52 18.3896,-33.88573,701.0400000000001 18.38842,-33.88635,701.0400000000001 18.38751,-33.88686,731.52 18.38652,-33.88747,731.52 18.38545,-33.88824,701.0400000000001 18.38419,-33.88914,701.0400000000001 18.38321,-33.88998,701.0400000000001 18.38231,-33.89076,701.0400000000001 18.3815,-33.89152,701.0400000000001 18.38053,-33.8924,701.0400000000001 18.37957,-33.89333,701.0400000000001 18.37901,-33.89392,701.0400000000001 18.37807,-33.89487,701.0400000000001 18.37744,-33.89557,701.0400000000001 18.3766,-33.89644,731.52 18.37584,-33.89738,731.52 18.37514,-33.89818,731.52 18.37446,-33.89897,731.52 18.37368,-33.89992,762 18.37297,-33.90078,762 18.37234,-33.90153,762 18.37161,-33.90253,762 18.37103,-33.9033,731.52 18.37017,-33.90442,731.52 18.3697,-33.90509,731.52 18.36897,-33.90605,731.52 18.36834,-33.90688,731.52 18.36611,-33.90986,731.52 18.36533,-33.91104,701.0400000000001 18.36473,-33.91196,701.0400000000001 18.36337,-33.97115,701.0400000000001 18.36085,-33.9657,701.0400000000001 18.36006,-33.96304,701.0400000000001 18.35964,-33.96088,701.0400000000001 18.3595,-33.95984,701.0400000000001 18.35922,-33.95728,701.0400000000001 18.35905,-33.95613,701.0400000000001 18.3589,-33.95483,701.0400000000001 18.35873,-33.95334,670.5600000000001 18.35855,-33.95222,670.5600000000001 18.35838,-33.95073,670.5600000000001 18.35827,-33.94958,670.5600000000001 18.35821,-33.94841,670.5600000000001 18.35815,-33.9473,640.08 18.3581,-33.94575,640.08 18.35815,-33.94436,640.08 18.35821,-33.94318,640.08 18.35832,-33.94235,640.08 18.35855,-33.94057,640.08 18.35878,-33.93942,609.6 18.35905,-33.93805,609.6 18.35922,-33.93718,609.6 18.35953,-33.93584,609.6 18.35978,-33.93471,640.08 18.36017,-33.93333,640.08 18.36057,-33.93201,640.08 18.36096,-33.93077,640.08 18.36129,-33.92986,640.08 18.36176,-33.92881,640.08 18.36225,-33.92757,640.08 18.36273,-33.92653,670.5600000000001 18.3633,-33.92541,670.5600000000001 18.36393,-33.92418,670.5600000000001 18.36432,-33.92345,670.5600000000001 18.36496,-33.9222,670.5600000000001 18.3655,-33.9212,701.0400000000001 18.36589,-33.92047,701.0400000000001 18.36645,-33.91945,701.0400000000001 18.36714,-33.91833,701.0400000000001 18.36771,-33.9174,701.0400000000001 18.3683,-33.91658,701.0400000000001 18.36914,-33.91544,701.0400000000001 18.36988,-33.91452,701.0400000000001 18.37065,-33.91356,701.0400000000001 18.37137,-33.91265,701.0400000000001 18.37228,-33.91154,701.0400000000001 18.37318,-33.91049,701.0400000000001 18.37391,-33.90962,701.0400000000001 18.37475,-33.90866,701.0400000000001 18.37553,-33.90775,701.0400000000001 18.37632,-33.90697,701.0400000000001 18.37698,-33.90628,701.0400000000001 18.37801,-33.90525,701.0400000000001 18.37898,-33.90432,701.0400000000001 18.37996,-33.90343,701.0400000000001 18.38081,-33.9026,701.0400000000001 18.38175,-33.90175,670.5600000000001 18.38282,-33.90083,670.5600000000001 18.38377,-33.89992,670.5600000000001 18.38489,-33.89891,670.5600000000001 18.38585,-33.89813,670.5600000000001 18.38696,-33.89717,640.08 18.3882,-33.89618,640.08 18.38915,-33.89543,640.08 18.3902,-33.89459,640.08 18.39128,-33.89374,640.08 18.3926,-33.89273,640.08 18.39386,-33.89175,609.6 18.39504,-33.89099,609.6 18.39599,-33.8903,609.6 18.39729,-33.88952,609.6 18.39834,-33.88889,609.6 18.3998,-33.88806,579.12 18.40087,-33.88747,579.12 18.40227,-33.88673,579.12 18.40372,-33.88605,579.12 18.4049,-33.88545,548.64 18.40611,-33.88491,548.64 18.40759,-33.88431,548.64 18.40883,-33.88385,548.64 18.41005,-33.88346,548.64 18.41137,-33.88314,518.1600000000001 18.41303,-33.88281,518.1600000000001 18.41423,-33.88268,518.1600000000001 18.41589,-33.88249,518.1600000000001 18.41709,-33.88244,487.68 18.41903,-33.88243,518.1600000000001 18.42043,-33.88252,518.1600000000001 18.42201,-33.88263,487.68 18.42329,-33.8828,487.68 18.42458,-33.88303,487.68 18.42592,-33.8833,487.68 18.42721,-33.88367,487.68 18.42865,-33.88416,487.68 18.42973,-33.88467,487.68 18.43108,-33.88531,487.68 18.43214,-33.88591,487.68 18.43328,-33.88659,487.68 18.43437,-33.88733,457.20000000000005 18.43551,-33.88815,457.20000000000005 18.43657,-33.88889,457.20000000000005 18.43741,-33.88953,457.20000000000005 18.43853,-33.8904,426.72 18.43937,-33.89113,426.72 18.44022,-33.89186,426.72 18.44134,-33.89287,396.24 18.4421,-33.89361,396.24 18.4429,-33.8945,396.24 18.44376,-33.89548,365.76 18.44453,-33.89653,365.76 18.44504,-33.89726,365.76 18.44543,-33.89813,335.28000000000003 18.44571,-33.89928,335.28000000000003 18.44582,-33.90032,335.28000000000003 18.44571,-33.9012,335.28000000000003 18.44536,-33.90195,335.28000000000003 18.44484,-33.90255,335.28000000000003 18.44386,-33.90312,335.28000000000003 18.44296,-33.90335,304.8 18.44206,-33.90335,304.8 18.44083,-33.90303,274.32 18.43982,-33.90248,274.32 18.43909,-33.90198,274.32 18.43838,-33.90134,243.84 18.43758,-33.9006,243.84 18.43689,-33.89999,243.84 18.43624,-33.89937,213.36 18.43567,-33.89891,213.36 18.43472,-33.8985,213.36 18.43363,-33.89836,182.88 18.43157,-33.89887,152.4 18.42951,-33.89951,121.92 18.42762,-33.89999,91.44 18.42716,-33.90013,91.44 18.42687,-33.90047,91.44 18.42693,-33.90074,91.44 18.42734,-33.90065,0 18.42699,-33.90047,121.92 18.42721,-33.89946,121.92 18.4276,-33.89891,121.92 18.42796,-33.89841,121.92 18.42842,-33.8978,121.92 18.42889,-33.89717,152.4 18.42934,-33.89655,152.4 18.42985,-33.8958,152.4 18.43029,-33.89511,152.4 18.43077,-33.89436,152.4 18.4314,-33.89352,182.88 18.43198,-33.89264,182.88 18.43237,-33.89203,182.88 18.43299,-33.89113,213.36 18.43338,-33.89049,213.36 18.43382,-33.88976,243.84 18.43427,-33.88898,243.84 18.43454,-33.88845,274.32 18.43494,-33.88765,274.32 18.43528,-33.88687,274.32 18.43562,-33.88609,304.8 18.43586,-33.88533,304.8 18.43592,-33.88454,335.28000000000003 18.43584,-33.88353,335.28000000000003 18.43552,-33.88263,335.28000000000003 18.43517,-33.88184,365.76 18.43449,-33.88095,365.76 18.43397,-33.88044,365.76 18.433,-33.87965,396.24 18.43214,-33.87914,396.24 18.43153,-33.87881,426.72 18.42985,-33.87822,426.72 18.42871,-33.87788,457.20000000000005 18.42745,-33.8776,457.20000000000005 18.42625,-33.87737,457.20000000000005 18.42522,-33.87713,487.68 18.42396,-33.87695,487.68 18.42293,-33.87676,487.68 18.42196,-33.87662,518.1600000000001 18.42064,-33.87648,518.1600000000001 18.41931,-33.8763,548.64 18.41858,-33.87625,548.64 18.41735,-33.87621,579.12 18.41639,-33.87625,579.12 18.41555,-33.87639,609.6 18.41471,-33.87671,609.6 18.41409,-33.87712,640.08 18.41359,-33.87767,640.08 18.41331,-33.8782,640.08 18.41325,-33.87895,670.5600000000001 18.41342,-33.8795,670.5600000000001 18.41387,-33.8801,670.5600000000001 18.4144,-33.88053,701.0400000000001 18.41492,-33.88086,701.0400000000001 18.4156,-33.88128,701.0400000000001 18.41645,-33.8817,701.0400000000001 18.41735,-33.88206,701.0400000000001 18.41818,-33.88239,701.0400000000001 18.41886,-33.88266,731.52 18.41953,-33.88289,731.52 18.42037,-33.88321,731.52 18.4211,-33.88353,731.52 18.42161,-33.88379,762 18.42222,-33.88435,762 18.42253,-33.88491,762 18.42236,-33.88565,762 18.42196,-33.88617,762 18.42127,-33.88646,762 18.42024,-33.88659,762 18.41915,-33.88654,762 18.41819,-33.88637,762 18.41743,-33.88626,762 18.41606,-33.88607,762 18.41509,-33.88598,762 18.4137,-33.88577,731.52 18.41253,-33.88564,731.52 18.41137,-33.88551,731.52 18.41017,-33.88537,731.52 18.40857,-33.88523,731.52 18.40714,-33.88519,701.0400000000001 18.40542,-33.88509,701.0400000000001 18.40416,-33.88505,701.0400000000001 18.40256,-33.88505,701.0400000000001 18.40109,-33.88504,701.0400000000001 18.39941,-33.885,701.0400000000001 18.39809,-33.885,701.0400000000001 18.39649,-33.88504,701.0400000000001 18.39526,-33.88509,701.0400000000001 18.39352,-33.88528,701.0400000000001 18.39214,-33.88547,731.52 18.39095,-33.88564,731.52 18.38954,-33.88596,731.52 18.38859,-33.88623,731.52 18.38625,-33.887,731.52 18.38478,-33.88774,731.52 18.3835,-33.88845,731.52 18.38259,-33.88905,731.52 18.38164,-33.88966,731.52 18.3807,-33.89031,731.52 18.3795,-33.89115,731.52 18.37844,-33.89195,762 18.37778,-33.8925,762 18.37681,-33.89324,762 18.37595,-33.89394,762 18.37519,-33.89465,762 18.37419,-33.89552,762 18.37357,-33.89607,762 18.3724,-33.89724,792.48 18.37166,-33.89794,792.48 18.37071,-33.89886,792.48 18.36988,-33.89971,792.48 18.36903,-33.90064,792.48 18.36819,-33.90152,792.48 18.3676,-33.90223,792.48 18.36674,-33.9032,792.48 18.366,-33.90408,822.96 18.36516,-33.90509,822.96 18.3646,-33.90591,822.96 18.36405,-33.90665,822.96 18.36325,-33.90781,822.96 18.36256,-33.90879,822.96 18.36202,-33.90962,822.96 18.36157,-33.91045,853.44 18.36096,-33.9115,853.44 18.3605,-33.91233,853.44 18.36,-33.91319,853.44 18.35958,-33.91405,853.44 18.359,-33.91516,853.44 18.3586,-33.91603,853.44 18.3581,-33.91718,853.44 18.35765,-33.91805,853.44 18.35718,-33.91889,853.44 18.35653,-33.9201,822.96 18.35598,-33.92113,822.96 18.35546,-33.92203,822.96 18.35489,-33.92322,822.96 18.3544,-33.92422,822.96 18.35381,-33.92559,822.96 18.35352,-33.92629,822.96 18.35283,-33.92834,822.96 18.35243,-33.9295,822.96 18.35215,-33.93044,853.44 18.35154,-33.93233,853.44 18.35104,-33.93384,853.44 18.35031,-33.93581,853.44 18.35003,-33.93672,853.44 18.34975,-33.93745,853.44 18.3493,-33.9386,853.44 18.34913,-33.93906,853.44 18.34854,-33.94142,883.9200000000001 18.34848,-33.94231,914.4000000000001 18.3486,-33.94296,914.4000000000001 18.34879,-33.94368,944.88 18.34917,-33.94431,944.88 18.34958,-33.94482,975.36 18.35026,-33.94533,975.36 18.35092,-33.94556,1005.84 18.35175,-33.94566,1005.84 18.35238,-33.9456,1036.3200000000002 18.35323,-33.94529,1036.3200000000002 18.35392,-33.94482,1066.8 18.3544,-33.94432,1066.8 18.35489,-33.94366,1066.8 18.35524,-33.94308,1097.28 18.35563,-33.94244,1097.28 18.35608,-33.94167,1097.28 18.35642,-33.94107,1127.76 18.35686,-33.94029,1127.76 18.35726,-33.93979,1158.24 18.35775,-33.93928,1158.24 18.35855,-33.93864,1158.24 18.35924,-33.9383,1188.72 18.35995,-33.93796,1188.72 18.36068,-33.93777,1188.72 18.36147,-33.93765,1188.72 18.36225,-33.93768,1219.2 18.36302,-33.93784,1219.2 18.36376,-33.93802,1219.2 18.36466,-33.93842,1219.2 18.36525,-33.93877,1219.2 18.36582,-33.93924,1219.2 18.36645,-33.93997,1219.2 18.36685,-33.94072,1219.2 18.36714,-33.94152,1219.2 18.36731,-33.94226,1219.2 18.36742,-33.94328,1188.72 18.36748,-33.94436,1188.72 18.36742,-33.94524,1188.72 18.36725,-33.94645,1188.72 18.36707,-33.94734,1188.72 18.36679,-33.94854,1158.24 18.36657,-33.94948,1158.24 18.36628,-33.95036,1158.24 18.36588,-33.95148,1188.72 18.36554,-33.95236,1188.72 18.3651,-33.95325,1158.24 18.36468,-33.95422,1188.72 18.36416,-33.95548,1188.72 18.36376,-33.95632,1188.72 18.3633,-33.9572,1158.24 18.36269,-33.95837,1158.24 18.36219,-33.95943,1158.24 18.36163,-33.96053,1158.24 18.36118,-33.96144,1158.24 18.36084,-33.96214,1158.24 18.36027,-33.9633,1158.24 18.35964,-33.96456,1158.24 18.35911,-33.9657,1158.24 18.35873,-33.96647,1158.24 18.35798,-33.9681,1158.24 18.35735,-33.96949,1158.24 18.35695,-33.97042,1158.24 18.35653,-33.97151,1158.24 18.3558,-33.97334,1158.24 18.35535,-33.97453,1158.24 18.35512,-33.97545,1158.24 18.35478,-33.97666,1158.24 18.35455,-33.97769,1158.24 18.35438,-33.97871,1127.76 18.35417,-33.97993,1127.76 18.35403,-33.98099,1127.76 18.3539,-33.98186,1127.76 18.35373,-33.98282,1127.76 18.3535,-33.98428,1127.76 18.35335,-33.98523,1127.76 18.35323,-33.98639,1127.76 18.35312,-33.9876,1127.76 18.353,-33.98895,1127.76 18.35289,-33.98979,1127.76 18.35278,-33.99105,1097.28 18.35266,-33.99221,1097.28 18.35255,-33.99352,1097.28 18.35249,-33.99486,1097.28 18.35249,-33.99594,1097.28 18.35249,-33.99701,1097.28 18.35249,-33.99774,1097.28 18.35249,-33.99929,1097.28 18.35244,-34.00026,1097.28 18.35238,-34.00154,1097.28 18.35238,-34.00241,1097.28 18.35227,-34.0036,1097.28 18.35215,-34.00459,1097.28 18.3521,-34.00557,1097.28 18.35209,-34.00645,1066.8 18.35203,-34.00771,1066.8 18.35199,-34.00859,1066.8 18.35193,-34.00955,1066.8 18.35193,-34.01047,1066.8 18.35192,-34.01148,1066.8 18.35188,-34.01266,1066.8 18.35186,-34.01367,1066.8 18.35186,-34.0153,1066.8 18.35186,-34.01628,1036.3200000000002 18.3518,-34.0194,1036.3200000000002 18.35152,-34.02349,1005.84 18.35143,-34.02448,1005.84 18.35126,-34.02567,1005.84 18.35123,-34.02666,1005.84 18.35129,-34.02773,1005.84 18.35152,-34.02857,1005.84 18.35193,-34.02983,1005.84 18.35226,-34.03062,1005.84 18.35277,-34.03185,1005.84 18.353,-34.03257,1005.84 18.35323,-34.03374,1005.84 18.35328,-34.03482,1005.84 18.35306,-34.03583,975.36 18.35278,-34.03676,975.36 18.3522,-34.03778,975.36 18.35169,-34.03853,944.88 18.35112,-34.03937,944.88 18.35042,-34.04041,975.36 18.34997,-34.04146,975.36 18.34974,-34.04235,975.36 18.34957,-34.04333,975.36 18.34951,-34.04444,975.36 18.34958,-34.04539,975.36 18.34974,-34.04672,975.36 18.34986,-34.04755,975.36 18.35003,-34.04868,975.36 18.35019,-34.04956,975.36 18.35025,-34.05048,944.88 18.35036,-34.05144,944.88 18.35048,-34.05267,944.88 18.35053,-34.05377,944.88 18.35064,-34.05464,944.88 18.35083,-34.05585,944.88 18.35112,-34.05683,944.88 18.35143,-34.05771,944.88 18.3518,-34.05864,944.88 18.35232,-34.05971,944.88 18.35277,-34.06064,944.88 18.35316,-34.06133,944.88 18.35384,-34.06238,944.88 18.35455,-34.06343,914.4000000000001 18.35524,-34.06446,914.4000000000001 18.35587,-34.06539,914.4000000000001 18.35644,-34.06618,914.4000000000001 18.35707,-34.06697,914.4000000000001 18.35771,-34.06778,914.4000000000001 18.35861,-34.06888,914.4000000000001 18.35922,-34.06966,914.4000000000001 18.36016,-34.07079,914.4000000000001 18.3609,-34.07158,914.4000000000001 18.36174,-34.07268,944.88 18.36245,-34.07349,944.88 18.36313,-34.07442,944.88 18.36376,-34.07526,944.88 18.36439,-34.07615,944.88 18.36514,-34.07712,944.88 18.36571,-34.07792,944.88 18.36634,-34.07886,944.88 18.36701,-34.07986,944.88 18.36754,-34.08071,944.88 18.36805,-34.08155,944.88 18.36851,-34.08238,944.88 18.36903,-34.08334,944.88 18.3696,-34.08443,944.88 18.37017,-34.08555,914.4000000000001 18.37057,-34.08648,914.4000000000001 18.37103,-34.08741,914.4000000000001 18.37149,-34.08839,914.4000000000001 18.372,-34.08941,914.4000000000001 18.37269,-34.09044,914.4000000000001 18.37351,-34.09135,914.4000000000001 18.37435,-34.09222,883.9200000000001 18.37509,-34.09304,883.9200000000001 18.37592,-34.0941,914.4000000000001 18.37635,-34.095,914.4000000000001 18.37665,-34.09598,914.4000000000001 18.37676,-34.09717,883.9200000000001 18.37671,-34.09836,883.9200000000001 18.37658,-34.09928,883.9200000000001 18.37641,-34.10031,883.9200000000001 18.37615,-34.10152,883.9200000000001 18.37589,-34.10249,883.9200000000001 18.37561,-34.10347,883.9200000000001 18.37531,-34.10463,853.44 18.37498,-34.10589,853.44 18.37475,-34.10687,853.44 18.37447,-34.10802,853.44 18.3743,-34.10902,853.44 18.37429,-34.11027,853.44 18.37458,-34.11134,853.44 18.37521,-34.1125,822.96 18.37615,-34.11342,822.96 18.3771,-34.11406,822.96 18.37852,-34.11474,822.96 18.38001,-34.1152,792.48 18.38136,-34.11557,822.96 18.38271,-34.11589,822.96 18.38394,-34.11617,822.96 18.38533,-34.11641,822.96 18.3864,-34.11662,822.96 18.38786,-34.1169,822.96 18.38894,-34.11711,822.96 18.3905,-34.11745,822.96 18.3918,-34.11776,822.96 18.39302,-34.11804,792.48 18.39472,-34.11842,822.96 18.39586,-34.11869,792.48 18.39735,-34.11902,792.48 18.39861,-34.1193,792.48 18.40014,-34.11969,792.48 18.40143,-34.12006,792.48 18.40266,-34.12042,762 18.40422,-34.12093,762 18.40565,-34.12144,762 18.40679,-34.12181,762 18.40811,-34.12233,762 18.40933,-34.1228,762 18.41034,-34.12316,762 18.41188,-34.12372,762 18.41275,-34.12408,762 18.41423,-34.12465,762 18.41572,-34.12518,762 18.41726,-34.12572,762 18.41852,-34.12614,762 18.42009,-34.12665,762 18.42149,-34.12711,762 18.4229,-34.12756,731.52 18.42699,-34.12889,731.52 18.43276,-34.13086,731.52 18.43405,-34.13127,731.52 18.43545,-34.13168,701.0400000000001 18.43674,-34.132,701.0400000000001 18.4382,-34.13237,701.0400000000001 18.43946,-34.13256,701.0400000000001 18.44107,-34.13285,701.0400000000001 18.44279,-34.13301,701.0400000000001 18.44419,-34.13306,701.0400000000001 18.4456,-34.13301,701.0400000000001 18.4473,-34.13289,701.0400000000001 18.44839,-34.13271,701.0400000000001 18.45005,-34.13233,701.0400000000001 18.45126,-34.13196,701.0400000000001 18.45255,-34.13141,701.0400000000001 18.45377,-34.1307,701.0400000000001 18.45529,-34.12967,701.0400000000001 18.45634,-34.1288,701.0400000000001 18.45726,-34.12801,670.5600000000001 18.45827,-34.12706,670.5600000000001 18.45938,-34.126,670.5600000000001 18.46051,-34.12482,670.5600000000001 18.46146,-34.12386,670.5600000000001 18.46247,-34.12271,670.5600000000001 18.46337,-34.12175,670.5600000000001 18.46424,-34.1207,670.5600000000001 18.46521,-34.11953,670.5600000000001 18.466,-34.11845,670.5600000000001 18.4667,-34.11753,670.5600000000001 18.46767,-34.11623,670.5600000000001 18.46842,-34.1152,701.0400000000001 18.46914,-34.11406,701.0400000000001 18.46979,-34.11301,701.0400000000001 18.47036,-34.11185,701.0400000000001 18.47082,-34.11082,701.0400000000001 18.47121,-34.10966,701.0400000000001 18.47162,-34.10855,701.0400000000001 18.47197,-34.1072,701.0400000000001 18.47228,-34.10614,701.0400000000001 18.47278,-34.10472,701.0400000000001 18.47323,-34.10362,701.0400000000001 18.47374,-34.10243,701.0400000000001 18.47413,-34.10124,701.0400000000001 18.47443,-34.10003,701.0400000000001 18.47452,-34.09886,701.0400000000001 18.47446,-34.09767,701.0400000000001 18.47431,-34.09649,670.5600000000001 18.47403,-34.09514,670.5600000000001 18.47374,-34.09402,701.0400000000001 18.4734,-34.09282,701.0400000000001 18.47306,-34.0914,670.5600000000001 18.47278,-34.0903,701.0400000000001 18.47248,-34.08923,701.0400000000001 18.47219,-34.08806,701.0400000000001 18.47191,-34.0869,701.0400000000001 18.47162,-34.08583,701.0400000000001 18.47132,-34.08444,701.0400000000001 18.4711,-34.08334,701.0400000000001 18.47094,-34.08229,701.0400000000001 18.47071,-34.08094,701.0400000000001 18.47059,-34.07987,701.0400000000001 18.47043,-34.07849,701.0400000000001 18.47031,-34.07726,701.0400000000001 18.47026,-34.07607,701.0400000000001 18.47015,-34.07455,670.5600000000001 18.47009,-34.07341,670.5600000000001 18.47002,-34.07233,670.5600000000001 18.46992,-34.07094,670.5600000000001 18.46985,-34.06977,670.5600000000001 18.46973,-34.0686,670.5600000000001 18.46964,-34.0675,670.5600000000001 18.46951,-34.066,701.0400000000001 18.46942,-34.06485,701.0400000000001 18.46933,-34.06395,701.0400000000001 18.46925,-34.06284,701.0400000000001 18.46908,-34.0616,701.0400000000001 18.46891,-34.06055,701.0400000000001 18.46875,-34.05922,701.0400000000001 18.46852,-34.05803,731.52 18.4683,-34.05696,731.52 18.46807,-34.05583,731.52 18.46779,-34.0545,731.52 18.46745,-34.05333,762 18.46716,-34.05236,762 18.4669,-34.05139,762 18.46651,-34.05002,762 18.46624,-34.04914,762 18.466,-34.0481,762 18.46573,-34.04714,762 18.4655,-34.04612,762 18.46516,-34.04485,762 18.46487,-34.04379,762 18.46464,-34.04277,762 18.46437,-34.04141,731.52 18.46432,-34.04004,731.52 18.46443,-34.03876,731.52 18.46458,-34.03765,731.52 18.46505,-34.03619,701.0400000000001 18.46561,-34.03477,701.0400000000001 18.46628,-34.03326,701.0400000000001 18.4669,-34.0318,701.0400000000001 18.46733,-34.03076,701.0400000000001 18.46796,-34.02931,701.0400000000001 18.46852,-34.02814,701.0400000000001 18.46905,-34.02708,701.0400000000001 18.46981,-34.02567,701.0400000000001 18.47054,-34.02452,701.0400000000001 18.47116,-34.0234,701.0400000000001 18.47194,-34.02223,701.0400000000001 18.47273,-34.02095,701.0400000000001 18.47357,-34.01962,670.5600000000001 18.47425,-34.01851,670.5600000000001 18.47508,-34.01715,701.0400000000001 18.47569,-34.01609,701.0400000000001 18.47626,-34.01507,701.0400000000001 18.47717,-34.01367,701.0400000000001 18.47786,-34.01274,701.0400000000001 18.47867,-34.0117,701.0400000000001 18.4794,-34.01065,701.0400000000001 18.48018,-34.00923,701.0400000000001 18.48063,-34.008,701.0400000000001 18.48091,-34.00681,701.0400000000001 18.48097,-34.00557,670.5600000000001 18.48083,-34.00431,670.5600000000001 18.48055,-34.00296,670.5600000000001 18.48024,-34.00191,670.5600000000001 18.47979,-34.00067,670.5600000000001 18.47923,-33.99943,701.0400000000001 18.47867,-33.99838,701.0400000000001 18.47803,-33.99719,701.0400000000001 18.47749,-33.99619,701.0400000000001 18.4771,-33.99541,701.0400000000001 18.47637,-33.99413,701.0400000000001 18.47581,-33.99312,701.0400000000001 18.47525,-33.99202,701.0400000000001 18.47483,-33.99123,701.0400000000001 18.47407,-33.98978,701.0400000000001 18.47357,-33.98881,701.0400000000001 18.47295,-33.98753,701.0400000000001 18.47254,-33.98653,701.0400000000001 18.47202,-33.98537,670.5600000000001 18.47151,-33.98434,670.5600000000001 18.47093,-33.98296,670.5600000000001 18.4706,-33.98199,640.08 18.47032,-33.98048,640.08 18.47036,-33.97941,640.08 18.47071,-33.97801,640.08 18.47105,-33.97685,640.08 18.47134,-33.97578,640.08 18.47149,-33.97467,640.08 18.47151,-33.97331,640.08 18.47128,-33.97224,609.6 18.47082,-33.97098,609.6 18.47042,-33.96959,609.6 18.47026,-33.9684,609.6 18.47031,-33.9673,609.6 18.47071,-33.96605,579.12 18.47134,-33.96489,579.12 18.47237,-33.96368,548.64 18.47329,-33.96272,548.64 18.47407,-33.96204,548.64 18.4753,-33.96103,548.64 18.47631,-33.96025,548.64 18.47734,-33.95944,548.64 18.47849,-33.95851,548.64 18.47952,-33.95762,548.64 18.48055,-33.95665,548.64 18.48119,-33.95581,548.64 18.48186,-33.95485,548.64 18.48253,-33.95361,548.64 18.48295,-33.9525,548.64 18.4833,-33.95139,548.64 18.48364,-33.94989,548.64 18.48381,-33.94878,518.1600000000001 18.48404,-33.94748,518.1600000000001 18.48416,-33.94624,518.1600000000001 18.48421,-33.94463,518.1600000000001 18.48415,-33.94357,487.68 18.48399,-33.94212,487.68 18.48371,-33.94089,487.68 18.48335,-33.9397,487.68 18.48284,-33.93835,487.68 18.48221,-33.937,457.20000000000005 18.48169,-33.93612,457.20000000000005 18.48102,-33.93484,457.20000000000005 18.48032,-33.93379,457.20000000000005 18.47963,-33.93277,457.20000000000005 18.47866,-33.93151,457.20000000000005 18.47792,-33.93048,457.20000000000005 18.47693,-33.92931,426.72 18.4762,-33.92848,457.20000000000005 18.47514,-33.92734,426.72 18.47437,-33.92653,426.72 18.47317,-33.92536,426.72 18.47222,-33.92445,426.72 18.47128,-33.92355,426.72 18.47004,-33.92239,426.72 18.46905,-33.9215,396.24 18.4683,-33.92084,396.24 18.46693,-33.91964,396.24 18.46589,-33.91873,396.24 18.46464,-33.91763,396.24 18.46367,-33.9167,365.76 18.46241,-33.91562,365.76 18.46132,-33.91461,365.76 18.46041,-33.91377,365.76 18.45938,-33.91283,365.76 18.45838,-33.91187,365.76 18.45726,-33.91077,365.76 18.45612,-33.90963,365.76 18.45526,-33.90874,365.76 18.45423,-33.90763,365.76 18.45348,-33.90665,365.76 18.45288,-33.90573,365.76 18.45211,-33.90442,365.76 18.4516,-33.90339,365.76 18.45115,-33.90225,365.76 18.45074,-33.90088,365.76 18.45053,-33.89987,365.76 18.45036,-33.89868,365.76 18.45019,-33.89726,365.76 18.45005,-33.89622,365.76 18.44982,-33.89496,396.24 18.44958,-33.89388,396.24 18.4493,-33.89282,396.24 18.44879,-33.89177,396.24 18.44776,-33.8904,396.24 18.44683,-33.88971,396.24 18.44582,-33.88934,396.24 18.44456,-33.88938,396.24 18.44274,-33.89081,365.76 18.44255,-33.89166,365.76 18.44255,-33.89264,365.76 18.44285,-33.89369,335.28000000000003 18.44307,-33.89452,335.28000000000003 18.4433,-33.89534,304.8 18.44341,-33.89607,304.8 18.44347,-33.89685,304.8 18.44347,-33.8979,274.32 18.44336,-33.89846,274.32 18.44291,-33.89928,274.32 18.44234,-33.89983,274.32 18.44167,-33.90019,274.32 18.44061,-33.90046,243.84 18.43982,-33.90042,243.84 18.43887,-33.90024,243.84 18.43809,-33.90001,213.36 18.43735,-33.89971,213.36 18.43652,-33.89941,213.36 18.43551,-33.89909,182.88 18.43489,-33.89896,182.88 18.43394,-33.89873,182.88 18.43343,-33.89868,182.88 18.43237,-33.89868,152.4 18.43175,-33.89877,152.4 18.43102,-33.899,152.4 18.43019,-33.89976,152.4 18.43001,-33.90033,121.92 18.4299,-33.9007,121.92 18.42945,-33.90097,121.92 18.42911,-33.90092,121.92 18.42882,-33.90069,121.92 18.42848,-33.90041,121.92 18.42822,-33.90028,121.92 18.42783,-33.90015,121.92 18.42756,-33.90009,121.92 18.42715,-33.90015,91.44 18.42693,-33.90042,91.44 18.42699,-33.9007,91.44 18.42735,-33.90078,0 18.42693,-33.90036,121.92 18.42733,-33.89943,121.92 18.42773,-33.89892,121.92 18.42839,-33.89809,121.92 18.42899,-33.89734,121.92 18.42939,-33.89682,121.92 18.43013,-33.89594,121.92 18.43063,-33.8952,152.4 18.43111,-33.89455,152.4 18.43174,-33.89371,182.88 18.43226,-33.89301,182.88 18.43265,-33.89236,213.36 18.43317,-33.89157,213.36 18.43363,-33.89082,213.36 18.43414,-33.88993,243.84 18.43454,-33.88919,243.84 18.43506,-33.88829,243.84 18.43534,-33.88765,274.32 18.43584,-33.88669,274.32 18.43618,-33.88586,274.32 18.43632,-33.88505,304.8 18.4364,-33.88417,304.8 18.43624,-33.88335,304.8 18.43575,-33.88239,304.8 18.43517,-33.88161,335.28000000000003 18.43439,-33.88078,335.28000000000003 18.4336,-33.88023,335.28000000000003 18.43254,-33.87965,365.76 18.43174,-33.87932,365.76 18.43074,-33.87904,365.76 18.42945,-33.87877,365.76 18.42828,-33.87859,396.24 18.42732,-33.8784,396.24 18.4262,-33.87822,396.24 18.4251,-33.87802,396.24 18.4239,-33.87781,396.24 18.42284,-33.87758,426.72 18.42178,-33.87741,426.72 18.4203,-33.87718,426.72 18.41931,-33.87708,426.72 18.41824,-33.87698,457.20000000000005 18.41695,-33.87694,457.20000000000005 18.41566,-33.87694,457.20000000000005 18.41454,-33.87698,457.20000000000005 18.41348,-33.87712,457.20000000000005 18.41219,-33.87726,457.20000000000005 18.41084,-33.87749,487.68 18.40978,-33.87767,487.68 18.40828,-33.87793,487.68 18.40696,-33.8782,487.68 18.40591,-33.87845,487.68 18.40485,-33.87868,518.1600000000001 18.40376,-33.87895,518.1600000000001 18.40277,-33.87923,518.1600000000001 18.40153,-33.8796,518.1600000000001 18.40064,-33.87987,518.1600000000001 18.39969,-33.88019,548.64 18.39829,-33.88065,548.64 18.39752,-33.88091,548.64 18.39666,-33.88118,579.12 18.39558,-33.8816,579.12 18.39476,-33.88193,579.12 18.39392,-33.8823,609.6 18.39306,-33.88268,609.6 18.39209,-33.88309,609.6 18.39139,-33.88344,640.08 18.39044,-33.8839,640.08 18.38971,-33.88422,670.5600000000001 18.3886,-33.88482,670.5600000000001 18.38768,-33.88528,701.0400000000001 18.38682,-33.88579,701.0400000000001 18.38607,-33.88623,701.0400000000001 18.38528,-33.88672,731.52 18.3845,-33.88715,731.52 18.38377,-33.88756,731.52 18.38287,-33.88811,762 18.38203,-33.88866,762 18.38147,-33.88907,762 18.38063,-33.88966,792.48 18.3799,-33.89026,792.48 18.37927,-33.89073,822.96 18.37858,-33.89124,822.96 18.37795,-33.89175,822.96 18.3771,-33.89255,822.96 18.37652,-33.89305,853.44 18.3757,-33.89383,853.44 18.37503,-33.89441,853.44 18.37435,-33.89506,853.44 18.37351,-33.89584,853.44 18.3728,-33.8965,853.44 18.37206,-33.89715,853.44 18.37137,-33.8978,853.44 18.37063,-33.89841,883.9200000000001 18.36988,-33.89915,883.9200000000001 18.36914,-33.89981,883.9200000000001 18.36847,-33.90047,853.44 18.36774,-33.9012,853.44 18.36695,-33.90198,853.44 18.36589,-33.90303,853.44 18.36516,-33.90381,853.44 18.36451,-33.90451,853.44 18.36359,-33.90546,853.44 18.36281,-33.90628,853.44 18.36199,-33.90725,853.44 18.36135,-33.90802,853.44 18.3605,-33.90907,853.44 18.35989,-33.90994,853.44 18.35922,-33.91086,853.44 18.35866,-33.91173,853.44 18.35815,-33.91246,853.44 18.35754,-33.91347,853.44 18.35703,-33.91434,853.44 18.35653,-33.91525,853.44 18.35604,-33.91615,853.44 18.35558,-33.91704,853.44 18.35512,-33.9181,853.44 18.35461,-33.91922,853.44 18.35421,-33.9201,853.44 18.35373,-33.92116,853.44 18.35329,-33.92206,853.44 18.35283,-33.92303,853.44 18.35244,-33.92386,853.44 18.35192,-33.92499,853.44 18.35146,-33.92583,853.44 18.35106,-33.92662,853.44 18.3506,-33.92764,853.44 18.35019,-33.92862,853.44 18.34974,-33.92965,853.44 18.34934,-33.93067,853.44 18.34806,-33.93407,853.44 18.34768,-33.93504,853.44 18.34728,-33.93616,853.44 18.34705,-33.93677,853.44 18.34644,-33.93851,853.44 18.34605,-33.93951,853.44 18.34568,-33.94054,853.44 18.34539,-33.94138,853.44 18.34504,-33.94249,853.44 18.34459,-33.94386,853.44 18.34437,-33.9446,853.44 18.34352,-33.94794,853.44 18.34328,-33.94934,853.44 18.34291,-33.95087,853.44 18.34265,-33.95181,853.44 18.34235,-33.95279,853.44 18.34179,-33.95453,853.44 18.34151,-33.95535,883.9200000000001 18.34133,-33.95595,883.9200000000001 18.34105,-33.95678,883.9200000000001 18.34076,-33.95776,914.4000000000001 18.3405,-33.9586,944.88 18.34024,-33.95981,1005.84 18.34019,-33.96032,1005.84 18.34013,-33.96088,1036.3200000000002 18.34013,-33.9613,1036.3200000000002 18.34011,-33.9619,1066.8 18.34019,-33.96246,1066.8 18.34039,-33.96291,1097.28 18.34083,-33.96341,1097.28 18.34127,-33.96372,1097.28 18.34212,-33.964,1097.28 18.34319,-33.96419,1097.28 18.34409,-33.96419,1097.28 18.34549,-33.96405,1097.28 18.34648,-33.96381,1097.28 18.3478,-33.96339,1066.8 18.34907,-33.96281,1066.8 18.35053,-33.96204,1066.8 18.35175,-33.96125,1066.8 18.35283,-33.96039,1036.3200000000002 18.35381,-33.95953,1036.3200000000002 18.35479,-33.95856,1036.3200000000002 18.35597,-33.95705,1036.3200000000002 18.35664,-33.95604,1036.3200000000002 18.3573,-33.9546,1036.3200000000002 18.35765,-33.95357,1005.84 18.35798,-33.95222,1005.84 18.35827,-33.95055,975.36 18.35843,-33.94894,944.88 18.35861,-33.94733,944.88 18.35878,-33.94594,914.4000000000001 18.35896,-33.9444,883.9200000000001 18.35918,-33.94273,883.9200000000001 18.35941,-33.94128,853.44 18.35961,-33.93988,853.44 18.35989,-33.93832,853.44 18.36028,-33.93654,822.96 18.36057,-33.93517,822.96 18.36101,-33.93333,822.96 18.36142,-33.93188,792.48 18.36182,-33.93048,792.48 18.36227,-33.92927,792.48 18.36279,-33.92769,762 18.36336,-33.92616,762 18.36393,-33.9248,762 18.36456,-33.92331,762 18.36508,-33.9222,731.52 18.36589,-33.9207,731.52 18.36662,-33.91951,731.52 18.36731,-33.91838,731.52 18.36828,-33.91698,701.0400000000001 18.3692,-33.91566,701.0400000000001 18.37,-33.91452,701.0400000000001 18.37077,-33.91351,701.0400000000001 18.37161,-33.91241,670.5600000000001 18.37273,-33.91104,670.5600000000001 18.3736,-33.90995,670.5600000000001 18.37458,-33.90874,670.5600000000001 18.37543,-33.90772,670.5600000000001 18.37629,-33.9067,670.5600000000001 18.37738,-33.90544,670.5600000000001 18.37835,-33.90437,640.08 18.37961,-33.90306,640.08 18.38046,-33.90221,640.08 18.38142,-33.90125,640.08 18.38254,-33.90015,640.08 18.38349,-33.89923,640.08 18.38461,-33.89827,640.08 18.38579,-33.89724,640.08 18.38699,-33.89618,640.08 18.38802,-33.89529,640.08 18.38915,-33.89442,640.08 18.38997,-33.89384,640.08 18.39128,-33.89296,609.6 18.39254,-33.89217,609.6 18.39386,-33.89145,609.6 18.39532,-33.89072,609.6 18.39655,-33.89012,609.6 18.39815,-33.88942,609.6 18.39935,-33.88893,579.12 18.40064,-33.88838,579.12 18.40239,-33.8877,579.12 18.40384,-33.88715,579.12 18.40513,-33.88673,548.64 18.40647,-33.88628,548.64 18.40815,-33.88582,548.64 18.40995,-33.88531,518.1600000000001 18.4114,-33.88495,518.1600000000001 18.41247,-33.88472,518.1600000000001 18.41426,-33.88431,518.1600000000001 18.41555,-33.88407,518.1600000000001 18.41723,-33.88376,518.1600000000001 18.41858,-33.88358,518.1600000000001 18.42015,-33.88339,518.1600000000001 18.42121,-33.88335,518.1600000000001 18.42287,-33.88342,518.1600000000001 18.42407,-33.88351,518.1600000000001 18.42602,-33.8837,518.1600000000001 18.42732,-33.88394,518.1600000000001 18.42859,-33.8843,518.1600000000001 18.43008,-33.88482,518.1600000000001 18.43117,-33.88528,518.1600000000001 18.43237,-33.88586,518.1600000000001 18.43334,-33.88644,487.68 18.43431,-33.88705,487.68 18.43551,-33.88806,457.20000000000005 18.43652,-33.88889,457.20000000000005 18.43758,-33.88985,426.72 18.43859,-33.89085,426.72 18.43941,-33.8917,396.24 18.44027,-33.89264,396.24 18.44095,-33.89347,365.76 18.44164,-33.89436,365.76 18.44234,-33.89548,335.28000000000003 18.44285,-33.89639,335.28000000000003 18.44341,-33.89749,335.28000000000003 18.44381,-33.89846,304.8 18.44408,-33.89946,304.8 18.44421,-33.90041,304.8 18.44425,-33.90129,304.8 18.44414,-33.90221,304.8 18.44398,-33.9033,304.8 18.44387,-33.904,304.8 18.44387,-33.90455,365.76 18.44414,-33.90454,365.76 18.44398,-33.90413,365.76 18.44364,-33.90358,335.28000000000003 18.44307,-33.90303,304.8 18.44251,-33.90248,274.32 18.44181,-33.90185,274.32 18.4409,-33.90125,274.32 18.44009,-33.90088,274.32 18.43926,-33.9006,274.32 18.43848,-33.90042,274.32 18.43741,-33.90024,274.32 18.43666,-33.90013,243.84 18.43615,-33.90004,243.84 18.43506,-33.89992,243.84 18.43422,-33.89987,243.84 18.43363,-33.89994,213.36 18.433,-33.90009,213.36 18.43242,-33.90033,213.36 18.43192,-33.90065,182.88 18.43136,-33.90102,152.4 18.43065,-33.90134,152.4 18.43002,-33.90134,121.92 18.4294,-33.90102,121.92 18.42899,-33.90074,121.92 18.42867,-33.90047,121.92 18.42828,-33.90024,121.92 18.42777,-33.90005,121.92 18.42749,-33.90005,121.92 18.42699,-33.90032,91.44 18.42693,-33.90056,91.44 18.42721,-33.90078,0 18.42743,-33.90076,0 18.4271,-33.90064,91.44 18.42728,-33.89948,121.92 18.42756,-33.89897,121.92 18.42791,-33.89827,121.92 18.42842,-33.89748,121.92 18.42889,-33.89685,121.92 18.42934,-33.89618,121.92 18.42985,-33.89539,152.4 18.43035,-33.89465,152.4 18.43071,-33.89403,182.88 18.43117,-33.89329,182.88 18.43158,-33.89264,182.88 18.43197,-33.89203,213.36 18.43243,-33.89124,213.36 18.43287,-33.89058,243.84 18.43323,-33.88993,243.84 18.43363,-33.88929,243.84 18.43409,-33.88849,243.84 18.43449,-33.88784,274.32 18.43489,-33.88692,274.32 18.43517,-33.88614,304.8 18.43528,-33.8855,304.8 18.43523,-33.88463,304.8 18.435,-33.88379,335.28000000000003 18.43478,-33.8833,335.28000000000003 18.43433,-33.88257,335.28000000000003 18.43374,-33.88193,365.76 18.43294,-33.88118,365.76 18.4322,-33.88069,365.76 18.43145,-33.88034,396.24 18.43088,-33.88011,396.24 18.42934,-33.87979,426.72 18.42842,-33.87974,426.72 18.42705,-33.8797,457.20000000000005 18.42592,-33.87968,457.20000000000005 18.42499,-33.8797,457.20000000000005 18.42407,-33.87974,487.68 18.42312,-33.87973,487.68 18.42189,-33.87978,487.68 18.42088,-33.87982,518.1600000000001 18.41992,-33.87987,518.1600000000001 18.41869,-33.87988,548.64 18.4178,-33.87996,548.64 18.41652,-33.88002,548.64 18.41566,-33.88007,548.64 18.41449,-33.88019,579.12 18.41377,-33.88025,579.12 18.41263,-33.88034,579.12 18.41143,-33.88049,609.6 18.41045,-33.88063,609.6 18.40922,-33.88078,609.6 18.40822,-33.88091,640.08 18.40731,-33.88106,640.08 18.40639,-33.88123,640.08 18.40518,-33.88142,640.08 18.4041,-33.8816,640.08 18.40302,-33.88179,670.5600000000001 18.40171,-33.88202,670.5600000000001 18.4007,-33.8822,670.5600000000001 18.39975,-33.88239,670.5600000000001 18.39838,-33.88268,701.0400000000001 18.39764,-33.88286,701.0400000000001 18.39689,-33.88309,701.0400000000001 18.39569,-33.88351,701.0400000000001 18.39453,-33.88399,701.0400000000001 18.39329,-33.88449,701.0400000000001 18.39237,-33.88491,701.0400000000001 18.39123,-33.88542,701.0400000000001 18.3902,-33.88602,701.0400000000001 18.38911,-33.88659,701.0400000000001 18.38831,-33.887,701.0400000000001 18.38739,-33.88756,670.5600000000001 18.38657,-33.88806,670.5600000000001 18.38568,-33.88857,670.5600000000001 18.38461,-33.88925,701.0400000000001 18.38377,-33.8898,701.0400000000001 18.38276,-33.89044,701.0400000000001 18.38179,-33.8911,701.0400000000001 18.38097,-33.89168,701.0400000000001 18.38018,-33.89222,701.0400000000001 18.37938,-33.89273,701.0400000000001 18.37858,-33.89329,701.0400000000001 18.37755,-33.89403,701.0400000000001 18.37665,-33.89465,701.0400000000001 18.37595,-33.8952,731.52 18.37508,-33.89589,731.52 18.37441,-33.89639,731.52 18.37379,-33.89694,762 18.37301,-33.89754,762 18.37245,-33.89804,762 18.37189,-33.8985,792.48 18.37137,-33.89906,792.48 18.3708,-33.89957,792.48 18.37017,-33.90022,792.48 18.3696,-33.90074,792.48 18.3688,-33.90157,822.96 18.3683,-33.90216,822.96 18.36763,-33.90289,822.96 18.36708,-33.90348,822.96 18.36628,-33.9045,822.96 18.36571,-33.90516,822.96 18.36527,-33.90564,822.96 18.3646,-33.90656,822.96 18.3641,-33.90733,822.96 18.36365,-33.90791,822.96 18.36309,-33.90875,822.96 18.36245,-33.90981,822.96 18.36205,-33.91047,822.96 18.36146,-33.91136,822.96 18.3609,-33.91233,822.96 18.3605,-33.91307,822.96 18.35999,-33.91391,822.96 18.35964,-33.91452,822.96 18.359,-33.91562,822.96 18.35855,-33.9164,792.48 18.35815,-33.91718,792.48 18.35771,-33.918,792.48 18.35707,-33.91922,792.48 18.35667,-33.91991,792.48 18.35625,-33.92084,792.48 18.35592,-33.92154,792.48 18.35535,-33.92276,792.48 18.35501,-33.92349,792.48 18.35461,-33.92448,792.48 18.35429,-33.92528,792.48 18.3539,-33.92615,792.48 18.35352,-33.92713,792.48 18.35328,-33.92784,792.48 18.35289,-33.92876,792.48 18.35255,-33.92969,792.48 18.35232,-33.93039,792.48 18.35176,-33.93173,792.48 18.35148,-33.93256,792.48 18.35032,-33.93575,762 18.34923,-33.93882,792.48 18.3482,-33.9417,792.48 18.34689,-33.94556,792.48 18.34597,-33.9485,792.48 18.34557,-33.94976,792.48 18.34532,-33.95068,792.48 18.34476,-33.95283,792.48 18.34448,-33.9538,792.48 18.34425,-33.95453,792.48 18.34351,-33.95692,792.48 18.34324,-33.95778,792.48 18.34302,-33.95842,792.48 18.34127,-33.9633,792.48 18.34042,-33.96531,792.48 18.33939,-33.96772,822.96 18.33842,-33.97005,792.48 18.33681,-33.9742,792.48 18.3354,-33.9781,822.96 18.33433,-33.98126,914.4000000000001 18.33366,-33.98299,944.88 18.33275,-33.98551,975.36 18.3322,-33.98726,975.36 18.33192,-33.98804,975.36 18.33166,-33.98872,975.36 18.33138,-33.98951,975.36 18.33102,-33.99037,975.36 18.33075,-33.99119,975.36 18.33046,-33.99193,975.36 18.33013,-33.99284,975.36 18.32983,-33.99379,975.36 18.32957,-33.99463,975.36 18.32926,-33.99556,975.36 18.32897,-33.99631,975.36 18.32867,-33.9971,975.36 18.3284,-33.99789,975.36 18.328,-33.99892,944.88 18.3276,-33.99989,944.88 18.32733,-34.00072,944.88 18.32708,-34.00157,944.88 18.32682,-34.00237,975.36 18.32663,-34.00324,975.36 18.3264,-34.00431,975.36 18.32628,-34.0052,975.36 18.32617,-34.00632,975.36 18.32615,-34.00726,975.36 18.32611,-34.00837,944.88 18.3262,-34.00905,944.88 18.32632,-34.01001,944.88 18.32651,-34.01116,975.36 18.32685,-34.01213,975.36 18.32716,-34.01299,975.36 18.32761,-34.01404,975.36 18.328,-34.01493,944.88 18.32846,-34.01586,975.36 18.32901,-34.01692,944.88 18.32954,-34.01786,944.88 18.33017,-34.01893,944.88 18.3308,-34.01999,944.88 18.33138,-34.02089,944.88 18.33195,-34.02191,944.88 18.33259,-34.02292,944.88 18.33303,-34.02359,944.88 18.33372,-34.02466,944.88 18.33424,-34.02559,944.88 18.33498,-34.02666,944.88 18.33551,-34.02736,944.88 18.33612,-34.02819,944.88 18.3371,-34.02922,944.88 18.33775,-34.02988,914.4000000000001 18.33853,-34.03076,914.4000000000001 18.33932,-34.03175,914.4000000000001 18.3399,-34.03252,914.4000000000001 18.34059,-34.03355,914.4000000000001 18.3411,-34.03444,914.4000000000001 18.34167,-34.03551,914.4000000000001 18.34213,-34.03648,944.88 18.34242,-34.03727,944.88 18.3428,-34.0383,944.88 18.34311,-34.03918,944.88 18.34341,-34.04004,944.88 18.34369,-34.04109,944.88 18.34396,-34.04198,944.88 18.34437,-34.04283,944.88 18.34492,-34.04375,944.88 18.34566,-34.04462,944.88 18.3466,-34.04533,944.88 18.34767,-34.04581,944.88 18.3486,-34.04602,975.36 18.35014,-34.04607,975.36 18.35126,-34.04576,975.36 18.35243,-34.04514,1005.84 18.35323,-34.0443,1005.84 18.3539,-34.0432,975.36 18.35426,-34.04198,975.36 18.35429,-34.04059,975.36 18.35398,-34.03932,975.36 18.3535,-34.03839,975.36 18.35278,-34.03737,975.36 18.35192,-34.03653,975.36 18.35083,-34.03555,944.88 18.3498,-34.03473,944.88 18.34877,-34.03397,944.88 18.34745,-34.03299,914.4000000000001 18.34631,-34.0322,914.4000000000001 18.34515,-34.03139,914.4000000000001 18.34369,-34.03043,883.9200000000001 18.34257,-34.02965,883.9200000000001 18.34133,-34.02885,883.9200000000001 18.34024,-34.02806,883.9200000000001 18.33893,-34.02713,883.9200000000001 18.33784,-34.02638,853.44 18.33669,-34.02557,853.44 18.33534,-34.02461,853.44 18.33412,-34.02368,822.96 18.33299,-34.02274,822.96 18.33164,-34.02164,822.96 18.33069,-34.02077,822.96 18.32968,-34.01976,822.96 18.32857,-34.01851,822.96 18.32766,-34.01726,792.48 18.32699,-34.01605,792.48 18.32651,-34.01498,792.48 18.32598,-34.01349,792.48 18.32571,-34.01209,792.48 18.32559,-34.01083,792.48 18.32559,-34.0096,822.96 18.32576,-34.00836,822.96 18.32604,-34.00717,822.96 18.32657,-34.00552,822.96 18.32697,-34.00441,853.44 18.32743,-34.00315,853.44 18.32794,-34.00199,853.44 18.32845,-34.00085,822.96 18.32909,-33.99943,822.96 18.32966,-33.99826,822.96 18.3303,-33.99701,822.96 18.33422,-33.98978,762 18.33601,-33.98671,762 18.33792,-33.98337,762 18.34179,-33.9768,731.52 18.34521,-33.97041,731.52 18.34831,-33.96395,701.0400000000001 18.34969,-33.96062,701.0400000000001 18.3506,-33.95837,670.5600000000001 18.35106,-33.95711,670.5600000000001 18.35209,-33.95436,670.5600000000001 18.35255,-33.95306,670.5600000000001 18.35311,-33.95151,670.5600000000001 18.35358,-33.95022,670.5600000000001 18.35403,-33.94892,670.5600000000001 18.35524,-33.94519,670.5600000000001 18.35695,-33.93979,670.5600000000001 18.35843,-33.93544,640.08 18.36028,-33.93045,670.5600000000001 18.36073,-33.92932,670.5600000000001 18.36129,-33.92812,670.5600000000001 18.36176,-33.92709,670.5600000000001 18.36239,-33.92587,670.5600000000001 18.36308,-33.92457,670.5600000000001 18.3637,-33.9234,670.5600000000001 18.36433,-33.92238,670.5600000000001 18.36502,-33.92122,670.5600000000001 18.36594,-33.91991,670.5600000000001 18.36662,-33.91887,670.5600000000001 18.36746,-33.91763,670.5600000000001 18.36817,-33.91656,670.5600000000001 18.36891,-33.91558,670.5600000000001 18.36971,-33.91442,670.5600000000001 18.37074,-33.91307,670.5600000000001 18.37149,-33.91209,670.5600000000001 18.37245,-33.91086,670.5600000000001 18.37346,-33.90962,670.5600000000001 18.37429,-33.9086,670.5600000000001 18.37514,-33.90765,670.5600000000001 18.37618,-33.90641,670.5600000000001 18.37704,-33.90548,670.5600000000001 18.37784,-33.90455,670.5600000000001 18.37884,-33.90353,670.5600000000001 18.37996,-33.90237,670.5600000000001 18.3808,-33.90147,670.5600000000001 18.3819,-33.90041,670.5600000000001 18.38305,-33.89943,670.5600000000001 18.38416,-33.89845,670.5600000000001 18.38522,-33.89762,670.5600000000001 18.38659,-33.89655,670.5600000000001 18.38764,-33.89575,640.08 18.38904,-33.89474,640.08 18.3901,-33.89397,640.08 18.39134,-33.8931,640.08 18.39252,-33.89232,640.08 18.39375,-33.89157,640.08 18.39526,-33.89063,609.6 18.39643,-33.88993,609.6 18.39792,-33.88905,609.6 18.39941,-33.88821,609.6 18.40059,-33.88756,609.6 18.40187,-33.88687,579.12 18.40378,-33.88591,579.12 18.40541,-33.88518,579.12 18.40656,-33.88467,579.12 18.40838,-33.88399,579.12 18.40978,-33.88353,548.64 18.41112,-33.88312,548.64 18.41253,-33.88275,548.64 18.41383,-33.88244,518.1600000000001 18.41549,-33.88216,518.1600000000001 18.41695,-33.88197,518.1600000000001 18.41863,-33.88188,518.1600000000001 18.42004,-33.88188,487.68 18.42138,-33.88197,487.68 18.42281,-33.88216,487.68 18.4243,-33.88248,487.68 18.42592,-33.88298,457.20000000000005 18.42716,-33.88351,457.20000000000005 18.42831,-33.88407,457.20000000000005 18.4294,-33.88467,457.20000000000005 18.43041,-33.88536,457.20000000000005 18.43145,-33.88607,457.20000000000005 18.43243,-33.88682,426.72 18.43332,-33.88751,426.72 18.43444,-33.88843,426.72 18.43523,-33.88916,426.72 18.43596,-33.8898,396.24 18.43696,-33.89076,396.24 18.43792,-33.8917,365.76 18.4387,-33.8925,365.76 18.43964,-33.89352,365.76 18.44021,-33.89413,365.76 18.44101,-33.8951,335.28000000000003 18.44179,-33.89607,335.28000000000003 18.44229,-33.8968,335.28000000000003 18.44285,-33.89777,304.8 18.44313,-33.8985,304.8 18.4433,-33.89941,304.8 18.44318,-33.90022,304.8 18.44296,-33.90102,304.8 18.4425,-33.90171,274.32 18.44175,-33.90241,274.32 18.44101,-33.90279,274.32 18.43999,-33.90298,243.84 18.43906,-33.90297,243.84 18.43803,-33.90279,243.84 18.43729,-33.90255,213.36 18.43615,-33.90213,213.36 18.43523,-33.9017,182.88 18.4345,-33.90134,182.88 18.43366,-33.90092,182.88 18.43304,-33.90065,152.4 18.4322,-33.90024,152.4 18.4317,-33.90005,152.4 18.43091,-33.89983,152.4 18.43024,-33.89973,121.92 18.42945,-33.89976,121.92 18.42894,-33.89981,121.92 18.42745,-33.89999,121.92 18.42693,-33.90036,91.44 18.42688,-33.90064,91.44 18.42694,-33.90096,0 18.42699,-33.90056,121.92 18.42728,-33.89976,121.92 18.42749,-33.89928,121.92 18.42791,-33.89855,121.92 18.42825,-33.8979,121.92 18.42856,-33.89731,121.92 18.42889,-33.89667,152.4 18.42929,-33.89598,152.4 18.42968,-33.89534,182.88 18.43007,-33.8947,182.88 18.43052,-33.89406,182.88 18.43088,-33.89333,213.36 18.43142,-33.8925,213.36 18.4318,-33.8918,213.36 18.4322,-33.8911,243.84 18.43259,-33.89044,243.84 18.43299,-33.8898,243.84 18.43343,-33.88902,274.32 18.43394,-33.88824,274.32 18.43444,-33.88733,304.8 18.43477,-33.88668,304.8 18.435,-33.88586,335.28000000000003 18.43512,-33.88519,335.28000000000003 18.435,-33.88444,335.28000000000003 18.43478,-33.88371,365.76 18.43444,-33.88303,365.76 18.43388,-33.88216,396.24 18.43338,-33.88156,396.24 18.43265,-33.88083,396.24 18.43192,-33.88023,426.72 18.43128,-33.87979,426.72 18.43019,-33.87914,457.20000000000005 18.42934,-33.87872,457.20000000000005 18.42848,-33.87839,457.20000000000005 18.42751,-33.87807,487.68 18.42665,-33.87778,487.68 18.42579,-33.8776,487.68 18.42482,-33.87741,518.1600000000001 18.4239,-33.8773,518.1600000000001 18.42301,-33.87721,548.64 18.42155,-33.87712,548.64 18.42065,-33.87708,579.12 18.41959,-33.87708,579.12 18.41841,-33.87708,579.12 18.41723,-33.87721,609.6 18.41629,-33.87751,609.6 18.41555,-33.8779,609.6 18.41497,-33.87848,640.08 18.41446,-33.87937,640.08 18.41446,-33.88021,670.5600000000001 18.41471,-33.88078,670.5600000000001 18.41526,-33.88142,670.5600000000001 18.41578,-33.88179,701.0400000000001 18.41651,-33.88229,701.0400000000001 18.41686,-33.88258,701.0400000000001 18.41751,-33.88312,701.0400000000001 18.41806,-33.88356,731.52 18.41847,-33.8839,731.52 18.4188,-33.88422,731.52 18.41914,-33.88458,731.52 18.41932,-33.88482,731.52 18.41961,-33.88523,762 18.41964,-33.8855,762 18.41944,-33.88579,762 18.41903,-33.88605,731.52 18.4183,-33.88628,731.52 18.41746,-33.88641,731.52 18.41645,-33.88651,701.0400000000001 18.41527,-33.88655,701.0400000000001 18.41429,-33.88659,701.0400000000001 18.41292,-33.8866,731.52 18.41191,-33.8866,731.52 18.41085,-33.88659,731.52 18.40965,-33.88659,731.52 18.40866,-33.88655,731.52 18.40737,-33.88651,731.52 18.40616,-33.88649,731.52 18.40508,-33.88649,731.52 18.40405,-33.88649,731.52 18.40255,-33.88646,762 18.40148,-33.88646,762 18.40059,-33.88651,762 18.39913,-33.88655,762 18.39804,-33.88663,762 18.39695,-33.88672,762 18.39552,-33.88691,762 18.39464,-33.88701,792.48 18.3934,-33.88724,792.48 18.39226,-33.88747,792.48 18.39111,-33.88775,792.48 18.39008,-33.88803,792.48 18.38894,-33.88845,792.48 18.38803,-33.88875,792.48 18.38702,-33.88921,792.48 18.38596,-33.88971,792.48 18.38534,-33.89008,792.48 18.38394,-33.89085,792.48 18.38315,-33.89136,792.48 18.38237,-33.89191,792.48 18.38142,-33.8925,792.48 18.38052,-33.89319,762 18.37955,-33.89389,762 18.37881,-33.89445,762 18.37788,-33.89516,792.48 18.37715,-33.8958,792.48 18.37635,-33.89645,792.48 18.37553,-33.89717,792.48 18.37486,-33.89776,762 18.37412,-33.89841,762 18.3734,-33.89905,762 18.37257,-33.89981,762 18.37172,-33.9006,762 18.37086,-33.90139,762 18.37034,-33.9019,762 18.36943,-33.90279,762 18.36868,-33.90343,762 18.36808,-33.90408,762 18.36724,-33.90495,762 18.36651,-33.90572,762 18.36576,-33.90656,762 18.36494,-33.90738,762 18.36433,-33.90809,762 18.3637,-33.90884,792.48 18.36308,-33.90953,792.48 18.36222,-33.91056,792.48 18.3617,-33.91126,792.48 18.36124,-33.91187,792.48 18.3605,-33.91289,792.48 18.35999,-33.91359,792.48 18.35936,-33.91447,792.48 18.35888,-33.91521,792.48 18.35838,-33.91594,792.48 18.35775,-33.91689,792.48 18.35724,-33.91773,792.48 18.35667,-33.9187,792.48 18.35625,-33.91946,792.48 18.35581,-33.92024,792.48 18.35524,-33.92125,792.48 18.35473,-33.92216,792.48 18.35432,-33.92299,792.48 18.35392,-33.92378,792.48 18.35356,-33.92455,792.48 18.353,-33.92555,792.48 18.3526,-33.92639,792.48 18.35221,-33.92725,792.48 18.35176,-33.9283,792.48 18.35135,-33.92932,792.48 18.351,-33.93011,792.48 18.35064,-33.93109,792.48 18.35026,-33.93211,792.48 18.34991,-33.933,792.48 18.34963,-33.9337,792.48 18.3493,-33.93471,792.48 18.34834,-33.93773,792.48 18.34797,-33.93924,792.48 18.34784,-33.93997,792.48 18.34791,-33.94091,822.96 18.34803,-33.94147,853.44 18.34831,-33.94194,883.9200000000001 18.34863,-33.94221,914.4000000000001 18.34907,-33.94235,914.4000000000001 18.34969,-33.94231,944.88 18.35031,-33.94208,975.36 18.35089,-33.94175,975.36 18.35126,-33.94148,975.36 18.35175,-33.94114,975.36 18.35227,-33.94075,1005.84 18.35277,-33.94034,1005.84 18.35323,-33.93998,1005.84 18.35375,-33.93961,1036.3200000000002 18.35412,-33.93929,1036.3200000000002 18.35462,-33.93887,1036.3200000000002 18.35501,-33.93858,1066.8 18.35541,-33.93828,1066.8 18.35592,-33.93789,1066.8 18.35644,-33.93756,1097.28 18.35681,-33.93732,1097.28 18.35724,-33.937,1127.76 18.3577,-33.93677,1127.76 18.3581,-33.93654,1127.76 18.35861,-33.93621,1127.76 18.35922,-33.93599,1158.24 18.36,-33.93576,1158.24 18.36073,-33.93567,1158.24 18.36168,-33.93576,1158.24 18.36269,-33.93608,1158.24 18.36359,-33.93653,1158.24 18.36426,-33.93713,1127.76 18.36468,-33.9377,1127.76 18.36502,-33.93867,1127.76 18.3651,-33.93961,1127.76 18.36508,-33.94035,1127.76 18.36488,-33.94148,1127.76 18.36468,-33.94226,1127.76 18.36445,-33.94315,1127.76 18.36415,-33.94418,1127.76 18.36387,-33.94514,1158.24 18.36359,-33.94594,1158.24 18.36325,-33.94675,1158.24 18.36297,-33.94757,1158.24 18.36262,-33.94841,1158.24 18.3621,-33.94957,1127.76 18.36174,-33.95041,1127.76 18.36142,-33.95124,1127.76 18.36102,-33.95218,1127.76 18.36062,-33.95297,1127.76 18.36017,-33.95403,1127.76 18.35984,-33.95485,1127.76 18.35936,-33.9559,1127.76 18.35821,-33.95883,1127.76 18.35787,-33.95961,1127.76 18.35684,-33.9627,1127.76 18.35627,-33.96451,1127.76 18.35597,-33.96552,1127.76 18.35569,-33.96643,1127.76 18.35546,-33.9673,1127.76 18.35518,-33.96833,1097.28 18.3549,-33.96936,1097.28 18.35468,-33.97023,1097.28 18.35412,-33.97229,1097.28 18.35392,-33.97317,1097.28 18.35373,-33.97403,1097.28 18.35345,-33.9754,1097.28 18.35322,-33.97646,1097.28 18.35306,-33.97736,1097.28 18.35289,-33.97842,1097.28 18.35266,-33.97966,1127.76 18.35255,-33.98034,1097.28 18.35232,-33.98174,1127.76 18.35215,-33.98262,1127.76 18.35203,-33.98383,1127.76 18.35188,-33.98502,1127.76 18.3518,-33.98588,1127.76 18.35163,-33.98705,1127.76 18.35148,-33.98822,1127.76 18.35143,-33.98923,1127.76 18.35132,-33.99023,1127.76 18.35123,-33.99142,1097.28 18.35117,-33.99231,1097.28 18.35109,-33.99326,1097.28 18.35104,-33.99413,1097.28 18.35098,-33.99532,1097.28 18.35094,-33.99617,1097.28 18.35089,-33.99817,1097.28 18.35089,-33.99915,1066.8 18.35083,-34.00017,1066.8 18.35083,-34.00101,1066.8 18.35077,-34.0019,1066.8 18.35076,-34.00301,1066.8 18.35076,-34.00401,1066.8 18.35072,-34.00506,1066.8 18.35064,-34.00612,1066.8 18.35054,-34.00697,1066.8 18.35043,-34.00804,1066.8 18.35026,-34.00883,1036.3200000000002 18.35014,-34.00983,1036.3200000000002 18.34997,-34.01065,1036.3200000000002 18.34975,-34.0118,1036.3200000000002 18.34951,-34.01279,1036.3200000000002 18.3493,-34.01385,1036.3200000000002 18.34917,-34.01479,1036.3200000000002 18.34913,-34.01569,1036.3200000000002 18.34917,-34.01707,1005.84 18.34923,-34.01796,1005.84 18.34935,-34.01894,1005.84 18.34946,-34.01982,1005.84 18.34963,-34.02084,1005.84 18.3498,-34.02205,1005.84 18.34997,-34.02306,1005.84 18.35009,-34.02391,1005.84 18.35025,-34.02516,1005.84 18.35042,-34.02612,1005.84 18.35054,-34.02708,975.36 18.35066,-34.02787,975.36 18.35077,-34.0289,975.36 18.35087,-34.03001,975.36 18.35098,-34.03125,975.36 18.35106,-34.03234,975.36 18.3512,-34.03354,975.36 18.35129,-34.03444,975.36 18.35143,-34.0356,975.36 18.3516,-34.03651,975.36 18.35171,-34.03766,975.36 18.35186,-34.03862,944.88 18.35203,-34.03974,944.88 18.3522,-34.04076,944.88 18.35238,-34.04179,944.88 18.35249,-34.04277,944.88 18.35266,-34.04384,944.88 18.35283,-34.04471,944.88 18.353,-34.04589,944.88 18.35363,-34.04905,944.88 18.35386,-34.04998,944.88 18.35415,-34.05101,944.88 18.35432,-34.05185,975.36 18.35466,-34.05291,975.36 18.35501,-34.05399,944.88 18.3553,-34.05492,944.88 18.35575,-34.05613,944.88 18.35609,-34.05706,944.88 18.35661,-34.05822,944.88 18.35701,-34.05915,944.88 18.35743,-34.06004,944.88 18.35793,-34.06114,944.88 18.35855,-34.06233,944.88 18.35896,-34.06325,944.88 18.35944,-34.06421,944.88 18.36,-34.0654,944.88 18.36044,-34.06623,944.88 18.3609,-34.06711,944.88 18.36152,-34.06824,944.88 18.36205,-34.06911,944.88 18.36262,-34.07014,944.88 18.36325,-34.07121,944.88 18.36382,-34.07209,975.36 18.36438,-34.07295,944.88 18.36499,-34.07405,944.88 18.36559,-34.07503,944.88 18.36606,-34.07588,944.88 18.36668,-34.07698,944.88 18.36707,-34.07771,944.88 18.36765,-34.07885,944.88 18.36802,-34.07959,944.88 18.36852,-34.08064,944.88 18.36891,-34.08145,944.88 18.36942,-34.08243,944.88 18.36992,-34.08353,944.88 18.37034,-34.08443,944.88 18.37086,-34.08555,944.88 18.3712,-34.08643,944.88 18.37166,-34.08746,944.88 18.37206,-34.08824,944.88 18.37257,-34.08913,914.4000000000001 18.37326,-34.09025,914.4000000000001 18.37391,-34.09122,914.4000000000001 18.37463,-34.09221,914.4000000000001 18.37521,-34.093,883.9200000000001 18.37615,-34.09401,883.9200000000001 18.37709,-34.09495,883.9200000000001 18.37788,-34.0957,883.9200000000001 18.37889,-34.09657,853.44 18.37978,-34.09728,853.44 18.38081,-34.09803,853.44 18.38213,-34.09896,853.44 18.38338,-34.09987,822.96 18.38459,-34.10072,822.96 18.38545,-34.10128,822.96 18.38682,-34.10226,822.96 18.38792,-34.10303,822.96 18.38904,-34.10381,822.96 18.39008,-34.10454,822.96 18.39128,-34.10533,792.48 18.3924,-34.10614,792.48 18.39369,-34.10701,792.48 18.39483,-34.1078,792.48 18.39638,-34.10875,762 18.39762,-34.10953,762 18.3989,-34.11027,762 18.40008,-34.11099,762 18.40126,-34.11163,762 18.4025,-34.11227,731.52 18.40376,-34.11297,731.52 18.40496,-34.11357,731.52 18.40651,-34.11436,731.52 18.40759,-34.11488,731.52 18.40883,-34.11548,731.52 18.41028,-34.11618,731.52 18.41157,-34.11681,731.52 18.41275,-34.11736,701.0400000000001 18.41438,-34.11809,701.0400000000001 18.4155,-34.11859,701.0400000000001 18.41695,-34.11923,701.0400000000001 18.41808,-34.11978,670.5600000000001 18.41959,-34.12047,701.0400000000001 18.42104,-34.12116,670.5600000000001 18.42464,-34.12284,670.5600000000001 18.42895,-34.12482,670.5600000000001 18.43399,-34.12733,670.5600000000001 18.43637,-34.12865,670.5600000000001 18.43758,-34.12935,670.5600000000001 18.4387,-34.12999,670.5600000000001 18.43981,-34.13052,670.5600000000001 18.44106,-34.13109,670.5600000000001 18.44268,-34.13159,670.5600000000001 18.44421,-34.13192,670.5600000000001 18.44559,-34.13201,670.5600000000001 18.44702,-34.13201,670.5600000000001 18.44856,-34.13182,670.5600000000001 18.45042,-34.13145,640.08 18.45171,-34.13103,640.08 18.45343,-34.13024,640.08 18.45451,-34.12968,640.08 18.45591,-34.12875,640.08 18.45709,-34.1277,640.08 18.45827,-34.12651,640.08 18.45909,-34.12558,640.08 18.46012,-34.12428,640.08 18.4609,-34.12317,640.08 18.46163,-34.12202,640.08 18.4623,-34.12088,640.08 18.46287,-34.11981,640.08 18.46342,-34.11877,640.08 18.46404,-34.11758,640.08 18.46465,-34.11639,640.08 18.46521,-34.11525,640.08 18.46579,-34.11409,640.08 18.46651,-34.11259,640.08 18.46695,-34.1115,640.08 18.46746,-34.11031,640.08 18.46802,-34.10883,640.08 18.46842,-34.10766,640.08 18.46888,-34.10612,640.08 18.46919,-34.1049,640.08 18.46945,-34.10366,640.08 18.46968,-34.10249,640.08 18.46987,-34.10101,640.08 18.46998,-34.09982,640.08 18.47013,-34.09872,640.08 18.47019,-34.09756,640.08 18.47037,-34.09598,640.08 18.47042,-34.09514,640.08 18.47054,-34.0936,640.08 18.47071,-34.09222,640.08 18.47076,-34.09094,640.08 18.47088,-34.08988,640.08 18.47099,-34.08833,640.08 18.47111,-34.08722,640.08 18.47121,-34.08604,640.08 18.47162,-34.08215,640.08 18.47189,-34.07822,640.08 18.47194,-34.07712,640.08 18.47191,-34.07568,640.08 18.47189,-34.07451,640.08 18.47183,-34.07336,640.08 18.47174,-34.07219,640.08 18.47161,-34.0708,640.08 18.47151,-34.06944,640.08 18.47132,-34.06805,640.08 18.47116,-34.06696,640.08 18.47099,-34.06581,640.08 18.47088,-34.06493,609.6 18.47071,-34.06362,640.08 18.47054,-34.06246,640.08 18.47037,-34.06133,640.08 18.47013,-34.06009,640.08 18.46998,-34.05885,640.08 18.46979,-34.0578,640.08 18.46914,-34.05391,640.08 18.46847,-34.04929,640.08 18.46796,-34.04677,640.08 18.46767,-34.04579,640.08 18.46701,-34.04448,640.08 18.46645,-34.04347,640.08 18.46607,-34.04263,640.08 18.46561,-34.04132,640.08 18.46533,-34.0403,640.08 18.4651,-34.0389,670.5600000000001 18.46498,-34.03783,670.5600000000001 18.46498,-34.03648,670.5600000000001 18.46499,-34.0351,670.5600000000001 18.46499,-34.03413,670.5600000000001 18.46504,-34.03281,670.5600000000001 18.46527,-34.03159,670.5600000000001 18.46556,-34.03043,670.5600000000001 18.46596,-34.02908,670.5600000000001 18.46628,-34.028,670.5600000000001 18.46653,-34.02685,670.5600000000001 18.46682,-34.02545,670.5600000000001 18.46699,-34.02396,670.5600000000001 18.46706,-34.02283,670.5600000000001 18.4671,-34.02196,670.5600000000001 18.4671,-34.02042,670.5600000000001 18.4671,-34.0194,670.5600000000001 18.46704,-34.01809,670.5600000000001 18.46701,-34.01669,670.5600000000001 18.46699,-34.01549,670.5600000000001 18.46699,-34.01423,670.5600000000001 18.4669,-34.0128,670.5600000000001 18.4669,-34.01166,670.5600000000001 18.46687,-34.01023,670.5600000000001 18.46684,-34.00905,670.5600000000001 18.46678,-34.0079,670.5600000000001 18.4667,-34.00669,670.5600000000001 18.46656,-34.00516,670.5600000000001 18.46651,-34.00424,670.5600000000001 18.46634,-34.00287,670.5600000000001 18.46611,-34.0015,670.5600000000001 18.46594,-34.00035,670.5600000000001 18.46579,-33.99929,670.5600000000001 18.46561,-33.99789,670.5600000000001 18.4655,-33.9966,670.5600000000001 18.46533,-33.99547,670.5600000000001 18.46521,-33.99426,670.5600000000001 18.46499,-33.99284,670.5600000000001 18.46482,-33.9917,670.5600000000001 18.46465,-33.99069,670.5600000000001 18.46443,-33.98941,670.5600000000001 18.46421,-33.98808,670.5600000000001 18.46398,-33.98662,670.5600000000001 18.46381,-33.9857,670.5600000000001 18.46353,-33.98447,670.5600000000001 18.46325,-33.98309,640.08 18.46292,-33.9816,640.08 18.4627,-33.98048,640.08 18.46241,-33.97916,640.08 18.46219,-33.9782,640.08 18.46191,-33.97673,670.5600000000001 18.46172,-33.97578,670.5600000000001 18.46144,-33.97443,670.5600000000001 18.46124,-33.97334,670.5600000000001 18.46101,-33.97234,670.5600000000001 18.46075,-33.97117,701.0400000000001 18.46056,-33.97041,701.0400000000001 18.46024,-33.96903,701.0400000000001 18.46,-33.96803,701.0400000000001 18.45978,-33.96703,701.0400000000001 18.45955,-33.96588,701.0400000000001 18.45932,-33.96474,701.0400000000001 18.45915,-33.96368,731.52 18.45899,-33.96268,731.52 18.45881,-33.96163,731.52 18.45866,-33.96057,731.52 18.45854,-33.9597,731.52 18.45835,-33.95832,731.52 18.45821,-33.95718,731.52 18.45804,-33.95613,731.52 18.45787,-33.95494,731.52 18.45772,-33.95385,731.52 18.45759,-33.95297,731.52 18.45732,-33.95139,731.52 18.45697,-33.95027,731.52 18.45663,-33.94925,731.52 18.45597,-33.94794,731.52 18.45541,-33.94702,731.52 18.45479,-33.94611,731.52 18.45411,-33.94519,731.52 18.45331,-33.94422,731.52 18.45257,-33.94338,731.52 18.45154,-33.94231,731.52 18.45068,-33.94156,731.52 18.44994,-33.94086,731.52 18.44891,-33.94003,701.0400000000001 18.44805,-33.93933,701.0400000000001 18.4469,-33.93844,701.0400000000001 18.44587,-33.93761,701.0400000000001 18.44492,-33.93686,670.5600000000001 18.44376,-33.93616,670.5600000000001 18.44274,-33.93571,640.08 18.44152,-33.93537,640.08 18.44016,-33.93507,640.08 18.43912,-33.93476,609.6 18.43814,-33.93434,609.6 18.43691,-33.93338,579.12 18.43629,-33.93269,579.12 18.43579,-33.93159,548.64 18.43562,-33.93063,548.64 18.43567,-33.92963,548.64 18.43597,-33.92844,548.64 18.4366,-33.92718,548.64 18.43724,-33.92624,548.64 18.43792,-33.92537,518.1600000000001 18.43876,-33.92432,518.1600000000001 18.43941,-33.92355,518.1600000000001 18.44027,-33.92243,518.1600000000001 18.441,-33.92152,518.1600000000001 18.44167,-33.92061,518.1600000000001 18.44234,-33.91956,518.1600000000001 18.44313,-33.91829,518.1600000000001 18.44369,-33.91731,518.1600000000001 18.44419,-33.91635,518.1600000000001 18.44479,-33.91521,487.68 18.44524,-33.91419,487.68 18.44582,-33.91298,487.68 18.44633,-33.91172,457.20000000000005 18.44677,-33.91063,457.20000000000005 18.44722,-33.90948,426.72 18.44753,-33.90842,426.72 18.44788,-33.9073,426.72 18.44816,-33.906,396.24 18.44834,-33.90463,396.24 18.44839,-33.90381,396.24 18.44823,-33.90248,396.24 18.44778,-33.9012,365.76 18.44722,-33.90033,365.76 18.4465,-33.89943,365.76 18.4456,-33.89868,365.76 18.44473,-33.89804,365.76 18.44398,-33.89762,365.76 18.44278,-33.89711,335.28000000000003 18.44198,-33.89687,335.28000000000003 18.44072,-33.89673,335.28000000000003 18.43999,-33.89676,304.8 18.43849,-33.89724,304.8 18.43781,-33.89772,274.32 18.43719,-33.89841,274.32 18.43685,-33.89914,243.84 18.43643,-33.90009,243.84 18.43573,-33.90106,213.36 18.43512,-33.90148,213.36 18.43431,-33.90171,182.88 18.43355,-33.90175,182.88 18.43265,-33.90152,182.88 18.43197,-33.90125,152.4 18.43128,-33.90092,152.4 18.43057,-33.90056,152.4 18.43008,-33.90027,121.92 18.42934,-33.89994,121.92 18.42895,-33.89978,121.92 18.42842,-33.89976,121.92 18.42766,-33.89987,121.92 18.42738,-33.90001,121.92 18.42715,-33.90019,91.44 18.42699,-33.9006,91.44 18.42699,-33.90083,91.44 18.42707,-33.90106,0 18.4271,-33.9006,91.44 18.42722,-33.89985,121.92 18.42755,-33.89923,121.92 18.42779,-33.89874,121.92 18.42813,-33.89804,121.92 18.42861,-33.89731,121.92 18.42899,-33.89669,152.4 18.4294,-33.89603,152.4 18.4299,-33.89525,152.4 18.43031,-33.89459,152.4 18.43077,-33.89384,182.88 18.43117,-33.89324,182.88 18.43164,-33.89241,213.36 18.43203,-33.8917,213.36 18.43237,-33.8911,213.36 18.43276,-33.89044,243.84 18.4331,-33.88985,243.84 18.4336,-33.88898,274.32 18.43388,-33.88843,274.32 18.43426,-33.8877,274.32 18.43454,-33.88696,274.32 18.43478,-33.88605,304.8 18.43478,-33.88513,304.8 18.43467,-33.8844,335.28000000000003 18.43439,-33.88371,335.28000000000003 18.43394,-33.88293,335.28000000000003 18.43343,-33.88229,365.76 18.4327,-33.88161,365.76 18.4318,-33.88091,396.24 18.431,-33.88044,396.24 18.4299,-33.87996,396.24 18.42889,-33.87964,426.72 18.42796,-33.87946,426.72 18.42682,-33.87923,426.72 18.42587,-33.87904,426.72 18.42475,-33.87891,457.20000000000005 18.42384,-33.87877,457.20000000000005 18.42281,-33.87858,487.68 18.4219,-33.87844,487.68 18.42088,-33.87831,487.68 18.4199,-33.87816,518.1600000000001 18.4188,-33.87794,518.1600000000001 18.41795,-33.87783,518.1600000000001 18.41701,-33.87767,548.64 18.41583,-33.87753,548.64 18.41482,-33.87758,579.12 18.414,-33.87774,579.12 18.41342,-33.87799,579.12 18.41275,-33.87849,609.6 18.4124,-33.87904,609.6 18.41224,-33.87968,640.08 18.41228,-33.88025,640.08 18.41269,-33.88091,670.5600000000001 18.41314,-33.88133,670.5600000000001 18.41372,-33.88169,701.0400000000001 18.41426,-33.88202,701.0400000000001 18.41503,-33.88239,701.0400000000001 18.41561,-33.88275,731.52 18.41606,-33.88303,731.52 18.41663,-33.88342,731.52 18.41695,-33.88367,731.52 18.4174,-33.88417,731.52 18.41755,-33.88467,731.52 18.41732,-33.88528,731.52 18.41686,-33.8857,731.52 18.41628,-33.88596,731.52 18.41527,-33.88614,731.52 18.41449,-33.88618,731.52 18.4132,-33.88607,731.52 18.41219,-33.88591,762 18.41118,-33.88577,762 18.41011,-33.88564,762 18.40879,-33.88547,762 18.40771,-33.88537,762 18.40664,-33.88527,762 18.40519,-33.88519,762 18.40378,-33.88513,762 18.40232,-33.88513,762 18.40137,-33.88513,762 18.39964,-33.88523,762 18.39849,-33.88537,762 18.39746,-33.88547,762 18.39605,-33.88568,762 18.39509,-33.88586,762 18.39369,-33.88617,762 18.39266,-33.88649,762 18.39146,-33.88691,762 18.39044,-33.88728,792.48 18.3894,-33.8877,792.48 18.3882,-33.88821,792.48 18.38728,-33.88858,792.48 18.38636,-33.889,792.48 18.38568,-33.88933,822.96 18.38467,-33.8898,822.96 18.3836,-33.89035,822.96 18.38276,-33.89082,822.96 18.38184,-33.89133,822.96 18.38086,-33.89195,822.96 18.3799,-33.89254,822.96 18.3791,-33.8931,822.96 18.37807,-33.8938,822.96 18.37727,-33.89441,822.96 18.37632,-33.89511,822.96 18.37559,-33.89571,822.96 18.37469,-33.89644,822.96 18.37389,-33.8972,822.96 18.37315,-33.8979,822.96 18.3724,-33.89864,822.96 18.37172,-33.89928,822.96 18.37103,-33.89994,822.96 18.37037,-33.9006,822.96 18.3697,-33.90129,822.96 18.36897,-33.90211,822.96 18.36834,-33.90279,822.96 18.36763,-33.90358,853.44 18.36707,-33.90427,853.44 18.36634,-33.90504,853.44 18.36582,-33.90567,853.44 18.36527,-33.90633,853.44 18.3646,-33.90724,853.44 18.36404,-33.90797,853.44 18.36336,-33.90888,822.96 18.3629,-33.90949,822.96 18.36236,-33.91031,822.96 18.36174,-33.91122,822.96 18.36119,-33.91219,822.96 18.36067,-33.91298,822.96 18.36021,-33.91386,822.96 18.35964,-33.91484,822.96 18.35916,-33.91571,822.96 18.35872,-33.91653,792.48 18.35833,-33.91731,792.48 18.35793,-33.91818,792.48 18.35748,-33.91919,792.48 18.35715,-33.91992,792.48 18.3567,-33.92097,792.48 18.3563,-33.9218,792.48 18.35598,-33.92252,792.48 18.35563,-33.92345,792.48 18.35529,-33.92429,792.48 18.35495,-33.92527,792.48 18.35466,-33.92606,792.48 18.35434,-33.92697,792.48 18.35398,-33.92792,792.48 18.35367,-33.92889,792.48 18.35255,-33.93402,822.96 18.3526,-33.93453,853.44 18.35278,-33.93537,853.44 18.35305,-33.93594,883.9200000000001 18.35384,-33.93658,883.9200000000001 18.35468,-33.93681,914.4000000000001 18.35546,-33.93681,944.88 18.35608,-33.93672,944.88 18.35678,-33.93649,975.36 18.35735,-33.9363,975.36 18.35787,-33.93608,1005.84 18.3586,-33.93585,1005.84 18.35905,-33.93571,1036.3200000000002 18.35967,-33.93567,1036.3200000000002 18.36004,-33.9357,1036.3200000000002 18.36039,-33.93588,1066.8 18.36079,-33.93616,1036.3200000000002 18.36118,-33.93681,1036.3200000000002 18.36146,-33.93736,1036.3200000000002 18.36168,-33.93805,1036.3200000000002 18.36182,-33.93863,1036.3200000000002 18.36197,-33.93947,1036.3200000000002 18.36197,-33.93997,1036.3200000000002 18.36199,-33.94096,1036.3200000000002 18.36193,-33.94184,1036.3200000000002 18.36185,-33.94276,1036.3200000000002 18.36182,-33.94342,1036.3200000000002 18.36168,-33.94423,1036.3200000000002 18.36147,-33.94575,1036.3200000000002 18.36129,-33.94661,1036.3200000000002 18.36113,-33.94729,1066.8 18.36096,-33.94807,1066.8 18.3609,-33.94849,1097.28 18.36073,-33.94929,1127.76 18.36062,-33.94977,1158.24 18.3605,-33.95018,1158.24 18.36034,-33.95068,1188.72 18.36021,-33.95111,1188.72 18.36012,-33.95151,1219.2 18.36,-33.95187,1219.2 18.35993,-33.95227,1249.68 18.35976,-33.95278,1249.68 18.35964,-33.95329,1249.68 18.35941,-33.9539,1249.68 18.35924,-33.95446,1249.68 18.35901,-33.95506,1280.16 18.35877,-33.95581,1280.16 18.35855,-33.95641,1280.16 18.35833,-33.95702,1280.16 18.35804,-33.95792,1280.16 18.35771,-33.95883,1280.16 18.35743,-33.95961,1280.16 18.35715,-33.96043,1280.16 18.35686,-33.96121,1280.16 18.35563,-33.96483,1280.16 18.35529,-33.966,1280.16 18.35501,-33.96707,1280.16 18.35472,-33.96805,1280.16 18.35455,-33.96894,1280.16 18.35429,-33.97,1280.16 18.35403,-33.97112,1280.16 18.35392,-33.97178,1280.16 18.35358,-33.97331,1280.16 18.3534,-33.97424,1280.16 18.35323,-33.97517,1249.68 18.35306,-33.9761,1249.68 18.35283,-33.97718,1249.68 18.35266,-33.97815,1249.68 18.35243,-33.97946,1249.68 18.35226,-33.98034,1249.68 18.3521,-33.98145,1249.68 18.35197,-33.98257,1249.68 18.35186,-33.9836,1249.68 18.35176,-33.98447,1249.68 18.35165,-33.98561,1249.68 18.3516,-33.98662,1249.68 18.35146,-33.98783,1249.68 18.35135,-33.98881,1249.68 18.35123,-33.99016,1249.68 18.35117,-33.99105,1249.68 18.35109,-33.99197,1249.68 18.35106,-33.99328,1249.68 18.35098,-33.9944,1219.2 18.35092,-33.99532,1219.2 18.35083,-33.99626,1219.2 18.35072,-33.99738,1219.2 18.35059,-33.99825,1219.2 18.35042,-33.99962,1188.72 18.35032,-34.0005,1188.72 18.35019,-34.00168,1188.72 18.35014,-34.0025,1188.72 18.35009,-34.00357,1188.72 18.35009,-34.00446,1188.72 18.35003,-34.00557,1188.72 18.35003,-34.00632,1188.72 18.34997,-34.0074,1188.72 18.34997,-34.00836,1188.72 18.34991,-34.00928,1188.72 18.3498,-34.01023,1188.72 18.34951,-34.01125,1188.72 18.34917,-34.01213,1188.72 18.34883,-34.01288,1188.72 18.34843,-34.01405,1188.72 18.34826,-34.01516,1158.24 18.34818,-34.01605,1188.72 18.34818,-34.01729,1188.72 18.34829,-34.0182,1188.72 18.34843,-34.0194,1188.72 18.34857,-34.02036,1188.72 18.34879,-34.02136,1188.72 18.349,-34.02252,1188.72 18.34919,-34.02351,1188.72 18.34934,-34.02438,1188.72 18.34963,-34.0255,1188.72 18.3498,-34.02635,1188.72 18.35009,-34.0274,1188.72 18.35032,-34.02834,1188.72 18.35066,-34.02959,1188.72 18.35094,-34.03062,1188.72 18.35117,-34.03159,1158.24 18.35148,-34.03285,1158.24 18.35169,-34.03374,1158.24 18.35193,-34.03482,1158.24 18.35209,-34.03588,1158.24 18.35227,-34.03683,1158.24 18.35244,-34.03789,1158.24 18.35261,-34.03876,1158.24 18.35283,-34.03986,1158.24 18.35294,-34.04059,1158.24 18.35316,-34.04178,1158.24 18.3534,-34.04281,1158.24 18.35403,-34.04602,1158.24 18.35466,-34.0491,1158.24 18.35535,-34.05203,1158.24 18.35636,-34.05606,1127.76 18.3567,-34.05716,1127.76 18.35703,-34.05821,1127.76 18.35743,-34.0594,1127.76 18.35775,-34.06027,1127.76 18.3581,-34.06125,1127.76 18.35855,-34.06246,1127.76 18.35894,-34.06334,1127.76 18.35936,-34.06432,1127.76 18.35976,-34.0652,1127.76 18.36027,-34.06632,1127.76 18.36085,-34.06741,1127.76 18.36129,-34.06833,1127.76 18.36176,-34.06939,1127.76 18.36219,-34.07025,1127.76 18.36275,-34.07144,1127.76 18.3632,-34.07231,1127.76 18.36376,-34.07332,1127.76 18.36443,-34.07446,1097.28 18.3651,-34.07556,1097.28 18.36567,-34.07643,1097.28 18.36628,-34.0774,1097.28 18.3669,-34.07831,1097.28 18.36768,-34.07941,1097.28 18.3683,-34.08023,1097.28 18.36914,-34.08138,1097.28 18.36992,-34.08243,1066.8 18.37071,-34.08348,1066.8 18.37138,-34.0843,1066.8 18.37223,-34.08536,1066.8 18.37286,-34.08611,1066.8 18.37383,-34.08722,1066.8 18.37463,-34.0881,1066.8 18.37532,-34.08895,1036.3200000000002 18.37615,-34.08984,1036.3200000000002 18.37693,-34.09076,1036.3200000000002 18.37795,-34.09188,1036.3200000000002 18.37878,-34.09277,1005.84 18.37955,-34.0937,1005.84 18.38058,-34.09481,1005.84 18.38161,-34.09588,975.36 18.38247,-34.09677,975.36 18.38338,-34.09767,975.36 18.38456,-34.09872,975.36 18.38556,-34.09964,975.36 18.38648,-34.10049,975.36 18.38745,-34.10128,944.88 18.38842,-34.10207,944.88 18.38957,-34.103,944.88 18.39048,-34.1037,944.88 18.39167,-34.10468,944.88 18.39246,-34.10522,944.88 18.39369,-34.10617,944.88 18.39466,-34.10687,944.88 18.39569,-34.10761,944.88 18.39684,-34.10845,914.4000000000001 18.39787,-34.10915,914.4000000000001 18.39919,-34.11008,914.4000000000001 18.39997,-34.11058,914.4000000000001 18.40124,-34.11143,914.4000000000001 18.40244,-34.11222,914.4000000000001 18.40344,-34.11287,914.4000000000001 18.40496,-34.11378,914.4000000000001 18.40597,-34.11443,914.4000000000001 18.40726,-34.11516,914.4000000000001 18.40838,-34.11584,883.9200000000001 18.40971,-34.1166,883.9200000000001 18.4109,-34.11726,853.44 18.41202,-34.11786,853.44 18.41349,-34.11869,853.44 18.41488,-34.11946,853.44 18.41612,-34.12014,822.96 18.41738,-34.12079,822.96 18.41864,-34.12144,822.96 18.41967,-34.12195,822.96 18.42105,-34.12267,792.48 18.42241,-34.12339,792.48 18.42361,-34.12405,792.48 18.42505,-34.12479,792.48 18.42648,-34.1256,792.48 18.42751,-34.12614,792.48 18.42895,-34.12697,792.48 18.42996,-34.12752,792.48 18.43147,-34.12839,792.48 18.43266,-34.12907,762 18.43363,-34.12963,762 18.43512,-34.13052,762 18.43637,-34.13112,731.52 18.43752,-34.13168,762 18.43909,-34.13232,731.52 18.44044,-34.13278,731.52 18.44184,-34.13319,731.52 18.44318,-34.1335,701.0400000000001 18.44479,-34.13378,701.0400000000001 18.44627,-34.13391,701.0400000000001 18.44784,-34.13393,701.0400000000001 18.44965,-34.13378,701.0400000000001 18.45131,-34.13345,701.0400000000001 18.45277,-34.13292,731.52 18.454,-34.13237,701.0400000000001 18.45543,-34.1315,701.0400000000001 18.45653,-34.13072,701.0400000000001 18.4576,-34.12987,701.0400000000001 18.45858,-34.12907,701.0400000000001 18.45972,-34.12802,701.0400000000001 18.4609,-34.12697,701.0400000000001 18.46184,-34.126,701.0400000000001 18.46269,-34.12509,701.0400000000001 18.46367,-34.12381,701.0400000000001 18.46441,-34.12279,670.5600000000001 18.46516,-34.12163,670.5600000000001 18.46583,-34.12038,670.5600000000001 18.4663,-34.11944,670.5600000000001 18.46699,-34.1179,701.0400000000001 18.46746,-34.11671,701.0400000000001 18.46791,-34.11562,701.0400000000001 18.46824,-34.11447,701.0400000000001 18.4687,-34.11301,670.5600000000001 18.46899,-34.1118,670.5600000000001 18.46928,-34.11059,670.5600000000001 18.46962,-34.1091,670.5600000000001 18.46987,-34.10774,670.5600000000001 18.47008,-34.10659,670.5600000000001 18.47026,-34.1055,670.5600000000001 18.47048,-34.10431,670.5600000000001 18.47071,-34.10289,670.5600000000001 18.47094,-34.10142,640.08 18.47099,-34.10021,640.08 18.47105,-34.09882,640.08 18.47104,-34.09749,640.08 18.47099,-34.09625,640.08 18.47099,-34.09479,640.08 18.47099,-34.09369,640.08 18.47099,-34.09244,640.08 18.47093,-34.09099,640.08 18.47093,-34.0898,640.08 18.47088,-34.08865,640.08 18.47088,-34.08723,640.08 18.47082,-34.08601,640.08 18.47082,-34.08485,640.08 18.47082,-34.0835,640.08 18.47076,-34.08243,640.08 18.47071,-34.08122,640.08 18.4706,-34.07996,640.08 18.47043,-34.07867,640.08 18.47032,-34.07753,640.08 18.4702,-34.07643,640.08 18.47009,-34.07533,640.08 18.46998,-34.07401,640.08 18.46985,-34.07302,640.08 18.46964,-34.07153,640.08 18.46947,-34.07048,640.08 18.46931,-34.06934,640.08 18.4691,-34.06833,640.08 18.46897,-34.06709,640.08 18.4688,-34.06604,640.08 18.46863,-34.06494,640.08 18.46848,-34.06376,640.08 18.4683,-34.06227,640.08 18.46813,-34.06115,640.08 18.46807,-34.05999,640.08 18.46796,-34.05855,640.08 18.46791,-34.05739,640.08 18.46785,-34.05627,640.08 18.46774,-34.05515,640.08 18.46762,-34.05399,670.5600000000001 18.4675,-34.05268,640.08 18.46733,-34.05124,640.08 18.46727,-34.05012,640.08 18.46716,-34.04896,640.08 18.46712,-34.04796,640.08 18.46704,-34.04659,640.08 18.46693,-34.04547,640.08 18.46682,-34.04426,670.5600000000001 18.46673,-34.04311,670.5600000000001 18.46662,-34.04164,670.5600000000001 18.46647,-34.04039,670.5600000000001 18.46639,-34.03926,670.5600000000001 18.4663,-34.03802,670.5600000000001 18.46622,-34.03702,670.5600000000001 18.46617,-34.03564,640.08 18.46611,-34.0345,670.5600000000001 18.46605,-34.03331,670.5600000000001 18.46601,-34.03197,670.5600000000001 18.46596,-34.03085,670.5600000000001 18.4659,-34.02969,670.5600000000001 18.46583,-34.0285,670.5600000000001 18.46572,-34.02708,670.5600000000001 18.46561,-34.02582,670.5600000000001 18.46555,-34.02466,670.5600000000001 18.4655,-34.02333,670.5600000000001 18.46544,-34.02219,670.5600000000001 18.46538,-34.02077,670.5600000000001 18.46533,-34.01962,670.5600000000001 18.46527,-34.01848,670.5600000000001 18.46516,-34.01697,670.5600000000001 18.46504,-34.01577,670.5600000000001 18.46499,-34.01459,670.5600000000001 18.46499,-34.01358,670.5600000000001 18.46498,-34.01209,670.5600000000001 18.46505,-34.01093,670.5600000000001 18.4651,-34.01001,670.5600000000001 18.46522,-34.00864,670.5600000000001 18.46533,-34.00734,670.5600000000001 18.46544,-34.00612,670.5600000000001 18.46555,-34.00475,670.5600000000001 18.46567,-34.00352,670.5600000000001 18.46577,-34.00223,670.5600000000001 18.4659,-34.00106,670.5600000000001 18.466,-33.99971,670.5600000000001 18.46605,-33.99847,670.5600000000001 18.46607,-33.9971,670.5600000000001 18.46601,-33.99566,670.5600000000001 18.46596,-33.99449,640.08 18.4659,-33.99347,670.5600000000001 18.46583,-33.99202,640.08 18.46577,-33.99083,640.08 18.46572,-33.98941,640.08 18.46566,-33.98849,640.08 18.46561,-33.98709,640.08 18.46555,-33.98561,640.08 18.4655,-33.98444,640.08 18.46544,-33.98337,670.5600000000001 18.46527,-33.9819,670.5600000000001 18.4651,-33.98099,670.5600000000001 18.46487,-33.97969,670.5600000000001 18.46464,-33.97848,640.08 18.46436,-33.97699,640.08 18.46413,-33.97592,640.08 18.46387,-33.97462,640.08 18.46359,-33.97353,640.08 18.46338,-33.97243,640.08 18.4631,-33.97112,640.08 18.46287,-33.97001,640.08 18.46258,-33.96884,640.08 18.46241,-33.96805,640.08 18.46208,-33.96671,640.08 18.4618,-33.96547,640.08 18.46157,-33.96465,640.08 18.46121,-33.9633,640.08 18.46095,-33.96213,640.08 18.46064,-33.96093,640.08 18.46034,-33.95993,640.08 18.46006,-33.95883,640.08 18.45899,-33.95517,609.6 18.45863,-33.95409,609.6 18.45821,-33.95297,609.6 18.45765,-33.95183,609.6 18.45692,-33.9505,640.08 18.45623,-33.94948,640.08 18.45554,-33.9485,640.08 18.45473,-33.9473,609.6 18.454,-33.94633,609.6 18.45328,-33.94537,609.6 18.4526,-33.94441,609.6 18.45171,-33.94318,609.6 18.45102,-33.94221,609.6 18.45019,-33.94102,609.6 18.44936,-33.93984,609.6 18.44856,-33.93863,609.6 18.44778,-33.93755,579.12 18.44719,-33.93668,579.12 18.44633,-33.9356,579.12 18.44553,-33.93481,579.12 18.44464,-33.93416,579.12 18.44364,-33.93351,579.12 18.44251,-33.93301,579.12 18.44141,-33.93253,579.12 18.44009,-33.93183,548.64 18.43926,-33.93109,548.64 18.43865,-33.93027,548.64 18.43831,-33.92899,518.1600000000001 18.43831,-33.92798,518.1600000000001 18.43861,-33.9268,518.1600000000001 18.43909,-33.92569,487.68 18.43969,-33.92448,487.68 18.44022,-33.92363,487.68 18.4409,-33.92248,457.20000000000005 18.44147,-33.9215,457.20000000000005 18.44204,-33.92052,457.20000000000005 18.44261,-33.91954,426.72 18.44336,-33.91829,426.72 18.44387,-33.9175,426.72 18.44459,-33.91621,426.72 18.44526,-33.91512,396.24 18.44593,-33.91401,396.24 18.44655,-33.91296,396.24 18.44711,-33.91196,396.24 18.44784,-33.91072,396.24 18.44828,-33.90986,396.24 18.44874,-33.90894,396.24 18.44925,-33.90763,396.24 18.44948,-33.90656,365.76 18.44958,-33.90518,365.76 18.44946,-33.90404,365.76 18.44918,-33.90294,335.28000000000003 18.44885,-33.9019,335.28000000000003 18.44839,-33.90092,335.28000000000003 18.44761,-33.89978,335.28000000000003 18.44679,-33.89883,304.8 18.4461,-33.89822,304.8 18.44481,-33.8974,304.8 18.44381,-33.89697,304.8 18.44251,-33.89667,274.32 18.44162,-33.89662,274.32 18.44044,-33.89678,274.32 18.4396,-33.89722,243.84 18.43855,-33.89841,213.36 18.43815,-33.89929,213.36 18.43786,-33.89994,213.36 18.43747,-33.9007,213.36 18.43691,-33.90138,213.36 18.43637,-33.90176,213.36 18.43575,-33.90199,182.88 18.435,-33.90204,182.88 18.43439,-33.90198,152.4 18.43374,-33.90185,152.4 18.43299,-33.90166,152.4 18.43243,-33.90148,121.92 18.43181,-33.90125,121.92 18.43134,-33.90115,121.92 18.43102,-33.90111,121.92 18.43054,-33.90106,121.92 18.4299,-33.90106,121.92 18.42951,-33.90111,121.92 18.42912,-33.90115,121.92 18.42865,-33.90106,91.44 18.42828,-33.90088,91.44 18.42796,-33.90078,91.44 18.42768,-33.90078,91.44 18.42721,-33.90102,91.44 18.42693,-33.90102,91.44
        </coordinates>
      </LineString>
    </Placemark>
  </Document>
</kml>