<?xml version="1.0" encoding="UTF-8"?>
<kml xmlns="http://www.opengis.net/kml/2.2">
  <Document>
    <name>-/ZTHOT</name>
    <description><![CDATA[<div style="width:220px; text-align:center;">
<div style="width:210px; text-align:center;">
<div style=" background: #000; color: #fff; font-size: 14px; text-align:left; border: 1px solid #000; padding: 2px 6px; text-shadow: 0 1px 0 #000; box-shadow: 0 1px 3px rgba(0,0,0,0.6); background: -webkit-gradient(linear, left top, left bottom, color-stop(0%,#808080), color-stop(2%,#303030), color-stop(100%,#0c0c0c));"><span style="font-size: 14px; font-weight: bold;"><a href="javascript:void(0);" style="color: #fff; cursor: pointer;text-decoration: none;">-</a></span> / ZTHOT<br/>Cape Town Helicopters</div>

<div style="border-top: 1px solid #005c90; color: #fff; padding-bottom: 5px; box-shadow: 0 0 1px #9BE3F6 inset, 0 1px 0 #9BE3F6 inset, 0 -1px 3px rgba(0,0,0,0.4); background:rgba(43,114,173,1); background: -webkit-gradient(linear, left top, left bottom, color-stop(0%,rgba(92,184,229,1)), color-stop(100%,rgba(43,114,173,1)));">
<a style="text-decoration: none; color: rgb(255, 255, 255); font-size: 12px; width:77px; display: inline-block;" title=" Airport" href="javascript:void(0);/departures"><h3 style="padding: 0px; margin: 10px 0px 0px; font-size: 16px; ">?</h3></a>
<span style="background: url(https://www.flightradar24.com/static/images/userUI_sprite.png?14) no-repeat scroll 0 -464px rgba(0, 0, 0, 0); border: medium none; display: inline-block; height: 16px; width: 45px;"></span>
<a style="text-decoration: none; color: rgb(255, 255, 255); font-size: 12px; width:77px; display: inline-block;" title=" Airport" href="javascript:void(0);/arrivals"><h3 style="padding: 0px; margin: 10px 0px 0px; font-size: 16px;">?</h3></a>
<div style=" margin-top:10px;">
<div style="display: inline-block; font-size: 12px; padding: 0 5px;">
<div>
<span style="color: #c1eaff;" title="Actual Time of Departure">ATD </span>
<span title="2025-11-07 06:31">06:31</span> <span title="Coordinated Universal Time">UTC</span>
</div>
</div>
<div style="display: inline-block; font-size: 12px; padding: 0 5px;">
<div>
<span style="color: #c1eaff;" title="Estimated Time of Arrival">ETA </span>
<span title="2025-11-07 06:56">06:56</span> <span title="Coordinated Universal Time">UTC</span>
</div>
</div>
</div>
<br style="clear: both;"/>
</div>

<div style="display: block;">
<table style="border-collapse: collapse; width: 100%;">
<tr style="border-right: 1px solid #dadada; ">
<td style="background: none repeat scroll 0 0 #dadada; padding: 0; width: 31px;">
<span style="background: url(https://www.flightradar24.com/static/images/userUI_sprite.png?14) no-repeat scroll -208px -464px rgba(0, 0, 0, 0); height: 26px; margin: 8px 0 0 4px; width: 23px; display: block;"></span>
</td>
<td colspan="2" style="border-bottom: 1px solid #dadada; border-left: 1px solid #dadada; color: #666; line-height: 1.1em; padding: 3px 6px; vertical-align: top; font-size: 14px;">
Aircraft<span style="float: right; font-size: 12px;">(AS50)</span><br>
<span style="color: #333; font-size: 16px; font-weight: bold; line-height: 1.3em;">Airbus Helicopters H125</span>
</td>
</tr>
<tr style="border-right: 1px solid #dadada; ">
<td style="background: none repeat scroll 0 0 #dadada; padding: 0; width: 31px;">
<td colspan="2" style="border-bottom: 1px solid #dadada; border-left: 1px solid #dadada; color: #666; line-height: 1.1em; padding: 3px 6px; vertical-align: top; font-size: 14px;">
Registration<br>
<span style="color: #333; font-size: 16px; font-weight: bold; line-height: 1.3em;"><a href="https://www.flightradar24.com/reg/zt-hot" style="text-decoration: none; color: #333;">ZT-HOT</a></span>
</td>
</tr>
</table>
</div>

</div>
</div>]]></description>
    <Folder>
      <name>Route</name>
      <Placemark>
        <name>2025-11-07 06:31:44 UTC</name>
        <description><![CDATA[<div><div><span><b>Altitude:</b></span> <span>300 ft</span></div>
<div><span><b>Speed:</b></span> <span>48 kt</span></div>
<div><span><b>Heading:</b></span> <span>34&deg;</span></div>
</div>]]></description>
        <TimeStamp>
          <when>2025-11-07T06:31:44+00:00</when>
        </TimeStamp>
        <Style>
          <IconStyle>
            <heading>34</heading>
            <Icon>
              <href>http://maps.google.com/mapfiles/kml/shapes/airports.png</href>
            </Icon>
          </IconStyle>
        </Style>
        <Point>
          <altitudeMode>absolute</altitudeMode>
          <coordinates>18.428053,-33.899094,91.44</coordinates>
        </Point>
      </Placemark>
      <Placemark>
        <name>2025-11-07 06:31:55 UTC</name>
        <description><![CDATA[<div><div><span><b>Altitude:</b></span> <span>500 ft</span></div>
<div><span><b>Speed:</b></span> <span>60 kt</span></div>
<div><span><b>Heading:</b></span> <span>36&deg;</span></div>
</div>]]></description>
        <TimeStamp>
          <when>2025-11-07T06:31:55+00:00</when>
        </TimeStamp>
        <Style>
          <IconStyle>
            <heading>36</heading>
            <Icon>
              <href>http://maps.google.com/mapfiles/kml/shapes/airports.png</href>
            </Icon>
          </IconStyle>
        </Style>
        <Point>
          <altitudeMode>absolute</altitudeMode>
          <coordinates>18.430126,-33.896805,152.4</coordinates>
        </Point>
      </Placemark>
      <Placemark>
        <name>2025-11-07 06:32:06 UTC</name>
        <description><![CDATA[<div><div><span><b>Altitude:</b></span> <span>700 ft</span></div>
<div><span><b>Speed:</b></span> <span>65 kt</span></div>
<div><span><b>Heading:</b></span> <span>31&deg;</span></div>
</div>]]></description>
        <TimeStamp>
          <when>2025-11-07T06:32:06+00:00</when>
        </TimeStamp>
        <Style>
          <IconStyle>
            <heading>31</heading>
            <Icon>
              <href>http://maps.google.com/mapfiles/kml/shapes/airports.png</href>
            </Icon>
          </IconStyle>
        </Style>
        <Point>
          <altitudeMode>absolute</altitudeMode>
          <coordinates>18.43214,-33.894264,213.36</coordinates>
        </Point>
      </Placemark>
      <Placemark>
        <name>2025-11-07 06:32:12 UTC</name>
        <description><![CDATA[<div><div><span><b>Altitude:</b></span> <span>800 ft</span></div>
<div><span><b>Speed:</b></span> <span>70 kt</span></div>
<div><span><b>Heading:</b></span> <span>31&deg;</span></div>
</div>]]></description>
        <TimeStamp>
          <when>2025-11-07T06:32:12+00:00</when>
        </TimeStamp>
        <Style>
          <IconStyle>
            <heading>31</heading>
            <Icon>
              <href>http://maps.google.com/mapfiles/kml/shapes/airports.png</href>
            </Icon>
          </IconStyle>
        </Style>
        <Point>
          <altitudeMode>absolute</altitudeMode>
          <coordinates>18.433228,-33.892731,243.84</coordinates>
        </Point>
      </Placemark>
      <Placemark>
        <name>2025-11-07 06:32:17 UTC</name>
        <description><![CDATA[<div><div><span><b>Altitude:</b></span> <span>900 ft</span></div>
<div><span><b>Speed:</b></span> <span>75 kt</span></div>
<div><span><b>Heading:</b></span> <span>30&deg;</span></div>
</div>]]></description>
        <TimeStamp>
          <when>2025-11-07T06:32:17+00:00</when>
        </TimeStamp>
        <Style>
          <IconStyle>
            <heading>30</heading>
            <Icon>
              <href>http://maps.google.com/mapfiles/kml/shapes/airports.png</href>
            </Icon>
          </IconStyle>
        </Style>
        <Point>
          <altitudeMode>absolute</altitudeMode>
          <coordinates>18.434443,-33.891174,274.32</coordinates>
        </Point>
      </Placemark>
      <Placemark>
        <name>2025-11-07 06:32:22 UTC</name>
        <description><![CDATA[<div><div><span><b>Altitude:</b></span> <span>900 ft</span></div>
<div><span><b>Speed:</b></span> <span>81 kt</span></div>
<div><span><b>Heading:</b></span> <span>22&deg;</span></div>
</div>]]></description>
        <TimeStamp>
          <when>2025-11-07T06:32:22+00:00</when>
        </TimeStamp>
        <Style>
          <IconStyle>
            <heading>22</heading>
            <Icon>
              <href>http://maps.google.com/mapfiles/kml/shapes/airports.png</href>
            </Icon>
          </IconStyle>
        </Style>
        <Point>
          <altitudeMode>absolute</altitudeMode>
          <coordinates>18.435459,-33.889332,274.32</coordinates>
        </Point>
      </Placemark>
      <Placemark>
        <name>2025-11-07 06:32:25 UTC</name>
        <description><![CDATA[<div><div><span><b>Altitude:</b></span> <span>1,000 ft</span></div>
<div><span><b>Speed:</b></span> <span>83 kt</span></div>
<div><span><b>Heading:</b></span> <span>21&deg;</span></div>
</div>]]></description>
        <TimeStamp>
          <when>2025-11-07T06:32:25+00:00</when>
        </TimeStamp>
        <Style>
          <IconStyle>
            <heading>21</heading>
            <Icon>
              <href>http://maps.google.com/mapfiles/kml/shapes/airports.png</href>
            </Icon>
          </IconStyle>
        </Style>
        <Point>
          <altitudeMode>absolute</altitudeMode>
          <coordinates>18.435955,-33.888245,304.8</coordinates>
        </Point>
      </Placemark>
      <Placemark>
        <name>2025-11-07 06:32:28 UTC</name>
        <description><![CDATA[<div><div><span><b>Altitude:</b></span> <span>1,000 ft</span></div>
<div><span><b>Speed:</b></span> <span>84 kt</span></div>
<div><span><b>Heading:</b></span> <span>19&deg;</span></div>
</div>]]></description>
        <TimeStamp>
          <when>2025-11-07T06:32:28+00:00</when>
        </TimeStamp>
        <Style>
          <IconStyle>
            <heading>19</heading>
            <Icon>
              <href>http://maps.google.com/mapfiles/kml/shapes/airports.png</href>
            </Icon>
          </IconStyle>
        </Style>
        <Point>
          <altitudeMode>absolute</altitudeMode>
          <coordinates>18.43626,-33.887516,304.8</coordinates>
        </Point>
      </Placemark>
      <Placemark>
        <name>2025-11-07 06:32:30 UTC</name>
        <description><![CDATA[<div><div><span><b>Altitude:</b></span> <span>1,100 ft</span></div>
<div><span><b>Speed:</b></span> <span>85 kt</span></div>
<div><span><b>Heading:</b></span> <span>16&deg;</span></div>
</div>]]></description>
        <TimeStamp>
          <when>2025-11-07T06:32:30+00:00</when>
        </TimeStamp>
        <Style>
          <IconStyle>
            <heading>16</heading>
            <Icon>
              <href>http://maps.google.com/mapfiles/kml/shapes/airports.png</href>
            </Icon>
          </IconStyle>
        </Style>
        <Point>
          <altitudeMode>absolute</altitudeMode>
          <coordinates>18.436661,-33.886585,335.28</coordinates>
        </Point>
      </Placemark>
      <Placemark>
        <name>2025-11-07 06:32:32 UTC</name>
        <description><![CDATA[<div><div><span><b>Altitude:</b></span> <span>1,100 ft</span></div>
<div><span><b>Speed:</b></span> <span>88 kt</span></div>
<div><span><b>Heading:</b></span> <span>11&deg;</span></div>
</div>]]></description>
        <TimeStamp>
          <when>2025-11-07T06:32:32+00:00</when>
        </TimeStamp>
        <Style>
          <IconStyle>
            <heading>11</heading>
            <Icon>
              <href>http://maps.google.com/mapfiles/kml/shapes/airports.png</href>
            </Icon>
          </IconStyle>
        </Style>
        <Point>
          <altitudeMode>absolute</altitudeMode>
          <coordinates>18.436909,-33.885818,335.28</coordinates>
        </Point>
      </Placemark>
      <Placemark>
        <name>2025-11-07 06:32:34 UTC</name>
        <description><![CDATA[<div><div><span><b>Altitude:</b></span> <span>1,100 ft</span></div>
<div><span><b>Speed:</b></span> <span>91 kt</span></div>
<div><span><b>Heading:</b></span> <span>5&deg;</span></div>
</div>]]></description>
        <TimeStamp>
          <when>2025-11-07T06:32:34+00:00</when>
        </TimeStamp>
        <Style>
          <IconStyle>
            <heading>5</heading>
            <Icon>
              <href>http://maps.google.com/mapfiles/kml/shapes/airports.png</href>
            </Icon>
          </IconStyle>
        </Style>
        <Point>
          <altitudeMode>absolute</altitudeMode>
          <coordinates>18.437021,-33.88504,335.28</coordinates>
        </Point>
      </Placemark>
      <Placemark>
        <name>2025-11-07 06:32:37 UTC</name>
        <description><![CDATA[<div><div><span><b>Altitude:</b></span> <span>1,100 ft</span></div>
<div><span><b>Speed:</b></span> <span>93 kt</span></div>
<div><span><b>Heading:</b></span> <span>1&deg;</span></div>
</div>]]></description>
        <TimeStamp>
          <when>2025-11-07T06:32:37+00:00</when>
        </TimeStamp>
        <Style>
          <IconStyle>
            <heading>1</heading>
            <Icon>
              <href>http://maps.google.com/mapfiles/kml/shapes/airports.png</href>
            </Icon>
          </IconStyle>
        </Style>
        <Point>
          <altitudeMode>absolute</altitudeMode>
          <coordinates>18.437061,-33.883976,335.28</coordinates>
        </Point>
      </Placemark>
      <Placemark>
        <name>2025-11-07 06:32:39 UTC</name>
        <description><![CDATA[<div><div><span><b>Altitude:</b></span> <span>1,200 ft</span></div>
<div><span><b>Speed:</b></span> <span>96 kt</span></div>
<div><span><b>Heading:</b></span> <span>357&deg;</span></div>
</div>]]></description>
        <TimeStamp>
          <when>2025-11-07T06:32:39+00:00</when>
        </TimeStamp>
        <Style>
          <IconStyle>
            <heading>357</heading>
            <Icon>
              <href>http://maps.google.com/mapfiles/kml/shapes/airports.png</href>
            </Icon>
          </IconStyle>
        </Style>
        <Point>
          <altitudeMode>absolute</altitudeMode>
          <coordinates>18.437077,-33.88298,365.76</coordinates>
        </Point>
      </Placemark>
      <Placemark>
        <name>2025-11-07 06:32:41 UTC</name>
        <description><![CDATA[<div><div><span><b>Altitude:</b></span> <span>1,200 ft</span></div>
<div><span><b>Speed:</b></span> <span>98 kt</span></div>
<div><span><b>Heading:</b></span> <span>354&deg;</span></div>
</div>]]></description>
        <TimeStamp>
          <when>2025-11-07T06:32:41+00:00</when>
        </TimeStamp>
        <Style>
          <IconStyle>
            <heading>354</heading>
            <Icon>
              <href>http://maps.google.com/mapfiles/kml/shapes/airports.png</href>
            </Icon>
          </IconStyle>
        </Style>
        <Point>
          <altitudeMode>absolute</altitudeMode>
          <coordinates>18.437004,-33.882023,365.76</coordinates>
        </Point>
      </Placemark>
      <Placemark>
        <name>2025-11-07 06:32:43 UTC</name>
        <description><![CDATA[<div><div><span><b>Altitude:</b></span> <span>1,200 ft</span></div>
<div><span><b>Speed:</b></span> <span>99 kt</span></div>
<div><span><b>Heading:</b></span> <span>350&deg;</span></div>
</div>]]></description>
        <TimeStamp>
          <when>2025-11-07T06:32:43+00:00</when>
        </TimeStamp>
        <Style>
          <IconStyle>
            <heading>350</heading>
            <Icon>
              <href>http://maps.google.com/mapfiles/kml/shapes/airports.png</href>
            </Icon>
          </IconStyle>
        </Style>
        <Point>
          <altitudeMode>absolute</altitudeMode>
          <coordinates>18.436775,-33.880859,365.76</coordinates>
        </Point>
      </Placemark>
      <Placemark>
        <name>2025-11-07 06:32:46 UTC</name>
        <description><![CDATA[<div><div><span><b>Altitude:</b></span> <span>1,300 ft</span></div>
<div><span><b>Speed:</b></span> <span>100 kt</span></div>
<div><span><b>Heading:</b></span> <span>348&deg;</span></div>
</div>]]></description>
        <TimeStamp>
          <when>2025-11-07T06:32:46+00:00</when>
        </TimeStamp>
        <Style>
          <IconStyle>
            <heading>348</heading>
            <Icon>
              <href>http://maps.google.com/mapfiles/kml/shapes/airports.png</href>
            </Icon>
          </IconStyle>
        </Style>
        <Point>
          <altitudeMode>absolute</altitudeMode>
          <coordinates>18.436546,-33.879929,396.24</coordinates>
        </Point>
      </Placemark>
      <Placemark>
        <name>2025-11-07 06:32:48 UTC</name>
        <description><![CDATA[<div><div><span><b>Altitude:</b></span> <span>1,300 ft</span></div>
<div><span><b>Speed:</b></span> <span>100 kt</span></div>
<div><span><b>Heading:</b></span> <span>344&deg;</span></div>
</div>]]></description>
        <TimeStamp>
          <when>2025-11-07T06:32:48+00:00</when>
        </TimeStamp>
        <Style>
          <IconStyle>
            <heading>344</heading>
            <Icon>
              <href>http://maps.google.com/mapfiles/kml/shapes/airports.png</href>
            </Icon>
          </IconStyle>
        </Style>
        <Point>
          <altitudeMode>absolute</altitudeMode>
          <coordinates>18.436293,-33.878998,396.24</coordinates>
        </Point>
      </Placemark>
      <Placemark>
        <name>2025-11-07 06:32:50 UTC</name>
        <description><![CDATA[<div><div><span><b>Altitude:</b></span> <span>1,300 ft</span></div>
<div><span><b>Speed:</b></span> <span>100 kt</span></div>
<div><span><b>Heading:</b></span> <span>342&deg;</span></div>
</div>]]></description>
        <TimeStamp>
          <when>2025-11-07T06:32:50+00:00</when>
        </TimeStamp>
        <Style>
          <IconStyle>
            <heading>342</heading>
            <Icon>
              <href>http://maps.google.com/mapfiles/kml/shapes/airports.png</href>
            </Icon>
          </IconStyle>
        </Style>
        <Point>
          <altitudeMode>absolute</altitudeMode>
          <coordinates>18.4359,-33.877991,396.24</coordinates>
        </Point>
      </Placemark>
      <Placemark>
        <name>2025-11-07 06:32:52 UTC</name>
        <description><![CDATA[<div><div><span><b>Altitude:</b></span> <span>1,300 ft</span></div>
<div><span><b>Speed:</b></span> <span>102 kt</span></div>
<div><span><b>Heading:</b></span> <span>340&deg;</span></div>
</div>]]></description>
        <TimeStamp>
          <when>2025-11-07T06:32:52+00:00</when>
        </TimeStamp>
        <Style>
          <IconStyle>
            <heading>340</heading>
            <Icon>
              <href>http://maps.google.com/mapfiles/kml/shapes/airports.png</href>
            </Icon>
          </IconStyle>
        </Style>
        <Point>
          <altitudeMode>absolute</altitudeMode>
          <coordinates>18.435507,-33.877029,396.24</coordinates>
        </Point>
      </Placemark>
      <Placemark>
        <name>2025-11-07 06:32:54 UTC</name>
        <description><![CDATA[<div><div><span><b>Altitude:</b></span> <span>1,400 ft</span></div>
<div><span><b>Speed:</b></span> <span>101 kt</span></div>
<div><span><b>Heading:</b></span> <span>338&deg;</span></div>
</div>]]></description>
        <TimeStamp>
          <when>2025-11-07T06:32:54+00:00</when>
        </TimeStamp>
        <Style>
          <IconStyle>
            <heading>338</heading>
            <Icon>
              <href>http://maps.google.com/mapfiles/kml/shapes/airports.png</href>
            </Icon>
          </IconStyle>
        </Style>
        <Point>
          <altitudeMode>absolute</altitudeMode>
          <coordinates>18.435059,-33.876019,426.72</coordinates>
        </Point>
      </Placemark>
      <Placemark>
        <name>2025-11-07 06:32:56 UTC</name>
        <description><![CDATA[<div><div><span><b>Altitude:</b></span> <span>1,400 ft</span></div>
<div><span><b>Speed:</b></span> <span>100 kt</span></div>
<div><span><b>Heading:</b></span> <span>335&deg;</span></div>
</div>]]></description>
        <TimeStamp>
          <when>2025-11-07T06:32:56+00:00</when>
        </TimeStamp>
        <Style>
          <IconStyle>
            <heading>335</heading>
            <Icon>
              <href>http://maps.google.com/mapfiles/kml/shapes/airports.png</href>
            </Icon>
          </IconStyle>
        </Style>
        <Point>
          <altitudeMode>absolute</altitudeMode>
          <coordinates>18.434498,-33.874969,426.72</coordinates>
        </Point>
      </Placemark>
      <Placemark>
        <name>2025-11-07 06:32:59 UTC</name>
        <description><![CDATA[<div><div><span><b>Altitude:</b></span> <span>1,400 ft</span></div>
<div><span><b>Speed:</b></span> <span>100 kt</span></div>
<div><span><b>Heading:</b></span> <span>333&deg;</span></div>
</div>]]></description>
        <TimeStamp>
          <when>2025-11-07T06:32:59+00:00</when>
        </TimeStamp>
        <Style>
          <IconStyle>
            <heading>333</heading>
            <Icon>
              <href>http://maps.google.com/mapfiles/kml/shapes/airports.png</href>
            </Icon>
          </IconStyle>
        </Style>
        <Point>
          <altitudeMode>absolute</altitudeMode>
          <coordinates>18.433937,-33.874008,426.72</coordinates>
        </Point>
      </Placemark>
      <Placemark>
        <name>2025-11-07 06:33:06 UTC</name>
        <description><![CDATA[<div><div><span><b>Altitude:</b></span> <span>1,500 ft</span></div>
<div><span><b>Speed:</b></span> <span>97 kt</span></div>
<div><span><b>Heading:</b></span> <span>315&deg;</span></div>
</div>]]></description>
        <TimeStamp>
          <when>2025-11-07T06:33:06+00:00</when>
        </TimeStamp>
        <Style>
          <IconStyle>
            <heading>315</heading>
            <Icon>
              <href>http://maps.google.com/mapfiles/kml/shapes/airports.png</href>
            </Icon>
          </IconStyle>
        </Style>
        <Point>
          <altitudeMode>absolute</altitudeMode>
          <coordinates>18.433489,-33.873367,457.2</coordinates>
        </Point>
      </Placemark>
      <Placemark>
        <name>2025-11-07 06:33:17 UTC</name>
        <description><![CDATA[<div><div><span><b>Altitude:</b></span> <span>1,700 ft</span></div>
<div><span><b>Speed:</b></span> <span>91 kt</span></div>
<div><span><b>Heading:</b></span> <span>289&deg;</span></div>
</div>]]></description>
        <TimeStamp>
          <when>2025-11-07T06:33:17+00:00</when>
        </TimeStamp>
        <Style>
          <IconStyle>
            <heading>289</heading>
            <Icon>
              <href>http://maps.google.com/mapfiles/kml/shapes/airports.png</href>
            </Icon>
          </IconStyle>
        </Style>
        <Point>
          <altitudeMode>absolute</altitudeMode>
          <coordinates>18.426933,-33.868893,518.16</coordinates>
        </Point>
      </Placemark>
      <Placemark>
        <name>2025-11-07 06:33:23 UTC</name>
        <description><![CDATA[<div><div><span><b>Altitude:</b></span> <span>1,800 ft</span></div>
<div><span><b>Speed:</b></span> <span>88 kt</span></div>
<div><span><b>Heading:</b></span> <span>273&deg;</span></div>
</div>]]></description>
        <TimeStamp>
          <when>2025-11-07T06:33:23+00:00</when>
        </TimeStamp>
        <Style>
          <IconStyle>
            <heading>273</heading>
            <Icon>
              <href>http://maps.google.com/mapfiles/kml/shapes/airports.png</href>
            </Icon>
          </IconStyle>
        </Style>
        <Point>
          <altitudeMode>absolute</altitudeMode>
          <coordinates>18.424017,-33.868515,548.64</coordinates>
        </Point>
      </Placemark>
      <Placemark>
        <name>2025-11-07 06:33:28 UTC</name>
        <description><![CDATA[<div><div><span><b>Altitude:</b></span> <span>1,800 ft</span></div>
<div><span><b>Speed:</b></span> <span>86 kt</span></div>
<div><span><b>Heading:</b></span> <span>257&deg;</span></div>
</div>]]></description>
        <TimeStamp>
          <when>2025-11-07T06:33:28+00:00</when>
        </TimeStamp>
        <Style>
          <IconStyle>
            <heading>257</heading>
            <Icon>
              <href>http://maps.google.com/mapfiles/kml/shapes/airports.png</href>
            </Icon>
          </IconStyle>
        </Style>
        <Point>
          <altitudeMode>absolute</altitudeMode>
          <coordinates>18.421383,-33.868755,548.64</coordinates>
        </Point>
      </Placemark>
      <Placemark>
        <name>2025-11-07 06:33:34 UTC</name>
        <description><![CDATA[<div><div><span><b>Altitude:</b></span> <span>1,900 ft</span></div>
<div><span><b>Speed:</b></span> <span>84 kt</span></div>
<div><span><b>Heading:</b></span> <span>237&deg;</span></div>
</div>]]></description>
        <TimeStamp>
          <when>2025-11-07T06:33:34+00:00</when>
        </TimeStamp>
        <Style>
          <IconStyle>
            <heading>237</heading>
            <Icon>
              <href>http://maps.google.com/mapfiles/kml/shapes/airports.png</href>
            </Icon>
          </IconStyle>
        </Style>
        <Point>
          <altitudeMode>absolute</altitudeMode>
          <coordinates>18.419027,-33.869614,579.12</coordinates>
        </Point>
      </Placemark>
      <Placemark>
        <name>2025-11-07 06:33:39 UTC</name>
        <description><![CDATA[<div><div><span><b>Altitude:</b></span> <span>1,900 ft</span></div>
<div><span><b>Speed:</b></span> <span>79 kt</span></div>
<div><span><b>Heading:</b></span> <span>218&deg;</span></div>
</div>]]></description>
        <TimeStamp>
          <when>2025-11-07T06:33:39+00:00</when>
        </TimeStamp>
        <Style>
          <IconStyle>
            <heading>218</heading>
            <Icon>
              <href>http://maps.google.com/mapfiles/kml/shapes/airports.png</href>
            </Icon>
          </IconStyle>
        </Style>
        <Point>
          <altitudeMode>absolute</altitudeMode>
          <coordinates>18.417234,-33.871033,579.12</coordinates>
        </Point>
      </Placemark>
      <Placemark>
        <name>2025-11-07 06:33:44 UTC</name>
        <description><![CDATA[<div><div><span><b>Altitude:</b></span> <span>1,900 ft</span></div>
<div><span><b>Speed:</b></span> <span>71 kt</span></div>
<div><span><b>Heading:</b></span> <span>196&deg;</span></div>
</div>]]></description>
        <TimeStamp>
          <when>2025-11-07T06:33:44+00:00</when>
        </TimeStamp>
        <Style>
          <IconStyle>
            <heading>196</heading>
            <Icon>
              <href>http://maps.google.com/mapfiles/kml/shapes/airports.png</href>
            </Icon>
          </IconStyle>
        </Style>
        <Point>
          <altitudeMode>absolute</altitudeMode>
          <coordinates>18.416348,-33.872478,579.12</coordinates>
        </Point>
      </Placemark>
      <Placemark>
        <name>2025-11-07 06:33:46 UTC</name>
        <description><![CDATA[<div><div><span><b>Altitude:</b></span> <span>1,900 ft</span></div>
<div><span><b>Speed:</b></span> <span>69 kt</span></div>
<div><span><b>Heading:</b></span> <span>186&deg;</span></div>
</div>]]></description>
        <TimeStamp>
          <when>2025-11-07T06:33:46+00:00</when>
        </TimeStamp>
        <Style>
          <IconStyle>
            <heading>186</heading>
            <Icon>
              <href>http://maps.google.com/mapfiles/kml/shapes/airports.png</href>
            </Icon>
          </IconStyle>
        </Style>
        <Point>
          <altitudeMode>absolute</altitudeMode>
          <coordinates>18.416225,-33.873138,579.12</coordinates>
        </Point>
      </Placemark>
      <Placemark>
        <name>2025-11-07 06:33:48 UTC</name>
        <description><![CDATA[<div><div><span><b>Altitude:</b></span> <span>1,900 ft</span></div>
<div><span><b>Speed:</b></span> <span>67 kt</span></div>
<div><span><b>Heading:</b></span> <span>176&deg;</span></div>
</div>]]></description>
        <TimeStamp>
          <when>2025-11-07T06:33:48+00:00</when>
        </TimeStamp>
        <Style>
          <IconStyle>
            <heading>176</heading>
            <Icon>
              <href>http://maps.google.com/mapfiles/kml/shapes/airports.png</href>
            </Icon>
          </IconStyle>
        </Style>
        <Point>
          <altitudeMode>absolute</altitudeMode>
          <coordinates>18.416176,-33.873642,579.12</coordinates>
        </Point>
      </Placemark>
      <Placemark>
        <name>2025-11-07 06:33:51 UTC</name>
        <description><![CDATA[<div><div><span><b>Altitude:</b></span> <span>1,900 ft</span></div>
<div><span><b>Speed:</b></span> <span>64 kt</span></div>
<div><span><b>Heading:</b></span> <span>162&deg;</span></div>
</div>]]></description>
        <TimeStamp>
          <when>2025-11-07T06:33:51+00:00</when>
        </TimeStamp>
        <Style>
          <IconStyle>
            <heading>162</heading>
            <Icon>
              <href>http://maps.google.com/mapfiles/kml/shapes/airports.png</href>
            </Icon>
          </IconStyle>
        </Style>
        <Point>
          <altitudeMode>absolute</altitudeMode>
          <coordinates>18.416449,-33.874695,579.12</coordinates>
        </Point>
      </Placemark>
      <Placemark>
        <name>2025-11-07 06:33:53 UTC</name>
        <description><![CDATA[<div><div><span><b>Altitude:</b></span> <span>2,000 ft</span></div>
<div><span><b>Speed:</b></span> <span>62 kt</span></div>
<div><span><b>Heading:</b></span> <span>151&deg;</span></div>
</div>]]></description>
        <TimeStamp>
          <when>2025-11-07T06:33:53+00:00</when>
        </TimeStamp>
        <Style>
          <IconStyle>
            <heading>151</heading>
            <Icon>
              <href>http://maps.google.com/mapfiles/kml/shapes/airports.png</href>
            </Icon>
          </IconStyle>
        </Style>
        <Point>
          <altitudeMode>absolute</altitudeMode>
          <coordinates>18.416748,-33.875225,609.6</coordinates>
        </Point>
      </Placemark>
      <Placemark>
        <name>2025-11-07 06:33:55 UTC</name>
        <description><![CDATA[<div><div><span><b>Altitude:</b></span> <span>2,000 ft</span></div>
<div><span><b>Speed:</b></span> <span>63 kt</span></div>
<div><span><b>Heading:</b></span> <span>139&deg;</span></div>
</div>]]></description>
        <TimeStamp>
          <when>2025-11-07T06:33:55+00:00</when>
        </TimeStamp>
        <Style>
          <IconStyle>
            <heading>139</heading>
            <Icon>
              <href>http://maps.google.com/mapfiles/kml/shapes/airports.png</href>
            </Icon>
          </IconStyle>
        </Style>
        <Point>
          <altitudeMode>absolute</altitudeMode>
          <coordinates>18.417149,-33.87569,609.6</coordinates>
        </Point>
      </Placemark>
      <Placemark>
        <name>2025-11-07 06:33:57 UTC</name>
        <description><![CDATA[<div><div><span><b>Altitude:</b></span> <span>2,000 ft</span></div>
<div><span><b>Speed:</b></span> <span>61 kt</span></div>
<div><span><b>Heading:</b></span> <span>129&deg;</span></div>
</div>]]></description>
        <TimeStamp>
          <when>2025-11-07T06:33:57+00:00</when>
        </TimeStamp>
        <Style>
          <IconStyle>
            <heading>129</heading>
            <Icon>
              <href>http://maps.google.com/mapfiles/kml/shapes/airports.png</href>
            </Icon>
          </IconStyle>
        </Style>
        <Point>
          <altitudeMode>absolute</altitudeMode>
          <coordinates>18.417778,-33.876202,609.6</coordinates>
        </Point>
      </Placemark>
      <Placemark>
        <name>2025-11-07 06:34:00 UTC</name>
        <description><![CDATA[<div><div><span><b>Altitude:</b></span> <span>2,000 ft</span></div>
<div><span><b>Speed:</b></span> <span>62 kt</span></div>
<div><span><b>Heading:</b></span> <span>118&deg;</span></div>
</div>]]></description>
        <TimeStamp>
          <when>2025-11-07T06:34:00+00:00</when>
        </TimeStamp>
        <Style>
          <IconStyle>
            <heading>118</heading>
            <Icon>
              <href>http://maps.google.com/mapfiles/kml/shapes/airports.png</href>
            </Icon>
          </IconStyle>
        </Style>
        <Point>
          <altitudeMode>absolute</altitudeMode>
          <coordinates>18.418524,-33.876617,609.6</coordinates>
        </Point>
      </Placemark>
      <Placemark>
        <name>2025-11-07 06:34:02 UTC</name>
        <description><![CDATA[<div><div><span><b>Altitude:</b></span> <span>2,000 ft</span></div>
<div><span><b>Speed:</b></span> <span>62 kt</span></div>
<div><span><b>Heading:</b></span> <span>105&deg;</span></div>
</div>]]></description>
        <TimeStamp>
          <when>2025-11-07T06:34:02+00:00</when>
        </TimeStamp>
        <Style>
          <IconStyle>
            <heading>105</heading>
            <Icon>
              <href>http://maps.google.com/mapfiles/kml/shapes/airports.png</href>
            </Icon>
          </IconStyle>
        </Style>
        <Point>
          <altitudeMode>absolute</altitudeMode>
          <coordinates>18.419151,-33.876762,609.6</coordinates>
        </Point>
      </Placemark>
      <Placemark>
        <name>2025-11-07 06:34:04 UTC</name>
        <description><![CDATA[<div><div><span><b>Altitude:</b></span> <span>2,000 ft</span></div>
<div><span><b>Speed:</b></span> <span>64 kt</span></div>
<div><span><b>Heading:</b></span> <span>92&deg;</span></div>
</div>]]></description>
        <TimeStamp>
          <when>2025-11-07T06:34:04+00:00</when>
        </TimeStamp>
        <Style>
          <IconStyle>
            <heading>92</heading>
            <Icon>
              <href>http://maps.google.com/mapfiles/kml/shapes/airports.png</href>
            </Icon>
          </IconStyle>
        </Style>
        <Point>
          <altitudeMode>absolute</altitudeMode>
          <coordinates>18.42001,-33.8769,609.6</coordinates>
        </Point>
      </Placemark>
      <Placemark>
        <name>2025-11-07 06:34:07 UTC</name>
        <description><![CDATA[<div><div><span><b>Altitude:</b></span> <span>2,000 ft</span></div>
<div><span><b>Speed:</b></span> <span>64 kt</span></div>
<div><span><b>Heading:</b></span> <span>80&deg;</span></div>
</div>]]></description>
        <TimeStamp>
          <when>2025-11-07T06:34:07+00:00</when>
        </TimeStamp>
        <Style>
          <IconStyle>
            <heading>80</heading>
            <Icon>
              <href>http://maps.google.com/mapfiles/kml/shapes/airports.png</href>
            </Icon>
          </IconStyle>
        </Style>
        <Point>
          <altitudeMode>absolute</altitudeMode>
          <coordinates>18.420868,-33.876808,609.6</coordinates>
        </Point>
      </Placemark>
      <Placemark>
        <name>2025-11-07 06:34:09 UTC</name>
        <description><![CDATA[<div><div><span><b>Altitude:</b></span> <span>2,000 ft</span></div>
<div><span><b>Speed:</b></span> <span>67 kt</span></div>
<div><span><b>Heading:</b></span> <span>64&deg;</span></div>
</div>]]></description>
        <TimeStamp>
          <when>2025-11-07T06:34:09+00:00</when>
        </TimeStamp>
        <Style>
          <IconStyle>
            <heading>64</heading>
            <Icon>
              <href>http://maps.google.com/mapfiles/kml/shapes/airports.png</href>
            </Icon>
          </IconStyle>
        </Style>
        <Point>
          <altitudeMode>absolute</altitudeMode>
          <coordinates>18.421612,-33.87653,609.6</coordinates>
        </Point>
      </Placemark>
      <Placemark>
        <name>2025-11-07 06:34:11 UTC</name>
        <description><![CDATA[<div><div><span><b>Altitude:</b></span> <span>2,100 ft</span></div>
<div><span><b>Speed:</b></span> <span>73 kt</span></div>
<div><span><b>Heading:</b></span> <span>36&deg;</span></div>
</div>]]></description>
        <TimeStamp>
          <when>2025-11-07T06:34:11+00:00</when>
        </TimeStamp>
        <Style>
          <IconStyle>
            <heading>36</heading>
            <Icon>
              <href>http://maps.google.com/mapfiles/kml/shapes/airports.png</href>
            </Icon>
          </IconStyle>
        </Style>
        <Point>
          <altitudeMode>absolute</altitudeMode>
          <coordinates>18.422167,-33.876114,640.08</coordinates>
        </Point>
      </Placemark>
      <Placemark>
        <name>2025-11-07 06:34:14 UTC</name>
        <description><![CDATA[<div><div><span><b>Altitude:</b></span> <span>2,100 ft</span></div>
<div><span><b>Speed:</b></span> <span>78 kt</span></div>
<div><span><b>Heading:</b></span> <span>17&deg;</span></div>
</div>]]></description>
        <TimeStamp>
          <when>2025-11-07T06:34:14+00:00</when>
        </TimeStamp>
        <Style>
          <IconStyle>
            <heading>17</heading>
            <Icon>
              <href>http://maps.google.com/mapfiles/kml/shapes/airports.png</href>
            </Icon>
          </IconStyle>
        </Style>
        <Point>
          <altitudeMode>absolute</altitudeMode>
          <coordinates>18.422642,-33.875179,640.08</coordinates>
        </Point>
      </Placemark>
      <Placemark>
        <name>2025-11-07 06:34:16 UTC</name>
        <description><![CDATA[<div><div><span><b>Altitude:</b></span> <span>2,100 ft</span></div>
<div><span><b>Speed:</b></span> <span>85 kt</span></div>
<div><span><b>Heading:</b></span> <span>357&deg;</span></div>
</div>]]></description>
        <TimeStamp>
          <when>2025-11-07T06:34:16+00:00</when>
        </TimeStamp>
        <Style>
          <IconStyle>
            <heading>357</heading>
            <Icon>
              <href>http://maps.google.com/mapfiles/kml/shapes/airports.png</href>
            </Icon>
          </IconStyle>
        </Style>
        <Point>
          <altitudeMode>absolute</altitudeMode>
          <coordinates>18.422728,-33.874374,640.08</coordinates>
        </Point>
      </Placemark>
      <Placemark>
        <name>2025-11-07 06:34:18 UTC</name>
        <description><![CDATA[<div><div><span><b>Altitude:</b></span> <span>2,100 ft</span></div>
<div><span><b>Speed:</b></span> <span>88 kt</span></div>
<div><span><b>Heading:</b></span> <span>342&deg;</span></div>
</div>]]></description>
        <TimeStamp>
          <when>2025-11-07T06:34:18+00:00</when>
        </TimeStamp>
        <Style>
          <IconStyle>
            <heading>342</heading>
            <Icon>
              <href>http://maps.google.com/mapfiles/kml/shapes/airports.png</href>
            </Icon>
          </IconStyle>
        </Style>
        <Point>
          <altitudeMode>absolute</altitudeMode>
          <coordinates>18.422527,-33.873642,640.08</coordinates>
        </Point>
      </Placemark>
      <Placemark>
        <name>2025-11-07 06:34:20 UTC</name>
        <description><![CDATA[<div><div><span><b>Altitude:</b></span> <span>2,100 ft</span></div>
<div><span><b>Speed:</b></span> <span>91 kt</span></div>
<div><span><b>Heading:</b></span> <span>330&deg;</span></div>
</div>]]></description>
        <TimeStamp>
          <when>2025-11-07T06:34:20+00:00</when>
        </TimeStamp>
        <Style>
          <IconStyle>
            <heading>330</heading>
            <Icon>
              <href>http://maps.google.com/mapfiles/kml/shapes/airports.png</href>
            </Icon>
          </IconStyle>
        </Style>
        <Point>
          <altitudeMode>absolute</altitudeMode>
          <coordinates>18.422184,-33.87299,640.08</coordinates>
        </Point>
      </Placemark>
      <Placemark>
        <name>2025-11-07 06:34:22 UTC</name>
        <description><![CDATA[<div><div><span><b>Altitude:</b></span> <span>2,100 ft</span></div>
<div><span><b>Speed:</b></span> <span>95 kt</span></div>
<div><span><b>Heading:</b></span> <span>318&deg;</span></div>
</div>]]></description>
        <TimeStamp>
          <when>2025-11-07T06:34:22+00:00</when>
        </TimeStamp>
        <Style>
          <IconStyle>
            <heading>318</heading>
            <Icon>
              <href>http://maps.google.com/mapfiles/kml/shapes/airports.png</href>
            </Icon>
          </IconStyle>
        </Style>
        <Point>
          <altitudeMode>absolute</altitudeMode>
          <coordinates>18.42144,-33.872154,640.08</coordinates>
        </Point>
      </Placemark>
      <Placemark>
        <name>2025-11-07 06:34:24 UTC</name>
        <description><![CDATA[<div><div><span><b>Altitude:</b></span> <span>2,200 ft</span></div>
<div><span><b>Speed:</b></span> <span>99 kt</span></div>
<div><span><b>Heading:</b></span> <span>307&deg;</span></div>
</div>]]></description>
        <TimeStamp>
          <when>2025-11-07T06:34:24+00:00</when>
        </TimeStamp>
        <Style>
          <IconStyle>
            <heading>307</heading>
            <Icon>
              <href>http://maps.google.com/mapfiles/kml/shapes/airports.png</href>
            </Icon>
          </IconStyle>
        </Style>
        <Point>
          <altitudeMode>absolute</altitudeMode>
          <coordinates>18.420429,-33.871399,670.56</coordinates>
        </Point>
      </Placemark>
      <Placemark>
        <name>2025-11-07 06:34:26 UTC</name>
        <description><![CDATA[<div><div><span><b>Altitude:</b></span> <span>2,100 ft</span></div>
<div><span><b>Speed:</b></span> <span>102 kt</span></div>
<div><span><b>Heading:</b></span> <span>297&deg;</span></div>
</div>]]></description>
        <TimeStamp>
          <when>2025-11-07T06:34:26+00:00</when>
        </TimeStamp>
        <Style>
          <IconStyle>
            <heading>297</heading>
            <Icon>
              <href>http://maps.google.com/mapfiles/kml/shapes/airports.png</href>
            </Icon>
          </IconStyle>
        </Style>
        <Point>
          <altitudeMode>absolute</altitudeMode>
          <coordinates>18.419252,-33.870804,640.08</coordinates>
        </Point>
      </Placemark>
      <Placemark>
        <name>2025-11-07 06:34:28 UTC</name>
        <description><![CDATA[<div><div><span><b>Altitude:</b></span> <span>2,100 ft</span></div>
<div><span><b>Speed:</b></span> <span>106 kt</span></div>
<div><span><b>Heading:</b></span> <span>288&deg;</span></div>
</div>]]></description>
        <TimeStamp>
          <when>2025-11-07T06:34:28+00:00</when>
        </TimeStamp>
        <Style>
          <IconStyle>
            <heading>288</heading>
            <Icon>
              <href>http://maps.google.com/mapfiles/kml/shapes/airports.png</href>
            </Icon>
          </IconStyle>
        </Style>
        <Point>
          <altitudeMode>absolute</altitudeMode>
          <coordinates>18.418299,-33.870483,640.08</coordinates>
        </Point>
      </Placemark>
      <Placemark>
        <name>2025-11-07 06:34:31 UTC</name>
        <description><![CDATA[<div><div><span><b>Altitude:</b></span> <span>2,200 ft</span></div>
<div><span><b>Speed:</b></span> <span>110 kt</span></div>
<div><span><b>Heading:</b></span> <span>281&deg;</span></div>
</div>]]></description>
        <TimeStamp>
          <when>2025-11-07T06:34:31+00:00</when>
        </TimeStamp>
        <Style>
          <IconStyle>
            <heading>281</heading>
            <Icon>
              <href>http://maps.google.com/mapfiles/kml/shapes/airports.png</href>
            </Icon>
          </IconStyle>
        </Style>
        <Point>
          <altitudeMode>absolute</altitudeMode>
          <coordinates>18.417234,-33.8703,670.56</coordinates>
        </Point>
      </Placemark>
      <Placemark>
        <name>2025-11-07 06:34:33 UTC</name>
        <description><![CDATA[<div><div><span><b>Altitude:</b></span> <span>2,100 ft</span></div>
<div><span><b>Speed:</b></span> <span>113 kt</span></div>
<div><span><b>Heading:</b></span> <span>273&deg;</span></div>
</div>]]></description>
        <TimeStamp>
          <when>2025-11-07T06:34:33+00:00</when>
        </TimeStamp>
        <Style>
          <IconStyle>
            <heading>273</heading>
            <Icon>
              <href>http://maps.google.com/mapfiles/kml/shapes/airports.png</href>
            </Icon>
          </IconStyle>
        </Style>
        <Point>
          <altitudeMode>absolute</altitudeMode>
          <coordinates>18.415888,-33.870117,640.08</coordinates>
        </Point>
      </Placemark>
      <Placemark>
        <name>2025-11-07 06:34:35 UTC</name>
        <description><![CDATA[<div><div><span><b>Altitude:</b></span> <span>2,100 ft</span></div>
<div><span><b>Speed:</b></span> <span>116 kt</span></div>
<div><span><b>Heading:</b></span> <span>268&deg;</span></div>
</div>]]></description>
        <TimeStamp>
          <when>2025-11-07T06:34:35+00:00</when>
        </TimeStamp>
        <Style>
          <IconStyle>
            <heading>268</heading>
            <Icon>
              <href>http://maps.google.com/mapfiles/kml/shapes/airports.png</href>
            </Icon>
          </IconStyle>
        </Style>
        <Point>
          <altitudeMode>absolute</altitudeMode>
          <coordinates>18.414288,-33.870152,640.08</coordinates>
        </Point>
      </Placemark>
      <Placemark>
        <name>2025-11-07 06:34:37 UTC</name>
        <description><![CDATA[<div><div><span><b>Altitude:</b></span> <span>2,100 ft</span></div>
<div><span><b>Speed:</b></span> <span>118 kt</span></div>
<div><span><b>Heading:</b></span> <span>262&deg;</span></div>
</div>]]></description>
        <TimeStamp>
          <when>2025-11-07T06:34:37+00:00</when>
        </TimeStamp>
        <Style>
          <IconStyle>
            <heading>262</heading>
            <Icon>
              <href>http://maps.google.com/mapfiles/kml/shapes/airports.png</href>
            </Icon>
          </IconStyle>
        </Style>
        <Point>
          <altitudeMode>absolute</altitudeMode>
          <coordinates>18.413198,-33.870209,640.08</coordinates>
        </Point>
      </Placemark>
      <Placemark>
        <name>2025-11-07 06:34:40 UTC</name>
        <description><![CDATA[<div><div><span><b>Altitude:</b></span> <span>2,100 ft</span></div>
<div><span><b>Speed:</b></span> <span>120 kt</span></div>
<div><span><b>Heading:</b></span> <span>256&deg;</span></div>
</div>]]></description>
        <TimeStamp>
          <when>2025-11-07T06:34:40+00:00</when>
        </TimeStamp>
        <Style>
          <IconStyle>
            <heading>256</heading>
            <Icon>
              <href>http://maps.google.com/mapfiles/kml/shapes/airports.png</href>
            </Icon>
          </IconStyle>
        </Style>
        <Point>
          <altitudeMode>absolute</altitudeMode>
          <coordinates>18.410564,-33.870621,640.08</coordinates>
        </Point>
      </Placemark>
      <Placemark>
        <name>2025-11-07 06:34:43 UTC</name>
        <description><![CDATA[<div><div><span><b>Altitude:</b></span> <span>2,100 ft</span></div>
<div><span><b>Speed:</b></span> <span>121 kt</span></div>
<div><span><b>Heading:</b></span> <span>251&deg;</span></div>
</div>]]></description>
        <TimeStamp>
          <when>2025-11-07T06:34:43+00:00</when>
        </TimeStamp>
        <Style>
          <IconStyle>
            <heading>251</heading>
            <Icon>
              <href>http://maps.google.com/mapfiles/kml/shapes/airports.png</href>
            </Icon>
          </IconStyle>
        </Style>
        <Point>
          <altitudeMode>absolute</altitudeMode>
          <coordinates>18.409252,-33.870941,640.08</coordinates>
        </Point>
      </Placemark>
      <Placemark>
        <name>2025-11-07 06:34:46 UTC</name>
        <description><![CDATA[<div><div><span><b>Altitude:</b></span> <span>2,100 ft</span></div>
<div><span><b>Speed:</b></span> <span>120 kt</span></div>
<div><span><b>Heading:</b></span> <span>250&deg;</span></div>
</div>]]></description>
        <TimeStamp>
          <when>2025-11-07T06:34:46+00:00</when>
        </TimeStamp>
        <Style>
          <IconStyle>
            <heading>250</heading>
            <Icon>
              <href>http://maps.google.com/mapfiles/kml/shapes/airports.png</href>
            </Icon>
          </IconStyle>
        </Style>
        <Point>
          <altitudeMode>absolute</altitudeMode>
          <coordinates>18.40868,-33.871128,640.08</coordinates>
        </Point>
      </Placemark>
      <Placemark>
        <name>2025-11-07 06:34:49 UTC</name>
        <description><![CDATA[<div><div><span><b>Altitude:</b></span> <span>2,100 ft</span></div>
<div><span><b>Speed:</b></span> <span>119 kt</span></div>
<div><span><b>Heading:</b></span> <span>243&deg;</span></div>
</div>]]></description>
        <TimeStamp>
          <when>2025-11-07T06:34:49+00:00</when>
        </TimeStamp>
        <Style>
          <IconStyle>
            <heading>243</heading>
            <Icon>
              <href>http://maps.google.com/mapfiles/kml/shapes/airports.png</href>
            </Icon>
          </IconStyle>
        </Style>
        <Point>
          <altitudeMode>absolute</altitudeMode>
          <coordinates>18.405533,-33.872341,640.08</coordinates>
        </Point>
      </Placemark>
      <Placemark>
        <name>2025-11-07 06:34:51 UTC</name>
        <description><![CDATA[<div><div><span><b>Altitude:</b></span> <span>2,100 ft</span></div>
<div><span><b>Speed:</b></span> <span>120 kt</span></div>
<div><span><b>Heading:</b></span> <span>241&deg;</span></div>
</div>]]></description>
        <TimeStamp>
          <when>2025-11-07T06:34:51+00:00</when>
        </TimeStamp>
        <Style>
          <IconStyle>
            <heading>241</heading>
            <Icon>
              <href>http://maps.google.com/mapfiles/kml/shapes/airports.png</href>
            </Icon>
          </IconStyle>
        </Style>
        <Point>
          <altitudeMode>absolute</altitudeMode>
          <coordinates>18.404503,-33.872807,640.08</coordinates>
        </Point>
      </Placemark>
      <Placemark>
        <name>2025-11-07 06:34:53 UTC</name>
        <description><![CDATA[<div><div><span><b>Altitude:</b></span> <span>2,100 ft</span></div>
<div><span><b>Speed:</b></span> <span>121 kt</span></div>
<div><span><b>Heading:</b></span> <span>240&deg;</span></div>
</div>]]></description>
        <TimeStamp>
          <when>2025-11-07T06:34:53+00:00</when>
        </TimeStamp>
        <Style>
          <IconStyle>
            <heading>240</heading>
            <Icon>
              <href>http://maps.google.com/mapfiles/kml/shapes/airports.png</href>
            </Icon>
          </IconStyle>
        </Style>
        <Point>
          <altitudeMode>absolute</altitudeMode>
          <coordinates>18.402996,-33.873459,640.08</coordinates>
        </Point>
      </Placemark>
      <Placemark>
        <name>2025-11-07 06:34:55 UTC</name>
        <description><![CDATA[<div><div><span><b>Altitude:</b></span> <span>2,100 ft</span></div>
<div><span><b>Speed:</b></span> <span>121 kt</span></div>
<div><span><b>Heading:</b></span> <span>239&deg;</span></div>
</div>]]></description>
        <TimeStamp>
          <when>2025-11-07T06:34:55+00:00</when>
        </TimeStamp>
        <Style>
          <IconStyle>
            <heading>239</heading>
            <Icon>
              <href>http://maps.google.com/mapfiles/kml/shapes/airports.png</href>
            </Icon>
          </IconStyle>
        </Style>
        <Point>
          <altitudeMode>absolute</altitudeMode>
          <coordinates>18.401819,-33.874054,640.08</coordinates>
        </Point>
      </Placemark>
      <Placemark>
        <name>2025-11-07 06:34:58 UTC</name>
        <description><![CDATA[<div><div><span><b>Altitude:</b></span> <span>2,100 ft</span></div>
<div><span><b>Speed:</b></span> <span>122 kt</span></div>
<div><span><b>Heading:</b></span> <span>238&deg;</span></div>
</div>]]></description>
        <TimeStamp>
          <when>2025-11-07T06:34:58+00:00</when>
        </TimeStamp>
        <Style>
          <IconStyle>
            <heading>238</heading>
            <Icon>
              <href>http://maps.google.com/mapfiles/kml/shapes/airports.png</href>
            </Icon>
          </IconStyle>
        </Style>
        <Point>
          <altitudeMode>absolute</altitudeMode>
          <coordinates>18.400417,-33.874741,640.08</coordinates>
        </Point>
      </Placemark>
      <Placemark>
        <name>2025-11-07 06:35:00 UTC</name>
        <description><![CDATA[<div><div><span><b>Altitude:</b></span> <span>2,100 ft</span></div>
<div><span><b>Speed:</b></span> <span>122 kt</span></div>
<div><span><b>Heading:</b></span> <span>237&deg;</span></div>
</div>]]></description>
        <TimeStamp>
          <when>2025-11-07T06:35:00+00:00</when>
        </TimeStamp>
        <Style>
          <IconStyle>
            <heading>237</heading>
            <Icon>
              <href>http://maps.google.com/mapfiles/kml/shapes/airports.png</href>
            </Icon>
          </IconStyle>
        </Style>
        <Point>
          <altitudeMode>absolute</altitudeMode>
          <coordinates>18.398952,-33.875504,640.08</coordinates>
        </Point>
      </Placemark>
      <Placemark>
        <name>2025-11-07 06:35:02 UTC</name>
        <description><![CDATA[<div><div><span><b>Altitude:</b></span> <span>2,100 ft</span></div>
<div><span><b>Speed:</b></span> <span>122 kt</span></div>
<div><span><b>Heading:</b></span> <span>237&deg;</span></div>
</div>]]></description>
        <TimeStamp>
          <when>2025-11-07T06:35:02+00:00</when>
        </TimeStamp>
        <Style>
          <IconStyle>
            <heading>237</heading>
            <Icon>
              <href>http://maps.google.com/mapfiles/kml/shapes/airports.png</href>
            </Icon>
          </IconStyle>
        </Style>
        <Point>
          <altitudeMode>absolute</altitudeMode>
          <coordinates>18.397808,-33.87611,640.08</coordinates>
        </Point>
      </Placemark>
      <Placemark>
        <name>2025-11-07 06:35:04 UTC</name>
        <description><![CDATA[<div><div><span><b>Altitude:</b></span> <span>2,100 ft</span></div>
<div><span><b>Speed:</b></span> <span>121 kt</span></div>
<div><span><b>Heading:</b></span> <span>235&deg;</span></div>
</div>]]></description>
        <TimeStamp>
          <when>2025-11-07T06:35:04+00:00</when>
        </TimeStamp>
        <Style>
          <IconStyle>
            <heading>235</heading>
            <Icon>
              <href>http://maps.google.com/mapfiles/kml/shapes/airports.png</href>
            </Icon>
          </IconStyle>
        </Style>
        <Point>
          <altitudeMode>absolute</altitudeMode>
          <coordinates>18.396662,-33.876755,640.08</coordinates>
        </Point>
      </Placemark>
      <Placemark>
        <name>2025-11-07 06:35:07 UTC</name>
        <description><![CDATA[<div><div><span><b>Altitude:</b></span> <span>2,100 ft</span></div>
<div><span><b>Speed:</b></span> <span>120 kt</span></div>
<div><span><b>Heading:</b></span> <span>232&deg;</span></div>
</div>]]></description>
        <TimeStamp>
          <when>2025-11-07T06:35:07+00:00</when>
        </TimeStamp>
        <Style>
          <IconStyle>
            <heading>232</heading>
            <Icon>
              <href>http://maps.google.com/mapfiles/kml/shapes/airports.png</href>
            </Icon>
          </IconStyle>
        </Style>
        <Point>
          <altitudeMode>absolute</altitudeMode>
          <coordinates>18.395176,-33.877647,640.08</coordinates>
        </Point>
      </Placemark>
      <Placemark>
        <name>2025-11-07 06:35:09 UTC</name>
        <description><![CDATA[<div><div><span><b>Altitude:</b></span> <span>2,100 ft</span></div>
<div><span><b>Speed:</b></span> <span>120 kt</span></div>
<div><span><b>Heading:</b></span> <span>231&deg;</span></div>
</div>]]></description>
        <TimeStamp>
          <when>2025-11-07T06:35:09+00:00</when>
        </TimeStamp>
        <Style>
          <IconStyle>
            <heading>231</heading>
            <Icon>
              <href>http://maps.google.com/mapfiles/kml/shapes/airports.png</href>
            </Icon>
          </IconStyle>
        </Style>
        <Point>
          <altitudeMode>absolute</altitudeMode>
          <coordinates>18.393917,-33.878437,640.08</coordinates>
        </Point>
      </Placemark>
      <Placemark>
        <name>2025-11-07 06:35:11 UTC</name>
        <description><![CDATA[<div><div><span><b>Altitude:</b></span> <span>2,100 ft</span></div>
<div><span><b>Speed:</b></span> <span>119 kt</span></div>
<div><span><b>Heading:</b></span> <span>230&deg;</span></div>
</div>]]></description>
        <TimeStamp>
          <when>2025-11-07T06:35:11+00:00</when>
        </TimeStamp>
        <Style>
          <IconStyle>
            <heading>230</heading>
            <Icon>
              <href>http://maps.google.com/mapfiles/kml/shapes/airports.png</href>
            </Icon>
          </IconStyle>
        </Style>
        <Point>
          <altitudeMode>absolute</altitudeMode>
          <coordinates>18.392738,-33.879272,640.08</coordinates>
        </Point>
      </Placemark>
      <Placemark>
        <name>2025-11-07 06:35:14 UTC</name>
        <description><![CDATA[<div><div><span><b>Altitude:</b></span> <span>2,100 ft</span></div>
<div><span><b>Speed:</b></span> <span>117 kt</span></div>
<div><span><b>Heading:</b></span> <span>229&deg;</span></div>
</div>]]></description>
        <TimeStamp>
          <when>2025-11-07T06:35:14+00:00</when>
        </TimeStamp>
        <Style>
          <IconStyle>
            <heading>229</heading>
            <Icon>
              <href>http://maps.google.com/mapfiles/kml/shapes/airports.png</href>
            </Icon>
          </IconStyle>
        </Style>
        <Point>
          <altitudeMode>absolute</altitudeMode>
          <coordinates>18.391729,-33.880005,640.08</coordinates>
        </Point>
      </Placemark>
      <Placemark>
        <name>2025-11-07 06:35:16 UTC</name>
        <description><![CDATA[<div><div><span><b>Altitude:</b></span> <span>2,100 ft</span></div>
<div><span><b>Speed:</b></span> <span>116 kt</span></div>
<div><span><b>Heading:</b></span> <span>228&deg;</span></div>
</div>]]></description>
        <TimeStamp>
          <when>2025-11-07T06:35:16+00:00</when>
        </TimeStamp>
        <Style>
          <IconStyle>
            <heading>228</heading>
            <Icon>
              <href>http://maps.google.com/mapfiles/kml/shapes/airports.png</href>
            </Icon>
          </IconStyle>
        </Style>
        <Point>
          <altitudeMode>absolute</altitudeMode>
          <coordinates>18.39044,-33.88092,640.08</coordinates>
        </Point>
      </Placemark>
      <Placemark>
        <name>2025-11-07 06:35:18 UTC</name>
        <description><![CDATA[<div><div><span><b>Altitude:</b></span> <span>2,100 ft</span></div>
<div><span><b>Speed:</b></span> <span>116 kt</span></div>
<div><span><b>Heading:</b></span> <span>227&deg;</span></div>
</div>]]></description>
        <TimeStamp>
          <when>2025-11-07T06:35:18+00:00</when>
        </TimeStamp>
        <Style>
          <IconStyle>
            <heading>227</heading>
            <Icon>
              <href>http://maps.google.com/mapfiles/kml/shapes/airports.png</href>
            </Icon>
          </IconStyle>
        </Style>
        <Point>
          <altitudeMode>absolute</altitudeMode>
          <coordinates>18.389454,-33.881695,640.08</coordinates>
        </Point>
      </Placemark>
      <Placemark>
        <name>2025-11-07 06:35:20 UTC</name>
        <description><![CDATA[<div><div><span><b>Altitude:</b></span> <span>2,100 ft</span></div>
<div><span><b>Speed:</b></span> <span>115 kt</span></div>
<div><span><b>Heading:</b></span> <span>226&deg;</span></div>
</div>]]></description>
        <TimeStamp>
          <when>2025-11-07T06:35:20+00:00</when>
        </TimeStamp>
        <Style>
          <IconStyle>
            <heading>226</heading>
            <Icon>
              <href>http://maps.google.com/mapfiles/kml/shapes/airports.png</href>
            </Icon>
          </IconStyle>
        </Style>
        <Point>
          <altitudeMode>absolute</altitudeMode>
          <coordinates>18.388479,-33.882477,640.08</coordinates>
        </Point>
      </Placemark>
      <Placemark>
        <name>2025-11-07 06:35:23 UTC</name>
        <description><![CDATA[<div><div><span><b>Altitude:</b></span> <span>2,100 ft</span></div>
<div><span><b>Speed:</b></span> <span>115 kt</span></div>
<div><span><b>Heading:</b></span> <span>226&deg;</span></div>
</div>]]></description>
        <TimeStamp>
          <when>2025-11-07T06:35:23+00:00</when>
        </TimeStamp>
        <Style>
          <IconStyle>
            <heading>226</heading>
            <Icon>
              <href>http://maps.google.com/mapfiles/kml/shapes/airports.png</href>
            </Icon>
          </IconStyle>
        </Style>
        <Point>
          <altitudeMode>absolute</altitudeMode>
          <coordinates>18.38728,-33.883373,640.08</coordinates>
        </Point>
      </Placemark>
      <Placemark>
        <name>2025-11-07 06:35:25 UTC</name>
        <description><![CDATA[<div><div><span><b>Altitude:</b></span> <span>2,200 ft</span></div>
<div><span><b>Speed:</b></span> <span>114 kt</span></div>
<div><span><b>Heading:</b></span> <span>225&deg;</span></div>
</div>]]></description>
        <TimeStamp>
          <when>2025-11-07T06:35:25+00:00</when>
        </TimeStamp>
        <Style>
          <IconStyle>
            <heading>225</heading>
            <Icon>
              <href>http://maps.google.com/mapfiles/kml/shapes/airports.png</href>
            </Icon>
          </IconStyle>
        </Style>
        <Point>
          <altitudeMode>absolute</altitudeMode>
          <coordinates>18.386181,-33.884308,670.56</coordinates>
        </Point>
      </Placemark>
      <Placemark>
        <name>2025-11-07 06:35:28 UTC</name>
        <description><![CDATA[<div><div><span><b>Altitude:</b></span> <span>2,200 ft</span></div>
<div><span><b>Speed:</b></span> <span>113 kt</span></div>
<div><span><b>Heading:</b></span> <span>224&deg;</span></div>
</div>]]></description>
        <TimeStamp>
          <when>2025-11-07T06:35:28+00:00</when>
        </TimeStamp>
        <Style>
          <IconStyle>
            <heading>224</heading>
            <Icon>
              <href>http://maps.google.com/mapfiles/kml/shapes/airports.png</href>
            </Icon>
          </IconStyle>
        </Style>
        <Point>
          <altitudeMode>absolute</altitudeMode>
          <coordinates>18.38522,-33.885094,670.56</coordinates>
        </Point>
      </Placemark>
      <Placemark>
        <name>2025-11-07 06:35:30 UTC</name>
        <description><![CDATA[<div><div><span><b>Altitude:</b></span> <span>2,200 ft</span></div>
<div><span><b>Speed:</b></span> <span>112 kt</span></div>
<div><span><b>Heading:</b></span> <span>223&deg;</span></div>
</div>]]></description>
        <TimeStamp>
          <when>2025-11-07T06:35:30+00:00</when>
        </TimeStamp>
        <Style>
          <IconStyle>
            <heading>223</heading>
            <Icon>
              <href>http://maps.google.com/mapfiles/kml/shapes/airports.png</href>
            </Icon>
          </IconStyle>
        </Style>
        <Point>
          <altitudeMode>absolute</altitudeMode>
          <coordinates>18.384108,-33.886047,670.56</coordinates>
        </Point>
      </Placemark>
      <Placemark>
        <name>2025-11-07 06:35:32 UTC</name>
        <description><![CDATA[<div><div><span><b>Altitude:</b></span> <span>2,200 ft</span></div>
<div><span><b>Speed:</b></span> <span>111 kt</span></div>
<div><span><b>Heading:</b></span> <span>223&deg;</span></div>
</div>]]></description>
        <TimeStamp>
          <when>2025-11-07T06:35:32+00:00</when>
        </TimeStamp>
        <Style>
          <IconStyle>
            <heading>223</heading>
            <Icon>
              <href>http://maps.google.com/mapfiles/kml/shapes/airports.png</href>
            </Icon>
          </IconStyle>
        </Style>
        <Point>
          <altitudeMode>absolute</altitudeMode>
          <coordinates>18.383045,-33.887005,670.56</coordinates>
        </Point>
      </Placemark>
      <Placemark>
        <name>2025-11-07 06:35:34 UTC</name>
        <description><![CDATA[<div><div><span><b>Altitude:</b></span> <span>2,200 ft</span></div>
<div><span><b>Speed:</b></span> <span>111 kt</span></div>
<div><span><b>Heading:</b></span> <span>223&deg;</span></div>
</div>]]></description>
        <TimeStamp>
          <when>2025-11-07T06:35:34+00:00</when>
        </TimeStamp>
        <Style>
          <IconStyle>
            <heading>223</heading>
            <Icon>
              <href>http://maps.google.com/mapfiles/kml/shapes/airports.png</href>
            </Icon>
          </IconStyle>
        </Style>
        <Point>
          <altitudeMode>absolute</altitudeMode>
          <coordinates>18.382425,-33.887558,670.56</coordinates>
        </Point>
      </Placemark>
      <Placemark>
        <name>2025-11-07 06:35:36 UTC</name>
        <description><![CDATA[<div><div><span><b>Altitude:</b></span> <span>2,200 ft</span></div>
<div><span><b>Speed:</b></span> <span>109 kt</span></div>
<div><span><b>Heading:</b></span> <span>222&deg;</span></div>
</div>]]></description>
        <TimeStamp>
          <when>2025-11-07T06:35:36+00:00</when>
        </TimeStamp>
        <Style>
          <IconStyle>
            <heading>222</heading>
            <Icon>
              <href>http://maps.google.com/mapfiles/kml/shapes/airports.png</href>
            </Icon>
          </IconStyle>
        </Style>
        <Point>
          <altitudeMode>absolute</altitudeMode>
          <coordinates>18.381386,-33.888493,670.56</coordinates>
        </Point>
      </Placemark>
      <Placemark>
        <name>2025-11-07 06:35:39 UTC</name>
        <description><![CDATA[<div><div><span><b>Altitude:</b></span> <span>2,200 ft</span></div>
<div><span><b>Speed:</b></span> <span>108 kt</span></div>
<div><span><b>Heading:</b></span> <span>221&deg;</span></div>
</div>]]></description>
        <TimeStamp>
          <when>2025-11-07T06:35:39+00:00</when>
        </TimeStamp>
        <Style>
          <IconStyle>
            <heading>221</heading>
            <Icon>
              <href>http://maps.google.com/mapfiles/kml/shapes/airports.png</href>
            </Icon>
          </IconStyle>
        </Style>
        <Point>
          <altitudeMode>absolute</altitudeMode>
          <coordinates>18.38063,-33.889206,670.56</coordinates>
        </Point>
      </Placemark>
      <Placemark>
        <name>2025-11-07 06:35:41 UTC</name>
        <description><![CDATA[<div><div><span><b>Altitude:</b></span> <span>2,300 ft</span></div>
<div><span><b>Speed:</b></span> <span>106 kt</span></div>
<div><span><b>Heading:</b></span> <span>221&deg;</span></div>
</div>]]></description>
        <TimeStamp>
          <when>2025-11-07T06:35:41+00:00</when>
        </TimeStamp>
        <Style>
          <IconStyle>
            <heading>221</heading>
            <Icon>
              <href>http://maps.google.com/mapfiles/kml/shapes/airports.png</href>
            </Icon>
          </IconStyle>
        </Style>
        <Point>
          <altitudeMode>absolute</altitudeMode>
          <coordinates>18.379511,-33.890213,701.04</coordinates>
        </Point>
      </Placemark>
      <Placemark>
        <name>2025-11-07 06:35:43 UTC</name>
        <description><![CDATA[<div><div><span><b>Altitude:</b></span> <span>2,300 ft</span></div>
<div><span><b>Speed:</b></span> <span>105 kt</span></div>
<div><span><b>Heading:</b></span> <span>221&deg;</span></div>
</div>]]></description>
        <TimeStamp>
          <when>2025-11-07T06:35:43+00:00</when>
        </TimeStamp>
        <Style>
          <IconStyle>
            <heading>221</heading>
            <Icon>
              <href>http://maps.google.com/mapfiles/kml/shapes/airports.png</href>
            </Icon>
          </IconStyle>
        </Style>
        <Point>
          <altitudeMode>absolute</altitudeMode>
          <coordinates>18.378614,-33.891037,701.04</coordinates>
        </Point>
      </Placemark>
      <Placemark>
        <name>2025-11-07 06:35:45 UTC</name>
        <description><![CDATA[<div><div><span><b>Altitude:</b></span> <span>2,300 ft</span></div>
<div><span><b>Speed:</b></span> <span>104 kt</span></div>
<div><span><b>Heading:</b></span> <span>221&deg;</span></div>
</div>]]></description>
        <TimeStamp>
          <when>2025-11-07T06:35:45+00:00</when>
        </TimeStamp>
        <Style>
          <IconStyle>
            <heading>221</heading>
            <Icon>
              <href>http://maps.google.com/mapfiles/kml/shapes/airports.png</href>
            </Icon>
          </IconStyle>
        </Style>
        <Point>
          <altitudeMode>absolute</altitudeMode>
          <coordinates>18.377773,-33.891861,701.04</coordinates>
        </Point>
      </Placemark>
      <Placemark>
        <name>2025-11-07 06:35:48 UTC</name>
        <description><![CDATA[<div><div><span><b>Altitude:</b></span> <span>2,400 ft</span></div>
<div><span><b>Speed:</b></span> <span>103 kt</span></div>
<div><span><b>Heading:</b></span> <span>221&deg;</span></div>
</div>]]></description>
        <TimeStamp>
          <when>2025-11-07T06:35:48+00:00</when>
        </TimeStamp>
        <Style>
          <IconStyle>
            <heading>221</heading>
            <Icon>
              <href>http://maps.google.com/mapfiles/kml/shapes/airports.png</href>
            </Icon>
          </IconStyle>
        </Style>
        <Point>
          <altitudeMode>absolute</altitudeMode>
          <coordinates>18.376808,-33.892731,731.52</coordinates>
        </Point>
      </Placemark>
      <Placemark>
        <name>2025-11-07 06:35:50 UTC</name>
        <description><![CDATA[<div><div><span><b>Altitude:</b></span> <span>2,400 ft</span></div>
<div><span><b>Speed:</b></span> <span>103 kt</span></div>
<div><span><b>Heading:</b></span> <span>221&deg;</span></div>
</div>]]></description>
        <TimeStamp>
          <when>2025-11-07T06:35:50+00:00</when>
        </TimeStamp>
        <Style>
          <IconStyle>
            <heading>221</heading>
            <Icon>
              <href>http://maps.google.com/mapfiles/kml/shapes/airports.png</href>
            </Icon>
          </IconStyle>
        </Style>
        <Point>
          <altitudeMode>absolute</altitudeMode>
          <coordinates>18.376007,-33.89352,731.52</coordinates>
        </Point>
      </Placemark>
      <Placemark>
        <name>2025-11-07 06:35:52 UTC</name>
        <description><![CDATA[<div><div><span><b>Altitude:</b></span> <span>2,400 ft</span></div>
<div><span><b>Speed:</b></span> <span>103 kt</span></div>
<div><span><b>Heading:</b></span> <span>221&deg;</span></div>
</div>]]></description>
        <TimeStamp>
          <when>2025-11-07T06:35:52+00:00</when>
        </TimeStamp>
        <Style>
          <IconStyle>
            <heading>221</heading>
            <Icon>
              <href>http://maps.google.com/mapfiles/kml/shapes/airports.png</href>
            </Icon>
          </IconStyle>
        </Style>
        <Point>
          <altitudeMode>absolute</altitudeMode>
          <coordinates>18.375263,-33.894264,731.52</coordinates>
        </Point>
      </Placemark>
      <Placemark>
        <name>2025-11-07 06:35:54 UTC</name>
        <description><![CDATA[<div><div><span><b>Altitude:</b></span> <span>2,400 ft</span></div>
<div><span><b>Speed:</b></span> <span>103 kt</span></div>
<div><span><b>Heading:</b></span> <span>220&deg;</span></div>
</div>]]></description>
        <TimeStamp>
          <when>2025-11-07T06:35:54+00:00</when>
        </TimeStamp>
        <Style>
          <IconStyle>
            <heading>220</heading>
            <Icon>
              <href>http://maps.google.com/mapfiles/kml/shapes/airports.png</href>
            </Icon>
          </IconStyle>
        </Style>
        <Point>
          <altitudeMode>absolute</altitudeMode>
          <coordinates>18.374409,-33.895111,731.52</coordinates>
        </Point>
      </Placemark>
      <Placemark>
        <name>2025-11-07 06:35:56 UTC</name>
        <description><![CDATA[<div><div><span><b>Altitude:</b></span> <span>2,400 ft</span></div>
<div><span><b>Speed:</b></span> <span>103 kt</span></div>
<div><span><b>Heading:</b></span> <span>219&deg;</span></div>
</div>]]></description>
        <TimeStamp>
          <when>2025-11-07T06:35:56+00:00</when>
        </TimeStamp>
        <Style>
          <IconStyle>
            <heading>219</heading>
            <Icon>
              <href>http://maps.google.com/mapfiles/kml/shapes/airports.png</href>
            </Icon>
          </IconStyle>
        </Style>
        <Point>
          <altitudeMode>absolute</altitudeMode>
          <coordinates>18.373775,-33.89571,731.52</coordinates>
        </Point>
      </Placemark>
      <Placemark>
        <name>2025-11-07 06:36:03 UTC</name>
        <description><![CDATA[<div><div><span><b>Altitude:</b></span> <span>2,500 ft</span></div>
<div><span><b>Speed:</b></span> <span>106 kt</span></div>
<div><span><b>Heading:</b></span> <span>218&deg;</span></div>
</div>]]></description>
        <TimeStamp>
          <when>2025-11-07T06:36:03+00:00</when>
        </TimeStamp>
        <Style>
          <IconStyle>
            <heading>218</heading>
            <Icon>
              <href>http://maps.google.com/mapfiles/kml/shapes/airports.png</href>
            </Icon>
          </IconStyle>
        </Style>
        <Point>
          <altitudeMode>absolute</altitudeMode>
          <coordinates>18.371258,-33.89827,762</coordinates>
        </Point>
      </Placemark>
      <Placemark>
        <name>2025-11-07 06:36:10 UTC</name>
        <description><![CDATA[<div><div><span><b>Altitude:</b></span> <span>2,500 ft</span></div>
<div><span><b>Speed:</b></span> <span>107 kt</span></div>
<div><span><b>Heading:</b></span> <span>217&deg;</span></div>
</div>]]></description>
        <TimeStamp>
          <when>2025-11-07T06:36:10+00:00</when>
        </TimeStamp>
        <Style>
          <IconStyle>
            <heading>217</heading>
            <Icon>
              <href>http://maps.google.com/mapfiles/kml/shapes/airports.png</href>
            </Icon>
          </IconStyle>
        </Style>
        <Point>
          <altitudeMode>absolute</altitudeMode>
          <coordinates>18.368692,-33.901062,762</coordinates>
        </Point>
      </Placemark>
      <Placemark>
        <name>2025-11-07 06:36:12 UTC</name>
        <description><![CDATA[<div><div><span><b>Altitude:</b></span> <span>2,500 ft</span></div>
<div><span><b>Speed:</b></span> <span>107 kt</span></div>
<div><span><b>Heading:</b></span> <span>216&deg;</span></div>
</div>]]></description>
        <TimeStamp>
          <when>2025-11-07T06:36:12+00:00</when>
        </TimeStamp>
        <Style>
          <IconStyle>
            <heading>216</heading>
            <Icon>
              <href>http://maps.google.com/mapfiles/kml/shapes/airports.png</href>
            </Icon>
          </IconStyle>
        </Style>
        <Point>
          <altitudeMode>absolute</altitudeMode>
          <coordinates>18.367964,-33.901886,762</coordinates>
        </Point>
      </Placemark>
      <Placemark>
        <name>2025-11-07 06:36:15 UTC</name>
        <description><![CDATA[<div><div><span><b>Altitude:</b></span> <span>2,500 ft</span></div>
<div><span><b>Speed:</b></span> <span>107 kt</span></div>
<div><span><b>Heading:</b></span> <span>215&deg;</span></div>
</div>]]></description>
        <TimeStamp>
          <when>2025-11-07T06:36:15+00:00</when>
        </TimeStamp>
        <Style>
          <IconStyle>
            <heading>215</heading>
            <Icon>
              <href>http://maps.google.com/mapfiles/kml/shapes/airports.png</href>
            </Icon>
          </IconStyle>
        </Style>
        <Point>
          <altitudeMode>absolute</altitudeMode>
          <coordinates>18.36701,-33.902893,762</coordinates>
        </Point>
      </Placemark>
      <Placemark>
        <name>2025-11-07 06:36:17 UTC</name>
        <description><![CDATA[<div><div><span><b>Altitude:</b></span> <span>2,500 ft</span></div>
<div><span><b>Speed:</b></span> <span>107 kt</span></div>
<div><span><b>Heading:</b></span> <span>215&deg;</span></div>
</div>]]></description>
        <TimeStamp>
          <when>2025-11-07T06:36:17+00:00</when>
        </TimeStamp>
        <Style>
          <IconStyle>
            <heading>215</heading>
            <Icon>
              <href>http://maps.google.com/mapfiles/kml/shapes/airports.png</href>
            </Icon>
          </IconStyle>
        </Style>
        <Point>
          <altitudeMode>absolute</altitudeMode>
          <coordinates>18.366394,-33.903671,762</coordinates>
        </Point>
      </Placemark>
      <Placemark>
        <name>2025-11-07 06:36:19 UTC</name>
        <description><![CDATA[<div><div><span><b>Altitude:</b></span> <span>2,500 ft</span></div>
<div><span><b>Speed:</b></span> <span>107 kt</span></div>
<div><span><b>Heading:</b></span> <span>214&deg;</span></div>
</div>]]></description>
        <TimeStamp>
          <when>2025-11-07T06:36:19+00:00</when>
        </TimeStamp>
        <Style>
          <IconStyle>
            <heading>214</heading>
            <Icon>
              <href>http://maps.google.com/mapfiles/kml/shapes/airports.png</href>
            </Icon>
          </IconStyle>
        </Style>
        <Point>
          <altitudeMode>absolute</altitudeMode>
          <coordinates>18.365665,-33.904541,762</coordinates>
        </Point>
      </Placemark>
      <Placemark>
        <name>2025-11-07 06:36:21 UTC</name>
        <description><![CDATA[<div><div><span><b>Altitude:</b></span> <span>2,500 ft</span></div>
<div><span><b>Speed:</b></span> <span>108 kt</span></div>
<div><span><b>Heading:</b></span> <span>213&deg;</span></div>
</div>]]></description>
        <TimeStamp>
          <when>2025-11-07T06:36:21+00:00</when>
        </TimeStamp>
        <Style>
          <IconStyle>
            <heading>213</heading>
            <Icon>
              <href>http://maps.google.com/mapfiles/kml/shapes/airports.png</href>
            </Icon>
          </IconStyle>
        </Style>
        <Point>
          <altitudeMode>absolute</altitudeMode>
          <coordinates>18.364882,-33.905502,762</coordinates>
        </Point>
      </Placemark>
      <Placemark>
        <name>2025-11-07 06:36:24 UTC</name>
        <description><![CDATA[<div><div><span><b>Altitude:</b></span> <span>2,600 ft</span></div>
<div><span><b>Speed:</b></span> <span>108 kt</span></div>
<div><span><b>Heading:</b></span> <span>212&deg;</span></div>
</div>]]></description>
        <TimeStamp>
          <when>2025-11-07T06:36:24+00:00</when>
        </TimeStamp>
        <Style>
          <IconStyle>
            <heading>212</heading>
            <Icon>
              <href>http://maps.google.com/mapfiles/kml/shapes/airports.png</href>
            </Icon>
          </IconStyle>
        </Style>
        <Point>
          <altitudeMode>absolute</altitudeMode>
          <coordinates>18.363983,-33.906647,792.48</coordinates>
        </Point>
      </Placemark>
      <Placemark>
        <name>2025-11-07 06:36:26 UTC</name>
        <description><![CDATA[<div><div><span><b>Altitude:</b></span> <span>2,600 ft</span></div>
<div><span><b>Speed:</b></span> <span>108 kt</span></div>
<div><span><b>Heading:</b></span> <span>212&deg;</span></div>
</div>]]></description>
        <TimeStamp>
          <when>2025-11-07T06:36:26+00:00</when>
        </TimeStamp>
        <Style>
          <IconStyle>
            <heading>212</heading>
            <Icon>
              <href>http://maps.google.com/mapfiles/kml/shapes/airports.png</href>
            </Icon>
          </IconStyle>
        </Style>
        <Point>
          <altitudeMode>absolute</altitudeMode>
          <coordinates>18.363361,-33.907486,792.48</coordinates>
        </Point>
      </Placemark>
      <Placemark>
        <name>2025-11-07 06:36:28 UTC</name>
        <description><![CDATA[<div><div><span><b>Altitude:</b></span> <span>2,600 ft</span></div>
<div><span><b>Speed:</b></span> <span>108 kt</span></div>
<div><span><b>Heading:</b></span> <span>212&deg;</span></div>
</div>]]></description>
        <TimeStamp>
          <when>2025-11-07T06:36:28+00:00</when>
        </TimeStamp>
        <Style>
          <IconStyle>
            <heading>212</heading>
            <Icon>
              <href>http://maps.google.com/mapfiles/kml/shapes/airports.png</href>
            </Icon>
          </IconStyle>
        </Style>
        <Point>
          <altitudeMode>absolute</altitudeMode>
          <coordinates>18.362751,-33.908295,792.48</coordinates>
        </Point>
      </Placemark>
      <Placemark>
        <name>2025-11-07 06:36:30 UTC</name>
        <description><![CDATA[<div><div><span><b>Altitude:</b></span> <span>2,600 ft</span></div>
<div><span><b>Speed:</b></span> <span>110 kt</span></div>
<div><span><b>Heading:</b></span> <span>212&deg;</span></div>
</div>]]></description>
        <TimeStamp>
          <when>2025-11-07T06:36:30+00:00</when>
        </TimeStamp>
        <Style>
          <IconStyle>
            <heading>212</heading>
            <Icon>
              <href>http://maps.google.com/mapfiles/kml/shapes/airports.png</href>
            </Icon>
          </IconStyle>
        </Style>
        <Point>
          <altitudeMode>absolute</altitudeMode>
          <coordinates>18.362045,-33.90921,792.48</coordinates>
        </Point>
      </Placemark>
      <Placemark>
        <name>2025-11-07 06:36:32 UTC</name>
        <description><![CDATA[<div><div><span><b>Altitude:</b></span> <span>2,600 ft</span></div>
<div><span><b>Speed:</b></span> <span>110 kt</span></div>
<div><span><b>Heading:</b></span> <span>212&deg;</span></div>
</div>]]></description>
        <TimeStamp>
          <when>2025-11-07T06:36:32+00:00</when>
        </TimeStamp>
        <Style>
          <IconStyle>
            <heading>212</heading>
            <Icon>
              <href>http://maps.google.com/mapfiles/kml/shapes/airports.png</href>
            </Icon>
          </IconStyle>
        </Style>
        <Point>
          <altitudeMode>absolute</altitudeMode>
          <coordinates>18.361349,-33.910126,792.48</coordinates>
        </Point>
      </Placemark>
      <Placemark>
        <name>2025-11-07 06:36:34 UTC</name>
        <description><![CDATA[<div><div><span><b>Altitude:</b></span> <span>2,600 ft</span></div>
<div><span><b>Speed:</b></span> <span>110 kt</span></div>
<div><span><b>Heading:</b></span> <span>212&deg;</span></div>
</div>]]></description>
        <TimeStamp>
          <when>2025-11-07T06:36:34+00:00</when>
        </TimeStamp>
        <Style>
          <IconStyle>
            <heading>212</heading>
            <Icon>
              <href>http://maps.google.com/mapfiles/kml/shapes/airports.png</href>
            </Icon>
          </IconStyle>
        </Style>
        <Point>
          <altitudeMode>absolute</altitudeMode>
          <coordinates>18.360615,-33.911118,792.48</coordinates>
        </Point>
      </Placemark>
      <Placemark>
        <name>2025-11-07 06:36:36 UTC</name>
        <description><![CDATA[<div><div><span><b>Altitude:</b></span> <span>2,600 ft</span></div>
<div><span><b>Speed:</b></span> <span>110 kt</span></div>
<div><span><b>Heading:</b></span> <span>212&deg;</span></div>
</div>]]></description>
        <TimeStamp>
          <when>2025-11-07T06:36:36+00:00</when>
        </TimeStamp>
        <Style>
          <IconStyle>
            <heading>212</heading>
            <Icon>
              <href>http://maps.google.com/mapfiles/kml/shapes/airports.png</href>
            </Icon>
          </IconStyle>
        </Style>
        <Point>
          <altitudeMode>absolute</altitudeMode>
          <coordinates>18.359871,-33.912094,792.48</coordinates>
        </Point>
      </Placemark>
      <Placemark>
        <name>2025-11-07 06:36:43 UTC</name>
        <description><![CDATA[<div><div><span><b>Altitude:</b></span> <span>2,600 ft</span></div>
<div><span><b>Speed:</b></span> <span>110 kt</span></div>
<div><span><b>Heading:</b></span> <span>212&deg;</span></div>
</div>]]></description>
        <TimeStamp>
          <when>2025-11-07T06:36:43+00:00</when>
        </TimeStamp>
        <Style>
          <IconStyle>
            <heading>212</heading>
            <Icon>
              <href>http://maps.google.com/mapfiles/kml/shapes/airports.png</href>
            </Icon>
          </IconStyle>
        </Style>
        <Point>
          <altitudeMode>absolute</altitudeMode>
          <coordinates>18.357481,-33.915207,792.48</coordinates>
        </Point>
      </Placemark>
      <Placemark>
        <name>2025-11-07 06:36:50 UTC</name>
        <description><![CDATA[<div><div><span><b>Altitude:</b></span> <span>2,600 ft</span></div>
<div><span><b>Speed:</b></span> <span>109 kt</span></div>
<div><span><b>Heading:</b></span> <span>210&deg;</span></div>
</div>]]></description>
        <TimeStamp>
          <when>2025-11-07T06:36:50+00:00</when>
        </TimeStamp>
        <Style>
          <IconStyle>
            <heading>210</heading>
            <Icon>
              <href>http://maps.google.com/mapfiles/kml/shapes/airports.png</href>
            </Icon>
          </IconStyle>
        </Style>
        <Point>
          <altitudeMode>absolute</altitudeMode>
          <coordinates>18.355408,-33.918045,792.48</coordinates>
        </Point>
      </Placemark>
      <Placemark>
        <name>2025-11-07 06:36:58 UTC</name>
        <description><![CDATA[<div><div><span><b>Altitude:</b></span> <span>2,700 ft</span></div>
<div><span><b>Speed:</b></span> <span>109 kt</span></div>
<div><span><b>Heading:</b></span> <span>209&deg;</span></div>
</div>]]></description>
        <TimeStamp>
          <when>2025-11-07T06:36:58+00:00</when>
        </TimeStamp>
        <Style>
          <IconStyle>
            <heading>209</heading>
            <Icon>
              <href>http://maps.google.com/mapfiles/kml/shapes/airports.png</href>
            </Icon>
          </IconStyle>
        </Style>
        <Point>
          <altitudeMode>absolute</altitudeMode>
          <coordinates>18.35289,-33.92173,822.96</coordinates>
        </Point>
      </Placemark>
      <Placemark>
        <name>2025-11-07 06:37:05 UTC</name>
        <description><![CDATA[<div><div><span><b>Altitude:</b></span> <span>2,700 ft</span></div>
<div><span><b>Speed:</b></span> <span>108 kt</span></div>
<div><span><b>Heading:</b></span> <span>207&deg;</span></div>
</div>]]></description>
        <TimeStamp>
          <when>2025-11-07T06:37:05+00:00</when>
        </TimeStamp>
        <Style>
          <IconStyle>
            <heading>207</heading>
            <Icon>
              <href>http://maps.google.com/mapfiles/kml/shapes/airports.png</href>
            </Icon>
          </IconStyle>
        </Style>
        <Point>
          <altitudeMode>absolute</altitudeMode>
          <coordinates>18.350979,-33.924637,822.96</coordinates>
        </Point>
      </Placemark>
      <Placemark>
        <name>2025-11-07 06:37:07 UTC</name>
        <description><![CDATA[<div><div><span><b>Altitude:</b></span> <span>2,700 ft</span></div>
<div><span><b>Speed:</b></span> <span>108 kt</span></div>
<div><span><b>Heading:</b></span> <span>207&deg;</span></div>
</div>]]></description>
        <TimeStamp>
          <when>2025-11-07T06:37:07+00:00</when>
        </TimeStamp>
        <Style>
          <IconStyle>
            <heading>207</heading>
            <Icon>
              <href>http://maps.google.com/mapfiles/kml/shapes/airports.png</href>
            </Icon>
          </IconStyle>
        </Style>
        <Point>
          <altitudeMode>absolute</altitudeMode>
          <coordinates>18.350258,-33.925735,822.96</coordinates>
        </Point>
      </Placemark>
      <Placemark>
        <name>2025-11-07 06:37:09 UTC</name>
        <description><![CDATA[<div><div><span><b>Altitude:</b></span> <span>2,700 ft</span></div>
<div><span><b>Speed:</b></span> <span>107 kt</span></div>
<div><span><b>Heading:</b></span> <span>207&deg;</span></div>
</div>]]></description>
        <TimeStamp>
          <when>2025-11-07T06:37:09+00:00</when>
        </TimeStamp>
        <Style>
          <IconStyle>
            <heading>207</heading>
            <Icon>
              <href>http://maps.google.com/mapfiles/kml/shapes/airports.png</href>
            </Icon>
          </IconStyle>
        </Style>
        <Point>
          <altitudeMode>absolute</altitudeMode>
          <coordinates>18.349743,-33.92662,822.96</coordinates>
        </Point>
      </Placemark>
      <Placemark>
        <name>2025-11-07 06:37:12 UTC</name>
        <description><![CDATA[<div><div><span><b>Altitude:</b></span> <span>2,700 ft</span></div>
<div><span><b>Speed:</b></span> <span>107 kt</span></div>
<div><span><b>Heading:</b></span> <span>206&deg;</span></div>
</div>]]></description>
        <TimeStamp>
          <when>2025-11-07T06:37:12+00:00</when>
        </TimeStamp>
        <Style>
          <IconStyle>
            <heading>206</heading>
            <Icon>
              <href>http://maps.google.com/mapfiles/kml/shapes/airports.png</href>
            </Icon>
          </IconStyle>
        </Style>
        <Point>
          <altitudeMode>absolute</altitudeMode>
          <coordinates>18.349241,-33.927429,822.96</coordinates>
        </Point>
      </Placemark>
      <Placemark>
        <name>2025-11-07 06:37:14 UTC</name>
        <description><![CDATA[<div><div><span><b>Altitude:</b></span> <span>2,700 ft</span></div>
<div><span><b>Speed:</b></span> <span>107 kt</span></div>
<div><span><b>Heading:</b></span> <span>205&deg;</span></div>
</div>]]></description>
        <TimeStamp>
          <when>2025-11-07T06:37:14+00:00</when>
        </TimeStamp>
        <Style>
          <IconStyle>
            <heading>205</heading>
            <Icon>
              <href>http://maps.google.com/mapfiles/kml/shapes/airports.png</href>
            </Icon>
          </IconStyle>
        </Style>
        <Point>
          <altitudeMode>absolute</altitudeMode>
          <coordinates>18.348598,-33.928482,822.96</coordinates>
        </Point>
      </Placemark>
      <Placemark>
        <name>2025-11-07 06:37:16 UTC</name>
        <description><![CDATA[<div><div><span><b>Altitude:</b></span> <span>2,700 ft</span></div>
<div><span><b>Speed:</b></span> <span>107 kt</span></div>
<div><span><b>Heading:</b></span> <span>204&deg;</span></div>
</div>]]></description>
        <TimeStamp>
          <when>2025-11-07T06:37:16+00:00</when>
        </TimeStamp>
        <Style>
          <IconStyle>
            <heading>204</heading>
            <Icon>
              <href>http://maps.google.com/mapfiles/kml/shapes/airports.png</href>
            </Icon>
          </IconStyle>
        </Style>
        <Point>
          <altitudeMode>absolute</altitudeMode>
          <coordinates>18.348083,-33.929504,822.96</coordinates>
        </Point>
      </Placemark>
      <Placemark>
        <name>2025-11-07 06:37:19 UTC</name>
        <description><![CDATA[<div><div><span><b>Altitude:</b></span> <span>2,700 ft</span></div>
<div><span><b>Speed:</b></span> <span>107 kt</span></div>
<div><span><b>Heading:</b></span> <span>204&deg;</span></div>
</div>]]></description>
        <TimeStamp>
          <when>2025-11-07T06:37:19+00:00</when>
        </TimeStamp>
        <Style>
          <IconStyle>
            <heading>204</heading>
            <Icon>
              <href>http://maps.google.com/mapfiles/kml/shapes/airports.png</href>
            </Icon>
          </IconStyle>
        </Style>
        <Point>
          <altitudeMode>absolute</altitudeMode>
          <coordinates>18.347448,-33.930634,822.96</coordinates>
        </Point>
      </Placemark>
      <Placemark>
        <name>2025-11-07 06:37:22 UTC</name>
        <description><![CDATA[<div><div><span><b>Altitude:</b></span> <span>2,800 ft</span></div>
<div><span><b>Speed:</b></span> <span>105 kt</span></div>
<div><span><b>Heading:</b></span> <span>203&deg;</span></div>
</div>]]></description>
        <TimeStamp>
          <when>2025-11-07T06:37:22+00:00</when>
        </TimeStamp>
        <Style>
          <IconStyle>
            <heading>203</heading>
            <Icon>
              <href>http://maps.google.com/mapfiles/kml/shapes/airports.png</href>
            </Icon>
          </IconStyle>
        </Style>
        <Point>
          <altitudeMode>absolute</altitudeMode>
          <coordinates>18.346607,-33.932236,853.44</coordinates>
        </Point>
      </Placemark>
      <Placemark>
        <name>2025-11-07 06:37:31 UTC</name>
        <description><![CDATA[<div><div><span><b>Altitude:</b></span> <span>2,800 ft</span></div>
<div><span><b>Speed:</b></span> <span>96 kt</span></div>
<div><span><b>Heading:</b></span> <span>188&deg;</span></div>
</div>]]></description>
        <TimeStamp>
          <when>2025-11-07T06:37:31+00:00</when>
        </TimeStamp>
        <Style>
          <IconStyle>
            <heading>188</heading>
            <Icon>
              <href>http://maps.google.com/mapfiles/kml/shapes/airports.png</href>
            </Icon>
          </IconStyle>
        </Style>
        <Point>
          <altitudeMode>absolute</altitudeMode>
          <coordinates>18.345205,-33.935898,853.44</coordinates>
        </Point>
      </Placemark>
      <Placemark>
        <name>2025-11-07 06:37:36 UTC</name>
        <description><![CDATA[<div><div><span><b>Altitude:</b></span> <span>2,800 ft</span></div>
<div><span><b>Speed:</b></span> <span>83 kt</span></div>
<div><span><b>Heading:</b></span> <span>164&deg;</span></div>
</div>]]></description>
        <TimeStamp>
          <when>2025-11-07T06:37:36+00:00</when>
        </TimeStamp>
        <Style>
          <IconStyle>
            <heading>164</heading>
            <Icon>
              <href>http://maps.google.com/mapfiles/kml/shapes/airports.png</href>
            </Icon>
          </IconStyle>
        </Style>
        <Point>
          <altitudeMode>absolute</altitudeMode>
          <coordinates>18.345394,-33.938396,853.44</coordinates>
        </Point>
      </Placemark>
      <Placemark>
        <name>2025-11-07 06:37:41 UTC</name>
        <description><![CDATA[<div><div><span><b>Altitude:</b></span> <span>2,900 ft</span></div>
<div><span><b>Speed:</b></span> <span>74 kt</span></div>
<div><span><b>Heading:</b></span> <span>136&deg;</span></div>
</div>]]></description>
        <TimeStamp>
          <when>2025-11-07T06:37:41+00:00</when>
        </TimeStamp>
        <Style>
          <IconStyle>
            <heading>136</heading>
            <Icon>
              <href>http://maps.google.com/mapfiles/kml/shapes/airports.png</href>
            </Icon>
          </IconStyle>
        </Style>
        <Point>
          <altitudeMode>absolute</altitudeMode>
          <coordinates>18.346424,-33.939793,883.92</coordinates>
        </Point>
      </Placemark>
      <Placemark>
        <name>2025-11-07 06:37:43 UTC</name>
        <description><![CDATA[<div><div><span><b>Altitude:</b></span> <span>2,900 ft</span></div>
<div><span><b>Speed:</b></span> <span>72 kt</span></div>
<div><span><b>Heading:</b></span> <span>122&deg;</span></div>
</div>]]></description>
        <TimeStamp>
          <when>2025-11-07T06:37:43+00:00</when>
        </TimeStamp>
        <Style>
          <IconStyle>
            <heading>122</heading>
            <Icon>
              <href>http://maps.google.com/mapfiles/kml/shapes/airports.png</href>
            </Icon>
          </IconStyle>
        </Style>
        <Point>
          <altitudeMode>absolute</altitudeMode>
          <coordinates>18.347225,-33.940258,883.92</coordinates>
        </Point>
      </Placemark>
      <Placemark>
        <name>2025-11-07 06:37:45 UTC</name>
        <description><![CDATA[<div><div><span><b>Altitude:</b></span> <span>2,900 ft</span></div>
<div><span><b>Speed:</b></span> <span>71 kt</span></div>
<div><span><b>Heading:</b></span> <span>105&deg;</span></div>
</div>]]></description>
        <TimeStamp>
          <when>2025-11-07T06:37:45+00:00</when>
        </TimeStamp>
        <Style>
          <IconStyle>
            <heading>105</heading>
            <Icon>
              <href>http://maps.google.com/mapfiles/kml/shapes/airports.png</href>
            </Icon>
          </IconStyle>
        </Style>
        <Point>
          <altitudeMode>absolute</altitudeMode>
          <coordinates>18.347784,-33.94043,883.92</coordinates>
        </Point>
      </Placemark>
      <Placemark>
        <name>2025-11-07 06:37:47 UTC</name>
        <description><![CDATA[<div><div><span><b>Altitude:</b></span> <span>2,900 ft</span></div>
<div><span><b>Speed:</b></span> <span>71 kt</span></div>
<div><span><b>Heading:</b></span> <span>92&deg;</span></div>
</div>]]></description>
        <TimeStamp>
          <when>2025-11-07T06:37:47+00:00</when>
        </TimeStamp>
        <Style>
          <IconStyle>
            <heading>92</heading>
            <Icon>
              <href>http://maps.google.com/mapfiles/kml/shapes/airports.png</href>
            </Icon>
          </IconStyle>
        </Style>
        <Point>
          <altitudeMode>absolute</altitudeMode>
          <coordinates>18.348713,-33.940586,883.92</coordinates>
        </Point>
      </Placemark>
      <Placemark>
        <name>2025-11-07 06:37:49 UTC</name>
        <description><![CDATA[<div><div><span><b>Altitude:</b></span> <span>3,000 ft</span></div>
<div><span><b>Speed:</b></span> <span>72 kt</span></div>
<div><span><b>Heading:</b></span> <span>79&deg;</span></div>
</div>]]></description>
        <TimeStamp>
          <when>2025-11-07T06:37:49+00:00</when>
        </TimeStamp>
        <Style>
          <IconStyle>
            <heading>79</heading>
            <Icon>
              <href>http://maps.google.com/mapfiles/kml/shapes/airports.png</href>
            </Icon>
          </IconStyle>
        </Style>
        <Point>
          <altitudeMode>absolute</altitudeMode>
          <coordinates>18.349579,-33.940475,914.4</coordinates>
        </Point>
      </Placemark>
      <Placemark>
        <name>2025-11-07 06:37:52 UTC</name>
        <description><![CDATA[<div><div><span><b>Altitude:</b></span> <span>3,000 ft</span></div>
<div><span><b>Speed:</b></span> <span>72 kt</span></div>
<div><span><b>Heading:</b></span> <span>68&deg;</span></div>
</div>]]></description>
        <TimeStamp>
          <when>2025-11-07T06:37:52+00:00</when>
        </TimeStamp>
        <Style>
          <IconStyle>
            <heading>68</heading>
            <Icon>
              <href>http://maps.google.com/mapfiles/kml/shapes/airports.png</href>
            </Icon>
          </IconStyle>
        </Style>
        <Point>
          <altitudeMode>absolute</altitudeMode>
          <coordinates>18.350418,-33.940247,914.4</coordinates>
        </Point>
      </Placemark>
      <Placemark>
        <name>2025-11-07 06:37:54 UTC</name>
        <description><![CDATA[<div><div><span><b>Altitude:</b></span> <span>3,000 ft</span></div>
<div><span><b>Speed:</b></span> <span>73 kt</span></div>
<div><span><b>Heading:</b></span> <span>54&deg;</span></div>
</div>]]></description>
        <TimeStamp>
          <when>2025-11-07T06:37:54+00:00</when>
        </TimeStamp>
        <Style>
          <IconStyle>
            <heading>54</heading>
            <Icon>
              <href>http://maps.google.com/mapfiles/kml/shapes/airports.png</href>
            </Icon>
          </IconStyle>
        </Style>
        <Point>
          <altitudeMode>absolute</altitudeMode>
          <coordinates>18.351059,-33.939934,914.4</coordinates>
        </Point>
      </Placemark>
      <Placemark>
        <name>2025-11-07 06:37:56 UTC</name>
        <description><![CDATA[<div><div><span><b>Altitude:</b></span> <span>3,000 ft</span></div>
<div><span><b>Speed:</b></span> <span>77 kt</span></div>
<div><span><b>Heading:</b></span> <span>43&deg;</span></div>
</div>]]></description>
        <TimeStamp>
          <when>2025-11-07T06:37:56+00:00</when>
        </TimeStamp>
        <Style>
          <IconStyle>
            <heading>43</heading>
            <Icon>
              <href>http://maps.google.com/mapfiles/kml/shapes/airports.png</href>
            </Icon>
          </IconStyle>
        </Style>
        <Point>
          <altitudeMode>absolute</altitudeMode>
          <coordinates>18.351933,-33.939331,914.4</coordinates>
        </Point>
      </Placemark>
      <Placemark>
        <name>2025-11-07 06:37:59 UTC</name>
        <description><![CDATA[<div><div><span><b>Altitude:</b></span> <span>3,000 ft</span></div>
<div><span><b>Speed:</b></span> <span>79 kt</span></div>
<div><span><b>Heading:</b></span> <span>34&deg;</span></div>
</div>]]></description>
        <TimeStamp>
          <when>2025-11-07T06:37:59+00:00</when>
        </TimeStamp>
        <Style>
          <IconStyle>
            <heading>34</heading>
            <Icon>
              <href>http://maps.google.com/mapfiles/kml/shapes/airports.png</href>
            </Icon>
          </IconStyle>
        </Style>
        <Point>
          <altitudeMode>absolute</altitudeMode>
          <coordinates>18.352604,-33.938583,914.4</coordinates>
        </Point>
      </Placemark>
      <Placemark>
        <name>2025-11-07 06:38:01 UTC</name>
        <description><![CDATA[<div><div><span><b>Altitude:</b></span> <span>3,000 ft</span></div>
<div><span><b>Speed:</b></span> <span>81 kt</span></div>
<div><span><b>Heading:</b></span> <span>28&deg;</span></div>
</div>]]></description>
        <TimeStamp>
          <when>2025-11-07T06:38:01+00:00</when>
        </TimeStamp>
        <Style>
          <IconStyle>
            <heading>28</heading>
            <Icon>
              <href>http://maps.google.com/mapfiles/kml/shapes/airports.png</href>
            </Icon>
          </IconStyle>
        </Style>
        <Point>
          <altitudeMode>absolute</altitudeMode>
          <coordinates>18.353062,-33.937931,914.4</coordinates>
        </Point>
      </Placemark>
      <Placemark>
        <name>2025-11-07 06:38:03 UTC</name>
        <description><![CDATA[<div><div><span><b>Altitude:</b></span> <span>3,100 ft</span></div>
<div><span><b>Speed:</b></span> <span>83 kt</span></div>
<div><span><b>Heading:</b></span> <span>23&deg;</span></div>
</div>]]></description>
        <TimeStamp>
          <when>2025-11-07T06:38:03+00:00</when>
        </TimeStamp>
        <Style>
          <IconStyle>
            <heading>23</heading>
            <Icon>
              <href>http://maps.google.com/mapfiles/kml/shapes/airports.png</href>
            </Icon>
          </IconStyle>
        </Style>
        <Point>
          <altitudeMode>absolute</altitudeMode>
          <coordinates>18.353445,-33.937271,944.88</coordinates>
        </Point>
      </Placemark>
      <Placemark>
        <name>2025-11-07 06:38:05 UTC</name>
        <description><![CDATA[<div><div><span><b>Altitude:</b></span> <span>3,100 ft</span></div>
<div><span><b>Speed:</b></span> <span>84 kt</span></div>
<div><span><b>Heading:</b></span> <span>19&deg;</span></div>
</div>]]></description>
        <TimeStamp>
          <when>2025-11-07T06:38:05+00:00</when>
        </TimeStamp>
        <Style>
          <IconStyle>
            <heading>19</heading>
            <Icon>
              <href>http://maps.google.com/mapfiles/kml/shapes/airports.png</href>
            </Icon>
          </IconStyle>
        </Style>
        <Point>
          <altitudeMode>absolute</altitudeMode>
          <coordinates>18.353838,-33.936356,944.88</coordinates>
        </Point>
      </Placemark>
      <Placemark>
        <name>2025-11-07 06:38:07 UTC</name>
        <description><![CDATA[<div><div><span><b>Altitude:</b></span> <span>3,100 ft</span></div>
<div><span><b>Speed:</b></span> <span>86 kt</span></div>
<div><span><b>Heading:</b></span> <span>14&deg;</span></div>
</div>]]></description>
        <TimeStamp>
          <when>2025-11-07T06:38:07+00:00</when>
        </TimeStamp>
        <Style>
          <IconStyle>
            <heading>14</heading>
            <Icon>
              <href>http://maps.google.com/mapfiles/kml/shapes/airports.png</href>
            </Icon>
          </IconStyle>
        </Style>
        <Point>
          <altitudeMode>absolute</altitudeMode>
          <coordinates>18.354174,-33.93544,944.88</coordinates>
        </Point>
      </Placemark>
      <Placemark>
        <name>2025-11-07 06:38:10 UTC</name>
        <description><![CDATA[<div><div><span><b>Altitude:</b></span> <span>3,100 ft</span></div>
<div><span><b>Speed:</b></span> <span>87 kt</span></div>
<div><span><b>Heading:</b></span> <span>1&deg;</span></div>
</div>]]></description>
        <TimeStamp>
          <when>2025-11-07T06:38:10+00:00</when>
        </TimeStamp>
        <Style>
          <IconStyle>
            <heading>1</heading>
            <Icon>
              <href>http://maps.google.com/mapfiles/kml/shapes/airports.png</href>
            </Icon>
          </IconStyle>
        </Style>
        <Point>
          <altitudeMode>absolute</altitudeMode>
          <coordinates>18.354263,-33.934578,944.88</coordinates>
        </Point>
      </Placemark>
      <Placemark>
        <name>2025-11-07 06:38:12 UTC</name>
        <description><![CDATA[<div><div><span><b>Altitude:</b></span> <span>3,100 ft</span></div>
<div><span><b>Speed:</b></span> <span>86 kt</span></div>
<div><span><b>Heading:</b></span> <span>348&deg;</span></div>
</div>]]></description>
        <TimeStamp>
          <when>2025-11-07T06:38:12+00:00</when>
        </TimeStamp>
        <Style>
          <IconStyle>
            <heading>348</heading>
            <Icon>
              <href>http://maps.google.com/mapfiles/kml/shapes/airports.png</href>
            </Icon>
          </IconStyle>
        </Style>
        <Point>
          <altitudeMode>absolute</altitudeMode>
          <coordinates>18.354174,-33.933975,944.88</coordinates>
        </Point>
      </Placemark>
      <Placemark>
        <name>2025-11-07 06:38:14 UTC</name>
        <description><![CDATA[<div><div><span><b>Altitude:</b></span> <span>3,100 ft</span></div>
<div><span><b>Speed:</b></span> <span>86 kt</span></div>
<div><span><b>Heading:</b></span> <span>328&deg;</span></div>
</div>]]></description>
        <TimeStamp>
          <when>2025-11-07T06:38:14+00:00</when>
        </TimeStamp>
        <Style>
          <IconStyle>
            <heading>328</heading>
            <Icon>
              <href>http://maps.google.com/mapfiles/kml/shapes/airports.png</href>
            </Icon>
          </IconStyle>
        </Style>
        <Point>
          <altitudeMode>absolute</altitudeMode>
          <coordinates>18.35367,-33.933014,944.88</coordinates>
        </Point>
      </Placemark>
      <Placemark>
        <name>2025-11-07 06:38:16 UTC</name>
        <description><![CDATA[<div><div><span><b>Altitude:</b></span> <span>3,100 ft</span></div>
<div><span><b>Speed:</b></span> <span>88 kt</span></div>
<div><span><b>Heading:</b></span> <span>309&deg;</span></div>
</div>]]></description>
        <TimeStamp>
          <when>2025-11-07T06:38:16+00:00</when>
        </TimeStamp>
        <Style>
          <IconStyle>
            <heading>309</heading>
            <Icon>
              <href>http://maps.google.com/mapfiles/kml/shapes/airports.png</href>
            </Icon>
          </IconStyle>
        </Style>
        <Point>
          <altitudeMode>absolute</altitudeMode>
          <coordinates>18.352774,-33.932327,944.88</coordinates>
        </Point>
      </Placemark>
      <Placemark>
        <name>2025-11-07 06:38:18 UTC</name>
        <description><![CDATA[<div><div><span><b>Altitude:</b></span> <span>3,100 ft</span></div>
<div><span><b>Speed:</b></span> <span>89 kt</span></div>
<div><span><b>Heading:</b></span> <span>287&deg;</span></div>
</div>]]></description>
        <TimeStamp>
          <when>2025-11-07T06:38:18+00:00</when>
        </TimeStamp>
        <Style>
          <IconStyle>
            <heading>287</heading>
            <Icon>
              <href>http://maps.google.com/mapfiles/kml/shapes/airports.png</href>
            </Icon>
          </IconStyle>
        </Style>
        <Point>
          <altitudeMode>absolute</altitudeMode>
          <coordinates>18.351933,-33.932007,944.88</coordinates>
        </Point>
      </Placemark>
      <Placemark>
        <name>2025-11-07 06:38:20 UTC</name>
        <description><![CDATA[<div><div><span><b>Altitude:</b></span> <span>3,100 ft</span></div>
<div><span><b>Speed:</b></span> <span>90 kt</span></div>
<div><span><b>Heading:</b></span> <span>279&deg;</span></div>
</div>]]></description>
        <TimeStamp>
          <when>2025-11-07T06:38:20+00:00</when>
        </TimeStamp>
        <Style>
          <IconStyle>
            <heading>279</heading>
            <Icon>
              <href>http://maps.google.com/mapfiles/kml/shapes/airports.png</href>
            </Icon>
          </IconStyle>
        </Style>
        <Point>
          <altitudeMode>absolute</altitudeMode>
          <coordinates>18.350773,-33.931881,944.88</coordinates>
        </Point>
      </Placemark>
      <Placemark>
        <name>2025-11-07 06:38:23 UTC</name>
        <description><![CDATA[<div><div><span><b>Altitude:</b></span> <span>3,100 ft</span></div>
<div><span><b>Speed:</b></span> <span>92 kt</span></div>
<div><span><b>Heading:</b></span> <span>260&deg;</span></div>
</div>]]></description>
        <TimeStamp>
          <when>2025-11-07T06:38:23+00:00</when>
        </TimeStamp>
        <Style>
          <IconStyle>
            <heading>260</heading>
            <Icon>
              <href>http://maps.google.com/mapfiles/kml/shapes/airports.png</href>
            </Icon>
          </IconStyle>
        </Style>
        <Point>
          <altitudeMode>absolute</altitudeMode>
          <coordinates>18.349522,-33.932053,944.88</coordinates>
        </Point>
      </Placemark>
      <Placemark>
        <name>2025-11-07 06:38:34 UTC</name>
        <description><![CDATA[<div><div><span><b>Altitude:</b></span> <span>3,100 ft</span></div>
<div><span><b>Speed:</b></span> <span>100 kt</span></div>
<div><span><b>Heading:</b></span> <span>204&deg;</span></div>
</div>]]></description>
        <TimeStamp>
          <when>2025-11-07T06:38:34+00:00</when>
        </TimeStamp>
        <Style>
          <IconStyle>
            <heading>204</heading>
            <Icon>
              <href>http://maps.google.com/mapfiles/kml/shapes/airports.png</href>
            </Icon>
          </IconStyle>
        </Style>
        <Point>
          <altitudeMode>absolute</altitudeMode>
          <coordinates>18.345337,-33.935604,944.88</coordinates>
        </Point>
      </Placemark>
      <Placemark>
        <name>2025-11-07 06:38:40 UTC</name>
        <description><![CDATA[<div><div><span><b>Altitude:</b></span> <span>3,100 ft</span></div>
<div><span><b>Speed:</b></span> <span>105 kt</span></div>
<div><span><b>Heading:</b></span> <span>198&deg;</span></div>
</div>]]></description>
        <TimeStamp>
          <when>2025-11-07T06:38:40+00:00</when>
        </TimeStamp>
        <Style>
          <IconStyle>
            <heading>198</heading>
            <Icon>
              <href>http://maps.google.com/mapfiles/kml/shapes/airports.png</href>
            </Icon>
          </IconStyle>
        </Style>
        <Point>
          <altitudeMode>absolute</altitudeMode>
          <coordinates>18.344307,-33.938072,944.88</coordinates>
        </Point>
      </Placemark>
      <Placemark>
        <name>2025-11-07 06:38:45 UTC</name>
        <description><![CDATA[<div><div><span><b>Altitude:</b></span> <span>3,100 ft</span></div>
<div><span><b>Speed:</b></span> <span>108 kt</span></div>
<div><span><b>Heading:</b></span> <span>196&deg;</span></div>
</div>]]></description>
        <TimeStamp>
          <when>2025-11-07T06:38:45+00:00</when>
        </TimeStamp>
        <Style>
          <IconStyle>
            <heading>196</heading>
            <Icon>
              <href>http://maps.google.com/mapfiles/kml/shapes/airports.png</href>
            </Icon>
          </IconStyle>
        </Style>
        <Point>
          <altitudeMode>absolute</altitudeMode>
          <coordinates>18.3433,-33.94075,944.88</coordinates>
        </Point>
      </Placemark>
      <Placemark>
        <name>2025-11-07 06:38:51 UTC</name>
        <description><![CDATA[<div><div><span><b>Altitude:</b></span> <span>3,100 ft</span></div>
<div><span><b>Speed:</b></span> <span>110 kt</span></div>
<div><span><b>Heading:</b></span> <span>194&deg;</span></div>
</div>]]></description>
        <TimeStamp>
          <when>2025-11-07T06:38:51+00:00</when>
        </TimeStamp>
        <Style>
          <IconStyle>
            <heading>194</heading>
            <Icon>
              <href>http://maps.google.com/mapfiles/kml/shapes/airports.png</href>
            </Icon>
          </IconStyle>
        </Style>
        <Point>
          <altitudeMode>absolute</altitudeMode>
          <coordinates>18.342403,-33.943497,944.88</coordinates>
        </Point>
      </Placemark>
      <Placemark>
        <name>2025-11-07 06:39:00 UTC</name>
        <description><![CDATA[<div><div><span><b>Altitude:</b></span> <span>3,100 ft</span></div>
<div><span><b>Speed:</b></span> <span>109 kt</span></div>
<div><span><b>Heading:</b></span> <span>195&deg;</span></div>
</div>]]></description>
        <TimeStamp>
          <when>2025-11-07T06:39:00+00:00</when>
        </TimeStamp>
        <Style>
          <IconStyle>
            <heading>195</heading>
            <Icon>
              <href>http://maps.google.com/mapfiles/kml/shapes/airports.png</href>
            </Icon>
          </IconStyle>
        </Style>
        <Point>
          <altitudeMode>absolute</altitudeMode>
          <coordinates>18.340946,-33.948029,944.88</coordinates>
        </Point>
      </Placemark>
      <Placemark>
        <name>2025-11-07 06:39:03 UTC</name>
        <description><![CDATA[<div><div><span><b>Altitude:</b></span> <span>3,100 ft</span></div>
<div><span><b>Speed:</b></span> <span>108 kt</span></div>
<div><span><b>Heading:</b></span> <span>195&deg;</span></div>
</div>]]></description>
        <TimeStamp>
          <when>2025-11-07T06:39:03+00:00</when>
        </TimeStamp>
        <Style>
          <IconStyle>
            <heading>195</heading>
            <Icon>
              <href>http://maps.google.com/mapfiles/kml/shapes/airports.png</href>
            </Icon>
          </IconStyle>
        </Style>
        <Point>
          <altitudeMode>absolute</altitudeMode>
          <coordinates>18.340759,-33.948544,944.88</coordinates>
        </Point>
      </Placemark>
      <Placemark>
        <name>2025-11-07 06:39:10 UTC</name>
        <description><![CDATA[<div><div><span><b>Altitude:</b></span> <span>3,200 ft</span></div>
<div><span><b>Speed:</b></span> <span>107 kt</span></div>
<div><span><b>Heading:</b></span> <span>195&deg;</span></div>
</div>]]></description>
        <TimeStamp>
          <when>2025-11-07T06:39:10+00:00</when>
        </TimeStamp>
        <Style>
          <IconStyle>
            <heading>195</heading>
            <Icon>
              <href>http://maps.google.com/mapfiles/kml/shapes/airports.png</href>
            </Icon>
          </IconStyle>
        </Style>
        <Point>
          <altitudeMode>absolute</altitudeMode>
          <coordinates>18.339386,-33.952549,975.36</coordinates>
        </Point>
      </Placemark>
      <Placemark>
        <name>2025-11-07 06:39:23 UTC</name>
        <description><![CDATA[<div><div><span><b>Altitude:</b></span> <span>3,300 ft</span></div>
<div><span><b>Speed:</b></span> <span>97 kt</span></div>
<div><span><b>Heading:</b></span> <span>197&deg;</span></div>
</div>]]></description>
        <TimeStamp>
          <when>2025-11-07T06:39:23+00:00</when>
        </TimeStamp>
        <Style>
          <IconStyle>
            <heading>197</heading>
            <Icon>
              <href>http://maps.google.com/mapfiles/kml/shapes/airports.png</href>
            </Icon>
          </IconStyle>
        </Style>
        <Point>
          <altitudeMode>absolute</altitudeMode>
          <coordinates>18.337212,-33.958508,1005.84</coordinates>
        </Point>
      </Placemark>
      <Placemark>
        <name>2025-11-07 06:39:31 UTC</name>
        <description><![CDATA[<div><div><span><b>Altitude:</b></span> <span>3,400 ft</span></div>
<div><span><b>Speed:</b></span> <span>95 kt</span></div>
<div><span><b>Heading:</b></span> <span>197&deg;</span></div>
</div>]]></description>
        <TimeStamp>
          <when>2025-11-07T06:39:31+00:00</when>
        </TimeStamp>
        <Style>
          <IconStyle>
            <heading>197</heading>
            <Icon>
              <href>http://maps.google.com/mapfiles/kml/shapes/airports.png</href>
            </Icon>
          </IconStyle>
        </Style>
        <Point>
          <altitudeMode>absolute</altitudeMode>
          <coordinates>18.336069,-33.961578,1036.32</coordinates>
        </Point>
      </Placemark>
      <Placemark>
        <name>2025-11-07 06:39:40 UTC</name>
        <description><![CDATA[<div><div><span><b>Altitude:</b></span> <span>3,400 ft</span></div>
<div><span><b>Speed:</b></span> <span>93 kt</span></div>
<div><span><b>Heading:</b></span> <span>197&deg;</span></div>
</div>]]></description>
        <TimeStamp>
          <when>2025-11-07T06:39:40+00:00</when>
        </TimeStamp>
        <Style>
          <IconStyle>
            <heading>197</heading>
            <Icon>
              <href>http://maps.google.com/mapfiles/kml/shapes/airports.png</href>
            </Icon>
          </IconStyle>
        </Style>
        <Point>
          <altitudeMode>absolute</altitudeMode>
          <coordinates>18.33478,-33.96492,1036.32</coordinates>
        </Point>
      </Placemark>
      <Placemark>
        <name>2025-11-07 06:39:48 UTC</name>
        <description><![CDATA[<div><div><span><b>Altitude:</b></span> <span>3,500 ft</span></div>
<div><span><b>Speed:</b></span> <span>91 kt</span></div>
<div><span><b>Heading:</b></span> <span>194&deg;</span></div>
</div>]]></description>
        <TimeStamp>
          <when>2025-11-07T06:39:48+00:00</when>
        </TimeStamp>
        <Style>
          <IconStyle>
            <heading>194</heading>
            <Icon>
              <href>http://maps.google.com/mapfiles/kml/shapes/airports.png</href>
            </Icon>
          </IconStyle>
        </Style>
        <Point>
          <altitudeMode>absolute</altitudeMode>
          <coordinates>18.333435,-33.968857,1066.8</coordinates>
        </Point>
      </Placemark>
      <Placemark>
        <name>2025-11-07 06:39:50 UTC</name>
        <description><![CDATA[<div><div><span><b>Altitude:</b></span> <span>3,500 ft</span></div>
<div><span><b>Speed:</b></span> <span>92 kt</span></div>
<div><span><b>Heading:</b></span> <span>193&deg;</span></div>
</div>]]></description>
        <TimeStamp>
          <when>2025-11-07T06:39:50+00:00</when>
        </TimeStamp>
        <Style>
          <IconStyle>
            <heading>193</heading>
            <Icon>
              <href>http://maps.google.com/mapfiles/kml/shapes/airports.png</href>
            </Icon>
          </IconStyle>
        </Style>
        <Point>
          <altitudeMode>absolute</altitudeMode>
          <coordinates>18.333206,-33.969681,1066.8</coordinates>
        </Point>
      </Placemark>
      <Placemark>
        <name>2025-11-07 06:39:52 UTC</name>
        <description><![CDATA[<div><div><span><b>Altitude:</b></span> <span>3,500 ft</span></div>
<div><span><b>Speed:</b></span> <span>93 kt</span></div>
<div><span><b>Heading:</b></span> <span>193&deg;</span></div>
</div>]]></description>
        <TimeStamp>
          <when>2025-11-07T06:39:52+00:00</when>
        </TimeStamp>
        <Style>
          <IconStyle>
            <heading>193</heading>
            <Icon>
              <href>http://maps.google.com/mapfiles/kml/shapes/airports.png</href>
            </Icon>
          </IconStyle>
        </Style>
        <Point>
          <altitudeMode>absolute</altitudeMode>
          <coordinates>18.332977,-33.970516,1066.8</coordinates>
        </Point>
      </Placemark>
      <Placemark>
        <name>2025-11-07 06:39:54 UTC</name>
        <description><![CDATA[<div><div><span><b>Altitude:</b></span> <span>3,500 ft</span></div>
<div><span><b>Speed:</b></span> <span>95 kt</span></div>
<div><span><b>Heading:</b></span> <span>192&deg;</span></div>
</div>]]></description>
        <TimeStamp>
          <when>2025-11-07T06:39:54+00:00</when>
        </TimeStamp>
        <Style>
          <IconStyle>
            <heading>192</heading>
            <Icon>
              <href>http://maps.google.com/mapfiles/kml/shapes/airports.png</href>
            </Icon>
          </IconStyle>
        </Style>
        <Point>
          <altitudeMode>absolute</altitudeMode>
          <coordinates>18.332651,-33.971558,1066.8</coordinates>
        </Point>
      </Placemark>
      <Placemark>
        <name>2025-11-07 06:39:57 UTC</name>
        <description><![CDATA[<div><div><span><b>Altitude:</b></span> <span>3,500 ft</span></div>
<div><span><b>Speed:</b></span> <span>97 kt</span></div>
<div><span><b>Heading:</b></span> <span>192&deg;</span></div>
</div>]]></description>
        <TimeStamp>
          <when>2025-11-07T06:39:57+00:00</when>
        </TimeStamp>
        <Style>
          <IconStyle>
            <heading>192</heading>
            <Icon>
              <href>http://maps.google.com/mapfiles/kml/shapes/airports.png</href>
            </Icon>
          </IconStyle>
        </Style>
        <Point>
          <altitudeMode>absolute</altitudeMode>
          <coordinates>18.332426,-33.972519,1066.8</coordinates>
        </Point>
      </Placemark>
      <Placemark>
        <name>2025-11-07 06:39:59 UTC</name>
        <description><![CDATA[<div><div><span><b>Altitude:</b></span> <span>3,500 ft</span></div>
<div><span><b>Speed:</b></span> <span>98 kt</span></div>
<div><span><b>Heading:</b></span> <span>192&deg;</span></div>
</div>]]></description>
        <TimeStamp>
          <when>2025-11-07T06:39:59+00:00</when>
        </TimeStamp>
        <Style>
          <IconStyle>
            <heading>192</heading>
            <Icon>
              <href>http://maps.google.com/mapfiles/kml/shapes/airports.png</href>
            </Icon>
          </IconStyle>
        </Style>
        <Point>
          <altitudeMode>absolute</altitudeMode>
          <coordinates>18.332146,-33.973434,1066.8</coordinates>
        </Point>
      </Placemark>
      <Placemark>
        <name>2025-11-07 06:40:01 UTC</name>
        <description><![CDATA[<div><div><span><b>Altitude:</b></span> <span>3,600 ft</span></div>
<div><span><b>Speed:</b></span> <span>99 kt</span></div>
<div><span><b>Heading:</b></span> <span>191&deg;</span></div>
</div>]]></description>
        <TimeStamp>
          <when>2025-11-07T06:40:01+00:00</when>
        </TimeStamp>
        <Style>
          <IconStyle>
            <heading>191</heading>
            <Icon>
              <href>http://maps.google.com/mapfiles/kml/shapes/airports.png</href>
            </Icon>
          </IconStyle>
        </Style>
        <Point>
          <altitudeMode>absolute</altitudeMode>
          <coordinates>18.331833,-33.974613,1097.28</coordinates>
        </Point>
      </Placemark>
      <Placemark>
        <name>2025-11-07 06:40:04 UTC</name>
        <description><![CDATA[<div><div><span><b>Altitude:</b></span> <span>3,600 ft</span></div>
<div><span><b>Speed:</b></span> <span>98 kt</span></div>
<div><span><b>Heading:</b></span> <span>191&deg;</span></div>
</div>]]></description>
        <TimeStamp>
          <when>2025-11-07T06:40:04+00:00</when>
        </TimeStamp>
        <Style>
          <IconStyle>
            <heading>191</heading>
            <Icon>
              <href>http://maps.google.com/mapfiles/kml/shapes/airports.png</href>
            </Icon>
          </IconStyle>
        </Style>
        <Point>
          <altitudeMode>absolute</altitudeMode>
          <coordinates>18.331585,-33.975769,1097.28</coordinates>
        </Point>
      </Placemark>
      <Placemark>
        <name>2025-11-07 06:40:06 UTC</name>
        <description><![CDATA[<div><div><span><b>Altitude:</b></span> <span>3,600 ft</span></div>
<div><span><b>Speed:</b></span> <span>98 kt</span></div>
<div><span><b>Heading:</b></span> <span>190&deg;</span></div>
</div>]]></description>
        <TimeStamp>
          <when>2025-11-07T06:40:06+00:00</when>
        </TimeStamp>
        <Style>
          <IconStyle>
            <heading>190</heading>
            <Icon>
              <href>http://maps.google.com/mapfiles/kml/shapes/airports.png</href>
            </Icon>
          </IconStyle>
        </Style>
        <Point>
          <altitudeMode>absolute</altitudeMode>
          <coordinates>18.331417,-33.976639,1097.28</coordinates>
        </Point>
      </Placemark>
      <Placemark>
        <name>2025-11-07 06:40:08 UTC</name>
        <description><![CDATA[<div><div><span><b>Altitude:</b></span> <span>3,600 ft</span></div>
<div><span><b>Speed:</b></span> <span>98 kt</span></div>
<div><span><b>Heading:</b></span> <span>190&deg;</span></div>
</div>]]></description>
        <TimeStamp>
          <when>2025-11-07T06:40:08+00:00</when>
        </TimeStamp>
        <Style>
          <IconStyle>
            <heading>190</heading>
            <Icon>
              <href>http://maps.google.com/mapfiles/kml/shapes/airports.png</href>
            </Icon>
          </IconStyle>
        </Style>
        <Point>
          <altitudeMode>absolute</altitudeMode>
          <coordinates>18.331137,-33.977829,1097.28</coordinates>
        </Point>
      </Placemark>
      <Placemark>
        <name>2025-11-07 06:40:11 UTC</name>
        <description><![CDATA[<div><div><span><b>Altitude:</b></span> <span>3,600 ft</span></div>
<div><span><b>Speed:</b></span> <span>99 kt</span></div>
<div><span><b>Heading:</b></span> <span>189&deg;</span></div>
</div>]]></description>
        <TimeStamp>
          <when>2025-11-07T06:40:11+00:00</when>
        </TimeStamp>
        <Style>
          <IconStyle>
            <heading>189</heading>
            <Icon>
              <href>http://maps.google.com/mapfiles/kml/shapes/airports.png</href>
            </Icon>
          </IconStyle>
        </Style>
        <Point>
          <altitudeMode>absolute</altitudeMode>
          <coordinates>18.330975,-33.978619,1097.28</coordinates>
        </Point>
      </Placemark>
      <Placemark>
        <name>2025-11-07 06:40:13 UTC</name>
        <description><![CDATA[<div><div><span><b>Altitude:</b></span> <span>3,600 ft</span></div>
<div><span><b>Speed:</b></span> <span>100 kt</span></div>
<div><span><b>Heading:</b></span> <span>189&deg;</span></div>
</div>]]></description>
        <TimeStamp>
          <when>2025-11-07T06:40:13+00:00</when>
        </TimeStamp>
        <Style>
          <IconStyle>
            <heading>189</heading>
            <Icon>
              <href>http://maps.google.com/mapfiles/kml/shapes/airports.png</href>
            </Icon>
          </IconStyle>
        </Style>
        <Point>
          <altitudeMode>absolute</altitudeMode>
          <coordinates>18.330744,-33.979752,1097.28</coordinates>
        </Point>
      </Placemark>
      <Placemark>
        <name>2025-11-07 06:40:15 UTC</name>
        <description><![CDATA[<div><div><span><b>Altitude:</b></span> <span>3,600 ft</span></div>
<div><span><b>Speed:</b></span> <span>100 kt</span></div>
<div><span><b>Heading:</b></span> <span>189&deg;</span></div>
</div>]]></description>
        <TimeStamp>
          <when>2025-11-07T06:40:15+00:00</when>
        </TimeStamp>
        <Style>
          <IconStyle>
            <heading>189</heading>
            <Icon>
              <href>http://maps.google.com/mapfiles/kml/shapes/airports.png</href>
            </Icon>
          </IconStyle>
        </Style>
        <Point>
          <altitudeMode>absolute</altitudeMode>
          <coordinates>18.33046,-33.980991,1097.28</coordinates>
        </Point>
      </Placemark>
      <Placemark>
        <name>2025-11-07 06:40:17 UTC</name>
        <description><![CDATA[<div><div><span><b>Altitude:</b></span> <span>3,600 ft</span></div>
<div><span><b>Speed:</b></span> <span>101 kt</span></div>
<div><span><b>Heading:</b></span> <span>188&deg;</span></div>
</div>]]></description>
        <TimeStamp>
          <when>2025-11-07T06:40:17+00:00</when>
        </TimeStamp>
        <Style>
          <IconStyle>
            <heading>188</heading>
            <Icon>
              <href>http://maps.google.com/mapfiles/kml/shapes/airports.png</href>
            </Icon>
          </IconStyle>
        </Style>
        <Point>
          <altitudeMode>absolute</altitudeMode>
          <coordinates>18.330296,-33.981949,1097.28</coordinates>
        </Point>
      </Placemark>
      <Placemark>
        <name>2025-11-07 06:40:20 UTC</name>
        <description><![CDATA[<div><div><span><b>Altitude:</b></span> <span>3,600 ft</span></div>
<div><span><b>Speed:</b></span> <span>102 kt</span></div>
<div><span><b>Heading:</b></span> <span>188&deg;</span></div>
</div>]]></description>
        <TimeStamp>
          <when>2025-11-07T06:40:20+00:00</when>
        </TimeStamp>
        <Style>
          <IconStyle>
            <heading>188</heading>
            <Icon>
              <href>http://maps.google.com/mapfiles/kml/shapes/airports.png</href>
            </Icon>
          </IconStyle>
        </Style>
        <Point>
          <altitudeMode>absolute</altitudeMode>
          <coordinates>18.330128,-33.982956,1097.28</coordinates>
        </Point>
      </Placemark>
      <Placemark>
        <name>2025-11-07 06:40:22 UTC</name>
        <description><![CDATA[<div><div><span><b>Altitude:</b></span> <span>3,600 ft</span></div>
<div><span><b>Speed:</b></span> <span>101 kt</span></div>
<div><span><b>Heading:</b></span> <span>187&deg;</span></div>
</div>]]></description>
        <TimeStamp>
          <when>2025-11-07T06:40:22+00:00</when>
        </TimeStamp>
        <Style>
          <IconStyle>
            <heading>187</heading>
            <Icon>
              <href>http://maps.google.com/mapfiles/kml/shapes/airports.png</href>
            </Icon>
          </IconStyle>
        </Style>
        <Point>
          <altitudeMode>absolute</altitudeMode>
          <coordinates>18.329905,-33.9841,1097.28</coordinates>
        </Point>
      </Placemark>
      <Placemark>
        <name>2025-11-07 06:40:24 UTC</name>
        <description><![CDATA[<div><div><span><b>Altitude:</b></span> <span>3,600 ft</span></div>
<div><span><b>Speed:</b></span> <span>102 kt</span></div>
<div><span><b>Heading:</b></span> <span>187&deg;</span></div>
</div>]]></description>
        <TimeStamp>
          <when>2025-11-07T06:40:24+00:00</when>
        </TimeStamp>
        <Style>
          <IconStyle>
            <heading>187</heading>
            <Icon>
              <href>http://maps.google.com/mapfiles/kml/shapes/airports.png</href>
            </Icon>
          </IconStyle>
        </Style>
        <Point>
          <altitudeMode>absolute</altitudeMode>
          <coordinates>18.329773,-33.985088,1097.28</coordinates>
        </Point>
      </Placemark>
      <Placemark>
        <name>2025-11-07 06:40:27 UTC</name>
        <description><![CDATA[<div><div><span><b>Altitude:</b></span> <span>3,600 ft</span></div>
<div><span><b>Speed:</b></span> <span>102 kt</span></div>
<div><span><b>Heading:</b></span> <span>187&deg;</span></div>
</div>]]></description>
        <TimeStamp>
          <when>2025-11-07T06:40:27+00:00</when>
        </TimeStamp>
        <Style>
          <IconStyle>
            <heading>187</heading>
            <Icon>
              <href>http://maps.google.com/mapfiles/kml/shapes/airports.png</href>
            </Icon>
          </IconStyle>
        </Style>
        <Point>
          <altitudeMode>absolute</altitudeMode>
          <coordinates>18.329601,-33.986065,1097.28</coordinates>
        </Point>
      </Placemark>
      <Placemark>
        <name>2025-11-07 06:40:29 UTC</name>
        <description><![CDATA[<div><div><span><b>Altitude:</b></span> <span>3,600 ft</span></div>
<div><span><b>Speed:</b></span> <span>102 kt</span></div>
<div><span><b>Heading:</b></span> <span>187&deg;</span></div>
</div>]]></description>
        <TimeStamp>
          <when>2025-11-07T06:40:29+00:00</when>
        </TimeStamp>
        <Style>
          <IconStyle>
            <heading>187</heading>
            <Icon>
              <href>http://maps.google.com/mapfiles/kml/shapes/airports.png</href>
            </Icon>
          </IconStyle>
        </Style>
        <Point>
          <altitudeMode>absolute</altitudeMode>
          <coordinates>18.329454,-33.98735,1097.28</coordinates>
        </Point>
      </Placemark>
      <Placemark>
        <name>2025-11-07 06:40:31 UTC</name>
        <description><![CDATA[<div><div><span><b>Altitude:</b></span> <span>3,600 ft</span></div>
<div><span><b>Speed:</b></span> <span>102 kt</span></div>
<div><span><b>Heading:</b></span> <span>186&deg;</span></div>
</div>]]></description>
        <TimeStamp>
          <when>2025-11-07T06:40:31+00:00</when>
        </TimeStamp>
        <Style>
          <IconStyle>
            <heading>186</heading>
            <Icon>
              <href>http://maps.google.com/mapfiles/kml/shapes/airports.png</href>
            </Icon>
          </IconStyle>
        </Style>
        <Point>
          <altitudeMode>absolute</altitudeMode>
          <coordinates>18.329287,-33.988449,1097.28</coordinates>
        </Point>
      </Placemark>
      <Placemark>
        <name>2025-11-07 06:40:33 UTC</name>
        <description><![CDATA[<div><div><span><b>Altitude:</b></span> <span>3,600 ft</span></div>
<div><span><b>Speed:</b></span> <span>102 kt</span></div>
<div><span><b>Heading:</b></span> <span>185&deg;</span></div>
</div>]]></description>
        <TimeStamp>
          <when>2025-11-07T06:40:33+00:00</when>
        </TimeStamp>
        <Style>
          <IconStyle>
            <heading>185</heading>
            <Icon>
              <href>http://maps.google.com/mapfiles/kml/shapes/airports.png</href>
            </Icon>
          </IconStyle>
        </Style>
        <Point>
          <altitudeMode>absolute</altitudeMode>
          <coordinates>18.329176,-33.98941,1097.28</coordinates>
        </Point>
      </Placemark>
      <Placemark>
        <name>2025-11-07 06:40:36 UTC</name>
        <description><![CDATA[<div><div><span><b>Altitude:</b></span> <span>3,600 ft</span></div>
<div><span><b>Speed:</b></span> <span>103 kt</span></div>
<div><span><b>Heading:</b></span> <span>184&deg;</span></div>
</div>]]></description>
        <TimeStamp>
          <when>2025-11-07T06:40:36+00:00</when>
        </TimeStamp>
        <Style>
          <IconStyle>
            <heading>184</heading>
            <Icon>
              <href>http://maps.google.com/mapfiles/kml/shapes/airports.png</href>
            </Icon>
          </IconStyle>
        </Style>
        <Point>
          <altitudeMode>absolute</altitudeMode>
          <coordinates>18.329029,-33.990349,1097.28</coordinates>
        </Point>
      </Placemark>
      <Placemark>
        <name>2025-11-07 06:40:38 UTC</name>
        <description><![CDATA[<div><div><span><b>Altitude:</b></span> <span>3,600 ft</span></div>
<div><span><b>Speed:</b></span> <span>103 kt</span></div>
<div><span><b>Heading:</b></span> <span>184&deg;</span></div>
</div>]]></description>
        <TimeStamp>
          <when>2025-11-07T06:40:38+00:00</when>
        </TimeStamp>
        <Style>
          <IconStyle>
            <heading>184</heading>
            <Icon>
              <href>http://maps.google.com/mapfiles/kml/shapes/airports.png</href>
            </Icon>
          </IconStyle>
        </Style>
        <Point>
          <altitudeMode>absolute</altitudeMode>
          <coordinates>18.328915,-33.991699,1097.28</coordinates>
        </Point>
      </Placemark>
      <Placemark>
        <name>2025-11-07 06:40:40 UTC</name>
        <description><![CDATA[<div><div><span><b>Altitude:</b></span> <span>3,600 ft</span></div>
<div><span><b>Speed:</b></span> <span>103 kt</span></div>
<div><span><b>Heading:</b></span> <span>183&deg;</span></div>
</div>]]></description>
        <TimeStamp>
          <when>2025-11-07T06:40:40+00:00</when>
        </TimeStamp>
        <Style>
          <IconStyle>
            <heading>183</heading>
            <Icon>
              <href>http://maps.google.com/mapfiles/kml/shapes/airports.png</href>
            </Icon>
          </IconStyle>
        </Style>
        <Point>
          <altitudeMode>absolute</altitudeMode>
          <coordinates>18.328857,-33.99263,1097.28</coordinates>
        </Point>
      </Placemark>
      <Placemark>
        <name>2025-11-07 06:40:42 UTC</name>
        <description><![CDATA[<div><div><span><b>Altitude:</b></span> <span>3,600 ft</span></div>
<div><span><b>Speed:</b></span> <span>103 kt</span></div>
<div><span><b>Heading:</b></span> <span>183&deg;</span></div>
</div>]]></description>
        <TimeStamp>
          <when>2025-11-07T06:40:42+00:00</when>
        </TimeStamp>
        <Style>
          <IconStyle>
            <heading>183</heading>
            <Icon>
              <href>http://maps.google.com/mapfiles/kml/shapes/airports.png</href>
            </Icon>
          </IconStyle>
        </Style>
        <Point>
          <altitudeMode>absolute</altitudeMode>
          <coordinates>18.328743,-33.993839,1097.28</coordinates>
        </Point>
      </Placemark>
      <Placemark>
        <name>2025-11-07 06:40:45 UTC</name>
        <description><![CDATA[<div><div><span><b>Altitude:</b></span> <span>3,600 ft</span></div>
<div><span><b>Speed:</b></span> <span>102 kt</span></div>
<div><span><b>Heading:</b></span> <span>182&deg;</span></div>
</div>]]></description>
        <TimeStamp>
          <when>2025-11-07T06:40:45+00:00</when>
        </TimeStamp>
        <Style>
          <IconStyle>
            <heading>182</heading>
            <Icon>
              <href>http://maps.google.com/mapfiles/kml/shapes/airports.png</href>
            </Icon>
          </IconStyle>
        </Style>
        <Point>
          <altitudeMode>absolute</altitudeMode>
          <coordinates>18.328686,-33.99482,1097.28</coordinates>
        </Point>
      </Placemark>
      <Placemark>
        <name>2025-11-07 06:40:47 UTC</name>
        <description><![CDATA[<div><div><span><b>Altitude:</b></span> <span>3,600 ft</span></div>
<div><span><b>Speed:</b></span> <span>103 kt</span></div>
<div><span><b>Heading:</b></span> <span>182&deg;</span></div>
</div>]]></description>
        <TimeStamp>
          <when>2025-11-07T06:40:47+00:00</when>
        </TimeStamp>
        <Style>
          <IconStyle>
            <heading>182</heading>
            <Icon>
              <href>http://maps.google.com/mapfiles/kml/shapes/airports.png</href>
            </Icon>
          </IconStyle>
        </Style>
        <Point>
          <altitudeMode>absolute</altitudeMode>
          <coordinates>18.328615,-33.996002,1097.28</coordinates>
        </Point>
      </Placemark>
      <Placemark>
        <name>2025-11-07 06:40:49 UTC</name>
        <description><![CDATA[<div><div><span><b>Altitude:</b></span> <span>3,600 ft</span></div>
<div><span><b>Speed:</b></span> <span>103 kt</span></div>
<div><span><b>Heading:</b></span> <span>181&deg;</span></div>
</div>]]></description>
        <TimeStamp>
          <when>2025-11-07T06:40:49+00:00</when>
        </TimeStamp>
        <Style>
          <IconStyle>
            <heading>181</heading>
            <Icon>
              <href>http://maps.google.com/mapfiles/kml/shapes/airports.png</href>
            </Icon>
          </IconStyle>
        </Style>
        <Point>
          <altitudeMode>absolute</altitudeMode>
          <coordinates>18.328629,-33.997005,1097.28</coordinates>
        </Point>
      </Placemark>
      <Placemark>
        <name>2025-11-07 06:40:51 UTC</name>
        <description><![CDATA[<div><div><span><b>Altitude:</b></span> <span>3,600 ft</span></div>
<div><span><b>Speed:</b></span> <span>103 kt</span></div>
<div><span><b>Heading:</b></span> <span>180&deg;</span></div>
</div>]]></description>
        <TimeStamp>
          <when>2025-11-07T06:40:51+00:00</when>
        </TimeStamp>
        <Style>
          <IconStyle>
            <heading>180</heading>
            <Icon>
              <href>http://maps.google.com/mapfiles/kml/shapes/airports.png</href>
            </Icon>
          </IconStyle>
        </Style>
        <Point>
          <altitudeMode>absolute</altitudeMode>
          <coordinates>18.328571,-33.998032,1097.28</coordinates>
        </Point>
      </Placemark>
      <Placemark>
        <name>2025-11-07 06:40:54 UTC</name>
        <description><![CDATA[<div><div><span><b>Altitude:</b></span> <span>3,600 ft</span></div>
<div><span><b>Speed:</b></span> <span>103 kt</span></div>
<div><span><b>Heading:</b></span> <span>179&deg;</span></div>
</div>]]></description>
        <TimeStamp>
          <when>2025-11-07T06:40:54+00:00</when>
        </TimeStamp>
        <Style>
          <IconStyle>
            <heading>179</heading>
            <Icon>
              <href>http://maps.google.com/mapfiles/kml/shapes/airports.png</href>
            </Icon>
          </IconStyle>
        </Style>
        <Point>
          <altitudeMode>absolute</altitudeMode>
          <coordinates>18.328615,-33.999023,1097.28</coordinates>
        </Point>
      </Placemark>
      <Placemark>
        <name>2025-11-07 06:40:56 UTC</name>
        <description><![CDATA[<div><div><span><b>Altitude:</b></span> <span>3,600 ft</span></div>
<div><span><b>Speed:</b></span> <span>103 kt</span></div>
<div><span><b>Heading:</b></span> <span>178&deg;</span></div>
</div>]]></description>
        <TimeStamp>
          <when>2025-11-07T06:40:56+00:00</when>
        </TimeStamp>
        <Style>
          <IconStyle>
            <heading>178</heading>
            <Icon>
              <href>http://maps.google.com/mapfiles/kml/shapes/airports.png</href>
            </Icon>
          </IconStyle>
        </Style>
        <Point>
          <altitudeMode>absolute</altitudeMode>
          <coordinates>18.328615,-34.000168,1097.28</coordinates>
        </Point>
      </Placemark>
      <Placemark>
        <name>2025-11-07 06:40:58 UTC</name>
        <description><![CDATA[<div><div><span><b>Altitude:</b></span> <span>3,600 ft</span></div>
<div><span><b>Speed:</b></span> <span>103 kt</span></div>
<div><span><b>Heading:</b></span> <span>177&deg;</span></div>
</div>]]></description>
        <TimeStamp>
          <when>2025-11-07T06:40:58+00:00</when>
        </TimeStamp>
        <Style>
          <IconStyle>
            <heading>177</heading>
            <Icon>
              <href>http://maps.google.com/mapfiles/kml/shapes/airports.png</href>
            </Icon>
          </IconStyle>
        </Style>
        <Point>
          <altitudeMode>absolute</altitudeMode>
          <coordinates>18.328671,-34.001266,1097.28</coordinates>
        </Point>
      </Placemark>
      <Placemark>
        <name>2025-11-07 06:41:00 UTC</name>
        <description><![CDATA[<div><div><span><b>Altitude:</b></span> <span>3,600 ft</span></div>
<div><span><b>Speed:</b></span> <span>103 kt</span></div>
<div><span><b>Heading:</b></span> <span>176&deg;</span></div>
</div>]]></description>
        <TimeStamp>
          <when>2025-11-07T06:41:00+00:00</when>
        </TimeStamp>
        <Style>
          <IconStyle>
            <heading>176</heading>
            <Icon>
              <href>http://maps.google.com/mapfiles/kml/shapes/airports.png</href>
            </Icon>
          </IconStyle>
        </Style>
        <Point>
          <altitudeMode>absolute</altitudeMode>
          <coordinates>18.328743,-34.002174,1097.28</coordinates>
        </Point>
      </Placemark>
      <Placemark>
        <name>2025-11-07 06:41:03 UTC</name>
        <description><![CDATA[<div><div><span><b>Altitude:</b></span> <span>3,700 ft</span></div>
<div><span><b>Speed:</b></span> <span>103 kt</span></div>
<div><span><b>Heading:</b></span> <span>175&deg;</span></div>
</div>]]></description>
        <TimeStamp>
          <when>2025-11-07T06:41:03+00:00</when>
        </TimeStamp>
        <Style>
          <IconStyle>
            <heading>175</heading>
            <Icon>
              <href>http://maps.google.com/mapfiles/kml/shapes/airports.png</href>
            </Icon>
          </IconStyle>
        </Style>
        <Point>
          <altitudeMode>absolute</altitudeMode>
          <coordinates>18.328896,-34.003326,1127.76</coordinates>
        </Point>
      </Placemark>
      <Placemark>
        <name>2025-11-07 06:41:05 UTC</name>
        <description><![CDATA[<div><div><span><b>Altitude:</b></span> <span>3,600 ft</span></div>
<div><span><b>Speed:</b></span> <span>104 kt</span></div>
<div><span><b>Heading:</b></span> <span>172&deg;</span></div>
</div>]]></description>
        <TimeStamp>
          <when>2025-11-07T06:41:05+00:00</when>
        </TimeStamp>
        <Style>
          <IconStyle>
            <heading>172</heading>
            <Icon>
              <href>http://maps.google.com/mapfiles/kml/shapes/airports.png</href>
            </Icon>
          </IconStyle>
        </Style>
        <Point>
          <altitudeMode>absolute</altitudeMode>
          <coordinates>18.329006,-34.004333,1097.28</coordinates>
        </Point>
      </Placemark>
      <Placemark>
        <name>2025-11-07 06:41:07 UTC</name>
        <description><![CDATA[<div><div><span><b>Altitude:</b></span> <span>3,600 ft</span></div>
<div><span><b>Speed:</b></span> <span>106 kt</span></div>
<div><span><b>Heading:</b></span> <span>172&deg;</span></div>
</div>]]></description>
        <TimeStamp>
          <when>2025-11-07T06:41:07+00:00</when>
        </TimeStamp>
        <Style>
          <IconStyle>
            <heading>172</heading>
            <Icon>
              <href>http://maps.google.com/mapfiles/kml/shapes/airports.png</href>
            </Icon>
          </IconStyle>
        </Style>
        <Point>
          <altitudeMode>absolute</altitudeMode>
          <coordinates>18.329176,-34.005432,1097.28</coordinates>
        </Point>
      </Placemark>
      <Placemark>
        <name>2025-11-07 06:41:09 UTC</name>
        <description><![CDATA[<div><div><span><b>Altitude:</b></span> <span>3,600 ft</span></div>
<div><span><b>Speed:</b></span> <span>105 kt</span></div>
<div><span><b>Heading:</b></span> <span>171&deg;</span></div>
</div>]]></description>
        <TimeStamp>
          <when>2025-11-07T06:41:09+00:00</when>
        </TimeStamp>
        <Style>
          <IconStyle>
            <heading>171</heading>
            <Icon>
              <href>http://maps.google.com/mapfiles/kml/shapes/airports.png</href>
            </Icon>
          </IconStyle>
        </Style>
        <Point>
          <altitudeMode>absolute</altitudeMode>
          <coordinates>18.329399,-34.006577,1097.28</coordinates>
        </Point>
      </Placemark>
      <Placemark>
        <name>2025-11-07 06:41:12 UTC</name>
        <description><![CDATA[<div><div><span><b>Altitude:</b></span> <span>3,600 ft</span></div>
<div><span><b>Speed:</b></span> <span>106 kt</span></div>
<div><span><b>Heading:</b></span> <span>170&deg;</span></div>
</div>]]></description>
        <TimeStamp>
          <when>2025-11-07T06:41:12+00:00</when>
        </TimeStamp>
        <Style>
          <IconStyle>
            <heading>170</heading>
            <Icon>
              <href>http://maps.google.com/mapfiles/kml/shapes/airports.png</href>
            </Icon>
          </IconStyle>
        </Style>
        <Point>
          <altitudeMode>absolute</altitudeMode>
          <coordinates>18.329601,-34.007759,1097.28</coordinates>
        </Point>
      </Placemark>
      <Placemark>
        <name>2025-11-07 06:41:14 UTC</name>
        <description><![CDATA[<div><div><span><b>Altitude:</b></span> <span>3,600 ft</span></div>
<div><span><b>Speed:</b></span> <span>106 kt</span></div>
<div><span><b>Heading:</b></span> <span>169&deg;</span></div>
</div>]]></description>
        <TimeStamp>
          <when>2025-11-07T06:41:14+00:00</when>
        </TimeStamp>
        <Style>
          <IconStyle>
            <heading>169</heading>
            <Icon>
              <href>http://maps.google.com/mapfiles/kml/shapes/airports.png</href>
            </Icon>
          </IconStyle>
        </Style>
        <Point>
          <altitudeMode>absolute</altitudeMode>
          <coordinates>18.329887,-34.008785,1097.28</coordinates>
        </Point>
      </Placemark>
      <Placemark>
        <name>2025-11-07 06:41:16 UTC</name>
        <description><![CDATA[<div><div><span><b>Altitude:</b></span> <span>3,600 ft</span></div>
<div><span><b>Speed:</b></span> <span>107 kt</span></div>
<div><span><b>Heading:</b></span> <span>167&deg;</span></div>
</div>]]></description>
        <TimeStamp>
          <when>2025-11-07T06:41:16+00:00</when>
        </TimeStamp>
        <Style>
          <IconStyle>
            <heading>167</heading>
            <Icon>
              <href>http://maps.google.com/mapfiles/kml/shapes/airports.png</href>
            </Icon>
          </IconStyle>
        </Style>
        <Point>
          <altitudeMode>absolute</altitudeMode>
          <coordinates>18.330173,-34.009949,1097.28</coordinates>
        </Point>
      </Placemark>
      <Placemark>
        <name>2025-11-07 06:41:18 UTC</name>
        <description><![CDATA[<div><div><span><b>Altitude:</b></span> <span>3,600 ft</span></div>
<div><span><b>Speed:</b></span> <span>107 kt</span></div>
<div><span><b>Heading:</b></span> <span>165&deg;</span></div>
</div>]]></description>
        <TimeStamp>
          <when>2025-11-07T06:41:18+00:00</when>
        </TimeStamp>
        <Style>
          <IconStyle>
            <heading>165</heading>
            <Icon>
              <href>http://maps.google.com/mapfiles/kml/shapes/airports.png</href>
            </Icon>
          </IconStyle>
        </Style>
        <Point>
          <altitudeMode>absolute</altitudeMode>
          <coordinates>18.330408,-34.010925,1097.28</coordinates>
        </Point>
      </Placemark>
      <Placemark>
        <name>2025-11-07 06:41:20 UTC</name>
        <description><![CDATA[<div><div><span><b>Altitude:</b></span> <span>3,600 ft</span></div>
<div><span><b>Speed:</b></span> <span>107 kt</span></div>
<div><span><b>Heading:</b></span> <span>164&deg;</span></div>
</div>]]></description>
        <TimeStamp>
          <when>2025-11-07T06:41:20+00:00</when>
        </TimeStamp>
        <Style>
          <IconStyle>
            <heading>164</heading>
            <Icon>
              <href>http://maps.google.com/mapfiles/kml/shapes/airports.png</href>
            </Icon>
          </IconStyle>
        </Style>
        <Point>
          <altitudeMode>absolute</altitudeMode>
          <coordinates>18.330801,-34.012115,1097.28</coordinates>
        </Point>
      </Placemark>
      <Placemark>
        <name>2025-11-07 06:41:23 UTC</name>
        <description><![CDATA[<div><div><span><b>Altitude:</b></span> <span>3,600 ft</span></div>
<div><span><b>Speed:</b></span> <span>108 kt</span></div>
<div><span><b>Heading:</b></span> <span>162&deg;</span></div>
</div>]]></description>
        <TimeStamp>
          <when>2025-11-07T06:41:23+00:00</when>
        </TimeStamp>
        <Style>
          <IconStyle>
            <heading>162</heading>
            <Icon>
              <href>http://maps.google.com/mapfiles/kml/shapes/airports.png</href>
            </Icon>
          </IconStyle>
        </Style>
        <Point>
          <altitudeMode>absolute</altitudeMode>
          <coordinates>18.331089,-34.012928,1097.28</coordinates>
        </Point>
      </Placemark>
      <Placemark>
        <name>2025-11-07 06:41:25 UTC</name>
        <description><![CDATA[<div><div><span><b>Altitude:</b></span> <span>3,600 ft</span></div>
<div><span><b>Speed:</b></span> <span>108 kt</span></div>
<div><span><b>Heading:</b></span> <span>159&deg;</span></div>
</div>]]></description>
        <TimeStamp>
          <when>2025-11-07T06:41:25+00:00</when>
        </TimeStamp>
        <Style>
          <IconStyle>
            <heading>159</heading>
            <Icon>
              <href>http://maps.google.com/mapfiles/kml/shapes/airports.png</href>
            </Icon>
          </IconStyle>
        </Style>
        <Point>
          <altitudeMode>absolute</altitudeMode>
          <coordinates>18.331547,-34.014046,1097.28</coordinates>
        </Point>
      </Placemark>
      <Placemark>
        <name>2025-11-07 06:41:27 UTC</name>
        <description><![CDATA[<div><div><span><b>Altitude:</b></span> <span>3,600 ft</span></div>
<div><span><b>Speed:</b></span> <span>108 kt</span></div>
<div><span><b>Heading:</b></span> <span>157&deg;</span></div>
</div>]]></description>
        <TimeStamp>
          <when>2025-11-07T06:41:27+00:00</when>
        </TimeStamp>
        <Style>
          <IconStyle>
            <heading>157</heading>
            <Icon>
              <href>http://maps.google.com/mapfiles/kml/shapes/airports.png</href>
            </Icon>
          </IconStyle>
        </Style>
        <Point>
          <altitudeMode>absolute</altitudeMode>
          <coordinates>18.332033,-34.014999,1097.28</coordinates>
        </Point>
      </Placemark>
      <Placemark>
        <name>2025-11-07 06:41:29 UTC</name>
        <description><![CDATA[<div><div><span><b>Altitude:</b></span> <span>3,600 ft</span></div>
<div><span><b>Speed:</b></span> <span>107 kt</span></div>
<div><span><b>Heading:</b></span> <span>155&deg;</span></div>
</div>]]></description>
        <TimeStamp>
          <when>2025-11-07T06:41:29+00:00</when>
        </TimeStamp>
        <Style>
          <IconStyle>
            <heading>155</heading>
            <Icon>
              <href>http://maps.google.com/mapfiles/kml/shapes/airports.png</href>
            </Icon>
          </IconStyle>
        </Style>
        <Point>
          <altitudeMode>absolute</altitudeMode>
          <coordinates>18.332462,-34.015862,1097.28</coordinates>
        </Point>
      </Placemark>
      <Placemark>
        <name>2025-11-07 06:41:31 UTC</name>
        <description><![CDATA[<div><div><span><b>Altitude:</b></span> <span>3,600 ft</span></div>
<div><span><b>Speed:</b></span> <span>110 kt</span></div>
<div><span><b>Heading:</b></span> <span>153&deg;</span></div>
</div>]]></description>
        <TimeStamp>
          <when>2025-11-07T06:41:31+00:00</when>
        </TimeStamp>
        <Style>
          <IconStyle>
            <heading>153</heading>
            <Icon>
              <href>http://maps.google.com/mapfiles/kml/shapes/airports.png</href>
            </Icon>
          </IconStyle>
        </Style>
        <Point>
          <altitudeMode>absolute</altitudeMode>
          <coordinates>18.333155,-34.017059,1097.28</coordinates>
        </Point>
      </Placemark>
      <Placemark>
        <name>2025-11-07 06:41:33 UTC</name>
        <description><![CDATA[<div><div><span><b>Altitude:</b></span> <span>3,600 ft</span></div>
<div><span><b>Speed:</b></span> <span>109 kt</span></div>
<div><span><b>Heading:</b></span> <span>152&deg;</span></div>
</div>]]></description>
        <TimeStamp>
          <when>2025-11-07T06:41:33+00:00</when>
        </TimeStamp>
        <Style>
          <IconStyle>
            <heading>152</heading>
            <Icon>
              <href>http://maps.google.com/mapfiles/kml/shapes/airports.png</href>
            </Icon>
          </IconStyle>
        </Style>
        <Point>
          <altitudeMode>absolute</altitudeMode>
          <coordinates>18.333715,-34.017883,1097.28</coordinates>
        </Point>
      </Placemark>
      <Placemark>
        <name>2025-11-07 06:41:35 UTC</name>
        <description><![CDATA[<div><div><span><b>Altitude:</b></span> <span>3,600 ft</span></div>
<div><span><b>Speed:</b></span> <span>109 kt</span></div>
<div><span><b>Heading:</b></span> <span>151&deg;</span></div>
</div>]]></description>
        <TimeStamp>
          <when>2025-11-07T06:41:35+00:00</when>
        </TimeStamp>
        <Style>
          <IconStyle>
            <heading>151</heading>
            <Icon>
              <href>http://maps.google.com/mapfiles/kml/shapes/airports.png</href>
            </Icon>
          </IconStyle>
        </Style>
        <Point>
          <altitudeMode>absolute</altitudeMode>
          <coordinates>18.334332,-34.01889,1097.28</coordinates>
        </Point>
      </Placemark>
      <Placemark>
        <name>2025-11-07 06:41:38 UTC</name>
        <description><![CDATA[<div><div><span><b>Altitude:</b></span> <span>3,600 ft</span></div>
<div><span><b>Speed:</b></span> <span>110 kt</span></div>
<div><span><b>Heading:</b></span> <span>150&deg;</span></div>
</div>]]></description>
        <TimeStamp>
          <when>2025-11-07T06:41:38+00:00</when>
        </TimeStamp>
        <Style>
          <IconStyle>
            <heading>150</heading>
            <Icon>
              <href>http://maps.google.com/mapfiles/kml/shapes/airports.png</href>
            </Icon>
          </IconStyle>
        </Style>
        <Point>
          <altitudeMode>absolute</altitudeMode>
          <coordinates>18.335094,-34.020004,1097.28</coordinates>
        </Point>
      </Placemark>
      <Placemark>
        <name>2025-11-07 06:41:40 UTC</name>
        <description><![CDATA[<div><div><span><b>Altitude:</b></span> <span>3,600 ft</span></div>
<div><span><b>Speed:</b></span> <span>110 kt</span></div>
<div><span><b>Heading:</b></span> <span>150&deg;</span></div>
</div>]]></description>
        <TimeStamp>
          <when>2025-11-07T06:41:40+00:00</when>
        </TimeStamp>
        <Style>
          <IconStyle>
            <heading>150</heading>
            <Icon>
              <href>http://maps.google.com/mapfiles/kml/shapes/airports.png</href>
            </Icon>
          </IconStyle>
        </Style>
        <Point>
          <altitudeMode>absolute</altitudeMode>
          <coordinates>18.335846,-34.021088,1097.28</coordinates>
        </Point>
      </Placemark>
      <Placemark>
        <name>2025-11-07 06:41:42 UTC</name>
        <description><![CDATA[<div><div><span><b>Altitude:</b></span> <span>3,600 ft</span></div>
<div><span><b>Speed:</b></span> <span>110 kt</span></div>
<div><span><b>Heading:</b></span> <span>150&deg;</span></div>
</div>]]></description>
        <TimeStamp>
          <when>2025-11-07T06:41:42+00:00</when>
        </TimeStamp>
        <Style>
          <IconStyle>
            <heading>150</heading>
            <Icon>
              <href>http://maps.google.com/mapfiles/kml/shapes/airports.png</href>
            </Icon>
          </IconStyle>
        </Style>
        <Point>
          <altitudeMode>absolute</altitudeMode>
          <coordinates>18.336407,-34.021957,1097.28</coordinates>
        </Point>
      </Placemark>
      <Placemark>
        <name>2025-11-07 06:41:44 UTC</name>
        <description><![CDATA[<div><div><span><b>Altitude:</b></span> <span>3,600 ft</span></div>
<div><span><b>Speed:</b></span> <span>111 kt</span></div>
<div><span><b>Heading:</b></span> <span>149&deg;</span></div>
</div>]]></description>
        <TimeStamp>
          <when>2025-11-07T06:41:44+00:00</when>
        </TimeStamp>
        <Style>
          <IconStyle>
            <heading>149</heading>
            <Icon>
              <href>http://maps.google.com/mapfiles/kml/shapes/airports.png</href>
            </Icon>
          </IconStyle>
        </Style>
        <Point>
          <altitudeMode>absolute</altitudeMode>
          <coordinates>18.337023,-34.022781,1097.28</coordinates>
        </Point>
      </Placemark>
      <Placemark>
        <name>2025-11-07 06:41:46 UTC</name>
        <description><![CDATA[<div><div><span><b>Altitude:</b></span> <span>3,600 ft</span></div>
<div><span><b>Speed:</b></span> <span>111 kt</span></div>
<div><span><b>Heading:</b></span> <span>149&deg;</span></div>
</div>]]></description>
        <TimeStamp>
          <when>2025-11-07T06:41:46+00:00</when>
        </TimeStamp>
        <Style>
          <IconStyle>
            <heading>149</heading>
            <Icon>
              <href>http://maps.google.com/mapfiles/kml/shapes/airports.png</href>
            </Icon>
          </IconStyle>
        </Style>
        <Point>
          <altitudeMode>absolute</altitudeMode>
          <coordinates>18.337784,-34.023869,1097.28</coordinates>
        </Point>
      </Placemark>
      <Placemark>
        <name>2025-11-07 06:41:49 UTC</name>
        <description><![CDATA[<div><div><span><b>Altitude:</b></span> <span>3,600 ft</span></div>
<div><span><b>Speed:</b></span> <span>111 kt</span></div>
<div><span><b>Heading:</b></span> <span>149&deg;</span></div>
</div>]]></description>
        <TimeStamp>
          <when>2025-11-07T06:41:49+00:00</when>
        </TimeStamp>
        <Style>
          <IconStyle>
            <heading>149</heading>
            <Icon>
              <href>http://maps.google.com/mapfiles/kml/shapes/airports.png</href>
            </Icon>
          </IconStyle>
        </Style>
        <Point>
          <altitudeMode>absolute</altitudeMode>
          <coordinates>18.338535,-34.024933,1097.28</coordinates>
        </Point>
      </Placemark>
      <Placemark>
        <name>2025-11-07 06:41:51 UTC</name>
        <description><![CDATA[<div><div><span><b>Altitude:</b></span> <span>3,600 ft</span></div>
<div><span><b>Speed:</b></span> <span>111 kt</span></div>
<div><span><b>Heading:</b></span> <span>149&deg;</span></div>
</div>]]></description>
        <TimeStamp>
          <when>2025-11-07T06:41:51+00:00</when>
        </TimeStamp>
        <Style>
          <IconStyle>
            <heading>149</heading>
            <Icon>
              <href>http://maps.google.com/mapfiles/kml/shapes/airports.png</href>
            </Icon>
          </IconStyle>
        </Style>
        <Point>
          <altitudeMode>absolute</altitudeMode>
          <coordinates>18.339157,-34.025822,1097.28</coordinates>
        </Point>
      </Placemark>
      <Placemark>
        <name>2025-11-07 06:41:53 UTC</name>
        <description><![CDATA[<div><div><span><b>Altitude:</b></span> <span>3,600 ft</span></div>
<div><span><b>Speed:</b></span> <span>111 kt</span></div>
<div><span><b>Heading:</b></span> <span>149&deg;</span></div>
</div>]]></description>
        <TimeStamp>
          <when>2025-11-07T06:41:53+00:00</when>
        </TimeStamp>
        <Style>
          <IconStyle>
            <heading>149</heading>
            <Icon>
              <href>http://maps.google.com/mapfiles/kml/shapes/airports.png</href>
            </Icon>
          </IconStyle>
        </Style>
        <Point>
          <altitudeMode>absolute</altitudeMode>
          <coordinates>18.339882,-34.026855,1097.28</coordinates>
        </Point>
      </Placemark>
      <Placemark>
        <name>2025-11-07 06:41:56 UTC</name>
        <description><![CDATA[<div><div><span><b>Altitude:</b></span> <span>3,600 ft</span></div>
<div><span><b>Speed:</b></span> <span>112 kt</span></div>
<div><span><b>Heading:</b></span> <span>150&deg;</span></div>
</div>]]></description>
        <TimeStamp>
          <when>2025-11-07T06:41:56+00:00</when>
        </TimeStamp>
        <Style>
          <IconStyle>
            <heading>150</heading>
            <Icon>
              <href>http://maps.google.com/mapfiles/kml/shapes/airports.png</href>
            </Icon>
          </IconStyle>
        </Style>
        <Point>
          <altitudeMode>absolute</altitudeMode>
          <coordinates>18.340473,-34.027683,1097.28</coordinates>
        </Point>
      </Placemark>
      <Placemark>
        <name>2025-11-07 06:41:58 UTC</name>
        <description><![CDATA[<div><div><span><b>Altitude:</b></span> <span>3,600 ft</span></div>
<div><span><b>Speed:</b></span> <span>112 kt</span></div>
<div><span><b>Heading:</b></span> <span>150&deg;</span></div>
</div>]]></description>
        <TimeStamp>
          <when>2025-11-07T06:41:58+00:00</when>
        </TimeStamp>
        <Style>
          <IconStyle>
            <heading>150</heading>
            <Icon>
              <href>http://maps.google.com/mapfiles/kml/shapes/airports.png</href>
            </Icon>
          </IconStyle>
        </Style>
        <Point>
          <altitudeMode>absolute</altitudeMode>
          <coordinates>18.341227,-34.028824,1097.28</coordinates>
        </Point>
      </Placemark>
      <Placemark>
        <name>2025-11-07 06:42:00 UTC</name>
        <description><![CDATA[<div><div><span><b>Altitude:</b></span> <span>3,600 ft</span></div>
<div><span><b>Speed:</b></span> <span>111 kt</span></div>
<div><span><b>Heading:</b></span> <span>149&deg;</span></div>
</div>]]></description>
        <TimeStamp>
          <when>2025-11-07T06:42:00+00:00</when>
        </TimeStamp>
        <Style>
          <IconStyle>
            <heading>149</heading>
            <Icon>
              <href>http://maps.google.com/mapfiles/kml/shapes/airports.png</href>
            </Icon>
          </IconStyle>
        </Style>
        <Point>
          <altitudeMode>absolute</altitudeMode>
          <coordinates>18.342018,-34.029919,1097.28</coordinates>
        </Point>
      </Placemark>
      <Placemark>
        <name>2025-11-07 06:42:02 UTC</name>
        <description><![CDATA[<div><div><span><b>Altitude:</b></span> <span>3,600 ft</span></div>
<div><span><b>Speed:</b></span> <span>111 kt</span></div>
<div><span><b>Heading:</b></span> <span>149&deg;</span></div>
</div>]]></description>
        <TimeStamp>
          <when>2025-11-07T06:42:02+00:00</when>
        </TimeStamp>
        <Style>
          <IconStyle>
            <heading>149</heading>
            <Icon>
              <href>http://maps.google.com/mapfiles/kml/shapes/airports.png</href>
            </Icon>
          </IconStyle>
        </Style>
        <Point>
          <altitudeMode>absolute</altitudeMode>
          <coordinates>18.342762,-34.030991,1097.28</coordinates>
        </Point>
      </Placemark>
      <Placemark>
        <name>2025-11-07 06:42:11 UTC</name>
        <description><![CDATA[<div><div><span><b>Altitude:</b></span> <span>3,600 ft</span></div>
<div><span><b>Speed:</b></span> <span>109 kt</span></div>
<div><span><b>Heading:</b></span> <span>150&deg;</span></div>
</div>]]></description>
        <TimeStamp>
          <when>2025-11-07T06:42:11+00:00</when>
        </TimeStamp>
        <Style>
          <IconStyle>
            <heading>150</heading>
            <Icon>
              <href>http://maps.google.com/mapfiles/kml/shapes/airports.png</href>
            </Icon>
          </IconStyle>
        </Style>
        <Point>
          <altitudeMode>absolute</altitudeMode>
          <coordinates>18.345394,-34.034805,1097.28</coordinates>
        </Point>
      </Placemark>
      <Placemark>
        <name>2025-11-07 06:42:18 UTC</name>
        <description><![CDATA[<div><div><span><b>Altitude:</b></span> <span>3,500 ft</span></div>
<div><span><b>Speed:</b></span> <span>109 kt</span></div>
<div><span><b>Heading:</b></span> <span>152&deg;</span></div>
</div>]]></description>
        <TimeStamp>
          <when>2025-11-07T06:42:18+00:00</when>
        </TimeStamp>
        <Style>
          <IconStyle>
            <heading>152</heading>
            <Icon>
              <href>http://maps.google.com/mapfiles/kml/shapes/airports.png</href>
            </Icon>
          </IconStyle>
        </Style>
        <Point>
          <altitudeMode>absolute</altitudeMode>
          <coordinates>18.347504,-34.037979,1066.8</coordinates>
        </Point>
      </Placemark>
      <Placemark>
        <name>2025-11-07 06:42:20 UTC</name>
        <description><![CDATA[<div><div><span><b>Altitude:</b></span> <span>3,500 ft</span></div>
<div><span><b>Speed:</b></span> <span>108 kt</span></div>
<div><span><b>Heading:</b></span> <span>153&deg;</span></div>
</div>]]></description>
        <TimeStamp>
          <when>2025-11-07T06:42:20+00:00</when>
        </TimeStamp>
        <Style>
          <IconStyle>
            <heading>153</heading>
            <Icon>
              <href>http://maps.google.com/mapfiles/kml/shapes/airports.png</href>
            </Icon>
          </IconStyle>
        </Style>
        <Point>
          <altitudeMode>absolute</altitudeMode>
          <coordinates>18.348026,-34.038857,1066.8</coordinates>
        </Point>
      </Placemark>
      <Placemark>
        <name>2025-11-07 06:42:22 UTC</name>
        <description><![CDATA[<div><div><span><b>Altitude:</b></span> <span>3,500 ft</span></div>
<div><span><b>Speed:</b></span> <span>108 kt</span></div>
<div><span><b>Heading:</b></span> <span>154&deg;</span></div>
</div>]]></description>
        <TimeStamp>
          <when>2025-11-07T06:42:22+00:00</when>
        </TimeStamp>
        <Style>
          <IconStyle>
            <heading>154</heading>
            <Icon>
              <href>http://maps.google.com/mapfiles/kml/shapes/airports.png</href>
            </Icon>
          </IconStyle>
        </Style>
        <Point>
          <altitudeMode>absolute</altitudeMode>
          <coordinates>18.34857,-34.039764,1066.8</coordinates>
        </Point>
      </Placemark>
      <Placemark>
        <name>2025-11-07 06:42:25 UTC</name>
        <description><![CDATA[<div><div><span><b>Altitude:</b></span> <span>3,600 ft</span></div>
<div><span><b>Speed:</b></span> <span>106 kt</span></div>
<div><span><b>Heading:</b></span> <span>155&deg;</span></div>
</div>]]></description>
        <TimeStamp>
          <when>2025-11-07T06:42:25+00:00</when>
        </TimeStamp>
        <Style>
          <IconStyle>
            <heading>155</heading>
            <Icon>
              <href>http://maps.google.com/mapfiles/kml/shapes/airports.png</href>
            </Icon>
          </IconStyle>
        </Style>
        <Point>
          <altitudeMode>absolute</altitudeMode>
          <coordinates>18.349241,-34.040955,1097.28</coordinates>
        </Point>
      </Placemark>
      <Placemark>
        <name>2025-11-07 06:42:27 UTC</name>
        <description><![CDATA[<div><div><span><b>Altitude:</b></span> <span>3,500 ft</span></div>
<div><span><b>Speed:</b></span> <span>107 kt</span></div>
<div><span><b>Heading:</b></span> <span>157&deg;</span></div>
</div>]]></description>
        <TimeStamp>
          <when>2025-11-07T06:42:27+00:00</when>
        </TimeStamp>
        <Style>
          <IconStyle>
            <heading>157</heading>
            <Icon>
              <href>http://maps.google.com/mapfiles/kml/shapes/airports.png</href>
            </Icon>
          </IconStyle>
        </Style>
        <Point>
          <altitudeMode>absolute</altitudeMode>
          <coordinates>18.349859,-34.042145,1066.8</coordinates>
        </Point>
      </Placemark>
      <Placemark>
        <name>2025-11-07 06:42:29 UTC</name>
        <description><![CDATA[<div><div><span><b>Altitude:</b></span> <span>3,500 ft</span></div>
<div><span><b>Speed:</b></span> <span>107 kt</span></div>
<div><span><b>Heading:</b></span> <span>159&deg;</span></div>
</div>]]></description>
        <TimeStamp>
          <when>2025-11-07T06:42:29+00:00</when>
        </TimeStamp>
        <Style>
          <IconStyle>
            <heading>159</heading>
            <Icon>
              <href>http://maps.google.com/mapfiles/kml/shapes/airports.png</href>
            </Icon>
          </IconStyle>
        </Style>
        <Point>
          <altitudeMode>absolute</altitudeMode>
          <coordinates>18.350307,-34.043152,1066.8</coordinates>
        </Point>
      </Placemark>
      <Placemark>
        <name>2025-11-07 06:42:31 UTC</name>
        <description><![CDATA[<div><div><span><b>Altitude:</b></span> <span>3,500 ft</span></div>
<div><span><b>Speed:</b></span> <span>108 kt</span></div>
<div><span><b>Heading:</b></span> <span>161&deg;</span></div>
</div>]]></description>
        <TimeStamp>
          <when>2025-11-07T06:42:31+00:00</when>
        </TimeStamp>
        <Style>
          <IconStyle>
            <heading>161</heading>
            <Icon>
              <href>http://maps.google.com/mapfiles/kml/shapes/airports.png</href>
            </Icon>
          </IconStyle>
        </Style>
        <Point>
          <altitudeMode>absolute</altitudeMode>
          <coordinates>18.350658,-34.044071,1066.8</coordinates>
        </Point>
      </Placemark>
      <Placemark>
        <name>2025-11-07 06:42:34 UTC</name>
        <description><![CDATA[<div><div><span><b>Altitude:</b></span> <span>3,500 ft</span></div>
<div><span><b>Speed:</b></span> <span>109 kt</span></div>
<div><span><b>Heading:</b></span> <span>164&deg;</span></div>
</div>]]></description>
        <TimeStamp>
          <when>2025-11-07T06:42:34+00:00</when>
        </TimeStamp>
        <Style>
          <IconStyle>
            <heading>164</heading>
            <Icon>
              <href>http://maps.google.com/mapfiles/kml/shapes/airports.png</href>
            </Icon>
          </IconStyle>
        </Style>
        <Point>
          <altitudeMode>absolute</altitudeMode>
          <coordinates>18.351091,-34.045258,1066.8</coordinates>
        </Point>
      </Placemark>
      <Placemark>
        <name>2025-11-07 06:42:36 UTC</name>
        <description><![CDATA[<div><div><span><b>Altitude:</b></span> <span>3,500 ft</span></div>
<div><span><b>Speed:</b></span> <span>110 kt</span></div>
<div><span><b>Heading:</b></span> <span>166&deg;</span></div>
</div>]]></description>
        <TimeStamp>
          <when>2025-11-07T06:42:36+00:00</when>
        </TimeStamp>
        <Style>
          <IconStyle>
            <heading>166</heading>
            <Icon>
              <href>http://maps.google.com/mapfiles/kml/shapes/airports.png</href>
            </Icon>
          </IconStyle>
        </Style>
        <Point>
          <altitudeMode>absolute</altitudeMode>
          <coordinates>18.351427,-34.04631,1066.8</coordinates>
        </Point>
      </Placemark>
      <Placemark>
        <name>2025-11-07 06:42:38 UTC</name>
        <description><![CDATA[<div><div><span><b>Altitude:</b></span> <span>3,500 ft</span></div>
<div><span><b>Speed:</b></span> <span>111 kt</span></div>
<div><span><b>Heading:</b></span> <span>169&deg;</span></div>
</div>]]></description>
        <TimeStamp>
          <when>2025-11-07T06:42:38+00:00</when>
        </TimeStamp>
        <Style>
          <IconStyle>
            <heading>169</heading>
            <Icon>
              <href>http://maps.google.com/mapfiles/kml/shapes/airports.png</href>
            </Icon>
          </IconStyle>
        </Style>
        <Point>
          <altitudeMode>absolute</altitudeMode>
          <coordinates>18.351652,-34.047272,1066.8</coordinates>
        </Point>
      </Placemark>
      <Placemark>
        <name>2025-11-07 06:42:41 UTC</name>
        <description><![CDATA[<div><div><span><b>Altitude:</b></span> <span>3,500 ft</span></div>
<div><span><b>Speed:</b></span> <span>112 kt</span></div>
<div><span><b>Heading:</b></span> <span>171&deg;</span></div>
</div>]]></description>
        <TimeStamp>
          <when>2025-11-07T06:42:41+00:00</when>
        </TimeStamp>
        <Style>
          <IconStyle>
            <heading>171</heading>
            <Icon>
              <href>http://maps.google.com/mapfiles/kml/shapes/airports.png</href>
            </Icon>
          </IconStyle>
        </Style>
        <Point>
          <altitudeMode>absolute</altitudeMode>
          <coordinates>18.351917,-34.048771,1066.8</coordinates>
        </Point>
      </Placemark>
      <Placemark>
        <name>2025-11-07 06:42:43 UTC</name>
        <description><![CDATA[<div><div><span><b>Altitude:</b></span> <span>3,500 ft</span></div>
<div><span><b>Speed:</b></span> <span>112 kt</span></div>
<div><span><b>Heading:</b></span> <span>174&deg;</span></div>
</div>]]></description>
        <TimeStamp>
          <when>2025-11-07T06:42:43+00:00</when>
        </TimeStamp>
        <Style>
          <IconStyle>
            <heading>174</heading>
            <Icon>
              <href>http://maps.google.com/mapfiles/kml/shapes/airports.png</href>
            </Icon>
          </IconStyle>
        </Style>
        <Point>
          <altitudeMode>absolute</altitudeMode>
          <coordinates>18.352045,-34.049835,1066.8</coordinates>
        </Point>
      </Placemark>
      <Placemark>
        <name>2025-11-07 06:42:45 UTC</name>
        <description><![CDATA[<div><div><span><b>Altitude:</b></span> <span>3,500 ft</span></div>
<div><span><b>Speed:</b></span> <span>113 kt</span></div>
<div><span><b>Heading:</b></span> <span>176&deg;</span></div>
</div>]]></description>
        <TimeStamp>
          <when>2025-11-07T06:42:45+00:00</when>
        </TimeStamp>
        <Style>
          <IconStyle>
            <heading>176</heading>
            <Icon>
              <href>http://maps.google.com/mapfiles/kml/shapes/airports.png</href>
            </Icon>
          </IconStyle>
        </Style>
        <Point>
          <altitudeMode>absolute</altitudeMode>
          <coordinates>18.352146,-34.050869,1066.8</coordinates>
        </Point>
      </Placemark>
      <Placemark>
        <name>2025-11-07 06:42:47 UTC</name>
        <description><![CDATA[<div><div><span><b>Altitude:</b></span> <span>3,500 ft</span></div>
<div><span><b>Speed:</b></span> <span>113 kt</span></div>
<div><span><b>Heading:</b></span> <span>178&deg;</span></div>
</div>]]></description>
        <TimeStamp>
          <when>2025-11-07T06:42:47+00:00</when>
        </TimeStamp>
        <Style>
          <IconStyle>
            <heading>178</heading>
            <Icon>
              <href>http://maps.google.com/mapfiles/kml/shapes/airports.png</href>
            </Icon>
          </IconStyle>
        </Style>
        <Point>
          <altitudeMode>absolute</altitudeMode>
          <coordinates>18.352213,-34.052032,1066.8</coordinates>
        </Point>
      </Placemark>
      <Placemark>
        <name>2025-11-07 06:42:49 UTC</name>
        <description><![CDATA[<div><div><span><b>Altitude:</b></span> <span>3,400 ft</span></div>
<div><span><b>Speed:</b></span> <span>114 kt</span></div>
<div><span><b>Heading:</b></span> <span>180&deg;</span></div>
</div>]]></description>
        <TimeStamp>
          <when>2025-11-07T06:42:49+00:00</when>
        </TimeStamp>
        <Style>
          <IconStyle>
            <heading>180</heading>
            <Icon>
              <href>http://maps.google.com/mapfiles/kml/shapes/airports.png</href>
            </Icon>
          </IconStyle>
        </Style>
        <Point>
          <altitudeMode>absolute</altitudeMode>
          <coordinates>18.352203,-34.053101,1036.32</coordinates>
        </Point>
      </Placemark>
      <Placemark>
        <name>2025-11-07 06:42:52 UTC</name>
        <description><![CDATA[<div><div><span><b>Altitude:</b></span> <span>3,400 ft</span></div>
<div><span><b>Speed:</b></span> <span>114 kt</span></div>
<div><span><b>Heading:</b></span> <span>182&deg;</span></div>
</div>]]></description>
        <TimeStamp>
          <when>2025-11-07T06:42:52+00:00</when>
        </TimeStamp>
        <Style>
          <IconStyle>
            <heading>182</heading>
            <Icon>
              <href>http://maps.google.com/mapfiles/kml/shapes/airports.png</href>
            </Icon>
          </IconStyle>
        </Style>
        <Point>
          <altitudeMode>absolute</altitudeMode>
          <coordinates>18.352146,-34.054497,1036.32</coordinates>
        </Point>
      </Placemark>
      <Placemark>
        <name>2025-11-07 06:42:54 UTC</name>
        <description><![CDATA[<div><div><span><b>Altitude:</b></span> <span>3,400 ft</span></div>
<div><span><b>Speed:</b></span> <span>115 kt</span></div>
<div><span><b>Heading:</b></span> <span>183&deg;</span></div>
</div>]]></description>
        <TimeStamp>
          <when>2025-11-07T06:42:54+00:00</when>
        </TimeStamp>
        <Style>
          <IconStyle>
            <heading>183</heading>
            <Icon>
              <href>http://maps.google.com/mapfiles/kml/shapes/airports.png</href>
            </Icon>
          </IconStyle>
        </Style>
        <Point>
          <altitudeMode>absolute</altitudeMode>
          <coordinates>18.352089,-34.055569,1036.32</coordinates>
        </Point>
      </Placemark>
      <Placemark>
        <name>2025-11-07 06:42:56 UTC</name>
        <description><![CDATA[<div><div><span><b>Altitude:</b></span> <span>3,400 ft</span></div>
<div><span><b>Speed:</b></span> <span>115 kt</span></div>
<div><span><b>Heading:</b></span> <span>186&deg;</span></div>
</div>]]></description>
        <TimeStamp>
          <when>2025-11-07T06:42:56+00:00</when>
        </TimeStamp>
        <Style>
          <IconStyle>
            <heading>186</heading>
            <Icon>
              <href>http://maps.google.com/mapfiles/kml/shapes/airports.png</href>
            </Icon>
          </IconStyle>
        </Style>
        <Point>
          <altitudeMode>absolute</altitudeMode>
          <coordinates>18.351933,-34.056702,1036.32</coordinates>
        </Point>
      </Placemark>
      <Placemark>
        <name>2025-11-07 06:42:58 UTC</name>
        <description><![CDATA[<div><div><span><b>Altitude:</b></span> <span>3,300 ft</span></div>
<div><span><b>Speed:</b></span> <span>116 kt</span></div>
<div><span><b>Heading:</b></span> <span>192&deg;</span></div>
</div>]]></description>
        <TimeStamp>
          <when>2025-11-07T06:42:58+00:00</when>
        </TimeStamp>
        <Style>
          <IconStyle>
            <heading>192</heading>
            <Icon>
              <href>http://maps.google.com/mapfiles/kml/shapes/airports.png</href>
            </Icon>
          </IconStyle>
        </Style>
        <Point>
          <altitudeMode>absolute</altitudeMode>
          <coordinates>18.351688,-34.057991,1005.84</coordinates>
        </Point>
      </Placemark>
      <Placemark>
        <name>2025-11-07 06:43:01 UTC</name>
        <description><![CDATA[<div><div><span><b>Altitude:</b></span> <span>3,300 ft</span></div>
<div><span><b>Speed:</b></span> <span>116 kt</span></div>
<div><span><b>Heading:</b></span> <span>197&deg;</span></div>
</div>]]></description>
        <TimeStamp>
          <when>2025-11-07T06:43:01+00:00</when>
        </TimeStamp>
        <Style>
          <IconStyle>
            <heading>197</heading>
            <Icon>
              <href>http://maps.google.com/mapfiles/kml/shapes/airports.png</href>
            </Icon>
          </IconStyle>
        </Style>
        <Point>
          <altitudeMode>absolute</altitudeMode>
          <coordinates>18.351204,-34.059311,1005.84</coordinates>
        </Point>
      </Placemark>
      <Placemark>
        <name>2025-11-07 06:43:03 UTC</name>
        <description><![CDATA[<div><div><span><b>Altitude:</b></span> <span>3,300 ft</span></div>
<div><span><b>Speed:</b></span> <span>117 kt</span></div>
<div><span><b>Heading:</b></span> <span>203&deg;</span></div>
</div>]]></description>
        <TimeStamp>
          <when>2025-11-07T06:43:03+00:00</when>
        </TimeStamp>
        <Style>
          <IconStyle>
            <heading>203</heading>
            <Icon>
              <href>http://maps.google.com/mapfiles/kml/shapes/airports.png</href>
            </Icon>
          </IconStyle>
        </Style>
        <Point>
          <altitudeMode>absolute</altitudeMode>
          <coordinates>18.350756,-34.060272,1005.84</coordinates>
        </Point>
      </Placemark>
      <Placemark>
        <name>2025-11-07 06:43:05 UTC</name>
        <description><![CDATA[<div><div><span><b>Altitude:</b></span> <span>3,300 ft</span></div>
<div><span><b>Speed:</b></span> <span>116 kt</span></div>
<div><span><b>Heading:</b></span> <span>206&deg;</span></div>
</div>]]></description>
        <TimeStamp>
          <when>2025-11-07T06:43:05+00:00</when>
        </TimeStamp>
        <Style>
          <IconStyle>
            <heading>206</heading>
            <Icon>
              <href>http://maps.google.com/mapfiles/kml/shapes/airports.png</href>
            </Icon>
          </IconStyle>
        </Style>
        <Point>
          <altitudeMode>absolute</altitudeMode>
          <coordinates>18.35025,-34.061142,1005.84</coordinates>
        </Point>
      </Placemark>
      <Placemark>
        <name>2025-11-07 06:43:07 UTC</name>
        <description><![CDATA[<div><div><span><b>Altitude:</b></span> <span>3,300 ft</span></div>
<div><span><b>Speed:</b></span> <span>115 kt</span></div>
<div><span><b>Heading:</b></span> <span>209&deg;</span></div>
</div>]]></description>
        <TimeStamp>
          <when>2025-11-07T06:43:07+00:00</when>
        </TimeStamp>
        <Style>
          <IconStyle>
            <heading>209</heading>
            <Icon>
              <href>http://maps.google.com/mapfiles/kml/shapes/airports.png</href>
            </Icon>
          </IconStyle>
        </Style>
        <Point>
          <altitudeMode>absolute</altitudeMode>
          <coordinates>18.349298,-34.062607,1005.84</coordinates>
        </Point>
      </Placemark>
      <Placemark>
        <name>2025-11-07 06:43:10 UTC</name>
        <description><![CDATA[<div><div><span><b>Altitude:</b></span> <span>3,300 ft</span></div>
<div><span><b>Speed:</b></span> <span>115 kt</span></div>
<div><span><b>Heading:</b></span> <span>210&deg;</span></div>
</div>]]></description>
        <TimeStamp>
          <when>2025-11-07T06:43:10+00:00</when>
        </TimeStamp>
        <Style>
          <IconStyle>
            <heading>210</heading>
            <Icon>
              <href>http://maps.google.com/mapfiles/kml/shapes/airports.png</href>
            </Icon>
          </IconStyle>
        </Style>
        <Point>
          <altitudeMode>absolute</altitudeMode>
          <coordinates>18.348484,-34.063717,1005.84</coordinates>
        </Point>
      </Placemark>
      <Placemark>
        <name>2025-11-07 06:43:12 UTC</name>
        <description><![CDATA[<div><div><span><b>Altitude:</b></span> <span>3,300 ft</span></div>
<div><span><b>Speed:</b></span> <span>114 kt</span></div>
<div><span><b>Heading:</b></span> <span>211&deg;</span></div>
</div>]]></description>
        <TimeStamp>
          <when>2025-11-07T06:43:12+00:00</when>
        </TimeStamp>
        <Style>
          <IconStyle>
            <heading>211</heading>
            <Icon>
              <href>http://maps.google.com/mapfiles/kml/shapes/airports.png</href>
            </Icon>
          </IconStyle>
        </Style>
        <Point>
          <altitudeMode>absolute</altitudeMode>
          <coordinates>18.347855,-34.064602,1005.84</coordinates>
        </Point>
      </Placemark>
      <Placemark>
        <name>2025-11-07 06:43:14 UTC</name>
        <description><![CDATA[<div><div><span><b>Altitude:</b></span> <span>3,300 ft</span></div>
<div><span><b>Speed:</b></span> <span>112 kt</span></div>
<div><span><b>Heading:</b></span> <span>212&deg;</span></div>
</div>]]></description>
        <TimeStamp>
          <when>2025-11-07T06:43:14+00:00</when>
        </TimeStamp>
        <Style>
          <IconStyle>
            <heading>212</heading>
            <Icon>
              <href>http://maps.google.com/mapfiles/kml/shapes/airports.png</href>
            </Icon>
          </IconStyle>
        </Style>
        <Point>
          <altitudeMode>absolute</altitudeMode>
          <coordinates>18.347168,-34.065483,1005.84</coordinates>
        </Point>
      </Placemark>
      <Placemark>
        <name>2025-11-07 06:43:16 UTC</name>
        <description><![CDATA[<div><div><span><b>Altitude:</b></span> <span>3,300 ft</span></div>
<div><span><b>Speed:</b></span> <span>111 kt</span></div>
<div><span><b>Heading:</b></span> <span>211&deg;</span></div>
</div>]]></description>
        <TimeStamp>
          <when>2025-11-07T06:43:16+00:00</when>
        </TimeStamp>
        <Style>
          <IconStyle>
            <heading>211</heading>
            <Icon>
              <href>http://maps.google.com/mapfiles/kml/shapes/airports.png</href>
            </Icon>
          </IconStyle>
        </Style>
        <Point>
          <altitudeMode>absolute</altitudeMode>
          <coordinates>18.346424,-34.066463,1005.84</coordinates>
        </Point>
      </Placemark>
      <Placemark>
        <name>2025-11-07 06:43:19 UTC</name>
        <description><![CDATA[<div><div><span><b>Altitude:</b></span> <span>3,300 ft</span></div>
<div><span><b>Speed:</b></span> <span>111 kt</span></div>
<div><span><b>Heading:</b></span> <span>211&deg;</span></div>
</div>]]></description>
        <TimeStamp>
          <when>2025-11-07T06:43:19+00:00</when>
        </TimeStamp>
        <Style>
          <IconStyle>
            <heading>211</heading>
            <Icon>
              <href>http://maps.google.com/mapfiles/kml/shapes/airports.png</href>
            </Icon>
          </IconStyle>
        </Style>
        <Point>
          <altitudeMode>absolute</altitudeMode>
          <coordinates>18.345737,-34.06744,1005.84</coordinates>
        </Point>
      </Placemark>
      <Placemark>
        <name>2025-11-07 06:43:21 UTC</name>
        <description><![CDATA[<div><div><span><b>Altitude:</b></span> <span>3,200 ft</span></div>
<div><span><b>Speed:</b></span> <span>111 kt</span></div>
<div><span><b>Heading:</b></span> <span>211&deg;</span></div>
</div>]]></description>
        <TimeStamp>
          <when>2025-11-07T06:43:21+00:00</when>
        </TimeStamp>
        <Style>
          <IconStyle>
            <heading>211</heading>
            <Icon>
              <href>http://maps.google.com/mapfiles/kml/shapes/airports.png</href>
            </Icon>
          </IconStyle>
        </Style>
        <Point>
          <altitudeMode>absolute</altitudeMode>
          <coordinates>18.345095,-34.068329,975.36</coordinates>
        </Point>
      </Placemark>
      <Placemark>
        <name>2025-11-07 06:43:23 UTC</name>
        <description><![CDATA[<div><div><span><b>Altitude:</b></span> <span>3,200 ft</span></div>
<div><span><b>Speed:</b></span> <span>112 kt</span></div>
<div><span><b>Heading:</b></span> <span>211&deg;</span></div>
</div>]]></description>
        <TimeStamp>
          <when>2025-11-07T06:43:23+00:00</when>
        </TimeStamp>
        <Style>
          <IconStyle>
            <heading>211</heading>
            <Icon>
              <href>http://maps.google.com/mapfiles/kml/shapes/airports.png</href>
            </Icon>
          </IconStyle>
        </Style>
        <Point>
          <altitudeMode>absolute</altitudeMode>
          <coordinates>18.344366,-34.069244,975.36</coordinates>
        </Point>
      </Placemark>
      <Placemark>
        <name>2025-11-07 06:43:25 UTC</name>
        <description><![CDATA[<div><div><span><b>Altitude:</b></span> <span>3,200 ft</span></div>
<div><span><b>Speed:</b></span> <span>113 kt</span></div>
<div><span><b>Heading:</b></span> <span>210&deg;</span></div>
</div>]]></description>
        <TimeStamp>
          <when>2025-11-07T06:43:25+00:00</when>
        </TimeStamp>
        <Style>
          <IconStyle>
            <heading>210</heading>
            <Icon>
              <href>http://maps.google.com/mapfiles/kml/shapes/airports.png</href>
            </Icon>
          </IconStyle>
        </Style>
        <Point>
          <altitudeMode>absolute</altitudeMode>
          <coordinates>18.343735,-34.070187,975.36</coordinates>
        </Point>
      </Placemark>
      <Placemark>
        <name>2025-11-07 06:43:27 UTC</name>
        <description><![CDATA[<div><div><span><b>Altitude:</b></span> <span>3,200 ft</span></div>
<div><span><b>Speed:</b></span> <span>113 kt</span></div>
<div><span><b>Heading:</b></span> <span>210&deg;</span></div>
</div>]]></description>
        <TimeStamp>
          <when>2025-11-07T06:43:27+00:00</when>
        </TimeStamp>
        <Style>
          <IconStyle>
            <heading>210</heading>
            <Icon>
              <href>http://maps.google.com/mapfiles/kml/shapes/airports.png</href>
            </Icon>
          </IconStyle>
        </Style>
        <Point>
          <altitudeMode>absolute</altitudeMode>
          <coordinates>18.342964,-34.071213,975.36</coordinates>
        </Point>
      </Placemark>
      <Placemark>
        <name>2025-11-07 06:43:29 UTC</name>
        <description><![CDATA[<div><div><span><b>Altitude:</b></span> <span>3,200 ft</span></div>
<div><span><b>Speed:</b></span> <span>113 kt</span></div>
<div><span><b>Heading:</b></span> <span>209&deg;</span></div>
</div>]]></description>
        <TimeStamp>
          <when>2025-11-07T06:43:29+00:00</when>
        </TimeStamp>
        <Style>
          <IconStyle>
            <heading>209</heading>
            <Icon>
              <href>http://maps.google.com/mapfiles/kml/shapes/airports.png</href>
            </Icon>
          </IconStyle>
        </Style>
        <Point>
          <altitudeMode>absolute</altitudeMode>
          <coordinates>18.342247,-34.072281,975.36</coordinates>
        </Point>
      </Placemark>
      <Placemark>
        <name>2025-11-07 06:43:32 UTC</name>
        <description><![CDATA[<div><div><span><b>Altitude:</b></span> <span>3,100 ft</span></div>
<div><span><b>Speed:</b></span> <span>113 kt</span></div>
<div><span><b>Heading:</b></span> <span>208&deg;</span></div>
</div>]]></description>
        <TimeStamp>
          <when>2025-11-07T06:43:32+00:00</when>
        </TimeStamp>
        <Style>
          <IconStyle>
            <heading>208</heading>
            <Icon>
              <href>http://maps.google.com/mapfiles/kml/shapes/airports.png</href>
            </Icon>
          </IconStyle>
        </Style>
        <Point>
          <altitudeMode>absolute</altitudeMode>
          <coordinates>18.341507,-34.07341,944.88</coordinates>
        </Point>
      </Placemark>
      <Placemark>
        <name>2025-11-07 06:43:34 UTC</name>
        <description><![CDATA[<div><div><span><b>Altitude:</b></span> <span>3,100 ft</span></div>
<div><span><b>Speed:</b></span> <span>114 kt</span></div>
<div><span><b>Heading:</b></span> <span>206&deg;</span></div>
</div>]]></description>
        <TimeStamp>
          <when>2025-11-07T06:43:34+00:00</when>
        </TimeStamp>
        <Style>
          <IconStyle>
            <heading>206</heading>
            <Icon>
              <href>http://maps.google.com/mapfiles/kml/shapes/airports.png</href>
            </Icon>
          </IconStyle>
        </Style>
        <Point>
          <altitudeMode>absolute</altitudeMode>
          <coordinates>18.340874,-34.074421,944.88</coordinates>
        </Point>
      </Placemark>
      <Placemark>
        <name>2025-11-07 06:43:36 UTC</name>
        <description><![CDATA[<div><div><span><b>Altitude:</b></span> <span>3,100 ft</span></div>
<div><span><b>Speed:</b></span> <span>115 kt</span></div>
<div><span><b>Heading:</b></span> <span>204&deg;</span></div>
</div>]]></description>
        <TimeStamp>
          <when>2025-11-07T06:43:36+00:00</when>
        </TimeStamp>
        <Style>
          <IconStyle>
            <heading>204</heading>
            <Icon>
              <href>http://maps.google.com/mapfiles/kml/shapes/airports.png</href>
            </Icon>
          </IconStyle>
        </Style>
        <Point>
          <altitudeMode>absolute</altitudeMode>
          <coordinates>18.340162,-34.075607,944.88</coordinates>
        </Point>
      </Placemark>
      <Placemark>
        <name>2025-11-07 06:43:38 UTC</name>
        <description><![CDATA[<div><div><span><b>Altitude:</b></span> <span>3,100 ft</span></div>
<div><span><b>Speed:</b></span> <span>114 kt</span></div>
<div><span><b>Heading:</b></span> <span>202&deg;</span></div>
</div>]]></description>
        <TimeStamp>
          <when>2025-11-07T06:43:38+00:00</when>
        </TimeStamp>
        <Style>
          <IconStyle>
            <heading>202</heading>
            <Icon>
              <href>http://maps.google.com/mapfiles/kml/shapes/airports.png</href>
            </Icon>
          </IconStyle>
        </Style>
        <Point>
          <altitudeMode>absolute</altitudeMode>
          <coordinates>18.339729,-34.076565,944.88</coordinates>
        </Point>
      </Placemark>
      <Placemark>
        <name>2025-11-07 06:43:41 UTC</name>
        <description><![CDATA[<div><div><span><b>Altitude:</b></span> <span>3,100 ft</span></div>
<div><span><b>Speed:</b></span> <span>115 kt</span></div>
<div><span><b>Heading:</b></span> <span>198&deg;</span></div>
</div>]]></description>
        <TimeStamp>
          <when>2025-11-07T06:43:41+00:00</when>
        </TimeStamp>
        <Style>
          <IconStyle>
            <heading>198</heading>
            <Icon>
              <href>http://maps.google.com/mapfiles/kml/shapes/airports.png</href>
            </Icon>
          </IconStyle>
        </Style>
        <Point>
          <altitudeMode>absolute</altitudeMode>
          <coordinates>18.339157,-34.077774,944.88</coordinates>
        </Point>
      </Placemark>
      <Placemark>
        <name>2025-11-07 06:43:43 UTC</name>
        <description><![CDATA[<div><div><span><b>Altitude:</b></span> <span>3,100 ft</span></div>
<div><span><b>Speed:</b></span> <span>115 kt</span></div>
<div><span><b>Heading:</b></span> <span>194&deg;</span></div>
</div>]]></description>
        <TimeStamp>
          <when>2025-11-07T06:43:43+00:00</when>
        </TimeStamp>
        <Style>
          <IconStyle>
            <heading>194</heading>
            <Icon>
              <href>http://maps.google.com/mapfiles/kml/shapes/airports.png</href>
            </Icon>
          </IconStyle>
        </Style>
        <Point>
          <altitudeMode>absolute</altitudeMode>
          <coordinates>18.338699,-34.079079,944.88</coordinates>
        </Point>
      </Placemark>
      <Placemark>
        <name>2025-11-07 06:43:45 UTC</name>
        <description><![CDATA[<div><div><span><b>Altitude:</b></span> <span>3,000 ft</span></div>
<div><span><b>Speed:</b></span> <span>116 kt</span></div>
<div><span><b>Heading:</b></span> <span>191&deg;</span></div>
</div>]]></description>
        <TimeStamp>
          <when>2025-11-07T06:43:45+00:00</when>
        </TimeStamp>
        <Style>
          <IconStyle>
            <heading>191</heading>
            <Icon>
              <href>http://maps.google.com/mapfiles/kml/shapes/airports.png</href>
            </Icon>
          </IconStyle>
        </Style>
        <Point>
          <altitudeMode>absolute</altitudeMode>
          <coordinates>18.338425,-34.080231,914.4</coordinates>
        </Point>
      </Placemark>
      <Placemark>
        <name>2025-11-07 06:43:47 UTC</name>
        <description><![CDATA[<div><div><span><b>Altitude:</b></span> <span>3,000 ft</span></div>
<div><span><b>Speed:</b></span> <span>116 kt</span></div>
<div><span><b>Heading:</b></span> <span>187&deg;</span></div>
</div>]]></description>
        <TimeStamp>
          <when>2025-11-07T06:43:47+00:00</when>
        </TimeStamp>
        <Style>
          <IconStyle>
            <heading>187</heading>
            <Icon>
              <href>http://maps.google.com/mapfiles/kml/shapes/airports.png</href>
            </Icon>
          </IconStyle>
        </Style>
        <Point>
          <altitudeMode>absolute</altitudeMode>
          <coordinates>18.3382,-34.081192,914.4</coordinates>
        </Point>
      </Placemark>
      <Placemark>
        <name>2025-11-07 06:43:49 UTC</name>
        <description><![CDATA[<div><div><span><b>Altitude:</b></span> <span>3,000 ft</span></div>
<div><span><b>Speed:</b></span> <span>116 kt</span></div>
<div><span><b>Heading:</b></span> <span>183&deg;</span></div>
</div>]]></description>
        <TimeStamp>
          <when>2025-11-07T06:43:49+00:00</when>
        </TimeStamp>
        <Style>
          <IconStyle>
            <heading>183</heading>
            <Icon>
              <href>http://maps.google.com/mapfiles/kml/shapes/airports.png</href>
            </Icon>
          </IconStyle>
        </Style>
        <Point>
          <altitudeMode>absolute</altitudeMode>
          <coordinates>18.338087,-34.082336,914.4</coordinates>
        </Point>
      </Placemark>
      <Placemark>
        <name>2025-11-07 06:43:51 UTC</name>
        <description><![CDATA[<div><div><span><b>Altitude:</b></span> <span>3,000 ft</span></div>
<div><span><b>Speed:</b></span> <span>117 kt</span></div>
<div><span><b>Heading:</b></span> <span>179&deg;</span></div>
</div>]]></description>
        <TimeStamp>
          <when>2025-11-07T06:43:51+00:00</when>
        </TimeStamp>
        <Style>
          <IconStyle>
            <heading>179</heading>
            <Icon>
              <href>http://maps.google.com/mapfiles/kml/shapes/airports.png</href>
            </Icon>
          </IconStyle>
        </Style>
        <Point>
          <altitudeMode>absolute</altitudeMode>
          <coordinates>18.338087,-34.083389,914.4</coordinates>
        </Point>
      </Placemark>
      <Placemark>
        <name>2025-11-07 06:43:53 UTC</name>
        <description><![CDATA[<div><div><span><b>Altitude:</b></span> <span>3,000 ft</span></div>
<div><span><b>Speed:</b></span> <span>117 kt</span></div>
<div><span><b>Heading:</b></span> <span>176&deg;</span></div>
</div>]]></description>
        <TimeStamp>
          <when>2025-11-07T06:43:53+00:00</when>
        </TimeStamp>
        <Style>
          <IconStyle>
            <heading>176</heading>
            <Icon>
              <href>http://maps.google.com/mapfiles/kml/shapes/airports.png</href>
            </Icon>
          </IconStyle>
        </Style>
        <Point>
          <altitudeMode>absolute</altitudeMode>
          <coordinates>18.338127,-34.084476,914.4</coordinates>
        </Point>
      </Placemark>
      <Placemark>
        <name>2025-11-07 06:43:56 UTC</name>
        <description><![CDATA[<div><div><span><b>Altitude:</b></span> <span>3,000 ft</span></div>
<div><span><b>Speed:</b></span> <span>116 kt</span></div>
<div><span><b>Heading:</b></span> <span>172&deg;</span></div>
</div>]]></description>
        <TimeStamp>
          <when>2025-11-07T06:43:56+00:00</when>
        </TimeStamp>
        <Style>
          <IconStyle>
            <heading>172</heading>
            <Icon>
              <href>http://maps.google.com/mapfiles/kml/shapes/airports.png</href>
            </Icon>
          </IconStyle>
        </Style>
        <Point>
          <altitudeMode>absolute</altitudeMode>
          <coordinates>18.338312,-34.085907,914.4</coordinates>
        </Point>
      </Placemark>
      <Placemark>
        <name>2025-11-07 06:43:58 UTC</name>
        <description><![CDATA[<div><div><span><b>Altitude:</b></span> <span>2,900 ft</span></div>
<div><span><b>Speed:</b></span> <span>118 kt</span></div>
<div><span><b>Heading:</b></span> <span>168&deg;</span></div>
</div>]]></description>
        <TimeStamp>
          <when>2025-11-07T06:43:58+00:00</when>
        </TimeStamp>
        <Style>
          <IconStyle>
            <heading>168</heading>
            <Icon>
              <href>http://maps.google.com/mapfiles/kml/shapes/airports.png</href>
            </Icon>
          </IconStyle>
        </Style>
        <Point>
          <altitudeMode>absolute</altitudeMode>
          <coordinates>18.338528,-34.086945,883.92</coordinates>
        </Point>
      </Placemark>
      <Placemark>
        <name>2025-11-07 06:44:01 UTC</name>
        <description><![CDATA[<div><div><span><b>Altitude:</b></span> <span>2,900 ft</span></div>
<div><span><b>Speed:</b></span> <span>118 kt</span></div>
<div><span><b>Heading:</b></span> <span>161&deg;</span></div>
</div>]]></description>
        <TimeStamp>
          <when>2025-11-07T06:44:01+00:00</when>
        </TimeStamp>
        <Style>
          <IconStyle>
            <heading>161</heading>
            <Icon>
              <href>http://maps.google.com/mapfiles/kml/shapes/airports.png</href>
            </Icon>
          </IconStyle>
        </Style>
        <Point>
          <altitudeMode>absolute</altitudeMode>
          <coordinates>18.338985,-34.088249,883.92</coordinates>
        </Point>
      </Placemark>
      <Placemark>
        <name>2025-11-07 06:44:03 UTC</name>
        <description><![CDATA[<div><div><span><b>Altitude:</b></span> <span>2,900 ft</span></div>
<div><span><b>Speed:</b></span> <span>119 kt</span></div>
<div><span><b>Heading:</b></span> <span>156&deg;</span></div>
</div>]]></description>
        <TimeStamp>
          <when>2025-11-07T06:44:03+00:00</when>
        </TimeStamp>
        <Style>
          <IconStyle>
            <heading>156</heading>
            <Icon>
              <href>http://maps.google.com/mapfiles/kml/shapes/airports.png</href>
            </Icon>
          </IconStyle>
        </Style>
        <Point>
          <altitudeMode>absolute</altitudeMode>
          <coordinates>18.339558,-34.089554,883.92</coordinates>
        </Point>
      </Placemark>
      <Placemark>
        <name>2025-11-07 06:44:05 UTC</name>
        <description><![CDATA[<div><div><span><b>Altitude:</b></span> <span>2,900 ft</span></div>
<div><span><b>Speed:</b></span> <span>120 kt</span></div>
<div><span><b>Heading:</b></span> <span>151&deg;</span></div>
</div>]]></description>
        <TimeStamp>
          <when>2025-11-07T06:44:05+00:00</when>
        </TimeStamp>
        <Style>
          <IconStyle>
            <heading>151</heading>
            <Icon>
              <href>http://maps.google.com/mapfiles/kml/shapes/airports.png</href>
            </Icon>
          </IconStyle>
        </Style>
        <Point>
          <altitudeMode>absolute</altitudeMode>
          <coordinates>18.340273,-34.090714,883.92</coordinates>
        </Point>
      </Placemark>
      <Placemark>
        <name>2025-11-07 06:44:07 UTC</name>
        <description><![CDATA[<div><div><span><b>Altitude:</b></span> <span>2,900 ft</span></div>
<div><span><b>Speed:</b></span> <span>122 kt</span></div>
<div><span><b>Heading:</b></span> <span>146&deg;</span></div>
</div>]]></description>
        <TimeStamp>
          <when>2025-11-07T06:44:07+00:00</when>
        </TimeStamp>
        <Style>
          <IconStyle>
            <heading>146</heading>
            <Icon>
              <href>http://maps.google.com/mapfiles/kml/shapes/airports.png</href>
            </Icon>
          </IconStyle>
        </Style>
        <Point>
          <altitudeMode>absolute</altitudeMode>
          <coordinates>18.340931,-34.091599,883.92</coordinates>
        </Point>
      </Placemark>
      <Placemark>
        <name>2025-11-07 06:44:10 UTC</name>
        <description><![CDATA[<div><div><span><b>Altitude:</b></span> <span>2,800 ft</span></div>
<div><span><b>Speed:</b></span> <span>123 kt</span></div>
<div><span><b>Heading:</b></span> <span>143&deg;</span></div>
</div>]]></description>
        <TimeStamp>
          <when>2025-11-07T06:44:10+00:00</when>
        </TimeStamp>
        <Style>
          <IconStyle>
            <heading>143</heading>
            <Icon>
              <href>http://maps.google.com/mapfiles/kml/shapes/airports.png</href>
            </Icon>
          </IconStyle>
        </Style>
        <Point>
          <altitudeMode>absolute</altitudeMode>
          <coordinates>18.341904,-34.092716,853.44</coordinates>
        </Point>
      </Placemark>
      <Placemark>
        <name>2025-11-07 06:44:12 UTC</name>
        <description><![CDATA[<div><div><span><b>Altitude:</b></span> <span>2,800 ft</span></div>
<div><span><b>Speed:</b></span> <span>124 kt</span></div>
<div><span><b>Heading:</b></span> <span>139&deg;</span></div>
</div>]]></description>
        <TimeStamp>
          <when>2025-11-07T06:44:12+00:00</when>
        </TimeStamp>
        <Style>
          <IconStyle>
            <heading>139</heading>
            <Icon>
              <href>http://maps.google.com/mapfiles/kml/shapes/airports.png</href>
            </Icon>
          </IconStyle>
        </Style>
        <Point>
          <altitudeMode>absolute</altitudeMode>
          <coordinates>18.343048,-34.09388,853.44</coordinates>
        </Point>
      </Placemark>
      <Placemark>
        <name>2025-11-07 06:44:14 UTC</name>
        <description><![CDATA[<div><div><span><b>Altitude:</b></span> <span>2,800 ft</span></div>
<div><span><b>Speed:</b></span> <span>123 kt</span></div>
<div><span><b>Heading:</b></span> <span>135&deg;</span></div>
</div>]]></description>
        <TimeStamp>
          <when>2025-11-07T06:44:14+00:00</when>
        </TimeStamp>
        <Style>
          <IconStyle>
            <heading>135</heading>
            <Icon>
              <href>http://maps.google.com/mapfiles/kml/shapes/airports.png</href>
            </Icon>
          </IconStyle>
        </Style>
        <Point>
          <altitudeMode>absolute</altitudeMode>
          <coordinates>18.343918,-34.094696,853.44</coordinates>
        </Point>
      </Placemark>
      <Placemark>
        <name>2025-11-07 06:44:16 UTC</name>
        <description><![CDATA[<div><div><span><b>Altitude:</b></span> <span>2,800 ft</span></div>
<div><span><b>Speed:</b></span> <span>123 kt</span></div>
<div><span><b>Heading:</b></span> <span>133&deg;</span></div>
</div>]]></description>
        <TimeStamp>
          <when>2025-11-07T06:44:16+00:00</when>
        </TimeStamp>
        <Style>
          <IconStyle>
            <heading>133</heading>
            <Icon>
              <href>http://maps.google.com/mapfiles/kml/shapes/airports.png</href>
            </Icon>
          </IconStyle>
        </Style>
        <Point>
          <altitudeMode>absolute</altitudeMode>
          <coordinates>18.344925,-34.095474,853.44</coordinates>
        </Point>
      </Placemark>
      <Placemark>
        <name>2025-11-07 06:44:18 UTC</name>
        <description><![CDATA[<div><div><span><b>Altitude:</b></span> <span>2,700 ft</span></div>
<div><span><b>Speed:</b></span> <span>123 kt</span></div>
<div><span><b>Heading:</b></span> <span>131&deg;</span></div>
</div>]]></description>
        <TimeStamp>
          <when>2025-11-07T06:44:18+00:00</when>
        </TimeStamp>
        <Style>
          <IconStyle>
            <heading>131</heading>
            <Icon>
              <href>http://maps.google.com/mapfiles/kml/shapes/airports.png</href>
            </Icon>
          </IconStyle>
        </Style>
        <Point>
          <altitudeMode>absolute</altitudeMode>
          <coordinates>18.346214,-34.096481,822.96</coordinates>
        </Point>
      </Placemark>
      <Placemark>
        <name>2025-11-07 06:44:21 UTC</name>
        <description><![CDATA[<div><div><span><b>Altitude:</b></span> <span>2,700 ft</span></div>
<div><span><b>Speed:</b></span> <span>122 kt</span></div>
<div><span><b>Heading:</b></span> <span>129&deg;</span></div>
</div>]]></description>
        <TimeStamp>
          <when>2025-11-07T06:44:21+00:00</when>
        </TimeStamp>
        <Style>
          <IconStyle>
            <heading>129</heading>
            <Icon>
              <href>http://maps.google.com/mapfiles/kml/shapes/airports.png</href>
            </Icon>
          </IconStyle>
        </Style>
        <Point>
          <altitudeMode>absolute</altitudeMode>
          <coordinates>18.347569,-34.097374,822.96</coordinates>
        </Point>
      </Placemark>
      <Placemark>
        <name>2025-11-07 06:44:23 UTC</name>
        <description><![CDATA[<div><div><span><b>Altitude:</b></span> <span>2,700 ft</span></div>
<div><span><b>Speed:</b></span> <span>122 kt</span></div>
<div><span><b>Heading:</b></span> <span>128&deg;</span></div>
</div>]]></description>
        <TimeStamp>
          <when>2025-11-07T06:44:23+00:00</when>
        </TimeStamp>
        <Style>
          <IconStyle>
            <heading>128</heading>
            <Icon>
              <href>http://maps.google.com/mapfiles/kml/shapes/airports.png</href>
            </Icon>
          </IconStyle>
        </Style>
        <Point>
          <altitudeMode>absolute</altitudeMode>
          <coordinates>18.348598,-34.098118,822.96</coordinates>
        </Point>
      </Placemark>
      <Placemark>
        <name>2025-11-07 06:44:25 UTC</name>
        <description><![CDATA[<div><div><span><b>Altitude:</b></span> <span>2,700 ft</span></div>
<div><span><b>Speed:</b></span> <span>122 kt</span></div>
<div><span><b>Heading:</b></span> <span>126&deg;</span></div>
</div>]]></description>
        <TimeStamp>
          <when>2025-11-07T06:44:25+00:00</when>
        </TimeStamp>
        <Style>
          <IconStyle>
            <heading>126</heading>
            <Icon>
              <href>http://maps.google.com/mapfiles/kml/shapes/airports.png</href>
            </Icon>
          </IconStyle>
        </Style>
        <Point>
          <altitudeMode>absolute</altitudeMode>
          <coordinates>18.349686,-34.09877,822.96</coordinates>
        </Point>
      </Placemark>
      <Placemark>
        <name>2025-11-07 06:44:27 UTC</name>
        <description><![CDATA[<div><div><span><b>Altitude:</b></span> <span>2,700 ft</span></div>
<div><span><b>Speed:</b></span> <span>122 kt</span></div>
<div><span><b>Heading:</b></span> <span>124&deg;</span></div>
</div>]]></description>
        <TimeStamp>
          <when>2025-11-07T06:44:27+00:00</when>
        </TimeStamp>
        <Style>
          <IconStyle>
            <heading>124</heading>
            <Icon>
              <href>http://maps.google.com/mapfiles/kml/shapes/airports.png</href>
            </Icon>
          </IconStyle>
        </Style>
        <Point>
          <altitudeMode>absolute</altitudeMode>
          <coordinates>18.351116,-34.099606,822.96</coordinates>
        </Point>
      </Placemark>
      <Placemark>
        <name>2025-11-07 06:44:29 UTC</name>
        <description><![CDATA[<div><div><span><b>Altitude:</b></span> <span>2,700 ft</span></div>
<div><span><b>Speed:</b></span> <span>121 kt</span></div>
<div><span><b>Heading:</b></span> <span>123&deg;</span></div>
</div>]]></description>
        <TimeStamp>
          <when>2025-11-07T06:44:29+00:00</when>
        </TimeStamp>
        <Style>
          <IconStyle>
            <heading>123</heading>
            <Icon>
              <href>http://maps.google.com/mapfiles/kml/shapes/airports.png</href>
            </Icon>
          </IconStyle>
        </Style>
        <Point>
          <altitudeMode>absolute</altitudeMode>
          <coordinates>18.352089,-34.100121,822.96</coordinates>
        </Point>
      </Placemark>
      <Placemark>
        <name>2025-11-07 06:44:32 UTC</name>
        <description><![CDATA[<div><div><span><b>Altitude:</b></span> <span>2,700 ft</span></div>
<div><span><b>Speed:</b></span> <span>120 kt</span></div>
<div><span><b>Heading:</b></span> <span>122&deg;</span></div>
</div>]]></description>
        <TimeStamp>
          <when>2025-11-07T06:44:32+00:00</when>
        </TimeStamp>
        <Style>
          <IconStyle>
            <heading>122</heading>
            <Icon>
              <href>http://maps.google.com/mapfiles/kml/shapes/airports.png</href>
            </Icon>
          </IconStyle>
        </Style>
        <Point>
          <altitudeMode>absolute</altitudeMode>
          <coordinates>18.353277,-34.100784,822.96</coordinates>
        </Point>
      </Placemark>
      <Placemark>
        <name>2025-11-07 06:44:34 UTC</name>
        <description><![CDATA[<div><div><span><b>Altitude:</b></span> <span>2,600 ft</span></div>
<div><span><b>Speed:</b></span> <span>120 kt</span></div>
<div><span><b>Heading:</b></span> <span>121&deg;</span></div>
</div>]]></description>
        <TimeStamp>
          <when>2025-11-07T06:44:34+00:00</when>
        </TimeStamp>
        <Style>
          <IconStyle>
            <heading>121</heading>
            <Icon>
              <href>http://maps.google.com/mapfiles/kml/shapes/airports.png</href>
            </Icon>
          </IconStyle>
        </Style>
        <Point>
          <altitudeMode>absolute</altitudeMode>
          <coordinates>18.354435,-34.101376,792.48</coordinates>
        </Point>
      </Placemark>
      <Placemark>
        <name>2025-11-07 06:44:36 UTC</name>
        <description><![CDATA[<div><div><span><b>Altitude:</b></span> <span>2,600 ft</span></div>
<div><span><b>Speed:</b></span> <span>119 kt</span></div>
<div><span><b>Heading:</b></span> <span>120&deg;</span></div>
</div>]]></description>
        <TimeStamp>
          <when>2025-11-07T06:44:36+00:00</when>
        </TimeStamp>
        <Style>
          <IconStyle>
            <heading>120</heading>
            <Icon>
              <href>http://maps.google.com/mapfiles/kml/shapes/airports.png</href>
            </Icon>
          </IconStyle>
        </Style>
        <Point>
          <altitudeMode>absolute</altitudeMode>
          <coordinates>18.355751,-34.102028,792.48</coordinates>
        </Point>
      </Placemark>
      <Placemark>
        <name>2025-11-07 06:44:38 UTC</name>
        <description><![CDATA[<div><div><span><b>Altitude:</b></span> <span>2,600 ft</span></div>
<div><span><b>Speed:</b></span> <span>118 kt</span></div>
<div><span><b>Heading:</b></span> <span>120&deg;</span></div>
</div>]]></description>
        <TimeStamp>
          <when>2025-11-07T06:44:38+00:00</when>
        </TimeStamp>
        <Style>
          <IconStyle>
            <heading>120</heading>
            <Icon>
              <href>http://maps.google.com/mapfiles/kml/shapes/airports.png</href>
            </Icon>
          </IconStyle>
        </Style>
        <Point>
          <altitudeMode>absolute</altitudeMode>
          <coordinates>18.356977,-34.102661,792.48</coordinates>
        </Point>
      </Placemark>
      <Placemark>
        <name>2025-11-07 06:44:40 UTC</name>
        <description><![CDATA[<div><div><span><b>Altitude:</b></span> <span>2,600 ft</span></div>
<div><span><b>Speed:</b></span> <span>117 kt</span></div>
<div><span><b>Heading:</b></span> <span>120&deg;</span></div>
</div>]]></description>
        <TimeStamp>
          <when>2025-11-07T06:44:40+00:00</when>
        </TimeStamp>
        <Style>
          <IconStyle>
            <heading>120</heading>
            <Icon>
              <href>http://maps.google.com/mapfiles/kml/shapes/airports.png</href>
            </Icon>
          </IconStyle>
        </Style>
        <Point>
          <altitudeMode>absolute</altitudeMode>
          <coordinates>18.358435,-34.103348,792.48</coordinates>
        </Point>
      </Placemark>
      <Placemark>
        <name>2025-11-07 06:44:42 UTC</name>
        <description><![CDATA[<div><div><span><b>Altitude:</b></span> <span>2,500 ft</span></div>
<div><span><b>Speed:</b></span> <span>116 kt</span></div>
<div><span><b>Heading:</b></span> <span>119&deg;</span></div>
</div>]]></description>
        <TimeStamp>
          <when>2025-11-07T06:44:42+00:00</when>
        </TimeStamp>
        <Style>
          <IconStyle>
            <heading>119</heading>
            <Icon>
              <href>http://maps.google.com/mapfiles/kml/shapes/airports.png</href>
            </Icon>
          </IconStyle>
        </Style>
        <Point>
          <altitudeMode>absolute</altitudeMode>
          <coordinates>18.359356,-34.103798,762</coordinates>
        </Point>
      </Placemark>
      <Placemark>
        <name>2025-11-07 06:44:44 UTC</name>
        <description><![CDATA[<div><div><span><b>Altitude:</b></span> <span>2,500 ft</span></div>
<div><span><b>Speed:</b></span> <span>116 kt</span></div>
<div><span><b>Heading:</b></span> <span>119&deg;</span></div>
</div>]]></description>
        <TimeStamp>
          <when>2025-11-07T06:44:44+00:00</when>
        </TimeStamp>
        <Style>
          <IconStyle>
            <heading>119</heading>
            <Icon>
              <href>http://maps.google.com/mapfiles/kml/shapes/airports.png</href>
            </Icon>
          </IconStyle>
        </Style>
        <Point>
          <altitudeMode>absolute</altitudeMode>
          <coordinates>18.360788,-34.104492,762</coordinates>
        </Point>
      </Placemark>
      <Placemark>
        <name>2025-11-07 06:44:47 UTC</name>
        <description><![CDATA[<div><div><span><b>Altitude:</b></span> <span>2,500 ft</span></div>
<div><span><b>Speed:</b></span> <span>115 kt</span></div>
<div><span><b>Heading:</b></span> <span>119&deg;</span></div>
</div>]]></description>
        <TimeStamp>
          <when>2025-11-07T06:44:47+00:00</when>
        </TimeStamp>
        <Style>
          <IconStyle>
            <heading>119</heading>
            <Icon>
              <href>http://maps.google.com/mapfiles/kml/shapes/airports.png</href>
            </Icon>
          </IconStyle>
        </Style>
        <Point>
          <altitudeMode>absolute</altitudeMode>
          <coordinates>18.361965,-34.105042,762</coordinates>
        </Point>
      </Placemark>
      <Placemark>
        <name>2025-11-07 06:44:49 UTC</name>
        <description><![CDATA[<div><div><span><b>Altitude:</b></span> <span>2,500 ft</span></div>
<div><span><b>Speed:</b></span> <span>115 kt</span></div>
<div><span><b>Heading:</b></span> <span>119&deg;</span></div>
</div>]]></description>
        <TimeStamp>
          <when>2025-11-07T06:44:49+00:00</when>
        </TimeStamp>
        <Style>
          <IconStyle>
            <heading>119</heading>
            <Icon>
              <href>http://maps.google.com/mapfiles/kml/shapes/airports.png</href>
            </Icon>
          </IconStyle>
        </Style>
        <Point>
          <altitudeMode>absolute</altitudeMode>
          <coordinates>18.36319,-34.105614,762</coordinates>
        </Point>
      </Placemark>
      <Placemark>
        <name>2025-11-07 06:44:51 UTC</name>
        <description><![CDATA[<div><div><span><b>Altitude:</b></span> <span>2,400 ft</span></div>
<div><span><b>Speed:</b></span> <span>113 kt</span></div>
<div><span><b>Heading:</b></span> <span>119&deg;</span></div>
</div>]]></description>
        <TimeStamp>
          <when>2025-11-07T06:44:51+00:00</when>
        </TimeStamp>
        <Style>
          <IconStyle>
            <heading>119</heading>
            <Icon>
              <href>http://maps.google.com/mapfiles/kml/shapes/airports.png</href>
            </Icon>
          </IconStyle>
        </Style>
        <Point>
          <altitudeMode>absolute</altitudeMode>
          <coordinates>18.364489,-34.106232,731.52</coordinates>
        </Point>
      </Placemark>
      <Placemark>
        <name>2025-11-07 06:44:53 UTC</name>
        <description><![CDATA[<div><div><span><b>Altitude:</b></span> <span>2,400 ft</span></div>
<div><span><b>Speed:</b></span> <span>112 kt</span></div>
<div><span><b>Heading:</b></span> <span>119&deg;</span></div>
</div>]]></description>
        <TimeStamp>
          <when>2025-11-07T06:44:53+00:00</when>
        </TimeStamp>
        <Style>
          <IconStyle>
            <heading>119</heading>
            <Icon>
              <href>http://maps.google.com/mapfiles/kml/shapes/airports.png</href>
            </Icon>
          </IconStyle>
        </Style>
        <Point>
          <altitudeMode>absolute</altitudeMode>
          <coordinates>18.36533,-34.106644,731.52</coordinates>
        </Point>
      </Placemark>
      <Placemark>
        <name>2025-11-07 06:44:55 UTC</name>
        <description><![CDATA[<div><div><span><b>Altitude:</b></span> <span>2,400 ft</span></div>
<div><span><b>Speed:</b></span> <span>112 kt</span></div>
<div><span><b>Heading:</b></span> <span>119&deg;</span></div>
</div>]]></description>
        <TimeStamp>
          <when>2025-11-07T06:44:55+00:00</when>
        </TimeStamp>
        <Style>
          <IconStyle>
            <heading>119</heading>
            <Icon>
              <href>http://maps.google.com/mapfiles/kml/shapes/airports.png</href>
            </Icon>
          </IconStyle>
        </Style>
        <Point>
          <altitudeMode>absolute</altitudeMode>
          <coordinates>18.36668,-34.107288,731.52</coordinates>
        </Point>
      </Placemark>
      <Placemark>
        <name>2025-11-07 06:44:58 UTC</name>
        <description><![CDATA[<div><div><span><b>Altitude:</b></span> <span>2,400 ft</span></div>
<div><span><b>Speed:</b></span> <span>110 kt</span></div>
<div><span><b>Heading:</b></span> <span>119&deg;</span></div>
</div>]]></description>
        <TimeStamp>
          <when>2025-11-07T06:44:58+00:00</when>
        </TimeStamp>
        <Style>
          <IconStyle>
            <heading>119</heading>
            <Icon>
              <href>http://maps.google.com/mapfiles/kml/shapes/airports.png</href>
            </Icon>
          </IconStyle>
        </Style>
        <Point>
          <altitudeMode>absolute</altitudeMode>
          <coordinates>18.368076,-34.107925,731.52</coordinates>
        </Point>
      </Placemark>
      <Placemark>
        <name>2025-11-07 06:45:04 UTC</name>
        <description><![CDATA[<div><div><span><b>Altitude:</b></span> <span>2,300 ft</span></div>
<div><span><b>Speed:</b></span> <span>109 kt</span></div>
<div><span><b>Heading:</b></span> <span>116&deg;</span></div>
</div>]]></description>
        <TimeStamp>
          <when>2025-11-07T06:45:04+00:00</when>
        </TimeStamp>
        <Style>
          <IconStyle>
            <heading>116</heading>
            <Icon>
              <href>http://maps.google.com/mapfiles/kml/shapes/airports.png</href>
            </Icon>
          </IconStyle>
        </Style>
        <Point>
          <altitudeMode>absolute</altitudeMode>
          <coordinates>18.371601,-34.109478,701.04</coordinates>
        </Point>
      </Placemark>
      <Placemark>
        <name>2025-11-07 06:45:06 UTC</name>
        <description><![CDATA[<div><div><span><b>Altitude:</b></span> <span>2,300 ft</span></div>
<div><span><b>Speed:</b></span> <span>110 kt</span></div>
<div><span><b>Heading:</b></span> <span>115&deg;</span></div>
</div>]]></description>
        <TimeStamp>
          <when>2025-11-07T06:45:06+00:00</when>
        </TimeStamp>
        <Style>
          <IconStyle>
            <heading>115</heading>
            <Icon>
              <href>http://maps.google.com/mapfiles/kml/shapes/airports.png</href>
            </Icon>
          </IconStyle>
        </Style>
        <Point>
          <altitudeMode>absolute</altitudeMode>
          <coordinates>18.372803,-34.109989,701.04</coordinates>
        </Point>
      </Placemark>
      <Placemark>
        <name>2025-11-07 06:45:09 UTC</name>
        <description><![CDATA[<div><div><span><b>Altitude:</b></span> <span>2,300 ft</span></div>
<div><span><b>Speed:</b></span> <span>110 kt</span></div>
<div><span><b>Heading:</b></span> <span>115&deg;</span></div>
</div>]]></description>
        <TimeStamp>
          <when>2025-11-07T06:45:09+00:00</when>
        </TimeStamp>
        <Style>
          <IconStyle>
            <heading>115</heading>
            <Icon>
              <href>http://maps.google.com/mapfiles/kml/shapes/airports.png</href>
            </Icon>
          </IconStyle>
        </Style>
        <Point>
          <altitudeMode>absolute</altitudeMode>
          <coordinates>18.374119,-34.1105,701.04</coordinates>
        </Point>
      </Placemark>
      <Placemark>
        <name>2025-11-07 06:45:11 UTC</name>
        <description><![CDATA[<div><div><span><b>Altitude:</b></span> <span>2,300 ft</span></div>
<div><span><b>Speed:</b></span> <span>110 kt</span></div>
<div><span><b>Heading:</b></span> <span>114&deg;</span></div>
</div>]]></description>
        <TimeStamp>
          <when>2025-11-07T06:45:11+00:00</when>
        </TimeStamp>
        <Style>
          <IconStyle>
            <heading>114</heading>
            <Icon>
              <href>http://maps.google.com/mapfiles/kml/shapes/airports.png</href>
            </Icon>
          </IconStyle>
        </Style>
        <Point>
          <altitudeMode>absolute</altitudeMode>
          <coordinates>18.375307,-34.110947,701.04</coordinates>
        </Point>
      </Placemark>
      <Placemark>
        <name>2025-11-07 06:45:13 UTC</name>
        <description><![CDATA[<div><div><span><b>Altitude:</b></span> <span>2,200 ft</span></div>
<div><span><b>Speed:</b></span> <span>108 kt</span></div>
<div><span><b>Heading:</b></span> <span>114&deg;</span></div>
</div>]]></description>
        <TimeStamp>
          <when>2025-11-07T06:45:13+00:00</when>
        </TimeStamp>
        <Style>
          <IconStyle>
            <heading>114</heading>
            <Icon>
              <href>http://maps.google.com/mapfiles/kml/shapes/airports.png</href>
            </Icon>
          </IconStyle>
        </Style>
        <Point>
          <altitudeMode>absolute</altitudeMode>
          <coordinates>18.376637,-34.111431,670.56</coordinates>
        </Point>
      </Placemark>
      <Placemark>
        <name>2025-11-07 06:45:15 UTC</name>
        <description><![CDATA[<div><div><span><b>Altitude:</b></span> <span>2,200 ft</span></div>
<div><span><b>Speed:</b></span> <span>108 kt</span></div>
<div><span><b>Heading:</b></span> <span>114&deg;</span></div>
</div>]]></description>
        <TimeStamp>
          <when>2025-11-07T06:45:15+00:00</when>
        </TimeStamp>
        <Style>
          <IconStyle>
            <heading>114</heading>
            <Icon>
              <href>http://maps.google.com/mapfiles/kml/shapes/airports.png</href>
            </Icon>
          </IconStyle>
        </Style>
        <Point>
          <altitudeMode>absolute</altitudeMode>
          <coordinates>18.377716,-34.111862,670.56</coordinates>
        </Point>
      </Placemark>
      <Placemark>
        <name>2025-11-07 06:45:18 UTC</name>
        <description><![CDATA[<div><div><span><b>Altitude:</b></span> <span>2,200 ft</span></div>
<div><span><b>Speed:</b></span> <span>108 kt</span></div>
<div><span><b>Heading:</b></span> <span>114&deg;</span></div>
</div>]]></description>
        <TimeStamp>
          <when>2025-11-07T06:45:18+00:00</when>
        </TimeStamp>
        <Style>
          <IconStyle>
            <heading>114</heading>
            <Icon>
              <href>http://maps.google.com/mapfiles/kml/shapes/airports.png</href>
            </Icon>
          </IconStyle>
        </Style>
        <Point>
          <altitudeMode>absolute</altitudeMode>
          <coordinates>18.379063,-34.112366,670.56</coordinates>
        </Point>
      </Placemark>
      <Placemark>
        <name>2025-11-07 06:45:20 UTC</name>
        <description><![CDATA[<div><div><span><b>Altitude:</b></span> <span>2,200 ft</span></div>
<div><span><b>Speed:</b></span> <span>108 kt</span></div>
<div><span><b>Heading:</b></span> <span>114&deg;</span></div>
</div>]]></description>
        <TimeStamp>
          <when>2025-11-07T06:45:20+00:00</when>
        </TimeStamp>
        <Style>
          <IconStyle>
            <heading>114</heading>
            <Icon>
              <href>http://maps.google.com/mapfiles/kml/shapes/airports.png</href>
            </Icon>
          </IconStyle>
        </Style>
        <Point>
          <altitudeMode>absolute</altitudeMode>
          <coordinates>18.380072,-34.112732,670.56</coordinates>
        </Point>
      </Placemark>
      <Placemark>
        <name>2025-11-07 06:45:22 UTC</name>
        <description><![CDATA[<div><div><span><b>Altitude:</b></span> <span>2,200 ft</span></div>
<div><span><b>Speed:</b></span> <span>108 kt</span></div>
<div><span><b>Heading:</b></span> <span>115&deg;</span></div>
</div>]]></description>
        <TimeStamp>
          <when>2025-11-07T06:45:22+00:00</when>
        </TimeStamp>
        <Style>
          <IconStyle>
            <heading>115</heading>
            <Icon>
              <href>http://maps.google.com/mapfiles/kml/shapes/airports.png</href>
            </Icon>
          </IconStyle>
        </Style>
        <Point>
          <altitudeMode>absolute</altitudeMode>
          <coordinates>18.381136,-34.113144,670.56</coordinates>
        </Point>
      </Placemark>
      <Placemark>
        <name>2025-11-07 06:45:24 UTC</name>
        <description><![CDATA[<div><div><span><b>Altitude:</b></span> <span>2,200 ft</span></div>
<div><span><b>Speed:</b></span> <span>108 kt</span></div>
<div><span><b>Heading:</b></span> <span>115&deg;</span></div>
</div>]]></description>
        <TimeStamp>
          <when>2025-11-07T06:45:24+00:00</when>
        </TimeStamp>
        <Style>
          <IconStyle>
            <heading>115</heading>
            <Icon>
              <href>http://maps.google.com/mapfiles/kml/shapes/airports.png</href>
            </Icon>
          </IconStyle>
        </Style>
        <Point>
          <altitudeMode>absolute</altitudeMode>
          <coordinates>18.38253,-34.113667,670.56</coordinates>
        </Point>
      </Placemark>
      <Placemark>
        <name>2025-11-07 06:45:26 UTC</name>
        <description><![CDATA[<div><div><span><b>Altitude:</b></span> <span>2,200 ft</span></div>
<div><span><b>Speed:</b></span> <span>107 kt</span></div>
<div><span><b>Heading:</b></span> <span>115&deg;</span></div>
</div>]]></description>
        <TimeStamp>
          <when>2025-11-07T06:45:26+00:00</when>
        </TimeStamp>
        <Style>
          <IconStyle>
            <heading>115</heading>
            <Icon>
              <href>http://maps.google.com/mapfiles/kml/shapes/airports.png</href>
            </Icon>
          </IconStyle>
        </Style>
        <Point>
          <altitudeMode>absolute</altitudeMode>
          <coordinates>18.383617,-34.114086,670.56</coordinates>
        </Point>
      </Placemark>
      <Placemark>
        <name>2025-11-07 06:45:28 UTC</name>
        <description><![CDATA[<div><div><span><b>Altitude:</b></span> <span>2,200 ft</span></div>
<div><span><b>Speed:</b></span> <span>106 kt</span></div>
<div><span><b>Heading:</b></span> <span>115&deg;</span></div>
</div>]]></description>
        <TimeStamp>
          <when>2025-11-07T06:45:28+00:00</when>
        </TimeStamp>
        <Style>
          <IconStyle>
            <heading>115</heading>
            <Icon>
              <href>http://maps.google.com/mapfiles/kml/shapes/airports.png</href>
            </Icon>
          </IconStyle>
        </Style>
        <Point>
          <altitudeMode>absolute</altitudeMode>
          <coordinates>18.384705,-34.114552,670.56</coordinates>
        </Point>
      </Placemark>
      <Placemark>
        <name>2025-11-07 06:45:30 UTC</name>
        <description><![CDATA[<div><div><span><b>Altitude:</b></span> <span>2,100 ft</span></div>
<div><span><b>Speed:</b></span> <span>104 kt</span></div>
<div><span><b>Heading:</b></span> <span>114&deg;</span></div>
</div>]]></description>
        <TimeStamp>
          <when>2025-11-07T06:45:30+00:00</when>
        </TimeStamp>
        <Style>
          <IconStyle>
            <heading>114</heading>
            <Icon>
              <href>http://maps.google.com/mapfiles/kml/shapes/airports.png</href>
            </Icon>
          </IconStyle>
        </Style>
        <Point>
          <altitudeMode>absolute</altitudeMode>
          <coordinates>18.385735,-34.114922,640.08</coordinates>
        </Point>
      </Placemark>
      <Placemark>
        <name>2025-11-07 06:45:33 UTC</name>
        <description><![CDATA[<div><div><span><b>Altitude:</b></span> <span>2,100 ft</span></div>
<div><span><b>Speed:</b></span> <span>103 kt</span></div>
<div><span><b>Heading:</b></span> <span>115&deg;</span></div>
</div>]]></description>
        <TimeStamp>
          <when>2025-11-07T06:45:33+00:00</when>
        </TimeStamp>
        <Style>
          <IconStyle>
            <heading>115</heading>
            <Icon>
              <href>http://maps.google.com/mapfiles/kml/shapes/airports.png</href>
            </Icon>
          </IconStyle>
        </Style>
        <Point>
          <altitudeMode>absolute</altitudeMode>
          <coordinates>18.387077,-34.115479,640.08</coordinates>
        </Point>
      </Placemark>
      <Placemark>
        <name>2025-11-07 06:45:35 UTC</name>
        <description><![CDATA[<div><div><span><b>Altitude:</b></span> <span>2,100 ft</span></div>
<div><span><b>Speed:</b></span> <span>102 kt</span></div>
<div><span><b>Heading:</b></span> <span>114&deg;</span></div>
</div>]]></description>
        <TimeStamp>
          <when>2025-11-07T06:45:35+00:00</when>
        </TimeStamp>
        <Style>
          <IconStyle>
            <heading>114</heading>
            <Icon>
              <href>http://maps.google.com/mapfiles/kml/shapes/airports.png</href>
            </Icon>
          </IconStyle>
        </Style>
        <Point>
          <altitudeMode>absolute</altitudeMode>
          <coordinates>18.388138,-34.115902,640.08</coordinates>
        </Point>
      </Placemark>
      <Placemark>
        <name>2025-11-07 06:45:37 UTC</name>
        <description><![CDATA[<div><div><span><b>Altitude:</b></span> <span>2,100 ft</span></div>
<div><span><b>Speed:</b></span> <span>102 kt</span></div>
<div><span><b>Heading:</b></span> <span>114&deg;</span></div>
</div>]]></description>
        <TimeStamp>
          <when>2025-11-07T06:45:37+00:00</when>
        </TimeStamp>
        <Style>
          <IconStyle>
            <heading>114</heading>
            <Icon>
              <href>http://maps.google.com/mapfiles/kml/shapes/airports.png</href>
            </Icon>
          </IconStyle>
        </Style>
        <Point>
          <altitudeMode>absolute</altitudeMode>
          <coordinates>18.389511,-34.116413,640.08</coordinates>
        </Point>
      </Placemark>
      <Placemark>
        <name>2025-11-07 06:45:44 UTC</name>
        <description><![CDATA[<div><div><span><b>Altitude:</b></span> <span>2,100 ft</span></div>
<div><span><b>Speed:</b></span> <span>96 kt</span></div>
<div><span><b>Heading:</b></span> <span>115&deg;</span></div>
</div>]]></description>
        <TimeStamp>
          <when>2025-11-07T06:45:44+00:00</when>
        </TimeStamp>
        <Style>
          <IconStyle>
            <heading>115</heading>
            <Icon>
              <href>http://maps.google.com/mapfiles/kml/shapes/airports.png</href>
            </Icon>
          </IconStyle>
        </Style>
        <Point>
          <altitudeMode>absolute</altitudeMode>
          <coordinates>18.392738,-34.11763,640.08</coordinates>
        </Point>
      </Placemark>
      <Placemark>
        <name>2025-11-07 06:45:46 UTC</name>
        <description><![CDATA[<div><div><span><b>Altitude:</b></span> <span>2,100 ft</span></div>
<div><span><b>Speed:</b></span> <span>96 kt</span></div>
<div><span><b>Heading:</b></span> <span>115&deg;</span></div>
</div>]]></description>
        <TimeStamp>
          <when>2025-11-07T06:45:46+00:00</when>
        </TimeStamp>
        <Style>
          <IconStyle>
            <heading>115</heading>
            <Icon>
              <href>http://maps.google.com/mapfiles/kml/shapes/airports.png</href>
            </Icon>
          </IconStyle>
        </Style>
        <Point>
          <altitudeMode>absolute</altitudeMode>
          <coordinates>18.393631,-34.117996,640.08</coordinates>
        </Point>
      </Placemark>
      <Placemark>
        <name>2025-11-07 06:45:48 UTC</name>
        <description><![CDATA[<div><div><span><b>Altitude:</b></span> <span>2,100 ft</span></div>
<div><span><b>Speed:</b></span> <span>95 kt</span></div>
<div><span><b>Heading:</b></span> <span>116&deg;</span></div>
</div>]]></description>
        <TimeStamp>
          <when>2025-11-07T06:45:48+00:00</when>
        </TimeStamp>
        <Style>
          <IconStyle>
            <heading>116</heading>
            <Icon>
              <href>http://maps.google.com/mapfiles/kml/shapes/airports.png</href>
            </Icon>
          </IconStyle>
        </Style>
        <Point>
          <altitudeMode>absolute</altitudeMode>
          <coordinates>18.394756,-34.118454,640.08</coordinates>
        </Point>
      </Placemark>
      <Placemark>
        <name>2025-11-07 06:45:50 UTC</name>
        <description><![CDATA[<div><div><span><b>Altitude:</b></span> <span>2,100 ft</span></div>
<div><span><b>Speed:</b></span> <span>95 kt</span></div>
<div><span><b>Heading:</b></span> <span>115&deg;</span></div>
</div>]]></description>
        <TimeStamp>
          <when>2025-11-07T06:45:50+00:00</when>
        </TimeStamp>
        <Style>
          <IconStyle>
            <heading>115</heading>
            <Icon>
              <href>http://maps.google.com/mapfiles/kml/shapes/airports.png</href>
            </Icon>
          </IconStyle>
        </Style>
        <Point>
          <altitudeMode>absolute</altitudeMode>
          <coordinates>18.395462,-34.11874,640.08</coordinates>
        </Point>
      </Placemark>
      <Placemark>
        <name>2025-11-07 06:45:52 UTC</name>
        <description><![CDATA[<div><div><span><b>Altitude:</b></span> <span>2,100 ft</span></div>
<div><span><b>Speed:</b></span> <span>93 kt</span></div>
<div><span><b>Heading:</b></span> <span>115&deg;</span></div>
</div>]]></description>
        <TimeStamp>
          <when>2025-11-07T06:45:52+00:00</when>
        </TimeStamp>
        <Style>
          <IconStyle>
            <heading>115</heading>
            <Icon>
              <href>http://maps.google.com/mapfiles/kml/shapes/airports.png</href>
            </Icon>
          </IconStyle>
        </Style>
        <Point>
          <altitudeMode>absolute</altitudeMode>
          <coordinates>18.396832,-34.119278,640.08</coordinates>
        </Point>
      </Placemark>
      <Placemark>
        <name>2025-11-07 06:45:55 UTC</name>
        <description><![CDATA[<div><div><span><b>Altitude:</b></span> <span>2,100 ft</span></div>
<div><span><b>Speed:</b></span> <span>92 kt</span></div>
<div><span><b>Heading:</b></span> <span>115&deg;</span></div>
</div>]]></description>
        <TimeStamp>
          <when>2025-11-07T06:45:55+00:00</when>
        </TimeStamp>
        <Style>
          <IconStyle>
            <heading>115</heading>
            <Icon>
              <href>http://maps.google.com/mapfiles/kml/shapes/airports.png</href>
            </Icon>
          </IconStyle>
        </Style>
        <Point>
          <altitudeMode>absolute</altitudeMode>
          <coordinates>18.397751,-34.119625,640.08</coordinates>
        </Point>
      </Placemark>
      <Placemark>
        <name>2025-11-07 06:45:57 UTC</name>
        <description><![CDATA[<div><div><span><b>Altitude:</b></span> <span>2,100 ft</span></div>
<div><span><b>Speed:</b></span> <span>89 kt</span></div>
<div><span><b>Heading:</b></span> <span>115&deg;</span></div>
</div>]]></description>
        <TimeStamp>
          <when>2025-11-07T06:45:57+00:00</when>
        </TimeStamp>
        <Style>
          <IconStyle>
            <heading>115</heading>
            <Icon>
              <href>http://maps.google.com/mapfiles/kml/shapes/airports.png</href>
            </Icon>
          </IconStyle>
        </Style>
        <Point>
          <altitudeMode>absolute</altitudeMode>
          <coordinates>18.398838,-34.120045,640.08</coordinates>
        </Point>
      </Placemark>
      <Placemark>
        <name>2025-11-07 06:45:59 UTC</name>
        <description><![CDATA[<div><div><span><b>Altitude:</b></span> <span>2,100 ft</span></div>
<div><span><b>Speed:</b></span> <span>89 kt</span></div>
<div><span><b>Heading:</b></span> <span>115&deg;</span></div>
</div>]]></description>
        <TimeStamp>
          <when>2025-11-07T06:45:59+00:00</when>
        </TimeStamp>
        <Style>
          <IconStyle>
            <heading>115</heading>
            <Icon>
              <href>http://maps.google.com/mapfiles/kml/shapes/airports.png</href>
            </Icon>
          </IconStyle>
        </Style>
        <Point>
          <altitudeMode>absolute</altitudeMode>
          <coordinates>18.400097,-34.120556,640.08</coordinates>
        </Point>
      </Placemark>
      <Placemark>
        <name>2025-11-07 06:46:08 UTC</name>
        <description><![CDATA[<div><div><span><b>Altitude:</b></span> <span>2,100 ft</span></div>
<div><span><b>Speed:</b></span> <span>88 kt</span></div>
<div><span><b>Heading:</b></span> <span>116&deg;</span></div>
</div>]]></description>
        <TimeStamp>
          <when>2025-11-07T06:46:08+00:00</when>
        </TimeStamp>
        <Style>
          <IconStyle>
            <heading>116</heading>
            <Icon>
              <href>http://maps.google.com/mapfiles/kml/shapes/airports.png</href>
            </Icon>
          </IconStyle>
        </Style>
        <Point>
          <altitudeMode>absolute</altitudeMode>
          <coordinates>18.403837,-34.122116,640.08</coordinates>
        </Point>
      </Placemark>
      <Placemark>
        <name>2025-11-07 06:46:10 UTC</name>
        <description><![CDATA[<div><div><span><b>Altitude:</b></span> <span>2,100 ft</span></div>
<div><span><b>Speed:</b></span> <span>88 kt</span></div>
<div><span><b>Heading:</b></span> <span>117&deg;</span></div>
</div>]]></description>
        <TimeStamp>
          <when>2025-11-07T06:46:10+00:00</when>
        </TimeStamp>
        <Style>
          <IconStyle>
            <heading>117</heading>
            <Icon>
              <href>http://maps.google.com/mapfiles/kml/shapes/airports.png</href>
            </Icon>
          </IconStyle>
        </Style>
        <Point>
          <altitudeMode>absolute</altitudeMode>
          <coordinates>18.404732,-34.122513,640.08</coordinates>
        </Point>
      </Placemark>
      <Placemark>
        <name>2025-11-07 06:46:14 UTC</name>
        <description><![CDATA[<div><div><span><b>Altitude:</b></span> <span>2,200 ft</span></div>
<div><span><b>Speed:</b></span> <span>86 kt</span></div>
<div><span><b>Heading:</b></span> <span>116&deg;</span></div>
</div>]]></description>
        <TimeStamp>
          <when>2025-11-07T06:46:14+00:00</when>
        </TimeStamp>
        <Style>
          <IconStyle>
            <heading>116</heading>
            <Icon>
              <href>http://maps.google.com/mapfiles/kml/shapes/airports.png</href>
            </Icon>
          </IconStyle>
        </Style>
        <Point>
          <altitudeMode>absolute</altitudeMode>
          <coordinates>18.406528,-34.12326,670.56</coordinates>
        </Point>
      </Placemark>
      <Placemark>
        <name>2025-11-07 06:46:16 UTC</name>
        <description><![CDATA[<div><div><span><b>Altitude:</b></span> <span>2,200 ft</span></div>
<div><span><b>Speed:</b></span> <span>85 kt</span></div>
<div><span><b>Heading:</b></span> <span>117&deg;</span></div>
</div>]]></description>
        <TimeStamp>
          <when>2025-11-07T06:46:16+00:00</when>
        </TimeStamp>
        <Style>
          <IconStyle>
            <heading>117</heading>
            <Icon>
              <href>http://maps.google.com/mapfiles/kml/shapes/airports.png</href>
            </Icon>
          </IconStyle>
        </Style>
        <Point>
          <altitudeMode>absolute</altitudeMode>
          <coordinates>18.407421,-34.123676,670.56</coordinates>
        </Point>
      </Placemark>
      <Placemark>
        <name>2025-11-07 06:46:18 UTC</name>
        <description><![CDATA[<div><div><span><b>Altitude:</b></span> <span>2,200 ft</span></div>
<div><span><b>Speed:</b></span> <span>84 kt</span></div>
<div><span><b>Heading:</b></span> <span>117&deg;</span></div>
</div>]]></description>
        <TimeStamp>
          <when>2025-11-07T06:46:18+00:00</when>
        </TimeStamp>
        <Style>
          <IconStyle>
            <heading>117</heading>
            <Icon>
              <href>http://maps.google.com/mapfiles/kml/shapes/airports.png</href>
            </Icon>
          </IconStyle>
        </Style>
        <Point>
          <altitudeMode>absolute</altitudeMode>
          <coordinates>18.408321,-34.124039,670.56</coordinates>
        </Point>
      </Placemark>
      <Placemark>
        <name>2025-11-07 06:46:27 UTC</name>
        <description><![CDATA[<div><div><span><b>Altitude:</b></span> <span>2,100 ft</span></div>
<div><span><b>Speed:</b></span> <span>85 kt</span></div>
<div><span><b>Heading:</b></span> <span>117&deg;</span></div>
</div>]]></description>
        <TimeStamp>
          <when>2025-11-07T06:46:27+00:00</when>
        </TimeStamp>
        <Style>
          <IconStyle>
            <heading>117</heading>
            <Icon>
              <href>http://maps.google.com/mapfiles/kml/shapes/airports.png</href>
            </Icon>
          </IconStyle>
        </Style>
        <Point>
          <altitudeMode>absolute</altitudeMode>
          <coordinates>18.411964,-34.125595,640.08</coordinates>
        </Point>
      </Placemark>
      <Placemark>
        <name>2025-11-07 06:46:33 UTC</name>
        <description><![CDATA[<div><div><span><b>Altitude:</b></span> <span>2,100 ft</span></div>
<div><span><b>Speed:</b></span> <span>86 kt</span></div>
<div><span><b>Heading:</b></span> <span>117&deg;</span></div>
</div>]]></description>
        <TimeStamp>
          <when>2025-11-07T06:46:33+00:00</when>
        </TimeStamp>
        <Style>
          <IconStyle>
            <heading>117</heading>
            <Icon>
              <href>http://maps.google.com/mapfiles/kml/shapes/airports.png</href>
            </Icon>
          </IconStyle>
        </Style>
        <Point>
          <altitudeMode>absolute</altitudeMode>
          <coordinates>18.414631,-34.126793,640.08</coordinates>
        </Point>
      </Placemark>
      <Placemark>
        <name>2025-11-07 06:46:40 UTC</name>
        <description><![CDATA[<div><div><span><b>Altitude:</b></span> <span>2,100 ft</span></div>
<div><span><b>Speed:</b></span> <span>86 kt</span></div>
<div><span><b>Heading:</b></span> <span>117&deg;</span></div>
</div>]]></description>
        <TimeStamp>
          <when>2025-11-07T06:46:40+00:00</when>
        </TimeStamp>
        <Style>
          <IconStyle>
            <heading>117</heading>
            <Icon>
              <href>http://maps.google.com/mapfiles/kml/shapes/airports.png</href>
            </Icon>
          </IconStyle>
        </Style>
        <Point>
          <altitudeMode>absolute</altitudeMode>
          <coordinates>18.417625,-34.128067,640.08</coordinates>
        </Point>
      </Placemark>
      <Placemark>
        <name>2025-11-07 06:46:49 UTC</name>
        <description><![CDATA[<div><div><span><b>Altitude:</b></span> <span>2,100 ft</span></div>
<div><span><b>Speed:</b></span> <span>87 kt</span></div>
<div><span><b>Heading:</b></span> <span>116&deg;</span></div>
</div>]]></description>
        <TimeStamp>
          <when>2025-11-07T06:46:49+00:00</when>
        </TimeStamp>
        <Style>
          <IconStyle>
            <heading>116</heading>
            <Icon>
              <href>http://maps.google.com/mapfiles/kml/shapes/airports.png</href>
            </Icon>
          </IconStyle>
        </Style>
        <Point>
          <altitudeMode>absolute</altitudeMode>
          <coordinates>18.42127,-34.129623,640.08</coordinates>
        </Point>
      </Placemark>
      <Placemark>
        <name>2025-11-07 06:46:57 UTC</name>
        <description><![CDATA[<div><div><span><b>Altitude:</b></span> <span>2,100 ft</span></div>
<div><span><b>Speed:</b></span> <span>86 kt</span></div>
<div><span><b>Heading:</b></span> <span>115&deg;</span></div>
</div>]]></description>
        <TimeStamp>
          <when>2025-11-07T06:46:57+00:00</when>
        </TimeStamp>
        <Style>
          <IconStyle>
            <heading>115</heading>
            <Icon>
              <href>http://maps.google.com/mapfiles/kml/shapes/airports.png</href>
            </Icon>
          </IconStyle>
        </Style>
        <Point>
          <altitudeMode>absolute</altitudeMode>
          <coordinates>18.425081,-34.131134,640.08</coordinates>
        </Point>
      </Placemark>
      <Placemark>
        <name>2025-11-07 06:47:06 UTC</name>
        <description><![CDATA[<div><div><span><b>Altitude:</b></span> <span>2,100 ft</span></div>
<div><span><b>Speed:</b></span> <span>85 kt</span></div>
<div><span><b>Heading:</b></span> <span>114&deg;</span></div>
</div>]]></description>
        <TimeStamp>
          <when>2025-11-07T06:47:06+00:00</when>
        </TimeStamp>
        <Style>
          <IconStyle>
            <heading>114</heading>
            <Icon>
              <href>http://maps.google.com/mapfiles/kml/shapes/airports.png</href>
            </Icon>
          </IconStyle>
        </Style>
        <Point>
          <altitudeMode>absolute</altitudeMode>
          <coordinates>18.42865,-34.132519,640.08</coordinates>
        </Point>
      </Placemark>
      <Placemark>
        <name>2025-11-07 06:47:15 UTC</name>
        <description><![CDATA[<div><div><span><b>Altitude:</b></span> <span>2,100 ft</span></div>
<div><span><b>Speed:</b></span> <span>85 kt</span></div>
<div><span><b>Heading:</b></span> <span>114&deg;</span></div>
</div>]]></description>
        <TimeStamp>
          <when>2025-11-07T06:47:15+00:00</when>
        </TimeStamp>
        <Style>
          <IconStyle>
            <heading>114</heading>
            <Icon>
              <href>http://maps.google.com/mapfiles/kml/shapes/airports.png</href>
            </Icon>
          </IconStyle>
        </Style>
        <Point>
          <altitudeMode>absolute</altitudeMode>
          <coordinates>18.432484,-34.13401,640.08</coordinates>
        </Point>
      </Placemark>
      <Placemark>
        <name>2025-11-07 06:47:21 UTC</name>
        <description><![CDATA[<div><div><span><b>Altitude:</b></span> <span>2,100 ft</span></div>
<div><span><b>Speed:</b></span> <span>83 kt</span></div>
<div><span><b>Heading:</b></span> <span>111&deg;</span></div>
</div>]]></description>
        <TimeStamp>
          <when>2025-11-07T06:47:21+00:00</when>
        </TimeStamp>
        <Style>
          <IconStyle>
            <heading>111</heading>
            <Icon>
              <href>http://maps.google.com/mapfiles/kml/shapes/airports.png</href>
            </Icon>
          </IconStyle>
        </Style>
        <Point>
          <altitudeMode>absolute</altitudeMode>
          <coordinates>18.435287,-34.134987,640.08</coordinates>
        </Point>
      </Placemark>
      <Placemark>
        <name>2025-11-07 06:47:23 UTC</name>
        <description><![CDATA[<div><div><span><b>Altitude:</b></span> <span>2,100 ft</span></div>
<div><span><b>Speed:</b></span> <span>83 kt</span></div>
<div><span><b>Heading:</b></span> <span>109&deg;</span></div>
</div>]]></description>
        <TimeStamp>
          <when>2025-11-07T06:47:23+00:00</when>
        </TimeStamp>
        <Style>
          <IconStyle>
            <heading>109</heading>
            <Icon>
              <href>http://maps.google.com/mapfiles/kml/shapes/airports.png</href>
            </Icon>
          </IconStyle>
        </Style>
        <Point>
          <altitudeMode>absolute</altitudeMode>
          <coordinates>18.436031,-34.13522,640.08</coordinates>
        </Point>
      </Placemark>
      <Placemark>
        <name>2025-11-07 06:47:25 UTC</name>
        <description><![CDATA[<div><div><span><b>Altitude:</b></span> <span>2,100 ft</span></div>
<div><span><b>Speed:</b></span> <span>83 kt</span></div>
<div><span><b>Heading:</b></span> <span>106&deg;</span></div>
</div>]]></description>
        <TimeStamp>
          <when>2025-11-07T06:47:25+00:00</when>
        </TimeStamp>
        <Style>
          <IconStyle>
            <heading>106</heading>
            <Icon>
              <href>http://maps.google.com/mapfiles/kml/shapes/airports.png</href>
            </Icon>
          </IconStyle>
        </Style>
        <Point>
          <altitudeMode>absolute</altitudeMode>
          <coordinates>18.437189,-34.135529,640.08</coordinates>
        </Point>
      </Placemark>
      <Placemark>
        <name>2025-11-07 06:47:27 UTC</name>
        <description><![CDATA[<div><div><span><b>Altitude:</b></span> <span>2,100 ft</span></div>
<div><span><b>Speed:</b></span> <span>84 kt</span></div>
<div><span><b>Heading:</b></span> <span>100&deg;</span></div>
</div>]]></description>
        <TimeStamp>
          <when>2025-11-07T06:47:27+00:00</when>
        </TimeStamp>
        <Style>
          <IconStyle>
            <heading>100</heading>
            <Icon>
              <href>http://maps.google.com/mapfiles/kml/shapes/airports.png</href>
            </Icon>
          </IconStyle>
        </Style>
        <Point>
          <altitudeMode>absolute</altitudeMode>
          <coordinates>18.438148,-34.135731,640.08</coordinates>
        </Point>
      </Placemark>
      <Placemark>
        <name>2025-11-07 06:47:30 UTC</name>
        <description><![CDATA[<div><div><span><b>Altitude:</b></span> <span>2,100 ft</span></div>
<div><span><b>Speed:</b></span> <span>84 kt</span></div>
<div><span><b>Heading:</b></span> <span>96&deg;</span></div>
</div>]]></description>
        <TimeStamp>
          <when>2025-11-07T06:47:30+00:00</when>
        </TimeStamp>
        <Style>
          <IconStyle>
            <heading>96</heading>
            <Icon>
              <href>http://maps.google.com/mapfiles/kml/shapes/airports.png</href>
            </Icon>
          </IconStyle>
        </Style>
        <Point>
          <altitudeMode>absolute</altitudeMode>
          <coordinates>18.43915,-34.135849,640.08</coordinates>
        </Point>
      </Placemark>
      <Placemark>
        <name>2025-11-07 06:47:32 UTC</name>
        <description><![CDATA[<div><div><span><b>Altitude:</b></span> <span>2,100 ft</span></div>
<div><span><b>Speed:</b></span> <span>86 kt</span></div>
<div><span><b>Heading:</b></span> <span>89&deg;</span></div>
</div>]]></description>
        <TimeStamp>
          <when>2025-11-07T06:47:32+00:00</when>
        </TimeStamp>
        <Style>
          <IconStyle>
            <heading>89</heading>
            <Icon>
              <href>http://maps.google.com/mapfiles/kml/shapes/airports.png</href>
            </Icon>
          </IconStyle>
        </Style>
        <Point>
          <altitudeMode>absolute</altitudeMode>
          <coordinates>18.440327,-34.135849,640.08</coordinates>
        </Point>
      </Placemark>
      <Placemark>
        <name>2025-11-07 06:47:34 UTC</name>
        <description><![CDATA[<div><div><span><b>Altitude:</b></span> <span>2,100 ft</span></div>
<div><span><b>Speed:</b></span> <span>87 kt</span></div>
<div><span><b>Heading:</b></span> <span>84&deg;</span></div>
</div>]]></description>
        <TimeStamp>
          <when>2025-11-07T06:47:34+00:00</when>
        </TimeStamp>
        <Style>
          <IconStyle>
            <heading>84</heading>
            <Icon>
              <href>http://maps.google.com/mapfiles/kml/shapes/airports.png</href>
            </Icon>
          </IconStyle>
        </Style>
        <Point>
          <altitudeMode>absolute</altitudeMode>
          <coordinates>18.441296,-34.135777,640.08</coordinates>
        </Point>
      </Placemark>
      <Placemark>
        <name>2025-11-07 06:47:37 UTC</name>
        <description><![CDATA[<div><div><span><b>Altitude:</b></span> <span>2,100 ft</span></div>
<div><span><b>Speed:</b></span> <span>89 kt</span></div>
<div><span><b>Heading:</b></span> <span>79&deg;</span></div>
</div>]]></description>
        <TimeStamp>
          <when>2025-11-07T06:47:37+00:00</when>
        </TimeStamp>
        <Style>
          <IconStyle>
            <heading>79</heading>
            <Icon>
              <href>http://maps.google.com/mapfiles/kml/shapes/airports.png</href>
            </Icon>
          </IconStyle>
        </Style>
        <Point>
          <altitudeMode>absolute</altitudeMode>
          <coordinates>18.442497,-34.135639,640.08</coordinates>
        </Point>
      </Placemark>
      <Placemark>
        <name>2025-11-07 06:47:39 UTC</name>
        <description><![CDATA[<div><div><span><b>Altitude:</b></span> <span>2,100 ft</span></div>
<div><span><b>Speed:</b></span> <span>90 kt</span></div>
<div><span><b>Heading:</b></span> <span>77&deg;</span></div>
</div>]]></description>
        <TimeStamp>
          <when>2025-11-07T06:47:39+00:00</when>
        </TimeStamp>
        <Style>
          <IconStyle>
            <heading>77</heading>
            <Icon>
              <href>http://maps.google.com/mapfiles/kml/shapes/airports.png</href>
            </Icon>
          </IconStyle>
        </Style>
        <Point>
          <altitudeMode>absolute</altitudeMode>
          <coordinates>18.443756,-34.135406,640.08</coordinates>
        </Point>
      </Placemark>
      <Placemark>
        <name>2025-11-07 06:47:42 UTC</name>
        <description><![CDATA[<div><div><span><b>Altitude:</b></span> <span>2,100 ft</span></div>
<div><span><b>Speed:</b></span> <span>92 kt</span></div>
<div><span><b>Heading:</b></span> <span>72&deg;</span></div>
</div>]]></description>
        <TimeStamp>
          <when>2025-11-07T06:47:42+00:00</when>
        </TimeStamp>
        <Style>
          <IconStyle>
            <heading>72</heading>
            <Icon>
              <href>http://maps.google.com/mapfiles/kml/shapes/airports.png</href>
            </Icon>
          </IconStyle>
        </Style>
        <Point>
          <altitudeMode>absolute</altitudeMode>
          <coordinates>18.444729,-34.135174,640.08</coordinates>
        </Point>
      </Placemark>
      <Placemark>
        <name>2025-11-07 06:47:44 UTC</name>
        <description><![CDATA[<div><div><span><b>Altitude:</b></span> <span>2,100 ft</span></div>
<div><span><b>Speed:</b></span> <span>93 kt</span></div>
<div><span><b>Heading:</b></span> <span>69&deg;</span></div>
</div>]]></description>
        <TimeStamp>
          <when>2025-11-07T06:47:44+00:00</when>
        </TimeStamp>
        <Style>
          <IconStyle>
            <heading>69</heading>
            <Icon>
              <href>http://maps.google.com/mapfiles/kml/shapes/airports.png</href>
            </Icon>
          </IconStyle>
        </Style>
        <Point>
          <altitudeMode>absolute</altitudeMode>
          <coordinates>18.44599,-34.134796,640.08</coordinates>
        </Point>
      </Placemark>
      <Placemark>
        <name>2025-11-07 06:47:46 UTC</name>
        <description><![CDATA[<div><div><span><b>Altitude:</b></span> <span>2,100 ft</span></div>
<div><span><b>Speed:</b></span> <span>93 kt</span></div>
<div><span><b>Heading:</b></span> <span>67&deg;</span></div>
</div>]]></description>
        <TimeStamp>
          <when>2025-11-07T06:47:46+00:00</when>
        </TimeStamp>
        <Style>
          <IconStyle>
            <heading>67</heading>
            <Icon>
              <href>http://maps.google.com/mapfiles/kml/shapes/airports.png</href>
            </Icon>
          </IconStyle>
        </Style>
        <Point>
          <altitudeMode>absolute</altitudeMode>
          <coordinates>18.44696,-34.134476,640.08</coordinates>
        </Point>
      </Placemark>
      <Placemark>
        <name>2025-11-07 06:47:48 UTC</name>
        <description><![CDATA[<div><div><span><b>Altitude:</b></span> <span>2,100 ft</span></div>
<div><span><b>Speed:</b></span> <span>94 kt</span></div>
<div><span><b>Heading:</b></span> <span>65&deg;</span></div>
</div>]]></description>
        <TimeStamp>
          <when>2025-11-07T06:47:48+00:00</when>
        </TimeStamp>
        <Style>
          <IconStyle>
            <heading>65</heading>
            <Icon>
              <href>http://maps.google.com/mapfiles/kml/shapes/airports.png</href>
            </Icon>
          </IconStyle>
        </Style>
        <Point>
          <altitudeMode>absolute</altitudeMode>
          <coordinates>18.448219,-34.13401,640.08</coordinates>
        </Point>
      </Placemark>
      <Placemark>
        <name>2025-11-07 06:47:50 UTC</name>
        <description><![CDATA[<div><div><span><b>Altitude:</b></span> <span>2,100 ft</span></div>
<div><span><b>Speed:</b></span> <span>95 kt</span></div>
<div><span><b>Heading:</b></span> <span>63&deg;</span></div>
</div>]]></description>
        <TimeStamp>
          <when>2025-11-07T06:47:50+00:00</when>
        </TimeStamp>
        <Style>
          <IconStyle>
            <heading>63</heading>
            <Icon>
              <href>http://maps.google.com/mapfiles/kml/shapes/airports.png</href>
            </Icon>
          </IconStyle>
        </Style>
        <Point>
          <altitudeMode>absolute</altitudeMode>
          <coordinates>18.449192,-34.133636,640.08</coordinates>
        </Point>
      </Placemark>
      <Placemark>
        <name>2025-11-07 06:47:52 UTC</name>
        <description><![CDATA[<div><div><span><b>Altitude:</b></span> <span>2,100 ft</span></div>
<div><span><b>Speed:</b></span> <span>95 kt</span></div>
<div><span><b>Heading:</b></span> <span>62&deg;</span></div>
</div>]]></description>
        <TimeStamp>
          <when>2025-11-07T06:47:52+00:00</when>
        </TimeStamp>
        <Style>
          <IconStyle>
            <heading>62</heading>
            <Icon>
              <href>http://maps.google.com/mapfiles/kml/shapes/airports.png</href>
            </Icon>
          </IconStyle>
        </Style>
        <Point>
          <altitudeMode>absolute</altitudeMode>
          <coordinates>18.450081,-34.13324,640.08</coordinates>
        </Point>
      </Placemark>
      <Placemark>
        <name>2025-11-07 06:47:55 UTC</name>
        <description><![CDATA[<div><div><span><b>Altitude:</b></span> <span>2,100 ft</span></div>
<div><span><b>Speed:</b></span> <span>97 kt</span></div>
<div><span><b>Heading:</b></span> <span>61&deg;</span></div>
</div>]]></description>
        <TimeStamp>
          <when>2025-11-07T06:47:55+00:00</when>
        </TimeStamp>
        <Style>
          <IconStyle>
            <heading>61</heading>
            <Icon>
              <href>http://maps.google.com/mapfiles/kml/shapes/airports.png</href>
            </Icon>
          </IconStyle>
        </Style>
        <Point>
          <altitudeMode>absolute</altitudeMode>
          <coordinates>18.451023,-34.132797,640.08</coordinates>
        </Point>
      </Placemark>
      <Placemark>
        <name>2025-11-07 06:47:57 UTC</name>
        <description><![CDATA[<div><div><span><b>Altitude:</b></span> <span>2,100 ft</span></div>
<div><span><b>Speed:</b></span> <span>97 kt</span></div>
<div><span><b>Heading:</b></span> <span>60&deg;</span></div>
</div>]]></description>
        <TimeStamp>
          <when>2025-11-07T06:47:57+00:00</when>
        </TimeStamp>
        <Style>
          <IconStyle>
            <heading>60</heading>
            <Icon>
              <href>http://maps.google.com/mapfiles/kml/shapes/airports.png</href>
            </Icon>
          </IconStyle>
        </Style>
        <Point>
          <altitudeMode>absolute</altitudeMode>
          <coordinates>18.452211,-34.132278,640.08</coordinates>
        </Point>
      </Placemark>
      <Placemark>
        <name>2025-11-07 06:47:59 UTC</name>
        <description><![CDATA[<div><div><span><b>Altitude:</b></span> <span>2,100 ft</span></div>
<div><span><b>Speed:</b></span> <span>98 kt</span></div>
<div><span><b>Heading:</b></span> <span>60&deg;</span></div>
</div>]]></description>
        <TimeStamp>
          <when>2025-11-07T06:47:59+00:00</when>
        </TimeStamp>
        <Style>
          <IconStyle>
            <heading>60</heading>
            <Icon>
              <href>http://maps.google.com/mapfiles/kml/shapes/airports.png</href>
            </Icon>
          </IconStyle>
        </Style>
        <Point>
          <altitudeMode>absolute</altitudeMode>
          <coordinates>18.453255,-34.131775,640.08</coordinates>
        </Point>
      </Placemark>
      <Placemark>
        <name>2025-11-07 06:48:01 UTC</name>
        <description><![CDATA[<div><div><span><b>Altitude:</b></span> <span>2,100 ft</span></div>
<div><span><b>Speed:</b></span> <span>99 kt</span></div>
<div><span><b>Heading:</b></span> <span>58&deg;</span></div>
</div>]]></description>
        <TimeStamp>
          <when>2025-11-07T06:48:01+00:00</when>
        </TimeStamp>
        <Style>
          <IconStyle>
            <heading>58</heading>
            <Icon>
              <href>http://maps.google.com/mapfiles/kml/shapes/airports.png</href>
            </Icon>
          </IconStyle>
        </Style>
        <Point>
          <altitudeMode>absolute</altitudeMode>
          <coordinates>18.454285,-34.131264,640.08</coordinates>
        </Point>
      </Placemark>
      <Placemark>
        <name>2025-11-07 06:48:03 UTC</name>
        <description><![CDATA[<div><div><span><b>Altitude:</b></span> <span>2,100 ft</span></div>
<div><span><b>Speed:</b></span> <span>99 kt</span></div>
<div><span><b>Heading:</b></span> <span>57&deg;</span></div>
</div>]]></description>
        <TimeStamp>
          <when>2025-11-07T06:48:03+00:00</when>
        </TimeStamp>
        <Style>
          <IconStyle>
            <heading>57</heading>
            <Icon>
              <href>http://maps.google.com/mapfiles/kml/shapes/airports.png</href>
            </Icon>
          </IconStyle>
        </Style>
        <Point>
          <altitudeMode>absolute</altitudeMode>
          <coordinates>18.455372,-34.130703,640.08</coordinates>
        </Point>
      </Placemark>
      <Placemark>
        <name>2025-11-07 06:48:06 UTC</name>
        <description><![CDATA[<div><div><span><b>Altitude:</b></span> <span>2,100 ft</span></div>
<div><span><b>Speed:</b></span> <span>100 kt</span></div>
<div><span><b>Heading:</b></span> <span>56&deg;</span></div>
</div>]]></description>
        <TimeStamp>
          <when>2025-11-07T06:48:06+00:00</when>
        </TimeStamp>
        <Style>
          <IconStyle>
            <heading>56</heading>
            <Icon>
              <href>http://maps.google.com/mapfiles/kml/shapes/airports.png</href>
            </Icon>
          </IconStyle>
        </Style>
        <Point>
          <altitudeMode>absolute</altitudeMode>
          <coordinates>18.456247,-34.130219,640.08</coordinates>
        </Point>
      </Placemark>
      <Placemark>
        <name>2025-11-07 06:48:08 UTC</name>
        <description><![CDATA[<div><div><span><b>Altitude:</b></span> <span>2,100 ft</span></div>
<div><span><b>Speed:</b></span> <span>100 kt</span></div>
<div><span><b>Heading:</b></span> <span>56&deg;</span></div>
</div>]]></description>
        <TimeStamp>
          <when>2025-11-07T06:48:08+00:00</when>
        </TimeStamp>
        <Style>
          <IconStyle>
            <heading>56</heading>
            <Icon>
              <href>http://maps.google.com/mapfiles/kml/shapes/airports.png</href>
            </Icon>
          </IconStyle>
        </Style>
        <Point>
          <altitudeMode>absolute</altitudeMode>
          <coordinates>18.457432,-34.129585,640.08</coordinates>
        </Point>
      </Placemark>
      <Placemark>
        <name>2025-11-07 06:48:10 UTC</name>
        <description><![CDATA[<div><div><span><b>Altitude:</b></span> <span>2,100 ft</span></div>
<div><span><b>Speed:</b></span> <span>100 kt</span></div>
<div><span><b>Heading:</b></span> <span>55&deg;</span></div>
</div>]]></description>
        <TimeStamp>
          <when>2025-11-07T06:48:10+00:00</when>
        </TimeStamp>
        <Style>
          <IconStyle>
            <heading>55</heading>
            <Icon>
              <href>http://maps.google.com/mapfiles/kml/shapes/airports.png</href>
            </Icon>
          </IconStyle>
        </Style>
        <Point>
          <altitudeMode>absolute</altitudeMode>
          <coordinates>18.45829,-34.129074,640.08</coordinates>
        </Point>
      </Placemark>
      <Placemark>
        <name>2025-11-07 06:48:12 UTC</name>
        <description><![CDATA[<div><div><span><b>Altitude:</b></span> <span>2,100 ft</span></div>
<div><span><b>Speed:</b></span> <span>100 kt</span></div>
<div><span><b>Heading:</b></span> <span>54&deg;</span></div>
</div>]]></description>
        <TimeStamp>
          <when>2025-11-07T06:48:12+00:00</when>
        </TimeStamp>
        <Style>
          <IconStyle>
            <heading>54</heading>
            <Icon>
              <href>http://maps.google.com/mapfiles/kml/shapes/airports.png</href>
            </Icon>
          </IconStyle>
        </Style>
        <Point>
          <altitudeMode>absolute</altitudeMode>
          <coordinates>18.459385,-34.128479,640.08</coordinates>
        </Point>
      </Placemark>
      <Placemark>
        <name>2025-11-07 06:48:15 UTC</name>
        <description><![CDATA[<div><div><span><b>Altitude:</b></span> <span>2,100 ft</span></div>
<div><span><b>Speed:</b></span> <span>100 kt</span></div>
<div><span><b>Heading:</b></span> <span>53&deg;</span></div>
</div>]]></description>
        <TimeStamp>
          <when>2025-11-07T06:48:15+00:00</when>
        </TimeStamp>
        <Style>
          <IconStyle>
            <heading>53</heading>
            <Icon>
              <href>http://maps.google.com/mapfiles/kml/shapes/airports.png</href>
            </Icon>
          </IconStyle>
        </Style>
        <Point>
          <altitudeMode>absolute</altitudeMode>
          <coordinates>18.460787,-34.127655,640.08</coordinates>
        </Point>
      </Placemark>
      <Placemark>
        <name>2025-11-07 06:48:17 UTC</name>
        <description><![CDATA[<div><div><span><b>Altitude:</b></span> <span>2,100 ft</span></div>
<div><span><b>Speed:</b></span> <span>101 kt</span></div>
<div><span><b>Heading:</b></span> <span>53&deg;</span></div>
</div>]]></description>
        <TimeStamp>
          <when>2025-11-07T06:48:17+00:00</when>
        </TimeStamp>
        <Style>
          <IconStyle>
            <heading>53</heading>
            <Icon>
              <href>http://maps.google.com/mapfiles/kml/shapes/airports.png</href>
            </Icon>
          </IconStyle>
        </Style>
        <Point>
          <altitudeMode>absolute</altitudeMode>
          <coordinates>18.461666,-34.127071,640.08</coordinates>
        </Point>
      </Placemark>
      <Placemark>
        <name>2025-11-07 06:48:19 UTC</name>
        <description><![CDATA[<div><div><span><b>Altitude:</b></span> <span>2,100 ft</span></div>
<div><span><b>Speed:</b></span> <span>100 kt</span></div>
<div><span><b>Heading:</b></span> <span>51&deg;</span></div>
</div>]]></description>
        <TimeStamp>
          <when>2025-11-07T06:48:19+00:00</when>
        </TimeStamp>
        <Style>
          <IconStyle>
            <heading>51</heading>
            <Icon>
              <href>http://maps.google.com/mapfiles/kml/shapes/airports.png</href>
            </Icon>
          </IconStyle>
        </Style>
        <Point>
          <altitudeMode>absolute</altitudeMode>
          <coordinates>18.462524,-34.12656,640.08</coordinates>
        </Point>
      </Placemark>
      <Placemark>
        <name>2025-11-07 06:48:21 UTC</name>
        <description><![CDATA[<div><div><span><b>Altitude:</b></span> <span>2,100 ft</span></div>
<div><span><b>Speed:</b></span> <span>101 kt</span></div>
<div><span><b>Heading:</b></span> <span>51&deg;</span></div>
</div>]]></description>
        <TimeStamp>
          <when>2025-11-07T06:48:21+00:00</when>
        </TimeStamp>
        <Style>
          <IconStyle>
            <heading>51</heading>
            <Icon>
              <href>http://maps.google.com/mapfiles/kml/shapes/airports.png</href>
            </Icon>
          </IconStyle>
        </Style>
        <Point>
          <altitudeMode>absolute</altitudeMode>
          <coordinates>18.463589,-34.125824,640.08</coordinates>
        </Point>
      </Placemark>
      <Placemark>
        <name>2025-11-07 06:48:24 UTC</name>
        <description><![CDATA[<div><div><span><b>Altitude:</b></span> <span>2,100 ft</span></div>
<div><span><b>Speed:</b></span> <span>100 kt</span></div>
<div><span><b>Heading:</b></span> <span>50&deg;</span></div>
</div>]]></description>
        <TimeStamp>
          <when>2025-11-07T06:48:24+00:00</when>
        </TimeStamp>
        <Style>
          <IconStyle>
            <heading>50</heading>
            <Icon>
              <href>http://maps.google.com/mapfiles/kml/shapes/airports.png</href>
            </Icon>
          </IconStyle>
        </Style>
        <Point>
          <altitudeMode>absolute</altitudeMode>
          <coordinates>18.464598,-34.125183,640.08</coordinates>
        </Point>
      </Placemark>
      <Placemark>
        <name>2025-11-07 06:48:26 UTC</name>
        <description><![CDATA[<div><div><span><b>Altitude:</b></span> <span>2,100 ft</span></div>
<div><span><b>Speed:</b></span> <span>102 kt</span></div>
<div><span><b>Heading:</b></span> <span>49&deg;</span></div>
</div>]]></description>
        <TimeStamp>
          <when>2025-11-07T06:48:26+00:00</when>
        </TimeStamp>
        <Style>
          <IconStyle>
            <heading>49</heading>
            <Icon>
              <href>http://maps.google.com/mapfiles/kml/shapes/airports.png</href>
            </Icon>
          </IconStyle>
        </Style>
        <Point>
          <altitudeMode>absolute</altitudeMode>
          <coordinates>18.465607,-34.124451,640.08</coordinates>
        </Point>
      </Placemark>
      <Placemark>
        <name>2025-11-07 06:48:28 UTC</name>
        <description><![CDATA[<div><div><span><b>Altitude:</b></span> <span>2,100 ft</span></div>
<div><span><b>Speed:</b></span> <span>102 kt</span></div>
<div><span><b>Heading:</b></span> <span>46&deg;</span></div>
</div>]]></description>
        <TimeStamp>
          <when>2025-11-07T06:48:28+00:00</when>
        </TimeStamp>
        <Style>
          <IconStyle>
            <heading>46</heading>
            <Icon>
              <href>http://maps.google.com/mapfiles/kml/shapes/airports.png</href>
            </Icon>
          </IconStyle>
        </Style>
        <Point>
          <altitudeMode>absolute</altitudeMode>
          <coordinates>18.466473,-34.123814,640.08</coordinates>
        </Point>
      </Placemark>
      <Placemark>
        <name>2025-11-07 06:48:31 UTC</name>
        <description><![CDATA[<div><div><span><b>Altitude:</b></span> <span>2,100 ft</span></div>
<div><span><b>Speed:</b></span> <span>104 kt</span></div>
<div><span><b>Heading:</b></span> <span>41&deg;</span></div>
</div>]]></description>
        <TimeStamp>
          <when>2025-11-07T06:48:31+00:00</when>
        </TimeStamp>
        <Style>
          <IconStyle>
            <heading>41</heading>
            <Icon>
              <href>http://maps.google.com/mapfiles/kml/shapes/airports.png</href>
            </Icon>
          </IconStyle>
        </Style>
        <Point>
          <altitudeMode>absolute</altitudeMode>
          <coordinates>18.467388,-34.123024,640.08</coordinates>
        </Point>
      </Placemark>
      <Placemark>
        <name>2025-11-07 06:48:33 UTC</name>
        <description><![CDATA[<div><div><span><b>Altitude:</b></span> <span>2,100 ft</span></div>
<div><span><b>Speed:</b></span> <span>106 kt</span></div>
<div><span><b>Heading:</b></span> <span>37&deg;</span></div>
</div>]]></description>
        <TimeStamp>
          <when>2025-11-07T06:48:33+00:00</when>
        </TimeStamp>
        <Style>
          <IconStyle>
            <heading>37</heading>
            <Icon>
              <href>http://maps.google.com/mapfiles/kml/shapes/airports.png</href>
            </Icon>
          </IconStyle>
        </Style>
        <Point>
          <altitudeMode>absolute</altitudeMode>
          <coordinates>18.468353,-34.121979,640.08</coordinates>
        </Point>
      </Placemark>
      <Placemark>
        <name>2025-11-07 06:48:35 UTC</name>
        <description><![CDATA[<div><div><span><b>Altitude:</b></span> <span>2,100 ft</span></div>
<div><span><b>Speed:</b></span> <span>107 kt</span></div>
<div><span><b>Heading:</b></span> <span>34&deg;</span></div>
</div>]]></description>
        <TimeStamp>
          <when>2025-11-07T06:48:35+00:00</when>
        </TimeStamp>
        <Style>
          <IconStyle>
            <heading>34</heading>
            <Icon>
              <href>http://maps.google.com/mapfiles/kml/shapes/airports.png</href>
            </Icon>
          </IconStyle>
        </Style>
        <Point>
          <altitudeMode>absolute</altitudeMode>
          <coordinates>18.468933,-34.121346,640.08</coordinates>
        </Point>
      </Placemark>
      <Placemark>
        <name>2025-11-07 06:48:37 UTC</name>
        <description><![CDATA[<div><div><span><b>Altitude:</b></span> <span>2,100 ft</span></div>
<div><span><b>Speed:</b></span> <span>108 kt</span></div>
<div><span><b>Heading:</b></span> <span>30&deg;</span></div>
</div>]]></description>
        <TimeStamp>
          <when>2025-11-07T06:48:37+00:00</when>
        </TimeStamp>
        <Style>
          <IconStyle>
            <heading>30</heading>
            <Icon>
              <href>http://maps.google.com/mapfiles/kml/shapes/airports.png</href>
            </Icon>
          </IconStyle>
        </Style>
        <Point>
          <altitudeMode>absolute</altitudeMode>
          <coordinates>18.469587,-34.120468,640.08</coordinates>
        </Point>
      </Placemark>
      <Placemark>
        <name>2025-11-07 06:48:39 UTC</name>
        <description><![CDATA[<div><div><span><b>Altitude:</b></span> <span>2,100 ft</span></div>
<div><span><b>Speed:</b></span> <span>108 kt</span></div>
<div><span><b>Heading:</b></span> <span>27&deg;</span></div>
</div>]]></description>
        <TimeStamp>
          <when>2025-11-07T06:48:39+00:00</when>
        </TimeStamp>
        <Style>
          <IconStyle>
            <heading>27</heading>
            <Icon>
              <href>http://maps.google.com/mapfiles/kml/shapes/airports.png</href>
            </Icon>
          </IconStyle>
        </Style>
        <Point>
          <altitudeMode>absolute</altitudeMode>
          <coordinates>18.470306,-34.119392,640.08</coordinates>
        </Point>
      </Placemark>
      <Placemark>
        <name>2025-11-07 06:48:42 UTC</name>
        <description><![CDATA[<div><div><span><b>Altitude:</b></span> <span>2,100 ft</span></div>
<div><span><b>Speed:</b></span> <span>108 kt</span></div>
<div><span><b>Heading:</b></span> <span>25&deg;</span></div>
</div>]]></description>
        <TimeStamp>
          <when>2025-11-07T06:48:42+00:00</when>
        </TimeStamp>
        <Style>
          <IconStyle>
            <heading>25</heading>
            <Icon>
              <href>http://maps.google.com/mapfiles/kml/shapes/airports.png</href>
            </Icon>
          </IconStyle>
        </Style>
        <Point>
          <altitudeMode>absolute</altitudeMode>
          <coordinates>18.470936,-34.118229,640.08</coordinates>
        </Point>
      </Placemark>
      <Placemark>
        <name>2025-11-07 06:48:44 UTC</name>
        <description><![CDATA[<div><div><span><b>Altitude:</b></span> <span>2,100 ft</span></div>
<div><span><b>Speed:</b></span> <span>110 kt</span></div>
<div><span><b>Heading:</b></span> <span>23&deg;</span></div>
</div>]]></description>
        <TimeStamp>
          <when>2025-11-07T06:48:44+00:00</when>
        </TimeStamp>
        <Style>
          <IconStyle>
            <heading>23</heading>
            <Icon>
              <href>http://maps.google.com/mapfiles/kml/shapes/airports.png</href>
            </Icon>
          </IconStyle>
        </Style>
        <Point>
          <altitudeMode>absolute</altitudeMode>
          <coordinates>18.471437,-34.11731,640.08</coordinates>
        </Point>
      </Placemark>
      <Placemark>
        <name>2025-11-07 06:48:46 UTC</name>
        <description><![CDATA[<div><div><span><b>Altitude:</b></span> <span>2,100 ft</span></div>
<div><span><b>Speed:</b></span> <span>110 kt</span></div>
<div><span><b>Heading:</b></span> <span>21&deg;</span></div>
</div>]]></description>
        <TimeStamp>
          <when>2025-11-07T06:48:46+00:00</when>
        </TimeStamp>
        <Style>
          <IconStyle>
            <heading>21</heading>
            <Icon>
              <href>http://maps.google.com/mapfiles/kml/shapes/airports.png</href>
            </Icon>
          </IconStyle>
        </Style>
        <Point>
          <altitudeMode>absolute</altitudeMode>
          <coordinates>18.471966,-34.116226,640.08</coordinates>
        </Point>
      </Placemark>
      <Placemark>
        <name>2025-11-07 06:48:48 UTC</name>
        <description><![CDATA[<div><div><span><b>Altitude:</b></span> <span>2,100 ft</span></div>
<div><span><b>Speed:</b></span> <span>110 kt</span></div>
<div><span><b>Heading:</b></span> <span>20&deg;</span></div>
</div>]]></description>
        <TimeStamp>
          <when>2025-11-07T06:48:48+00:00</when>
        </TimeStamp>
        <Style>
          <IconStyle>
            <heading>20</heading>
            <Icon>
              <href>http://maps.google.com/mapfiles/kml/shapes/airports.png</href>
            </Icon>
          </IconStyle>
        </Style>
        <Point>
          <altitudeMode>absolute</altitudeMode>
          <coordinates>18.472502,-34.115112,640.08</coordinates>
        </Point>
      </Placemark>
      <Placemark>
        <name>2025-11-07 06:48:51 UTC</name>
        <description><![CDATA[<div><div><span><b>Altitude:</b></span> <span>2,100 ft</span></div>
<div><span><b>Speed:</b></span> <span>112 kt</span></div>
<div><span><b>Heading:</b></span> <span>17&deg;</span></div>
</div>]]></description>
        <TimeStamp>
          <when>2025-11-07T06:48:51+00:00</when>
        </TimeStamp>
        <Style>
          <IconStyle>
            <heading>17</heading>
            <Icon>
              <href>http://maps.google.com/mapfiles/kml/shapes/airports.png</href>
            </Icon>
          </IconStyle>
        </Style>
        <Point>
          <altitudeMode>absolute</altitudeMode>
          <coordinates>18.472939,-34.113899,640.08</coordinates>
        </Point>
      </Placemark>
      <Placemark>
        <name>2025-11-07 06:48:53 UTC</name>
        <description><![CDATA[<div><div><span><b>Altitude:</b></span> <span>2,100 ft</span></div>
<div><span><b>Speed:</b></span> <span>112 kt</span></div>
<div><span><b>Heading:</b></span> <span>14&deg;</span></div>
</div>]]></description>
        <TimeStamp>
          <when>2025-11-07T06:48:53+00:00</when>
        </TimeStamp>
        <Style>
          <IconStyle>
            <heading>14</heading>
            <Icon>
              <href>http://maps.google.com/mapfiles/kml/shapes/airports.png</href>
            </Icon>
          </IconStyle>
        </Style>
        <Point>
          <altitudeMode>absolute</altitudeMode>
          <coordinates>18.473396,-34.112595,640.08</coordinates>
        </Point>
      </Placemark>
      <Placemark>
        <name>2025-11-07 06:48:55 UTC</name>
        <description><![CDATA[<div><div><span><b>Altitude:</b></span> <span>2,100 ft</span></div>
<div><span><b>Speed:</b></span> <span>113 kt</span></div>
<div><span><b>Heading:</b></span> <span>12&deg;</span></div>
</div>]]></description>
        <TimeStamp>
          <when>2025-11-07T06:48:55+00:00</when>
        </TimeStamp>
        <Style>
          <IconStyle>
            <heading>12</heading>
            <Icon>
              <href>http://maps.google.com/mapfiles/kml/shapes/airports.png</href>
            </Icon>
          </IconStyle>
        </Style>
        <Point>
          <altitudeMode>absolute</altitudeMode>
          <coordinates>18.473679,-34.111542,640.08</coordinates>
        </Point>
      </Placemark>
      <Placemark>
        <name>2025-11-07 06:48:58 UTC</name>
        <description><![CDATA[<div><div><span><b>Altitude:</b></span> <span>2,100 ft</span></div>
<div><span><b>Speed:</b></span> <span>114 kt</span></div>
<div><span><b>Heading:</b></span> <span>10&deg;</span></div>
</div>]]></description>
        <TimeStamp>
          <when>2025-11-07T06:48:58+00:00</when>
        </TimeStamp>
        <Style>
          <IconStyle>
            <heading>10</heading>
            <Icon>
              <href>http://maps.google.com/mapfiles/kml/shapes/airports.png</href>
            </Icon>
          </IconStyle>
        </Style>
        <Point>
          <altitudeMode>absolute</altitudeMode>
          <coordinates>18.473911,-34.1105,640.08</coordinates>
        </Point>
      </Placemark>
      <Placemark>
        <name>2025-11-07 06:49:00 UTC</name>
        <description><![CDATA[<div><div><span><b>Altitude:</b></span> <span>2,100 ft</span></div>
<div><span><b>Speed:</b></span> <span>116 kt</span></div>
<div><span><b>Heading:</b></span> <span>8&deg;</span></div>
</div>]]></description>
        <TimeStamp>
          <when>2025-11-07T06:49:00+00:00</when>
        </TimeStamp>
        <Style>
          <IconStyle>
            <heading>8</heading>
            <Icon>
              <href>http://maps.google.com/mapfiles/kml/shapes/airports.png</href>
            </Icon>
          </IconStyle>
        </Style>
        <Point>
          <altitudeMode>absolute</altitudeMode>
          <coordinates>18.474197,-34.109196,640.08</coordinates>
        </Point>
      </Placemark>
      <Placemark>
        <name>2025-11-07 06:49:02 UTC</name>
        <description><![CDATA[<div><div><span><b>Altitude:</b></span> <span>2,100 ft</span></div>
<div><span><b>Speed:</b></span> <span>117 kt</span></div>
<div><span><b>Heading:</b></span> <span>7&deg;</span></div>
</div>]]></description>
        <TimeStamp>
          <when>2025-11-07T06:49:02+00:00</when>
        </TimeStamp>
        <Style>
          <IconStyle>
            <heading>7</heading>
            <Icon>
              <href>http://maps.google.com/mapfiles/kml/shapes/airports.png</href>
            </Icon>
          </IconStyle>
        </Style>
        <Point>
          <altitudeMode>absolute</altitudeMode>
          <coordinates>18.474407,-34.107788,640.08</coordinates>
        </Point>
      </Placemark>
      <Placemark>
        <name>2025-11-07 06:49:04 UTC</name>
        <description><![CDATA[<div><div><span><b>Altitude:</b></span> <span>2,100 ft</span></div>
<div><span><b>Speed:</b></span> <span>118 kt</span></div>
<div><span><b>Heading:</b></span> <span>5&deg;</span></div>
</div>]]></description>
        <TimeStamp>
          <when>2025-11-07T06:49:04+00:00</when>
        </TimeStamp>
        <Style>
          <IconStyle>
            <heading>5</heading>
            <Icon>
              <href>http://maps.google.com/mapfiles/kml/shapes/airports.png</href>
            </Icon>
          </IconStyle>
        </Style>
        <Point>
          <altitudeMode>absolute</altitudeMode>
          <coordinates>18.474598,-34.106636,640.08</coordinates>
        </Point>
      </Placemark>
      <Placemark>
        <name>2025-11-07 06:49:07 UTC</name>
        <description><![CDATA[<div><div><span><b>Altitude:</b></span> <span>2,100 ft</span></div>
<div><span><b>Speed:</b></span> <span>119 kt</span></div>
<div><span><b>Heading:</b></span> <span>5&deg;</span></div>
</div>]]></description>
        <TimeStamp>
          <when>2025-11-07T06:49:07+00:00</when>
        </TimeStamp>
        <Style>
          <IconStyle>
            <heading>5</heading>
            <Icon>
              <href>http://maps.google.com/mapfiles/kml/shapes/airports.png</href>
            </Icon>
          </IconStyle>
        </Style>
        <Point>
          <altitudeMode>absolute</altitudeMode>
          <coordinates>18.474688,-34.105499,640.08</coordinates>
        </Point>
      </Placemark>
      <Placemark>
        <name>2025-11-07 06:49:09 UTC</name>
        <description><![CDATA[<div><div><span><b>Altitude:</b></span> <span>2,100 ft</span></div>
<div><span><b>Speed:</b></span> <span>120 kt</span></div>
<div><span><b>Heading:</b></span> <span>4&deg;</span></div>
</div>]]></description>
        <TimeStamp>
          <when>2025-11-07T06:49:09+00:00</when>
        </TimeStamp>
        <Style>
          <IconStyle>
            <heading>4</heading>
            <Icon>
              <href>http://maps.google.com/mapfiles/kml/shapes/airports.png</href>
            </Icon>
          </IconStyle>
        </Style>
        <Point>
          <altitudeMode>absolute</altitudeMode>
          <coordinates>18.4748,-34.104263,640.08</coordinates>
        </Point>
      </Placemark>
      <Placemark>
        <name>2025-11-07 06:49:11 UTC</name>
        <description><![CDATA[<div><div><span><b>Altitude:</b></span> <span>2,100 ft</span></div>
<div><span><b>Speed:</b></span> <span>121 kt</span></div>
<div><span><b>Heading:</b></span> <span>3&deg;</span></div>
</div>]]></description>
        <TimeStamp>
          <when>2025-11-07T06:49:11+00:00</when>
        </TimeStamp>
        <Style>
          <IconStyle>
            <heading>3</heading>
            <Icon>
              <href>http://maps.google.com/mapfiles/kml/shapes/airports.png</href>
            </Icon>
          </IconStyle>
        </Style>
        <Point>
          <altitudeMode>absolute</altitudeMode>
          <coordinates>18.474913,-34.103165,640.08</coordinates>
        </Point>
      </Placemark>
      <Placemark>
        <name>2025-11-07 06:49:13 UTC</name>
        <description><![CDATA[<div><div><span><b>Altitude:</b></span> <span>2,100 ft</span></div>
<div><span><b>Speed:</b></span> <span>122 kt</span></div>
<div><span><b>Heading:</b></span> <span>2&deg;</span></div>
</div>]]></description>
        <TimeStamp>
          <when>2025-11-07T06:49:13+00:00</when>
        </TimeStamp>
        <Style>
          <IconStyle>
            <heading>2</heading>
            <Icon>
              <href>http://maps.google.com/mapfiles/kml/shapes/airports.png</href>
            </Icon>
          </IconStyle>
        </Style>
        <Point>
          <altitudeMode>absolute</altitudeMode>
          <coordinates>18.474968,-34.101929,640.08</coordinates>
        </Point>
      </Placemark>
      <Placemark>
        <name>2025-11-07 06:49:15 UTC</name>
        <description><![CDATA[<div><div><span><b>Altitude:</b></span> <span>2,100 ft</span></div>
<div><span><b>Speed:</b></span> <span>122 kt</span></div>
<div><span><b>Heading:</b></span> <span>1&deg;</span></div>
</div>]]></description>
        <TimeStamp>
          <when>2025-11-07T06:49:15+00:00</when>
        </TimeStamp>
        <Style>
          <IconStyle>
            <heading>1</heading>
            <Icon>
              <href>http://maps.google.com/mapfiles/kml/shapes/airports.png</href>
            </Icon>
          </IconStyle>
        </Style>
        <Point>
          <altitudeMode>absolute</altitudeMode>
          <coordinates>18.475023,-34.10051,640.08</coordinates>
        </Point>
      </Placemark>
      <Placemark>
        <name>2025-11-07 06:49:18 UTC</name>
        <description><![CDATA[<div><div><span><b>Altitude:</b></span> <span>2,100 ft</span></div>
<div><span><b>Speed:</b></span> <span>124 kt</span></div>
<div><span><b>Heading:</b></span> <span>1&deg;</span></div>
</div>]]></description>
        <TimeStamp>
          <when>2025-11-07T06:49:18+00:00</when>
        </TimeStamp>
        <Style>
          <IconStyle>
            <heading>1</heading>
            <Icon>
              <href>http://maps.google.com/mapfiles/kml/shapes/airports.png</href>
            </Icon>
          </IconStyle>
        </Style>
        <Point>
          <altitudeMode>absolute</altitudeMode>
          <coordinates>18.475056,-34.099236,640.08</coordinates>
        </Point>
      </Placemark>
      <Placemark>
        <name>2025-11-07 06:49:20 UTC</name>
        <description><![CDATA[<div><div><span><b>Altitude:</b></span> <span>2,100 ft</span></div>
<div><span><b>Speed:</b></span> <span>123 kt</span></div>
<div><span><b>Heading:</b></span> <span>1&deg;</span></div>
</div>]]></description>
        <TimeStamp>
          <when>2025-11-07T06:49:20+00:00</when>
        </TimeStamp>
        <Style>
          <IconStyle>
            <heading>1</heading>
            <Icon>
              <href>http://maps.google.com/mapfiles/kml/shapes/airports.png</href>
            </Icon>
          </IconStyle>
        </Style>
        <Point>
          <altitudeMode>absolute</altitudeMode>
          <coordinates>18.475113,-34.097744,640.08</coordinates>
        </Point>
      </Placemark>
      <Placemark>
        <name>2025-11-07 06:49:22 UTC</name>
        <description><![CDATA[<div><div><span><b>Altitude:</b></span> <span>2,100 ft</span></div>
<div><span><b>Speed:</b></span> <span>124 kt</span></div>
<div><span><b>Heading:</b></span> <span>1&deg;</span></div>
</div>]]></description>
        <TimeStamp>
          <when>2025-11-07T06:49:22+00:00</when>
        </TimeStamp>
        <Style>
          <IconStyle>
            <heading>1</heading>
            <Icon>
              <href>http://maps.google.com/mapfiles/kml/shapes/airports.png</href>
            </Icon>
          </IconStyle>
        </Style>
        <Point>
          <altitudeMode>absolute</altitudeMode>
          <coordinates>18.47508,-34.096664,640.08</coordinates>
        </Point>
      </Placemark>
      <Placemark>
        <name>2025-11-07 06:49:25 UTC</name>
        <description><![CDATA[<div><div><span><b>Altitude:</b></span> <span>2,100 ft</span></div>
<div><span><b>Speed:</b></span> <span>125 kt</span></div>
<div><span><b>Heading:</b></span> <span>359&deg;</span></div>
</div>]]></description>
        <TimeStamp>
          <when>2025-11-07T06:49:25+00:00</when>
        </TimeStamp>
        <Style>
          <IconStyle>
            <heading>359</heading>
            <Icon>
              <href>http://maps.google.com/mapfiles/kml/shapes/airports.png</href>
            </Icon>
          </IconStyle>
        </Style>
        <Point>
          <altitudeMode>absolute</altitudeMode>
          <coordinates>18.47508,-34.09552,640.08</coordinates>
        </Point>
      </Placemark>
      <Placemark>
        <name>2025-11-07 06:49:27 UTC</name>
        <description><![CDATA[<div><div><span><b>Altitude:</b></span> <span>2,100 ft</span></div>
<div><span><b>Speed:</b></span> <span>125 kt</span></div>
<div><span><b>Heading:</b></span> <span>359&deg;</span></div>
</div>]]></description>
        <TimeStamp>
          <when>2025-11-07T06:49:27+00:00</when>
        </TimeStamp>
        <Style>
          <IconStyle>
            <heading>359</heading>
            <Icon>
              <href>http://maps.google.com/mapfiles/kml/shapes/airports.png</href>
            </Icon>
          </IconStyle>
        </Style>
        <Point>
          <altitudeMode>absolute</altitudeMode>
          <coordinates>18.47508,-34.094101,640.08</coordinates>
        </Point>
      </Placemark>
      <Placemark>
        <name>2025-11-07 06:49:29 UTC</name>
        <description><![CDATA[<div><div><span><b>Altitude:</b></span> <span>2,100 ft</span></div>
<div><span><b>Speed:</b></span> <span>125 kt</span></div>
<div><span><b>Heading:</b></span> <span>359&deg;</span></div>
</div>]]></description>
        <TimeStamp>
          <when>2025-11-07T06:49:29+00:00</when>
        </TimeStamp>
        <Style>
          <IconStyle>
            <heading>359</heading>
            <Icon>
              <href>http://maps.google.com/mapfiles/kml/shapes/airports.png</href>
            </Icon>
          </IconStyle>
        </Style>
        <Point>
          <altitudeMode>absolute</altitudeMode>
          <coordinates>18.475056,-34.092903,640.08</coordinates>
        </Point>
      </Placemark>
      <Placemark>
        <name>2025-11-07 06:49:31 UTC</name>
        <description><![CDATA[<div><div><span><b>Altitude:</b></span> <span>2,100 ft</span></div>
<div><span><b>Speed:</b></span> <span>125 kt</span></div>
<div><span><b>Heading:</b></span> <span>358&deg;</span></div>
</div>]]></description>
        <TimeStamp>
          <when>2025-11-07T06:49:31+00:00</when>
        </TimeStamp>
        <Style>
          <IconStyle>
            <heading>358</heading>
            <Icon>
              <href>http://maps.google.com/mapfiles/kml/shapes/airports.png</href>
            </Icon>
          </IconStyle>
        </Style>
        <Point>
          <altitudeMode>absolute</altitudeMode>
          <coordinates>18.475023,-34.091675,640.08</coordinates>
        </Point>
      </Placemark>
      <Placemark>
        <name>2025-11-07 06:49:33 UTC</name>
        <description><![CDATA[<div><div><span><b>Altitude:</b></span> <span>2,100 ft</span></div>
<div><span><b>Speed:</b></span> <span>125 kt</span></div>
<div><span><b>Heading:</b></span> <span>358&deg;</span></div>
</div>]]></description>
        <TimeStamp>
          <when>2025-11-07T06:49:33+00:00</when>
        </TimeStamp>
        <Style>
          <IconStyle>
            <heading>358</heading>
            <Icon>
              <href>http://maps.google.com/mapfiles/kml/shapes/airports.png</href>
            </Icon>
          </IconStyle>
        </Style>
        <Point>
          <altitudeMode>absolute</altitudeMode>
          <coordinates>18.474998,-34.090343,640.08</coordinates>
        </Point>
      </Placemark>
      <Placemark>
        <name>2025-11-07 06:49:36 UTC</name>
        <description><![CDATA[<div><div><span><b>Altitude:</b></span> <span>2,000 ft</span></div>
<div><span><b>Speed:</b></span> <span>125 kt</span></div>
<div><span><b>Heading:</b></span> <span>357&deg;</span></div>
</div>]]></description>
        <TimeStamp>
          <when>2025-11-07T06:49:36+00:00</when>
        </TimeStamp>
        <Style>
          <IconStyle>
            <heading>357</heading>
            <Icon>
              <href>http://maps.google.com/mapfiles/kml/shapes/airports.png</href>
            </Icon>
          </IconStyle>
        </Style>
        <Point>
          <altitudeMode>absolute</altitudeMode>
          <coordinates>18.474913,-34.08902,609.6</coordinates>
        </Point>
      </Placemark>
      <Placemark>
        <name>2025-11-07 06:49:38 UTC</name>
        <description><![CDATA[<div><div><span><b>Altitude:</b></span> <span>2,000 ft</span></div>
<div><span><b>Speed:</b></span> <span>126 kt</span></div>
<div><span><b>Heading:</b></span> <span>357&deg;</span></div>
</div>]]></description>
        <TimeStamp>
          <when>2025-11-07T06:49:38+00:00</when>
        </TimeStamp>
        <Style>
          <IconStyle>
            <heading>357</heading>
            <Icon>
              <href>http://maps.google.com/mapfiles/kml/shapes/airports.png</href>
            </Icon>
          </IconStyle>
        </Style>
        <Point>
          <altitudeMode>absolute</altitudeMode>
          <coordinates>18.474855,-34.087601,609.6</coordinates>
        </Point>
      </Placemark>
      <Placemark>
        <name>2025-11-07 06:49:40 UTC</name>
        <description><![CDATA[<div><div><span><b>Altitude:</b></span> <span>2,000 ft</span></div>
<div><span><b>Speed:</b></span> <span>126 kt</span></div>
<div><span><b>Heading:</b></span> <span>356&deg;</span></div>
</div>]]></description>
        <TimeStamp>
          <when>2025-11-07T06:49:40+00:00</when>
        </TimeStamp>
        <Style>
          <IconStyle>
            <heading>356</heading>
            <Icon>
              <href>http://maps.google.com/mapfiles/kml/shapes/airports.png</href>
            </Icon>
          </IconStyle>
        </Style>
        <Point>
          <altitudeMode>absolute</altitudeMode>
          <coordinates>18.47477,-34.086433,609.6</coordinates>
        </Point>
      </Placemark>
      <Placemark>
        <name>2025-11-07 06:49:42 UTC</name>
        <description><![CDATA[<div><div><span><b>Altitude:</b></span> <span>2,000 ft</span></div>
<div><span><b>Speed:</b></span> <span>126 kt</span></div>
<div><span><b>Heading:</b></span> <span>356&deg;</span></div>
</div>]]></description>
        <TimeStamp>
          <when>2025-11-07T06:49:42+00:00</when>
        </TimeStamp>
        <Style>
          <IconStyle>
            <heading>356</heading>
            <Icon>
              <href>http://maps.google.com/mapfiles/kml/shapes/airports.png</href>
            </Icon>
          </IconStyle>
        </Style>
        <Point>
          <altitudeMode>absolute</altitudeMode>
          <coordinates>18.474655,-34.084991,609.6</coordinates>
        </Point>
      </Placemark>
      <Placemark>
        <name>2025-11-07 06:49:44 UTC</name>
        <description><![CDATA[<div><div><span><b>Altitude:</b></span> <span>2,000 ft</span></div>
<div><span><b>Speed:</b></span> <span>125 kt</span></div>
<div><span><b>Heading:</b></span> <span>356&deg;</span></div>
</div>]]></description>
        <TimeStamp>
          <when>2025-11-07T06:49:44+00:00</when>
        </TimeStamp>
        <Style>
          <IconStyle>
            <heading>356</heading>
            <Icon>
              <href>http://maps.google.com/mapfiles/kml/shapes/airports.png</href>
            </Icon>
          </IconStyle>
        </Style>
        <Point>
          <altitudeMode>absolute</altitudeMode>
          <coordinates>18.474575,-34.083755,609.6</coordinates>
        </Point>
      </Placemark>
      <Placemark>
        <name>2025-11-07 06:49:46 UTC</name>
        <description><![CDATA[<div><div><span><b>Altitude:</b></span> <span>2,000 ft</span></div>
<div><span><b>Speed:</b></span> <span>125 kt</span></div>
<div><span><b>Heading:</b></span> <span>356&deg;</span></div>
</div>]]></description>
        <TimeStamp>
          <when>2025-11-07T06:49:46+00:00</when>
        </TimeStamp>
        <Style>
          <IconStyle>
            <heading>356</heading>
            <Icon>
              <href>http://maps.google.com/mapfiles/kml/shapes/airports.png</href>
            </Icon>
          </IconStyle>
        </Style>
        <Point>
          <altitudeMode>absolute</altitudeMode>
          <coordinates>18.474483,-34.082661,609.6</coordinates>
        </Point>
      </Placemark>
      <Placemark>
        <name>2025-11-07 06:49:48 UTC</name>
        <description><![CDATA[<div><div><span><b>Altitude:</b></span> <span>2,000 ft</span></div>
<div><span><b>Speed:</b></span> <span>124 kt</span></div>
<div><span><b>Heading:</b></span> <span>356&deg;</span></div>
</div>]]></description>
        <TimeStamp>
          <when>2025-11-07T06:49:48+00:00</when>
        </TimeStamp>
        <Style>
          <IconStyle>
            <heading>356</heading>
            <Icon>
              <href>http://maps.google.com/mapfiles/kml/shapes/airports.png</href>
            </Icon>
          </IconStyle>
        </Style>
        <Point>
          <altitudeMode>absolute</altitudeMode>
          <coordinates>18.474407,-34.081467,609.6</coordinates>
        </Point>
      </Placemark>
      <Placemark>
        <name>2025-11-07 06:49:51 UTC</name>
        <description><![CDATA[<div><div><span><b>Altitude:</b></span> <span>2,000 ft</span></div>
<div><span><b>Speed:</b></span> <span>124 kt</span></div>
<div><span><b>Heading:</b></span> <span>356&deg;</span></div>
</div>]]></description>
        <TimeStamp>
          <when>2025-11-07T06:49:51+00:00</when>
        </TimeStamp>
        <Style>
          <IconStyle>
            <heading>356</heading>
            <Icon>
              <href>http://maps.google.com/mapfiles/kml/shapes/airports.png</href>
            </Icon>
          </IconStyle>
        </Style>
        <Point>
          <altitudeMode>absolute</altitudeMode>
          <coordinates>18.474295,-34.080276,609.6</coordinates>
        </Point>
      </Placemark>
      <Placemark>
        <name>2025-11-07 06:50:00 UTC</name>
        <description><![CDATA[<div><div><span><b>Altitude:</b></span> <span>2,100 ft</span></div>
<div><span><b>Speed:</b></span> <span>119 kt</span></div>
<div><span><b>Heading:</b></span> <span>356&deg;</span></div>
</div>]]></description>
        <TimeStamp>
          <when>2025-11-07T06:50:00+00:00</when>
        </TimeStamp>
        <Style>
          <IconStyle>
            <heading>356</heading>
            <Icon>
              <href>http://maps.google.com/mapfiles/kml/shapes/airports.png</href>
            </Icon>
          </IconStyle>
        </Style>
        <Point>
          <altitudeMode>absolute</altitudeMode>
          <coordinates>18.473969,-34.074982,640.08</coordinates>
        </Point>
      </Placemark>
      <Placemark>
        <name>2025-11-07 06:50:06 UTC</name>
        <description><![CDATA[<div><div><span><b>Altitude:</b></span> <span>2,100 ft</span></div>
<div><span><b>Speed:</b></span> <span>117 kt</span></div>
<div><span><b>Heading:</b></span> <span>356&deg;</span></div>
</div>]]></description>
        <TimeStamp>
          <when>2025-11-07T06:50:06+00:00</when>
        </TimeStamp>
        <Style>
          <IconStyle>
            <heading>356</heading>
            <Icon>
              <href>http://maps.google.com/mapfiles/kml/shapes/airports.png</href>
            </Icon>
          </IconStyle>
        </Style>
        <Point>
          <altitudeMode>absolute</altitudeMode>
          <coordinates>18.47374,-34.071491,640.08</coordinates>
        </Point>
      </Placemark>
      <Placemark>
        <name>2025-11-07 06:50:13 UTC</name>
        <description><![CDATA[<div><div><span><b>Altitude:</b></span> <span>2,100 ft</span></div>
<div><span><b>Speed:</b></span> <span>116 kt</span></div>
<div><span><b>Heading:</b></span> <span>356&deg;</span></div>
</div>]]></description>
        <TimeStamp>
          <when>2025-11-07T06:50:13+00:00</when>
        </TimeStamp>
        <Style>
          <IconStyle>
            <heading>356</heading>
            <Icon>
              <href>http://maps.google.com/mapfiles/kml/shapes/airports.png</href>
            </Icon>
          </IconStyle>
        </Style>
        <Point>
          <altitudeMode>absolute</altitudeMode>
          <coordinates>18.473455,-34.067734,640.08</coordinates>
        </Point>
      </Placemark>
      <Placemark>
        <name>2025-11-07 06:50:22 UTC</name>
        <description><![CDATA[<div><div><span><b>Altitude:</b></span> <span>2,100 ft</span></div>
<div><span><b>Speed:</b></span> <span>116 kt</span></div>
<div><span><b>Heading:</b></span> <span>358&deg;</span></div>
</div>]]></description>
        <TimeStamp>
          <when>2025-11-07T06:50:22+00:00</when>
        </TimeStamp>
        <Style>
          <IconStyle>
            <heading>358</heading>
            <Icon>
              <href>http://maps.google.com/mapfiles/kml/shapes/airports.png</href>
            </Icon>
          </IconStyle>
        </Style>
        <Point>
          <altitudeMode>absolute</altitudeMode>
          <coordinates>18.47323,-34.063431,640.08</coordinates>
        </Point>
      </Placemark>
      <Placemark>
        <name>2025-11-07 06:50:28 UTC</name>
        <description><![CDATA[<div><div><span><b>Altitude:</b></span> <span>2,200 ft</span></div>
<div><span><b>Speed:</b></span> <span>116 kt</span></div>
<div><span><b>Heading:</b></span> <span>359&deg;</span></div>
</div>]]></description>
        <TimeStamp>
          <when>2025-11-07T06:50:28+00:00</when>
        </TimeStamp>
        <Style>
          <IconStyle>
            <heading>359</heading>
            <Icon>
              <href>http://maps.google.com/mapfiles/kml/shapes/airports.png</href>
            </Icon>
          </IconStyle>
        </Style>
        <Point>
          <altitudeMode>absolute</altitudeMode>
          <coordinates>18.47311,-34.05999,670.56</coordinates>
        </Point>
      </Placemark>
      <Placemark>
        <name>2025-11-07 06:50:37 UTC</name>
        <description><![CDATA[<div><div><span><b>Altitude:</b></span> <span>2,200 ft</span></div>
<div><span><b>Speed:</b></span> <span>118 kt</span></div>
<div><span><b>Heading:</b></span> <span>359&deg;</span></div>
</div>]]></description>
        <TimeStamp>
          <when>2025-11-07T06:50:37+00:00</when>
        </TimeStamp>
        <Style>
          <IconStyle>
            <heading>359</heading>
            <Icon>
              <href>http://maps.google.com/mapfiles/kml/shapes/airports.png</href>
            </Icon>
          </IconStyle>
        </Style>
        <Point>
          <altitudeMode>absolute</altitudeMode>
          <coordinates>18.473175,-34.055054,670.56</coordinates>
        </Point>
      </Placemark>
      <Placemark>
        <name>2025-11-07 06:50:43 UTC</name>
        <description><![CDATA[<div><div><span><b>Altitude:</b></span> <span>2,200 ft</span></div>
<div><span><b>Speed:</b></span> <span>120 kt</span></div>
<div><span><b>Heading:</b></span> <span>359&deg;</span></div>
</div>]]></description>
        <TimeStamp>
          <when>2025-11-07T06:50:43+00:00</when>
        </TimeStamp>
        <Style>
          <IconStyle>
            <heading>359</heading>
            <Icon>
              <href>http://maps.google.com/mapfiles/kml/shapes/airports.png</href>
            </Icon>
          </IconStyle>
        </Style>
        <Point>
          <altitudeMode>absolute</altitudeMode>
          <coordinates>18.473225,-34.05175,670.56</coordinates>
        </Point>
      </Placemark>
      <Placemark>
        <name>2025-11-07 06:50:52 UTC</name>
        <description><![CDATA[<div><div><span><b>Altitude:</b></span> <span>2,100 ft</span></div>
<div><span><b>Speed:</b></span> <span>126 kt</span></div>
<div><span><b>Heading:</b></span> <span>1&deg;</span></div>
</div>]]></description>
        <TimeStamp>
          <when>2025-11-07T06:50:52+00:00</when>
        </TimeStamp>
        <Style>
          <IconStyle>
            <heading>1</heading>
            <Icon>
              <href>http://maps.google.com/mapfiles/kml/shapes/airports.png</href>
            </Icon>
          </IconStyle>
        </Style>
        <Point>
          <altitudeMode>absolute</altitudeMode>
          <coordinates>18.473343,-34.046722,640.08</coordinates>
        </Point>
      </Placemark>
      <Placemark>
        <name>2025-11-07 06:50:58 UTC</name>
        <description><![CDATA[<div><div><span><b>Altitude:</b></span> <span>2,100 ft</span></div>
<div><span><b>Speed:</b></span> <span>126 kt</span></div>
<div><span><b>Heading:</b></span> <span>1&deg;</span></div>
</div>]]></description>
        <TimeStamp>
          <when>2025-11-07T06:50:58+00:00</when>
        </TimeStamp>
        <Style>
          <IconStyle>
            <heading>1</heading>
            <Icon>
              <href>http://maps.google.com/mapfiles/kml/shapes/airports.png</href>
            </Icon>
          </IconStyle>
        </Style>
        <Point>
          <altitudeMode>absolute</altitudeMode>
          <coordinates>18.473396,-34.042675,640.08</coordinates>
        </Point>
      </Placemark>
      <Placemark>
        <name>2025-11-07 06:51:07 UTC</name>
        <description><![CDATA[<div><div><span><b>Altitude:</b></span> <span>2,100 ft</span></div>
<div><span><b>Speed:</b></span> <span>126 kt</span></div>
<div><span><b>Heading:</b></span> <span>1&deg;</span></div>
</div>]]></description>
        <TimeStamp>
          <when>2025-11-07T06:51:07+00:00</when>
        </TimeStamp>
        <Style>
          <IconStyle>
            <heading>1</heading>
            <Icon>
              <href>http://maps.google.com/mapfiles/kml/shapes/airports.png</href>
            </Icon>
          </IconStyle>
        </Style>
        <Point>
          <altitudeMode>absolute</altitudeMode>
          <coordinates>18.473566,-34.037704,640.08</coordinates>
        </Point>
      </Placemark>
      <Placemark>
        <name>2025-11-07 06:51:15 UTC</name>
        <description><![CDATA[<div><div><span><b>Altitude:</b></span> <span>2,100 ft</span></div>
<div><span><b>Speed:</b></span> <span>126 kt</span></div>
<div><span><b>Heading:</b></span> <span>1&deg;</span></div>
</div>]]></description>
        <TimeStamp>
          <when>2025-11-07T06:51:15+00:00</when>
        </TimeStamp>
        <Style>
          <IconStyle>
            <heading>1</heading>
            <Icon>
              <href>http://maps.google.com/mapfiles/kml/shapes/airports.png</href>
            </Icon>
          </IconStyle>
        </Style>
        <Point>
          <altitudeMode>absolute</altitudeMode>
          <coordinates>18.473791,-34.032898,640.08</coordinates>
        </Point>
      </Placemark>
      <Placemark>
        <name>2025-11-07 06:51:22 UTC</name>
        <description><![CDATA[<div><div><span><b>Altitude:</b></span> <span>2,100 ft</span></div>
<div><span><b>Speed:</b></span> <span>128 kt</span></div>
<div><span><b>Heading:</b></span> <span>1&deg;</span></div>
</div>]]></description>
        <TimeStamp>
          <when>2025-11-07T06:51:22+00:00</when>
        </TimeStamp>
        <Style>
          <IconStyle>
            <heading>1</heading>
            <Icon>
              <href>http://maps.google.com/mapfiles/kml/shapes/airports.png</href>
            </Icon>
          </IconStyle>
        </Style>
        <Point>
          <altitudeMode>absolute</altitudeMode>
          <coordinates>18.473904,-34.028915,640.08</coordinates>
        </Point>
      </Placemark>
      <Placemark>
        <name>2025-11-07 06:51:30 UTC</name>
        <description><![CDATA[<div><div><span><b>Altitude:</b></span> <span>2,100 ft</span></div>
<div><span><b>Speed:</b></span> <span>126 kt</span></div>
<div><span><b>Heading:</b></span> <span>1&deg;</span></div>
</div>]]></description>
        <TimeStamp>
          <when>2025-11-07T06:51:30+00:00</when>
        </TimeStamp>
        <Style>
          <IconStyle>
            <heading>1</heading>
            <Icon>
              <href>http://maps.google.com/mapfiles/kml/shapes/airports.png</href>
            </Icon>
          </IconStyle>
        </Style>
        <Point>
          <altitudeMode>absolute</altitudeMode>
          <coordinates>18.474072,-34.023788,640.08</coordinates>
        </Point>
      </Placemark>
      <Placemark>
        <name>2025-11-07 06:51:37 UTC</name>
        <description><![CDATA[<div><div><span><b>Altitude:</b></span> <span>2,000 ft</span></div>
<div><span><b>Speed:</b></span> <span>127 kt</span></div>
<div><span><b>Heading:</b></span> <span>1&deg;</span></div>
</div>]]></description>
        <TimeStamp>
          <when>2025-11-07T06:51:37+00:00</when>
        </TimeStamp>
        <Style>
          <IconStyle>
            <heading>1</heading>
            <Icon>
              <href>http://maps.google.com/mapfiles/kml/shapes/airports.png</href>
            </Icon>
          </IconStyle>
        </Style>
        <Point>
          <altitudeMode>absolute</altitudeMode>
          <coordinates>18.474184,-34.020035,609.6</coordinates>
        </Point>
      </Placemark>
      <Placemark>
        <name>2025-11-07 06:51:46 UTC</name>
        <description><![CDATA[<div><div><span><b>Altitude:</b></span> <span>2,000 ft</span></div>
<div><span><b>Speed:</b></span> <span>127 kt</span></div>
<div><span><b>Heading:</b></span> <span>2&deg;</span></div>
</div>]]></description>
        <TimeStamp>
          <when>2025-11-07T06:51:46+00:00</when>
        </TimeStamp>
        <Style>
          <IconStyle>
            <heading>2</heading>
            <Icon>
              <href>http://maps.google.com/mapfiles/kml/shapes/airports.png</href>
            </Icon>
          </IconStyle>
        </Style>
        <Point>
          <altitudeMode>absolute</altitudeMode>
          <coordinates>18.474407,-34.015137,609.6</coordinates>
        </Point>
      </Placemark>
      <Placemark>
        <name>2025-11-07 06:51:52 UTC</name>
        <description><![CDATA[<div><div><span><b>Altitude:</b></span> <span>2,000 ft</span></div>
<div><span><b>Speed:</b></span> <span>128 kt</span></div>
<div><span><b>Heading:</b></span> <span>3&deg;</span></div>
</div>]]></description>
        <TimeStamp>
          <when>2025-11-07T06:51:52+00:00</when>
        </TimeStamp>
        <Style>
          <IconStyle>
            <heading>3</heading>
            <Icon>
              <href>http://maps.google.com/mapfiles/kml/shapes/airports.png</href>
            </Icon>
          </IconStyle>
        </Style>
        <Point>
          <altitudeMode>absolute</altitudeMode>
          <coordinates>18.474655,-34.011204,609.6</coordinates>
        </Point>
      </Placemark>
      <Placemark>
        <name>2025-11-07 06:52:01 UTC</name>
        <description><![CDATA[<div><div><span><b>Altitude:</b></span> <span>1,900 ft</span></div>
<div><span><b>Speed:</b></span> <span>129 kt</span></div>
<div><span><b>Heading:</b></span> <span>4&deg;</span></div>
</div>]]></description>
        <TimeStamp>
          <when>2025-11-07T06:52:01+00:00</when>
        </TimeStamp>
        <Style>
          <IconStyle>
            <heading>4</heading>
            <Icon>
              <href>http://maps.google.com/mapfiles/kml/shapes/airports.png</href>
            </Icon>
          </IconStyle>
        </Style>
        <Point>
          <altitudeMode>absolute</altitudeMode>
          <coordinates>18.475056,-34.006176,579.12</coordinates>
        </Point>
      </Placemark>
      <Placemark>
        <name>2025-11-07 06:52:10 UTC</name>
        <description><![CDATA[<div><div><span><b>Altitude:</b></span> <span>1,800 ft</span></div>
<div><span><b>Speed:</b></span> <span>131 kt</span></div>
<div><span><b>Heading:</b></span> <span>4&deg;</span></div>
</div>]]></description>
        <TimeStamp>
          <when>2025-11-07T06:52:10+00:00</when>
        </TimeStamp>
        <Style>
          <IconStyle>
            <heading>4</heading>
            <Icon>
              <href>http://maps.google.com/mapfiles/kml/shapes/airports.png</href>
            </Icon>
          </IconStyle>
        </Style>
        <Point>
          <altitudeMode>absolute</altitudeMode>
          <coordinates>18.475584,-34.000443,548.64</coordinates>
        </Point>
      </Placemark>
      <Placemark>
        <name>2025-11-07 06:52:16 UTC</name>
        <description><![CDATA[<div><div><span><b>Altitude:</b></span> <span>1,800 ft</span></div>
<div><span><b>Speed:</b></span> <span>134 kt</span></div>
<div><span><b>Heading:</b></span> <span>4&deg;</span></div>
</div>]]></description>
        <TimeStamp>
          <when>2025-11-07T06:52:16+00:00</when>
        </TimeStamp>
        <Style>
          <IconStyle>
            <heading>4</heading>
            <Icon>
              <href>http://maps.google.com/mapfiles/kml/shapes/airports.png</href>
            </Icon>
          </IconStyle>
        </Style>
        <Point>
          <altitudeMode>absolute</altitudeMode>
          <coordinates>18.475914,-33.99654,548.64</coordinates>
        </Point>
      </Placemark>
      <Placemark>
        <name>2025-11-07 06:52:25 UTC</name>
        <description><![CDATA[<div><div><span><b>Altitude:</b></span> <span>1,700 ft</span></div>
<div><span><b>Speed:</b></span> <span>133 kt</span></div>
<div><span><b>Heading:</b></span> <span>5&deg;</span></div>
</div>]]></description>
        <TimeStamp>
          <when>2025-11-07T06:52:25+00:00</when>
        </TimeStamp>
        <Style>
          <IconStyle>
            <heading>5</heading>
            <Icon>
              <href>http://maps.google.com/mapfiles/kml/shapes/airports.png</href>
            </Icon>
          </IconStyle>
        </Style>
        <Point>
          <altitudeMode>absolute</altitudeMode>
          <coordinates>18.476482,-33.99115,518.16</coordinates>
        </Point>
      </Placemark>
      <Placemark>
        <name>2025-11-07 06:52:34 UTC</name>
        <description><![CDATA[<div><div><span><b>Altitude:</b></span> <span>1,600 ft</span></div>
<div><span><b>Speed:</b></span> <span>132 kt</span></div>
<div><span><b>Heading:</b></span> <span>7&deg;</span></div>
</div>]]></description>
        <TimeStamp>
          <when>2025-11-07T06:52:34+00:00</when>
        </TimeStamp>
        <Style>
          <IconStyle>
            <heading>7</heading>
            <Icon>
              <href>http://maps.google.com/mapfiles/kml/shapes/airports.png</href>
            </Icon>
          </IconStyle>
        </Style>
        <Point>
          <altitudeMode>absolute</altitudeMode>
          <coordinates>18.47723,-33.9856,487.68</coordinates>
        </Point>
      </Placemark>
      <Placemark>
        <name>2025-11-07 06:52:36 UTC</name>
        <description><![CDATA[<div><div><span><b>Altitude:</b></span> <span>1,600 ft</span></div>
<div><span><b>Speed:</b></span> <span>131 kt</span></div>
<div><span><b>Heading:</b></span> <span>7&deg;</span></div>
</div>]]></description>
        <TimeStamp>
          <when>2025-11-07T06:52:36+00:00</when>
        </TimeStamp>
        <Style>
          <IconStyle>
            <heading>7</heading>
            <Icon>
              <href>http://maps.google.com/mapfiles/kml/shapes/airports.png</href>
            </Icon>
          </IconStyle>
        </Style>
        <Point>
          <altitudeMode>absolute</altitudeMode>
          <coordinates>18.477459,-33.98439,487.68</coordinates>
        </Point>
      </Placemark>
      <Placemark>
        <name>2025-11-07 06:52:42 UTC</name>
        <description><![CDATA[<div><div><span><b>Altitude:</b></span> <span>1,500 ft</span></div>
<div><span><b>Speed:</b></span> <span>126 kt</span></div>
<div><span><b>Heading:</b></span> <span>7&deg;</span></div>
</div>]]></description>
        <TimeStamp>
          <when>2025-11-07T06:52:42+00:00</when>
        </TimeStamp>
        <Style>
          <IconStyle>
            <heading>7</heading>
            <Icon>
              <href>http://maps.google.com/mapfiles/kml/shapes/airports.png</href>
            </Icon>
          </IconStyle>
        </Style>
        <Point>
          <altitudeMode>absolute</altitudeMode>
          <coordinates>18.478031,-33.980572,457.2</coordinates>
        </Point>
      </Placemark>
      <Placemark>
        <name>2025-11-07 06:52:49 UTC</name>
        <description><![CDATA[<div><div><span><b>Altitude:</b></span> <span>1,500 ft</span></div>
<div><span><b>Speed:</b></span> <span>123 kt</span></div>
<div><span><b>Heading:</b></span> <span>7&deg;</span></div>
</div>]]></description>
        <TimeStamp>
          <when>2025-11-07T06:52:49+00:00</when>
        </TimeStamp>
        <Style>
          <IconStyle>
            <heading>7</heading>
            <Icon>
              <href>http://maps.google.com/mapfiles/kml/shapes/airports.png</href>
            </Icon>
          </IconStyle>
        </Style>
        <Point>
          <altitudeMode>absolute</altitudeMode>
          <coordinates>18.478546,-33.977222,457.2</coordinates>
        </Point>
      </Placemark>
      <Placemark>
        <name>2025-11-07 06:52:57 UTC</name>
        <description><![CDATA[<div><div><span><b>Altitude:</b></span> <span>1,500 ft</span></div>
<div><span><b>Speed:</b></span> <span>123 kt</span></div>
<div><span><b>Heading:</b></span> <span>8&deg;</span></div>
</div>]]></description>
        <TimeStamp>
          <when>2025-11-07T06:52:57+00:00</when>
        </TimeStamp>
        <Style>
          <IconStyle>
            <heading>8</heading>
            <Icon>
              <href>http://maps.google.com/mapfiles/kml/shapes/airports.png</href>
            </Icon>
          </IconStyle>
        </Style>
        <Point>
          <altitudeMode>absolute</altitudeMode>
          <coordinates>18.479507,-33.972061,457.2</coordinates>
        </Point>
      </Placemark>
      <Placemark>
        <name>2025-11-07 06:53:04 UTC</name>
        <description><![CDATA[<div><div><span><b>Altitude:</b></span> <span>1,500 ft</span></div>
<div><span><b>Speed:</b></span> <span>127 kt</span></div>
<div><span><b>Heading:</b></span> <span>9&deg;</span></div>
</div>]]></description>
        <TimeStamp>
          <when>2025-11-07T06:53:04+00:00</when>
        </TimeStamp>
        <Style>
          <IconStyle>
            <heading>9</heading>
            <Icon>
              <href>http://maps.google.com/mapfiles/kml/shapes/airports.png</href>
            </Icon>
          </IconStyle>
        </Style>
        <Point>
          <altitudeMode>absolute</altitudeMode>
          <coordinates>18.480238,-33.968262,457.2</coordinates>
        </Point>
      </Placemark>
      <Placemark>
        <name>2025-11-07 06:53:11 UTC</name>
        <description><![CDATA[<div><div><span><b>Altitude:</b></span> <span>1,500 ft</span></div>
<div><span><b>Speed:</b></span> <span>130 kt</span></div>
<div><span><b>Heading:</b></span> <span>9&deg;</span></div>
</div>]]></description>
        <TimeStamp>
          <when>2025-11-07T06:53:11+00:00</when>
        </TimeStamp>
        <Style>
          <IconStyle>
            <heading>9</heading>
            <Icon>
              <href>http://maps.google.com/mapfiles/kml/shapes/airports.png</href>
            </Icon>
          </IconStyle>
        </Style>
        <Point>
          <altitudeMode>absolute</altitudeMode>
          <coordinates>18.481007,-33.96442,457.2</coordinates>
        </Point>
      </Placemark>
      <Placemark>
        <name>2025-11-07 06:53:19 UTC</name>
        <description><![CDATA[<div><div><span><b>Altitude:</b></span> <span>1,500 ft</span></div>
<div><span><b>Speed:</b></span> <span>135 kt</span></div>
<div><span><b>Heading:</b></span> <span>5&deg;</span></div>
</div>]]></description>
        <TimeStamp>
          <when>2025-11-07T06:53:19+00:00</when>
        </TimeStamp>
        <Style>
          <IconStyle>
            <heading>5</heading>
            <Icon>
              <href>http://maps.google.com/mapfiles/kml/shapes/airports.png</href>
            </Icon>
          </IconStyle>
        </Style>
        <Point>
          <altitudeMode>absolute</altitudeMode>
          <coordinates>18.481922,-33.959114,457.2</coordinates>
        </Point>
      </Placemark>
      <Placemark>
        <name>2025-11-07 06:53:22 UTC</name>
        <description><![CDATA[<div><div><span><b>Altitude:</b></span> <span>1,400 ft</span></div>
<div><span><b>Speed:</b></span> <span>137 kt</span></div>
<div><span><b>Heading:</b></span> <span>2&deg;</span></div>
</div>]]></description>
        <TimeStamp>
          <when>2025-11-07T06:53:22+00:00</when>
        </TimeStamp>
        <Style>
          <IconStyle>
            <heading>2</heading>
            <Icon>
              <href>http://maps.google.com/mapfiles/kml/shapes/airports.png</href>
            </Icon>
          </IconStyle>
        </Style>
        <Point>
          <altitudeMode>absolute</altitudeMode>
          <coordinates>18.482037,-33.957764,426.72</coordinates>
        </Point>
      </Placemark>
      <Placemark>
        <name>2025-11-07 06:53:24 UTC</name>
        <description><![CDATA[<div><div><span><b>Altitude:</b></span> <span>1,500 ft</span></div>
<div><span><b>Speed:</b></span> <span>138 kt</span></div>
<div><span><b>Heading:</b></span> <span>1&deg;</span></div>
</div>]]></description>
        <TimeStamp>
          <when>2025-11-07T06:53:24+00:00</when>
        </TimeStamp>
        <Style>
          <IconStyle>
            <heading>1</heading>
            <Icon>
              <href>http://maps.google.com/mapfiles/kml/shapes/airports.png</href>
            </Icon>
          </IconStyle>
        </Style>
        <Point>
          <altitudeMode>absolute</altitudeMode>
          <coordinates>18.482094,-33.956459,457.2</coordinates>
        </Point>
      </Placemark>
      <Placemark>
        <name>2025-11-07 06:53:26 UTC</name>
        <description><![CDATA[<div><div><span><b>Altitude:</b></span> <span>1,400 ft</span></div>
<div><span><b>Speed:</b></span> <span>139 kt</span></div>
<div><span><b>Heading:</b></span> <span>359&deg;</span></div>
</div>]]></description>
        <TimeStamp>
          <when>2025-11-07T06:53:26+00:00</when>
        </TimeStamp>
        <Style>
          <IconStyle>
            <heading>359</heading>
            <Icon>
              <href>http://maps.google.com/mapfiles/kml/shapes/airports.png</href>
            </Icon>
          </IconStyle>
        </Style>
        <Point>
          <altitudeMode>absolute</altitudeMode>
          <coordinates>18.482086,-33.955078,426.72</coordinates>
        </Point>
      </Placemark>
      <Placemark>
        <name>2025-11-07 06:53:28 UTC</name>
        <description><![CDATA[<div><div><span><b>Altitude:</b></span> <span>1,400 ft</span></div>
<div><span><b>Speed:</b></span> <span>140 kt</span></div>
<div><span><b>Heading:</b></span> <span>357&deg;</span></div>
</div>]]></description>
        <TimeStamp>
          <when>2025-11-07T06:53:28+00:00</when>
        </TimeStamp>
        <Style>
          <IconStyle>
            <heading>357</heading>
            <Icon>
              <href>http://maps.google.com/mapfiles/kml/shapes/airports.png</href>
            </Icon>
          </IconStyle>
        </Style>
        <Point>
          <altitudeMode>absolute</altitudeMode>
          <coordinates>18.482037,-33.953388,426.72</coordinates>
        </Point>
      </Placemark>
      <Placemark>
        <name>2025-11-07 06:53:30 UTC</name>
        <description><![CDATA[<div><div><span><b>Altitude:</b></span> <span>1,400 ft</span></div>
<div><span><b>Speed:</b></span> <span>139 kt</span></div>
<div><span><b>Heading:</b></span> <span>354&deg;</span></div>
</div>]]></description>
        <TimeStamp>
          <when>2025-11-07T06:53:30+00:00</when>
        </TimeStamp>
        <Style>
          <IconStyle>
            <heading>354</heading>
            <Icon>
              <href>http://maps.google.com/mapfiles/kml/shapes/airports.png</href>
            </Icon>
          </IconStyle>
        </Style>
        <Point>
          <altitudeMode>absolute</altitudeMode>
          <coordinates>18.481918,-33.952332,426.72</coordinates>
        </Point>
      </Placemark>
      <Placemark>
        <name>2025-11-07 06:53:32 UTC</name>
        <description><![CDATA[<div><div><span><b>Altitude:</b></span> <span>1,400 ft</span></div>
<div><span><b>Speed:</b></span> <span>139 kt</span></div>
<div><span><b>Heading:</b></span> <span>352&deg;</span></div>
</div>]]></description>
        <TimeStamp>
          <when>2025-11-07T06:53:32+00:00</when>
        </TimeStamp>
        <Style>
          <IconStyle>
            <heading>352</heading>
            <Icon>
              <href>http://maps.google.com/mapfiles/kml/shapes/airports.png</href>
            </Icon>
          </IconStyle>
        </Style>
        <Point>
          <altitudeMode>absolute</altitudeMode>
          <coordinates>18.481693,-33.950779,426.72</coordinates>
        </Point>
      </Placemark>
      <Placemark>
        <name>2025-11-07 06:53:35 UTC</name>
        <description><![CDATA[<div><div><span><b>Altitude:</b></span> <span>1,400 ft</span></div>
<div><span><b>Speed:</b></span> <span>140 kt</span></div>
<div><span><b>Heading:</b></span> <span>350&deg;</span></div>
</div>]]></description>
        <TimeStamp>
          <when>2025-11-07T06:53:35+00:00</when>
        </TimeStamp>
        <Style>
          <IconStyle>
            <heading>350</heading>
            <Icon>
              <href>http://maps.google.com/mapfiles/kml/shapes/airports.png</href>
            </Icon>
          </IconStyle>
        </Style>
        <Point>
          <altitudeMode>absolute</altitudeMode>
          <coordinates>18.481415,-33.949219,426.72</coordinates>
        </Point>
      </Placemark>
      <Placemark>
        <name>2025-11-07 06:53:37 UTC</name>
        <description><![CDATA[<div><div><span><b>Altitude:</b></span> <span>1,300 ft</span></div>
<div><span><b>Speed:</b></span> <span>140 kt</span></div>
<div><span><b>Heading:</b></span> <span>348&deg;</span></div>
</div>]]></description>
        <TimeStamp>
          <when>2025-11-07T06:53:37+00:00</when>
        </TimeStamp>
        <Style>
          <IconStyle>
            <heading>348</heading>
            <Icon>
              <href>http://maps.google.com/mapfiles/kml/shapes/airports.png</href>
            </Icon>
          </IconStyle>
        </Style>
        <Point>
          <altitudeMode>absolute</altitudeMode>
          <coordinates>18.481134,-33.948074,396.24</coordinates>
        </Point>
      </Placemark>
      <Placemark>
        <name>2025-11-07 06:53:39 UTC</name>
        <description><![CDATA[<div><div><span><b>Altitude:</b></span> <span>1,300 ft</span></div>
<div><span><b>Speed:</b></span> <span>140 kt</span></div>
<div><span><b>Heading:</b></span> <span>346&deg;</span></div>
</div>]]></description>
        <TimeStamp>
          <when>2025-11-07T06:53:39+00:00</when>
        </TimeStamp>
        <Style>
          <IconStyle>
            <heading>346</heading>
            <Icon>
              <href>http://maps.google.com/mapfiles/kml/shapes/airports.png</href>
            </Icon>
          </IconStyle>
        </Style>
        <Point>
          <altitudeMode>absolute</altitudeMode>
          <coordinates>18.480721,-33.946545,396.24</coordinates>
        </Point>
      </Placemark>
      <Placemark>
        <name>2025-11-07 06:53:41 UTC</name>
        <description><![CDATA[<div><div><span><b>Altitude:</b></span> <span>1,300 ft</span></div>
<div><span><b>Speed:</b></span> <span>141 kt</span></div>
<div><span><b>Heading:</b></span> <span>344&deg;</span></div>
</div>]]></description>
        <TimeStamp>
          <when>2025-11-07T06:53:41+00:00</when>
        </TimeStamp>
        <Style>
          <IconStyle>
            <heading>344</heading>
            <Icon>
              <href>http://maps.google.com/mapfiles/kml/shapes/airports.png</href>
            </Icon>
          </IconStyle>
        </Style>
        <Point>
          <altitudeMode>absolute</altitudeMode>
          <coordinates>18.480263,-33.94524,396.24</coordinates>
        </Point>
      </Placemark>
      <Placemark>
        <name>2025-11-07 06:53:43 UTC</name>
        <description><![CDATA[<div><div><span><b>Altitude:</b></span> <span>1,300 ft</span></div>
<div><span><b>Speed:</b></span> <span>140 kt</span></div>
<div><span><b>Heading:</b></span> <span>342&deg;</span></div>
</div>]]></description>
        <TimeStamp>
          <when>2025-11-07T06:53:43+00:00</when>
        </TimeStamp>
        <Style>
          <IconStyle>
            <heading>342</heading>
            <Icon>
              <href>http://maps.google.com/mapfiles/kml/shapes/airports.png</href>
            </Icon>
          </IconStyle>
        </Style>
        <Point>
          <altitudeMode>absolute</altitudeMode>
          <coordinates>18.479805,-33.943844,396.24</coordinates>
        </Point>
      </Placemark>
      <Placemark>
        <name>2025-11-07 06:53:46 UTC</name>
        <description><![CDATA[<div><div><span><b>Altitude:</b></span> <span>1,300 ft</span></div>
<div><span><b>Speed:</b></span> <span>140 kt</span></div>
<div><span><b>Heading:</b></span> <span>341&deg;</span></div>
</div>]]></description>
        <TimeStamp>
          <when>2025-11-07T06:53:46+00:00</when>
        </TimeStamp>
        <Style>
          <IconStyle>
            <heading>341</heading>
            <Icon>
              <href>http://maps.google.com/mapfiles/kml/shapes/airports.png</href>
            </Icon>
          </IconStyle>
        </Style>
        <Point>
          <altitudeMode>absolute</altitudeMode>
          <coordinates>18.479116,-33.942215,396.24</coordinates>
        </Point>
      </Placemark>
      <Placemark>
        <name>2025-11-07 06:53:48 UTC</name>
        <description><![CDATA[<div><div><span><b>Altitude:</b></span> <span>1,200 ft</span></div>
<div><span><b>Speed:</b></span> <span>140 kt</span></div>
<div><span><b>Heading:</b></span> <span>340&deg;</span></div>
</div>]]></description>
        <TimeStamp>
          <when>2025-11-07T06:53:48+00:00</when>
        </TimeStamp>
        <Style>
          <IconStyle>
            <heading>340</heading>
            <Icon>
              <href>http://maps.google.com/mapfiles/kml/shapes/airports.png</href>
            </Icon>
          </IconStyle>
        </Style>
        <Point>
          <altitudeMode>absolute</altitudeMode>
          <coordinates>18.478603,-33.94091,365.76</coordinates>
        </Point>
      </Placemark>
      <Placemark>
        <name>2025-11-07 06:53:50 UTC</name>
        <description><![CDATA[<div><div><span><b>Altitude:</b></span> <span>1,200 ft</span></div>
<div><span><b>Speed:</b></span> <span>141 kt</span></div>
<div><span><b>Heading:</b></span> <span>339&deg;</span></div>
</div>]]></description>
        <TimeStamp>
          <when>2025-11-07T06:53:50+00:00</when>
        </TimeStamp>
        <Style>
          <IconStyle>
            <heading>339</heading>
            <Icon>
              <href>http://maps.google.com/mapfiles/kml/shapes/airports.png</href>
            </Icon>
          </IconStyle>
        </Style>
        <Point>
          <altitudeMode>absolute</altitudeMode>
          <coordinates>18.478031,-33.939655,365.76</coordinates>
        </Point>
      </Placemark>
      <Placemark>
        <name>2025-11-07 06:53:53 UTC</name>
        <description><![CDATA[<div><div><span><b>Altitude:</b></span> <span>1,200 ft</span></div>
<div><span><b>Speed:</b></span> <span>140 kt</span></div>
<div><span><b>Heading:</b></span> <span>338&deg;</span></div>
</div>]]></description>
        <TimeStamp>
          <when>2025-11-07T06:53:53+00:00</when>
        </TimeStamp>
        <Style>
          <IconStyle>
            <heading>338</heading>
            <Icon>
              <href>http://maps.google.com/mapfiles/kml/shapes/airports.png</href>
            </Icon>
          </IconStyle>
        </Style>
        <Point>
          <altitudeMode>absolute</altitudeMode>
          <coordinates>18.47723,-33.937977,365.76</coordinates>
        </Point>
      </Placemark>
      <Placemark>
        <name>2025-11-07 06:53:55 UTC</name>
        <description><![CDATA[<div><div><span><b>Altitude:</b></span> <span>1,200 ft</span></div>
<div><span><b>Speed:</b></span> <span>142 kt</span></div>
<div><span><b>Heading:</b></span> <span>337&deg;</span></div>
</div>]]></description>
        <TimeStamp>
          <when>2025-11-07T06:53:55+00:00</when>
        </TimeStamp>
        <Style>
          <IconStyle>
            <heading>337</heading>
            <Icon>
              <href>http://maps.google.com/mapfiles/kml/shapes/airports.png</href>
            </Icon>
          </IconStyle>
        </Style>
        <Point>
          <altitudeMode>absolute</altitudeMode>
          <coordinates>18.476601,-33.936768,365.76</coordinates>
        </Point>
      </Placemark>
      <Placemark>
        <name>2025-11-07 06:53:57 UTC</name>
        <description><![CDATA[<div><div><span><b>Altitude:</b></span> <span>1,200 ft</span></div>
<div><span><b>Speed:</b></span> <span>141 kt</span></div>
<div><span><b>Heading:</b></span> <span>336&deg;</span></div>
</div>]]></description>
        <TimeStamp>
          <when>2025-11-07T06:53:57+00:00</when>
        </TimeStamp>
        <Style>
          <IconStyle>
            <heading>336</heading>
            <Icon>
              <href>http://maps.google.com/mapfiles/kml/shapes/airports.png</href>
            </Icon>
          </IconStyle>
        </Style>
        <Point>
          <altitudeMode>absolute</altitudeMode>
          <coordinates>18.475914,-33.935463,365.76</coordinates>
        </Point>
      </Placemark>
      <Placemark>
        <name>2025-11-07 06:53:59 UTC</name>
        <description><![CDATA[<div><div><span><b>Altitude:</b></span> <span>1,200 ft</span></div>
<div><span><b>Speed:</b></span> <span>142 kt</span></div>
<div><span><b>Heading:</b></span> <span>335&deg;</span></div>
</div>]]></description>
        <TimeStamp>
          <when>2025-11-07T06:53:59+00:00</when>
        </TimeStamp>
        <Style>
          <IconStyle>
            <heading>335</heading>
            <Icon>
              <href>http://maps.google.com/mapfiles/kml/shapes/airports.png</href>
            </Icon>
          </IconStyle>
        </Style>
        <Point>
          <altitudeMode>absolute</altitudeMode>
          <coordinates>18.475304,-33.93425,365.76</coordinates>
        </Point>
      </Placemark>
      <Placemark>
        <name>2025-11-07 06:54:01 UTC</name>
        <description><![CDATA[<div><div><span><b>Altitude:</b></span> <span>1,100 ft</span></div>
<div><span><b>Speed:</b></span> <span>141 kt</span></div>
<div><span><b>Heading:</b></span> <span>334&deg;</span></div>
</div>]]></description>
        <TimeStamp>
          <when>2025-11-07T06:54:01+00:00</when>
        </TimeStamp>
        <Style>
          <IconStyle>
            <heading>334</heading>
            <Icon>
              <href>http://maps.google.com/mapfiles/kml/shapes/airports.png</href>
            </Icon>
          </IconStyle>
        </Style>
        <Point>
          <altitudeMode>absolute</altitudeMode>
          <coordinates>18.47452,-33.932877,335.28</coordinates>
        </Point>
      </Placemark>
      <Placemark>
        <name>2025-11-07 06:54:03 UTC</name>
        <description><![CDATA[<div><div><span><b>Altitude:</b></span> <span>1,100 ft</span></div>
<div><span><b>Speed:</b></span> <span>141 kt</span></div>
<div><span><b>Heading:</b></span> <span>333&deg;</span></div>
</div>]]></description>
        <TimeStamp>
          <when>2025-11-07T06:54:03+00:00</when>
        </TimeStamp>
        <Style>
          <IconStyle>
            <heading>333</heading>
            <Icon>
              <href>http://maps.google.com/mapfiles/kml/shapes/airports.png</href>
            </Icon>
          </IconStyle>
        </Style>
        <Point>
          <altitudeMode>absolute</altitudeMode>
          <coordinates>18.473791,-33.931641,335.28</coordinates>
        </Point>
      </Placemark>
      <Placemark>
        <name>2025-11-07 06:54:05 UTC</name>
        <description><![CDATA[<div><div><span><b>Altitude:</b></span> <span>1,100 ft</span></div>
<div><span><b>Speed:</b></span> <span>140 kt</span></div>
<div><span><b>Heading:</b></span> <span>332&deg;</span></div>
</div>]]></description>
        <TimeStamp>
          <when>2025-11-07T06:54:05+00:00</when>
        </TimeStamp>
        <Style>
          <IconStyle>
            <heading>332</heading>
            <Icon>
              <href>http://maps.google.com/mapfiles/kml/shapes/airports.png</href>
            </Icon>
          </IconStyle>
        </Style>
        <Point>
          <altitudeMode>absolute</altitudeMode>
          <coordinates>18.473118,-33.930542,335.28</coordinates>
        </Point>
      </Placemark>
      <Placemark>
        <name>2025-11-07 06:54:08 UTC</name>
        <description><![CDATA[<div><div><span><b>Altitude:</b></span> <span>1,100 ft</span></div>
<div><span><b>Speed:</b></span> <span>141 kt</span></div>
<div><span><b>Heading:</b></span> <span>332&deg;</span></div>
</div>]]></description>
        <TimeStamp>
          <when>2025-11-07T06:54:08+00:00</when>
        </TimeStamp>
        <Style>
          <IconStyle>
            <heading>332</heading>
            <Icon>
              <href>http://maps.google.com/mapfiles/kml/shapes/airports.png</href>
            </Icon>
          </IconStyle>
        </Style>
        <Point>
          <altitudeMode>absolute</altitudeMode>
          <coordinates>18.472195,-33.929039,335.28</coordinates>
        </Point>
      </Placemark>
      <Placemark>
        <name>2025-11-07 06:54:10 UTC</name>
        <description><![CDATA[<div><div><span><b>Altitude:</b></span> <span>1,100 ft</span></div>
<div><span><b>Speed:</b></span> <span>140 kt</span></div>
<div><span><b>Heading:</b></span> <span>331&deg;</span></div>
</div>]]></description>
        <TimeStamp>
          <when>2025-11-07T06:54:10+00:00</when>
        </TimeStamp>
        <Style>
          <IconStyle>
            <heading>331</heading>
            <Icon>
              <href>http://maps.google.com/mapfiles/kml/shapes/airports.png</href>
            </Icon>
          </IconStyle>
        </Style>
        <Point>
          <altitudeMode>absolute</altitudeMode>
          <coordinates>18.471268,-33.927612,335.28</coordinates>
        </Point>
      </Placemark>
      <Placemark>
        <name>2025-11-07 06:54:12 UTC</name>
        <description><![CDATA[<div><div><span><b>Altitude:</b></span> <span>1,100 ft</span></div>
<div><span><b>Speed:</b></span> <span>140 kt</span></div>
<div><span><b>Heading:</b></span> <span>330&deg;</span></div>
</div>]]></description>
        <TimeStamp>
          <when>2025-11-07T06:54:12+00:00</when>
        </TimeStamp>
        <Style>
          <IconStyle>
            <heading>330</heading>
            <Icon>
              <href>http://maps.google.com/mapfiles/kml/shapes/airports.png</href>
            </Icon>
          </IconStyle>
        </Style>
        <Point>
          <altitudeMode>absolute</altitudeMode>
          <coordinates>18.47065,-33.926758,335.28</coordinates>
        </Point>
      </Placemark>
      <Placemark>
        <name>2025-11-07 06:54:16 UTC</name>
        <description><![CDATA[<div><div><span><b>Altitude:</b></span> <span>1,100 ft</span></div>
<div><span><b>Speed:</b></span> <span>141 kt</span></div>
<div><span><b>Heading:</b></span> <span>329&deg;</span></div>
</div>]]></description>
        <TimeStamp>
          <when>2025-11-07T06:54:16+00:00</when>
        </TimeStamp>
        <Style>
          <IconStyle>
            <heading>329</heading>
            <Icon>
              <href>http://maps.google.com/mapfiles/kml/shapes/airports.png</href>
            </Icon>
          </IconStyle>
        </Style>
        <Point>
          <altitudeMode>absolute</altitudeMode>
          <coordinates>18.469082,-33.9245,335.28</coordinates>
        </Point>
      </Placemark>
      <Placemark>
        <name>2025-11-07 06:54:18 UTC</name>
        <description><![CDATA[<div><div><span><b>Altitude:</b></span> <span>1,100 ft</span></div>
<div><span><b>Speed:</b></span> <span>140 kt</span></div>
<div><span><b>Heading:</b></span> <span>328&deg;</span></div>
</div>]]></description>
        <TimeStamp>
          <when>2025-11-07T06:54:18+00:00</when>
        </TimeStamp>
        <Style>
          <IconStyle>
            <heading>328</heading>
            <Icon>
              <href>http://maps.google.com/mapfiles/kml/shapes/airports.png</href>
            </Icon>
          </IconStyle>
        </Style>
        <Point>
          <altitudeMode>absolute</altitudeMode>
          <coordinates>18.468189,-33.923222,335.28</coordinates>
        </Point>
      </Placemark>
      <Placemark>
        <name>2025-11-07 06:54:20 UTC</name>
        <description><![CDATA[<div><div><span><b>Altitude:</b></span> <span>1,100 ft</span></div>
<div><span><b>Speed:</b></span> <span>141 kt</span></div>
<div><span><b>Heading:</b></span> <span>328&deg;</span></div>
</div>]]></description>
        <TimeStamp>
          <when>2025-11-07T06:54:20+00:00</when>
        </TimeStamp>
        <Style>
          <IconStyle>
            <heading>328</heading>
            <Icon>
              <href>http://maps.google.com/mapfiles/kml/shapes/airports.png</href>
            </Icon>
          </IconStyle>
        </Style>
        <Point>
          <altitudeMode>absolute</altitudeMode>
          <coordinates>18.467176,-33.921844,335.28</coordinates>
        </Point>
      </Placemark>
      <Placemark>
        <name>2025-11-07 06:54:22 UTC</name>
        <description><![CDATA[<div><div><span><b>Altitude:</b></span> <span>1,100 ft</span></div>
<div><span><b>Speed:</b></span> <span>142 kt</span></div>
<div><span><b>Heading:</b></span> <span>328&deg;</span></div>
</div>]]></description>
        <TimeStamp>
          <when>2025-11-07T06:54:22+00:00</when>
        </TimeStamp>
        <Style>
          <IconStyle>
            <heading>328</heading>
            <Icon>
              <href>http://maps.google.com/mapfiles/kml/shapes/airports.png</href>
            </Icon>
          </IconStyle>
        </Style>
        <Point>
          <altitudeMode>absolute</altitudeMode>
          <coordinates>18.466473,-33.920895,335.28</coordinates>
        </Point>
      </Placemark>
      <Placemark>
        <name>2025-11-07 06:54:25 UTC</name>
        <description><![CDATA[<div><div><span><b>Altitude:</b></span> <span>1,000 ft</span></div>
<div><span><b>Speed:</b></span> <span>141 kt</span></div>
<div><span><b>Heading:</b></span> <span>327&deg;</span></div>
</div>]]></description>
        <TimeStamp>
          <when>2025-11-07T06:54:25+00:00</when>
        </TimeStamp>
        <Style>
          <IconStyle>
            <heading>327</heading>
            <Icon>
              <href>http://maps.google.com/mapfiles/kml/shapes/airports.png</href>
            </Icon>
          </IconStyle>
        </Style>
        <Point>
          <altitudeMode>absolute</altitudeMode>
          <coordinates>18.465443,-33.919498,304.8</coordinates>
        </Point>
      </Placemark>
      <Placemark>
        <name>2025-11-07 06:54:27 UTC</name>
        <description><![CDATA[<div><div><span><b>Altitude:</b></span> <span>1,000 ft</span></div>
<div><span><b>Speed:</b></span> <span>140 kt</span></div>
<div><span><b>Heading:</b></span> <span>327&deg;</span></div>
</div>]]></description>
        <TimeStamp>
          <when>2025-11-07T06:54:27+00:00</when>
        </TimeStamp>
        <Style>
          <IconStyle>
            <heading>327</heading>
            <Icon>
              <href>http://maps.google.com/mapfiles/kml/shapes/airports.png</href>
            </Icon>
          </IconStyle>
        </Style>
        <Point>
          <altitudeMode>absolute</altitudeMode>
          <coordinates>18.464584,-33.918381,304.8</coordinates>
        </Point>
      </Placemark>
      <Placemark>
        <name>2025-11-07 06:54:29 UTC</name>
        <description><![CDATA[<div><div><span><b>Altitude:</b></span> <span>1,000 ft</span></div>
<div><span><b>Speed:</b></span> <span>139 kt</span></div>
<div><span><b>Heading:</b></span> <span>326&deg;</span></div>
</div>]]></description>
        <TimeStamp>
          <when>2025-11-07T06:54:29+00:00</when>
        </TimeStamp>
        <Style>
          <IconStyle>
            <heading>326</heading>
            <Icon>
              <href>http://maps.google.com/mapfiles/kml/shapes/airports.png</href>
            </Icon>
          </IconStyle>
        </Style>
        <Point>
          <altitudeMode>absolute</altitudeMode>
          <coordinates>18.463701,-33.917267,304.8</coordinates>
        </Point>
      </Placemark>
      <Placemark>
        <name>2025-11-07 06:54:31 UTC</name>
        <description><![CDATA[<div><div><span><b>Altitude:</b></span> <span>1,000 ft</span></div>
<div><span><b>Speed:</b></span> <span>137 kt</span></div>
<div><span><b>Heading:</b></span> <span>326&deg;</span></div>
</div>]]></description>
        <TimeStamp>
          <when>2025-11-07T06:54:31+00:00</when>
        </TimeStamp>
        <Style>
          <IconStyle>
            <heading>326</heading>
            <Icon>
              <href>http://maps.google.com/mapfiles/kml/shapes/airports.png</href>
            </Icon>
          </IconStyle>
        </Style>
        <Point>
          <altitudeMode>absolute</altitudeMode>
          <coordinates>18.462749,-33.916077,304.8</coordinates>
        </Point>
      </Placemark>
      <Placemark>
        <name>2025-11-07 06:54:34 UTC</name>
        <description><![CDATA[<div><div><span><b>Altitude:</b></span> <span>1,000 ft</span></div>
<div><span><b>Speed:</b></span> <span>136 kt</span></div>
<div><span><b>Heading:</b></span> <span>326&deg;</span></div>
</div>]]></description>
        <TimeStamp>
          <when>2025-11-07T06:54:34+00:00</when>
        </TimeStamp>
        <Style>
          <IconStyle>
            <heading>326</heading>
            <Icon>
              <href>http://maps.google.com/mapfiles/kml/shapes/airports.png</href>
            </Icon>
          </IconStyle>
        </Style>
        <Point>
          <altitudeMode>absolute</altitudeMode>
          <coordinates>18.46174,-33.914841,304.8</coordinates>
        </Point>
      </Placemark>
      <Placemark>
        <name>2025-11-07 06:54:36 UTC</name>
        <description><![CDATA[<div><div><span><b>Altitude:</b></span> <span>1,000 ft</span></div>
<div><span><b>Speed:</b></span> <span>134 kt</span></div>
<div><span><b>Heading:</b></span> <span>325&deg;</span></div>
</div>]]></description>
        <TimeStamp>
          <when>2025-11-07T06:54:36+00:00</when>
        </TimeStamp>
        <Style>
          <IconStyle>
            <heading>325</heading>
            <Icon>
              <href>http://maps.google.com/mapfiles/kml/shapes/airports.png</href>
            </Icon>
          </IconStyle>
        </Style>
        <Point>
          <altitudeMode>absolute</altitudeMode>
          <coordinates>18.460842,-33.913696,304.8</coordinates>
        </Point>
      </Placemark>
      <Placemark>
        <name>2025-11-07 06:54:38 UTC</name>
        <description><![CDATA[<div><div><span><b>Altitude:</b></span> <span>900 ft</span></div>
<div><span><b>Speed:</b></span> <span>133 kt</span></div>
<div><span><b>Heading:</b></span> <span>325&deg;</span></div>
</div>]]></description>
        <TimeStamp>
          <when>2025-11-07T06:54:38+00:00</when>
        </TimeStamp>
        <Style>
          <IconStyle>
            <heading>325</heading>
            <Icon>
              <href>http://maps.google.com/mapfiles/kml/shapes/airports.png</href>
            </Icon>
          </IconStyle>
        </Style>
        <Point>
          <altitudeMode>absolute</altitudeMode>
          <coordinates>18.459892,-33.91256,274.32</coordinates>
        </Point>
      </Placemark>
      <Placemark>
        <name>2025-11-07 06:54:40 UTC</name>
        <description><![CDATA[<div><div><span><b>Altitude:</b></span> <span>900 ft</span></div>
<div><span><b>Speed:</b></span> <span>132 kt</span></div>
<div><span><b>Heading:</b></span> <span>324&deg;</span></div>
</div>]]></description>
        <TimeStamp>
          <when>2025-11-07T06:54:40+00:00</when>
        </TimeStamp>
        <Style>
          <IconStyle>
            <heading>324</heading>
            <Icon>
              <href>http://maps.google.com/mapfiles/kml/shapes/airports.png</href>
            </Icon>
          </IconStyle>
        </Style>
        <Point>
          <altitudeMode>absolute</altitudeMode>
          <coordinates>18.459091,-33.911629,274.32</coordinates>
        </Point>
      </Placemark>
      <Placemark>
        <name>2025-11-07 06:54:42 UTC</name>
        <description><![CDATA[<div><div><span><b>Altitude:</b></span> <span>900 ft</span></div>
<div><span><b>Speed:</b></span> <span>130 kt</span></div>
<div><span><b>Heading:</b></span> <span>324&deg;</span></div>
</div>]]></description>
        <TimeStamp>
          <when>2025-11-07T06:54:42+00:00</when>
        </TimeStamp>
        <Style>
          <IconStyle>
            <heading>324</heading>
            <Icon>
              <href>http://maps.google.com/mapfiles/kml/shapes/airports.png</href>
            </Icon>
          </IconStyle>
        </Style>
        <Point>
          <altitudeMode>absolute</altitudeMode>
          <coordinates>18.458004,-33.910374,274.32</coordinates>
        </Point>
      </Placemark>
      <Placemark>
        <name>2025-11-07 06:54:45 UTC</name>
        <description><![CDATA[<div><div><span><b>Altitude:</b></span> <span>900 ft</span></div>
<div><span><b>Speed:</b></span> <span>129 kt</span></div>
<div><span><b>Heading:</b></span> <span>324&deg;</span></div>
</div>]]></description>
        <TimeStamp>
          <when>2025-11-07T06:54:45+00:00</when>
        </TimeStamp>
        <Style>
          <IconStyle>
            <heading>324</heading>
            <Icon>
              <href>http://maps.google.com/mapfiles/kml/shapes/airports.png</href>
            </Icon>
          </IconStyle>
        </Style>
        <Point>
          <altitudeMode>absolute</altitudeMode>
          <coordinates>18.457031,-33.90921,274.32</coordinates>
        </Point>
      </Placemark>
      <Placemark>
        <name>2025-11-07 06:54:47 UTC</name>
        <description><![CDATA[<div><div><span><b>Altitude:</b></span> <span>900 ft</span></div>
<div><span><b>Speed:</b></span> <span>128 kt</span></div>
<div><span><b>Heading:</b></span> <span>323&deg;</span></div>
</div>]]></description>
        <TimeStamp>
          <when>2025-11-07T06:54:47+00:00</when>
        </TimeStamp>
        <Style>
          <IconStyle>
            <heading>323</heading>
            <Icon>
              <href>http://maps.google.com/mapfiles/kml/shapes/airports.png</href>
            </Icon>
          </IconStyle>
        </Style>
        <Point>
          <altitudeMode>absolute</altitudeMode>
          <coordinates>18.45623,-33.908279,274.32</coordinates>
        </Point>
      </Placemark>
      <Placemark>
        <name>2025-11-07 06:54:49 UTC</name>
        <description><![CDATA[<div><div><span><b>Altitude:</b></span> <span>800 ft</span></div>
<div><span><b>Speed:</b></span> <span>126 kt</span></div>
<div><span><b>Heading:</b></span> <span>323&deg;</span></div>
</div>]]></description>
        <TimeStamp>
          <when>2025-11-07T06:54:49+00:00</when>
        </TimeStamp>
        <Style>
          <IconStyle>
            <heading>323</heading>
            <Icon>
              <href>http://maps.google.com/mapfiles/kml/shapes/airports.png</href>
            </Icon>
          </IconStyle>
        </Style>
        <Point>
          <altitudeMode>absolute</altitudeMode>
          <coordinates>18.455406,-33.907379,243.84</coordinates>
        </Point>
      </Placemark>
      <Placemark>
        <name>2025-11-07 06:54:51 UTC</name>
        <description><![CDATA[<div><div><span><b>Altitude:</b></span> <span>800 ft</span></div>
<div><span><b>Speed:</b></span> <span>124 kt</span></div>
<div><span><b>Heading:</b></span> <span>323&deg;</span></div>
</div>]]></description>
        <TimeStamp>
          <when>2025-11-07T06:54:51+00:00</when>
        </TimeStamp>
        <Style>
          <IconStyle>
            <heading>323</heading>
            <Icon>
              <href>http://maps.google.com/mapfiles/kml/shapes/airports.png</href>
            </Icon>
          </IconStyle>
        </Style>
        <Point>
          <altitudeMode>absolute</altitudeMode>
          <coordinates>18.45434,-33.906189,243.84</coordinates>
        </Point>
      </Placemark>
      <Placemark>
        <name>2025-11-07 06:54:58 UTC</name>
        <description><![CDATA[<div><div><span><b>Altitude:</b></span> <span>800 ft</span></div>
<div><span><b>Speed:</b></span> <span>120 kt</span></div>
<div><span><b>Heading:</b></span> <span>322&deg;</span></div>
</div>]]></description>
        <TimeStamp>
          <when>2025-11-07T06:54:58+00:00</when>
        </TimeStamp>
        <Style>
          <IconStyle>
            <heading>322</heading>
            <Icon>
              <href>http://maps.google.com/mapfiles/kml/shapes/airports.png</href>
            </Icon>
          </IconStyle>
        </Style>
        <Point>
          <altitudeMode>absolute</altitudeMode>
          <coordinates>18.451483,-33.90303,243.84</coordinates>
        </Point>
      </Placemark>
      <Placemark>
        <name>2025-11-07 06:55:06 UTC</name>
        <description><![CDATA[<div><div><span><b>Altitude:</b></span> <span>700 ft</span></div>
<div><span><b>Speed:</b></span> <span>112 kt</span></div>
<div><span><b>Heading:</b></span> <span>322&deg;</span></div>
</div>]]></description>
        <TimeStamp>
          <when>2025-11-07T06:55:06+00:00</when>
        </TimeStamp>
        <Style>
          <IconStyle>
            <heading>322</heading>
            <Icon>
              <href>http://maps.google.com/mapfiles/kml/shapes/airports.png</href>
            </Icon>
          </IconStyle>
        </Style>
        <Point>
          <altitudeMode>absolute</altitudeMode>
          <coordinates>18.448456,-33.89978,213.36</coordinates>
        </Point>
      </Placemark>
      <Placemark>
        <name>2025-11-07 06:55:18 UTC</name>
        <description><![CDATA[<div><div><span><b>Altitude:</b></span> <span>700 ft</span></div>
<div><span><b>Speed:</b></span> <span>84 kt</span></div>
<div><span><b>Heading:</b></span> <span>281&deg;</span></div>
</div>]]></description>
        <TimeStamp>
          <when>2025-11-07T06:55:18+00:00</when>
        </TimeStamp>
        <Style>
          <IconStyle>
            <heading>281</heading>
            <Icon>
              <href>http://maps.google.com/mapfiles/kml/shapes/airports.png</href>
            </Icon>
          </IconStyle>
        </Style>
        <Point>
          <altitudeMode>absolute</altitudeMode>
          <coordinates>18.443186,-33.896393,213.36</coordinates>
        </Point>
      </Placemark>
      <Placemark>
        <name>2025-11-07 06:55:23 UTC</name>
        <description><![CDATA[<div><div><span><b>Altitude:</b></span> <span>600 ft</span></div>
<div><span><b>Speed:</b></span> <span>75 kt</span></div>
<div><span><b>Heading:</b></span> <span>262&deg;</span></div>
</div>]]></description>
        <TimeStamp>
          <when>2025-11-07T06:55:23+00:00</when>
        </TimeStamp>
        <Style>
          <IconStyle>
            <heading>262</heading>
            <Icon>
              <href>http://maps.google.com/mapfiles/kml/shapes/airports.png</href>
            </Icon>
          </IconStyle>
        </Style>
        <Point>
          <altitudeMode>absolute</altitudeMode>
          <coordinates>18.441238,-33.896358,182.88</coordinates>
        </Point>
      </Placemark>
      <Placemark>
        <name>2025-11-07 06:55:32 UTC</name>
        <description><![CDATA[<div><div><span><b>Altitude:</b></span> <span>600 ft</span></div>
<div><span><b>Speed:</b></span> <span>66 kt</span></div>
<div><span><b>Heading:</b></span> <span>249&deg;</span></div>
</div>]]></description>
        <TimeStamp>
          <when>2025-11-07T06:55:32+00:00</when>
        </TimeStamp>
        <Style>
          <IconStyle>
            <heading>249</heading>
            <Icon>
              <href>http://maps.google.com/mapfiles/kml/shapes/airports.png</href>
            </Icon>
          </IconStyle>
        </Style>
        <Point>
          <altitudeMode>absolute</altitudeMode>
          <coordinates>18.437693,-33.897263,182.88</coordinates>
        </Point>
      </Placemark>
      <Placemark>
        <name>2025-11-07 06:55:38 UTC</name>
        <description><![CDATA[<div><div><span><b>Altitude:</b></span> <span>500 ft</span></div>
<div><span><b>Speed:</b></span> <span>62 kt</span></div>
<div><span><b>Heading:</b></span> <span>249&deg;</span></div>
</div>]]></description>
        <TimeStamp>
          <when>2025-11-07T06:55:38+00:00</when>
        </TimeStamp>
        <Style>
          <IconStyle>
            <heading>249</heading>
            <Icon>
              <href>http://maps.google.com/mapfiles/kml/shapes/airports.png</href>
            </Icon>
          </IconStyle>
        </Style>
        <Point>
          <altitudeMode>absolute</altitudeMode>
          <coordinates>18.43586,-33.89785,152.4</coordinates>
        </Point>
      </Placemark>
      <Placemark>
        <name>2025-11-07 06:55:43 UTC</name>
        <description><![CDATA[<div><div><span><b>Altitude:</b></span> <span>500 ft</span></div>
<div><span><b>Speed:</b></span> <span>59 kt</span></div>
<div><span><b>Heading:</b></span> <span>249&deg;</span></div>
</div>]]></description>
        <TimeStamp>
          <when>2025-11-07T06:55:43+00:00</when>
        </TimeStamp>
        <Style>
          <IconStyle>
            <heading>249</heading>
            <Icon>
              <href>http://maps.google.com/mapfiles/kml/shapes/airports.png</href>
            </Icon>
          </IconStyle>
        </Style>
        <Point>
          <altitudeMode>absolute</altitudeMode>
          <coordinates>18.433994,-33.898407,152.4</coordinates>
        </Point>
      </Placemark>
      <Placemark>
        <name>2025-11-07 06:55:49 UTC</name>
        <description><![CDATA[<div><div><span><b>Altitude:</b></span> <span>400 ft</span></div>
<div><span><b>Speed:</b></span> <span>56 kt</span></div>
<div><span><b>Heading:</b></span> <span>248&deg;</span></div>
</div>]]></description>
        <TimeStamp>
          <when>2025-11-07T06:55:49+00:00</when>
        </TimeStamp>
        <Style>
          <IconStyle>
            <heading>248</heading>
            <Icon>
              <href>http://maps.google.com/mapfiles/kml/shapes/airports.png</href>
            </Icon>
          </IconStyle>
        </Style>
        <Point>
          <altitudeMode>absolute</altitudeMode>
          <coordinates>18.43248,-33.898911,121.92</coordinates>
        </Point>
      </Placemark>
      <Placemark>
        <name>2025-11-07 06:55:59 UTC</name>
        <description><![CDATA[<div><div><span><b>Altitude:</b></span> <span>300 ft</span></div>
<div><span><b>Speed:</b></span> <span>44 kt</span></div>
<div><span><b>Heading:</b></span> <span>244&deg;</span></div>
</div>]]></description>
        <TimeStamp>
          <when>2025-11-07T06:55:59+00:00</when>
        </TimeStamp>
        <Style>
          <IconStyle>
            <heading>244</heading>
            <Icon>
              <href>http://maps.google.com/mapfiles/kml/shapes/airports.png</href>
            </Icon>
          </IconStyle>
        </Style>
        <Point>
          <altitudeMode>absolute</altitudeMode>
          <coordinates>18.429794,-33.899899,91.44</coordinates>
        </Point>
      </Placemark>
      <Placemark>
        <name>2025-11-07 06:56:03 UTC</name>
        <description><![CDATA[<div><div><span><b>Altitude:</b></span> <span>300 ft</span></div>
<div><span><b>Speed:</b></span> <span>41 kt</span></div>
<div><span><b>Heading:</b></span> <span>242&deg;</span></div>
</div>]]></description>
        <TimeStamp>
          <when>2025-11-07T06:56:03+00:00</when>
        </TimeStamp>
        <Style>
          <IconStyle>
            <heading>242</heading>
            <Icon>
              <href>http://maps.google.com/mapfiles/kml/shapes/airports.png</href>
            </Icon>
          </IconStyle>
        </Style>
        <Point>
          <altitudeMode>absolute</altitudeMode>
          <coordinates>18.429062,-33.900192,91.44</coordinates>
        </Point>
      </Placemark>
      <Placemark>
        <name>2025-11-07 06:56:10 UTC</name>
        <description><![CDATA[<div><div><span><b>Altitude:</b></span> <span>200 ft</span></div>
<div><span><b>Speed:</b></span> <span>20 kt</span></div>
<div><span><b>Heading:</b></span> <span>258&deg;</span></div>
</div>]]></description>
        <TimeStamp>
          <when>2025-11-07T06:56:10+00:00</when>
        </TimeStamp>
        <Style>
          <IconStyle>
            <heading>258</heading>
            <Icon>
              <href>http://maps.google.com/mapfiles/kml/shapes/airports.png</href>
            </Icon>
          </IconStyle>
        </Style>
        <Point>
          <altitudeMode>absolute</altitudeMode>
          <coordinates>18.428078,-33.900364,60.96</coordinates>
        </Point>
      </Placemark>
      <Placemark>
        <name>2025-11-07 06:56:17 UTC</name>
        <description><![CDATA[<div><div><span><b>Altitude:</b></span> <span>200 ft</span></div>
<div><span><b>Speed:</b></span> <span>16 kt</span></div>
<div><span><b>Heading:</b></span> <span>255&deg;</span></div>
</div>]]></description>
        <TimeStamp>
          <when>2025-11-07T06:56:17+00:00</when>
        </TimeStamp>
        <Style>
          <IconStyle>
            <heading>255</heading>
            <Icon>
              <href>http://maps.google.com/mapfiles/kml/shapes/airports.png</href>
            </Icon>
          </IconStyle>
        </Style>
        <Point>
          <altitudeMode>absolute</altitudeMode>
          <coordinates>18.42762,-33.900505,60.96</coordinates>
        </Point>
      </Placemark>
    </Folder>
    <Folder>
      <name>Trail</name>
      <Placemark>
        <Style>
          <LineStyle>
            <color>ffffffff</color>
            <width>2</width>
          </LineStyle>
        </Style>
        <MultiGeometry>
          <LineString>
            <tessellate>1</tessellate>
            <altitudeMode>absolute</altitudeMode>
            <coordinates>18.428053,-33.899094,91.44 18.430126,-33.896805,152.4</coordinates>
          </LineString>
        </MultiGeometry>
        <name>P-1</name>
        <description><![CDATA[<div><div><span><b>Altitude:</b></span> <span>300 ft - 500 ft</span></div>
<div><span><b>Speed:</b></span> <span>48 kt - 60 kt</span></div>
<div><span><b>Timestamp:</b></span><br/><span>2025-11-07 06:31:44 UTC<br/>2025-11-07 06:31:55 UTC</span></div>
</div>]]></description>
      </Placemark>
      <Placemark>
        <Style>
          <LineStyle>
            <color>ffffe062</color>
            <width>2</width>
          </LineStyle>
        </Style>
        <MultiGeometry>
          <LineString>
            <tessellate>1</tessellate>
            <altitudeMode>absolute</altitudeMode>
            <coordinates>18.430126,-33.896805,152.4 18.43214,-33.894264,213.36</coordinates>
          </LineString>
        </MultiGeometry>
        <name>P-2</name>
        <description><![CDATA[<div><div><span><b>Altitude:</b></span> <span>500 ft - 700 ft</span></div>
<div><span><b>Speed:</b></span> <span>60 kt - 65 kt</span></div>
<div><span><b>Timestamp:</b></span><br/><span>2025-11-07 06:31:55 UTC<br/>2025-11-07 06:32:06 UTC</span></div>
</div>]]></description>
      </Placemark>
      <Placemark>
        <Style>
          <LineStyle>
            <color>ffffea00</color>
            <width>2</width>
          </LineStyle>
        </Style>
        <MultiGeometry>
          <LineString>
            <tessellate>1</tessellate>
            <altitudeMode>absolute</altitudeMode>
            <coordinates>18.43214,-33.894264,213.36 18.433228,-33.892731,243.84</coordinates>
          </LineString>
        </MultiGeometry>
        <name>P-3</name>
        <description><![CDATA[<div><div><span><b>Altitude:</b></span> <span>700 ft - 800 ft</span></div>
<div><span><b>Speed:</b></span> <span>65 kt - 70 kt</span></div>
<div><span><b>Timestamp:</b></span><br/><span>2025-11-07 06:32:06 UTC<br/>2025-11-07 06:32:12 UTC</span></div>
</div>]]></description>
      </Placemark>
      <Placemark>
        <Style>
          <LineStyle>
            <color>ffffea00</color>
            <width>2</width>
          </LineStyle>
        </Style>
        <MultiGeometry>
          <LineString>
            <tessellate>1</tessellate>
            <altitudeMode>absolute</altitudeMode>
            <coordinates>18.433228,-33.892731,243.84 18.434443,-33.891174,274.32</coordinates>
          </LineString>
        </MultiGeometry>
        <name>P-4</name>
        <description><![CDATA[<div><div><span><b>Altitude:</b></span> <span>800 ft - 900 ft</span></div>
<div><span><b>Speed:</b></span> <span>70 kt - 75 kt</span></div>
<div><span><b>Timestamp:</b></span><br/><span>2025-11-07 06:32:12 UTC<br/>2025-11-07 06:32:17 UTC</span></div>
</div>]]></description>
      </Placemark>
      <Placemark>
        <Style>
          <LineStyle>
            <color>ffffea00</color>
            <width>2</width>
          </LineStyle>
        </Style>
        <MultiGeometry>
          <LineString>
            <tessellate>1</tessellate>
            <altitudeMode>absolute</altitudeMode>
            <coordinates>18.434443,-33.891174,274.32 18.435459,-33.889332,274.32</coordinates>
          </LineString>
        </MultiGeometry>
        <name>P-5</name>
        <description><![CDATA[<div><div><span><b>Altitude:</b></span> <span>900 ft</span></div>
<div><span><b>Speed:</b></span> <span>75 kt - 81 kt</span></div>
<div><span><b>Timestamp:</b></span><br/><span>2025-11-07 06:32:17 UTC<br/>2025-11-07 06:32:22 UTC</span></div>
</div>]]></description>
      </Placemark>
      <Placemark>
        <Style>
          <LineStyle>
            <color>ffffea00</color>
            <width>2</width>
          </LineStyle>
        </Style>
        <MultiGeometry>
          <LineString>
            <tessellate>1</tessellate>
            <altitudeMode>absolute</altitudeMode>
            <coordinates>18.435459,-33.889332,274.32 18.435955,-33.888245,304.8</coordinates>
          </LineString>
        </MultiGeometry>
        <name>P-6</name>
        <description><![CDATA[<div><div><span><b>Altitude:</b></span> <span>900 ft - 1,000 ft</span></div>
<div><span><b>Speed:</b></span> <span>81 kt - 83 kt</span></div>
<div><span><b>Timestamp:</b></span><br/><span>2025-11-07 06:32:22 UTC<br/>2025-11-07 06:32:25 UTC</span></div>
</div>]]></description>
      </Placemark>
      <Placemark>
        <Style>
          <LineStyle>
            <color>fff0ff00</color>
            <width>2</width>
          </LineStyle>
        </Style>
        <MultiGeometry>
          <LineString>
            <tessellate>1</tessellate>
            <altitudeMode>absolute</altitudeMode>
            <coordinates>18.435955,-33.888245,304.8 18.43626,-33.887516,304.8</coordinates>
          </LineString>
        </MultiGeometry>
        <name>P-7</name>
        <description><![CDATA[<div><div><span><b>Altitude:</b></span> <span>1,000 ft</span></div>
<div><span><b>Speed:</b></span> <span>83 kt - 84 kt</span></div>
<div><span><b>Timestamp:</b></span><br/><span>2025-11-07 06:32:25 UTC<br/>2025-11-07 06:32:28 UTC</span></div>
</div>]]></description>
      </Placemark>
      <Placemark>
        <Style>
          <LineStyle>
            <color>fff0ff00</color>
            <width>2</width>
          </LineStyle>
        </Style>
        <MultiGeometry>
          <LineString>
            <tessellate>1</tessellate>
            <altitudeMode>absolute</altitudeMode>
            <coordinates>18.43626,-33.887516,304.8 18.436661,-33.886585,335.28</coordinates>
          </LineString>
        </MultiGeometry>
        <name>P-8</name>
        <description><![CDATA[<div><div><span><b>Altitude:</b></span> <span>1,000 ft - 1,100 ft</span></div>
<div><span><b>Speed:</b></span> <span>84 kt - 85 kt</span></div>
<div><span><b>Timestamp:</b></span><br/><span>2025-11-07 06:32:28 UTC<br/>2025-11-07 06:32:30 UTC</span></div>
</div>]]></description>
      </Placemark>
      <Placemark>
        <Style>
          <LineStyle>
            <color>fff0ff00</color>
            <width>2</width>
          </LineStyle>
        </Style>
        <MultiGeometry>
          <LineString>
            <tessellate>1</tessellate>
            <altitudeMode>absolute</altitudeMode>
            <coordinates>18.436661,-33.886585,335.28 18.436909,-33.885818,335.28</coordinates>
          </LineString>
        </MultiGeometry>
        <name>P-9</name>
        <description><![CDATA[<div><div><span><b>Altitude:</b></span> <span>1,100 ft</span></div>
<div><span><b>Speed:</b></span> <span>85 kt - 88 kt</span></div>
<div><span><b>Timestamp:</b></span><br/><span>2025-11-07 06:32:30 UTC<br/>2025-11-07 06:32:32 UTC</span></div>
</div>]]></description>
      </Placemark>
      <Placemark>
        <Style>
          <LineStyle>
            <color>fff0ff00</color>
            <width>2</width>
          </LineStyle>
        </Style>
        <MultiGeometry>
          <LineString>
            <tessellate>1</tessellate>
            <altitudeMode>absolute</altitudeMode>
            <coordinates>18.436909,-33.885818,335.28 18.437021,-33.88504,335.28</coordinates>
          </LineString>
        </MultiGeometry>
        <name>P-10</name>
        <description><![CDATA[<div><div><span><b>Altitude:</b></span> <span>1,100 ft</span></div>
<div><span><b>Speed:</b></span> <span>88 kt - 91 kt</span></div>
<div><span><b>Timestamp:</b></span><br/><span>2025-11-07 06:32:32 UTC<br/>2025-11-07 06:32:34 UTC</span></div>
</div>]]></description>
      </Placemark>
      <Placemark>
        <Style>
          <LineStyle>
            <color>fff0ff00</color>
            <width>2</width>
          </LineStyle>
        </Style>
        <MultiGeometry>
          <LineString>
            <tessellate>1</tessellate>
            <altitudeMode>absolute</altitudeMode>
            <coordinates>18.437021,-33.88504,335.28 18.437061,-33.883976,335.28</coordinates>
          </LineString>
        </MultiGeometry>
        <name>P-11</name>
        <description><![CDATA[<div><div><span><b>Altitude:</b></span> <span>1,100 ft</span></div>
<div><span><b>Speed:</b></span> <span>91 kt - 93 kt</span></div>
<div><span><b>Timestamp:</b></span><br/><span>2025-11-07 06:32:34 UTC<br/>2025-11-07 06:32:37 UTC</span></div>
</div>]]></description>
      </Placemark>
      <Placemark>
        <Style>
          <LineStyle>
            <color>fff0ff00</color>
            <width>2</width>
          </LineStyle>
        </Style>
        <MultiGeometry>
          <LineString>
            <tessellate>1</tessellate>
            <altitudeMode>absolute</altitudeMode>
            <coordinates>18.437061,-33.883976,335.28 18.437077,-33.88298,365.76</coordinates>
          </LineString>
        </MultiGeometry>
        <name>P-12</name>
        <description><![CDATA[<div><div><span><b>Altitude:</b></span> <span>1,100 ft - 1,200 ft</span></div>
<div><span><b>Speed:</b></span> <span>93 kt - 96 kt</span></div>
<div><span><b>Timestamp:</b></span><br/><span>2025-11-07 06:32:37 UTC<br/>2025-11-07 06:32:39 UTC</span></div>
</div>]]></description>
      </Placemark>
      <Placemark>
        <Style>
          <LineStyle>
            <color>fff0ff00</color>
            <width>2</width>
          </LineStyle>
        </Style>
        <MultiGeometry>
          <LineString>
            <tessellate>1</tessellate>
            <altitudeMode>absolute</altitudeMode>
            <coordinates>18.437077,-33.88298,365.76 18.437004,-33.882023,365.76</coordinates>
          </LineString>
        </MultiGeometry>
        <name>P-13</name>
        <description><![CDATA[<div><div><span><b>Altitude:</b></span> <span>1,200 ft</span></div>
<div><span><b>Speed:</b></span> <span>96 kt - 98 kt</span></div>
<div><span><b>Timestamp:</b></span><br/><span>2025-11-07 06:32:39 UTC<br/>2025-11-07 06:32:41 UTC</span></div>
</div>]]></description>
      </Placemark>
      <Placemark>
        <Style>
          <LineStyle>
            <color>fff0ff00</color>
            <width>2</width>
          </LineStyle>
        </Style>
        <MultiGeometry>
          <LineString>
            <tessellate>1</tessellate>
            <altitudeMode>absolute</altitudeMode>
            <coordinates>18.437004,-33.882023,365.76 18.436775,-33.880859,365.76</coordinates>
          </LineString>
        </MultiGeometry>
        <name>P-14</name>
        <description><![CDATA[<div><div><span><b>Altitude:</b></span> <span>1,200 ft</span></div>
<div><span><b>Speed:</b></span> <span>98 kt - 99 kt</span></div>
<div><span><b>Timestamp:</b></span><br/><span>2025-11-07 06:32:41 UTC<br/>2025-11-07 06:32:43 UTC</span></div>
</div>]]></description>
      </Placemark>
      <Placemark>
        <Style>
          <LineStyle>
            <color>fff0ff00</color>
            <width>2</width>
          </LineStyle>
        </Style>
        <MultiGeometry>
          <LineString>
            <tessellate>1</tessellate>
            <altitudeMode>absolute</altitudeMode>
            <coordinates>18.436775,-33.880859,365.76 18.436546,-33.879929,396.24</coordinates>
          </LineString>
        </MultiGeometry>
        <name>P-15</name>
        <description><![CDATA[<div><div><span><b>Altitude:</b></span> <span>1,200 ft - 1,300 ft</span></div>
<div><span><b>Speed:</b></span> <span>99 kt - 100 kt</span></div>
<div><span><b>Timestamp:</b></span><br/><span>2025-11-07 06:32:43 UTC<br/>2025-11-07 06:32:46 UTC</span></div>
</div>]]></description>
      </Placemark>
      <Placemark>
        <Style>
          <LineStyle>
            <color>fff0ff00</color>
            <width>2</width>
          </LineStyle>
        </Style>
        <MultiGeometry>
          <LineString>
            <tessellate>1</tessellate>
            <altitudeMode>absolute</altitudeMode>
            <coordinates>18.436546,-33.879929,396.24 18.436293,-33.878998,396.24</coordinates>
          </LineString>
        </MultiGeometry>
        <name>P-16</name>
        <description><![CDATA[<div><div><span><b>Altitude:</b></span> <span>1,300 ft</span></div>
<div><span><b>Speed:</b></span> <span>100 kt</span></div>
<div><span><b>Timestamp:</b></span><br/><span>2025-11-07 06:32:46 UTC<br/>2025-11-07 06:32:48 UTC</span></div>
</div>]]></description>
      </Placemark>
      <Placemark>
        <Style>
          <LineStyle>
            <color>fff0ff00</color>
            <width>2</width>
          </LineStyle>
        </Style>
        <MultiGeometry>
          <LineString>
            <tessellate>1</tessellate>
            <altitudeMode>absolute</altitudeMode>
            <coordinates>18.436293,-33.878998,396.24 18.4359,-33.877991,396.24</coordinates>
          </LineString>
        </MultiGeometry>
        <name>P-17</name>
        <description><![CDATA[<div><div><span><b>Altitude:</b></span> <span>1,300 ft</span></div>
<div><span><b>Speed:</b></span> <span>100 kt</span></div>
<div><span><b>Timestamp:</b></span><br/><span>2025-11-07 06:32:48 UTC<br/>2025-11-07 06:32:50 UTC</span></div>
</div>]]></description>
      </Placemark>
      <Placemark>
        <Style>
          <LineStyle>
            <color>fff0ff00</color>
            <width>2</width>
          </LineStyle>
        </Style>
        <MultiGeometry>
          <LineString>
            <tessellate>1</tessellate>
            <altitudeMode>absolute</altitudeMode>
            <coordinates>18.4359,-33.877991,396.24 18.435507,-33.877029,396.24</coordinates>
          </LineString>
        </MultiGeometry>
        <name>P-18</name>
        <description><![CDATA[<div><div><span><b>Altitude:</b></span> <span>1,300 ft</span></div>
<div><span><b>Speed:</b></span> <span>100 kt - 102 kt</span></div>
<div><span><b>Timestamp:</b></span><br/><span>2025-11-07 06:32:50 UTC<br/>2025-11-07 06:32:52 UTC</span></div>
</div>]]></description>
      </Placemark>
      <Placemark>
        <Style>
          <LineStyle>
            <color>fff0ff00</color>
            <width>2</width>
          </LineStyle>
        </Style>
        <MultiGeometry>
          <LineString>
            <tessellate>1</tessellate>
            <altitudeMode>absolute</altitudeMode>
            <coordinates>18.435507,-33.877029,396.24 18.435059,-33.876019,426.72</coordinates>
          </LineString>
        </MultiGeometry>
        <name>P-19</name>
        <description><![CDATA[<div><div><span><b>Altitude:</b></span> <span>1,300 ft - 1,400 ft</span></div>
<div><span><b>Speed:</b></span> <span>102 kt - 101 kt</span></div>
<div><span><b>Timestamp:</b></span><br/><span>2025-11-07 06:32:52 UTC<br/>2025-11-07 06:32:54 UTC</span></div>
</div>]]></description>
      </Placemark>
      <Placemark>
        <Style>
          <LineStyle>
            <color>ffccff00</color>
            <width>2</width>
          </LineStyle>
        </Style>
        <MultiGeometry>
          <LineString>
            <tessellate>1</tessellate>
            <altitudeMode>absolute</altitudeMode>
            <coordinates>18.435059,-33.876019,426.72 18.434498,-33.874969,426.72</coordinates>
          </LineString>
        </MultiGeometry>
        <name>P-20</name>
        <description><![CDATA[<div><div><span><b>Altitude:</b></span> <span>1,400 ft</span></div>
<div><span><b>Speed:</b></span> <span>101 kt - 100 kt</span></div>
<div><span><b>Timestamp:</b></span><br/><span>2025-11-07 06:32:54 UTC<br/>2025-11-07 06:32:56 UTC</span></div>
</div>]]></description>
      </Placemark>
      <Placemark>
        <Style>
          <LineStyle>
            <color>ffccff00</color>
            <width>2</width>
          </LineStyle>
        </Style>
        <MultiGeometry>
          <LineString>
            <tessellate>1</tessellate>
            <altitudeMode>absolute</altitudeMode>
            <coordinates>18.434498,-33.874969,426.72 18.433937,-33.874008,426.72</coordinates>
          </LineString>
        </MultiGeometry>
        <name>P-21</name>
        <description><![CDATA[<div><div><span><b>Altitude:</b></span> <span>1,400 ft</span></div>
<div><span><b>Speed:</b></span> <span>100 kt</span></div>
<div><span><b>Timestamp:</b></span><br/><span>2025-11-07 06:32:56 UTC<br/>2025-11-07 06:32:59 UTC</span></div>
</div>]]></description>
      </Placemark>
      <Placemark>
        <Style>
          <LineStyle>
            <color>ffccff00</color>
            <width>2</width>
          </LineStyle>
        </Style>
        <MultiGeometry>
          <LineString>
            <tessellate>1</tessellate>
            <altitudeMode>absolute</altitudeMode>
            <coordinates>18.433937,-33.874008,426.72 18.433489,-33.873367,457.2</coordinates>
          </LineString>
        </MultiGeometry>
        <name>P-22</name>
        <description><![CDATA[<div><div><span><b>Altitude:</b></span> <span>1,400 ft - 1,500 ft</span></div>
<div><span><b>Speed:</b></span> <span>100 kt - 97 kt</span></div>
<div><span><b>Timestamp:</b></span><br/><span>2025-11-07 06:32:59 UTC<br/>2025-11-07 06:33:06 UTC</span></div>
</div>]]></description>
      </Placemark>
      <Placemark>
        <Style>
          <LineStyle>
            <color>ffccff00</color>
            <width>2</width>
          </LineStyle>
        </Style>
        <MultiGeometry>
          <LineString>
            <tessellate>1</tessellate>
            <altitudeMode>absolute</altitudeMode>
            <coordinates>18.433489,-33.873367,457.2 18.426933,-33.868893,518.16</coordinates>
          </LineString>
        </MultiGeometry>
        <name>P-23</name>
        <description><![CDATA[<div><div><span><b>Altitude:</b></span> <span>1,500 ft - 1,700 ft</span></div>
<div><span><b>Speed:</b></span> <span>97 kt - 91 kt</span></div>
<div><span><b>Timestamp:</b></span><br/><span>2025-11-07 06:33:06 UTC<br/>2025-11-07 06:33:17 UTC</span></div>
</div>]]></description>
      </Placemark>
      <Placemark>
        <Style>
          <LineStyle>
            <color>ffccff00</color>
            <width>2</width>
          </LineStyle>
        </Style>
        <MultiGeometry>
          <LineString>
            <tessellate>1</tessellate>
            <altitudeMode>absolute</altitudeMode>
            <coordinates>18.426933,-33.868893,518.16 18.424017,-33.868515,548.64</coordinates>
          </LineString>
        </MultiGeometry>
        <name>P-24</name>
        <description><![CDATA[<div><div><span><b>Altitude:</b></span> <span>1,700 ft - 1,800 ft</span></div>
<div><span><b>Speed:</b></span> <span>91 kt - 88 kt</span></div>
<div><span><b>Timestamp:</b></span><br/><span>2025-11-07 06:33:17 UTC<br/>2025-11-07 06:33:23 UTC</span></div>
</div>]]></description>
      </Placemark>
      <Placemark>
        <Style>
          <LineStyle>
            <color>ffccff00</color>
            <width>2</width>
          </LineStyle>
        </Style>
        <MultiGeometry>
          <LineString>
            <tessellate>1</tessellate>
            <altitudeMode>absolute</altitudeMode>
            <coordinates>18.424017,-33.868515,548.64 18.421383,-33.868755,548.64</coordinates>
          </LineString>
        </MultiGeometry>
        <name>P-25</name>
        <description><![CDATA[<div><div><span><b>Altitude:</b></span> <span>1,800 ft</span></div>
<div><span><b>Speed:</b></span> <span>88 kt - 86 kt</span></div>
<div><span><b>Timestamp:</b></span><br/><span>2025-11-07 06:33:23 UTC<br/>2025-11-07 06:33:28 UTC</span></div>
</div>]]></description>
      </Placemark>
      <Placemark>
        <Style>
          <LineStyle>
            <color>ffccff00</color>
            <width>2</width>
          </LineStyle>
        </Style>
        <MultiGeometry>
          <LineString>
            <tessellate>1</tessellate>
            <altitudeMode>absolute</altitudeMode>
            <coordinates>18.421383,-33.868755,548.64 18.419027,-33.869614,579.12</coordinates>
          </LineString>
        </MultiGeometry>
        <name>P-26</name>
        <description><![CDATA[<div><div><span><b>Altitude:</b></span> <span>1,800 ft - 1,900 ft</span></div>
<div><span><b>Speed:</b></span> <span>86 kt - 84 kt</span></div>
<div><span><b>Timestamp:</b></span><br/><span>2025-11-07 06:33:28 UTC<br/>2025-11-07 06:33:34 UTC</span></div>
</div>]]></description>
      </Placemark>
      <Placemark>
        <Style>
          <LineStyle>
            <color>ffccff00</color>
            <width>2</width>
          </LineStyle>
        </Style>
        <MultiGeometry>
          <LineString>
            <tessellate>1</tessellate>
            <altitudeMode>absolute</altitudeMode>
            <coordinates>18.419027,-33.869614,579.12 18.417234,-33.871033,579.12</coordinates>
          </LineString>
        </MultiGeometry>
        <name>P-27</name>
        <description><![CDATA[<div><div><span><b>Altitude:</b></span> <span>1,900 ft</span></div>
<div><span><b>Speed:</b></span> <span>84 kt - 79 kt</span></div>
<div><span><b>Timestamp:</b></span><br/><span>2025-11-07 06:33:34 UTC<br/>2025-11-07 06:33:39 UTC</span></div>
</div>]]></description>
      </Placemark>
      <Placemark>
        <Style>
          <LineStyle>
            <color>ffccff00</color>
            <width>2</width>
          </LineStyle>
        </Style>
        <MultiGeometry>
          <LineString>
            <tessellate>1</tessellate>
            <altitudeMode>absolute</altitudeMode>
            <coordinates>18.417234,-33.871033,579.12 18.416348,-33.872478,579.12</coordinates>
          </LineString>
        </MultiGeometry>
        <name>P-28</name>
        <description><![CDATA[<div><div><span><b>Altitude:</b></span> <span>1,900 ft</span></div>
<div><span><b>Speed:</b></span> <span>79 kt - 71 kt</span></div>
<div><span><b>Timestamp:</b></span><br/><span>2025-11-07 06:33:39 UTC<br/>2025-11-07 06:33:44 UTC</span></div>
</div>]]></description>
      </Placemark>
      <Placemark>
        <Style>
          <LineStyle>
            <color>ffccff00</color>
            <width>2</width>
          </LineStyle>
        </Style>
        <MultiGeometry>
          <LineString>
            <tessellate>1</tessellate>
            <altitudeMode>absolute</altitudeMode>
            <coordinates>18.416348,-33.872478,579.12 18.416225,-33.873138,579.12</coordinates>
          </LineString>
        </MultiGeometry>
        <name>P-29</name>
        <description><![CDATA[<div><div><span><b>Altitude:</b></span> <span>1,900 ft</span></div>
<div><span><b>Speed:</b></span> <span>71 kt - 69 kt</span></div>
<div><span><b>Timestamp:</b></span><br/><span>2025-11-07 06:33:44 UTC<br/>2025-11-07 06:33:46 UTC</span></div>
</div>]]></description>
      </Placemark>
      <Placemark>
        <Style>
          <LineStyle>
            <color>ffccff00</color>
            <width>2</width>
          </LineStyle>
        </Style>
        <MultiGeometry>
          <LineString>
            <tessellate>1</tessellate>
            <altitudeMode>absolute</altitudeMode>
            <coordinates>18.416225,-33.873138,579.12 18.416176,-33.873642,579.12</coordinates>
          </LineString>
        </MultiGeometry>
        <name>P-30</name>
        <description><![CDATA[<div><div><span><b>Altitude:</b></span> <span>1,900 ft</span></div>
<div><span><b>Speed:</b></span> <span>69 kt - 67 kt</span></div>
<div><span><b>Timestamp:</b></span><br/><span>2025-11-07 06:33:46 UTC<br/>2025-11-07 06:33:48 UTC</span></div>
</div>]]></description>
      </Placemark>
      <Placemark>
        <Style>
          <LineStyle>
            <color>ffccff00</color>
            <width>2</width>
          </LineStyle>
        </Style>
        <MultiGeometry>
          <LineString>
            <tessellate>1</tessellate>
            <altitudeMode>absolute</altitudeMode>
            <coordinates>18.416176,-33.873642,579.12 18.416449,-33.874695,579.12</coordinates>
          </LineString>
        </MultiGeometry>
        <name>P-31</name>
        <description><![CDATA[<div><div><span><b>Altitude:</b></span> <span>1,900 ft</span></div>
<div><span><b>Speed:</b></span> <span>67 kt - 64 kt</span></div>
<div><span><b>Timestamp:</b></span><br/><span>2025-11-07 06:33:48 UTC<br/>2025-11-07 06:33:51 UTC</span></div>
</div>]]></description>
      </Placemark>
      <Placemark>
        <Style>
          <LineStyle>
            <color>ffccff00</color>
            <width>2</width>
          </LineStyle>
        </Style>
        <MultiGeometry>
          <LineString>
            <tessellate>1</tessellate>
            <altitudeMode>absolute</altitudeMode>
            <coordinates>18.416449,-33.874695,579.12 18.416748,-33.875225,609.6</coordinates>
          </LineString>
        </MultiGeometry>
        <name>P-32</name>
        <description><![CDATA[<div><div><span><b>Altitude:</b></span> <span>1,900 ft - 2,000 ft</span></div>
<div><span><b>Speed:</b></span> <span>64 kt - 62 kt</span></div>
<div><span><b>Timestamp:</b></span><br/><span>2025-11-07 06:33:51 UTC<br/>2025-11-07 06:33:53 UTC</span></div>
</div>]]></description>
      </Placemark>
      <Placemark>
        <Style>
          <LineStyle>
            <color>ff42ff00</color>
            <width>2</width>
          </LineStyle>
        </Style>
        <MultiGeometry>
          <LineString>
            <tessellate>1</tessellate>
            <altitudeMode>absolute</altitudeMode>
            <coordinates>18.416748,-33.875225,609.6 18.417149,-33.87569,609.6</coordinates>
          </LineString>
        </MultiGeometry>
        <name>P-33</name>
        <description><![CDATA[<div><div><span><b>Altitude:</b></span> <span>2,000 ft</span></div>
<div><span><b>Speed:</b></span> <span>62 kt - 63 kt</span></div>
<div><span><b>Timestamp:</b></span><br/><span>2025-11-07 06:33:53 UTC<br/>2025-11-07 06:33:55 UTC</span></div>
</div>]]></description>
      </Placemark>
      <Placemark>
        <Style>
          <LineStyle>
            <color>ff42ff00</color>
            <width>2</width>
          </LineStyle>
        </Style>
        <MultiGeometry>
          <LineString>
            <tessellate>1</tessellate>
            <altitudeMode>absolute</altitudeMode>
            <coordinates>18.417149,-33.87569,609.6 18.417778,-33.876202,609.6</coordinates>
          </LineString>
        </MultiGeometry>
        <name>P-34</name>
        <description><![CDATA[<div><div><span><b>Altitude:</b></span> <span>2,000 ft</span></div>
<div><span><b>Speed:</b></span> <span>63 kt - 61 kt</span></div>
<div><span><b>Timestamp:</b></span><br/><span>2025-11-07 06:33:55 UTC<br/>2025-11-07 06:33:57 UTC</span></div>
</div>]]></description>
      </Placemark>
      <Placemark>
        <Style>
          <LineStyle>
            <color>ff42ff00</color>
            <width>2</width>
          </LineStyle>
        </Style>
        <MultiGeometry>
          <LineString>
            <tessellate>1</tessellate>
            <altitudeMode>absolute</altitudeMode>
            <coordinates>18.417778,-33.876202,609.6 18.418524,-33.876617,609.6</coordinates>
          </LineString>
        </MultiGeometry>
        <name>P-35</name>
        <description><![CDATA[<div><div><span><b>Altitude:</b></span> <span>2,000 ft</span></div>
<div><span><b>Speed:</b></span> <span>61 kt - 62 kt</span></div>
<div><span><b>Timestamp:</b></span><br/><span>2025-11-07 06:33:57 UTC<br/>2025-11-07 06:34:00 UTC</span></div>
</div>]]></description>
      </Placemark>
      <Placemark>
        <Style>
          <LineStyle>
            <color>ff42ff00</color>
            <width>2</width>
          </LineStyle>
        </Style>
        <MultiGeometry>
          <LineString>
            <tessellate>1</tessellate>
            <altitudeMode>absolute</altitudeMode>
            <coordinates>18.418524,-33.876617,609.6 18.419151,-33.876762,609.6</coordinates>
          </LineString>
        </MultiGeometry>
        <name>P-36</name>
        <description><![CDATA[<div><div><span><b>Altitude:</b></span> <span>2,000 ft</span></div>
<div><span><b>Speed:</b></span> <span>62 kt</span></div>
<div><span><b>Timestamp:</b></span><br/><span>2025-11-07 06:34:00 UTC<br/>2025-11-07 06:34:02 UTC</span></div>
</div>]]></description>
      </Placemark>
      <Placemark>
        <Style>
          <LineStyle>
            <color>ff42ff00</color>
            <width>2</width>
          </LineStyle>
        </Style>
        <MultiGeometry>
          <LineString>
            <tessellate>1</tessellate>
            <altitudeMode>absolute</altitudeMode>
            <coordinates>18.419151,-33.876762,609.6 18.42001,-33.8769,609.6</coordinates>
          </LineString>
        </MultiGeometry>
        <name>P-37</name>
        <description><![CDATA[<div><div><span><b>Altitude:</b></span> <span>2,000 ft</span></div>
<div><span><b>Speed:</b></span> <span>62 kt - 64 kt</span></div>
<div><span><b>Timestamp:</b></span><br/><span>2025-11-07 06:34:02 UTC<br/>2025-11-07 06:34:04 UTC</span></div>
</div>]]></description>
      </Placemark>
      <Placemark>
        <Style>
          <LineStyle>
            <color>ff42ff00</color>
            <width>2</width>
          </LineStyle>
        </Style>
        <MultiGeometry>
          <LineString>
            <tessellate>1</tessellate>
            <altitudeMode>absolute</altitudeMode>
            <coordinates>18.42001,-33.8769,609.6 18.420868,-33.876808,609.6</coordinates>
          </LineString>
        </MultiGeometry>
        <name>P-38</name>
        <description><![CDATA[<div><div><span><b>Altitude:</b></span> <span>2,000 ft</span></div>
<div><span><b>Speed:</b></span> <span>64 kt</span></div>
<div><span><b>Timestamp:</b></span><br/><span>2025-11-07 06:34:04 UTC<br/>2025-11-07 06:34:07 UTC</span></div>
</div>]]></description>
      </Placemark>
      <Placemark>
        <Style>
          <LineStyle>
            <color>ff42ff00</color>
            <width>2</width>
          </LineStyle>
        </Style>
        <MultiGeometry>
          <LineString>
            <tessellate>1</tessellate>
            <altitudeMode>absolute</altitudeMode>
            <coordinates>18.420868,-33.876808,609.6 18.421612,-33.87653,609.6</coordinates>
          </LineString>
        </MultiGeometry>
        <name>P-39</name>
        <description><![CDATA[<div><div><span><b>Altitude:</b></span> <span>2,000 ft</span></div>
<div><span><b>Speed:</b></span> <span>64 kt - 67 kt</span></div>
<div><span><b>Timestamp:</b></span><br/><span>2025-11-07 06:34:07 UTC<br/>2025-11-07 06:34:09 UTC</span></div>
</div>]]></description>
      </Placemark>
      <Placemark>
        <Style>
          <LineStyle>
            <color>ff42ff00</color>
            <width>2</width>
          </LineStyle>
        </Style>
        <MultiGeometry>
          <LineString>
            <tessellate>1</tessellate>
            <altitudeMode>absolute</altitudeMode>
            <coordinates>18.421612,-33.87653,609.6 18.422167,-33.876114,640.08</coordinates>
          </LineString>
        </MultiGeometry>
        <name>P-40</name>
        <description><![CDATA[<div><div><span><b>Altitude:</b></span> <span>2,000 ft - 2,100 ft</span></div>
<div><span><b>Speed:</b></span> <span>67 kt - 73 kt</span></div>
<div><span><b>Timestamp:</b></span><br/><span>2025-11-07 06:34:09 UTC<br/>2025-11-07 06:34:11 UTC</span></div>
</div>]]></description>
      </Placemark>
      <Placemark>
        <Style>
          <LineStyle>
            <color>ff42ff00</color>
            <width>2</width>
          </LineStyle>
        </Style>
        <MultiGeometry>
          <LineString>
            <tessellate>1</tessellate>
            <altitudeMode>absolute</altitudeMode>
            <coordinates>18.422167,-33.876114,640.08 18.422642,-33.875179,640.08</coordinates>
          </LineString>
        </MultiGeometry>
        <name>P-41</name>
        <description><![CDATA[<div><div><span><b>Altitude:</b></span> <span>2,100 ft</span></div>
<div><span><b>Speed:</b></span> <span>73 kt - 78 kt</span></div>
<div><span><b>Timestamp:</b></span><br/><span>2025-11-07 06:34:11 UTC<br/>2025-11-07 06:34:14 UTC</span></div>
</div>]]></description>
      </Placemark>
      <Placemark>
        <Style>
          <LineStyle>
            <color>ff42ff00</color>
            <width>2</width>
          </LineStyle>
        </Style>
        <MultiGeometry>
          <LineString>
            <tessellate>1</tessellate>
            <altitudeMode>absolute</altitudeMode>
            <coordinates>18.422642,-33.875179,640.08 18.422728,-33.874374,640.08</coordinates>
          </LineString>
        </MultiGeometry>
        <name>P-42</name>
        <description><![CDATA[<div><div><span><b>Altitude:</b></span> <span>2,100 ft</span></div>
<div><span><b>Speed:</b></span> <span>78 kt - 85 kt</span></div>
<div><span><b>Timestamp:</b></span><br/><span>2025-11-07 06:34:14 UTC<br/>2025-11-07 06:34:16 UTC</span></div>
</div>]]></description>
      </Placemark>
      <Placemark>
        <Style>
          <LineStyle>
            <color>ff42ff00</color>
            <width>2</width>
          </LineStyle>
        </Style>
        <MultiGeometry>
          <LineString>
            <tessellate>1</tessellate>
            <altitudeMode>absolute</altitudeMode>
            <coordinates>18.422728,-33.874374,640.08 18.422527,-33.873642,640.08</coordinates>
          </LineString>
        </MultiGeometry>
        <name>P-43</name>
        <description><![CDATA[<div><div><span><b>Altitude:</b></span> <span>2,100 ft</span></div>
<div><span><b>Speed:</b></span> <span>85 kt - 88 kt</span></div>
<div><span><b>Timestamp:</b></span><br/><span>2025-11-07 06:34:16 UTC<br/>2025-11-07 06:34:18 UTC</span></div>
</div>]]></description>
      </Placemark>
      <Placemark>
        <Style>
          <LineStyle>
            <color>ff42ff00</color>
            <width>2</width>
          </LineStyle>
        </Style>
        <MultiGeometry>
          <LineString>
            <tessellate>1</tessellate>
            <altitudeMode>absolute</altitudeMode>
            <coordinates>18.422527,-33.873642,640.08 18.422184,-33.87299,640.08</coordinates>
          </LineString>
        </MultiGeometry>
        <name>P-44</name>
        <description><![CDATA[<div><div><span><b>Altitude:</b></span> <span>2,100 ft</span></div>
<div><span><b>Speed:</b></span> <span>88 kt - 91 kt</span></div>
<div><span><b>Timestamp:</b></span><br/><span>2025-11-07 06:34:18 UTC<br/>2025-11-07 06:34:20 UTC</span></div>
</div>]]></description>
      </Placemark>
      <Placemark>
        <Style>
          <LineStyle>
            <color>ff42ff00</color>
            <width>2</width>
          </LineStyle>
        </Style>
        <MultiGeometry>
          <LineString>
            <tessellate>1</tessellate>
            <altitudeMode>absolute</altitudeMode>
            <coordinates>18.422184,-33.87299,640.08 18.42144,-33.872154,640.08</coordinates>
          </LineString>
        </MultiGeometry>
        <name>P-45</name>
        <description><![CDATA[<div><div><span><b>Altitude:</b></span> <span>2,100 ft</span></div>
<div><span><b>Speed:</b></span> <span>91 kt - 95 kt</span></div>
<div><span><b>Timestamp:</b></span><br/><span>2025-11-07 06:34:20 UTC<br/>2025-11-07 06:34:22 UTC</span></div>
</div>]]></description>
      </Placemark>
      <Placemark>
        <Style>
          <LineStyle>
            <color>ff42ff00</color>
            <width>2</width>
          </LineStyle>
        </Style>
        <MultiGeometry>
          <LineString>
            <tessellate>1</tessellate>
            <altitudeMode>absolute</altitudeMode>
            <coordinates>18.42144,-33.872154,640.08 18.420429,-33.871399,670.56</coordinates>
          </LineString>
        </MultiGeometry>
        <name>P-46</name>
        <description><![CDATA[<div><div><span><b>Altitude:</b></span> <span>2,100 ft - 2,200 ft</span></div>
<div><span><b>Speed:</b></span> <span>95 kt - 99 kt</span></div>
<div><span><b>Timestamp:</b></span><br/><span>2025-11-07 06:34:22 UTC<br/>2025-11-07 06:34:24 UTC</span></div>
</div>]]></description>
      </Placemark>
      <Placemark>
        <Style>
          <LineStyle>
            <color>ff42ff00</color>
            <width>2</width>
          </LineStyle>
        </Style>
        <MultiGeometry>
          <LineString>
            <tessellate>1</tessellate>
            <altitudeMode>absolute</altitudeMode>
            <coordinates>18.420429,-33.871399,670.56 18.419252,-33.870804,640.08</coordinates>
          </LineString>
        </MultiGeometry>
        <name>P-47</name>
        <description><![CDATA[<div><div><span><b>Altitude:</b></span> <span>2,200 ft - 2,100 ft</span></div>
<div><span><b>Speed:</b></span> <span>99 kt - 102 kt</span></div>
<div><span><b>Timestamp:</b></span><br/><span>2025-11-07 06:34:24 UTC<br/>2025-11-07 06:34:26 UTC</span></div>
</div>]]></description>
      </Placemark>
      <Placemark>
        <Style>
          <LineStyle>
            <color>ff42ff00</color>
            <width>2</width>
          </LineStyle>
        </Style>
        <MultiGeometry>
          <LineString>
            <tessellate>1</tessellate>
            <altitudeMode>absolute</altitudeMode>
            <coordinates>18.419252,-33.870804,640.08 18.418299,-33.870483,640.08</coordinates>
          </LineString>
        </MultiGeometry>
        <name>P-48</name>
        <description><![CDATA[<div><div><span><b>Altitude:</b></span> <span>2,100 ft</span></div>
<div><span><b>Speed:</b></span> <span>102 kt - 106 kt</span></div>
<div><span><b>Timestamp:</b></span><br/><span>2025-11-07 06:34:26 UTC<br/>2025-11-07 06:34:28 UTC</span></div>
</div>]]></description>
      </Placemark>
      <Placemark>
        <Style>
          <LineStyle>
            <color>ff42ff00</color>
            <width>2</width>
          </LineStyle>
        </Style>
        <MultiGeometry>
          <LineString>
            <tessellate>1</tessellate>
            <altitudeMode>absolute</altitudeMode>
            <coordinates>18.418299,-33.870483,640.08 18.417234,-33.8703,670.56</coordinates>
          </LineString>
        </MultiGeometry>
        <name>P-49</name>
        <description><![CDATA[<div><div><span><b>Altitude:</b></span> <span>2,100 ft - 2,200 ft</span></div>
<div><span><b>Speed:</b></span> <span>106 kt - 110 kt</span></div>
<div><span><b>Timestamp:</b></span><br/><span>2025-11-07 06:34:28 UTC<br/>2025-11-07 06:34:31 UTC</span></div>
</div>]]></description>
      </Placemark>
      <Placemark>
        <Style>
          <LineStyle>
            <color>ff42ff00</color>
            <width>2</width>
          </LineStyle>
        </Style>
        <MultiGeometry>
          <LineString>
            <tessellate>1</tessellate>
            <altitudeMode>absolute</altitudeMode>
            <coordinates>18.417234,-33.8703,670.56 18.415888,-33.870117,640.08</coordinates>
          </LineString>
        </MultiGeometry>
        <name>P-50</name>
        <description><![CDATA[<div><div><span><b>Altitude:</b></span> <span>2,200 ft - 2,100 ft</span></div>
<div><span><b>Speed:</b></span> <span>110 kt - 113 kt</span></div>
<div><span><b>Timestamp:</b></span><br/><span>2025-11-07 06:34:31 UTC<br/>2025-11-07 06:34:33 UTC</span></div>
</div>]]></description>
      </Placemark>
      <Placemark>
        <Style>
          <LineStyle>
            <color>ff42ff00</color>
            <width>2</width>
          </LineStyle>
        </Style>
        <MultiGeometry>
          <LineString>
            <tessellate>1</tessellate>
            <altitudeMode>absolute</altitudeMode>
            <coordinates>18.415888,-33.870117,640.08 18.414288,-33.870152,640.08</coordinates>
          </LineString>
        </MultiGeometry>
        <name>P-51</name>
        <description><![CDATA[<div><div><span><b>Altitude:</b></span> <span>2,100 ft</span></div>
<div><span><b>Speed:</b></span> <span>113 kt - 116 kt</span></div>
<div><span><b>Timestamp:</b></span><br/><span>2025-11-07 06:34:33 UTC<br/>2025-11-07 06:34:35 UTC</span></div>
</div>]]></description>
      </Placemark>
      <Placemark>
        <Style>
          <LineStyle>
            <color>ff42ff00</color>
            <width>2</width>
          </LineStyle>
        </Style>
        <MultiGeometry>
          <LineString>
            <tessellate>1</tessellate>
            <altitudeMode>absolute</altitudeMode>
            <coordinates>18.414288,-33.870152,640.08 18.413198,-33.870209,640.08</coordinates>
          </LineString>
        </MultiGeometry>
        <name>P-52</name>
        <description><![CDATA[<div><div><span><b>Altitude:</b></span> <span>2,100 ft</span></div>
<div><span><b>Speed:</b></span> <span>116 kt - 118 kt</span></div>
<div><span><b>Timestamp:</b></span><br/><span>2025-11-07 06:34:35 UTC<br/>2025-11-07 06:34:37 UTC</span></div>
</div>]]></description>
      </Placemark>
      <Placemark>
        <Style>
          <LineStyle>
            <color>ff42ff00</color>
            <width>2</width>
          </LineStyle>
        </Style>
        <MultiGeometry>
          <LineString>
            <tessellate>1</tessellate>
            <altitudeMode>absolute</altitudeMode>
            <coordinates>18.413198,-33.870209,640.08 18.410564,-33.870621,640.08</coordinates>
          </LineString>
        </MultiGeometry>
        <name>P-53</name>
        <description><![CDATA[<div><div><span><b>Altitude:</b></span> <span>2,100 ft</span></div>
<div><span><b>Speed:</b></span> <span>118 kt - 120 kt</span></div>
<div><span><b>Timestamp:</b></span><br/><span>2025-11-07 06:34:37 UTC<br/>2025-11-07 06:34:40 UTC</span></div>
</div>]]></description>
      </Placemark>
      <Placemark>
        <Style>
          <LineStyle>
            <color>ff42ff00</color>
            <width>2</width>
          </LineStyle>
        </Style>
        <MultiGeometry>
          <LineString>
            <tessellate>1</tessellate>
            <altitudeMode>absolute</altitudeMode>
            <coordinates>18.410564,-33.870621,640.08 18.409252,-33.870941,640.08</coordinates>
          </LineString>
        </MultiGeometry>
        <name>P-54</name>
        <description><![CDATA[<div><div><span><b>Altitude:</b></span> <span>2,100 ft</span></div>
<div><span><b>Speed:</b></span> <span>120 kt - 121 kt</span></div>
<div><span><b>Timestamp:</b></span><br/><span>2025-11-07 06:34:40 UTC<br/>2025-11-07 06:34:43 UTC</span></div>
</div>]]></description>
      </Placemark>
      <Placemark>
        <Style>
          <LineStyle>
            <color>ff42ff00</color>
            <width>2</width>
          </LineStyle>
        </Style>
        <MultiGeometry>
          <LineString>
            <tessellate>1</tessellate>
            <altitudeMode>absolute</altitudeMode>
            <coordinates>18.409252,-33.870941,640.08 18.40868,-33.871128,640.08</coordinates>
          </LineString>
        </MultiGeometry>
        <name>P-55</name>
        <description><![CDATA[<div><div><span><b>Altitude:</b></span> <span>2,100 ft</span></div>
<div><span><b>Speed:</b></span> <span>121 kt - 120 kt</span></div>
<div><span><b>Timestamp:</b></span><br/><span>2025-11-07 06:34:43 UTC<br/>2025-11-07 06:34:46 UTC</span></div>
</div>]]></description>
      </Placemark>
      <Placemark>
        <Style>
          <LineStyle>
            <color>ff42ff00</color>
            <width>2</width>
          </LineStyle>
        </Style>
        <MultiGeometry>
          <LineString>
            <tessellate>1</tessellate>
            <altitudeMode>absolute</altitudeMode>
            <coordinates>18.40868,-33.871128,640.08 18.405533,-33.872341,640.08</coordinates>
          </LineString>
        </MultiGeometry>
        <name>P-56</name>
        <description><![CDATA[<div><div><span><b>Altitude:</b></span> <span>2,100 ft</span></div>
<div><span><b>Speed:</b></span> <span>120 kt - 119 kt</span></div>
<div><span><b>Timestamp:</b></span><br/><span>2025-11-07 06:34:46 UTC<br/>2025-11-07 06:34:49 UTC</span></div>
</div>]]></description>
      </Placemark>
      <Placemark>
        <Style>
          <LineStyle>
            <color>ff42ff00</color>
            <width>2</width>
          </LineStyle>
        </Style>
        <MultiGeometry>
          <LineString>
            <tessellate>1</tessellate>
            <altitudeMode>absolute</altitudeMode>
            <coordinates>18.405533,-33.872341,640.08 18.404503,-33.872807,640.08</coordinates>
          </LineString>
        </MultiGeometry>
        <name>P-57</name>
        <description><![CDATA[<div><div><span><b>Altitude:</b></span> <span>2,100 ft</span></div>
<div><span><b>Speed:</b></span> <span>119 kt - 120 kt</span></div>
<div><span><b>Timestamp:</b></span><br/><span>2025-11-07 06:34:49 UTC<br/>2025-11-07 06:34:51 UTC</span></div>
</div>]]></description>
      </Placemark>
      <Placemark>
        <Style>
          <LineStyle>
            <color>ff42ff00</color>
            <width>2</width>
          </LineStyle>
        </Style>
        <MultiGeometry>
          <LineString>
            <tessellate>1</tessellate>
            <altitudeMode>absolute</altitudeMode>
            <coordinates>18.404503,-33.872807,640.08 18.402996,-33.873459,640.08</coordinates>
          </LineString>
        </MultiGeometry>
        <name>P-58</name>
        <description><![CDATA[<div><div><span><b>Altitude:</b></span> <span>2,100 ft</span></div>
<div><span><b>Speed:</b></span> <span>120 kt - 121 kt</span></div>
<div><span><b>Timestamp:</b></span><br/><span>2025-11-07 06:34:51 UTC<br/>2025-11-07 06:34:53 UTC</span></div>
</div>]]></description>
      </Placemark>
      <Placemark>
        <Style>
          <LineStyle>
            <color>ff42ff00</color>
            <width>2</width>
          </LineStyle>
        </Style>
        <MultiGeometry>
          <LineString>
            <tessellate>1</tessellate>
            <altitudeMode>absolute</altitudeMode>
            <coordinates>18.402996,-33.873459,640.08 18.401819,-33.874054,640.08</coordinates>
          </LineString>
        </MultiGeometry>
        <name>P-59</name>
        <description><![CDATA[<div><div><span><b>Altitude:</b></span> <span>2,100 ft</span></div>
<div><span><b>Speed:</b></span> <span>121 kt</span></div>
<div><span><b>Timestamp:</b></span><br/><span>2025-11-07 06:34:53 UTC<br/>2025-11-07 06:34:55 UTC</span></div>
</div>]]></description>
      </Placemark>
      <Placemark>
        <Style>
          <LineStyle>
            <color>ff42ff00</color>
            <width>2</width>
          </LineStyle>
        </Style>
        <MultiGeometry>
          <LineString>
            <tessellate>1</tessellate>
            <altitudeMode>absolute</altitudeMode>
            <coordinates>18.401819,-33.874054,640.08 18.400417,-33.874741,640.08</coordinates>
          </LineString>
        </MultiGeometry>
        <name>P-60</name>
        <description><![CDATA[<div><div><span><b>Altitude:</b></span> <span>2,100 ft</span></div>
<div><span><b>Speed:</b></span> <span>121 kt - 122 kt</span></div>
<div><span><b>Timestamp:</b></span><br/><span>2025-11-07 06:34:55 UTC<br/>2025-11-07 06:34:58 UTC</span></div>
</div>]]></description>
      </Placemark>
      <Placemark>
        <Style>
          <LineStyle>
            <color>ff42ff00</color>
            <width>2</width>
          </LineStyle>
        </Style>
        <MultiGeometry>
          <LineString>
            <tessellate>1</tessellate>
            <altitudeMode>absolute</altitudeMode>
            <coordinates>18.400417,-33.874741,640.08 18.398952,-33.875504,640.08</coordinates>
          </LineString>
        </MultiGeometry>
        <name>P-61</name>
        <description><![CDATA[<div><div><span><b>Altitude:</b></span> <span>2,100 ft</span></div>
<div><span><b>Speed:</b></span> <span>122 kt</span></div>
<div><span><b>Timestamp:</b></span><br/><span>2025-11-07 06:34:58 UTC<br/>2025-11-07 06:35:00 UTC</span></div>
</div>]]></description>
      </Placemark>
      <Placemark>
        <Style>
          <LineStyle>
            <color>ff42ff00</color>
            <width>2</width>
          </LineStyle>
        </Style>
        <MultiGeometry>
          <LineString>
            <tessellate>1</tessellate>
            <altitudeMode>absolute</altitudeMode>
            <coordinates>18.398952,-33.875504,640.08 18.397808,-33.87611,640.08</coordinates>
          </LineString>
        </MultiGeometry>
        <name>P-62</name>
        <description><![CDATA[<div><div><span><b>Altitude:</b></span> <span>2,100 ft</span></div>
<div><span><b>Speed:</b></span> <span>122 kt</span></div>
<div><span><b>Timestamp:</b></span><br/><span>2025-11-07 06:35:00 UTC<br/>2025-11-07 06:35:02 UTC</span></div>
</div>]]></description>
      </Placemark>
      <Placemark>
        <Style>
          <LineStyle>
            <color>ff42ff00</color>
            <width>2</width>
          </LineStyle>
        </Style>
        <MultiGeometry>
          <LineString>
            <tessellate>1</tessellate>
            <altitudeMode>absolute</altitudeMode>
            <coordinates>18.397808,-33.87611,640.08 18.396662,-33.876755,640.08</coordinates>
          </LineString>
        </MultiGeometry>
        <name>P-63</name>
        <description><![CDATA[<div><div><span><b>Altitude:</b></span> <span>2,100 ft</span></div>
<div><span><b>Speed:</b></span> <span>122 kt - 121 kt</span></div>
<div><span><b>Timestamp:</b></span><br/><span>2025-11-07 06:35:02 UTC<br/>2025-11-07 06:35:04 UTC</span></div>
</div>]]></description>
      </Placemark>
      <Placemark>
        <Style>
          <LineStyle>
            <color>ff42ff00</color>
            <width>2</width>
          </LineStyle>
        </Style>
        <MultiGeometry>
          <LineString>
            <tessellate>1</tessellate>
            <altitudeMode>absolute</altitudeMode>
            <coordinates>18.396662,-33.876755,640.08 18.395176,-33.877647,640.08</coordinates>
          </LineString>
        </MultiGeometry>
        <name>P-64</name>
        <description><![CDATA[<div><div><span><b>Altitude:</b></span> <span>2,100 ft</span></div>
<div><span><b>Speed:</b></span> <span>121 kt - 120 kt</span></div>
<div><span><b>Timestamp:</b></span><br/><span>2025-11-07 06:35:04 UTC<br/>2025-11-07 06:35:07 UTC</span></div>
</div>]]></description>
      </Placemark>
      <Placemark>
        <Style>
          <LineStyle>
            <color>ff42ff00</color>
            <width>2</width>
          </LineStyle>
        </Style>
        <MultiGeometry>
          <LineString>
            <tessellate>1</tessellate>
            <altitudeMode>absolute</altitudeMode>
            <coordinates>18.395176,-33.877647,640.08 18.393917,-33.878437,640.08</coordinates>
          </LineString>
        </MultiGeometry>
        <name>P-65</name>
        <description><![CDATA[<div><div><span><b>Altitude:</b></span> <span>2,100 ft</span></div>
<div><span><b>Speed:</b></span> <span>120 kt</span></div>
<div><span><b>Timestamp:</b></span><br/><span>2025-11-07 06:35:07 UTC<br/>2025-11-07 06:35:09 UTC</span></div>
</div>]]></description>
      </Placemark>
      <Placemark>
        <Style>
          <LineStyle>
            <color>ff42ff00</color>
            <width>2</width>
          </LineStyle>
        </Style>
        <MultiGeometry>
          <LineString>
            <tessellate>1</tessellate>
            <altitudeMode>absolute</altitudeMode>
            <coordinates>18.393917,-33.878437,640.08 18.392738,-33.879272,640.08</coordinates>
          </LineString>
        </MultiGeometry>
        <name>P-66</name>
        <description><![CDATA[<div><div><span><b>Altitude:</b></span> <span>2,100 ft</span></div>
<div><span><b>Speed:</b></span> <span>120 kt - 119 kt</span></div>
<div><span><b>Timestamp:</b></span><br/><span>2025-11-07 06:35:09 UTC<br/>2025-11-07 06:35:11 UTC</span></div>
</div>]]></description>
      </Placemark>
      <Placemark>
        <Style>
          <LineStyle>
            <color>ff42ff00</color>
            <width>2</width>
          </LineStyle>
        </Style>
        <MultiGeometry>
          <LineString>
            <tessellate>1</tessellate>
            <altitudeMode>absolute</altitudeMode>
            <coordinates>18.392738,-33.879272,640.08 18.391729,-33.880005,640.08</coordinates>
          </LineString>
        </MultiGeometry>
        <name>P-67</name>
        <description><![CDATA[<div><div><span><b>Altitude:</b></span> <span>2,100 ft</span></div>
<div><span><b>Speed:</b></span> <span>119 kt - 117 kt</span></div>
<div><span><b>Timestamp:</b></span><br/><span>2025-11-07 06:35:11 UTC<br/>2025-11-07 06:35:14 UTC</span></div>
</div>]]></description>
      </Placemark>
      <Placemark>
        <Style>
          <LineStyle>
            <color>ff42ff00</color>
            <width>2</width>
          </LineStyle>
        </Style>
        <MultiGeometry>
          <LineString>
            <tessellate>1</tessellate>
            <altitudeMode>absolute</altitudeMode>
            <coordinates>18.391729,-33.880005,640.08 18.39044,-33.88092,640.08</coordinates>
          </LineString>
        </MultiGeometry>
        <name>P-68</name>
        <description><![CDATA[<div><div><span><b>Altitude:</b></span> <span>2,100 ft</span></div>
<div><span><b>Speed:</b></span> <span>117 kt - 116 kt</span></div>
<div><span><b>Timestamp:</b></span><br/><span>2025-11-07 06:35:14 UTC<br/>2025-11-07 06:35:16 UTC</span></div>
</div>]]></description>
      </Placemark>
      <Placemark>
        <Style>
          <LineStyle>
            <color>ff42ff00</color>
            <width>2</width>
          </LineStyle>
        </Style>
        <MultiGeometry>
          <LineString>
            <tessellate>1</tessellate>
            <altitudeMode>absolute</altitudeMode>
            <coordinates>18.39044,-33.88092,640.08 18.389454,-33.881695,640.08</coordinates>
          </LineString>
        </MultiGeometry>
        <name>P-69</name>
        <description><![CDATA[<div><div><span><b>Altitude:</b></span> <span>2,100 ft</span></div>
<div><span><b>Speed:</b></span> <span>116 kt</span></div>
<div><span><b>Timestamp:</b></span><br/><span>2025-11-07 06:35:16 UTC<br/>2025-11-07 06:35:18 UTC</span></div>
</div>]]></description>
      </Placemark>
      <Placemark>
        <Style>
          <LineStyle>
            <color>ff42ff00</color>
            <width>2</width>
          </LineStyle>
        </Style>
        <MultiGeometry>
          <LineString>
            <tessellate>1</tessellate>
            <altitudeMode>absolute</altitudeMode>
            <coordinates>18.389454,-33.881695,640.08 18.388479,-33.882477,640.08</coordinates>
          </LineString>
        </MultiGeometry>
        <name>P-70</name>
        <description><![CDATA[<div><div><span><b>Altitude:</b></span> <span>2,100 ft</span></div>
<div><span><b>Speed:</b></span> <span>116 kt - 115 kt</span></div>
<div><span><b>Timestamp:</b></span><br/><span>2025-11-07 06:35:18 UTC<br/>2025-11-07 06:35:20 UTC</span></div>
</div>]]></description>
      </Placemark>
      <Placemark>
        <Style>
          <LineStyle>
            <color>ff42ff00</color>
            <width>2</width>
          </LineStyle>
        </Style>
        <MultiGeometry>
          <LineString>
            <tessellate>1</tessellate>
            <altitudeMode>absolute</altitudeMode>
            <coordinates>18.388479,-33.882477,640.08 18.38728,-33.883373,640.08</coordinates>
          </LineString>
        </MultiGeometry>
        <name>P-71</name>
        <description><![CDATA[<div><div><span><b>Altitude:</b></span> <span>2,100 ft</span></div>
<div><span><b>Speed:</b></span> <span>115 kt</span></div>
<div><span><b>Timestamp:</b></span><br/><span>2025-11-07 06:35:20 UTC<br/>2025-11-07 06:35:23 UTC</span></div>
</div>]]></description>
      </Placemark>
      <Placemark>
        <Style>
          <LineStyle>
            <color>ff42ff00</color>
            <width>2</width>
          </LineStyle>
        </Style>
        <MultiGeometry>
          <LineString>
            <tessellate>1</tessellate>
            <altitudeMode>absolute</altitudeMode>
            <coordinates>18.38728,-33.883373,640.08 18.386181,-33.884308,670.56</coordinates>
          </LineString>
        </MultiGeometry>
        <name>P-72</name>
        <description><![CDATA[<div><div><span><b>Altitude:</b></span> <span>2,100 ft - 2,200 ft</span></div>
<div><span><b>Speed:</b></span> <span>115 kt - 114 kt</span></div>
<div><span><b>Timestamp:</b></span><br/><span>2025-11-07 06:35:23 UTC<br/>2025-11-07 06:35:25 UTC</span></div>
</div>]]></description>
      </Placemark>
      <Placemark>
        <Style>
          <LineStyle>
            <color>ff42ff00</color>
            <width>2</width>
          </LineStyle>
        </Style>
        <MultiGeometry>
          <LineString>
            <tessellate>1</tessellate>
            <altitudeMode>absolute</altitudeMode>
            <coordinates>18.386181,-33.884308,670.56 18.38522,-33.885094,670.56</coordinates>
          </LineString>
        </MultiGeometry>
        <name>P-73</name>
        <description><![CDATA[<div><div><span><b>Altitude:</b></span> <span>2,200 ft</span></div>
<div><span><b>Speed:</b></span> <span>114 kt - 113 kt</span></div>
<div><span><b>Timestamp:</b></span><br/><span>2025-11-07 06:35:25 UTC<br/>2025-11-07 06:35:28 UTC</span></div>
</div>]]></description>
      </Placemark>
      <Placemark>
        <Style>
          <LineStyle>
            <color>ff42ff00</color>
            <width>2</width>
          </LineStyle>
        </Style>
        <MultiGeometry>
          <LineString>
            <tessellate>1</tessellate>
            <altitudeMode>absolute</altitudeMode>
            <coordinates>18.38522,-33.885094,670.56 18.384108,-33.886047,670.56</coordinates>
          </LineString>
        </MultiGeometry>
        <name>P-74</name>
        <description><![CDATA[<div><div><span><b>Altitude:</b></span> <span>2,200 ft</span></div>
<div><span><b>Speed:</b></span> <span>113 kt - 112 kt</span></div>
<div><span><b>Timestamp:</b></span><br/><span>2025-11-07 06:35:28 UTC<br/>2025-11-07 06:35:30 UTC</span></div>
</div>]]></description>
      </Placemark>
      <Placemark>
        <Style>
          <LineStyle>
            <color>ff42ff00</color>
            <width>2</width>
          </LineStyle>
        </Style>
        <MultiGeometry>
          <LineString>
            <tessellate>1</tessellate>
            <altitudeMode>absolute</altitudeMode>
            <coordinates>18.384108,-33.886047,670.56 18.383045,-33.887005,670.56</coordinates>
          </LineString>
        </MultiGeometry>
        <name>P-75</name>
        <description><![CDATA[<div><div><span><b>Altitude:</b></span> <span>2,200 ft</span></div>
<div><span><b>Speed:</b></span> <span>112 kt - 111 kt</span></div>
<div><span><b>Timestamp:</b></span><br/><span>2025-11-07 06:35:30 UTC<br/>2025-11-07 06:35:32 UTC</span></div>
</div>]]></description>
      </Placemark>
      <Placemark>
        <Style>
          <LineStyle>
            <color>ff42ff00</color>
            <width>2</width>
          </LineStyle>
        </Style>
        <MultiGeometry>
          <LineString>
            <tessellate>1</tessellate>
            <altitudeMode>absolute</altitudeMode>
            <coordinates>18.383045,-33.887005,670.56 18.382425,-33.887558,670.56</coordinates>
          </LineString>
        </MultiGeometry>
        <name>P-76</name>
        <description><![CDATA[<div><div><span><b>Altitude:</b></span> <span>2,200 ft</span></div>
<div><span><b>Speed:</b></span> <span>111 kt</span></div>
<div><span><b>Timestamp:</b></span><br/><span>2025-11-07 06:35:32 UTC<br/>2025-11-07 06:35:34 UTC</span></div>
</div>]]></description>
      </Placemark>
      <Placemark>
        <Style>
          <LineStyle>
            <color>ff42ff00</color>
            <width>2</width>
          </LineStyle>
        </Style>
        <MultiGeometry>
          <LineString>
            <tessellate>1</tessellate>
            <altitudeMode>absolute</altitudeMode>
            <coordinates>18.382425,-33.887558,670.56 18.381386,-33.888493,670.56</coordinates>
          </LineString>
        </MultiGeometry>
        <name>P-77</name>
        <description><![CDATA[<div><div><span><b>Altitude:</b></span> <span>2,200 ft</span></div>
<div><span><b>Speed:</b></span> <span>111 kt - 109 kt</span></div>
<div><span><b>Timestamp:</b></span><br/><span>2025-11-07 06:35:34 UTC<br/>2025-11-07 06:35:36 UTC</span></div>
</div>]]></description>
      </Placemark>
      <Placemark>
        <Style>
          <LineStyle>
            <color>ff42ff00</color>
            <width>2</width>
          </LineStyle>
        </Style>
        <MultiGeometry>
          <LineString>
            <tessellate>1</tessellate>
            <altitudeMode>absolute</altitudeMode>
            <coordinates>18.381386,-33.888493,670.56 18.38063,-33.889206,670.56</coordinates>
          </LineString>
        </MultiGeometry>
        <name>P-78</name>
        <description><![CDATA[<div><div><span><b>Altitude:</b></span> <span>2,200 ft</span></div>
<div><span><b>Speed:</b></span> <span>109 kt - 108 kt</span></div>
<div><span><b>Timestamp:</b></span><br/><span>2025-11-07 06:35:36 UTC<br/>2025-11-07 06:35:39 UTC</span></div>
</div>]]></description>
      </Placemark>
      <Placemark>
        <Style>
          <LineStyle>
            <color>ff42ff00</color>
            <width>2</width>
          </LineStyle>
        </Style>
        <MultiGeometry>
          <LineString>
            <tessellate>1</tessellate>
            <altitudeMode>absolute</altitudeMode>
            <coordinates>18.38063,-33.889206,670.56 18.379511,-33.890213,701.04</coordinates>
          </LineString>
        </MultiGeometry>
        <name>P-79</name>
        <description><![CDATA[<div><div><span><b>Altitude:</b></span> <span>2,200 ft - 2,300 ft</span></div>
<div><span><b>Speed:</b></span> <span>108 kt - 106 kt</span></div>
<div><span><b>Timestamp:</b></span><br/><span>2025-11-07 06:35:39 UTC<br/>2025-11-07 06:35:41 UTC</span></div>
</div>]]></description>
      </Placemark>
      <Placemark>
        <Style>
          <LineStyle>
            <color>ff42ff00</color>
            <width>2</width>
          </LineStyle>
        </Style>
        <MultiGeometry>
          <LineString>
            <tessellate>1</tessellate>
            <altitudeMode>absolute</altitudeMode>
            <coordinates>18.379511,-33.890213,701.04 18.378614,-33.891037,701.04</coordinates>
          </LineString>
        </MultiGeometry>
        <name>P-80</name>
        <description><![CDATA[<div><div><span><b>Altitude:</b></span> <span>2,300 ft</span></div>
<div><span><b>Speed:</b></span> <span>106 kt - 105 kt</span></div>
<div><span><b>Timestamp:</b></span><br/><span>2025-11-07 06:35:41 UTC<br/>2025-11-07 06:35:43 UTC</span></div>
</div>]]></description>
      </Placemark>
      <Placemark>
        <Style>
          <LineStyle>
            <color>ff42ff00</color>
            <width>2</width>
          </LineStyle>
        </Style>
        <MultiGeometry>
          <LineString>
            <tessellate>1</tessellate>
            <altitudeMode>absolute</altitudeMode>
            <coordinates>18.378614,-33.891037,701.04 18.377773,-33.891861,701.04</coordinates>
          </LineString>
        </MultiGeometry>
        <name>P-81</name>
        <description><![CDATA[<div><div><span><b>Altitude:</b></span> <span>2,300 ft</span></div>
<div><span><b>Speed:</b></span> <span>105 kt - 104 kt</span></div>
<div><span><b>Timestamp:</b></span><br/><span>2025-11-07 06:35:43 UTC<br/>2025-11-07 06:35:45 UTC</span></div>
</div>]]></description>
      </Placemark>
      <Placemark>
        <Style>
          <LineStyle>
            <color>ff42ff00</color>
            <width>2</width>
          </LineStyle>
        </Style>
        <MultiGeometry>
          <LineString>
            <tessellate>1</tessellate>
            <altitudeMode>absolute</altitudeMode>
            <coordinates>18.377773,-33.891861,701.04 18.376808,-33.892731,731.52</coordinates>
          </LineString>
        </MultiGeometry>
        <name>P-82</name>
        <description><![CDATA[<div><div><span><b>Altitude:</b></span> <span>2,300 ft - 2,400 ft</span></div>
<div><span><b>Speed:</b></span> <span>104 kt - 103 kt</span></div>
<div><span><b>Timestamp:</b></span><br/><span>2025-11-07 06:35:45 UTC<br/>2025-11-07 06:35:48 UTC</span></div>
</div>]]></description>
      </Placemark>
      <Placemark>
        <Style>
          <LineStyle>
            <color>ff42ff00</color>
            <width>2</width>
          </LineStyle>
        </Style>
        <MultiGeometry>
          <LineString>
            <tessellate>1</tessellate>
            <altitudeMode>absolute</altitudeMode>
            <coordinates>18.376808,-33.892731,731.52 18.376007,-33.89352,731.52</coordinates>
          </LineString>
        </MultiGeometry>
        <name>P-83</name>
        <description><![CDATA[<div><div><span><b>Altitude:</b></span> <span>2,400 ft</span></div>
<div><span><b>Speed:</b></span> <span>103 kt</span></div>
<div><span><b>Timestamp:</b></span><br/><span>2025-11-07 06:35:48 UTC<br/>2025-11-07 06:35:50 UTC</span></div>
</div>]]></description>
      </Placemark>
      <Placemark>
        <Style>
          <LineStyle>
            <color>ff42ff00</color>
            <width>2</width>
          </LineStyle>
        </Style>
        <MultiGeometry>
          <LineString>
            <tessellate>1</tessellate>
            <altitudeMode>absolute</altitudeMode>
            <coordinates>18.376007,-33.89352,731.52 18.375263,-33.894264,731.52</coordinates>
          </LineString>
        </MultiGeometry>
        <name>P-84</name>
        <description><![CDATA[<div><div><span><b>Altitude:</b></span> <span>2,400 ft</span></div>
<div><span><b>Speed:</b></span> <span>103 kt</span></div>
<div><span><b>Timestamp:</b></span><br/><span>2025-11-07 06:35:50 UTC<br/>2025-11-07 06:35:52 UTC</span></div>
</div>]]></description>
      </Placemark>
      <Placemark>
        <Style>
          <LineStyle>
            <color>ff42ff00</color>
            <width>2</width>
          </LineStyle>
        </Style>
        <MultiGeometry>
          <LineString>
            <tessellate>1</tessellate>
            <altitudeMode>absolute</altitudeMode>
            <coordinates>18.375263,-33.894264,731.52 18.374409,-33.895111,731.52</coordinates>
          </LineString>
        </MultiGeometry>
        <name>P-85</name>
        <description><![CDATA[<div><div><span><b>Altitude:</b></span> <span>2,400 ft</span></div>
<div><span><b>Speed:</b></span> <span>103 kt</span></div>
<div><span><b>Timestamp:</b></span><br/><span>2025-11-07 06:35:52 UTC<br/>2025-11-07 06:35:54 UTC</span></div>
</div>]]></description>
      </Placemark>
      <Placemark>
        <Style>
          <LineStyle>
            <color>ff42ff00</color>
            <width>2</width>
          </LineStyle>
        </Style>
        <MultiGeometry>
          <LineString>
            <tessellate>1</tessellate>
            <altitudeMode>absolute</altitudeMode>
            <coordinates>18.374409,-33.895111,731.52 18.373775,-33.89571,731.52</coordinates>
          </LineString>
        </MultiGeometry>
        <name>P-86</name>
        <description><![CDATA[<div><div><span><b>Altitude:</b></span> <span>2,400 ft</span></div>
<div><span><b>Speed:</b></span> <span>103 kt</span></div>
<div><span><b>Timestamp:</b></span><br/><span>2025-11-07 06:35:54 UTC<br/>2025-11-07 06:35:56 UTC</span></div>
</div>]]></description>
      </Placemark>
      <Placemark>
        <Style>
          <LineStyle>
            <color>ff42ff00</color>
            <width>2</width>
          </LineStyle>
        </Style>
        <MultiGeometry>
          <LineString>
            <tessellate>1</tessellate>
            <altitudeMode>absolute</altitudeMode>
            <coordinates>18.373775,-33.89571,731.52 18.371258,-33.89827,762</coordinates>
          </LineString>
        </MultiGeometry>
        <name>P-87</name>
        <description><![CDATA[<div><div><span><b>Altitude:</b></span> <span>2,400 ft - 2,500 ft</span></div>
<div><span><b>Speed:</b></span> <span>103 kt - 106 kt</span></div>
<div><span><b>Timestamp:</b></span><br/><span>2025-11-07 06:35:56 UTC<br/>2025-11-07 06:36:03 UTC</span></div>
</div>]]></description>
      </Placemark>
      <Placemark>
        <Style>
          <LineStyle>
            <color>ff42ff00</color>
            <width>2</width>
          </LineStyle>
        </Style>
        <MultiGeometry>
          <LineString>
            <tessellate>1</tessellate>
            <altitudeMode>absolute</altitudeMode>
            <coordinates>18.371258,-33.89827,762 18.368692,-33.901062,762</coordinates>
          </LineString>
        </MultiGeometry>
        <name>P-88</name>
        <description><![CDATA[<div><div><span><b>Altitude:</b></span> <span>2,500 ft</span></div>
<div><span><b>Speed:</b></span> <span>106 kt - 107 kt</span></div>
<div><span><b>Timestamp:</b></span><br/><span>2025-11-07 06:36:03 UTC<br/>2025-11-07 06:36:10 UTC</span></div>
</div>]]></description>
      </Placemark>
      <Placemark>
        <Style>
          <LineStyle>
            <color>ff42ff00</color>
            <width>2</width>
          </LineStyle>
        </Style>
        <MultiGeometry>
          <LineString>
            <tessellate>1</tessellate>
            <altitudeMode>absolute</altitudeMode>
            <coordinates>18.368692,-33.901062,762 18.367964,-33.901886,762</coordinates>
          </LineString>
        </MultiGeometry>
        <name>P-89</name>
        <description><![CDATA[<div><div><span><b>Altitude:</b></span> <span>2,500 ft</span></div>
<div><span><b>Speed:</b></span> <span>107 kt</span></div>
<div><span><b>Timestamp:</b></span><br/><span>2025-11-07 06:36:10 UTC<br/>2025-11-07 06:36:12 UTC</span></div>
</div>]]></description>
      </Placemark>
      <Placemark>
        <Style>
          <LineStyle>
            <color>ff42ff00</color>
            <width>2</width>
          </LineStyle>
        </Style>
        <MultiGeometry>
          <LineString>
            <tessellate>1</tessellate>
            <altitudeMode>absolute</altitudeMode>
            <coordinates>18.367964,-33.901886,762 18.36701,-33.902893,762</coordinates>
          </LineString>
        </MultiGeometry>
        <name>P-90</name>
        <description><![CDATA[<div><div><span><b>Altitude:</b></span> <span>2,500 ft</span></div>
<div><span><b>Speed:</b></span> <span>107 kt</span></div>
<div><span><b>Timestamp:</b></span><br/><span>2025-11-07 06:36:12 UTC<br/>2025-11-07 06:36:15 UTC</span></div>
</div>]]></description>
      </Placemark>
      <Placemark>
        <Style>
          <LineStyle>
            <color>ff42ff00</color>
            <width>2</width>
          </LineStyle>
        </Style>
        <MultiGeometry>
          <LineString>
            <tessellate>1</tessellate>
            <altitudeMode>absolute</altitudeMode>
            <coordinates>18.36701,-33.902893,762 18.366394,-33.903671,762</coordinates>
          </LineString>
        </MultiGeometry>
        <name>P-91</name>
        <description><![CDATA[<div><div><span><b>Altitude:</b></span> <span>2,500 ft</span></div>
<div><span><b>Speed:</b></span> <span>107 kt</span></div>
<div><span><b>Timestamp:</b></span><br/><span>2025-11-07 06:36:15 UTC<br/>2025-11-07 06:36:17 UTC</span></div>
</div>]]></description>
      </Placemark>
      <Placemark>
        <Style>
          <LineStyle>
            <color>ff42ff00</color>
            <width>2</width>
          </LineStyle>
        </Style>
        <MultiGeometry>
          <LineString>
            <tessellate>1</tessellate>
            <altitudeMode>absolute</altitudeMode>
            <coordinates>18.366394,-33.903671,762 18.365665,-33.904541,762</coordinates>
          </LineString>
        </MultiGeometry>
        <name>P-92</name>
        <description><![CDATA[<div><div><span><b>Altitude:</b></span> <span>2,500 ft</span></div>
<div><span><b>Speed:</b></span> <span>107 kt</span></div>
<div><span><b>Timestamp:</b></span><br/><span>2025-11-07 06:36:17 UTC<br/>2025-11-07 06:36:19 UTC</span></div>
</div>]]></description>
      </Placemark>
      <Placemark>
        <Style>
          <LineStyle>
            <color>ff42ff00</color>
            <width>2</width>
          </LineStyle>
        </Style>
        <MultiGeometry>
          <LineString>
            <tessellate>1</tessellate>
            <altitudeMode>absolute</altitudeMode>
            <coordinates>18.365665,-33.904541,762 18.364882,-33.905502,762</coordinates>
          </LineString>
        </MultiGeometry>
        <name>P-93</name>
        <description><![CDATA[<div><div><span><b>Altitude:</b></span> <span>2,500 ft</span></div>
<div><span><b>Speed:</b></span> <span>107 kt - 108 kt</span></div>
<div><span><b>Timestamp:</b></span><br/><span>2025-11-07 06:36:19 UTC<br/>2025-11-07 06:36:21 UTC</span></div>
</div>]]></description>
      </Placemark>
      <Placemark>
        <Style>
          <LineStyle>
            <color>ff42ff00</color>
            <width>2</width>
          </LineStyle>
        </Style>
        <MultiGeometry>
          <LineString>
            <tessellate>1</tessellate>
            <altitudeMode>absolute</altitudeMode>
            <coordinates>18.364882,-33.905502,762 18.363983,-33.906647,792.48</coordinates>
          </LineString>
        </MultiGeometry>
        <name>P-94</name>
        <description><![CDATA[<div><div><span><b>Altitude:</b></span> <span>2,500 ft - 2,600 ft</span></div>
<div><span><b>Speed:</b></span> <span>108 kt</span></div>
<div><span><b>Timestamp:</b></span><br/><span>2025-11-07 06:36:21 UTC<br/>2025-11-07 06:36:24 UTC</span></div>
</div>]]></description>
      </Placemark>
      <Placemark>
        <Style>
          <LineStyle>
            <color>ff42ff00</color>
            <width>2</width>
          </LineStyle>
        </Style>
        <MultiGeometry>
          <LineString>
            <tessellate>1</tessellate>
            <altitudeMode>absolute</altitudeMode>
            <coordinates>18.363983,-33.906647,792.48 18.363361,-33.907486,792.48</coordinates>
          </LineString>
        </MultiGeometry>
        <name>P-95</name>
        <description><![CDATA[<div><div><span><b>Altitude:</b></span> <span>2,600 ft</span></div>
<div><span><b>Speed:</b></span> <span>108 kt</span></div>
<div><span><b>Timestamp:</b></span><br/><span>2025-11-07 06:36:24 UTC<br/>2025-11-07 06:36:26 UTC</span></div>
</div>]]></description>
      </Placemark>
      <Placemark>
        <Style>
          <LineStyle>
            <color>ff42ff00</color>
            <width>2</width>
          </LineStyle>
        </Style>
        <MultiGeometry>
          <LineString>
            <tessellate>1</tessellate>
            <altitudeMode>absolute</altitudeMode>
            <coordinates>18.363361,-33.907486,792.48 18.362751,-33.908295,792.48</coordinates>
          </LineString>
        </MultiGeometry>
        <name>P-96</name>
        <description><![CDATA[<div><div><span><b>Altitude:</b></span> <span>2,600 ft</span></div>
<div><span><b>Speed:</b></span> <span>108 kt</span></div>
<div><span><b>Timestamp:</b></span><br/><span>2025-11-07 06:36:26 UTC<br/>2025-11-07 06:36:28 UTC</span></div>
</div>]]></description>
      </Placemark>
      <Placemark>
        <Style>
          <LineStyle>
            <color>ff42ff00</color>
            <width>2</width>
          </LineStyle>
        </Style>
        <MultiGeometry>
          <LineString>
            <tessellate>1</tessellate>
            <altitudeMode>absolute</altitudeMode>
            <coordinates>18.362751,-33.908295,792.48 18.362045,-33.90921,792.48</coordinates>
          </LineString>
        </MultiGeometry>
        <name>P-97</name>
        <description><![CDATA[<div><div><span><b>Altitude:</b></span> <span>2,600 ft</span></div>
<div><span><b>Speed:</b></span> <span>108 kt - 110 kt</span></div>
<div><span><b>Timestamp:</b></span><br/><span>2025-11-07 06:36:28 UTC<br/>2025-11-07 06:36:30 UTC</span></div>
</div>]]></description>
      </Placemark>
      <Placemark>
        <Style>
          <LineStyle>
            <color>ff42ff00</color>
            <width>2</width>
          </LineStyle>
        </Style>
        <MultiGeometry>
          <LineString>
            <tessellate>1</tessellate>
            <altitudeMode>absolute</altitudeMode>
            <coordinates>18.362045,-33.90921,792.48 18.361349,-33.910126,792.48</coordinates>
          </LineString>
        </MultiGeometry>
        <name>P-98</name>
        <description><![CDATA[<div><div><span><b>Altitude:</b></span> <span>2,600 ft</span></div>
<div><span><b>Speed:</b></span> <span>110 kt</span></div>
<div><span><b>Timestamp:</b></span><br/><span>2025-11-07 06:36:30 UTC<br/>2025-11-07 06:36:32 UTC</span></div>
</div>]]></description>
      </Placemark>
      <Placemark>
        <Style>
          <LineStyle>
            <color>ff42ff00</color>
            <width>2</width>
          </LineStyle>
        </Style>
        <MultiGeometry>
          <LineString>
            <tessellate>1</tessellate>
            <altitudeMode>absolute</altitudeMode>
            <coordinates>18.361349,-33.910126,792.48 18.360615,-33.911118,792.48</coordinates>
          </LineString>
        </MultiGeometry>
        <name>P-99</name>
        <description><![CDATA[<div><div><span><b>Altitude:</b></span> <span>2,600 ft</span></div>
<div><span><b>Speed:</b></span> <span>110 kt</span></div>
<div><span><b>Timestamp:</b></span><br/><span>2025-11-07 06:36:32 UTC<br/>2025-11-07 06:36:34 UTC</span></div>
</div>]]></description>
      </Placemark>
      <Placemark>
        <Style>
          <LineStyle>
            <color>ff42ff00</color>
            <width>2</width>
          </LineStyle>
        </Style>
        <MultiGeometry>
          <LineString>
            <tessellate>1</tessellate>
            <altitudeMode>absolute</altitudeMode>
            <coordinates>18.360615,-33.911118,792.48 18.359871,-33.912094,792.48</coordinates>
          </LineString>
        </MultiGeometry>
        <name>P-100</name>
        <description><![CDATA[<div><div><span><b>Altitude:</b></span> <span>2,600 ft</span></div>
<div><span><b>Speed:</b></span> <span>110 kt</span></div>
<div><span><b>Timestamp:</b></span><br/><span>2025-11-07 06:36:34 UTC<br/>2025-11-07 06:36:36 UTC</span></div>
</div>]]></description>
      </Placemark>
      <Placemark>
        <Style>
          <LineStyle>
            <color>ff42ff00</color>
            <width>2</width>
          </LineStyle>
        </Style>
        <MultiGeometry>
          <LineString>
            <tessellate>1</tessellate>
            <altitudeMode>absolute</altitudeMode>
            <coordinates>18.359871,-33.912094,792.48 18.357481,-33.915207,792.48</coordinates>
          </LineString>
        </MultiGeometry>
        <name>P-101</name>
        <description><![CDATA[<div><div><span><b>Altitude:</b></span> <span>2,600 ft</span></div>
<div><span><b>Speed:</b></span> <span>110 kt</span></div>
<div><span><b>Timestamp:</b></span><br/><span>2025-11-07 06:36:36 UTC<br/>2025-11-07 06:36:43 UTC</span></div>
</div>]]></description>
      </Placemark>
      <Placemark>
        <Style>
          <LineStyle>
            <color>ff42ff00</color>
            <width>2</width>
          </LineStyle>
        </Style>
        <MultiGeometry>
          <LineString>
            <tessellate>1</tessellate>
            <altitudeMode>absolute</altitudeMode>
            <coordinates>18.357481,-33.915207,792.48 18.355408,-33.918045,792.48</coordinates>
          </LineString>
        </MultiGeometry>
        <name>P-102</name>
        <description><![CDATA[<div><div><span><b>Altitude:</b></span> <span>2,600 ft</span></div>
<div><span><b>Speed:</b></span> <span>110 kt - 109 kt</span></div>
<div><span><b>Timestamp:</b></span><br/><span>2025-11-07 06:36:43 UTC<br/>2025-11-07 06:36:50 UTC</span></div>
</div>]]></description>
      </Placemark>
      <Placemark>
        <Style>
          <LineStyle>
            <color>ff42ff00</color>
            <width>2</width>
          </LineStyle>
        </Style>
        <MultiGeometry>
          <LineString>
            <tessellate>1</tessellate>
            <altitudeMode>absolute</altitudeMode>
            <coordinates>18.355408,-33.918045,792.48 18.35289,-33.92173,822.96</coordinates>
          </LineString>
        </MultiGeometry>
        <name>P-103</name>
        <description><![CDATA[<div><div><span><b>Altitude:</b></span> <span>2,600 ft - 2,700 ft</span></div>
<div><span><b>Speed:</b></span> <span>109 kt</span></div>
<div><span><b>Timestamp:</b></span><br/><span>2025-11-07 06:36:50 UTC<br/>2025-11-07 06:36:58 UTC</span></div>
</div>]]></description>
      </Placemark>
      <Placemark>
        <Style>
          <LineStyle>
            <color>ff1eff00</color>
            <width>2</width>
          </LineStyle>
        </Style>
        <MultiGeometry>
          <LineString>
            <tessellate>1</tessellate>
            <altitudeMode>absolute</altitudeMode>
            <coordinates>18.35289,-33.92173,822.96 18.350979,-33.924637,822.96</coordinates>
          </LineString>
        </MultiGeometry>
        <name>P-104</name>
        <description><![CDATA[<div><div><span><b>Altitude:</b></span> <span>2,700 ft</span></div>
<div><span><b>Speed:</b></span> <span>109 kt - 108 kt</span></div>
<div><span><b>Timestamp:</b></span><br/><span>2025-11-07 06:36:58 UTC<br/>2025-11-07 06:37:05 UTC</span></div>
</div>]]></description>
      </Placemark>
      <Placemark>
        <Style>
          <LineStyle>
            <color>ff1eff00</color>
            <width>2</width>
          </LineStyle>
        </Style>
        <MultiGeometry>
          <LineString>
            <tessellate>1</tessellate>
            <altitudeMode>absolute</altitudeMode>
            <coordinates>18.350979,-33.924637,822.96 18.350258,-33.925735,822.96</coordinates>
          </LineString>
        </MultiGeometry>
        <name>P-105</name>
        <description><![CDATA[<div><div><span><b>Altitude:</b></span> <span>2,700 ft</span></div>
<div><span><b>Speed:</b></span> <span>108 kt</span></div>
<div><span><b>Timestamp:</b></span><br/><span>2025-11-07 06:37:05 UTC<br/>2025-11-07 06:37:07 UTC</span></div>
</div>]]></description>
      </Placemark>
      <Placemark>
        <Style>
          <LineStyle>
            <color>ff1eff00</color>
            <width>2</width>
          </LineStyle>
        </Style>
        <MultiGeometry>
          <LineString>
            <tessellate>1</tessellate>
            <altitudeMode>absolute</altitudeMode>
            <coordinates>18.350258,-33.925735,822.96 18.349743,-33.92662,822.96</coordinates>
          </LineString>
        </MultiGeometry>
        <name>P-106</name>
        <description><![CDATA[<div><div><span><b>Altitude:</b></span> <span>2,700 ft</span></div>
<div><span><b>Speed:</b></span> <span>108 kt - 107 kt</span></div>
<div><span><b>Timestamp:</b></span><br/><span>2025-11-07 06:37:07 UTC<br/>2025-11-07 06:37:09 UTC</span></div>
</div>]]></description>
      </Placemark>
      <Placemark>
        <Style>
          <LineStyle>
            <color>ff1eff00</color>
            <width>2</width>
          </LineStyle>
        </Style>
        <MultiGeometry>
          <LineString>
            <tessellate>1</tessellate>
            <altitudeMode>absolute</altitudeMode>
            <coordinates>18.349743,-33.92662,822.96 18.349241,-33.927429,822.96</coordinates>
          </LineString>
        </MultiGeometry>
        <name>P-107</name>
        <description><![CDATA[<div><div><span><b>Altitude:</b></span> <span>2,700 ft</span></div>
<div><span><b>Speed:</b></span> <span>107 kt</span></div>
<div><span><b>Timestamp:</b></span><br/><span>2025-11-07 06:37:09 UTC<br/>2025-11-07 06:37:12 UTC</span></div>
</div>]]></description>
      </Placemark>
      <Placemark>
        <Style>
          <LineStyle>
            <color>ff1eff00</color>
            <width>2</width>
          </LineStyle>
        </Style>
        <MultiGeometry>
          <LineString>
            <tessellate>1</tessellate>
            <altitudeMode>absolute</altitudeMode>
            <coordinates>18.349241,-33.927429,822.96 18.348598,-33.928482,822.96</coordinates>
          </LineString>
        </MultiGeometry>
        <name>P-108</name>
        <description><![CDATA[<div><div><span><b>Altitude:</b></span> <span>2,700 ft</span></div>
<div><span><b>Speed:</b></span> <span>107 kt</span></div>
<div><span><b>Timestamp:</b></span><br/><span>2025-11-07 06:37:12 UTC<br/>2025-11-07 06:37:14 UTC</span></div>
</div>]]></description>
      </Placemark>
      <Placemark>
        <Style>
          <LineStyle>
            <color>ff1eff00</color>
            <width>2</width>
          </LineStyle>
        </Style>
        <MultiGeometry>
          <LineString>
            <tessellate>1</tessellate>
            <altitudeMode>absolute</altitudeMode>
            <coordinates>18.348598,-33.928482,822.96 18.348083,-33.929504,822.96</coordinates>
          </LineString>
        </MultiGeometry>
        <name>P-109</name>
        <description><![CDATA[<div><div><span><b>Altitude:</b></span> <span>2,700 ft</span></div>
<div><span><b>Speed:</b></span> <span>107 kt</span></div>
<div><span><b>Timestamp:</b></span><br/><span>2025-11-07 06:37:14 UTC<br/>2025-11-07 06:37:16 UTC</span></div>
</div>]]></description>
      </Placemark>
      <Placemark>
        <Style>
          <LineStyle>
            <color>ff1eff00</color>
            <width>2</width>
          </LineStyle>
        </Style>
        <MultiGeometry>
          <LineString>
            <tessellate>1</tessellate>
            <altitudeMode>absolute</altitudeMode>
            <coordinates>18.348083,-33.929504,822.96 18.347448,-33.930634,822.96</coordinates>
          </LineString>
        </MultiGeometry>
        <name>P-110</name>
        <description><![CDATA[<div><div><span><b>Altitude:</b></span> <span>2,700 ft</span></div>
<div><span><b>Speed:</b></span> <span>107 kt</span></div>
<div><span><b>Timestamp:</b></span><br/><span>2025-11-07 06:37:16 UTC<br/>2025-11-07 06:37:19 UTC</span></div>
</div>]]></description>
      </Placemark>
      <Placemark>
        <Style>
          <LineStyle>
            <color>ff1eff00</color>
            <width>2</width>
          </LineStyle>
        </Style>
        <MultiGeometry>
          <LineString>
            <tessellate>1</tessellate>
            <altitudeMode>absolute</altitudeMode>
            <coordinates>18.347448,-33.930634,822.96 18.346607,-33.932236,853.44</coordinates>
          </LineString>
        </MultiGeometry>
        <name>P-111</name>
        <description><![CDATA[<div><div><span><b>Altitude:</b></span> <span>2,700 ft - 2,800 ft</span></div>
<div><span><b>Speed:</b></span> <span>107 kt - 105 kt</span></div>
<div><span><b>Timestamp:</b></span><br/><span>2025-11-07 06:37:19 UTC<br/>2025-11-07 06:37:22 UTC</span></div>
</div>]]></description>
      </Placemark>
      <Placemark>
        <Style>
          <LineStyle>
            <color>ff1eff00</color>
            <width>2</width>
          </LineStyle>
        </Style>
        <MultiGeometry>
          <LineString>
            <tessellate>1</tessellate>
            <altitudeMode>absolute</altitudeMode>
            <coordinates>18.346607,-33.932236,853.44 18.345205,-33.935898,853.44</coordinates>
          </LineString>
        </MultiGeometry>
        <name>P-112</name>
        <description><![CDATA[<div><div><span><b>Altitude:</b></span> <span>2,800 ft</span></div>
<div><span><b>Speed:</b></span> <span>105 kt - 96 kt</span></div>
<div><span><b>Timestamp:</b></span><br/><span>2025-11-07 06:37:22 UTC<br/>2025-11-07 06:37:31 UTC</span></div>
</div>]]></description>
      </Placemark>
      <Placemark>
        <Style>
          <LineStyle>
            <color>ff1eff00</color>
            <width>2</width>
          </LineStyle>
        </Style>
        <MultiGeometry>
          <LineString>
            <tessellate>1</tessellate>
            <altitudeMode>absolute</altitudeMode>
            <coordinates>18.345205,-33.935898,853.44 18.345394,-33.938396,853.44</coordinates>
          </LineString>
        </MultiGeometry>
        <name>P-113</name>
        <description><![CDATA[<div><div><span><b>Altitude:</b></span> <span>2,800 ft</span></div>
<div><span><b>Speed:</b></span> <span>96 kt - 83 kt</span></div>
<div><span><b>Timestamp:</b></span><br/><span>2025-11-07 06:37:31 UTC<br/>2025-11-07 06:37:36 UTC</span></div>
</div>]]></description>
      </Placemark>
      <Placemark>
        <Style>
          <LineStyle>
            <color>ff1eff00</color>
            <width>2</width>
          </LineStyle>
        </Style>
        <MultiGeometry>
          <LineString>
            <tessellate>1</tessellate>
            <altitudeMode>absolute</altitudeMode>
            <coordinates>18.345394,-33.938396,853.44 18.346424,-33.939793,883.92</coordinates>
          </LineString>
        </MultiGeometry>
        <name>P-114</name>
        <description><![CDATA[<div><div><span><b>Altitude:</b></span> <span>2,800 ft - 2,900 ft</span></div>
<div><span><b>Speed:</b></span> <span>83 kt - 74 kt</span></div>
<div><span><b>Timestamp:</b></span><br/><span>2025-11-07 06:37:36 UTC<br/>2025-11-07 06:37:41 UTC</span></div>
</div>]]></description>
      </Placemark>
      <Placemark>
        <Style>
          <LineStyle>
            <color>ff1eff00</color>
            <width>2</width>
          </LineStyle>
        </Style>
        <MultiGeometry>
          <LineString>
            <tessellate>1</tessellate>
            <altitudeMode>absolute</altitudeMode>
            <coordinates>18.346424,-33.939793,883.92 18.347225,-33.940258,883.92</coordinates>
          </LineString>
        </MultiGeometry>
        <name>P-115</name>
        <description><![CDATA[<div><div><span><b>Altitude:</b></span> <span>2,900 ft</span></div>
<div><span><b>Speed:</b></span> <span>74 kt - 72 kt</span></div>
<div><span><b>Timestamp:</b></span><br/><span>2025-11-07 06:37:41 UTC<br/>2025-11-07 06:37:43 UTC</span></div>
</div>]]></description>
      </Placemark>
      <Placemark>
        <Style>
          <LineStyle>
            <color>ff1eff00</color>
            <width>2</width>
          </LineStyle>
        </Style>
        <MultiGeometry>
          <LineString>
            <tessellate>1</tessellate>
            <altitudeMode>absolute</altitudeMode>
            <coordinates>18.347225,-33.940258,883.92 18.347784,-33.94043,883.92</coordinates>
          </LineString>
        </MultiGeometry>
        <name>P-116</name>
        <description><![CDATA[<div><div><span><b>Altitude:</b></span> <span>2,900 ft</span></div>
<div><span><b>Speed:</b></span> <span>72 kt - 71 kt</span></div>
<div><span><b>Timestamp:</b></span><br/><span>2025-11-07 06:37:43 UTC<br/>2025-11-07 06:37:45 UTC</span></div>
</div>]]></description>
      </Placemark>
      <Placemark>
        <Style>
          <LineStyle>
            <color>ff1eff00</color>
            <width>2</width>
          </LineStyle>
        </Style>
        <MultiGeometry>
          <LineString>
            <tessellate>1</tessellate>
            <altitudeMode>absolute</altitudeMode>
            <coordinates>18.347784,-33.94043,883.92 18.348713,-33.940586,883.92</coordinates>
          </LineString>
        </MultiGeometry>
        <name>P-117</name>
        <description><![CDATA[<div><div><span><b>Altitude:</b></span> <span>2,900 ft</span></div>
<div><span><b>Speed:</b></span> <span>71 kt</span></div>
<div><span><b>Timestamp:</b></span><br/><span>2025-11-07 06:37:45 UTC<br/>2025-11-07 06:37:47 UTC</span></div>
</div>]]></description>
      </Placemark>
      <Placemark>
        <Style>
          <LineStyle>
            <color>ff1eff00</color>
            <width>2</width>
          </LineStyle>
        </Style>
        <MultiGeometry>
          <LineString>
            <tessellate>1</tessellate>
            <altitudeMode>absolute</altitudeMode>
            <coordinates>18.348713,-33.940586,883.92 18.349579,-33.940475,914.4</coordinates>
          </LineString>
        </MultiGeometry>
        <name>P-118</name>
        <description><![CDATA[<div><div><span><b>Altitude:</b></span> <span>2,900 ft - 3,000 ft</span></div>
<div><span><b>Speed:</b></span> <span>71 kt - 72 kt</span></div>
<div><span><b>Timestamp:</b></span><br/><span>2025-11-07 06:37:47 UTC<br/>2025-11-07 06:37:49 UTC</span></div>
</div>]]></description>
      </Placemark>
      <Placemark>
        <Style>
          <LineStyle>
            <color>ff1eff00</color>
            <width>2</width>
          </LineStyle>
        </Style>
        <MultiGeometry>
          <LineString>
            <tessellate>1</tessellate>
            <altitudeMode>absolute</altitudeMode>
            <coordinates>18.349579,-33.940475,914.4 18.350418,-33.940247,914.4</coordinates>
          </LineString>
        </MultiGeometry>
        <name>P-119</name>
        <description><![CDATA[<div><div><span><b>Altitude:</b></span> <span>3,000 ft</span></div>
<div><span><b>Speed:</b></span> <span>72 kt</span></div>
<div><span><b>Timestamp:</b></span><br/><span>2025-11-07 06:37:49 UTC<br/>2025-11-07 06:37:52 UTC</span></div>
</div>]]></description>
      </Placemark>
      <Placemark>
        <Style>
          <LineStyle>
            <color>ff1eff00</color>
            <width>2</width>
          </LineStyle>
        </Style>
        <MultiGeometry>
          <LineString>
            <tessellate>1</tessellate>
            <altitudeMode>absolute</altitudeMode>
            <coordinates>18.350418,-33.940247,914.4 18.351059,-33.939934,914.4</coordinates>
          </LineString>
        </MultiGeometry>
        <name>P-120</name>
        <description><![CDATA[<div><div><span><b>Altitude:</b></span> <span>3,000 ft</span></div>
<div><span><b>Speed:</b></span> <span>72 kt - 73 kt</span></div>
<div><span><b>Timestamp:</b></span><br/><span>2025-11-07 06:37:52 UTC<br/>2025-11-07 06:37:54 UTC</span></div>
</div>]]></description>
      </Placemark>
      <Placemark>
        <Style>
          <LineStyle>
            <color>ff1eff00</color>
            <width>2</width>
          </LineStyle>
        </Style>
        <MultiGeometry>
          <LineString>
            <tessellate>1</tessellate>
            <altitudeMode>absolute</altitudeMode>
            <coordinates>18.351059,-33.939934,914.4 18.351933,-33.939331,914.4</coordinates>
          </LineString>
        </MultiGeometry>
        <name>P-121</name>
        <description><![CDATA[<div><div><span><b>Altitude:</b></span> <span>3,000 ft</span></div>
<div><span><b>Speed:</b></span> <span>73 kt - 77 kt</span></div>
<div><span><b>Timestamp:</b></span><br/><span>2025-11-07 06:37:54 UTC<br/>2025-11-07 06:37:56 UTC</span></div>
</div>]]></description>
      </Placemark>
      <Placemark>
        <Style>
          <LineStyle>
            <color>ff1eff00</color>
            <width>2</width>
          </LineStyle>
        </Style>
        <MultiGeometry>
          <LineString>
            <tessellate>1</tessellate>
            <altitudeMode>absolute</altitudeMode>
            <coordinates>18.351933,-33.939331,914.4 18.352604,-33.938583,914.4</coordinates>
          </LineString>
        </MultiGeometry>
        <name>P-122</name>
        <description><![CDATA[<div><div><span><b>Altitude:</b></span> <span>3,000 ft</span></div>
<div><span><b>Speed:</b></span> <span>77 kt - 79 kt</span></div>
<div><span><b>Timestamp:</b></span><br/><span>2025-11-07 06:37:56 UTC<br/>2025-11-07 06:37:59 UTC</span></div>
</div>]]></description>
      </Placemark>
      <Placemark>
        <Style>
          <LineStyle>
            <color>ff1eff00</color>
            <width>2</width>
          </LineStyle>
        </Style>
        <MultiGeometry>
          <LineString>
            <tessellate>1</tessellate>
            <altitudeMode>absolute</altitudeMode>
            <coordinates>18.352604,-33.938583,914.4 18.353062,-33.937931,914.4</coordinates>
          </LineString>
        </MultiGeometry>
        <name>P-123</name>
        <description><![CDATA[<div><div><span><b>Altitude:</b></span> <span>3,000 ft</span></div>
<div><span><b>Speed:</b></span> <span>79 kt - 81 kt</span></div>
<div><span><b>Timestamp:</b></span><br/><span>2025-11-07 06:37:59 UTC<br/>2025-11-07 06:38:01 UTC</span></div>
</div>]]></description>
      </Placemark>
      <Placemark>
        <Style>
          <LineStyle>
            <color>ff1eff00</color>
            <width>2</width>
          </LineStyle>
        </Style>
        <MultiGeometry>
          <LineString>
            <tessellate>1</tessellate>
            <altitudeMode>absolute</altitudeMode>
            <coordinates>18.353062,-33.937931,914.4 18.353445,-33.937271,944.88</coordinates>
          </LineString>
        </MultiGeometry>
        <name>P-124</name>
        <description><![CDATA[<div><div><span><b>Altitude:</b></span> <span>3,000 ft - 3,100 ft</span></div>
<div><span><b>Speed:</b></span> <span>81 kt - 83 kt</span></div>
<div><span><b>Timestamp:</b></span><br/><span>2025-11-07 06:38:01 UTC<br/>2025-11-07 06:38:03 UTC</span></div>
</div>]]></description>
      </Placemark>
      <Placemark>
        <Style>
          <LineStyle>
            <color>ff1eff00</color>
            <width>2</width>
          </LineStyle>
        </Style>
        <MultiGeometry>
          <LineString>
            <tessellate>1</tessellate>
            <altitudeMode>absolute</altitudeMode>
            <coordinates>18.353445,-33.937271,944.88 18.353838,-33.936356,944.88</coordinates>
          </LineString>
        </MultiGeometry>
        <name>P-125</name>
        <description><![CDATA[<div><div><span><b>Altitude:</b></span> <span>3,100 ft</span></div>
<div><span><b>Speed:</b></span> <span>83 kt - 84 kt</span></div>
<div><span><b>Timestamp:</b></span><br/><span>2025-11-07 06:38:03 UTC<br/>2025-11-07 06:38:05 UTC</span></div>
</div>]]></description>
      </Placemark>
      <Placemark>
        <Style>
          <LineStyle>
            <color>ff1eff00</color>
            <width>2</width>
          </LineStyle>
        </Style>
        <MultiGeometry>
          <LineString>
            <tessellate>1</tessellate>
            <altitudeMode>absolute</altitudeMode>
            <coordinates>18.353838,-33.936356,944.88 18.354174,-33.93544,944.88</coordinates>
          </LineString>
        </MultiGeometry>
        <name>P-126</name>
        <description><![CDATA[<div><div><span><b>Altitude:</b></span> <span>3,100 ft</span></div>
<div><span><b>Speed:</b></span> <span>84 kt - 86 kt</span></div>
<div><span><b>Timestamp:</b></span><br/><span>2025-11-07 06:38:05 UTC<br/>2025-11-07 06:38:07 UTC</span></div>
</div>]]></description>
      </Placemark>
      <Placemark>
        <Style>
          <LineStyle>
            <color>ff1eff00</color>
            <width>2</width>
          </LineStyle>
        </Style>
        <MultiGeometry>
          <LineString>
            <tessellate>1</tessellate>
            <altitudeMode>absolute</altitudeMode>
            <coordinates>18.354174,-33.93544,944.88 18.354263,-33.934578,944.88</coordinates>
          </LineString>
        </MultiGeometry>
        <name>P-127</name>
        <description><![CDATA[<div><div><span><b>Altitude:</b></span> <span>3,100 ft</span></div>
<div><span><b>Speed:</b></span> <span>86 kt - 87 kt</span></div>
<div><span><b>Timestamp:</b></span><br/><span>2025-11-07 06:38:07 UTC<br/>2025-11-07 06:38:10 UTC</span></div>
</div>]]></description>
      </Placemark>
      <Placemark>
        <Style>
          <LineStyle>
            <color>ff1eff00</color>
            <width>2</width>
          </LineStyle>
        </Style>
        <MultiGeometry>
          <LineString>
            <tessellate>1</tessellate>
            <altitudeMode>absolute</altitudeMode>
            <coordinates>18.354263,-33.934578,944.88 18.354174,-33.933975,944.88</coordinates>
          </LineString>
        </MultiGeometry>
        <name>P-128</name>
        <description><![CDATA[<div><div><span><b>Altitude:</b></span> <span>3,100 ft</span></div>
<div><span><b>Speed:</b></span> <span>87 kt - 86 kt</span></div>
<div><span><b>Timestamp:</b></span><br/><span>2025-11-07 06:38:10 UTC<br/>2025-11-07 06:38:12 UTC</span></div>
</div>]]></description>
      </Placemark>
      <Placemark>
        <Style>
          <LineStyle>
            <color>ff1eff00</color>
            <width>2</width>
          </LineStyle>
        </Style>
        <MultiGeometry>
          <LineString>
            <tessellate>1</tessellate>
            <altitudeMode>absolute</altitudeMode>
            <coordinates>18.354174,-33.933975,944.88 18.35367,-33.933014,944.88</coordinates>
          </LineString>
        </MultiGeometry>
        <name>P-129</name>
        <description><![CDATA[<div><div><span><b>Altitude:</b></span> <span>3,100 ft</span></div>
<div><span><b>Speed:</b></span> <span>86 kt</span></div>
<div><span><b>Timestamp:</b></span><br/><span>2025-11-07 06:38:12 UTC<br/>2025-11-07 06:38:14 UTC</span></div>
</div>]]></description>
      </Placemark>
      <Placemark>
        <Style>
          <LineStyle>
            <color>ff1eff00</color>
            <width>2</width>
          </LineStyle>
        </Style>
        <MultiGeometry>
          <LineString>
            <tessellate>1</tessellate>
            <altitudeMode>absolute</altitudeMode>
            <coordinates>18.35367,-33.933014,944.88 18.352774,-33.932327,944.88</coordinates>
          </LineString>
        </MultiGeometry>
        <name>P-130</name>
        <description><![CDATA[<div><div><span><b>Altitude:</b></span> <span>3,100 ft</span></div>
<div><span><b>Speed:</b></span> <span>86 kt - 88 kt</span></div>
<div><span><b>Timestamp:</b></span><br/><span>2025-11-07 06:38:14 UTC<br/>2025-11-07 06:38:16 UTC</span></div>
</div>]]></description>
      </Placemark>
      <Placemark>
        <Style>
          <LineStyle>
            <color>ff1eff00</color>
            <width>2</width>
          </LineStyle>
        </Style>
        <MultiGeometry>
          <LineString>
            <tessellate>1</tessellate>
            <altitudeMode>absolute</altitudeMode>
            <coordinates>18.352774,-33.932327,944.88 18.351933,-33.932007,944.88</coordinates>
          </LineString>
        </MultiGeometry>
        <name>P-131</name>
        <description><![CDATA[<div><div><span><b>Altitude:</b></span> <span>3,100 ft</span></div>
<div><span><b>Speed:</b></span> <span>88 kt - 89 kt</span></div>
<div><span><b>Timestamp:</b></span><br/><span>2025-11-07 06:38:16 UTC<br/>2025-11-07 06:38:18 UTC</span></div>
</div>]]></description>
      </Placemark>
      <Placemark>
        <Style>
          <LineStyle>
            <color>ff1eff00</color>
            <width>2</width>
          </LineStyle>
        </Style>
        <MultiGeometry>
          <LineString>
            <tessellate>1</tessellate>
            <altitudeMode>absolute</altitudeMode>
            <coordinates>18.351933,-33.932007,944.88 18.350773,-33.931881,944.88</coordinates>
          </LineString>
        </MultiGeometry>
        <name>P-132</name>
        <description><![CDATA[<div><div><span><b>Altitude:</b></span> <span>3,100 ft</span></div>
<div><span><b>Speed:</b></span> <span>89 kt - 90 kt</span></div>
<div><span><b>Timestamp:</b></span><br/><span>2025-11-07 06:38:18 UTC<br/>2025-11-07 06:38:20 UTC</span></div>
</div>]]></description>
      </Placemark>
      <Placemark>
        <Style>
          <LineStyle>
            <color>ff1eff00</color>
            <width>2</width>
          </LineStyle>
        </Style>
        <MultiGeometry>
          <LineString>
            <tessellate>1</tessellate>
            <altitudeMode>absolute</altitudeMode>
            <coordinates>18.350773,-33.931881,944.88 18.349522,-33.932053,944.88</coordinates>
          </LineString>
        </MultiGeometry>
        <name>P-133</name>
        <description><![CDATA[<div><div><span><b>Altitude:</b></span> <span>3,100 ft</span></div>
<div><span><b>Speed:</b></span> <span>90 kt - 92 kt</span></div>
<div><span><b>Timestamp:</b></span><br/><span>2025-11-07 06:38:20 UTC<br/>2025-11-07 06:38:23 UTC</span></div>
</div>]]></description>
      </Placemark>
      <Placemark>
        <Style>
          <LineStyle>
            <color>ff1eff00</color>
            <width>2</width>
          </LineStyle>
        </Style>
        <MultiGeometry>
          <LineString>
            <tessellate>1</tessellate>
            <altitudeMode>absolute</altitudeMode>
            <coordinates>18.349522,-33.932053,944.88 18.345337,-33.935604,944.88</coordinates>
          </LineString>
        </MultiGeometry>
        <name>P-134</name>
        <description><![CDATA[<div><div><span><b>Altitude:</b></span> <span>3,100 ft</span></div>
<div><span><b>Speed:</b></span> <span>92 kt - 100 kt</span></div>
<div><span><b>Timestamp:</b></span><br/><span>2025-11-07 06:38:23 UTC<br/>2025-11-07 06:38:34 UTC</span></div>
</div>]]></description>
      </Placemark>
      <Placemark>
        <Style>
          <LineStyle>
            <color>ff1eff00</color>
            <width>2</width>
          </LineStyle>
        </Style>
        <MultiGeometry>
          <LineString>
            <tessellate>1</tessellate>
            <altitudeMode>absolute</altitudeMode>
            <coordinates>18.345337,-33.935604,944.88 18.344307,-33.938072,944.88</coordinates>
          </LineString>
        </MultiGeometry>
        <name>P-135</name>
        <description><![CDATA[<div><div><span><b>Altitude:</b></span> <span>3,100 ft</span></div>
<div><span><b>Speed:</b></span> <span>100 kt - 105 kt</span></div>
<div><span><b>Timestamp:</b></span><br/><span>2025-11-07 06:38:34 UTC<br/>2025-11-07 06:38:40 UTC</span></div>
</div>]]></description>
      </Placemark>
      <Placemark>
        <Style>
          <LineStyle>
            <color>ff1eff00</color>
            <width>2</width>
          </LineStyle>
        </Style>
        <MultiGeometry>
          <LineString>
            <tessellate>1</tessellate>
            <altitudeMode>absolute</altitudeMode>
            <coordinates>18.344307,-33.938072,944.88 18.3433,-33.94075,944.88</coordinates>
          </LineString>
        </MultiGeometry>
        <name>P-136</name>
        <description><![CDATA[<div><div><span><b>Altitude:</b></span> <span>3,100 ft</span></div>
<div><span><b>Speed:</b></span> <span>105 kt - 108 kt</span></div>
<div><span><b>Timestamp:</b></span><br/><span>2025-11-07 06:38:40 UTC<br/>2025-11-07 06:38:45 UTC</span></div>
</div>]]></description>
      </Placemark>
      <Placemark>
        <Style>
          <LineStyle>
            <color>ff1eff00</color>
            <width>2</width>
          </LineStyle>
        </Style>
        <MultiGeometry>
          <LineString>
            <tessellate>1</tessellate>
            <altitudeMode>absolute</altitudeMode>
            <coordinates>18.3433,-33.94075,944.88 18.342403,-33.943497,944.88</coordinates>
          </LineString>
        </MultiGeometry>
        <name>P-137</name>
        <description><![CDATA[<div><div><span><b>Altitude:</b></span> <span>3,100 ft</span></div>
<div><span><b>Speed:</b></span> <span>108 kt - 110 kt</span></div>
<div><span><b>Timestamp:</b></span><br/><span>2025-11-07 06:38:45 UTC<br/>2025-11-07 06:38:51 UTC</span></div>
</div>]]></description>
      </Placemark>
      <Placemark>
        <Style>
          <LineStyle>
            <color>ff1eff00</color>
            <width>2</width>
          </LineStyle>
        </Style>
        <MultiGeometry>
          <LineString>
            <tessellate>1</tessellate>
            <altitudeMode>absolute</altitudeMode>
            <coordinates>18.342403,-33.943497,944.88 18.340946,-33.948029,944.88</coordinates>
          </LineString>
        </MultiGeometry>
        <name>P-138</name>
        <description><![CDATA[<div><div><span><b>Altitude:</b></span> <span>3,100 ft</span></div>
<div><span><b>Speed:</b></span> <span>110 kt - 109 kt</span></div>
<div><span><b>Timestamp:</b></span><br/><span>2025-11-07 06:38:51 UTC<br/>2025-11-07 06:39:00 UTC</span></div>
</div>]]></description>
      </Placemark>
      <Placemark>
        <Style>
          <LineStyle>
            <color>ff1eff00</color>
            <width>2</width>
          </LineStyle>
        </Style>
        <MultiGeometry>
          <LineString>
            <tessellate>1</tessellate>
            <altitudeMode>absolute</altitudeMode>
            <coordinates>18.340946,-33.948029,944.88 18.340759,-33.948544,944.88</coordinates>
          </LineString>
        </MultiGeometry>
        <name>P-139</name>
        <description><![CDATA[<div><div><span><b>Altitude:</b></span> <span>3,100 ft</span></div>
<div><span><b>Speed:</b></span> <span>109 kt - 108 kt</span></div>
<div><span><b>Timestamp:</b></span><br/><span>2025-11-07 06:39:00 UTC<br/>2025-11-07 06:39:03 UTC</span></div>
</div>]]></description>
      </Placemark>
      <Placemark>
        <Style>
          <LineStyle>
            <color>ff1eff00</color>
            <width>2</width>
          </LineStyle>
        </Style>
        <MultiGeometry>
          <LineString>
            <tessellate>1</tessellate>
            <altitudeMode>absolute</altitudeMode>
            <coordinates>18.340759,-33.948544,944.88 18.339386,-33.952549,975.36</coordinates>
          </LineString>
        </MultiGeometry>
        <name>P-140</name>
        <description><![CDATA[<div><div><span><b>Altitude:</b></span> <span>3,100 ft - 3,200 ft</span></div>
<div><span><b>Speed:</b></span> <span>108 kt - 107 kt</span></div>
<div><span><b>Timestamp:</b></span><br/><span>2025-11-07 06:39:03 UTC<br/>2025-11-07 06:39:10 UTC</span></div>
</div>]]></description>
      </Placemark>
      <Placemark>
        <Style>
          <LineStyle>
            <color>ff1eff00</color>
            <width>2</width>
          </LineStyle>
        </Style>
        <MultiGeometry>
          <LineString>
            <tessellate>1</tessellate>
            <altitudeMode>absolute</altitudeMode>
            <coordinates>18.339386,-33.952549,975.36 18.337212,-33.958508,1005.84</coordinates>
          </LineString>
        </MultiGeometry>
        <name>P-141</name>
        <description><![CDATA[<div><div><span><b>Altitude:</b></span> <span>3,200 ft - 3,300 ft</span></div>
<div><span><b>Speed:</b></span> <span>107 kt - 97 kt</span></div>
<div><span><b>Timestamp:</b></span><br/><span>2025-11-07 06:39:10 UTC<br/>2025-11-07 06:39:23 UTC</span></div>
</div>]]></description>
      </Placemark>
      <Placemark>
        <Style>
          <LineStyle>
            <color>ff00ff0c</color>
            <width>2</width>
          </LineStyle>
        </Style>
        <MultiGeometry>
          <LineString>
            <tessellate>1</tessellate>
            <altitudeMode>absolute</altitudeMode>
            <coordinates>18.337212,-33.958508,1005.84 18.336069,-33.961578,1036.32</coordinates>
          </LineString>
        </MultiGeometry>
        <name>P-142</name>
        <description><![CDATA[<div><div><span><b>Altitude:</b></span> <span>3,300 ft - 3,400 ft</span></div>
<div><span><b>Speed:</b></span> <span>97 kt - 95 kt</span></div>
<div><span><b>Timestamp:</b></span><br/><span>2025-11-07 06:39:23 UTC<br/>2025-11-07 06:39:31 UTC</span></div>
</div>]]></description>
      </Placemark>
      <Placemark>
        <Style>
          <LineStyle>
            <color>ff00ff0c</color>
            <width>2</width>
          </LineStyle>
        </Style>
        <MultiGeometry>
          <LineString>
            <tessellate>1</tessellate>
            <altitudeMode>absolute</altitudeMode>
            <coordinates>18.336069,-33.961578,1036.32 18.33478,-33.96492,1036.32</coordinates>
          </LineString>
        </MultiGeometry>
        <name>P-143</name>
        <description><![CDATA[<div><div><span><b>Altitude:</b></span> <span>3,400 ft</span></div>
<div><span><b>Speed:</b></span> <span>95 kt - 93 kt</span></div>
<div><span><b>Timestamp:</b></span><br/><span>2025-11-07 06:39:31 UTC<br/>2025-11-07 06:39:40 UTC</span></div>
</div>]]></description>
      </Placemark>
      <Placemark>
        <Style>
          <LineStyle>
            <color>ff00ff0c</color>
            <width>2</width>
          </LineStyle>
        </Style>
        <MultiGeometry>
          <LineString>
            <tessellate>1</tessellate>
            <altitudeMode>absolute</altitudeMode>
            <coordinates>18.33478,-33.96492,1036.32 18.333435,-33.968857,1066.8</coordinates>
          </LineString>
        </MultiGeometry>
        <name>P-144</name>
        <description><![CDATA[<div><div><span><b>Altitude:</b></span> <span>3,400 ft - 3,500 ft</span></div>
<div><span><b>Speed:</b></span> <span>93 kt - 91 kt</span></div>
<div><span><b>Timestamp:</b></span><br/><span>2025-11-07 06:39:40 UTC<br/>2025-11-07 06:39:48 UTC</span></div>
</div>]]></description>
      </Placemark>
      <Placemark>
        <Style>
          <LineStyle>
            <color>ff00ff0c</color>
            <width>2</width>
          </LineStyle>
        </Style>
        <MultiGeometry>
          <LineString>
            <tessellate>1</tessellate>
            <altitudeMode>absolute</altitudeMode>
            <coordinates>18.333435,-33.968857,1066.8 18.333206,-33.969681,1066.8</coordinates>
          </LineString>
        </MultiGeometry>
        <name>P-145</name>
        <description><![CDATA[<div><div><span><b>Altitude:</b></span> <span>3,500 ft</span></div>
<div><span><b>Speed:</b></span> <span>91 kt - 92 kt</span></div>
<div><span><b>Timestamp:</b></span><br/><span>2025-11-07 06:39:48 UTC<br/>2025-11-07 06:39:50 UTC</span></div>
</div>]]></description>
      </Placemark>
      <Placemark>
        <Style>
          <LineStyle>
            <color>ff00ff0c</color>
            <width>2</width>
          </LineStyle>
        </Style>
        <MultiGeometry>
          <LineString>
            <tessellate>1</tessellate>
            <altitudeMode>absolute</altitudeMode>
            <coordinates>18.333206,-33.969681,1066.8 18.332977,-33.970516,1066.8</coordinates>
          </LineString>
        </MultiGeometry>
        <name>P-146</name>
        <description><![CDATA[<div><div><span><b>Altitude:</b></span> <span>3,500 ft</span></div>
<div><span><b>Speed:</b></span> <span>92 kt - 93 kt</span></div>
<div><span><b>Timestamp:</b></span><br/><span>2025-11-07 06:39:50 UTC<br/>2025-11-07 06:39:52 UTC</span></div>
</div>]]></description>
      </Placemark>
      <Placemark>
        <Style>
          <LineStyle>
            <color>ff00ff0c</color>
            <width>2</width>
          </LineStyle>
        </Style>
        <MultiGeometry>
          <LineString>
            <tessellate>1</tessellate>
            <altitudeMode>absolute</altitudeMode>
            <coordinates>18.332977,-33.970516,1066.8 18.332651,-33.971558,1066.8</coordinates>
          </LineString>
        </MultiGeometry>
        <name>P-147</name>
        <description><![CDATA[<div><div><span><b>Altitude:</b></span> <span>3,500 ft</span></div>
<div><span><b>Speed:</b></span> <span>93 kt - 95 kt</span></div>
<div><span><b>Timestamp:</b></span><br/><span>2025-11-07 06:39:52 UTC<br/>2025-11-07 06:39:54 UTC</span></div>
</div>]]></description>
      </Placemark>
      <Placemark>
        <Style>
          <LineStyle>
            <color>ff00ff0c</color>
            <width>2</width>
          </LineStyle>
        </Style>
        <MultiGeometry>
          <LineString>
            <tessellate>1</tessellate>
            <altitudeMode>absolute</altitudeMode>
            <coordinates>18.332651,-33.971558,1066.8 18.332426,-33.972519,1066.8</coordinates>
          </LineString>
        </MultiGeometry>
        <name>P-148</name>
        <description><![CDATA[<div><div><span><b>Altitude:</b></span> <span>3,500 ft</span></div>
<div><span><b>Speed:</b></span> <span>95 kt - 97 kt</span></div>
<div><span><b>Timestamp:</b></span><br/><span>2025-11-07 06:39:54 UTC<br/>2025-11-07 06:39:57 UTC</span></div>
</div>]]></description>
      </Placemark>
      <Placemark>
        <Style>
          <LineStyle>
            <color>ff00ff0c</color>
            <width>2</width>
          </LineStyle>
        </Style>
        <MultiGeometry>
          <LineString>
            <tessellate>1</tessellate>
            <altitudeMode>absolute</altitudeMode>
            <coordinates>18.332426,-33.972519,1066.8 18.332146,-33.973434,1066.8</coordinates>
          </LineString>
        </MultiGeometry>
        <name>P-149</name>
        <description><![CDATA[<div><div><span><b>Altitude:</b></span> <span>3,500 ft</span></div>
<div><span><b>Speed:</b></span> <span>97 kt - 98 kt</span></div>
<div><span><b>Timestamp:</b></span><br/><span>2025-11-07 06:39:57 UTC<br/>2025-11-07 06:39:59 UTC</span></div>
</div>]]></description>
      </Placemark>
      <Placemark>
        <Style>
          <LineStyle>
            <color>ff00ff0c</color>
            <width>2</width>
          </LineStyle>
        </Style>
        <MultiGeometry>
          <LineString>
            <tessellate>1</tessellate>
            <altitudeMode>absolute</altitudeMode>
            <coordinates>18.332146,-33.973434,1066.8 18.331833,-33.974613,1097.28</coordinates>
          </LineString>
        </MultiGeometry>
        <name>P-150</name>
        <description><![CDATA[<div><div><span><b>Altitude:</b></span> <span>3,500 ft - 3,600 ft</span></div>
<div><span><b>Speed:</b></span> <span>98 kt - 99 kt</span></div>
<div><span><b>Timestamp:</b></span><br/><span>2025-11-07 06:39:59 UTC<br/>2025-11-07 06:40:01 UTC</span></div>
</div>]]></description>
      </Placemark>
      <Placemark>
        <Style>
          <LineStyle>
            <color>ff00ff0c</color>
            <width>2</width>
          </LineStyle>
        </Style>
        <MultiGeometry>
          <LineString>
            <tessellate>1</tessellate>
            <altitudeMode>absolute</altitudeMode>
            <coordinates>18.331833,-33.974613,1097.28 18.331585,-33.975769,1097.28</coordinates>
          </LineString>
        </MultiGeometry>
        <name>P-151</name>
        <description><![CDATA[<div><div><span><b>Altitude:</b></span> <span>3,600 ft</span></div>
<div><span><b>Speed:</b></span> <span>99 kt - 98 kt</span></div>
<div><span><b>Timestamp:</b></span><br/><span>2025-11-07 06:40:01 UTC<br/>2025-11-07 06:40:04 UTC</span></div>
</div>]]></description>
      </Placemark>
      <Placemark>
        <Style>
          <LineStyle>
            <color>ff00ff0c</color>
            <width>2</width>
          </LineStyle>
        </Style>
        <MultiGeometry>
          <LineString>
            <tessellate>1</tessellate>
            <altitudeMode>absolute</altitudeMode>
            <coordinates>18.331585,-33.975769,1097.28 18.331417,-33.976639,1097.28</coordinates>
          </LineString>
        </MultiGeometry>
        <name>P-152</name>
        <description><![CDATA[<div><div><span><b>Altitude:</b></span> <span>3,600 ft</span></div>
<div><span><b>Speed:</b></span> <span>98 kt</span></div>
<div><span><b>Timestamp:</b></span><br/><span>2025-11-07 06:40:04 UTC<br/>2025-11-07 06:40:06 UTC</span></div>
</div>]]></description>
      </Placemark>
      <Placemark>
        <Style>
          <LineStyle>
            <color>ff00ff0c</color>
            <width>2</width>
          </LineStyle>
        </Style>
        <MultiGeometry>
          <LineString>
            <tessellate>1</tessellate>
            <altitudeMode>absolute</altitudeMode>
            <coordinates>18.331417,-33.976639,1097.28 18.331137,-33.977829,1097.28</coordinates>
          </LineString>
        </MultiGeometry>
        <name>P-153</name>
        <description><![CDATA[<div><div><span><b>Altitude:</b></span> <span>3,600 ft</span></div>
<div><span><b>Speed:</b></span> <span>98 kt</span></div>
<div><span><b>Timestamp:</b></span><br/><span>2025-11-07 06:40:06 UTC<br/>2025-11-07 06:40:08 UTC</span></div>
</div>]]></description>
      </Placemark>
      <Placemark>
        <Style>
          <LineStyle>
            <color>ff00ff0c</color>
            <width>2</width>
          </LineStyle>
        </Style>
        <MultiGeometry>
          <LineString>
            <tessellate>1</tessellate>
            <altitudeMode>absolute</altitudeMode>
            <coordinates>18.331137,-33.977829,1097.28 18.330975,-33.978619,1097.28</coordinates>
          </LineString>
        </MultiGeometry>
        <name>P-154</name>
        <description><![CDATA[<div><div><span><b>Altitude:</b></span> <span>3,600 ft</span></div>
<div><span><b>Speed:</b></span> <span>98 kt - 99 kt</span></div>
<div><span><b>Timestamp:</b></span><br/><span>2025-11-07 06:40:08 UTC<br/>2025-11-07 06:40:11 UTC</span></div>
</div>]]></description>
      </Placemark>
      <Placemark>
        <Style>
          <LineStyle>
            <color>ff00ff0c</color>
            <width>2</width>
          </LineStyle>
        </Style>
        <MultiGeometry>
          <LineString>
            <tessellate>1</tessellate>
            <altitudeMode>absolute</altitudeMode>
            <coordinates>18.330975,-33.978619,1097.28 18.330744,-33.979752,1097.28</coordinates>
          </LineString>
        </MultiGeometry>
        <name>P-155</name>
        <description><![CDATA[<div><div><span><b>Altitude:</b></span> <span>3,600 ft</span></div>
<div><span><b>Speed:</b></span> <span>99 kt - 100 kt</span></div>
<div><span><b>Timestamp:</b></span><br/><span>2025-11-07 06:40:11 UTC<br/>2025-11-07 06:40:13 UTC</span></div>
</div>]]></description>
      </Placemark>
      <Placemark>
        <Style>
          <LineStyle>
            <color>ff00ff0c</color>
            <width>2</width>
          </LineStyle>
        </Style>
        <MultiGeometry>
          <LineString>
            <tessellate>1</tessellate>
            <altitudeMode>absolute</altitudeMode>
            <coordinates>18.330744,-33.979752,1097.28 18.33046,-33.980991,1097.28</coordinates>
          </LineString>
        </MultiGeometry>
        <name>P-156</name>
        <description><![CDATA[<div><div><span><b>Altitude:</b></span> <span>3,600 ft</span></div>
<div><span><b>Speed:</b></span> <span>100 kt</span></div>
<div><span><b>Timestamp:</b></span><br/><span>2025-11-07 06:40:13 UTC<br/>2025-11-07 06:40:15 UTC</span></div>
</div>]]></description>
      </Placemark>
      <Placemark>
        <Style>
          <LineStyle>
            <color>ff00ff0c</color>
            <width>2</width>
          </LineStyle>
        </Style>
        <MultiGeometry>
          <LineString>
            <tessellate>1</tessellate>
            <altitudeMode>absolute</altitudeMode>
            <coordinates>18.33046,-33.980991,1097.28 18.330296,-33.981949,1097.28</coordinates>
          </LineString>
        </MultiGeometry>
        <name>P-157</name>
        <description><![CDATA[<div><div><span><b>Altitude:</b></span> <span>3,600 ft</span></div>
<div><span><b>Speed:</b></span> <span>100 kt - 101 kt</span></div>
<div><span><b>Timestamp:</b></span><br/><span>2025-11-07 06:40:15 UTC<br/>2025-11-07 06:40:17 UTC</span></div>
</div>]]></description>
      </Placemark>
      <Placemark>
        <Style>
          <LineStyle>
            <color>ff00ff0c</color>
            <width>2</width>
          </LineStyle>
        </Style>
        <MultiGeometry>
          <LineString>
            <tessellate>1</tessellate>
            <altitudeMode>absolute</altitudeMode>
            <coordinates>18.330296,-33.981949,1097.28 18.330128,-33.982956,1097.28</coordinates>
          </LineString>
        </MultiGeometry>
        <name>P-158</name>
        <description><![CDATA[<div><div><span><b>Altitude:</b></span> <span>3,600 ft</span></div>
<div><span><b>Speed:</b></span> <span>101 kt - 102 kt</span></div>
<div><span><b>Timestamp:</b></span><br/><span>2025-11-07 06:40:17 UTC<br/>2025-11-07 06:40:20 UTC</span></div>
</div>]]></description>
      </Placemark>
      <Placemark>
        <Style>
          <LineStyle>
            <color>ff00ff0c</color>
            <width>2</width>
          </LineStyle>
        </Style>
        <MultiGeometry>
          <LineString>
            <tessellate>1</tessellate>
            <altitudeMode>absolute</altitudeMode>
            <coordinates>18.330128,-33.982956,1097.28 18.329905,-33.9841,1097.28</coordinates>
          </LineString>
        </MultiGeometry>
        <name>P-159</name>
        <description><![CDATA[<div><div><span><b>Altitude:</b></span> <span>3,600 ft</span></div>
<div><span><b>Speed:</b></span> <span>102 kt - 101 kt</span></div>
<div><span><b>Timestamp:</b></span><br/><span>2025-11-07 06:40:20 UTC<br/>2025-11-07 06:40:22 UTC</span></div>
</div>]]></description>
      </Placemark>
      <Placemark>
        <Style>
          <LineStyle>
            <color>ff00ff0c</color>
            <width>2</width>
          </LineStyle>
        </Style>
        <MultiGeometry>
          <LineString>
            <tessellate>1</tessellate>
            <altitudeMode>absolute</altitudeMode>
            <coordinates>18.329905,-33.9841,1097.28 18.329773,-33.985088,1097.28</coordinates>
          </LineString>
        </MultiGeometry>
        <name>P-160</name>
        <description><![CDATA[<div><div><span><b>Altitude:</b></span> <span>3,600 ft</span></div>
<div><span><b>Speed:</b></span> <span>101 kt - 102 kt</span></div>
<div><span><b>Timestamp:</b></span><br/><span>2025-11-07 06:40:22 UTC<br/>2025-11-07 06:40:24 UTC</span></div>
</div>]]></description>
      </Placemark>
      <Placemark>
        <Style>
          <LineStyle>
            <color>ff00ff0c</color>
            <width>2</width>
          </LineStyle>
        </Style>
        <MultiGeometry>
          <LineString>
            <tessellate>1</tessellate>
            <altitudeMode>absolute</altitudeMode>
            <coordinates>18.329773,-33.985088,1097.28 18.329601,-33.986065,1097.28</coordinates>
          </LineString>
        </MultiGeometry>
        <name>P-161</name>
        <description><![CDATA[<div><div><span><b>Altitude:</b></span> <span>3,600 ft</span></div>
<div><span><b>Speed:</b></span> <span>102 kt</span></div>
<div><span><b>Timestamp:</b></span><br/><span>2025-11-07 06:40:24 UTC<br/>2025-11-07 06:40:27 UTC</span></div>
</div>]]></description>
      </Placemark>
      <Placemark>
        <Style>
          <LineStyle>
            <color>ff00ff0c</color>
            <width>2</width>
          </LineStyle>
        </Style>
        <MultiGeometry>
          <LineString>
            <tessellate>1</tessellate>
            <altitudeMode>absolute</altitudeMode>
            <coordinates>18.329601,-33.986065,1097.28 18.329454,-33.98735,1097.28</coordinates>
          </LineString>
        </MultiGeometry>
        <name>P-162</name>
        <description><![CDATA[<div><div><span><b>Altitude:</b></span> <span>3,600 ft</span></div>
<div><span><b>Speed:</b></span> <span>102 kt</span></div>
<div><span><b>Timestamp:</b></span><br/><span>2025-11-07 06:40:27 UTC<br/>2025-11-07 06:40:29 UTC</span></div>
</div>]]></description>
      </Placemark>
      <Placemark>
        <Style>
          <LineStyle>
            <color>ff00ff0c</color>
            <width>2</width>
          </LineStyle>
        </Style>
        <MultiGeometry>
          <LineString>
            <tessellate>1</tessellate>
            <altitudeMode>absolute</altitudeMode>
            <coordinates>18.329454,-33.98735,1097.28 18.329287,-33.988449,1097.28</coordinates>
          </LineString>
        </MultiGeometry>
        <name>P-163</name>
        <description><![CDATA[<div><div><span><b>Altitude:</b></span> <span>3,600 ft</span></div>
<div><span><b>Speed:</b></span> <span>102 kt</span></div>
<div><span><b>Timestamp:</b></span><br/><span>2025-11-07 06:40:29 UTC<br/>2025-11-07 06:40:31 UTC</span></div>
</div>]]></description>
      </Placemark>
      <Placemark>
        <Style>
          <LineStyle>
            <color>ff00ff0c</color>
            <width>2</width>
          </LineStyle>
        </Style>
        <MultiGeometry>
          <LineString>
            <tessellate>1</tessellate>
            <altitudeMode>absolute</altitudeMode>
            <coordinates>18.329287,-33.988449,1097.28 18.329176,-33.98941,1097.28</coordinates>
          </LineString>
        </MultiGeometry>
        <name>P-164</name>
        <description><![CDATA[<div><div><span><b>Altitude:</b></span> <span>3,600 ft</span></div>
<div><span><b>Speed:</b></span> <span>102 kt</span></div>
<div><span><b>Timestamp:</b></span><br/><span>2025-11-07 06:40:31 UTC<br/>2025-11-07 06:40:33 UTC</span></div>
</div>]]></description>
      </Placemark>
      <Placemark>
        <Style>
          <LineStyle>
            <color>ff00ff0c</color>
            <width>2</width>
          </LineStyle>
        </Style>
        <MultiGeometry>
          <LineString>
            <tessellate>1</tessellate>
            <altitudeMode>absolute</altitudeMode>
            <coordinates>18.329176,-33.98941,1097.28 18.329029,-33.990349,1097.28</coordinates>
          </LineString>
        </MultiGeometry>
        <name>P-165</name>
        <description><![CDATA[<div><div><span><b>Altitude:</b></span> <span>3,600 ft</span></div>
<div><span><b>Speed:</b></span> <span>102 kt - 103 kt</span></div>
<div><span><b>Timestamp:</b></span><br/><span>2025-11-07 06:40:33 UTC<br/>2025-11-07 06:40:36 UTC</span></div>
</div>]]></description>
      </Placemark>
      <Placemark>
        <Style>
          <LineStyle>
            <color>ff00ff0c</color>
            <width>2</width>
          </LineStyle>
        </Style>
        <MultiGeometry>
          <LineString>
            <tessellate>1</tessellate>
            <altitudeMode>absolute</altitudeMode>
            <coordinates>18.329029,-33.990349,1097.28 18.328915,-33.991699,1097.28</coordinates>
          </LineString>
        </MultiGeometry>
        <name>P-166</name>
        <description><![CDATA[<div><div><span><b>Altitude:</b></span> <span>3,600 ft</span></div>
<div><span><b>Speed:</b></span> <span>103 kt</span></div>
<div><span><b>Timestamp:</b></span><br/><span>2025-11-07 06:40:36 UTC<br/>2025-11-07 06:40:38 UTC</span></div>
</div>]]></description>
      </Placemark>
      <Placemark>
        <Style>
          <LineStyle>
            <color>ff00ff0c</color>
            <width>2</width>
          </LineStyle>
        </Style>
        <MultiGeometry>
          <LineString>
            <tessellate>1</tessellate>
            <altitudeMode>absolute</altitudeMode>
            <coordinates>18.328915,-33.991699,1097.28 18.328857,-33.99263,1097.28</coordinates>
          </LineString>
        </MultiGeometry>
        <name>P-167</name>
        <description><![CDATA[<div><div><span><b>Altitude:</b></span> <span>3,600 ft</span></div>
<div><span><b>Speed:</b></span> <span>103 kt</span></div>
<div><span><b>Timestamp:</b></span><br/><span>2025-11-07 06:40:38 UTC<br/>2025-11-07 06:40:40 UTC</span></div>
</div>]]></description>
      </Placemark>
      <Placemark>
        <Style>
          <LineStyle>
            <color>ff00ff0c</color>
            <width>2</width>
          </LineStyle>
        </Style>
        <MultiGeometry>
          <LineString>
            <tessellate>1</tessellate>
            <altitudeMode>absolute</altitudeMode>
            <coordinates>18.328857,-33.99263,1097.28 18.328743,-33.993839,1097.28</coordinates>
          </LineString>
        </MultiGeometry>
        <name>P-168</name>
        <description><![CDATA[<div><div><span><b>Altitude:</b></span> <span>3,600 ft</span></div>
<div><span><b>Speed:</b></span> <span>103 kt</span></div>
<div><span><b>Timestamp:</b></span><br/><span>2025-11-07 06:40:40 UTC<br/>2025-11-07 06:40:42 UTC</span></div>
</div>]]></description>
      </Placemark>
      <Placemark>
        <Style>
          <LineStyle>
            <color>ff00ff0c</color>
            <width>2</width>
          </LineStyle>
        </Style>
        <MultiGeometry>
          <LineString>
            <tessellate>1</tessellate>
            <altitudeMode>absolute</altitudeMode>
            <coordinates>18.328743,-33.993839,1097.28 18.328686,-33.99482,1097.28</coordinates>
          </LineString>
        </MultiGeometry>
        <name>P-169</name>
        <description><![CDATA[<div><div><span><b>Altitude:</b></span> <span>3,600 ft</span></div>
<div><span><b>Speed:</b></span> <span>103 kt - 102 kt</span></div>
<div><span><b>Timestamp:</b></span><br/><span>2025-11-07 06:40:42 UTC<br/>2025-11-07 06:40:45 UTC</span></div>
</div>]]></description>
      </Placemark>
      <Placemark>
        <Style>
          <LineStyle>
            <color>ff00ff0c</color>
            <width>2</width>
          </LineStyle>
        </Style>
        <MultiGeometry>
          <LineString>
            <tessellate>1</tessellate>
            <altitudeMode>absolute</altitudeMode>
            <coordinates>18.328686,-33.99482,1097.28 18.328615,-33.996002,1097.28</coordinates>
          </LineString>
        </MultiGeometry>
        <name>P-170</name>
        <description><![CDATA[<div><div><span><b>Altitude:</b></span> <span>3,600 ft</span></div>
<div><span><b>Speed:</b></span> <span>102 kt - 103 kt</span></div>
<div><span><b>Timestamp:</b></span><br/><span>2025-11-07 06:40:45 UTC<br/>2025-11-07 06:40:47 UTC</span></div>
</div>]]></description>
      </Placemark>
      <Placemark>
        <Style>
          <LineStyle>
            <color>ff00ff0c</color>
            <width>2</width>
          </LineStyle>
        </Style>
        <MultiGeometry>
          <LineString>
            <tessellate>1</tessellate>
            <altitudeMode>absolute</altitudeMode>
            <coordinates>18.328615,-33.996002,1097.28 18.328629,-33.997005,1097.28</coordinates>
          </LineString>
        </MultiGeometry>
        <name>P-171</name>
        <description><![CDATA[<div><div><span><b>Altitude:</b></span> <span>3,600 ft</span></div>
<div><span><b>Speed:</b></span> <span>103 kt</span></div>
<div><span><b>Timestamp:</b></span><br/><span>2025-11-07 06:40:47 UTC<br/>2025-11-07 06:40:49 UTC</span></div>
</div>]]></description>
      </Placemark>
      <Placemark>
        <Style>
          <LineStyle>
            <color>ff00ff0c</color>
            <width>2</width>
          </LineStyle>
        </Style>
        <MultiGeometry>
          <LineString>
            <tessellate>1</tessellate>
            <altitudeMode>absolute</altitudeMode>
            <coordinates>18.328629,-33.997005,1097.28 18.328571,-33.998032,1097.28</coordinates>
          </LineString>
        </MultiGeometry>
        <name>P-172</name>
        <description><![CDATA[<div><div><span><b>Altitude:</b></span> <span>3,600 ft</span></div>
<div><span><b>Speed:</b></span> <span>103 kt</span></div>
<div><span><b>Timestamp:</b></span><br/><span>2025-11-07 06:40:49 UTC<br/>2025-11-07 06:40:51 UTC</span></div>
</div>]]></description>
      </Placemark>
      <Placemark>
        <Style>
          <LineStyle>
            <color>ff00ff0c</color>
            <width>2</width>
          </LineStyle>
        </Style>
        <MultiGeometry>
          <LineString>
            <tessellate>1</tessellate>
            <altitudeMode>absolute</altitudeMode>
            <coordinates>18.328571,-33.998032,1097.28 18.328615,-33.999023,1097.28</coordinates>
          </LineString>
        </MultiGeometry>
        <name>P-173</name>
        <description><![CDATA[<div><div><span><b>Altitude:</b></span> <span>3,600 ft</span></div>
<div><span><b>Speed:</b></span> <span>103 kt</span></div>
<div><span><b>Timestamp:</b></span><br/><span>2025-11-07 06:40:51 UTC<br/>2025-11-07 06:40:54 UTC</span></div>
</div>]]></description>
      </Placemark>
      <Placemark>
        <Style>
          <LineStyle>
            <color>ff00ff0c</color>
            <width>2</width>
          </LineStyle>
        </Style>
        <MultiGeometry>
          <LineString>
            <tessellate>1</tessellate>
            <altitudeMode>absolute</altitudeMode>
            <coordinates>18.328615,-33.999023,1097.28 18.328615,-34.000168,1097.28</coordinates>
          </LineString>
        </MultiGeometry>
        <name>P-174</name>
        <description><![CDATA[<div><div><span><b>Altitude:</b></span> <span>3,600 ft</span></div>
<div><span><b>Speed:</b></span> <span>103 kt</span></div>
<div><span><b>Timestamp:</b></span><br/><span>2025-11-07 06:40:54 UTC<br/>2025-11-07 06:40:56 UTC</span></div>
</div>]]></description>
      </Placemark>
      <Placemark>
        <Style>
          <LineStyle>
            <color>ff00ff0c</color>
            <width>2</width>
          </LineStyle>
        </Style>
        <MultiGeometry>
          <LineString>
            <tessellate>1</tessellate>
            <altitudeMode>absolute</altitudeMode>
            <coordinates>18.328615,-34.000168,1097.28 18.328671,-34.001266,1097.28</coordinates>
          </LineString>
        </MultiGeometry>
        <name>P-175</name>
        <description><![CDATA[<div><div><span><b>Altitude:</b></span> <span>3,600 ft</span></div>
<div><span><b>Speed:</b></span> <span>103 kt</span></div>
<div><span><b>Timestamp:</b></span><br/><span>2025-11-07 06:40:56 UTC<br/>2025-11-07 06:40:58 UTC</span></div>
</div>]]></description>
      </Placemark>
      <Placemark>
        <Style>
          <LineStyle>
            <color>ff00ff0c</color>
            <width>2</width>
          </LineStyle>
        </Style>
        <MultiGeometry>
          <LineString>
            <tessellate>1</tessellate>
            <altitudeMode>absolute</altitudeMode>
            <coordinates>18.328671,-34.001266,1097.28 18.328743,-34.002174,1097.28</coordinates>
          </LineString>
        </MultiGeometry>
        <name>P-176</name>
        <description><![CDATA[<div><div><span><b>Altitude:</b></span> <span>3,600 ft</span></div>
<div><span><b>Speed:</b></span> <span>103 kt</span></div>
<div><span><b>Timestamp:</b></span><br/><span>2025-11-07 06:40:58 UTC<br/>2025-11-07 06:41:00 UTC</span></div>
</div>]]></description>
      </Placemark>
      <Placemark>
        <Style>
          <LineStyle>
            <color>ff00ff0c</color>
            <width>2</width>
          </LineStyle>
        </Style>
        <MultiGeometry>
          <LineString>
            <tessellate>1</tessellate>
            <altitudeMode>absolute</altitudeMode>
            <coordinates>18.328743,-34.002174,1097.28 18.328896,-34.003326,1127.76</coordinates>
          </LineString>
        </MultiGeometry>
        <name>P-177</name>
        <description><![CDATA[<div><div><span><b>Altitude:</b></span> <span>3,600 ft - 3,700 ft</span></div>
<div><span><b>Speed:</b></span> <span>103 kt</span></div>
<div><span><b>Timestamp:</b></span><br/><span>2025-11-07 06:41:00 UTC<br/>2025-11-07 06:41:03 UTC</span></div>
</div>]]></description>
      </Placemark>
      <Placemark>
        <Style>
          <LineStyle>
            <color>ff00ff0c</color>
            <width>2</width>
          </LineStyle>
        </Style>
        <MultiGeometry>
          <LineString>
            <tessellate>1</tessellate>
            <altitudeMode>absolute</altitudeMode>
            <coordinates>18.328896,-34.003326,1127.76 18.329006,-34.004333,1097.28</coordinates>
          </LineString>
        </MultiGeometry>
        <name>P-178</name>
        <description><![CDATA[<div><div><span><b>Altitude:</b></span> <span>3,700 ft - 3,600 ft</span></div>
<div><span><b>Speed:</b></span> <span>103 kt - 104 kt</span></div>
<div><span><b>Timestamp:</b></span><br/><span>2025-11-07 06:41:03 UTC<br/>2025-11-07 06:41:05 UTC</span></div>
</div>]]></description>
      </Placemark>
      <Placemark>
        <Style>
          <LineStyle>
            <color>ff00ff0c</color>
            <width>2</width>
          </LineStyle>
        </Style>
        <MultiGeometry>
          <LineString>
            <tessellate>1</tessellate>
            <altitudeMode>absolute</altitudeMode>
            <coordinates>18.329006,-34.004333,1097.28 18.329176,-34.005432,1097.28</coordinates>
          </LineString>
        </MultiGeometry>
        <name>P-179</name>
        <description><![CDATA[<div><div><span><b>Altitude:</b></span> <span>3,600 ft</span></div>
<div><span><b>Speed:</b></span> <span>104 kt - 106 kt</span></div>
<div><span><b>Timestamp:</b></span><br/><span>2025-11-07 06:41:05 UTC<br/>2025-11-07 06:41:07 UTC</span></div>
</div>]]></description>
      </Placemark>
      <Placemark>
        <Style>
          <LineStyle>
            <color>ff00ff0c</color>
            <width>2</width>
          </LineStyle>
        </Style>
        <MultiGeometry>
          <LineString>
            <tessellate>1</tessellate>
            <altitudeMode>absolute</altitudeMode>
            <coordinates>18.329176,-34.005432,1097.28 18.329399,-34.006577,1097.28</coordinates>
          </LineString>
        </MultiGeometry>
        <name>P-180</name>
        <description><![CDATA[<div><div><span><b>Altitude:</b></span> <span>3,600 ft</span></div>
<div><span><b>Speed:</b></span> <span>106 kt - 105 kt</span></div>
<div><span><b>Timestamp:</b></span><br/><span>2025-11-07 06:41:07 UTC<br/>2025-11-07 06:41:09 UTC</span></div>
</div>]]></description>
      </Placemark>
      <Placemark>
        <Style>
          <LineStyle>
            <color>ff00ff0c</color>
            <width>2</width>
          </LineStyle>
        </Style>
        <MultiGeometry>
          <LineString>
            <tessellate>1</tessellate>
            <altitudeMode>absolute</altitudeMode>
            <coordinates>18.329399,-34.006577,1097.28 18.329601,-34.007759,1097.28</coordinates>
          </LineString>
        </MultiGeometry>
        <name>P-181</name>
        <description><![CDATA[<div><div><span><b>Altitude:</b></span> <span>3,600 ft</span></div>
<div><span><b>Speed:</b></span> <span>105 kt - 106 kt</span></div>
<div><span><b>Timestamp:</b></span><br/><span>2025-11-07 06:41:09 UTC<br/>2025-11-07 06:41:12 UTC</span></div>
</div>]]></description>
      </Placemark>
      <Placemark>
        <Style>
          <LineStyle>
            <color>ff00ff0c</color>
            <width>2</width>
          </LineStyle>
        </Style>
        <MultiGeometry>
          <LineString>
            <tessellate>1</tessellate>
            <altitudeMode>absolute</altitudeMode>
            <coordinates>18.329601,-34.007759,1097.28 18.329887,-34.008785,1097.28</coordinates>
          </LineString>
        </MultiGeometry>
        <name>P-182</name>
        <description><![CDATA[<div><div><span><b>Altitude:</b></span> <span>3,600 ft</span></div>
<div><span><b>Speed:</b></span> <span>106 kt</span></div>
<div><span><b>Timestamp:</b></span><br/><span>2025-11-07 06:41:12 UTC<br/>2025-11-07 06:41:14 UTC</span></div>
</div>]]></description>
      </Placemark>
      <Placemark>
        <Style>
          <LineStyle>
            <color>ff00ff0c</color>
            <width>2</width>
          </LineStyle>
        </Style>
        <MultiGeometry>
          <LineString>
            <tessellate>1</tessellate>
            <altitudeMode>absolute</altitudeMode>
            <coordinates>18.329887,-34.008785,1097.28 18.330173,-34.009949,1097.28</coordinates>
          </LineString>
        </MultiGeometry>
        <name>P-183</name>
        <description><![CDATA[<div><div><span><b>Altitude:</b></span> <span>3,600 ft</span></div>
<div><span><b>Speed:</b></span> <span>106 kt - 107 kt</span></div>
<div><span><b>Timestamp:</b></span><br/><span>2025-11-07 06:41:14 UTC<br/>2025-11-07 06:41:16 UTC</span></div>
</div>]]></description>
      </Placemark>
      <Placemark>
        <Style>
          <LineStyle>
            <color>ff00ff0c</color>
            <width>2</width>
          </LineStyle>
        </Style>
        <MultiGeometry>
          <LineString>
            <tessellate>1</tessellate>
            <altitudeMode>absolute</altitudeMode>
            <coordinates>18.330173,-34.009949,1097.28 18.330408,-34.010925,1097.28</coordinates>
          </LineString>
        </MultiGeometry>
        <name>P-184</name>
        <description><![CDATA[<div><div><span><b>Altitude:</b></span> <span>3,600 ft</span></div>
<div><span><b>Speed:</b></span> <span>107 kt</span></div>
<div><span><b>Timestamp:</b></span><br/><span>2025-11-07 06:41:16 UTC<br/>2025-11-07 06:41:18 UTC</span></div>
</div>]]></description>
      </Placemark>
      <Placemark>
        <Style>
          <LineStyle>
            <color>ff00ff0c</color>
            <width>2</width>
          </LineStyle>
        </Style>
        <MultiGeometry>
          <LineString>
            <tessellate>1</tessellate>
            <altitudeMode>absolute</altitudeMode>
            <coordinates>18.330408,-34.010925,1097.28 18.330801,-34.012115,1097.28</coordinates>
          </LineString>
        </MultiGeometry>
        <name>P-185</name>
        <description><![CDATA[<div><div><span><b>Altitude:</b></span> <span>3,600 ft</span></div>
<div><span><b>Speed:</b></span> <span>107 kt</span></div>
<div><span><b>Timestamp:</b></span><br/><span>2025-11-07 06:41:18 UTC<br/>2025-11-07 06:41:20 UTC</span></div>
</div>]]></description>
      </Placemark>
      <Placemark>
        <Style>
          <LineStyle>
            <color>ff00ff0c</color>
            <width>2</width>
          </LineStyle>
        </Style>
        <MultiGeometry>
          <LineString>
            <tessellate>1</tessellate>
            <altitudeMode>absolute</altitudeMode>
            <coordinates>18.330801,-34.012115,1097.28 18.331089,-34.012928,1097.28</coordinates>
          </LineString>
        </MultiGeometry>
        <name>P-186</name>
        <description><![CDATA[<div><div><span><b>Altitude:</b></span> <span>3,600 ft</span></div>
<div><span><b>Speed:</b></span> <span>107 kt - 108 kt</span></div>
<div><span><b>Timestamp:</b></span><br/><span>2025-11-07 06:41:20 UTC<br/>2025-11-07 06:41:23 UTC</span></div>
</div>]]></description>
      </Placemark>
      <Placemark>
        <Style>
          <LineStyle>
            <color>ff00ff0c</color>
            <width>2</width>
          </LineStyle>
        </Style>
        <MultiGeometry>
          <LineString>
            <tessellate>1</tessellate>
            <altitudeMode>absolute</altitudeMode>
            <coordinates>18.331089,-34.012928,1097.28 18.331547,-34.014046,1097.28</coordinates>
          </LineString>
        </MultiGeometry>
        <name>P-187</name>
        <description><![CDATA[<div><div><span><b>Altitude:</b></span> <span>3,600 ft</span></div>
<div><span><b>Speed:</b></span> <span>108 kt</span></div>
<div><span><b>Timestamp:</b></span><br/><span>2025-11-07 06:41:23 UTC<br/>2025-11-07 06:41:25 UTC</span></div>
</div>]]></description>
      </Placemark>
      <Placemark>
        <Style>
          <LineStyle>
            <color>ff00ff0c</color>
            <width>2</width>
          </LineStyle>
        </Style>
        <MultiGeometry>
          <LineString>
            <tessellate>1</tessellate>
            <altitudeMode>absolute</altitudeMode>
            <coordinates>18.331547,-34.014046,1097.28 18.332033,-34.014999,1097.28</coordinates>
          </LineString>
        </MultiGeometry>
        <name>P-188</name>
        <description><![CDATA[<div><div><span><b>Altitude:</b></span> <span>3,600 ft</span></div>
<div><span><b>Speed:</b></span> <span>108 kt</span></div>
<div><span><b>Timestamp:</b></span><br/><span>2025-11-07 06:41:25 UTC<br/>2025-11-07 06:41:27 UTC</span></div>
</div>]]></description>
      </Placemark>
      <Placemark>
        <Style>
          <LineStyle>
            <color>ff00ff0c</color>
            <width>2</width>
          </LineStyle>
        </Style>
        <MultiGeometry>
          <LineString>
            <tessellate>1</tessellate>
            <altitudeMode>absolute</altitudeMode>
            <coordinates>18.332033,-34.014999,1097.28 18.332462,-34.015862,1097.28</coordinates>
          </LineString>
        </MultiGeometry>
        <name>P-189</name>
        <description><![CDATA[<div><div><span><b>Altitude:</b></span> <span>3,600 ft</span></div>
<div><span><b>Speed:</b></span> <span>108 kt - 107 kt</span></div>
<div><span><b>Timestamp:</b></span><br/><span>2025-11-07 06:41:27 UTC<br/>2025-11-07 06:41:29 UTC</span></div>
</div>]]></description>
      </Placemark>
      <Placemark>
        <Style>
          <LineStyle>
            <color>ff00ff0c</color>
            <width>2</width>
          </LineStyle>
        </Style>
        <MultiGeometry>
          <LineString>
            <tessellate>1</tessellate>
            <altitudeMode>absolute</altitudeMode>
            <coordinates>18.332462,-34.015862,1097.28 18.333155,-34.017059,1097.28</coordinates>
          </LineString>
        </MultiGeometry>
        <name>P-190</name>
        <description><![CDATA[<div><div><span><b>Altitude:</b></span> <span>3,600 ft</span></div>
<div><span><b>Speed:</b></span> <span>107 kt - 110 kt</span></div>
<div><span><b>Timestamp:</b></span><br/><span>2025-11-07 06:41:29 UTC<br/>2025-11-07 06:41:31 UTC</span></div>
</div>]]></description>
      </Placemark>
      <Placemark>
        <Style>
          <LineStyle>
            <color>ff00ff0c</color>
            <width>2</width>
          </LineStyle>
        </Style>
        <MultiGeometry>
          <LineString>
            <tessellate>1</tessellate>
            <altitudeMode>absolute</altitudeMode>
            <coordinates>18.333155,-34.017059,1097.28 18.333715,-34.017883,1097.28</coordinates>
          </LineString>
        </MultiGeometry>
        <name>P-191</name>
        <description><![CDATA[<div><div><span><b>Altitude:</b></span> <span>3,600 ft</span></div>
<div><span><b>Speed:</b></span> <span>110 kt - 109 kt</span></div>
<div><span><b>Timestamp:</b></span><br/><span>2025-11-07 06:41:31 UTC<br/>2025-11-07 06:41:33 UTC</span></div>
</div>]]></description>
      </Placemark>
      <Placemark>
        <Style>
          <LineStyle>
            <color>ff00ff0c</color>
            <width>2</width>
          </LineStyle>
        </Style>
        <MultiGeometry>
          <LineString>
            <tessellate>1</tessellate>
            <altitudeMode>absolute</altitudeMode>
            <coordinates>18.333715,-34.017883,1097.28 18.334332,-34.01889,1097.28</coordinates>
          </LineString>
        </MultiGeometry>
        <name>P-192</name>
        <description><![CDATA[<div><div><span><b>Altitude:</b></span> <span>3,600 ft</span></div>
<div><span><b>Speed:</b></span> <span>109 kt</span></div>
<div><span><b>Timestamp:</b></span><br/><span>2025-11-07 06:41:33 UTC<br/>2025-11-07 06:41:35 UTC</span></div>
</div>]]></description>
      </Placemark>
      <Placemark>
        <Style>
          <LineStyle>
            <color>ff00ff0c</color>
            <width>2</width>
          </LineStyle>
        </Style>
        <MultiGeometry>
          <LineString>
            <tessellate>1</tessellate>
            <altitudeMode>absolute</altitudeMode>
            <coordinates>18.334332,-34.01889,1097.28 18.335094,-34.020004,1097.28</coordinates>
          </LineString>
        </MultiGeometry>
        <name>P-193</name>
        <description><![CDATA[<div><div><span><b>Altitude:</b></span> <span>3,600 ft</span></div>
<div><span><b>Speed:</b></span> <span>109 kt - 110 kt</span></div>
<div><span><b>Timestamp:</b></span><br/><span>2025-11-07 06:41:35 UTC<br/>2025-11-07 06:41:38 UTC</span></div>
</div>]]></description>
      </Placemark>
      <Placemark>
        <Style>
          <LineStyle>
            <color>ff00ff0c</color>
            <width>2</width>
          </LineStyle>
        </Style>
        <MultiGeometry>
          <LineString>
            <tessellate>1</tessellate>
            <altitudeMode>absolute</altitudeMode>
            <coordinates>18.335094,-34.020004,1097.28 18.335846,-34.021088,1097.28</coordinates>
          </LineString>
        </MultiGeometry>
        <name>P-194</name>
        <description><![CDATA[<div><div><span><b>Altitude:</b></span> <span>3,600 ft</span></div>
<div><span><b>Speed:</b></span> <span>110 kt</span></div>
<div><span><b>Timestamp:</b></span><br/><span>2025-11-07 06:41:38 UTC<br/>2025-11-07 06:41:40 UTC</span></div>
</div>]]></description>
      </Placemark>
      <Placemark>
        <Style>
          <LineStyle>
            <color>ff00ff0c</color>
            <width>2</width>
          </LineStyle>
        </Style>
        <MultiGeometry>
          <LineString>
            <tessellate>1</tessellate>
            <altitudeMode>absolute</altitudeMode>
            <coordinates>18.335846,-34.021088,1097.28 18.336407,-34.021957,1097.28</coordinates>
          </LineString>
        </MultiGeometry>
        <name>P-195</name>
        <description><![CDATA[<div><div><span><b>Altitude:</b></span> <span>3,600 ft</span></div>
<div><span><b>Speed:</b></span> <span>110 kt</span></div>
<div><span><b>Timestamp:</b></span><br/><span>2025-11-07 06:41:40 UTC<br/>2025-11-07 06:41:42 UTC</span></div>
</div>]]></description>
      </Placemark>
      <Placemark>
        <Style>
          <LineStyle>
            <color>ff00ff0c</color>
            <width>2</width>
          </LineStyle>
        </Style>
        <MultiGeometry>
          <LineString>
            <tessellate>1</tessellate>
            <altitudeMode>absolute</altitudeMode>
            <coordinates>18.336407,-34.021957,1097.28 18.337023,-34.022781,1097.28</coordinates>
          </LineString>
        </MultiGeometry>
        <name>P-196</name>
        <description><![CDATA[<div><div><span><b>Altitude:</b></span> <span>3,600 ft</span></div>
<div><span><b>Speed:</b></span> <span>110 kt - 111 kt</span></div>
<div><span><b>Timestamp:</b></span><br/><span>2025-11-07 06:41:42 UTC<br/>2025-11-07 06:41:44 UTC</span></div>
</div>]]></description>
      </Placemark>
      <Placemark>
        <Style>
          <LineStyle>
            <color>ff00ff0c</color>
            <width>2</width>
          </LineStyle>
        </Style>
        <MultiGeometry>
          <LineString>
            <tessellate>1</tessellate>
            <altitudeMode>absolute</altitudeMode>
            <coordinates>18.337023,-34.022781,1097.28 18.337784,-34.023869,1097.28</coordinates>
          </LineString>
        </MultiGeometry>
        <name>P-197</name>
        <description><![CDATA[<div><div><span><b>Altitude:</b></span> <span>3,600 ft</span></div>
<div><span><b>Speed:</b></span> <span>111 kt</span></div>
<div><span><b>Timestamp:</b></span><br/><span>2025-11-07 06:41:44 UTC<br/>2025-11-07 06:41:46 UTC</span></div>
</div>]]></description>
      </Placemark>
      <Placemark>
        <Style>
          <LineStyle>
            <color>ff00ff0c</color>
            <width>2</width>
          </LineStyle>
        </Style>
        <MultiGeometry>
          <LineString>
            <tessellate>1</tessellate>
            <altitudeMode>absolute</altitudeMode>
            <coordinates>18.337784,-34.023869,1097.28 18.338535,-34.024933,1097.28</coordinates>
          </LineString>
        </MultiGeometry>
        <name>P-198</name>
        <description><![CDATA[<div><div><span><b>Altitude:</b></span> <span>3,600 ft</span></div>
<div><span><b>Speed:</b></span> <span>111 kt</span></div>
<div><span><b>Timestamp:</b></span><br/><span>2025-11-07 06:41:46 UTC<br/>2025-11-07 06:41:49 UTC</span></div>
</div>]]></description>
      </Placemark>
      <Placemark>
        <Style>
          <LineStyle>
            <color>ff00ff0c</color>
            <width>2</width>
          </LineStyle>
        </Style>
        <MultiGeometry>
          <LineString>
            <tessellate>1</tessellate>
            <altitudeMode>absolute</altitudeMode>
            <coordinates>18.338535,-34.024933,1097.28 18.339157,-34.025822,1097.28</coordinates>
          </LineString>
        </MultiGeometry>
        <name>P-199</name>
        <description><![CDATA[<div><div><span><b>Altitude:</b></span> <span>3,600 ft</span></div>
<div><span><b>Speed:</b></span> <span>111 kt</span></div>
<div><span><b>Timestamp:</b></span><br/><span>2025-11-07 06:41:49 UTC<br/>2025-11-07 06:41:51 UTC</span></div>
</div>]]></description>
      </Placemark>
      <Placemark>
        <Style>
          <LineStyle>
            <color>ff00ff0c</color>
            <width>2</width>
          </LineStyle>
        </Style>
        <MultiGeometry>
          <LineString>
            <tessellate>1</tessellate>
            <altitudeMode>absolute</altitudeMode>
            <coordinates>18.339157,-34.025822,1097.28 18.339882,-34.026855,1097.28</coordinates>
          </LineString>
        </MultiGeometry>
        <name>P-200</name>
        <description><![CDATA[<div><div><span><b>Altitude:</b></span> <span>3,600 ft</span></div>
<div><span><b>Speed:</b></span> <span>111 kt</span></div>
<div><span><b>Timestamp:</b></span><br/><span>2025-11-07 06:41:51 UTC<br/>2025-11-07 06:41:53 UTC</span></div>
</div>]]></description>
      </Placemark>
      <Placemark>
        <Style>
          <LineStyle>
            <color>ff00ff0c</color>
            <width>2</width>
          </LineStyle>
        </Style>
        <MultiGeometry>
          <LineString>
            <tessellate>1</tessellate>
            <altitudeMode>absolute</altitudeMode>
            <coordinates>18.339882,-34.026855,1097.28 18.340473,-34.027683,1097.28</coordinates>
          </LineString>
        </MultiGeometry>
        <name>P-201</name>
        <description><![CDATA[<div><div><span><b>Altitude:</b></span> <span>3,600 ft</span></div>
<div><span><b>Speed:</b></span> <span>111 kt - 112 kt</span></div>
<div><span><b>Timestamp:</b></span><br/><span>2025-11-07 06:41:53 UTC<br/>2025-11-07 06:41:56 UTC</span></div>
</div>]]></description>
      </Placemark>
      <Placemark>
        <Style>
          <LineStyle>
            <color>ff00ff0c</color>
            <width>2</width>
          </LineStyle>
        </Style>
        <MultiGeometry>
          <LineString>
            <tessellate>1</tessellate>
            <altitudeMode>absolute</altitudeMode>
            <coordinates>18.340473,-34.027683,1097.28 18.341227,-34.028824,1097.28</coordinates>
          </LineString>
        </MultiGeometry>
        <name>P-202</name>
        <description><![CDATA[<div><div><span><b>Altitude:</b></span> <span>3,600 ft</span></div>
<div><span><b>Speed:</b></span> <span>112 kt</span></div>
<div><span><b>Timestamp:</b></span><br/><span>2025-11-07 06:41:56 UTC<br/>2025-11-07 06:41:58 UTC</span></div>
</div>]]></description>
      </Placemark>
      <Placemark>
        <Style>
          <LineStyle>
            <color>ff00ff0c</color>
            <width>2</width>
          </LineStyle>
        </Style>
        <MultiGeometry>
          <LineString>
            <tessellate>1</tessellate>
            <altitudeMode>absolute</altitudeMode>
            <coordinates>18.341227,-34.028824,1097.28 18.342018,-34.029919,1097.28</coordinates>
          </LineString>
        </MultiGeometry>
        <name>P-203</name>
        <description><![CDATA[<div><div><span><b>Altitude:</b></span> <span>3,600 ft</span></div>
<div><span><b>Speed:</b></span> <span>112 kt - 111 kt</span></div>
<div><span><b>Timestamp:</b></span><br/><span>2025-11-07 06:41:58 UTC<br/>2025-11-07 06:42:00 UTC</span></div>
</div>]]></description>
      </Placemark>
      <Placemark>
        <Style>
          <LineStyle>
            <color>ff00ff0c</color>
            <width>2</width>
          </LineStyle>
        </Style>
        <MultiGeometry>
          <LineString>
            <tessellate>1</tessellate>
            <altitudeMode>absolute</altitudeMode>
            <coordinates>18.342018,-34.029919,1097.28 18.342762,-34.030991,1097.28</coordinates>
          </LineString>
        </MultiGeometry>
        <name>P-204</name>
        <description><![CDATA[<div><div><span><b>Altitude:</b></span> <span>3,600 ft</span></div>
<div><span><b>Speed:</b></span> <span>111 kt</span></div>
<div><span><b>Timestamp:</b></span><br/><span>2025-11-07 06:42:00 UTC<br/>2025-11-07 06:42:02 UTC</span></div>
</div>]]></description>
      </Placemark>
      <Placemark>
        <Style>
          <LineStyle>
            <color>ff00ff0c</color>
            <width>2</width>
          </LineStyle>
        </Style>
        <MultiGeometry>
          <LineString>
            <tessellate>1</tessellate>
            <altitudeMode>absolute</altitudeMode>
            <coordinates>18.342762,-34.030991,1097.28 18.345394,-34.034805,1097.28</coordinates>
          </LineString>
        </MultiGeometry>
        <name>P-205</name>
        <description><![CDATA[<div><div><span><b>Altitude:</b></span> <span>3,600 ft</span></div>
<div><span><b>Speed:</b></span> <span>111 kt - 109 kt</span></div>
<div><span><b>Timestamp:</b></span><br/><span>2025-11-07 06:42:02 UTC<br/>2025-11-07 06:42:11 UTC</span></div>
</div>]]></description>
      </Placemark>
      <Placemark>
        <Style>
          <LineStyle>
            <color>ff00ff0c</color>
            <width>2</width>
          </LineStyle>
        </Style>
        <MultiGeometry>
          <LineString>
            <tessellate>1</tessellate>
            <altitudeMode>absolute</altitudeMode>
            <coordinates>18.345394,-34.034805,1097.28 18.347504,-34.037979,1066.8</coordinates>
          </LineString>
        </MultiGeometry>
        <name>P-206</name>
        <description><![CDATA[<div><div><span><b>Altitude:</b></span> <span>3,600 ft - 3,500 ft</span></div>
<div><span><b>Speed:</b></span> <span>109 kt</span></div>
<div><span><b>Timestamp:</b></span><br/><span>2025-11-07 06:42:11 UTC<br/>2025-11-07 06:42:18 UTC</span></div>
</div>]]></description>
      </Placemark>
      <Placemark>
        <Style>
          <LineStyle>
            <color>ff00ff0c</color>
            <width>2</width>
          </LineStyle>
        </Style>
        <MultiGeometry>
          <LineString>
            <tessellate>1</tessellate>
            <altitudeMode>absolute</altitudeMode>
            <coordinates>18.347504,-34.037979,1066.8 18.348026,-34.038857,1066.8</coordinates>
          </LineString>
        </MultiGeometry>
        <name>P-207</name>
        <description><![CDATA[<div><div><span><b>Altitude:</b></span> <span>3,500 ft</span></div>
<div><span><b>Speed:</b></span> <span>109 kt - 108 kt</span></div>
<div><span><b>Timestamp:</b></span><br/><span>2025-11-07 06:42:18 UTC<br/>2025-11-07 06:42:20 UTC</span></div>
</div>]]></description>
      </Placemark>
      <Placemark>
        <Style>
          <LineStyle>
            <color>ff00ff0c</color>
            <width>2</width>
          </LineStyle>
        </Style>
        <MultiGeometry>
          <LineString>
            <tessellate>1</tessellate>
            <altitudeMode>absolute</altitudeMode>
            <coordinates>18.348026,-34.038857,1066.8 18.34857,-34.039764,1066.8</coordinates>
          </LineString>
        </MultiGeometry>
        <name>P-208</name>
        <description><![CDATA[<div><div><span><b>Altitude:</b></span> <span>3,500 ft</span></div>
<div><span><b>Speed:</b></span> <span>108 kt</span></div>
<div><span><b>Timestamp:</b></span><br/><span>2025-11-07 06:42:20 UTC<br/>2025-11-07 06:42:22 UTC</span></div>
</div>]]></description>
      </Placemark>
      <Placemark>
        <Style>
          <LineStyle>
            <color>ff00ff0c</color>
            <width>2</width>
          </LineStyle>
        </Style>
        <MultiGeometry>
          <LineString>
            <tessellate>1</tessellate>
            <altitudeMode>absolute</altitudeMode>
            <coordinates>18.34857,-34.039764,1066.8 18.349241,-34.040955,1097.28</coordinates>
          </LineString>
        </MultiGeometry>
        <name>P-209</name>
        <description><![CDATA[<div><div><span><b>Altitude:</b></span> <span>3,500 ft - 3,600 ft</span></div>
<div><span><b>Speed:</b></span> <span>108 kt - 106 kt</span></div>
<div><span><b>Timestamp:</b></span><br/><span>2025-11-07 06:42:22 UTC<br/>2025-11-07 06:42:25 UTC</span></div>
</div>]]></description>
      </Placemark>
      <Placemark>
        <Style>
          <LineStyle>
            <color>ff00ff0c</color>
            <width>2</width>
          </LineStyle>
        </Style>
        <MultiGeometry>
          <LineString>
            <tessellate>1</tessellate>
            <altitudeMode>absolute</altitudeMode>
            <coordinates>18.349241,-34.040955,1097.28 18.349859,-34.042145,1066.8</coordinates>
          </LineString>
        </MultiGeometry>
        <name>P-210</name>
        <description><![CDATA[<div><div><span><b>Altitude:</b></span> <span>3,600 ft - 3,500 ft</span></div>
<div><span><b>Speed:</b></span> <span>106 kt - 107 kt</span></div>
<div><span><b>Timestamp:</b></span><br/><span>2025-11-07 06:42:25 UTC<br/>2025-11-07 06:42:27 UTC</span></div>
</div>]]></description>
      </Placemark>
      <Placemark>
        <Style>
          <LineStyle>
            <color>ff00ff0c</color>
            <width>2</width>
          </LineStyle>
        </Style>
        <MultiGeometry>
          <LineString>
            <tessellate>1</tessellate>
            <altitudeMode>absolute</altitudeMode>
            <coordinates>18.349859,-34.042145,1066.8 18.350307,-34.043152,1066.8</coordinates>
          </LineString>
        </MultiGeometry>
        <name>P-211</name>
        <description><![CDATA[<div><div><span><b>Altitude:</b></span> <span>3,500 ft</span></div>
<div><span><b>Speed:</b></span> <span>107 kt</span></div>
<div><span><b>Timestamp:</b></span><br/><span>2025-11-07 06:42:27 UTC<br/>2025-11-07 06:42:29 UTC</span></div>
</div>]]></description>
      </Placemark>
      <Placemark>
        <Style>
          <LineStyle>
            <color>ff00ff0c</color>
            <width>2</width>
          </LineStyle>
        </Style>
        <MultiGeometry>
          <LineString>
            <tessellate>1</tessellate>
            <altitudeMode>absolute</altitudeMode>
            <coordinates>18.350307,-34.043152,1066.8 18.350658,-34.044071,1066.8</coordinates>
          </LineString>
        </MultiGeometry>
        <name>P-212</name>
        <description><![CDATA[<div><div><span><b>Altitude:</b></span> <span>3,500 ft</span></div>
<div><span><b>Speed:</b></span> <span>107 kt - 108 kt</span></div>
<div><span><b>Timestamp:</b></span><br/><span>2025-11-07 06:42:29 UTC<br/>2025-11-07 06:42:31 UTC</span></div>
</div>]]></description>
      </Placemark>
      <Placemark>
        <Style>
          <LineStyle>
            <color>ff00ff0c</color>
            <width>2</width>
          </LineStyle>
        </Style>
        <MultiGeometry>
          <LineString>
            <tessellate>1</tessellate>
            <altitudeMode>absolute</altitudeMode>
            <coordinates>18.350658,-34.044071,1066.8 18.351091,-34.045258,1066.8</coordinates>
          </LineString>
        </MultiGeometry>
        <name>P-213</name>
        <description><![CDATA[<div><div><span><b>Altitude:</b></span> <span>3,500 ft</span></div>
<div><span><b>Speed:</b></span> <span>108 kt - 109 kt</span></div>
<div><span><b>Timestamp:</b></span><br/><span>2025-11-07 06:42:31 UTC<br/>2025-11-07 06:42:34 UTC</span></div>
</div>]]></description>
      </Placemark>
      <Placemark>
        <Style>
          <LineStyle>
            <color>ff00ff0c</color>
            <width>2</width>
          </LineStyle>
        </Style>
        <MultiGeometry>
          <LineString>
            <tessellate>1</tessellate>
            <altitudeMode>absolute</altitudeMode>
            <coordinates>18.351091,-34.045258,1066.8 18.351427,-34.04631,1066.8</coordinates>
          </LineString>
        </MultiGeometry>
        <name>P-214</name>
        <description><![CDATA[<div><div><span><b>Altitude:</b></span> <span>3,500 ft</span></div>
<div><span><b>Speed:</b></span> <span>109 kt - 110 kt</span></div>
<div><span><b>Timestamp:</b></span><br/><span>2025-11-07 06:42:34 UTC<br/>2025-11-07 06:42:36 UTC</span></div>
</div>]]></description>
      </Placemark>
      <Placemark>
        <Style>
          <LineStyle>
            <color>ff00ff0c</color>
            <width>2</width>
          </LineStyle>
        </Style>
        <MultiGeometry>
          <LineString>
            <tessellate>1</tessellate>
            <altitudeMode>absolute</altitudeMode>
            <coordinates>18.351427,-34.04631,1066.8 18.351652,-34.047272,1066.8</coordinates>
          </LineString>
        </MultiGeometry>
        <name>P-215</name>
        <description><![CDATA[<div><div><span><b>Altitude:</b></span> <span>3,500 ft</span></div>
<div><span><b>Speed:</b></span> <span>110 kt - 111 kt</span></div>
<div><span><b>Timestamp:</b></span><br/><span>2025-11-07 06:42:36 UTC<br/>2025-11-07 06:42:38 UTC</span></div>
</div>]]></description>
      </Placemark>
      <Placemark>
        <Style>
          <LineStyle>
            <color>ff00ff0c</color>
            <width>2</width>
          </LineStyle>
        </Style>
        <MultiGeometry>
          <LineString>
            <tessellate>1</tessellate>
            <altitudeMode>absolute</altitudeMode>
            <coordinates>18.351652,-34.047272,1066.8 18.351917,-34.048771,1066.8</coordinates>
          </LineString>
        </MultiGeometry>
        <name>P-216</name>
        <description><![CDATA[<div><div><span><b>Altitude:</b></span> <span>3,500 ft</span></div>
<div><span><b>Speed:</b></span> <span>111 kt - 112 kt</span></div>
<div><span><b>Timestamp:</b></span><br/><span>2025-11-07 06:42:38 UTC<br/>2025-11-07 06:42:41 UTC</span></div>
</div>]]></description>
      </Placemark>
      <Placemark>
        <Style>
          <LineStyle>
            <color>ff00ff0c</color>
            <width>2</width>
          </LineStyle>
        </Style>
        <MultiGeometry>
          <LineString>
            <tessellate>1</tessellate>
            <altitudeMode>absolute</altitudeMode>
            <coordinates>18.351917,-34.048771,1066.8 18.352045,-34.049835,1066.8</coordinates>
          </LineString>
        </MultiGeometry>
        <name>P-217</name>
        <description><![CDATA[<div><div><span><b>Altitude:</b></span> <span>3,500 ft</span></div>
<div><span><b>Speed:</b></span> <span>112 kt</span></div>
<div><span><b>Timestamp:</b></span><br/><span>2025-11-07 06:42:41 UTC<br/>2025-11-07 06:42:43 UTC</span></div>
</div>]]></description>
      </Placemark>
      <Placemark>
        <Style>
          <LineStyle>
            <color>ff00ff0c</color>
            <width>2</width>
          </LineStyle>
        </Style>
        <MultiGeometry>
          <LineString>
            <tessellate>1</tessellate>
            <altitudeMode>absolute</altitudeMode>
            <coordinates>18.352045,-34.049835,1066.8 18.352146,-34.050869,1066.8</coordinates>
          </LineString>
        </MultiGeometry>
        <name>P-218</name>
        <description><![CDATA[<div><div><span><b>Altitude:</b></span> <span>3,500 ft</span></div>
<div><span><b>Speed:</b></span> <span>112 kt - 113 kt</span></div>
<div><span><b>Timestamp:</b></span><br/><span>2025-11-07 06:42:43 UTC<br/>2025-11-07 06:42:45 UTC</span></div>
</div>]]></description>
      </Placemark>
      <Placemark>
        <Style>
          <LineStyle>
            <color>ff00ff0c</color>
            <width>2</width>
          </LineStyle>
        </Style>
        <MultiGeometry>
          <LineString>
            <tessellate>1</tessellate>
            <altitudeMode>absolute</altitudeMode>
            <coordinates>18.352146,-34.050869,1066.8 18.352213,-34.052032,1066.8</coordinates>
          </LineString>
        </MultiGeometry>
        <name>P-219</name>
        <description><![CDATA[<div><div><span><b>Altitude:</b></span> <span>3,500 ft</span></div>
<div><span><b>Speed:</b></span> <span>113 kt</span></div>
<div><span><b>Timestamp:</b></span><br/><span>2025-11-07 06:42:45 UTC<br/>2025-11-07 06:42:47 UTC</span></div>
</div>]]></description>
      </Placemark>
      <Placemark>
        <Style>
          <LineStyle>
            <color>ff00ff0c</color>
            <width>2</width>
          </LineStyle>
        </Style>
        <MultiGeometry>
          <LineString>
            <tessellate>1</tessellate>
            <altitudeMode>absolute</altitudeMode>
            <coordinates>18.352213,-34.052032,1066.8 18.352203,-34.053101,1036.32</coordinates>
          </LineString>
        </MultiGeometry>
        <name>P-220</name>
        <description><![CDATA[<div><div><span><b>Altitude:</b></span> <span>3,500 ft - 3,400 ft</span></div>
<div><span><b>Speed:</b></span> <span>113 kt - 114 kt</span></div>
<div><span><b>Timestamp:</b></span><br/><span>2025-11-07 06:42:47 UTC<br/>2025-11-07 06:42:49 UTC</span></div>
</div>]]></description>
      </Placemark>
      <Placemark>
        <Style>
          <LineStyle>
            <color>ff00ff0c</color>
            <width>2</width>
          </LineStyle>
        </Style>
        <MultiGeometry>
          <LineString>
            <tessellate>1</tessellate>
            <altitudeMode>absolute</altitudeMode>
            <coordinates>18.352203,-34.053101,1036.32 18.352146,-34.054497,1036.32</coordinates>
          </LineString>
        </MultiGeometry>
        <name>P-221</name>
        <description><![CDATA[<div><div><span><b>Altitude:</b></span> <span>3,400 ft</span></div>
<div><span><b>Speed:</b></span> <span>114 kt</span></div>
<div><span><b>Timestamp:</b></span><br/><span>2025-11-07 06:42:49 UTC<br/>2025-11-07 06:42:52 UTC</span></div>
</div>]]></description>
      </Placemark>
      <Placemark>
        <Style>
          <LineStyle>
            <color>ff00ff0c</color>
            <width>2</width>
          </LineStyle>
        </Style>
        <MultiGeometry>
          <LineString>
            <tessellate>1</tessellate>
            <altitudeMode>absolute</altitudeMode>
            <coordinates>18.352146,-34.054497,1036.32 18.352089,-34.055569,1036.32</coordinates>
          </LineString>
        </MultiGeometry>
        <name>P-222</name>
        <description><![CDATA[<div><div><span><b>Altitude:</b></span> <span>3,400 ft</span></div>
<div><span><b>Speed:</b></span> <span>114 kt - 115 kt</span></div>
<div><span><b>Timestamp:</b></span><br/><span>2025-11-07 06:42:52 UTC<br/>2025-11-07 06:42:54 UTC</span></div>
</div>]]></description>
      </Placemark>
      <Placemark>
        <Style>
          <LineStyle>
            <color>ff00ff0c</color>
            <width>2</width>
          </LineStyle>
        </Style>
        <MultiGeometry>
          <LineString>
            <tessellate>1</tessellate>
            <altitudeMode>absolute</altitudeMode>
            <coordinates>18.352089,-34.055569,1036.32 18.351933,-34.056702,1036.32</coordinates>
          </LineString>
        </MultiGeometry>
        <name>P-223</name>
        <description><![CDATA[<div><div><span><b>Altitude:</b></span> <span>3,400 ft</span></div>
<div><span><b>Speed:</b></span> <span>115 kt</span></div>
<div><span><b>Timestamp:</b></span><br/><span>2025-11-07 06:42:54 UTC<br/>2025-11-07 06:42:56 UTC</span></div>
</div>]]></description>
      </Placemark>
      <Placemark>
        <Style>
          <LineStyle>
            <color>ff00ff0c</color>
            <width>2</width>
          </LineStyle>
        </Style>
        <MultiGeometry>
          <LineString>
            <tessellate>1</tessellate>
            <altitudeMode>absolute</altitudeMode>
            <coordinates>18.351933,-34.056702,1036.32 18.351688,-34.057991,1005.84</coordinates>
          </LineString>
        </MultiGeometry>
        <name>P-224</name>
        <description><![CDATA[<div><div><span><b>Altitude:</b></span> <span>3,400 ft - 3,300 ft</span></div>
<div><span><b>Speed:</b></span> <span>115 kt - 116 kt</span></div>
<div><span><b>Timestamp:</b></span><br/><span>2025-11-07 06:42:56 UTC<br/>2025-11-07 06:42:58 UTC</span></div>
</div>]]></description>
      </Placemark>
      <Placemark>
        <Style>
          <LineStyle>
            <color>ff00ff0c</color>
            <width>2</width>
          </LineStyle>
        </Style>
        <MultiGeometry>
          <LineString>
            <tessellate>1</tessellate>
            <altitudeMode>absolute</altitudeMode>
            <coordinates>18.351688,-34.057991,1005.84 18.351204,-34.059311,1005.84</coordinates>
          </LineString>
        </MultiGeometry>
        <name>P-225</name>
        <description><![CDATA[<div><div><span><b>Altitude:</b></span> <span>3,300 ft</span></div>
<div><span><b>Speed:</b></span> <span>116 kt</span></div>
<div><span><b>Timestamp:</b></span><br/><span>2025-11-07 06:42:58 UTC<br/>2025-11-07 06:43:01 UTC</span></div>
</div>]]></description>
      </Placemark>
      <Placemark>
        <Style>
          <LineStyle>
            <color>ff00ff0c</color>
            <width>2</width>
          </LineStyle>
        </Style>
        <MultiGeometry>
          <LineString>
            <tessellate>1</tessellate>
            <altitudeMode>absolute</altitudeMode>
            <coordinates>18.351204,-34.059311,1005.84 18.350756,-34.060272,1005.84</coordinates>
          </LineString>
        </MultiGeometry>
        <name>P-226</name>
        <description><![CDATA[<div><div><span><b>Altitude:</b></span> <span>3,300 ft</span></div>
<div><span><b>Speed:</b></span> <span>116 kt - 117 kt</span></div>
<div><span><b>Timestamp:</b></span><br/><span>2025-11-07 06:43:01 UTC<br/>2025-11-07 06:43:03 UTC</span></div>
</div>]]></description>
      </Placemark>
      <Placemark>
        <Style>
          <LineStyle>
            <color>ff00ff0c</color>
            <width>2</width>
          </LineStyle>
        </Style>
        <MultiGeometry>
          <LineString>
            <tessellate>1</tessellate>
            <altitudeMode>absolute</altitudeMode>
            <coordinates>18.350756,-34.060272,1005.84 18.35025,-34.061142,1005.84</coordinates>
          </LineString>
        </MultiGeometry>
        <name>P-227</name>
        <description><![CDATA[<div><div><span><b>Altitude:</b></span> <span>3,300 ft</span></div>
<div><span><b>Speed:</b></span> <span>117 kt - 116 kt</span></div>
<div><span><b>Timestamp:</b></span><br/><span>2025-11-07 06:43:03 UTC<br/>2025-11-07 06:43:05 UTC</span></div>
</div>]]></description>
      </Placemark>
      <Placemark>
        <Style>
          <LineStyle>
            <color>ff00ff0c</color>
            <width>2</width>
          </LineStyle>
        </Style>
        <MultiGeometry>
          <LineString>
            <tessellate>1</tessellate>
            <altitudeMode>absolute</altitudeMode>
            <coordinates>18.35025,-34.061142,1005.84 18.349298,-34.062607,1005.84</coordinates>
          </LineString>
        </MultiGeometry>
        <name>P-228</name>
        <description><![CDATA[<div><div><span><b>Altitude:</b></span> <span>3,300 ft</span></div>
<div><span><b>Speed:</b></span> <span>116 kt - 115 kt</span></div>
<div><span><b>Timestamp:</b></span><br/><span>2025-11-07 06:43:05 UTC<br/>2025-11-07 06:43:07 UTC</span></div>
</div>]]></description>
      </Placemark>
      <Placemark>
        <Style>
          <LineStyle>
            <color>ff00ff0c</color>
            <width>2</width>
          </LineStyle>
        </Style>
        <MultiGeometry>
          <LineString>
            <tessellate>1</tessellate>
            <altitudeMode>absolute</altitudeMode>
            <coordinates>18.349298,-34.062607,1005.84 18.348484,-34.063717,1005.84</coordinates>
          </LineString>
        </MultiGeometry>
        <name>P-229</name>
        <description><![CDATA[<div><div><span><b>Altitude:</b></span> <span>3,300 ft</span></div>
<div><span><b>Speed:</b></span> <span>115 kt</span></div>
<div><span><b>Timestamp:</b></span><br/><span>2025-11-07 06:43:07 UTC<br/>2025-11-07 06:43:10 UTC</span></div>
</div>]]></description>
      </Placemark>
      <Placemark>
        <Style>
          <LineStyle>
            <color>ff00ff0c</color>
            <width>2</width>
          </LineStyle>
        </Style>
        <MultiGeometry>
          <LineString>
            <tessellate>1</tessellate>
            <altitudeMode>absolute</altitudeMode>
            <coordinates>18.348484,-34.063717,1005.84 18.347855,-34.064602,1005.84</coordinates>
          </LineString>
        </MultiGeometry>
        <name>P-230</name>
        <description><![CDATA[<div><div><span><b>Altitude:</b></span> <span>3,300 ft</span></div>
<div><span><b>Speed:</b></span> <span>115 kt - 114 kt</span></div>
<div><span><b>Timestamp:</b></span><br/><span>2025-11-07 06:43:10 UTC<br/>2025-11-07 06:43:12 UTC</span></div>
</div>]]></description>
      </Placemark>
      <Placemark>
        <Style>
          <LineStyle>
            <color>ff00ff0c</color>
            <width>2</width>
          </LineStyle>
        </Style>
        <MultiGeometry>
          <LineString>
            <tessellate>1</tessellate>
            <altitudeMode>absolute</altitudeMode>
            <coordinates>18.347855,-34.064602,1005.84 18.347168,-34.065483,1005.84</coordinates>
          </LineString>
        </MultiGeometry>
        <name>P-231</name>
        <description><![CDATA[<div><div><span><b>Altitude:</b></span> <span>3,300 ft</span></div>
<div><span><b>Speed:</b></span> <span>114 kt - 112 kt</span></div>
<div><span><b>Timestamp:</b></span><br/><span>2025-11-07 06:43:12 UTC<br/>2025-11-07 06:43:14 UTC</span></div>
</div>]]></description>
      </Placemark>
      <Placemark>
        <Style>
          <LineStyle>
            <color>ff00ff0c</color>
            <width>2</width>
          </LineStyle>
        </Style>
        <MultiGeometry>
          <LineString>
            <tessellate>1</tessellate>
            <altitudeMode>absolute</altitudeMode>
            <coordinates>18.347168,-34.065483,1005.84 18.346424,-34.066463,1005.84</coordinates>
          </LineString>
        </MultiGeometry>
        <name>P-232</name>
        <description><![CDATA[<div><div><span><b>Altitude:</b></span> <span>3,300 ft</span></div>
<div><span><b>Speed:</b></span> <span>112 kt - 111 kt</span></div>
<div><span><b>Timestamp:</b></span><br/><span>2025-11-07 06:43:14 UTC<br/>2025-11-07 06:43:16 UTC</span></div>
</div>]]></description>
      </Placemark>
      <Placemark>
        <Style>
          <LineStyle>
            <color>ff00ff0c</color>
            <width>2</width>
          </LineStyle>
        </Style>
        <MultiGeometry>
          <LineString>
            <tessellate>1</tessellate>
            <altitudeMode>absolute</altitudeMode>
            <coordinates>18.346424,-34.066463,1005.84 18.345737,-34.06744,1005.84</coordinates>
          </LineString>
        </MultiGeometry>
        <name>P-233</name>
        <description><![CDATA[<div><div><span><b>Altitude:</b></span> <span>3,300 ft</span></div>
<div><span><b>Speed:</b></span> <span>111 kt</span></div>
<div><span><b>Timestamp:</b></span><br/><span>2025-11-07 06:43:16 UTC<br/>2025-11-07 06:43:19 UTC</span></div>
</div>]]></description>
      </Placemark>
      <Placemark>
        <Style>
          <LineStyle>
            <color>ff00ff0c</color>
            <width>2</width>
          </LineStyle>
        </Style>
        <MultiGeometry>
          <LineString>
            <tessellate>1</tessellate>
            <altitudeMode>absolute</altitudeMode>
            <coordinates>18.345737,-34.06744,1005.84 18.345095,-34.068329,975.36</coordinates>
          </LineString>
        </MultiGeometry>
        <name>P-234</name>
        <description><![CDATA[<div><div><span><b>Altitude:</b></span> <span>3,300 ft - 3,200 ft</span></div>
<div><span><b>Speed:</b></span> <span>111 kt</span></div>
<div><span><b>Timestamp:</b></span><br/><span>2025-11-07 06:43:19 UTC<br/>2025-11-07 06:43:21 UTC</span></div>
</div>]]></description>
      </Placemark>
      <Placemark>
        <Style>
          <LineStyle>
            <color>ff1eff00</color>
            <width>2</width>
          </LineStyle>
        </Style>
        <MultiGeometry>
          <LineString>
            <tessellate>1</tessellate>
            <altitudeMode>absolute</altitudeMode>
            <coordinates>18.345095,-34.068329,975.36 18.344366,-34.069244,975.36</coordinates>
          </LineString>
        </MultiGeometry>
        <name>P-235</name>
        <description><![CDATA[<div><div><span><b>Altitude:</b></span> <span>3,200 ft</span></div>
<div><span><b>Speed:</b></span> <span>111 kt - 112 kt</span></div>
<div><span><b>Timestamp:</b></span><br/><span>2025-11-07 06:43:21 UTC<br/>2025-11-07 06:43:23 UTC</span></div>
</div>]]></description>
      </Placemark>
      <Placemark>
        <Style>
          <LineStyle>
            <color>ff1eff00</color>
            <width>2</width>
          </LineStyle>
        </Style>
        <MultiGeometry>
          <LineString>
            <tessellate>1</tessellate>
            <altitudeMode>absolute</altitudeMode>
            <coordinates>18.344366,-34.069244,975.36 18.343735,-34.070187,975.36</coordinates>
          </LineString>
        </MultiGeometry>
        <name>P-236</name>
        <description><![CDATA[<div><div><span><b>Altitude:</b></span> <span>3,200 ft</span></div>
<div><span><b>Speed:</b></span> <span>112 kt - 113 kt</span></div>
<div><span><b>Timestamp:</b></span><br/><span>2025-11-07 06:43:23 UTC<br/>2025-11-07 06:43:25 UTC</span></div>
</div>]]></description>
      </Placemark>
      <Placemark>
        <Style>
          <LineStyle>
            <color>ff1eff00</color>
            <width>2</width>
          </LineStyle>
        </Style>
        <MultiGeometry>
          <LineString>
            <tessellate>1</tessellate>
            <altitudeMode>absolute</altitudeMode>
            <coordinates>18.343735,-34.070187,975.36 18.342964,-34.071213,975.36</coordinates>
          </LineString>
        </MultiGeometry>
        <name>P-237</name>
        <description><![CDATA[<div><div><span><b>Altitude:</b></span> <span>3,200 ft</span></div>
<div><span><b>Speed:</b></span> <span>113 kt</span></div>
<div><span><b>Timestamp:</b></span><br/><span>2025-11-07 06:43:25 UTC<br/>2025-11-07 06:43:27 UTC</span></div>
</div>]]></description>
      </Placemark>
      <Placemark>
        <Style>
          <LineStyle>
            <color>ff1eff00</color>
            <width>2</width>
          </LineStyle>
        </Style>
        <MultiGeometry>
          <LineString>
            <tessellate>1</tessellate>
            <altitudeMode>absolute</altitudeMode>
            <coordinates>18.342964,-34.071213,975.36 18.342247,-34.072281,975.36</coordinates>
          </LineString>
        </MultiGeometry>
        <name>P-238</name>
        <description><![CDATA[<div><div><span><b>Altitude:</b></span> <span>3,200 ft</span></div>
<div><span><b>Speed:</b></span> <span>113 kt</span></div>
<div><span><b>Timestamp:</b></span><br/><span>2025-11-07 06:43:27 UTC<br/>2025-11-07 06:43:29 UTC</span></div>
</div>]]></description>
      </Placemark>
      <Placemark>
        <Style>
          <LineStyle>
            <color>ff1eff00</color>
            <width>2</width>
          </LineStyle>
        </Style>
        <MultiGeometry>
          <LineString>
            <tessellate>1</tessellate>
            <altitudeMode>absolute</altitudeMode>
            <coordinates>18.342247,-34.072281,975.36 18.341507,-34.07341,944.88</coordinates>
          </LineString>
        </MultiGeometry>
        <name>P-239</name>
        <description><![CDATA[<div><div><span><b>Altitude:</b></span> <span>3,200 ft - 3,100 ft</span></div>
<div><span><b>Speed:</b></span> <span>113 kt</span></div>
<div><span><b>Timestamp:</b></span><br/><span>2025-11-07 06:43:29 UTC<br/>2025-11-07 06:43:32 UTC</span></div>
</div>]]></description>
      </Placemark>
      <Placemark>
        <Style>
          <LineStyle>
            <color>ff1eff00</color>
            <width>2</width>
          </LineStyle>
        </Style>
        <MultiGeometry>
          <LineString>
            <tessellate>1</tessellate>
            <altitudeMode>absolute</altitudeMode>
            <coordinates>18.341507,-34.07341,944.88 18.340874,-34.074421,944.88</coordinates>
          </LineString>
        </MultiGeometry>
        <name>P-240</name>
        <description><![CDATA[<div><div><span><b>Altitude:</b></span> <span>3,100 ft</span></div>
<div><span><b>Speed:</b></span> <span>113 kt - 114 kt</span></div>
<div><span><b>Timestamp:</b></span><br/><span>2025-11-07 06:43:32 UTC<br/>2025-11-07 06:43:34 UTC</span></div>
</div>]]></description>
      </Placemark>
      <Placemark>
        <Style>
          <LineStyle>
            <color>ff1eff00</color>
            <width>2</width>
          </LineStyle>
        </Style>
        <MultiGeometry>
          <LineString>
            <tessellate>1</tessellate>
            <altitudeMode>absolute</altitudeMode>
            <coordinates>18.340874,-34.074421,944.88 18.340162,-34.075607,944.88</coordinates>
          </LineString>
        </MultiGeometry>
        <name>P-241</name>
        <description><![CDATA[<div><div><span><b>Altitude:</b></span> <span>3,100 ft</span></div>
<div><span><b>Speed:</b></span> <span>114 kt - 115 kt</span></div>
<div><span><b>Timestamp:</b></span><br/><span>2025-11-07 06:43:34 UTC<br/>2025-11-07 06:43:36 UTC</span></div>
</div>]]></description>
      </Placemark>
      <Placemark>
        <Style>
          <LineStyle>
            <color>ff1eff00</color>
            <width>2</width>
          </LineStyle>
        </Style>
        <MultiGeometry>
          <LineString>
            <tessellate>1</tessellate>
            <altitudeMode>absolute</altitudeMode>
            <coordinates>18.340162,-34.075607,944.88 18.339729,-34.076565,944.88</coordinates>
          </LineString>
        </MultiGeometry>
        <name>P-242</name>
        <description><![CDATA[<div><div><span><b>Altitude:</b></span> <span>3,100 ft</span></div>
<div><span><b>Speed:</b></span> <span>115 kt - 114 kt</span></div>
<div><span><b>Timestamp:</b></span><br/><span>2025-11-07 06:43:36 UTC<br/>2025-11-07 06:43:38 UTC</span></div>
</div>]]></description>
      </Placemark>
      <Placemark>
        <Style>
          <LineStyle>
            <color>ff1eff00</color>
            <width>2</width>
          </LineStyle>
        </Style>
        <MultiGeometry>
          <LineString>
            <tessellate>1</tessellate>
            <altitudeMode>absolute</altitudeMode>
            <coordinates>18.339729,-34.076565,944.88 18.339157,-34.077774,944.88</coordinates>
          </LineString>
        </MultiGeometry>
        <name>P-243</name>
        <description><![CDATA[<div><div><span><b>Altitude:</b></span> <span>3,100 ft</span></div>
<div><span><b>Speed:</b></span> <span>114 kt - 115 kt</span></div>
<div><span><b>Timestamp:</b></span><br/><span>2025-11-07 06:43:38 UTC<br/>2025-11-07 06:43:41 UTC</span></div>
</div>]]></description>
      </Placemark>
      <Placemark>
        <Style>
          <LineStyle>
            <color>ff1eff00</color>
            <width>2</width>
          </LineStyle>
        </Style>
        <MultiGeometry>
          <LineString>
            <tessellate>1</tessellate>
            <altitudeMode>absolute</altitudeMode>
            <coordinates>18.339157,-34.077774,944.88 18.338699,-34.079079,944.88</coordinates>
          </LineString>
        </MultiGeometry>
        <name>P-244</name>
        <description><![CDATA[<div><div><span><b>Altitude:</b></span> <span>3,100 ft</span></div>
<div><span><b>Speed:</b></span> <span>115 kt</span></div>
<div><span><b>Timestamp:</b></span><br/><span>2025-11-07 06:43:41 UTC<br/>2025-11-07 06:43:43 UTC</span></div>
</div>]]></description>
      </Placemark>
      <Placemark>
        <Style>
          <LineStyle>
            <color>ff1eff00</color>
            <width>2</width>
          </LineStyle>
        </Style>
        <MultiGeometry>
          <LineString>
            <tessellate>1</tessellate>
            <altitudeMode>absolute</altitudeMode>
            <coordinates>18.338699,-34.079079,944.88 18.338425,-34.080231,914.4</coordinates>
          </LineString>
        </MultiGeometry>
        <name>P-245</name>
        <description><![CDATA[<div><div><span><b>Altitude:</b></span> <span>3,100 ft - 3,000 ft</span></div>
<div><span><b>Speed:</b></span> <span>115 kt - 116 kt</span></div>
<div><span><b>Timestamp:</b></span><br/><span>2025-11-07 06:43:43 UTC<br/>2025-11-07 06:43:45 UTC</span></div>
</div>]]></description>
      </Placemark>
      <Placemark>
        <Style>
          <LineStyle>
            <color>ff1eff00</color>
            <width>2</width>
          </LineStyle>
        </Style>
        <MultiGeometry>
          <LineString>
            <tessellate>1</tessellate>
            <altitudeMode>absolute</altitudeMode>
            <coordinates>18.338425,-34.080231,914.4 18.3382,-34.081192,914.4</coordinates>
          </LineString>
        </MultiGeometry>
        <name>P-246</name>
        <description><![CDATA[<div><div><span><b>Altitude:</b></span> <span>3,000 ft</span></div>
<div><span><b>Speed:</b></span> <span>116 kt</span></div>
<div><span><b>Timestamp:</b></span><br/><span>2025-11-07 06:43:45 UTC<br/>2025-11-07 06:43:47 UTC</span></div>
</div>]]></description>
      </Placemark>
      <Placemark>
        <Style>
          <LineStyle>
            <color>ff1eff00</color>
            <width>2</width>
          </LineStyle>
        </Style>
        <MultiGeometry>
          <LineString>
            <tessellate>1</tessellate>
            <altitudeMode>absolute</altitudeMode>
            <coordinates>18.3382,-34.081192,914.4 18.338087,-34.082336,914.4</coordinates>
          </LineString>
        </MultiGeometry>
        <name>P-247</name>
        <description><![CDATA[<div><div><span><b>Altitude:</b></span> <span>3,000 ft</span></div>
<div><span><b>Speed:</b></span> <span>116 kt</span></div>
<div><span><b>Timestamp:</b></span><br/><span>2025-11-07 06:43:47 UTC<br/>2025-11-07 06:43:49 UTC</span></div>
</div>]]></description>
      </Placemark>
      <Placemark>
        <Style>
          <LineStyle>
            <color>ff1eff00</color>
            <width>2</width>
          </LineStyle>
        </Style>
        <MultiGeometry>
          <LineString>
            <tessellate>1</tessellate>
            <altitudeMode>absolute</altitudeMode>
            <coordinates>18.338087,-34.082336,914.4 18.338087,-34.083389,914.4</coordinates>
          </LineString>
        </MultiGeometry>
        <name>P-248</name>
        <description><![CDATA[<div><div><span><b>Altitude:</b></span> <span>3,000 ft</span></div>
<div><span><b>Speed:</b></span> <span>116 kt - 117 kt</span></div>
<div><span><b>Timestamp:</b></span><br/><span>2025-11-07 06:43:49 UTC<br/>2025-11-07 06:43:51 UTC</span></div>
</div>]]></description>
      </Placemark>
      <Placemark>
        <Style>
          <LineStyle>
            <color>ff1eff00</color>
            <width>2</width>
          </LineStyle>
        </Style>
        <MultiGeometry>
          <LineString>
            <tessellate>1</tessellate>
            <altitudeMode>absolute</altitudeMode>
            <coordinates>18.338087,-34.083389,914.4 18.338127,-34.084476,914.4</coordinates>
          </LineString>
        </MultiGeometry>
        <name>P-249</name>
        <description><![CDATA[<div><div><span><b>Altitude:</b></span> <span>3,000 ft</span></div>
<div><span><b>Speed:</b></span> <span>117 kt</span></div>
<div><span><b>Timestamp:</b></span><br/><span>2025-11-07 06:43:51 UTC<br/>2025-11-07 06:43:53 UTC</span></div>
</div>]]></description>
      </Placemark>
      <Placemark>
        <Style>
          <LineStyle>
            <color>ff1eff00</color>
            <width>2</width>
          </LineStyle>
        </Style>
        <MultiGeometry>
          <LineString>
            <tessellate>1</tessellate>
            <altitudeMode>absolute</altitudeMode>
            <coordinates>18.338127,-34.084476,914.4 18.338312,-34.085907,914.4</coordinates>
          </LineString>
        </MultiGeometry>
        <name>P-250</name>
        <description><![CDATA[<div><div><span><b>Altitude:</b></span> <span>3,000 ft</span></div>
<div><span><b>Speed:</b></span> <span>117 kt - 116 kt</span></div>
<div><span><b>Timestamp:</b></span><br/><span>2025-11-07 06:43:53 UTC<br/>2025-11-07 06:43:56 UTC</span></div>
</div>]]></description>
      </Placemark>
      <Placemark>
        <Style>
          <LineStyle>
            <color>ff1eff00</color>
            <width>2</width>
          </LineStyle>
        </Style>
        <MultiGeometry>
          <LineString>
            <tessellate>1</tessellate>
            <altitudeMode>absolute</altitudeMode>
            <coordinates>18.338312,-34.085907,914.4 18.338528,-34.086945,883.92</coordinates>
          </LineString>
        </MultiGeometry>
        <name>P-251</name>
        <description><![CDATA[<div><div><span><b>Altitude:</b></span> <span>3,000 ft - 2,900 ft</span></div>
<div><span><b>Speed:</b></span> <span>116 kt - 118 kt</span></div>
<div><span><b>Timestamp:</b></span><br/><span>2025-11-07 06:43:56 UTC<br/>2025-11-07 06:43:58 UTC</span></div>
</div>]]></description>
      </Placemark>
      <Placemark>
        <Style>
          <LineStyle>
            <color>ff1eff00</color>
            <width>2</width>
          </LineStyle>
        </Style>
        <MultiGeometry>
          <LineString>
            <tessellate>1</tessellate>
            <altitudeMode>absolute</altitudeMode>
            <coordinates>18.338528,-34.086945,883.92 18.338985,-34.088249,883.92</coordinates>
          </LineString>
        </MultiGeometry>
        <name>P-252</name>
        <description><![CDATA[<div><div><span><b>Altitude:</b></span> <span>2,900 ft</span></div>
<div><span><b>Speed:</b></span> <span>118 kt</span></div>
<div><span><b>Timestamp:</b></span><br/><span>2025-11-07 06:43:58 UTC<br/>2025-11-07 06:44:01 UTC</span></div>
</div>]]></description>
      </Placemark>
      <Placemark>
        <Style>
          <LineStyle>
            <color>ff1eff00</color>
            <width>2</width>
          </LineStyle>
        </Style>
        <MultiGeometry>
          <LineString>
            <tessellate>1</tessellate>
            <altitudeMode>absolute</altitudeMode>
            <coordinates>18.338985,-34.088249,883.92 18.339558,-34.089554,883.92</coordinates>
          </LineString>
        </MultiGeometry>
        <name>P-253</name>
        <description><![CDATA[<div><div><span><b>Altitude:</b></span> <span>2,900 ft</span></div>
<div><span><b>Speed:</b></span> <span>118 kt - 119 kt</span></div>
<div><span><b>Timestamp:</b></span><br/><span>2025-11-07 06:44:01 UTC<br/>2025-11-07 06:44:03 UTC</span></div>
</div>]]></description>
      </Placemark>
      <Placemark>
        <Style>
          <LineStyle>
            <color>ff1eff00</color>
            <width>2</width>
          </LineStyle>
        </Style>
        <MultiGeometry>
          <LineString>
            <tessellate>1</tessellate>
            <altitudeMode>absolute</altitudeMode>
            <coordinates>18.339558,-34.089554,883.92 18.340273,-34.090714,883.92</coordinates>
          </LineString>
        </MultiGeometry>
        <name>P-254</name>
        <description><![CDATA[<div><div><span><b>Altitude:</b></span> <span>2,900 ft</span></div>
<div><span><b>Speed:</b></span> <span>119 kt - 120 kt</span></div>
<div><span><b>Timestamp:</b></span><br/><span>2025-11-07 06:44:03 UTC<br/>2025-11-07 06:44:05 UTC</span></div>
</div>]]></description>
      </Placemark>
      <Placemark>
        <Style>
          <LineStyle>
            <color>ff1eff00</color>
            <width>2</width>
          </LineStyle>
        </Style>
        <MultiGeometry>
          <LineString>
            <tessellate>1</tessellate>
            <altitudeMode>absolute</altitudeMode>
            <coordinates>18.340273,-34.090714,883.92 18.340931,-34.091599,883.92</coordinates>
          </LineString>
        </MultiGeometry>
        <name>P-255</name>
        <description><![CDATA[<div><div><span><b>Altitude:</b></span> <span>2,900 ft</span></div>
<div><span><b>Speed:</b></span> <span>120 kt - 122 kt</span></div>
<div><span><b>Timestamp:</b></span><br/><span>2025-11-07 06:44:05 UTC<br/>2025-11-07 06:44:07 UTC</span></div>
</div>]]></description>
      </Placemark>
      <Placemark>
        <Style>
          <LineStyle>
            <color>ff1eff00</color>
            <width>2</width>
          </LineStyle>
        </Style>
        <MultiGeometry>
          <LineString>
            <tessellate>1</tessellate>
            <altitudeMode>absolute</altitudeMode>
            <coordinates>18.340931,-34.091599,883.92 18.341904,-34.092716,853.44</coordinates>
          </LineString>
        </MultiGeometry>
        <name>P-256</name>
        <description><![CDATA[<div><div><span><b>Altitude:</b></span> <span>2,900 ft - 2,800 ft</span></div>
<div><span><b>Speed:</b></span> <span>122 kt - 123 kt</span></div>
<div><span><b>Timestamp:</b></span><br/><span>2025-11-07 06:44:07 UTC<br/>2025-11-07 06:44:10 UTC</span></div>
</div>]]></description>
      </Placemark>
      <Placemark>
        <Style>
          <LineStyle>
            <color>ff1eff00</color>
            <width>2</width>
          </LineStyle>
        </Style>
        <MultiGeometry>
          <LineString>
            <tessellate>1</tessellate>
            <altitudeMode>absolute</altitudeMode>
            <coordinates>18.341904,-34.092716,853.44 18.343048,-34.09388,853.44</coordinates>
          </LineString>
        </MultiGeometry>
        <name>P-257</name>
        <description><![CDATA[<div><div><span><b>Altitude:</b></span> <span>2,800 ft</span></div>
<div><span><b>Speed:</b></span> <span>123 kt - 124 kt</span></div>
<div><span><b>Timestamp:</b></span><br/><span>2025-11-07 06:44:10 UTC<br/>2025-11-07 06:44:12 UTC</span></div>
</div>]]></description>
      </Placemark>
      <Placemark>
        <Style>
          <LineStyle>
            <color>ff1eff00</color>
            <width>2</width>
          </LineStyle>
        </Style>
        <MultiGeometry>
          <LineString>
            <tessellate>1</tessellate>
            <altitudeMode>absolute</altitudeMode>
            <coordinates>18.343048,-34.09388,853.44 18.343918,-34.094696,853.44</coordinates>
          </LineString>
        </MultiGeometry>
        <name>P-258</name>
        <description><![CDATA[<div><div><span><b>Altitude:</b></span> <span>2,800 ft</span></div>
<div><span><b>Speed:</b></span> <span>124 kt - 123 kt</span></div>
<div><span><b>Timestamp:</b></span><br/><span>2025-11-07 06:44:12 UTC<br/>2025-11-07 06:44:14 UTC</span></div>
</div>]]></description>
      </Placemark>
      <Placemark>
        <Style>
          <LineStyle>
            <color>ff1eff00</color>
            <width>2</width>
          </LineStyle>
        </Style>
        <MultiGeometry>
          <LineString>
            <tessellate>1</tessellate>
            <altitudeMode>absolute</altitudeMode>
            <coordinates>18.343918,-34.094696,853.44 18.344925,-34.095474,853.44</coordinates>
          </LineString>
        </MultiGeometry>
        <name>P-259</name>
        <description><![CDATA[<div><div><span><b>Altitude:</b></span> <span>2,800 ft</span></div>
<div><span><b>Speed:</b></span> <span>123 kt</span></div>
<div><span><b>Timestamp:</b></span><br/><span>2025-11-07 06:44:14 UTC<br/>2025-11-07 06:44:16 UTC</span></div>
</div>]]></description>
      </Placemark>
      <Placemark>
        <Style>
          <LineStyle>
            <color>ff1eff00</color>
            <width>2</width>
          </LineStyle>
        </Style>
        <MultiGeometry>
          <LineString>
            <tessellate>1</tessellate>
            <altitudeMode>absolute</altitudeMode>
            <coordinates>18.344925,-34.095474,853.44 18.346214,-34.096481,822.96</coordinates>
          </LineString>
        </MultiGeometry>
        <name>P-260</name>
        <description><![CDATA[<div><div><span><b>Altitude:</b></span> <span>2,800 ft - 2,700 ft</span></div>
<div><span><b>Speed:</b></span> <span>123 kt</span></div>
<div><span><b>Timestamp:</b></span><br/><span>2025-11-07 06:44:16 UTC<br/>2025-11-07 06:44:18 UTC</span></div>
</div>]]></description>
      </Placemark>
      <Placemark>
        <Style>
          <LineStyle>
            <color>ff1eff00</color>
            <width>2</width>
          </LineStyle>
        </Style>
        <MultiGeometry>
          <LineString>
            <tessellate>1</tessellate>
            <altitudeMode>absolute</altitudeMode>
            <coordinates>18.346214,-34.096481,822.96 18.347569,-34.097374,822.96</coordinates>
          </LineString>
        </MultiGeometry>
        <name>P-261</name>
        <description><![CDATA[<div><div><span><b>Altitude:</b></span> <span>2,700 ft</span></div>
<div><span><b>Speed:</b></span> <span>123 kt - 122 kt</span></div>
<div><span><b>Timestamp:</b></span><br/><span>2025-11-07 06:44:18 UTC<br/>2025-11-07 06:44:21 UTC</span></div>
</div>]]></description>
      </Placemark>
      <Placemark>
        <Style>
          <LineStyle>
            <color>ff1eff00</color>
            <width>2</width>
          </LineStyle>
        </Style>
        <MultiGeometry>
          <LineString>
            <tessellate>1</tessellate>
            <altitudeMode>absolute</altitudeMode>
            <coordinates>18.347569,-34.097374,822.96 18.348598,-34.098118,822.96</coordinates>
          </LineString>
        </MultiGeometry>
        <name>P-262</name>
        <description><![CDATA[<div><div><span><b>Altitude:</b></span> <span>2,700 ft</span></div>
<div><span><b>Speed:</b></span> <span>122 kt</span></div>
<div><span><b>Timestamp:</b></span><br/><span>2025-11-07 06:44:21 UTC<br/>2025-11-07 06:44:23 UTC</span></div>
</div>]]></description>
      </Placemark>
      <Placemark>
        <Style>
          <LineStyle>
            <color>ff1eff00</color>
            <width>2</width>
          </LineStyle>
        </Style>
        <MultiGeometry>
          <LineString>
            <tessellate>1</tessellate>
            <altitudeMode>absolute</altitudeMode>
            <coordinates>18.348598,-34.098118,822.96 18.349686,-34.09877,822.96</coordinates>
          </LineString>
        </MultiGeometry>
        <name>P-263</name>
        <description><![CDATA[<div><div><span><b>Altitude:</b></span> <span>2,700 ft</span></div>
<div><span><b>Speed:</b></span> <span>122 kt</span></div>
<div><span><b>Timestamp:</b></span><br/><span>2025-11-07 06:44:23 UTC<br/>2025-11-07 06:44:25 UTC</span></div>
</div>]]></description>
      </Placemark>
      <Placemark>
        <Style>
          <LineStyle>
            <color>ff1eff00</color>
            <width>2</width>
          </LineStyle>
        </Style>
        <MultiGeometry>
          <LineString>
            <tessellate>1</tessellate>
            <altitudeMode>absolute</altitudeMode>
            <coordinates>18.349686,-34.09877,822.96 18.351116,-34.099606,822.96</coordinates>
          </LineString>
        </MultiGeometry>
        <name>P-264</name>
        <description><![CDATA[<div><div><span><b>Altitude:</b></span> <span>2,700 ft</span></div>
<div><span><b>Speed:</b></span> <span>122 kt</span></div>
<div><span><b>Timestamp:</b></span><br/><span>2025-11-07 06:44:25 UTC<br/>2025-11-07 06:44:27 UTC</span></div>
</div>]]></description>
      </Placemark>
      <Placemark>
        <Style>
          <LineStyle>
            <color>ff1eff00</color>
            <width>2</width>
          </LineStyle>
        </Style>
        <MultiGeometry>
          <LineString>
            <tessellate>1</tessellate>
            <altitudeMode>absolute</altitudeMode>
            <coordinates>18.351116,-34.099606,822.96 18.352089,-34.100121,822.96</coordinates>
          </LineString>
        </MultiGeometry>
        <name>P-265</name>
        <description><![CDATA[<div><div><span><b>Altitude:</b></span> <span>2,700 ft</span></div>
<div><span><b>Speed:</b></span> <span>122 kt - 121 kt</span></div>
<div><span><b>Timestamp:</b></span><br/><span>2025-11-07 06:44:27 UTC<br/>2025-11-07 06:44:29 UTC</span></div>
</div>]]></description>
      </Placemark>
      <Placemark>
        <Style>
          <LineStyle>
            <color>ff1eff00</color>
            <width>2</width>
          </LineStyle>
        </Style>
        <MultiGeometry>
          <LineString>
            <tessellate>1</tessellate>
            <altitudeMode>absolute</altitudeMode>
            <coordinates>18.352089,-34.100121,822.96 18.353277,-34.100784,822.96</coordinates>
          </LineString>
        </MultiGeometry>
        <name>P-266</name>
        <description><![CDATA[<div><div><span><b>Altitude:</b></span> <span>2,700 ft</span></div>
<div><span><b>Speed:</b></span> <span>121 kt - 120 kt</span></div>
<div><span><b>Timestamp:</b></span><br/><span>2025-11-07 06:44:29 UTC<br/>2025-11-07 06:44:32 UTC</span></div>
</div>]]></description>
      </Placemark>
      <Placemark>
        <Style>
          <LineStyle>
            <color>ff1eff00</color>
            <width>2</width>
          </LineStyle>
        </Style>
        <MultiGeometry>
          <LineString>
            <tessellate>1</tessellate>
            <altitudeMode>absolute</altitudeMode>
            <coordinates>18.353277,-34.100784,822.96 18.354435,-34.101376,792.48</coordinates>
          </LineString>
        </MultiGeometry>
        <name>P-267</name>
        <description><![CDATA[<div><div><span><b>Altitude:</b></span> <span>2,700 ft - 2,600 ft</span></div>
<div><span><b>Speed:</b></span> <span>120 kt</span></div>
<div><span><b>Timestamp:</b></span><br/><span>2025-11-07 06:44:32 UTC<br/>2025-11-07 06:44:34 UTC</span></div>
</div>]]></description>
      </Placemark>
      <Placemark>
        <Style>
          <LineStyle>
            <color>ff42ff00</color>
            <width>2</width>
          </LineStyle>
        </Style>
        <MultiGeometry>
          <LineString>
            <tessellate>1</tessellate>
            <altitudeMode>absolute</altitudeMode>
            <coordinates>18.354435,-34.101376,792.48 18.355751,-34.102028,792.48</coordinates>
          </LineString>
        </MultiGeometry>
        <name>P-268</name>
        <description><![CDATA[<div><div><span><b>Altitude:</b></span> <span>2,600 ft</span></div>
<div><span><b>Speed:</b></span> <span>120 kt - 119 kt</span></div>
<div><span><b>Timestamp:</b></span><br/><span>2025-11-07 06:44:34 UTC<br/>2025-11-07 06:44:36 UTC</span></div>
</div>]]></description>
      </Placemark>
      <Placemark>
        <Style>
          <LineStyle>
            <color>ff42ff00</color>
            <width>2</width>
          </LineStyle>
        </Style>
        <MultiGeometry>
          <LineString>
            <tessellate>1</tessellate>
            <altitudeMode>absolute</altitudeMode>
            <coordinates>18.355751,-34.102028,792.48 18.356977,-34.102661,792.48</coordinates>
          </LineString>
        </MultiGeometry>
        <name>P-269</name>
        <description><![CDATA[<div><div><span><b>Altitude:</b></span> <span>2,600 ft</span></div>
<div><span><b>Speed:</b></span> <span>119 kt - 118 kt</span></div>
<div><span><b>Timestamp:</b></span><br/><span>2025-11-07 06:44:36 UTC<br/>2025-11-07 06:44:38 UTC</span></div>
</div>]]></description>
      </Placemark>
      <Placemark>
        <Style>
          <LineStyle>
            <color>ff42ff00</color>
            <width>2</width>
          </LineStyle>
        </Style>
        <MultiGeometry>
          <LineString>
            <tessellate>1</tessellate>
            <altitudeMode>absolute</altitudeMode>
            <coordinates>18.356977,-34.102661,792.48 18.358435,-34.103348,792.48</coordinates>
          </LineString>
        </MultiGeometry>
        <name>P-270</name>
        <description><![CDATA[<div><div><span><b>Altitude:</b></span> <span>2,600 ft</span></div>
<div><span><b>Speed:</b></span> <span>118 kt - 117 kt</span></div>
<div><span><b>Timestamp:</b></span><br/><span>2025-11-07 06:44:38 UTC<br/>2025-11-07 06:44:40 UTC</span></div>
</div>]]></description>
      </Placemark>
      <Placemark>
        <Style>
          <LineStyle>
            <color>ff42ff00</color>
            <width>2</width>
          </LineStyle>
        </Style>
        <MultiGeometry>
          <LineString>
            <tessellate>1</tessellate>
            <altitudeMode>absolute</altitudeMode>
            <coordinates>18.358435,-34.103348,792.48 18.359356,-34.103798,762</coordinates>
          </LineString>
        </MultiGeometry>
        <name>P-271</name>
        <description><![CDATA[<div><div><span><b>Altitude:</b></span> <span>2,600 ft - 2,500 ft</span></div>
<div><span><b>Speed:</b></span> <span>117 kt - 116 kt</span></div>
<div><span><b>Timestamp:</b></span><br/><span>2025-11-07 06:44:40 UTC<br/>2025-11-07 06:44:42 UTC</span></div>
</div>]]></description>
      </Placemark>
      <Placemark>
        <Style>
          <LineStyle>
            <color>ff42ff00</color>
            <width>2</width>
          </LineStyle>
        </Style>
        <MultiGeometry>
          <LineString>
            <tessellate>1</tessellate>
            <altitudeMode>absolute</altitudeMode>
            <coordinates>18.359356,-34.103798,762 18.360788,-34.104492,762</coordinates>
          </LineString>
        </MultiGeometry>
        <name>P-272</name>
        <description><![CDATA[<div><div><span><b>Altitude:</b></span> <span>2,500 ft</span></div>
<div><span><b>Speed:</b></span> <span>116 kt</span></div>
<div><span><b>Timestamp:</b></span><br/><span>2025-11-07 06:44:42 UTC<br/>2025-11-07 06:44:44 UTC</span></div>
</div>]]></description>
      </Placemark>
      <Placemark>
        <Style>
          <LineStyle>
            <color>ff42ff00</color>
            <width>2</width>
          </LineStyle>
        </Style>
        <MultiGeometry>
          <LineString>
            <tessellate>1</tessellate>
            <altitudeMode>absolute</altitudeMode>
            <coordinates>18.360788,-34.104492,762 18.361965,-34.105042,762</coordinates>
          </LineString>
        </MultiGeometry>
        <name>P-273</name>
        <description><![CDATA[<div><div><span><b>Altitude:</b></span> <span>2,500 ft</span></div>
<div><span><b>Speed:</b></span> <span>116 kt - 115 kt</span></div>
<div><span><b>Timestamp:</b></span><br/><span>2025-11-07 06:44:44 UTC<br/>2025-11-07 06:44:47 UTC</span></div>
</div>]]></description>
      </Placemark>
      <Placemark>
        <Style>
          <LineStyle>
            <color>ff42ff00</color>
            <width>2</width>
          </LineStyle>
        </Style>
        <MultiGeometry>
          <LineString>
            <tessellate>1</tessellate>
            <altitudeMode>absolute</altitudeMode>
            <coordinates>18.361965,-34.105042,762 18.36319,-34.105614,762</coordinates>
          </LineString>
        </MultiGeometry>
        <name>P-274</name>
        <description><![CDATA[<div><div><span><b>Altitude:</b></span> <span>2,500 ft</span></div>
<div><span><b>Speed:</b></span> <span>115 kt</span></div>
<div><span><b>Timestamp:</b></span><br/><span>2025-11-07 06:44:47 UTC<br/>2025-11-07 06:44:49 UTC</span></div>
</div>]]></description>
      </Placemark>
      <Placemark>
        <Style>
          <LineStyle>
            <color>ff42ff00</color>
            <width>2</width>
          </LineStyle>
        </Style>
        <MultiGeometry>
          <LineString>
            <tessellate>1</tessellate>
            <altitudeMode>absolute</altitudeMode>
            <coordinates>18.36319,-34.105614,762 18.364489,-34.106232,731.52</coordinates>
          </LineString>
        </MultiGeometry>
        <name>P-275</name>
        <description><![CDATA[<div><div><span><b>Altitude:</b></span> <span>2,500 ft - 2,400 ft</span></div>
<div><span><b>Speed:</b></span> <span>115 kt - 113 kt</span></div>
<div><span><b>Timestamp:</b></span><br/><span>2025-11-07 06:44:49 UTC<br/>2025-11-07 06:44:51 UTC</span></div>
</div>]]></description>
      </Placemark>
      <Placemark>
        <Style>
          <LineStyle>
            <color>ff42ff00</color>
            <width>2</width>
          </LineStyle>
        </Style>
        <MultiGeometry>
          <LineString>
            <tessellate>1</tessellate>
            <altitudeMode>absolute</altitudeMode>
            <coordinates>18.364489,-34.106232,731.52 18.36533,-34.106644,731.52</coordinates>
          </LineString>
        </MultiGeometry>
        <name>P-276</name>
        <description><![CDATA[<div><div><span><b>Altitude:</b></span> <span>2,400 ft</span></div>
<div><span><b>Speed:</b></span> <span>113 kt - 112 kt</span></div>
<div><span><b>Timestamp:</b></span><br/><span>2025-11-07 06:44:51 UTC<br/>2025-11-07 06:44:53 UTC</span></div>
</div>]]></description>
      </Placemark>
      <Placemark>
        <Style>
          <LineStyle>
            <color>ff42ff00</color>
            <width>2</width>
          </LineStyle>
        </Style>
        <MultiGeometry>
          <LineString>
            <tessellate>1</tessellate>
            <altitudeMode>absolute</altitudeMode>
            <coordinates>18.36533,-34.106644,731.52 18.36668,-34.107288,731.52</coordinates>
          </LineString>
        </MultiGeometry>
        <name>P-277</name>
        <description><![CDATA[<div><div><span><b>Altitude:</b></span> <span>2,400 ft</span></div>
<div><span><b>Speed:</b></span> <span>112 kt</span></div>
<div><span><b>Timestamp:</b></span><br/><span>2025-11-07 06:44:53 UTC<br/>2025-11-07 06:44:55 UTC</span></div>
</div>]]></description>
      </Placemark>
      <Placemark>
        <Style>
          <LineStyle>
            <color>ff42ff00</color>
            <width>2</width>
          </LineStyle>
        </Style>
        <MultiGeometry>
          <LineString>
            <tessellate>1</tessellate>
            <altitudeMode>absolute</altitudeMode>
            <coordinates>18.36668,-34.107288,731.52 18.368076,-34.107925,731.52</coordinates>
          </LineString>
        </MultiGeometry>
        <name>P-278</name>
        <description><![CDATA[<div><div><span><b>Altitude:</b></span> <span>2,400 ft</span></div>
<div><span><b>Speed:</b></span> <span>112 kt - 110 kt</span></div>
<div><span><b>Timestamp:</b></span><br/><span>2025-11-07 06:44:55 UTC<br/>2025-11-07 06:44:58 UTC</span></div>
</div>]]></description>
      </Placemark>
      <Placemark>
        <Style>
          <LineStyle>
            <color>ff42ff00</color>
            <width>2</width>
          </LineStyle>
        </Style>
        <MultiGeometry>
          <LineString>
            <tessellate>1</tessellate>
            <altitudeMode>absolute</altitudeMode>
            <coordinates>18.368076,-34.107925,731.52 18.371601,-34.109478,701.04</coordinates>
          </LineString>
        </MultiGeometry>
        <name>P-279</name>
        <description><![CDATA[<div><div><span><b>Altitude:</b></span> <span>2,400 ft - 2,300 ft</span></div>
<div><span><b>Speed:</b></span> <span>110 kt - 109 kt</span></div>
<div><span><b>Timestamp:</b></span><br/><span>2025-11-07 06:44:58 UTC<br/>2025-11-07 06:45:04 UTC</span></div>
</div>]]></description>
      </Placemark>
      <Placemark>
        <Style>
          <LineStyle>
            <color>ff42ff00</color>
            <width>2</width>
          </LineStyle>
        </Style>
        <MultiGeometry>
          <LineString>
            <tessellate>1</tessellate>
            <altitudeMode>absolute</altitudeMode>
            <coordinates>18.371601,-34.109478,701.04 18.372803,-34.109989,701.04</coordinates>
          </LineString>
        </MultiGeometry>
        <name>P-280</name>
        <description><![CDATA[<div><div><span><b>Altitude:</b></span> <span>2,300 ft</span></div>
<div><span><b>Speed:</b></span> <span>109 kt - 110 kt</span></div>
<div><span><b>Timestamp:</b></span><br/><span>2025-11-07 06:45:04 UTC<br/>2025-11-07 06:45:06 UTC</span></div>
</div>]]></description>
      </Placemark>
      <Placemark>
        <Style>
          <LineStyle>
            <color>ff42ff00</color>
            <width>2</width>
          </LineStyle>
        </Style>
        <MultiGeometry>
          <LineString>
            <tessellate>1</tessellate>
            <altitudeMode>absolute</altitudeMode>
            <coordinates>18.372803,-34.109989,701.04 18.374119,-34.1105,701.04</coordinates>
          </LineString>
        </MultiGeometry>
        <name>P-281</name>
        <description><![CDATA[<div><div><span><b>Altitude:</b></span> <span>2,300 ft</span></div>
<div><span><b>Speed:</b></span> <span>110 kt</span></div>
<div><span><b>Timestamp:</b></span><br/><span>2025-11-07 06:45:06 UTC<br/>2025-11-07 06:45:09 UTC</span></div>
</div>]]></description>
      </Placemark>
      <Placemark>
        <Style>
          <LineStyle>
            <color>ff42ff00</color>
            <width>2</width>
          </LineStyle>
        </Style>
        <MultiGeometry>
          <LineString>
            <tessellate>1</tessellate>
            <altitudeMode>absolute</altitudeMode>
            <coordinates>18.374119,-34.1105,701.04 18.375307,-34.110947,701.04</coordinates>
          </LineString>
        </MultiGeometry>
        <name>P-282</name>
        <description><![CDATA[<div><div><span><b>Altitude:</b></span> <span>2,300 ft</span></div>
<div><span><b>Speed:</b></span> <span>110 kt</span></div>
<div><span><b>Timestamp:</b></span><br/><span>2025-11-07 06:45:09 UTC<br/>2025-11-07 06:45:11 UTC</span></div>
</div>]]></description>
      </Placemark>
      <Placemark>
        <Style>
          <LineStyle>
            <color>ff42ff00</color>
            <width>2</width>
          </LineStyle>
        </Style>
        <MultiGeometry>
          <LineString>
            <tessellate>1</tessellate>
            <altitudeMode>absolute</altitudeMode>
            <coordinates>18.375307,-34.110947,701.04 18.376637,-34.111431,670.56</coordinates>
          </LineString>
        </MultiGeometry>
        <name>P-283</name>
        <description><![CDATA[<div><div><span><b>Altitude:</b></span> <span>2,300 ft - 2,200 ft</span></div>
<div><span><b>Speed:</b></span> <span>110 kt - 108 kt</span></div>
<div><span><b>Timestamp:</b></span><br/><span>2025-11-07 06:45:11 UTC<br/>2025-11-07 06:45:13 UTC</span></div>
</div>]]></description>
      </Placemark>
      <Placemark>
        <Style>
          <LineStyle>
            <color>ff42ff00</color>
            <width>2</width>
          </LineStyle>
        </Style>
        <MultiGeometry>
          <LineString>
            <tessellate>1</tessellate>
            <altitudeMode>absolute</altitudeMode>
            <coordinates>18.376637,-34.111431,670.56 18.377716,-34.111862,670.56</coordinates>
          </LineString>
        </MultiGeometry>
        <name>P-284</name>
        <description><![CDATA[<div><div><span><b>Altitude:</b></span> <span>2,200 ft</span></div>
<div><span><b>Speed:</b></span> <span>108 kt</span></div>
<div><span><b>Timestamp:</b></span><br/><span>2025-11-07 06:45:13 UTC<br/>2025-11-07 06:45:15 UTC</span></div>
</div>]]></description>
      </Placemark>
      <Placemark>
        <Style>
          <LineStyle>
            <color>ff42ff00</color>
            <width>2</width>
          </LineStyle>
        </Style>
        <MultiGeometry>
          <LineString>
            <tessellate>1</tessellate>
            <altitudeMode>absolute</altitudeMode>
            <coordinates>18.377716,-34.111862,670.56 18.379063,-34.112366,670.56</coordinates>
          </LineString>
        </MultiGeometry>
        <name>P-285</name>
        <description><![CDATA[<div><div><span><b>Altitude:</b></span> <span>2,200 ft</span></div>
<div><span><b>Speed:</b></span> <span>108 kt</span></div>
<div><span><b>Timestamp:</b></span><br/><span>2025-11-07 06:45:15 UTC<br/>2025-11-07 06:45:18 UTC</span></div>
</div>]]></description>
      </Placemark>
      <Placemark>
        <Style>
          <LineStyle>
            <color>ff42ff00</color>
            <width>2</width>
          </LineStyle>
        </Style>
        <MultiGeometry>
          <LineString>
            <tessellate>1</tessellate>
            <altitudeMode>absolute</altitudeMode>
            <coordinates>18.379063,-34.112366,670.56 18.380072,-34.112732,670.56</coordinates>
          </LineString>
        </MultiGeometry>
        <name>P-286</name>
        <description><![CDATA[<div><div><span><b>Altitude:</b></span> <span>2,200 ft</span></div>
<div><span><b>Speed:</b></span> <span>108 kt</span></div>
<div><span><b>Timestamp:</b></span><br/><span>2025-11-07 06:45:18 UTC<br/>2025-11-07 06:45:20 UTC</span></div>
</div>]]></description>
      </Placemark>
      <Placemark>
        <Style>
          <LineStyle>
            <color>ff42ff00</color>
            <width>2</width>
          </LineStyle>
        </Style>
        <MultiGeometry>
          <LineString>
            <tessellate>1</tessellate>
            <altitudeMode>absolute</altitudeMode>
            <coordinates>18.380072,-34.112732,670.56 18.381136,-34.113144,670.56</coordinates>
          </LineString>
        </MultiGeometry>
        <name>P-287</name>
        <description><![CDATA[<div><div><span><b>Altitude:</b></span> <span>2,200 ft</span></div>
<div><span><b>Speed:</b></span> <span>108 kt</span></div>
<div><span><b>Timestamp:</b></span><br/><span>2025-11-07 06:45:20 UTC<br/>2025-11-07 06:45:22 UTC</span></div>
</div>]]></description>
      </Placemark>
      <Placemark>
        <Style>
          <LineStyle>
            <color>ff42ff00</color>
            <width>2</width>
          </LineStyle>
        </Style>
        <MultiGeometry>
          <LineString>
            <tessellate>1</tessellate>
            <altitudeMode>absolute</altitudeMode>
            <coordinates>18.381136,-34.113144,670.56 18.38253,-34.113667,670.56</coordinates>
          </LineString>
        </MultiGeometry>
        <name>P-288</name>
        <description><![CDATA[<div><div><span><b>Altitude:</b></span> <span>2,200 ft</span></div>
<div><span><b>Speed:</b></span> <span>108 kt</span></div>
<div><span><b>Timestamp:</b></span><br/><span>2025-11-07 06:45:22 UTC<br/>2025-11-07 06:45:24 UTC</span></div>
</div>]]></description>
      </Placemark>
      <Placemark>
        <Style>
          <LineStyle>
            <color>ff42ff00</color>
            <width>2</width>
          </LineStyle>
        </Style>
        <MultiGeometry>
          <LineString>
            <tessellate>1</tessellate>
            <altitudeMode>absolute</altitudeMode>
            <coordinates>18.38253,-34.113667,670.56 18.383617,-34.114086,670.56</coordinates>
          </LineString>
        </MultiGeometry>
        <name>P-289</name>
        <description><![CDATA[<div><div><span><b>Altitude:</b></span> <span>2,200 ft</span></div>
<div><span><b>Speed:</b></span> <span>108 kt - 107 kt</span></div>
<div><span><b>Timestamp:</b></span><br/><span>2025-11-07 06:45:24 UTC<br/>2025-11-07 06:45:26 UTC</span></div>
</div>]]></description>
      </Placemark>
      <Placemark>
        <Style>
          <LineStyle>
            <color>ff42ff00</color>
            <width>2</width>
          </LineStyle>
        </Style>
        <MultiGeometry>
          <LineString>
            <tessellate>1</tessellate>
            <altitudeMode>absolute</altitudeMode>
            <coordinates>18.383617,-34.114086,670.56 18.384705,-34.114552,670.56</coordinates>
          </LineString>
        </MultiGeometry>
        <name>P-290</name>
        <description><![CDATA[<div><div><span><b>Altitude:</b></span> <span>2,200 ft</span></div>
<div><span><b>Speed:</b></span> <span>107 kt - 106 kt</span></div>
<div><span><b>Timestamp:</b></span><br/><span>2025-11-07 06:45:26 UTC<br/>2025-11-07 06:45:28 UTC</span></div>
</div>]]></description>
      </Placemark>
      <Placemark>
        <Style>
          <LineStyle>
            <color>ff42ff00</color>
            <width>2</width>
          </LineStyle>
        </Style>
        <MultiGeometry>
          <LineString>
            <tessellate>1</tessellate>
            <altitudeMode>absolute</altitudeMode>
            <coordinates>18.384705,-34.114552,670.56 18.385735,-34.114922,640.08</coordinates>
          </LineString>
        </MultiGeometry>
        <name>P-291</name>
        <description><![CDATA[<div><div><span><b>Altitude:</b></span> <span>2,200 ft - 2,100 ft</span></div>
<div><span><b>Speed:</b></span> <span>106 kt - 104 kt</span></div>
<div><span><b>Timestamp:</b></span><br/><span>2025-11-07 06:45:28 UTC<br/>2025-11-07 06:45:30 UTC</span></div>
</div>]]></description>
      </Placemark>
      <Placemark>
        <Style>
          <LineStyle>
            <color>ff42ff00</color>
            <width>2</width>
          </LineStyle>
        </Style>
        <MultiGeometry>
          <LineString>
            <tessellate>1</tessellate>
            <altitudeMode>absolute</altitudeMode>
            <coordinates>18.385735,-34.114922,640.08 18.387077,-34.115479,640.08</coordinates>
          </LineString>
        </MultiGeometry>
        <name>P-292</name>
        <description><![CDATA[<div><div><span><b>Altitude:</b></span> <span>2,100 ft</span></div>
<div><span><b>Speed:</b></span> <span>104 kt - 103 kt</span></div>
<div><span><b>Timestamp:</b></span><br/><span>2025-11-07 06:45:30 UTC<br/>2025-11-07 06:45:33 UTC</span></div>
</div>]]></description>
      </Placemark>
      <Placemark>
        <Style>
          <LineStyle>
            <color>ff42ff00</color>
            <width>2</width>
          </LineStyle>
        </Style>
        <MultiGeometry>
          <LineString>
            <tessellate>1</tessellate>
            <altitudeMode>absolute</altitudeMode>
            <coordinates>18.387077,-34.115479,640.08 18.388138,-34.115902,640.08</coordinates>
          </LineString>
        </MultiGeometry>
        <name>P-293</name>
        <description><![CDATA[<div><div><span><b>Altitude:</b></span> <span>2,100 ft</span></div>
<div><span><b>Speed:</b></span> <span>103 kt - 102 kt</span></div>
<div><span><b>Timestamp:</b></span><br/><span>2025-11-07 06:45:33 UTC<br/>2025-11-07 06:45:35 UTC</span></div>
</div>]]></description>
      </Placemark>
      <Placemark>
        <Style>
          <LineStyle>
            <color>ff42ff00</color>
            <width>2</width>
          </LineStyle>
        </Style>
        <MultiGeometry>
          <LineString>
            <tessellate>1</tessellate>
            <altitudeMode>absolute</altitudeMode>
            <coordinates>18.388138,-34.115902,640.08 18.389511,-34.116413,640.08</coordinates>
          </LineString>
        </MultiGeometry>
        <name>P-294</name>
        <description><![CDATA[<div><div><span><b>Altitude:</b></span> <span>2,100 ft</span></div>
<div><span><b>Speed:</b></span> <span>102 kt</span></div>
<div><span><b>Timestamp:</b></span><br/><span>2025-11-07 06:45:35 UTC<br/>2025-11-07 06:45:37 UTC</span></div>
</div>]]></description>
      </Placemark>
      <Placemark>
        <Style>
          <LineStyle>
            <color>ff42ff00</color>
            <width>2</width>
          </LineStyle>
        </Style>
        <MultiGeometry>
          <LineString>
            <tessellate>1</tessellate>
            <altitudeMode>absolute</altitudeMode>
            <coordinates>18.389511,-34.116413,640.08 18.392738,-34.11763,640.08</coordinates>
          </LineString>
        </MultiGeometry>
        <name>P-295</name>
        <description><![CDATA[<div><div><span><b>Altitude:</b></span> <span>2,100 ft</span></div>
<div><span><b>Speed:</b></span> <span>102 kt - 96 kt</span></div>
<div><span><b>Timestamp:</b></span><br/><span>2025-11-07 06:45:37 UTC<br/>2025-11-07 06:45:44 UTC</span></div>
</div>]]></description>
      </Placemark>
      <Placemark>
        <Style>
          <LineStyle>
            <color>ff42ff00</color>
            <width>2</width>
          </LineStyle>
        </Style>
        <MultiGeometry>
          <LineString>
            <tessellate>1</tessellate>
            <altitudeMode>absolute</altitudeMode>
            <coordinates>18.392738,-34.11763,640.08 18.393631,-34.117996,640.08</coordinates>
          </LineString>
        </MultiGeometry>
        <name>P-296</name>
        <description><![CDATA[<div><div><span><b>Altitude:</b></span> <span>2,100 ft</span></div>
<div><span><b>Speed:</b></span> <span>96 kt</span></div>
<div><span><b>Timestamp:</b></span><br/><span>2025-11-07 06:45:44 UTC<br/>2025-11-07 06:45:46 UTC</span></div>
</div>]]></description>
      </Placemark>
      <Placemark>
        <Style>
          <LineStyle>
            <color>ff42ff00</color>
            <width>2</width>
          </LineStyle>
        </Style>
        <MultiGeometry>
          <LineString>
            <tessellate>1</tessellate>
            <altitudeMode>absolute</altitudeMode>
            <coordinates>18.393631,-34.117996,640.08 18.394756,-34.118454,640.08</coordinates>
          </LineString>
        </MultiGeometry>
        <name>P-297</name>
        <description><![CDATA[<div><div><span><b>Altitude:</b></span> <span>2,100 ft</span></div>
<div><span><b>Speed:</b></span> <span>96 kt - 95 kt</span></div>
<div><span><b>Timestamp:</b></span><br/><span>2025-11-07 06:45:46 UTC<br/>2025-11-07 06:45:48 UTC</span></div>
</div>]]></description>
      </Placemark>
      <Placemark>
        <Style>
          <LineStyle>
            <color>ff42ff00</color>
            <width>2</width>
          </LineStyle>
        </Style>
        <MultiGeometry>
          <LineString>
            <tessellate>1</tessellate>
            <altitudeMode>absolute</altitudeMode>
            <coordinates>18.394756,-34.118454,640.08 18.395462,-34.11874,640.08</coordinates>
          </LineString>
        </MultiGeometry>
        <name>P-298</name>
        <description><![CDATA[<div><div><span><b>Altitude:</b></span> <span>2,100 ft</span></div>
<div><span><b>Speed:</b></span> <span>95 kt</span></div>
<div><span><b>Timestamp:</b></span><br/><span>2025-11-07 06:45:48 UTC<br/>2025-11-07 06:45:50 UTC</span></div>
</div>]]></description>
      </Placemark>
      <Placemark>
        <Style>
          <LineStyle>
            <color>ff42ff00</color>
            <width>2</width>
          </LineStyle>
        </Style>
        <MultiGeometry>
          <LineString>
            <tessellate>1</tessellate>
            <altitudeMode>absolute</altitudeMode>
            <coordinates>18.395462,-34.11874,640.08 18.396832,-34.119278,640.08</coordinates>
          </LineString>
        </MultiGeometry>
        <name>P-299</name>
        <description><![CDATA[<div><div><span><b>Altitude:</b></span> <span>2,100 ft</span></div>
<div><span><b>Speed:</b></span> <span>95 kt - 93 kt</span></div>
<div><span><b>Timestamp:</b></span><br/><span>2025-11-07 06:45:50 UTC<br/>2025-11-07 06:45:52 UTC</span></div>
</div>]]></description>
      </Placemark>
      <Placemark>
        <Style>
          <LineStyle>
            <color>ff42ff00</color>
            <width>2</width>
          </LineStyle>
        </Style>
        <MultiGeometry>
          <LineString>
            <tessellate>1</tessellate>
            <altitudeMode>absolute</altitudeMode>
            <coordinates>18.396832,-34.119278,640.08 18.397751,-34.119625,640.08</coordinates>
          </LineString>
        </MultiGeometry>
        <name>P-300</name>
        <description><![CDATA[<div><div><span><b>Altitude:</b></span> <span>2,100 ft</span></div>
<div><span><b>Speed:</b></span> <span>93 kt - 92 kt</span></div>
<div><span><b>Timestamp:</b></span><br/><span>2025-11-07 06:45:52 UTC<br/>2025-11-07 06:45:55 UTC</span></div>
</div>]]></description>
      </Placemark>
      <Placemark>
        <Style>
          <LineStyle>
            <color>ff42ff00</color>
            <width>2</width>
          </LineStyle>
        </Style>
        <MultiGeometry>
          <LineString>
            <tessellate>1</tessellate>
            <altitudeMode>absolute</altitudeMode>
            <coordinates>18.397751,-34.119625,640.08 18.398838,-34.120045,640.08</coordinates>
          </LineString>
        </MultiGeometry>
        <name>P-301</name>
        <description><![CDATA[<div><div><span><b>Altitude:</b></span> <span>2,100 ft</span></div>
<div><span><b>Speed:</b></span> <span>92 kt - 89 kt</span></div>
<div><span><b>Timestamp:</b></span><br/><span>2025-11-07 06:45:55 UTC<br/>2025-11-07 06:45:57 UTC</span></div>
</div>]]></description>
      </Placemark>
      <Placemark>
        <Style>
          <LineStyle>
            <color>ff42ff00</color>
            <width>2</width>
          </LineStyle>
        </Style>
        <MultiGeometry>
          <LineString>
            <tessellate>1</tessellate>
            <altitudeMode>absolute</altitudeMode>
            <coordinates>18.398838,-34.120045,640.08 18.400097,-34.120556,640.08</coordinates>
          </LineString>
        </MultiGeometry>
        <name>P-302</name>
        <description><![CDATA[<div><div><span><b>Altitude:</b></span> <span>2,100 ft</span></div>
<div><span><b>Speed:</b></span> <span>89 kt</span></div>
<div><span><b>Timestamp:</b></span><br/><span>2025-11-07 06:45:57 UTC<br/>2025-11-07 06:45:59 UTC</span></div>
</div>]]></description>
      </Placemark>
      <Placemark>
        <Style>
          <LineStyle>
            <color>ff42ff00</color>
            <width>2</width>
          </LineStyle>
        </Style>
        <MultiGeometry>
          <LineString>
            <tessellate>1</tessellate>
            <altitudeMode>absolute</altitudeMode>
            <coordinates>18.400097,-34.120556,640.08 18.403837,-34.122116,640.08</coordinates>
          </LineString>
        </MultiGeometry>
        <name>P-303</name>
        <description><![CDATA[<div><div><span><b>Altitude:</b></span> <span>2,100 ft</span></div>
<div><span><b>Speed:</b></span> <span>89 kt - 88 kt</span></div>
<div><span><b>Timestamp:</b></span><br/><span>2025-11-07 06:45:59 UTC<br/>2025-11-07 06:46:08 UTC</span></div>
</div>]]></description>
      </Placemark>
      <Placemark>
        <Style>
          <LineStyle>
            <color>ff42ff00</color>
            <width>2</width>
          </LineStyle>
        </Style>
        <MultiGeometry>
          <LineString>
            <tessellate>1</tessellate>
            <altitudeMode>absolute</altitudeMode>
            <coordinates>18.403837,-34.122116,640.08 18.404732,-34.122513,640.08</coordinates>
          </LineString>
        </MultiGeometry>
        <name>P-304</name>
        <description><![CDATA[<div><div><span><b>Altitude:</b></span> <span>2,100 ft</span></div>
<div><span><b>Speed:</b></span> <span>88 kt</span></div>
<div><span><b>Timestamp:</b></span><br/><span>2025-11-07 06:46:08 UTC<br/>2025-11-07 06:46:10 UTC</span></div>
</div>]]></description>
      </Placemark>
      <Placemark>
        <Style>
          <LineStyle>
            <color>ff42ff00</color>
            <width>2</width>
          </LineStyle>
        </Style>
        <MultiGeometry>
          <LineString>
            <tessellate>1</tessellate>
            <altitudeMode>absolute</altitudeMode>
            <coordinates>18.404732,-34.122513,640.08 18.406528,-34.12326,670.56</coordinates>
          </LineString>
        </MultiGeometry>
        <name>P-305</name>
        <description><![CDATA[<div><div><span><b>Altitude:</b></span> <span>2,100 ft - 2,200 ft</span></div>
<div><span><b>Speed:</b></span> <span>88 kt - 86 kt</span></div>
<div><span><b>Timestamp:</b></span><br/><span>2025-11-07 06:46:10 UTC<br/>2025-11-07 06:46:14 UTC</span></div>
</div>]]></description>
      </Placemark>
      <Placemark>
        <Style>
          <LineStyle>
            <color>ff42ff00</color>
            <width>2</width>
          </LineStyle>
        </Style>
        <MultiGeometry>
          <LineString>
            <tessellate>1</tessellate>
            <altitudeMode>absolute</altitudeMode>
            <coordinates>18.406528,-34.12326,670.56 18.407421,-34.123676,670.56</coordinates>
          </LineString>
        </MultiGeometry>
        <name>P-306</name>
        <description><![CDATA[<div><div><span><b>Altitude:</b></span> <span>2,200 ft</span></div>
<div><span><b>Speed:</b></span> <span>86 kt - 85 kt</span></div>
<div><span><b>Timestamp:</b></span><br/><span>2025-11-07 06:46:14 UTC<br/>2025-11-07 06:46:16 UTC</span></div>
</div>]]></description>
      </Placemark>
      <Placemark>
        <Style>
          <LineStyle>
            <color>ff42ff00</color>
            <width>2</width>
          </LineStyle>
        </Style>
        <MultiGeometry>
          <LineString>
            <tessellate>1</tessellate>
            <altitudeMode>absolute</altitudeMode>
            <coordinates>18.407421,-34.123676,670.56 18.408321,-34.124039,670.56</coordinates>
          </LineString>
        </MultiGeometry>
        <name>P-307</name>
        <description><![CDATA[<div><div><span><b>Altitude:</b></span> <span>2,200 ft</span></div>
<div><span><b>Speed:</b></span> <span>85 kt - 84 kt</span></div>
<div><span><b>Timestamp:</b></span><br/><span>2025-11-07 06:46:16 UTC<br/>2025-11-07 06:46:18 UTC</span></div>
</div>]]></description>
      </Placemark>
      <Placemark>
        <Style>
          <LineStyle>
            <color>ff42ff00</color>
            <width>2</width>
          </LineStyle>
        </Style>
        <MultiGeometry>
          <LineString>
            <tessellate>1</tessellate>
            <altitudeMode>absolute</altitudeMode>
            <coordinates>18.408321,-34.124039,670.56 18.411964,-34.125595,640.08</coordinates>
          </LineString>
        </MultiGeometry>
        <name>P-308</name>
        <description><![CDATA[<div><div><span><b>Altitude:</b></span> <span>2,200 ft - 2,100 ft</span></div>
<div><span><b>Speed:</b></span> <span>84 kt - 85 kt</span></div>
<div><span><b>Timestamp:</b></span><br/><span>2025-11-07 06:46:18 UTC<br/>2025-11-07 06:46:27 UTC</span></div>
</div>]]></description>
      </Placemark>
      <Placemark>
        <Style>
          <LineStyle>
            <color>ff42ff00</color>
            <width>2</width>
          </LineStyle>
        </Style>
        <MultiGeometry>
          <LineString>
            <tessellate>1</tessellate>
            <altitudeMode>absolute</altitudeMode>
            <coordinates>18.411964,-34.125595,640.08 18.414631,-34.126793,640.08</coordinates>
          </LineString>
        </MultiGeometry>
        <name>P-309</name>
        <description><![CDATA[<div><div><span><b>Altitude:</b></span> <span>2,100 ft</span></div>
<div><span><b>Speed:</b></span> <span>85 kt - 86 kt</span></div>
<div><span><b>Timestamp:</b></span><br/><span>2025-11-07 06:46:27 UTC<br/>2025-11-07 06:46:33 UTC</span></div>
</div>]]></description>
      </Placemark>
      <Placemark>
        <Style>
          <LineStyle>
            <color>ff42ff00</color>
            <width>2</width>
          </LineStyle>
        </Style>
        <MultiGeometry>
          <LineString>
            <tessellate>1</tessellate>
            <altitudeMode>absolute</altitudeMode>
            <coordinates>18.414631,-34.126793,640.08 18.417625,-34.128067,640.08</coordinates>
          </LineString>
        </MultiGeometry>
        <name>P-310</name>
        <description><![CDATA[<div><div><span><b>Altitude:</b></span> <span>2,100 ft</span></div>
<div><span><b>Speed:</b></span> <span>86 kt</span></div>
<div><span><b>Timestamp:</b></span><br/><span>2025-11-07 06:46:33 UTC<br/>2025-11-07 06:46:40 UTC</span></div>
</div>]]></description>
      </Placemark>
      <Placemark>
        <Style>
          <LineStyle>
            <color>ff42ff00</color>
            <width>2</width>
          </LineStyle>
        </Style>
        <MultiGeometry>
          <LineString>
            <tessellate>1</tessellate>
            <altitudeMode>absolute</altitudeMode>
            <coordinates>18.417625,-34.128067,640.08 18.42127,-34.129623,640.08</coordinates>
          </LineString>
        </MultiGeometry>
        <name>P-311</name>
        <description><![CDATA[<div><div><span><b>Altitude:</b></span> <span>2,100 ft</span></div>
<div><span><b>Speed:</b></span> <span>86 kt - 87 kt</span></div>
<div><span><b>Timestamp:</b></span><br/><span>2025-11-07 06:46:40 UTC<br/>2025-11-07 06:46:49 UTC</span></div>
</div>]]></description>
      </Placemark>
      <Placemark>
        <Style>
          <LineStyle>
            <color>ff42ff00</color>
            <width>2</width>
          </LineStyle>
        </Style>
        <MultiGeometry>
          <LineString>
            <tessellate>1</tessellate>
            <altitudeMode>absolute</altitudeMode>
            <coordinates>18.42127,-34.129623,640.08 18.425081,-34.131134,640.08</coordinates>
          </LineString>
        </MultiGeometry>
        <name>P-312</name>
        <description><![CDATA[<div><div><span><b>Altitude:</b></span> <span>2,100 ft</span></div>
<div><span><b>Speed:</b></span> <span>87 kt - 86 kt</span></div>
<div><span><b>Timestamp:</b></span><br/><span>2025-11-07 06:46:49 UTC<br/>2025-11-07 06:46:57 UTC</span></div>
</div>]]></description>
      </Placemark>
      <Placemark>
        <Style>
          <LineStyle>
            <color>ff42ff00</color>
            <width>2</width>
          </LineStyle>
        </Style>
        <MultiGeometry>
          <LineString>
            <tessellate>1</tessellate>
            <altitudeMode>absolute</altitudeMode>
            <coordinates>18.425081,-34.131134,640.08 18.42865,-34.132519,640.08</coordinates>
          </LineString>
        </MultiGeometry>
        <name>P-313</name>
        <description><![CDATA[<div><div><span><b>Altitude:</b></span> <span>2,100 ft</span></div>
<div><span><b>Speed:</b></span> <span>86 kt - 85 kt</span></div>
<div><span><b>Timestamp:</b></span><br/><span>2025-11-07 06:46:57 UTC<br/>2025-11-07 06:47:06 UTC</span></div>
</div>]]></description>
      </Placemark>
      <Placemark>
        <Style>
          <LineStyle>
            <color>ff42ff00</color>
            <width>2</width>
          </LineStyle>
        </Style>
        <MultiGeometry>
          <LineString>
            <tessellate>1</tessellate>
            <altitudeMode>absolute</altitudeMode>
            <coordinates>18.42865,-34.132519,640.08 18.432484,-34.13401,640.08</coordinates>
          </LineString>
        </MultiGeometry>
        <name>P-314</name>
        <description><![CDATA[<div><div><span><b>Altitude:</b></span> <span>2,100 ft</span></div>
<div><span><b>Speed:</b></span> <span>85 kt</span></div>
<div><span><b>Timestamp:</b></span><br/><span>2025-11-07 06:47:06 UTC<br/>2025-11-07 06:47:15 UTC</span></div>
</div>]]></description>
      </Placemark>
      <Placemark>
        <Style>
          <LineStyle>
            <color>ff42ff00</color>
            <width>2</width>
          </LineStyle>
        </Style>
        <MultiGeometry>
          <LineString>
            <tessellate>1</tessellate>
            <altitudeMode>absolute</altitudeMode>
            <coordinates>18.432484,-34.13401,640.08 18.435287,-34.134987,640.08</coordinates>
          </LineString>
        </MultiGeometry>
        <name>P-315</name>
        <description><![CDATA[<div><div><span><b>Altitude:</b></span> <span>2,100 ft</span></div>
<div><span><b>Speed:</b></span> <span>85 kt - 83 kt</span></div>
<div><span><b>Timestamp:</b></span><br/><span>2025-11-07 06:47:15 UTC<br/>2025-11-07 06:47:21 UTC</span></div>
</div>]]></description>
      </Placemark>
      <Placemark>
        <Style>
          <LineStyle>
            <color>ff42ff00</color>
            <width>2</width>
          </LineStyle>
        </Style>
        <MultiGeometry>
          <LineString>
            <tessellate>1</tessellate>
            <altitudeMode>absolute</altitudeMode>
            <coordinates>18.435287,-34.134987,640.08 18.436031,-34.13522,640.08</coordinates>
          </LineString>
        </MultiGeometry>
        <name>P-316</name>
        <description><![CDATA[<div><div><span><b>Altitude:</b></span> <span>2,100 ft</span></div>
<div><span><b>Speed:</b></span> <span>83 kt</span></div>
<div><span><b>Timestamp:</b></span><br/><span>2025-11-07 06:47:21 UTC<br/>2025-11-07 06:47:23 UTC</span></div>
</div>]]></description>
      </Placemark>
      <Placemark>
        <Style>
          <LineStyle>
            <color>ff42ff00</color>
            <width>2</width>
          </LineStyle>
        </Style>
        <MultiGeometry>
          <LineString>
            <tessellate>1</tessellate>
            <altitudeMode>absolute</altitudeMode>
            <coordinates>18.436031,-34.13522,640.08 18.437189,-34.135529,640.08</coordinates>
          </LineString>
        </MultiGeometry>
        <name>P-317</name>
        <description><![CDATA[<div><div><span><b>Altitude:</b></span> <span>2,100 ft</span></div>
<div><span><b>Speed:</b></span> <span>83 kt</span></div>
<div><span><b>Timestamp:</b></span><br/><span>2025-11-07 06:47:23 UTC<br/>2025-11-07 06:47:25 UTC</span></div>
</div>]]></description>
      </Placemark>
      <Placemark>
        <Style>
          <LineStyle>
            <color>ff42ff00</color>
            <width>2</width>
          </LineStyle>
        </Style>
        <MultiGeometry>
          <LineString>
            <tessellate>1</tessellate>
            <altitudeMode>absolute</altitudeMode>
            <coordinates>18.437189,-34.135529,640.08 18.438148,-34.135731,640.08</coordinates>
          </LineString>
        </MultiGeometry>
        <name>P-318</name>
        <description><![CDATA[<div><div><span><b>Altitude:</b></span> <span>2,100 ft</span></div>
<div><span><b>Speed:</b></span> <span>83 kt - 84 kt</span></div>
<div><span><b>Timestamp:</b></span><br/><span>2025-11-07 06:47:25 UTC<br/>2025-11-07 06:47:27 UTC</span></div>
</div>]]></description>
      </Placemark>
      <Placemark>
        <Style>
          <LineStyle>
            <color>ff42ff00</color>
            <width>2</width>
          </LineStyle>
        </Style>
        <MultiGeometry>
          <LineString>
            <tessellate>1</tessellate>
            <altitudeMode>absolute</altitudeMode>
            <coordinates>18.438148,-34.135731,640.08 18.43915,-34.135849,640.08</coordinates>
          </LineString>
        </MultiGeometry>
        <name>P-319</name>
        <description><![CDATA[<div><div><span><b>Altitude:</b></span> <span>2,100 ft</span></div>
<div><span><b>Speed:</b></span> <span>84 kt</span></div>
<div><span><b>Timestamp:</b></span><br/><span>2025-11-07 06:47:27 UTC<br/>2025-11-07 06:47:30 UTC</span></div>
</div>]]></description>
      </Placemark>
      <Placemark>
        <Style>
          <LineStyle>
            <color>ff42ff00</color>
            <width>2</width>
          </LineStyle>
        </Style>
        <MultiGeometry>
          <LineString>
            <tessellate>1</tessellate>
            <altitudeMode>absolute</altitudeMode>
            <coordinates>18.43915,-34.135849,640.08 18.440327,-34.135849,640.08</coordinates>
          </LineString>
        </MultiGeometry>
        <name>P-320</name>
        <description><![CDATA[<div><div><span><b>Altitude:</b></span> <span>2,100 ft</span></div>
<div><span><b>Speed:</b></span> <span>84 kt - 86 kt</span></div>
<div><span><b>Timestamp:</b></span><br/><span>2025-11-07 06:47:30 UTC<br/>2025-11-07 06:47:32 UTC</span></div>
</div>]]></description>
      </Placemark>
      <Placemark>
        <Style>
          <LineStyle>
            <color>ff42ff00</color>
            <width>2</width>
          </LineStyle>
        </Style>
        <MultiGeometry>
          <LineString>
            <tessellate>1</tessellate>
            <altitudeMode>absolute</altitudeMode>
            <coordinates>18.440327,-34.135849,640.08 18.441296,-34.135777,640.08</coordinates>
          </LineString>
        </MultiGeometry>
        <name>P-321</name>
        <description><![CDATA[<div><div><span><b>Altitude:</b></span> <span>2,100 ft</span></div>
<div><span><b>Speed:</b></span> <span>86 kt - 87 kt</span></div>
<div><span><b>Timestamp:</b></span><br/><span>2025-11-07 06:47:32 UTC<br/>2025-11-07 06:47:34 UTC</span></div>
</div>]]></description>
      </Placemark>
      <Placemark>
        <Style>
          <LineStyle>
            <color>ff42ff00</color>
            <width>2</width>
          </LineStyle>
        </Style>
        <MultiGeometry>
          <LineString>
            <tessellate>1</tessellate>
            <altitudeMode>absolute</altitudeMode>
            <coordinates>18.441296,-34.135777,640.08 18.442497,-34.135639,640.08</coordinates>
          </LineString>
        </MultiGeometry>
        <name>P-322</name>
        <description><![CDATA[<div><div><span><b>Altitude:</b></span> <span>2,100 ft</span></div>
<div><span><b>Speed:</b></span> <span>87 kt - 89 kt</span></div>
<div><span><b>Timestamp:</b></span><br/><span>2025-11-07 06:47:34 UTC<br/>2025-11-07 06:47:37 UTC</span></div>
</div>]]></description>
      </Placemark>
      <Placemark>
        <Style>
          <LineStyle>
            <color>ff42ff00</color>
            <width>2</width>
          </LineStyle>
        </Style>
        <MultiGeometry>
          <LineString>
            <tessellate>1</tessellate>
            <altitudeMode>absolute</altitudeMode>
            <coordinates>18.442497,-34.135639,640.08 18.443756,-34.135406,640.08</coordinates>
          </LineString>
        </MultiGeometry>
        <name>P-323</name>
        <description><![CDATA[<div><div><span><b>Altitude:</b></span> <span>2,100 ft</span></div>
<div><span><b>Speed:</b></span> <span>89 kt - 90 kt</span></div>
<div><span><b>Timestamp:</b></span><br/><span>2025-11-07 06:47:37 UTC<br/>2025-11-07 06:47:39 UTC</span></div>
</div>]]></description>
      </Placemark>
      <Placemark>
        <Style>
          <LineStyle>
            <color>ff42ff00</color>
            <width>2</width>
          </LineStyle>
        </Style>
        <MultiGeometry>
          <LineString>
            <tessellate>1</tessellate>
            <altitudeMode>absolute</altitudeMode>
            <coordinates>18.443756,-34.135406,640.08 18.444729,-34.135174,640.08</coordinates>
          </LineString>
        </MultiGeometry>
        <name>P-324</name>
        <description><![CDATA[<div><div><span><b>Altitude:</b></span> <span>2,100 ft</span></div>
<div><span><b>Speed:</b></span> <span>90 kt - 92 kt</span></div>
<div><span><b>Timestamp:</b></span><br/><span>2025-11-07 06:47:39 UTC<br/>2025-11-07 06:47:42 UTC</span></div>
</div>]]></description>
      </Placemark>
      <Placemark>
        <Style>
          <LineStyle>
            <color>ff42ff00</color>
            <width>2</width>
          </LineStyle>
        </Style>
        <MultiGeometry>
          <LineString>
            <tessellate>1</tessellate>
            <altitudeMode>absolute</altitudeMode>
            <coordinates>18.444729,-34.135174,640.08 18.44599,-34.134796,640.08</coordinates>
          </LineString>
        </MultiGeometry>
        <name>P-325</name>
        <description><![CDATA[<div><div><span><b>Altitude:</b></span> <span>2,100 ft</span></div>
<div><span><b>Speed:</b></span> <span>92 kt - 93 kt</span></div>
<div><span><b>Timestamp:</b></span><br/><span>2025-11-07 06:47:42 UTC<br/>2025-11-07 06:47:44 UTC</span></div>
</div>]]></description>
      </Placemark>
      <Placemark>
        <Style>
          <LineStyle>
            <color>ff42ff00</color>
            <width>2</width>
          </LineStyle>
        </Style>
        <MultiGeometry>
          <LineString>
            <tessellate>1</tessellate>
            <altitudeMode>absolute</altitudeMode>
            <coordinates>18.44599,-34.134796,640.08 18.44696,-34.134476,640.08</coordinates>
          </LineString>
        </MultiGeometry>
        <name>P-326</name>
        <description><![CDATA[<div><div><span><b>Altitude:</b></span> <span>2,100 ft</span></div>
<div><span><b>Speed:</b></span> <span>93 kt</span></div>
<div><span><b>Timestamp:</b></span><br/><span>2025-11-07 06:47:44 UTC<br/>2025-11-07 06:47:46 UTC</span></div>
</div>]]></description>
      </Placemark>
      <Placemark>
        <Style>
          <LineStyle>
            <color>ff42ff00</color>
            <width>2</width>
          </LineStyle>
        </Style>
        <MultiGeometry>
          <LineString>
            <tessellate>1</tessellate>
            <altitudeMode>absolute</altitudeMode>
            <coordinates>18.44696,-34.134476,640.08 18.448219,-34.13401,640.08</coordinates>
          </LineString>
        </MultiGeometry>
        <name>P-327</name>
        <description><![CDATA[<div><div><span><b>Altitude:</b></span> <span>2,100 ft</span></div>
<div><span><b>Speed:</b></span> <span>93 kt - 94 kt</span></div>
<div><span><b>Timestamp:</b></span><br/><span>2025-11-07 06:47:46 UTC<br/>2025-11-07 06:47:48 UTC</span></div>
</div>]]></description>
      </Placemark>
      <Placemark>
        <Style>
          <LineStyle>
            <color>ff42ff00</color>
            <width>2</width>
          </LineStyle>
        </Style>
        <MultiGeometry>
          <LineString>
            <tessellate>1</tessellate>
            <altitudeMode>absolute</altitudeMode>
            <coordinates>18.448219,-34.13401,640.08 18.449192,-34.133636,640.08</coordinates>
          </LineString>
        </MultiGeometry>
        <name>P-328</name>
        <description><![CDATA[<div><div><span><b>Altitude:</b></span> <span>2,100 ft</span></div>
<div><span><b>Speed:</b></span> <span>94 kt - 95 kt</span></div>
<div><span><b>Timestamp:</b></span><br/><span>2025-11-07 06:47:48 UTC<br/>2025-11-07 06:47:50 UTC</span></div>
</div>]]></description>
      </Placemark>
      <Placemark>
        <Style>
          <LineStyle>
            <color>ff42ff00</color>
            <width>2</width>
          </LineStyle>
        </Style>
        <MultiGeometry>
          <LineString>
            <tessellate>1</tessellate>
            <altitudeMode>absolute</altitudeMode>
            <coordinates>18.449192,-34.133636,640.08 18.450081,-34.13324,640.08</coordinates>
          </LineString>
        </MultiGeometry>
        <name>P-329</name>
        <description><![CDATA[<div><div><span><b>Altitude:</b></span> <span>2,100 ft</span></div>
<div><span><b>Speed:</b></span> <span>95 kt</span></div>
<div><span><b>Timestamp:</b></span><br/><span>2025-11-07 06:47:50 UTC<br/>2025-11-07 06:47:52 UTC</span></div>
</div>]]></description>
      </Placemark>
      <Placemark>
        <Style>
          <LineStyle>
            <color>ff42ff00</color>
            <width>2</width>
          </LineStyle>
        </Style>
        <MultiGeometry>
          <LineString>
            <tessellate>1</tessellate>
            <altitudeMode>absolute</altitudeMode>
            <coordinates>18.450081,-34.13324,640.08 18.451023,-34.132797,640.08</coordinates>
          </LineString>
        </MultiGeometry>
        <name>P-330</name>
        <description><![CDATA[<div><div><span><b>Altitude:</b></span> <span>2,100 ft</span></div>
<div><span><b>Speed:</b></span> <span>95 kt - 97 kt</span></div>
<div><span><b>Timestamp:</b></span><br/><span>2025-11-07 06:47:52 UTC<br/>2025-11-07 06:47:55 UTC</span></div>
</div>]]></description>
      </Placemark>
      <Placemark>
        <Style>
          <LineStyle>
            <color>ff42ff00</color>
            <width>2</width>
          </LineStyle>
        </Style>
        <MultiGeometry>
          <LineString>
            <tessellate>1</tessellate>
            <altitudeMode>absolute</altitudeMode>
            <coordinates>18.451023,-34.132797,640.08 18.452211,-34.132278,640.08</coordinates>
          </LineString>
        </MultiGeometry>
        <name>P-331</name>
        <description><![CDATA[<div><div><span><b>Altitude:</b></span> <span>2,100 ft</span></div>
<div><span><b>Speed:</b></span> <span>97 kt</span></div>
<div><span><b>Timestamp:</b></span><br/><span>2025-11-07 06:47:55 UTC<br/>2025-11-07 06:47:57 UTC</span></div>
</div>]]></description>
      </Placemark>
      <Placemark>
        <Style>
          <LineStyle>
            <color>ff42ff00</color>
            <width>2</width>
          </LineStyle>
        </Style>
        <MultiGeometry>
          <LineString>
            <tessellate>1</tessellate>
            <altitudeMode>absolute</altitudeMode>
            <coordinates>18.452211,-34.132278,640.08 18.453255,-34.131775,640.08</coordinates>
          </LineString>
        </MultiGeometry>
        <name>P-332</name>
        <description><![CDATA[<div><div><span><b>Altitude:</b></span> <span>2,100 ft</span></div>
<div><span><b>Speed:</b></span> <span>97 kt - 98 kt</span></div>
<div><span><b>Timestamp:</b></span><br/><span>2025-11-07 06:47:57 UTC<br/>2025-11-07 06:47:59 UTC</span></div>
</div>]]></description>
      </Placemark>
      <Placemark>
        <Style>
          <LineStyle>
            <color>ff42ff00</color>
            <width>2</width>
          </LineStyle>
        </Style>
        <MultiGeometry>
          <LineString>
            <tessellate>1</tessellate>
            <altitudeMode>absolute</altitudeMode>
            <coordinates>18.453255,-34.131775,640.08 18.454285,-34.131264,640.08</coordinates>
          </LineString>
        </MultiGeometry>
        <name>P-333</name>
        <description><![CDATA[<div><div><span><b>Altitude:</b></span> <span>2,100 ft</span></div>
<div><span><b>Speed:</b></span> <span>98 kt - 99 kt</span></div>
<div><span><b>Timestamp:</b></span><br/><span>2025-11-07 06:47:59 UTC<br/>2025-11-07 06:48:01 UTC</span></div>
</div>]]></description>
      </Placemark>
      <Placemark>
        <Style>
          <LineStyle>
            <color>ff42ff00</color>
            <width>2</width>
          </LineStyle>
        </Style>
        <MultiGeometry>
          <LineString>
            <tessellate>1</tessellate>
            <altitudeMode>absolute</altitudeMode>
            <coordinates>18.454285,-34.131264,640.08 18.455372,-34.130703,640.08</coordinates>
          </LineString>
        </MultiGeometry>
        <name>P-334</name>
        <description><![CDATA[<div><div><span><b>Altitude:</b></span> <span>2,100 ft</span></div>
<div><span><b>Speed:</b></span> <span>99 kt</span></div>
<div><span><b>Timestamp:</b></span><br/><span>2025-11-07 06:48:01 UTC<br/>2025-11-07 06:48:03 UTC</span></div>
</div>]]></description>
      </Placemark>
      <Placemark>
        <Style>
          <LineStyle>
            <color>ff42ff00</color>
            <width>2</width>
          </LineStyle>
        </Style>
        <MultiGeometry>
          <LineString>
            <tessellate>1</tessellate>
            <altitudeMode>absolute</altitudeMode>
            <coordinates>18.455372,-34.130703,640.08 18.456247,-34.130219,640.08</coordinates>
          </LineString>
        </MultiGeometry>
        <name>P-335</name>
        <description><![CDATA[<div><div><span><b>Altitude:</b></span> <span>2,100 ft</span></div>
<div><span><b>Speed:</b></span> <span>99 kt - 100 kt</span></div>
<div><span><b>Timestamp:</b></span><br/><span>2025-11-07 06:48:03 UTC<br/>2025-11-07 06:48:06 UTC</span></div>
</div>]]></description>
      </Placemark>
      <Placemark>
        <Style>
          <LineStyle>
            <color>ff42ff00</color>
            <width>2</width>
          </LineStyle>
        </Style>
        <MultiGeometry>
          <LineString>
            <tessellate>1</tessellate>
            <altitudeMode>absolute</altitudeMode>
            <coordinates>18.456247,-34.130219,640.08 18.457432,-34.129585,640.08</coordinates>
          </LineString>
        </MultiGeometry>
        <name>P-336</name>
        <description><![CDATA[<div><div><span><b>Altitude:</b></span> <span>2,100 ft</span></div>
<div><span><b>Speed:</b></span> <span>100 kt</span></div>
<div><span><b>Timestamp:</b></span><br/><span>2025-11-07 06:48:06 UTC<br/>2025-11-07 06:48:08 UTC</span></div>
</div>]]></description>
      </Placemark>
      <Placemark>
        <Style>
          <LineStyle>
            <color>ff42ff00</color>
            <width>2</width>
          </LineStyle>
        </Style>
        <MultiGeometry>
          <LineString>
            <tessellate>1</tessellate>
            <altitudeMode>absolute</altitudeMode>
            <coordinates>18.457432,-34.129585,640.08 18.45829,-34.129074,640.08</coordinates>
          </LineString>
        </MultiGeometry>
        <name>P-337</name>
        <description><![CDATA[<div><div><span><b>Altitude:</b></span> <span>2,100 ft</span></div>
<div><span><b>Speed:</b></span> <span>100 kt</span></div>
<div><span><b>Timestamp:</b></span><br/><span>2025-11-07 06:48:08 UTC<br/>2025-11-07 06:48:10 UTC</span></div>
</div>]]></description>
      </Placemark>
      <Placemark>
        <Style>
          <LineStyle>
            <color>ff42ff00</color>
            <width>2</width>
          </LineStyle>
        </Style>
        <MultiGeometry>
          <LineString>
            <tessellate>1</tessellate>
            <altitudeMode>absolute</altitudeMode>
            <coordinates>18.45829,-34.129074,640.08 18.459385,-34.128479,640.08</coordinates>
          </LineString>
        </MultiGeometry>
        <name>P-338</name>
        <description><![CDATA[<div><div><span><b>Altitude:</b></span> <span>2,100 ft</span></div>
<div><span><b>Speed:</b></span> <span>100 kt</span></div>
<div><span><b>Timestamp:</b></span><br/><span>2025-11-07 06:48:10 UTC<br/>2025-11-07 06:48:12 UTC</span></div>
</div>]]></description>
      </Placemark>
      <Placemark>
        <Style>
          <LineStyle>
            <color>ff42ff00</color>
            <width>2</width>
          </LineStyle>
        </Style>
        <MultiGeometry>
          <LineString>
            <tessellate>1</tessellate>
            <altitudeMode>absolute</altitudeMode>
            <coordinates>18.459385,-34.128479,640.08 18.460787,-34.127655,640.08</coordinates>
          </LineString>
        </MultiGeometry>
        <name>P-339</name>
        <description><![CDATA[<div><div><span><b>Altitude:</b></span> <span>2,100 ft</span></div>
<div><span><b>Speed:</b></span> <span>100 kt</span></div>
<div><span><b>Timestamp:</b></span><br/><span>2025-11-07 06:48:12 UTC<br/>2025-11-07 06:48:15 UTC</span></div>
</div>]]></description>
      </Placemark>
      <Placemark>
        <Style>
          <LineStyle>
            <color>ff42ff00</color>
            <width>2</width>
          </LineStyle>
        </Style>
        <MultiGeometry>
          <LineString>
            <tessellate>1</tessellate>
            <altitudeMode>absolute</altitudeMode>
            <coordinates>18.460787,-34.127655,640.08 18.461666,-34.127071,640.08</coordinates>
          </LineString>
        </MultiGeometry>
        <name>P-340</name>
        <description><![CDATA[<div><div><span><b>Altitude:</b></span> <span>2,100 ft</span></div>
<div><span><b>Speed:</b></span> <span>100 kt - 101 kt</span></div>
<div><span><b>Timestamp:</b></span><br/><span>2025-11-07 06:48:15 UTC<br/>2025-11-07 06:48:17 UTC</span></div>
</div>]]></description>
      </Placemark>
      <Placemark>
        <Style>
          <LineStyle>
            <color>ff42ff00</color>
            <width>2</width>
          </LineStyle>
        </Style>
        <MultiGeometry>
          <LineString>
            <tessellate>1</tessellate>
            <altitudeMode>absolute</altitudeMode>
            <coordinates>18.461666,-34.127071,640.08 18.462524,-34.12656,640.08</coordinates>
          </LineString>
        </MultiGeometry>
        <name>P-341</name>
        <description><![CDATA[<div><div><span><b>Altitude:</b></span> <span>2,100 ft</span></div>
<div><span><b>Speed:</b></span> <span>101 kt - 100 kt</span></div>
<div><span><b>Timestamp:</b></span><br/><span>2025-11-07 06:48:17 UTC<br/>2025-11-07 06:48:19 UTC</span></div>
</div>]]></description>
      </Placemark>
      <Placemark>
        <Style>
          <LineStyle>
            <color>ff42ff00</color>
            <width>2</width>
          </LineStyle>
        </Style>
        <MultiGeometry>
          <LineString>
            <tessellate>1</tessellate>
            <altitudeMode>absolute</altitudeMode>
            <coordinates>18.462524,-34.12656,640.08 18.463589,-34.125824,640.08</coordinates>
          </LineString>
        </MultiGeometry>
        <name>P-342</name>
        <description><![CDATA[<div><div><span><b>Altitude:</b></span> <span>2,100 ft</span></div>
<div><span><b>Speed:</b></span> <span>100 kt - 101 kt</span></div>
<div><span><b>Timestamp:</b></span><br/><span>2025-11-07 06:48:19 UTC<br/>2025-11-07 06:48:21 UTC</span></div>
</div>]]></description>
      </Placemark>
      <Placemark>
        <Style>
          <LineStyle>
            <color>ff42ff00</color>
            <width>2</width>
          </LineStyle>
        </Style>
        <MultiGeometry>
          <LineString>
            <tessellate>1</tessellate>
            <altitudeMode>absolute</altitudeMode>
            <coordinates>18.463589,-34.125824,640.08 18.464598,-34.125183,640.08</coordinates>
          </LineString>
        </MultiGeometry>
        <name>P-343</name>
        <description><![CDATA[<div><div><span><b>Altitude:</b></span> <span>2,100 ft</span></div>
<div><span><b>Speed:</b></span> <span>101 kt - 100 kt</span></div>
<div><span><b>Timestamp:</b></span><br/><span>2025-11-07 06:48:21 UTC<br/>2025-11-07 06:48:24 UTC</span></div>
</div>]]></description>
      </Placemark>
      <Placemark>
        <Style>
          <LineStyle>
            <color>ff42ff00</color>
            <width>2</width>
          </LineStyle>
        </Style>
        <MultiGeometry>
          <LineString>
            <tessellate>1</tessellate>
            <altitudeMode>absolute</altitudeMode>
            <coordinates>18.464598,-34.125183,640.08 18.465607,-34.124451,640.08</coordinates>
          </LineString>
        </MultiGeometry>
        <name>P-344</name>
        <description><![CDATA[<div><div><span><b>Altitude:</b></span> <span>2,100 ft</span></div>
<div><span><b>Speed:</b></span> <span>100 kt - 102 kt</span></div>
<div><span><b>Timestamp:</b></span><br/><span>2025-11-07 06:48:24 UTC<br/>2025-11-07 06:48:26 UTC</span></div>
</div>]]></description>
      </Placemark>
      <Placemark>
        <Style>
          <LineStyle>
            <color>ff42ff00</color>
            <width>2</width>
          </LineStyle>
        </Style>
        <MultiGeometry>
          <LineString>
            <tessellate>1</tessellate>
            <altitudeMode>absolute</altitudeMode>
            <coordinates>18.465607,-34.124451,640.08 18.466473,-34.123814,640.08</coordinates>
          </LineString>
        </MultiGeometry>
        <name>P-345</name>
        <description><![CDATA[<div><div><span><b>Altitude:</b></span> <span>2,100 ft</span></div>
<div><span><b>Speed:</b></span> <span>102 kt</span></div>
<div><span><b>Timestamp:</b></span><br/><span>2025-11-07 06:48:26 UTC<br/>2025-11-07 06:48:28 UTC</span></div>
</div>]]></description>
      </Placemark>
      <Placemark>
        <Style>
          <LineStyle>
            <color>ff42ff00</color>
            <width>2</width>
          </LineStyle>
        </Style>
        <MultiGeometry>
          <LineString>
            <tessellate>1</tessellate>
            <altitudeMode>absolute</altitudeMode>
            <coordinates>18.466473,-34.123814,640.08 18.467388,-34.123024,640.08</coordinates>
          </LineString>
        </MultiGeometry>
        <name>P-346</name>
        <description><![CDATA[<div><div><span><b>Altitude:</b></span> <span>2,100 ft</span></div>
<div><span><b>Speed:</b></span> <span>102 kt - 104 kt</span></div>
<div><span><b>Timestamp:</b></span><br/><span>2025-11-07 06:48:28 UTC<br/>2025-11-07 06:48:31 UTC</span></div>
</div>]]></description>
      </Placemark>
      <Placemark>
        <Style>
          <LineStyle>
            <color>ff42ff00</color>
            <width>2</width>
          </LineStyle>
        </Style>
        <MultiGeometry>
          <LineString>
            <tessellate>1</tessellate>
            <altitudeMode>absolute</altitudeMode>
            <coordinates>18.467388,-34.123024,640.08 18.468353,-34.121979,640.08</coordinates>
          </LineString>
        </MultiGeometry>
        <name>P-347</name>
        <description><![CDATA[<div><div><span><b>Altitude:</b></span> <span>2,100 ft</span></div>
<div><span><b>Speed:</b></span> <span>104 kt - 106 kt</span></div>
<div><span><b>Timestamp:</b></span><br/><span>2025-11-07 06:48:31 UTC<br/>2025-11-07 06:48:33 UTC</span></div>
</div>]]></description>
      </Placemark>
      <Placemark>
        <Style>
          <LineStyle>
            <color>ff42ff00</color>
            <width>2</width>
          </LineStyle>
        </Style>
        <MultiGeometry>
          <LineString>
            <tessellate>1</tessellate>
            <altitudeMode>absolute</altitudeMode>
            <coordinates>18.468353,-34.121979,640.08 18.468933,-34.121346,640.08</coordinates>
          </LineString>
        </MultiGeometry>
        <name>P-348</name>
        <description><![CDATA[<div><div><span><b>Altitude:</b></span> <span>2,100 ft</span></div>
<div><span><b>Speed:</b></span> <span>106 kt - 107 kt</span></div>
<div><span><b>Timestamp:</b></span><br/><span>2025-11-07 06:48:33 UTC<br/>2025-11-07 06:48:35 UTC</span></div>
</div>]]></description>
      </Placemark>
      <Placemark>
        <Style>
          <LineStyle>
            <color>ff42ff00</color>
            <width>2</width>
          </LineStyle>
        </Style>
        <MultiGeometry>
          <LineString>
            <tessellate>1</tessellate>
            <altitudeMode>absolute</altitudeMode>
            <coordinates>18.468933,-34.121346,640.08 18.469587,-34.120468,640.08</coordinates>
          </LineString>
        </MultiGeometry>
        <name>P-349</name>
        <description><![CDATA[<div><div><span><b>Altitude:</b></span> <span>2,100 ft</span></div>
<div><span><b>Speed:</b></span> <span>107 kt - 108 kt</span></div>
<div><span><b>Timestamp:</b></span><br/><span>2025-11-07 06:48:35 UTC<br/>2025-11-07 06:48:37 UTC</span></div>
</div>]]></description>
      </Placemark>
      <Placemark>
        <Style>
          <LineStyle>
            <color>ff42ff00</color>
            <width>2</width>
          </LineStyle>
        </Style>
        <MultiGeometry>
          <LineString>
            <tessellate>1</tessellate>
            <altitudeMode>absolute</altitudeMode>
            <coordinates>18.469587,-34.120468,640.08 18.470306,-34.119392,640.08</coordinates>
          </LineString>
        </MultiGeometry>
        <name>P-350</name>
        <description><![CDATA[<div><div><span><b>Altitude:</b></span> <span>2,100 ft</span></div>
<div><span><b>Speed:</b></span> <span>108 kt</span></div>
<div><span><b>Timestamp:</b></span><br/><span>2025-11-07 06:48:37 UTC<br/>2025-11-07 06:48:39 UTC</span></div>
</div>]]></description>
      </Placemark>
      <Placemark>
        <Style>
          <LineStyle>
            <color>ff42ff00</color>
            <width>2</width>
          </LineStyle>
        </Style>
        <MultiGeometry>
          <LineString>
            <tessellate>1</tessellate>
            <altitudeMode>absolute</altitudeMode>
            <coordinates>18.470306,-34.119392,640.08 18.470936,-34.118229,640.08</coordinates>
          </LineString>
        </MultiGeometry>
        <name>P-351</name>
        <description><![CDATA[<div><div><span><b>Altitude:</b></span> <span>2,100 ft</span></div>
<div><span><b>Speed:</b></span> <span>108 kt</span></div>
<div><span><b>Timestamp:</b></span><br/><span>2025-11-07 06:48:39 UTC<br/>2025-11-07 06:48:42 UTC</span></div>
</div>]]></description>
      </Placemark>
      <Placemark>
        <Style>
          <LineStyle>
            <color>ff42ff00</color>
            <width>2</width>
          </LineStyle>
        </Style>
        <MultiGeometry>
          <LineString>
            <tessellate>1</tessellate>
            <altitudeMode>absolute</altitudeMode>
            <coordinates>18.470936,-34.118229,640.08 18.471437,-34.11731,640.08</coordinates>
          </LineString>
        </MultiGeometry>
        <name>P-352</name>
        <description><![CDATA[<div><div><span><b>Altitude:</b></span> <span>2,100 ft</span></div>
<div><span><b>Speed:</b></span> <span>108 kt - 110 kt</span></div>
<div><span><b>Timestamp:</b></span><br/><span>2025-11-07 06:48:42 UTC<br/>2025-11-07 06:48:44 UTC</span></div>
</div>]]></description>
      </Placemark>
      <Placemark>
        <Style>
          <LineStyle>
            <color>ff42ff00</color>
            <width>2</width>
          </LineStyle>
        </Style>
        <MultiGeometry>
          <LineString>
            <tessellate>1</tessellate>
            <altitudeMode>absolute</altitudeMode>
            <coordinates>18.471437,-34.11731,640.08 18.471966,-34.116226,640.08</coordinates>
          </LineString>
        </MultiGeometry>
        <name>P-353</name>
        <description><![CDATA[<div><div><span><b>Altitude:</b></span> <span>2,100 ft</span></div>
<div><span><b>Speed:</b></span> <span>110 kt</span></div>
<div><span><b>Timestamp:</b></span><br/><span>2025-11-07 06:48:44 UTC<br/>2025-11-07 06:48:46 UTC</span></div>
</div>]]></description>
      </Placemark>
      <Placemark>
        <Style>
          <LineStyle>
            <color>ff42ff00</color>
            <width>2</width>
          </LineStyle>
        </Style>
        <MultiGeometry>
          <LineString>
            <tessellate>1</tessellate>
            <altitudeMode>absolute</altitudeMode>
            <coordinates>18.471966,-34.116226,640.08 18.472502,-34.115112,640.08</coordinates>
          </LineString>
        </MultiGeometry>
        <name>P-354</name>
        <description><![CDATA[<div><div><span><b>Altitude:</b></span> <span>2,100 ft</span></div>
<div><span><b>Speed:</b></span> <span>110 kt</span></div>
<div><span><b>Timestamp:</b></span><br/><span>2025-11-07 06:48:46 UTC<br/>2025-11-07 06:48:48 UTC</span></div>
</div>]]></description>
      </Placemark>
      <Placemark>
        <Style>
          <LineStyle>
            <color>ff42ff00</color>
            <width>2</width>
          </LineStyle>
        </Style>
        <MultiGeometry>
          <LineString>
            <tessellate>1</tessellate>
            <altitudeMode>absolute</altitudeMode>
            <coordinates>18.472502,-34.115112,640.08 18.472939,-34.113899,640.08</coordinates>
          </LineString>
        </MultiGeometry>
        <name>P-355</name>
        <description><![CDATA[<div><div><span><b>Altitude:</b></span> <span>2,100 ft</span></div>
<div><span><b>Speed:</b></span> <span>110 kt - 112 kt</span></div>
<div><span><b>Timestamp:</b></span><br/><span>2025-11-07 06:48:48 UTC<br/>2025-11-07 06:48:51 UTC</span></div>
</div>]]></description>
      </Placemark>
      <Placemark>
        <Style>
          <LineStyle>
            <color>ff42ff00</color>
            <width>2</width>
          </LineStyle>
        </Style>
        <MultiGeometry>
          <LineString>
            <tessellate>1</tessellate>
            <altitudeMode>absolute</altitudeMode>
            <coordinates>18.472939,-34.113899,640.08 18.473396,-34.112595,640.08</coordinates>
          </LineString>
        </MultiGeometry>
        <name>P-356</name>
        <description><![CDATA[<div><div><span><b>Altitude:</b></span> <span>2,100 ft</span></div>
<div><span><b>Speed:</b></span> <span>112 kt</span></div>
<div><span><b>Timestamp:</b></span><br/><span>2025-11-07 06:48:51 UTC<br/>2025-11-07 06:48:53 UTC</span></div>
</div>]]></description>
      </Placemark>
      <Placemark>
        <Style>
          <LineStyle>
            <color>ff42ff00</color>
            <width>2</width>
          </LineStyle>
        </Style>
        <MultiGeometry>
          <LineString>
            <tessellate>1</tessellate>
            <altitudeMode>absolute</altitudeMode>
            <coordinates>18.473396,-34.112595,640.08 18.473679,-34.111542,640.08</coordinates>
          </LineString>
        </MultiGeometry>
        <name>P-357</name>
        <description><![CDATA[<div><div><span><b>Altitude:</b></span> <span>2,100 ft</span></div>
<div><span><b>Speed:</b></span> <span>112 kt - 113 kt</span></div>
<div><span><b>Timestamp:</b></span><br/><span>2025-11-07 06:48:53 UTC<br/>2025-11-07 06:48:55 UTC</span></div>
</div>]]></description>
      </Placemark>
      <Placemark>
        <Style>
          <LineStyle>
            <color>ff42ff00</color>
            <width>2</width>
          </LineStyle>
        </Style>
        <MultiGeometry>
          <LineString>
            <tessellate>1</tessellate>
            <altitudeMode>absolute</altitudeMode>
            <coordinates>18.473679,-34.111542,640.08 18.473911,-34.1105,640.08</coordinates>
          </LineString>
        </MultiGeometry>
        <name>P-358</name>
        <description><![CDATA[<div><div><span><b>Altitude:</b></span> <span>2,100 ft</span></div>
<div><span><b>Speed:</b></span> <span>113 kt - 114 kt</span></div>
<div><span><b>Timestamp:</b></span><br/><span>2025-11-07 06:48:55 UTC<br/>2025-11-07 06:48:58 UTC</span></div>
</div>]]></description>
      </Placemark>
      <Placemark>
        <Style>
          <LineStyle>
            <color>ff42ff00</color>
            <width>2</width>
          </LineStyle>
        </Style>
        <MultiGeometry>
          <LineString>
            <tessellate>1</tessellate>
            <altitudeMode>absolute</altitudeMode>
            <coordinates>18.473911,-34.1105,640.08 18.474197,-34.109196,640.08</coordinates>
          </LineString>
        </MultiGeometry>
        <name>P-359</name>
        <description><![CDATA[<div><div><span><b>Altitude:</b></span> <span>2,100 ft</span></div>
<div><span><b>Speed:</b></span> <span>114 kt - 116 kt</span></div>
<div><span><b>Timestamp:</b></span><br/><span>2025-11-07 06:48:58 UTC<br/>2025-11-07 06:49:00 UTC</span></div>
</div>]]></description>
      </Placemark>
      <Placemark>
        <Style>
          <LineStyle>
            <color>ff42ff00</color>
            <width>2</width>
          </LineStyle>
        </Style>
        <MultiGeometry>
          <LineString>
            <tessellate>1</tessellate>
            <altitudeMode>absolute</altitudeMode>
            <coordinates>18.474197,-34.109196,640.08 18.474407,-34.107788,640.08</coordinates>
          </LineString>
        </MultiGeometry>
        <name>P-360</name>
        <description><![CDATA[<div><div><span><b>Altitude:</b></span> <span>2,100 ft</span></div>
<div><span><b>Speed:</b></span> <span>116 kt - 117 kt</span></div>
<div><span><b>Timestamp:</b></span><br/><span>2025-11-07 06:49:00 UTC<br/>2025-11-07 06:49:02 UTC</span></div>
</div>]]></description>
      </Placemark>
      <Placemark>
        <Style>
          <LineStyle>
            <color>ff42ff00</color>
            <width>2</width>
          </LineStyle>
        </Style>
        <MultiGeometry>
          <LineString>
            <tessellate>1</tessellate>
            <altitudeMode>absolute</altitudeMode>
            <coordinates>18.474407,-34.107788,640.08 18.474598,-34.106636,640.08</coordinates>
          </LineString>
        </MultiGeometry>
        <name>P-361</name>
        <description><![CDATA[<div><div><span><b>Altitude:</b></span> <span>2,100 ft</span></div>
<div><span><b>Speed:</b></span> <span>117 kt - 118 kt</span></div>
<div><span><b>Timestamp:</b></span><br/><span>2025-11-07 06:49:02 UTC<br/>2025-11-07 06:49:04 UTC</span></div>
</div>]]></description>
      </Placemark>
      <Placemark>
        <Style>
          <LineStyle>
            <color>ff42ff00</color>
            <width>2</width>
          </LineStyle>
        </Style>
        <MultiGeometry>
          <LineString>
            <tessellate>1</tessellate>
            <altitudeMode>absolute</altitudeMode>
            <coordinates>18.474598,-34.106636,640.08 18.474688,-34.105499,640.08</coordinates>
          </LineString>
        </MultiGeometry>
        <name>P-362</name>
        <description><![CDATA[<div><div><span><b>Altitude:</b></span> <span>2,100 ft</span></div>
<div><span><b>Speed:</b></span> <span>118 kt - 119 kt</span></div>
<div><span><b>Timestamp:</b></span><br/><span>2025-11-07 06:49:04 UTC<br/>2025-11-07 06:49:07 UTC</span></div>
</div>]]></description>
      </Placemark>
      <Placemark>
        <Style>
          <LineStyle>
            <color>ff42ff00</color>
            <width>2</width>
          </LineStyle>
        </Style>
        <MultiGeometry>
          <LineString>
            <tessellate>1</tessellate>
            <altitudeMode>absolute</altitudeMode>
            <coordinates>18.474688,-34.105499,640.08 18.4748,-34.104263,640.08</coordinates>
          </LineString>
        </MultiGeometry>
        <name>P-363</name>
        <description><![CDATA[<div><div><span><b>Altitude:</b></span> <span>2,100 ft</span></div>
<div><span><b>Speed:</b></span> <span>119 kt - 120 kt</span></div>
<div><span><b>Timestamp:</b></span><br/><span>2025-11-07 06:49:07 UTC<br/>2025-11-07 06:49:09 UTC</span></div>
</div>]]></description>
      </Placemark>
      <Placemark>
        <Style>
          <LineStyle>
            <color>ff42ff00</color>
            <width>2</width>
          </LineStyle>
        </Style>
        <MultiGeometry>
          <LineString>
            <tessellate>1</tessellate>
            <altitudeMode>absolute</altitudeMode>
            <coordinates>18.4748,-34.104263,640.08 18.474913,-34.103165,640.08</coordinates>
          </LineString>
        </MultiGeometry>
        <name>P-364</name>
        <description><![CDATA[<div><div><span><b>Altitude:</b></span> <span>2,100 ft</span></div>
<div><span><b>Speed:</b></span> <span>120 kt - 121 kt</span></div>
<div><span><b>Timestamp:</b></span><br/><span>2025-11-07 06:49:09 UTC<br/>2025-11-07 06:49:11 UTC</span></div>
</div>]]></description>
      </Placemark>
      <Placemark>
        <Style>
          <LineStyle>
            <color>ff42ff00</color>
            <width>2</width>
          </LineStyle>
        </Style>
        <MultiGeometry>
          <LineString>
            <tessellate>1</tessellate>
            <altitudeMode>absolute</altitudeMode>
            <coordinates>18.474913,-34.103165,640.08 18.474968,-34.101929,640.08</coordinates>
          </LineString>
        </MultiGeometry>
        <name>P-365</name>
        <description><![CDATA[<div><div><span><b>Altitude:</b></span> <span>2,100 ft</span></div>
<div><span><b>Speed:</b></span> <span>121 kt - 122 kt</span></div>
<div><span><b>Timestamp:</b></span><br/><span>2025-11-07 06:49:11 UTC<br/>2025-11-07 06:49:13 UTC</span></div>
</div>]]></description>
      </Placemark>
      <Placemark>
        <Style>
          <LineStyle>
            <color>ff42ff00</color>
            <width>2</width>
          </LineStyle>
        </Style>
        <MultiGeometry>
          <LineString>
            <tessellate>1</tessellate>
            <altitudeMode>absolute</altitudeMode>
            <coordinates>18.474968,-34.101929,640.08 18.475023,-34.10051,640.08</coordinates>
          </LineString>
        </MultiGeometry>
        <name>P-366</name>
        <description><![CDATA[<div><div><span><b>Altitude:</b></span> <span>2,100 ft</span></div>
<div><span><b>Speed:</b></span> <span>122 kt</span></div>
<div><span><b>Timestamp:</b></span><br/><span>2025-11-07 06:49:13 UTC<br/>2025-11-07 06:49:15 UTC</span></div>
</div>]]></description>
      </Placemark>
      <Placemark>
        <Style>
          <LineStyle>
            <color>ff42ff00</color>
            <width>2</width>
          </LineStyle>
        </Style>
        <MultiGeometry>
          <LineString>
            <tessellate>1</tessellate>
            <altitudeMode>absolute</altitudeMode>
            <coordinates>18.475023,-34.10051,640.08 18.475056,-34.099236,640.08</coordinates>
          </LineString>
        </MultiGeometry>
        <name>P-367</name>
        <description><![CDATA[<div><div><span><b>Altitude:</b></span> <span>2,100 ft</span></div>
<div><span><b>Speed:</b></span> <span>122 kt - 124 kt</span></div>
<div><span><b>Timestamp:</b></span><br/><span>2025-11-07 06:49:15 UTC<br/>2025-11-07 06:49:18 UTC</span></div>
</div>]]></description>
      </Placemark>
      <Placemark>
        <Style>
          <LineStyle>
            <color>ff42ff00</color>
            <width>2</width>
          </LineStyle>
        </Style>
        <MultiGeometry>
          <LineString>
            <tessellate>1</tessellate>
            <altitudeMode>absolute</altitudeMode>
            <coordinates>18.475056,-34.099236,640.08 18.475113,-34.097744,640.08</coordinates>
          </LineString>
        </MultiGeometry>
        <name>P-368</name>
        <description><![CDATA[<div><div><span><b>Altitude:</b></span> <span>2,100 ft</span></div>
<div><span><b>Speed:</b></span> <span>124 kt - 123 kt</span></div>
<div><span><b>Timestamp:</b></span><br/><span>2025-11-07 06:49:18 UTC<br/>2025-11-07 06:49:20 UTC</span></div>
</div>]]></description>
      </Placemark>
      <Placemark>
        <Style>
          <LineStyle>
            <color>ff42ff00</color>
            <width>2</width>
          </LineStyle>
        </Style>
        <MultiGeometry>
          <LineString>
            <tessellate>1</tessellate>
            <altitudeMode>absolute</altitudeMode>
            <coordinates>18.475113,-34.097744,640.08 18.47508,-34.096664,640.08</coordinates>
          </LineString>
        </MultiGeometry>
        <name>P-369</name>
        <description><![CDATA[<div><div><span><b>Altitude:</b></span> <span>2,100 ft</span></div>
<div><span><b>Speed:</b></span> <span>123 kt - 124 kt</span></div>
<div><span><b>Timestamp:</b></span><br/><span>2025-11-07 06:49:20 UTC<br/>2025-11-07 06:49:22 UTC</span></div>
</div>]]></description>
      </Placemark>
      <Placemark>
        <Style>
          <LineStyle>
            <color>ff42ff00</color>
            <width>2</width>
          </LineStyle>
        </Style>
        <MultiGeometry>
          <LineString>
            <tessellate>1</tessellate>
            <altitudeMode>absolute</altitudeMode>
            <coordinates>18.47508,-34.096664,640.08 18.47508,-34.09552,640.08</coordinates>
          </LineString>
        </MultiGeometry>
        <name>P-370</name>
        <description><![CDATA[<div><div><span><b>Altitude:</b></span> <span>2,100 ft</span></div>
<div><span><b>Speed:</b></span> <span>124 kt - 125 kt</span></div>
<div><span><b>Timestamp:</b></span><br/><span>2025-11-07 06:49:22 UTC<br/>2025-11-07 06:49:25 UTC</span></div>
</div>]]></description>
      </Placemark>
      <Placemark>
        <Style>
          <LineStyle>
            <color>ff42ff00</color>
            <width>2</width>
          </LineStyle>
        </Style>
        <MultiGeometry>
          <LineString>
            <tessellate>1</tessellate>
            <altitudeMode>absolute</altitudeMode>
            <coordinates>18.47508,-34.09552,640.08 18.47508,-34.094101,640.08</coordinates>
          </LineString>
        </MultiGeometry>
        <name>P-371</name>
        <description><![CDATA[<div><div><span><b>Altitude:</b></span> <span>2,100 ft</span></div>
<div><span><b>Speed:</b></span> <span>125 kt</span></div>
<div><span><b>Timestamp:</b></span><br/><span>2025-11-07 06:49:25 UTC<br/>2025-11-07 06:49:27 UTC</span></div>
</div>]]></description>
      </Placemark>
      <Placemark>
        <Style>
          <LineStyle>
            <color>ff42ff00</color>
            <width>2</width>
          </LineStyle>
        </Style>
        <MultiGeometry>
          <LineString>
            <tessellate>1</tessellate>
            <altitudeMode>absolute</altitudeMode>
            <coordinates>18.47508,-34.094101,640.08 18.475056,-34.092903,640.08</coordinates>
          </LineString>
        </MultiGeometry>
        <name>P-372</name>
        <description><![CDATA[<div><div><span><b>Altitude:</b></span> <span>2,100 ft</span></div>
<div><span><b>Speed:</b></span> <span>125 kt</span></div>
<div><span><b>Timestamp:</b></span><br/><span>2025-11-07 06:49:27 UTC<br/>2025-11-07 06:49:29 UTC</span></div>
</div>]]></description>
      </Placemark>
      <Placemark>
        <Style>
          <LineStyle>
            <color>ff42ff00</color>
            <width>2</width>
          </LineStyle>
        </Style>
        <MultiGeometry>
          <LineString>
            <tessellate>1</tessellate>
            <altitudeMode>absolute</altitudeMode>
            <coordinates>18.475056,-34.092903,640.08 18.475023,-34.091675,640.08</coordinates>
          </LineString>
        </MultiGeometry>
        <name>P-373</name>
        <description><![CDATA[<div><div><span><b>Altitude:</b></span> <span>2,100 ft</span></div>
<div><span><b>Speed:</b></span> <span>125 kt</span></div>
<div><span><b>Timestamp:</b></span><br/><span>2025-11-07 06:49:29 UTC<br/>2025-11-07 06:49:31 UTC</span></div>
</div>]]></description>
      </Placemark>
      <Placemark>
        <Style>
          <LineStyle>
            <color>ff42ff00</color>
            <width>2</width>
          </LineStyle>
        </Style>
        <MultiGeometry>
          <LineString>
            <tessellate>1</tessellate>
            <altitudeMode>absolute</altitudeMode>
            <coordinates>18.475023,-34.091675,640.08 18.474998,-34.090343,640.08</coordinates>
          </LineString>
        </MultiGeometry>
        <name>P-374</name>
        <description><![CDATA[<div><div><span><b>Altitude:</b></span> <span>2,100 ft</span></div>
<div><span><b>Speed:</b></span> <span>125 kt</span></div>
<div><span><b>Timestamp:</b></span><br/><span>2025-11-07 06:49:31 UTC<br/>2025-11-07 06:49:33 UTC</span></div>
</div>]]></description>
      </Placemark>
      <Placemark>
        <Style>
          <LineStyle>
            <color>ff42ff00</color>
            <width>2</width>
          </LineStyle>
        </Style>
        <MultiGeometry>
          <LineString>
            <tessellate>1</tessellate>
            <altitudeMode>absolute</altitudeMode>
            <coordinates>18.474998,-34.090343,640.08 18.474913,-34.08902,609.6</coordinates>
          </LineString>
        </MultiGeometry>
        <name>P-375</name>
        <description><![CDATA[<div><div><span><b>Altitude:</b></span> <span>2,100 ft - 2,000 ft</span></div>
<div><span><b>Speed:</b></span> <span>125 kt</span></div>
<div><span><b>Timestamp:</b></span><br/><span>2025-11-07 06:49:33 UTC<br/>2025-11-07 06:49:36 UTC</span></div>
</div>]]></description>
      </Placemark>
      <Placemark>
        <Style>
          <LineStyle>
            <color>ff42ff00</color>
            <width>2</width>
          </LineStyle>
        </Style>
        <MultiGeometry>
          <LineString>
            <tessellate>1</tessellate>
            <altitudeMode>absolute</altitudeMode>
            <coordinates>18.474913,-34.08902,609.6 18.474855,-34.087601,609.6</coordinates>
          </LineString>
        </MultiGeometry>
        <name>P-376</name>
        <description><![CDATA[<div><div><span><b>Altitude:</b></span> <span>2,000 ft</span></div>
<div><span><b>Speed:</b></span> <span>125 kt - 126 kt</span></div>
<div><span><b>Timestamp:</b></span><br/><span>2025-11-07 06:49:36 UTC<br/>2025-11-07 06:49:38 UTC</span></div>
</div>]]></description>
      </Placemark>
      <Placemark>
        <Style>
          <LineStyle>
            <color>ff42ff00</color>
            <width>2</width>
          </LineStyle>
        </Style>
        <MultiGeometry>
          <LineString>
            <tessellate>1</tessellate>
            <altitudeMode>absolute</altitudeMode>
            <coordinates>18.474855,-34.087601,609.6 18.47477,-34.086433,609.6</coordinates>
          </LineString>
        </MultiGeometry>
        <name>P-377</name>
        <description><![CDATA[<div><div><span><b>Altitude:</b></span> <span>2,000 ft</span></div>
<div><span><b>Speed:</b></span> <span>126 kt</span></div>
<div><span><b>Timestamp:</b></span><br/><span>2025-11-07 06:49:38 UTC<br/>2025-11-07 06:49:40 UTC</span></div>
</div>]]></description>
      </Placemark>
      <Placemark>
        <Style>
          <LineStyle>
            <color>ff42ff00</color>
            <width>2</width>
          </LineStyle>
        </Style>
        <MultiGeometry>
          <LineString>
            <tessellate>1</tessellate>
            <altitudeMode>absolute</altitudeMode>
            <coordinates>18.47477,-34.086433,609.6 18.474655,-34.084991,609.6</coordinates>
          </LineString>
        </MultiGeometry>
        <name>P-378</name>
        <description><![CDATA[<div><div><span><b>Altitude:</b></span> <span>2,000 ft</span></div>
<div><span><b>Speed:</b></span> <span>126 kt</span></div>
<div><span><b>Timestamp:</b></span><br/><span>2025-11-07 06:49:40 UTC<br/>2025-11-07 06:49:42 UTC</span></div>
</div>]]></description>
      </Placemark>
      <Placemark>
        <Style>
          <LineStyle>
            <color>ff42ff00</color>
            <width>2</width>
          </LineStyle>
        </Style>
        <MultiGeometry>
          <LineString>
            <tessellate>1</tessellate>
            <altitudeMode>absolute</altitudeMode>
            <coordinates>18.474655,-34.084991,609.6 18.474575,-34.083755,609.6</coordinates>
          </LineString>
        </MultiGeometry>
        <name>P-379</name>
        <description><![CDATA[<div><div><span><b>Altitude:</b></span> <span>2,000 ft</span></div>
<div><span><b>Speed:</b></span> <span>126 kt - 125 kt</span></div>
<div><span><b>Timestamp:</b></span><br/><span>2025-11-07 06:49:42 UTC<br/>2025-11-07 06:49:44 UTC</span></div>
</div>]]></description>
      </Placemark>
      <Placemark>
        <Style>
          <LineStyle>
            <color>ff42ff00</color>
            <width>2</width>
          </LineStyle>
        </Style>
        <MultiGeometry>
          <LineString>
            <tessellate>1</tessellate>
            <altitudeMode>absolute</altitudeMode>
            <coordinates>18.474575,-34.083755,609.6 18.474483,-34.082661,609.6</coordinates>
          </LineString>
        </MultiGeometry>
        <name>P-380</name>
        <description><![CDATA[<div><div><span><b>Altitude:</b></span> <span>2,000 ft</span></div>
<div><span><b>Speed:</b></span> <span>125 kt</span></div>
<div><span><b>Timestamp:</b></span><br/><span>2025-11-07 06:49:44 UTC<br/>2025-11-07 06:49:46 UTC</span></div>
</div>]]></description>
      </Placemark>
      <Placemark>
        <Style>
          <LineStyle>
            <color>ff42ff00</color>
            <width>2</width>
          </LineStyle>
        </Style>
        <MultiGeometry>
          <LineString>
            <tessellate>1</tessellate>
            <altitudeMode>absolute</altitudeMode>
            <coordinates>18.474483,-34.082661,609.6 18.474407,-34.081467,609.6</coordinates>
          </LineString>
        </MultiGeometry>
        <name>P-381</name>
        <description><![CDATA[<div><div><span><b>Altitude:</b></span> <span>2,000 ft</span></div>
<div><span><b>Speed:</b></span> <span>125 kt - 124 kt</span></div>
<div><span><b>Timestamp:</b></span><br/><span>2025-11-07 06:49:46 UTC<br/>2025-11-07 06:49:48 UTC</span></div>
</div>]]></description>
      </Placemark>
      <Placemark>
        <Style>
          <LineStyle>
            <color>ff42ff00</color>
            <width>2</width>
          </LineStyle>
        </Style>
        <MultiGeometry>
          <LineString>
            <tessellate>1</tessellate>
            <altitudeMode>absolute</altitudeMode>
            <coordinates>18.474407,-34.081467,609.6 18.474295,-34.080276,609.6</coordinates>
          </LineString>
        </MultiGeometry>
        <name>P-382</name>
        <description><![CDATA[<div><div><span><b>Altitude:</b></span> <span>2,000 ft</span></div>
<div><span><b>Speed:</b></span> <span>124 kt</span></div>
<div><span><b>Timestamp:</b></span><br/><span>2025-11-07 06:49:48 UTC<br/>2025-11-07 06:49:51 UTC</span></div>
</div>]]></description>
      </Placemark>
      <Placemark>
        <Style>
          <LineStyle>
            <color>ff42ff00</color>
            <width>2</width>
          </LineStyle>
        </Style>
        <MultiGeometry>
          <LineString>
            <tessellate>1</tessellate>
            <altitudeMode>absolute</altitudeMode>
            <coordinates>18.474295,-34.080276,609.6 18.473969,-34.074982,640.08</coordinates>
          </LineString>
        </MultiGeometry>
        <name>P-383</name>
        <description><![CDATA[<div><div><span><b>Altitude:</b></span> <span>2,000 ft - 2,100 ft</span></div>
<div><span><b>Speed:</b></span> <span>124 kt - 119 kt</span></div>
<div><span><b>Timestamp:</b></span><br/><span>2025-11-07 06:49:51 UTC<br/>2025-11-07 06:50:00 UTC</span></div>
</div>]]></description>
      </Placemark>
      <Placemark>
        <Style>
          <LineStyle>
            <color>ff42ff00</color>
            <width>2</width>
          </LineStyle>
        </Style>
        <MultiGeometry>
          <LineString>
            <tessellate>1</tessellate>
            <altitudeMode>absolute</altitudeMode>
            <coordinates>18.473969,-34.074982,640.08 18.47374,-34.071491,640.08</coordinates>
          </LineString>
        </MultiGeometry>
        <name>P-384</name>
        <description><![CDATA[<div><div><span><b>Altitude:</b></span> <span>2,100 ft</span></div>
<div><span><b>Speed:</b></span> <span>119 kt - 117 kt</span></div>
<div><span><b>Timestamp:</b></span><br/><span>2025-11-07 06:50:00 UTC<br/>2025-11-07 06:50:06 UTC</span></div>
</div>]]></description>
      </Placemark>
      <Placemark>
        <Style>
          <LineStyle>
            <color>ff42ff00</color>
            <width>2</width>
          </LineStyle>
        </Style>
        <MultiGeometry>
          <LineString>
            <tessellate>1</tessellate>
            <altitudeMode>absolute</altitudeMode>
            <coordinates>18.47374,-34.071491,640.08 18.473455,-34.067734,640.08</coordinates>
          </LineString>
        </MultiGeometry>
        <name>P-385</name>
        <description><![CDATA[<div><div><span><b>Altitude:</b></span> <span>2,100 ft</span></div>
<div><span><b>Speed:</b></span> <span>117 kt - 116 kt</span></div>
<div><span><b>Timestamp:</b></span><br/><span>2025-11-07 06:50:06 UTC<br/>2025-11-07 06:50:13 UTC</span></div>
</div>]]></description>
      </Placemark>
      <Placemark>
        <Style>
          <LineStyle>
            <color>ff42ff00</color>
            <width>2</width>
          </LineStyle>
        </Style>
        <MultiGeometry>
          <LineString>
            <tessellate>1</tessellate>
            <altitudeMode>absolute</altitudeMode>
            <coordinates>18.473455,-34.067734,640.08 18.47323,-34.063431,640.08</coordinates>
          </LineString>
        </MultiGeometry>
        <name>P-386</name>
        <description><![CDATA[<div><div><span><b>Altitude:</b></span> <span>2,100 ft</span></div>
<div><span><b>Speed:</b></span> <span>116 kt</span></div>
<div><span><b>Timestamp:</b></span><br/><span>2025-11-07 06:50:13 UTC<br/>2025-11-07 06:50:22 UTC</span></div>
</div>]]></description>
      </Placemark>
      <Placemark>
        <Style>
          <LineStyle>
            <color>ff42ff00</color>
            <width>2</width>
          </LineStyle>
        </Style>
        <MultiGeometry>
          <LineString>
            <tessellate>1</tessellate>
            <altitudeMode>absolute</altitudeMode>
            <coordinates>18.47323,-34.063431,640.08 18.47311,-34.05999,670.56</coordinates>
          </LineString>
        </MultiGeometry>
        <name>P-387</name>
        <description><![CDATA[<div><div><span><b>Altitude:</b></span> <span>2,100 ft - 2,200 ft</span></div>
<div><span><b>Speed:</b></span> <span>116 kt</span></div>
<div><span><b>Timestamp:</b></span><br/><span>2025-11-07 06:50:22 UTC<br/>2025-11-07 06:50:28 UTC</span></div>
</div>]]></description>
      </Placemark>
      <Placemark>
        <Style>
          <LineStyle>
            <color>ff42ff00</color>
            <width>2</width>
          </LineStyle>
        </Style>
        <MultiGeometry>
          <LineString>
            <tessellate>1</tessellate>
            <altitudeMode>absolute</altitudeMode>
            <coordinates>18.47311,-34.05999,670.56 18.473175,-34.055054,670.56</coordinates>
          </LineString>
        </MultiGeometry>
        <name>P-388</name>
        <description><![CDATA[<div><div><span><b>Altitude:</b></span> <span>2,200 ft</span></div>
<div><span><b>Speed:</b></span> <span>116 kt - 118 kt</span></div>
<div><span><b>Timestamp:</b></span><br/><span>2025-11-07 06:50:28 UTC<br/>2025-11-07 06:50:37 UTC</span></div>
</div>]]></description>
      </Placemark>
      <Placemark>
        <Style>
          <LineStyle>
            <color>ff42ff00</color>
            <width>2</width>
          </LineStyle>
        </Style>
        <MultiGeometry>
          <LineString>
            <tessellate>1</tessellate>
            <altitudeMode>absolute</altitudeMode>
            <coordinates>18.473175,-34.055054,670.56 18.473225,-34.05175,670.56</coordinates>
          </LineString>
        </MultiGeometry>
        <name>P-389</name>
        <description><![CDATA[<div><div><span><b>Altitude:</b></span> <span>2,200 ft</span></div>
<div><span><b>Speed:</b></span> <span>118 kt - 120 kt</span></div>
<div><span><b>Timestamp:</b></span><br/><span>2025-11-07 06:50:37 UTC<br/>2025-11-07 06:50:43 UTC</span></div>
</div>]]></description>
      </Placemark>
      <Placemark>
        <Style>
          <LineStyle>
            <color>ff42ff00</color>
            <width>2</width>
          </LineStyle>
        </Style>
        <MultiGeometry>
          <LineString>
            <tessellate>1</tessellate>
            <altitudeMode>absolute</altitudeMode>
            <coordinates>18.473225,-34.05175,670.56 18.473343,-34.046722,640.08</coordinates>
          </LineString>
        </MultiGeometry>
        <name>P-390</name>
        <description><![CDATA[<div><div><span><b>Altitude:</b></span> <span>2,200 ft - 2,100 ft</span></div>
<div><span><b>Speed:</b></span> <span>120 kt - 126 kt</span></div>
<div><span><b>Timestamp:</b></span><br/><span>2025-11-07 06:50:43 UTC<br/>2025-11-07 06:50:52 UTC</span></div>
</div>]]></description>
      </Placemark>
      <Placemark>
        <Style>
          <LineStyle>
            <color>ff42ff00</color>
            <width>2</width>
          </LineStyle>
        </Style>
        <MultiGeometry>
          <LineString>
            <tessellate>1</tessellate>
            <altitudeMode>absolute</altitudeMode>
            <coordinates>18.473343,-34.046722,640.08 18.473396,-34.042675,640.08</coordinates>
          </LineString>
        </MultiGeometry>
        <name>P-391</name>
        <description><![CDATA[<div><div><span><b>Altitude:</b></span> <span>2,100 ft</span></div>
<div><span><b>Speed:</b></span> <span>126 kt</span></div>
<div><span><b>Timestamp:</b></span><br/><span>2025-11-07 06:50:52 UTC<br/>2025-11-07 06:50:58 UTC</span></div>
</div>]]></description>
      </Placemark>
      <Placemark>
        <Style>
          <LineStyle>
            <color>ff42ff00</color>
            <width>2</width>
          </LineStyle>
        </Style>
        <MultiGeometry>
          <LineString>
            <tessellate>1</tessellate>
            <altitudeMode>absolute</altitudeMode>
            <coordinates>18.473396,-34.042675,640.08 18.473566,-34.037704,640.08</coordinates>
          </LineString>
        </MultiGeometry>
        <name>P-392</name>
        <description><![CDATA[<div><div><span><b>Altitude:</b></span> <span>2,100 ft</span></div>
<div><span><b>Speed:</b></span> <span>126 kt</span></div>
<div><span><b>Timestamp:</b></span><br/><span>2025-11-07 06:50:58 UTC<br/>2025-11-07 06:51:07 UTC</span></div>
</div>]]></description>
      </Placemark>
      <Placemark>
        <Style>
          <LineStyle>
            <color>ff42ff00</color>
            <width>2</width>
          </LineStyle>
        </Style>
        <MultiGeometry>
          <LineString>
            <tessellate>1</tessellate>
            <altitudeMode>absolute</altitudeMode>
            <coordinates>18.473566,-34.037704,640.08 18.473791,-34.032898,640.08</coordinates>
          </LineString>
        </MultiGeometry>
        <name>P-393</name>
        <description><![CDATA[<div><div><span><b>Altitude:</b></span> <span>2,100 ft</span></div>
<div><span><b>Speed:</b></span> <span>126 kt</span></div>
<div><span><b>Timestamp:</b></span><br/><span>2025-11-07 06:51:07 UTC<br/>2025-11-07 06:51:15 UTC</span></div>
</div>]]></description>
      </Placemark>
      <Placemark>
        <Style>
          <LineStyle>
            <color>ff42ff00</color>
            <width>2</width>
          </LineStyle>
        </Style>
        <MultiGeometry>
          <LineString>
            <tessellate>1</tessellate>
            <altitudeMode>absolute</altitudeMode>
            <coordinates>18.473791,-34.032898,640.08 18.473904,-34.028915,640.08</coordinates>
          </LineString>
        </MultiGeometry>
        <name>P-394</name>
        <description><![CDATA[<div><div><span><b>Altitude:</b></span> <span>2,100 ft</span></div>
<div><span><b>Speed:</b></span> <span>126 kt - 128 kt</span></div>
<div><span><b>Timestamp:</b></span><br/><span>2025-11-07 06:51:15 UTC<br/>2025-11-07 06:51:22 UTC</span></div>
</div>]]></description>
      </Placemark>
      <Placemark>
        <Style>
          <LineStyle>
            <color>ff42ff00</color>
            <width>2</width>
          </LineStyle>
        </Style>
        <MultiGeometry>
          <LineString>
            <tessellate>1</tessellate>
            <altitudeMode>absolute</altitudeMode>
            <coordinates>18.473904,-34.028915,640.08 18.474072,-34.023788,640.08</coordinates>
          </LineString>
        </MultiGeometry>
        <name>P-395</name>
        <description><![CDATA[<div><div><span><b>Altitude:</b></span> <span>2,100 ft</span></div>
<div><span><b>Speed:</b></span> <span>128 kt - 126 kt</span></div>
<div><span><b>Timestamp:</b></span><br/><span>2025-11-07 06:51:22 UTC<br/>2025-11-07 06:51:30 UTC</span></div>
</div>]]></description>
      </Placemark>
      <Placemark>
        <Style>
          <LineStyle>
            <color>ff42ff00</color>
            <width>2</width>
          </LineStyle>
        </Style>
        <MultiGeometry>
          <LineString>
            <tessellate>1</tessellate>
            <altitudeMode>absolute</altitudeMode>
            <coordinates>18.474072,-34.023788,640.08 18.474184,-34.020035,609.6</coordinates>
          </LineString>
        </MultiGeometry>
        <name>P-396</name>
        <description><![CDATA[<div><div><span><b>Altitude:</b></span> <span>2,100 ft - 2,000 ft</span></div>
<div><span><b>Speed:</b></span> <span>126 kt - 127 kt</span></div>
<div><span><b>Timestamp:</b></span><br/><span>2025-11-07 06:51:30 UTC<br/>2025-11-07 06:51:37 UTC</span></div>
</div>]]></description>
      </Placemark>
      <Placemark>
        <Style>
          <LineStyle>
            <color>ff42ff00</color>
            <width>2</width>
          </LineStyle>
        </Style>
        <MultiGeometry>
          <LineString>
            <tessellate>1</tessellate>
            <altitudeMode>absolute</altitudeMode>
            <coordinates>18.474184,-34.020035,609.6 18.474407,-34.015137,609.6</coordinates>
          </LineString>
        </MultiGeometry>
        <name>P-397</name>
        <description><![CDATA[<div><div><span><b>Altitude:</b></span> <span>2,000 ft</span></div>
<div><span><b>Speed:</b></span> <span>127 kt</span></div>
<div><span><b>Timestamp:</b></span><br/><span>2025-11-07 06:51:37 UTC<br/>2025-11-07 06:51:46 UTC</span></div>
</div>]]></description>
      </Placemark>
      <Placemark>
        <Style>
          <LineStyle>
            <color>ff42ff00</color>
            <width>2</width>
          </LineStyle>
        </Style>
        <MultiGeometry>
          <LineString>
            <tessellate>1</tessellate>
            <altitudeMode>absolute</altitudeMode>
            <coordinates>18.474407,-34.015137,609.6 18.474655,-34.011204,609.6</coordinates>
          </LineString>
        </MultiGeometry>
        <name>P-398</name>
        <description><![CDATA[<div><div><span><b>Altitude:</b></span> <span>2,000 ft</span></div>
<div><span><b>Speed:</b></span> <span>127 kt - 128 kt</span></div>
<div><span><b>Timestamp:</b></span><br/><span>2025-11-07 06:51:46 UTC<br/>2025-11-07 06:51:52 UTC</span></div>
</div>]]></description>
      </Placemark>
      <Placemark>
        <Style>
          <LineStyle>
            <color>ff42ff00</color>
            <width>2</width>
          </LineStyle>
        </Style>
        <MultiGeometry>
          <LineString>
            <tessellate>1</tessellate>
            <altitudeMode>absolute</altitudeMode>
            <coordinates>18.474655,-34.011204,609.6 18.475056,-34.006176,579.12</coordinates>
          </LineString>
        </MultiGeometry>
        <name>P-399</name>
        <description><![CDATA[<div><div><span><b>Altitude:</b></span> <span>2,000 ft - 1,900 ft</span></div>
<div><span><b>Speed:</b></span> <span>128 kt - 129 kt</span></div>
<div><span><b>Timestamp:</b></span><br/><span>2025-11-07 06:51:52 UTC<br/>2025-11-07 06:52:01 UTC</span></div>
</div>]]></description>
      </Placemark>
      <Placemark>
        <Style>
          <LineStyle>
            <color>ffccff00</color>
            <width>2</width>
          </LineStyle>
        </Style>
        <MultiGeometry>
          <LineString>
            <tessellate>1</tessellate>
            <altitudeMode>absolute</altitudeMode>
            <coordinates>18.475056,-34.006176,579.12 18.475584,-34.000443,548.64</coordinates>
          </LineString>
        </MultiGeometry>
        <name>P-400</name>
        <description><![CDATA[<div><div><span><b>Altitude:</b></span> <span>1,900 ft - 1,800 ft</span></div>
<div><span><b>Speed:</b></span> <span>129 kt - 131 kt</span></div>
<div><span><b>Timestamp:</b></span><br/><span>2025-11-07 06:52:01 UTC<br/>2025-11-07 06:52:10 UTC</span></div>
</div>]]></description>
      </Placemark>
      <Placemark>
        <Style>
          <LineStyle>
            <color>ffccff00</color>
            <width>2</width>
          </LineStyle>
        </Style>
        <MultiGeometry>
          <LineString>
            <tessellate>1</tessellate>
            <altitudeMode>absolute</altitudeMode>
            <coordinates>18.475584,-34.000443,548.64 18.475914,-33.99654,548.64</coordinates>
          </LineString>
        </MultiGeometry>
        <name>P-401</name>
        <description><![CDATA[<div><div><span><b>Altitude:</b></span> <span>1,800 ft</span></div>
<div><span><b>Speed:</b></span> <span>131 kt - 134 kt</span></div>
<div><span><b>Timestamp:</b></span><br/><span>2025-11-07 06:52:10 UTC<br/>2025-11-07 06:52:16 UTC</span></div>
</div>]]></description>
      </Placemark>
      <Placemark>
        <Style>
          <LineStyle>
            <color>ffccff00</color>
            <width>2</width>
          </LineStyle>
        </Style>
        <MultiGeometry>
          <LineString>
            <tessellate>1</tessellate>
            <altitudeMode>absolute</altitudeMode>
            <coordinates>18.475914,-33.99654,548.64 18.476482,-33.99115,518.16</coordinates>
          </LineString>
        </MultiGeometry>
        <name>P-402</name>
        <description><![CDATA[<div><div><span><b>Altitude:</b></span> <span>1,800 ft - 1,700 ft</span></div>
<div><span><b>Speed:</b></span> <span>134 kt - 133 kt</span></div>
<div><span><b>Timestamp:</b></span><br/><span>2025-11-07 06:52:16 UTC<br/>2025-11-07 06:52:25 UTC</span></div>
</div>]]></description>
      </Placemark>
      <Placemark>
        <Style>
          <LineStyle>
            <color>ffccff00</color>
            <width>2</width>
          </LineStyle>
        </Style>
        <MultiGeometry>
          <LineString>
            <tessellate>1</tessellate>
            <altitudeMode>absolute</altitudeMode>
            <coordinates>18.476482,-33.99115,518.16 18.47723,-33.9856,487.68</coordinates>
          </LineString>
        </MultiGeometry>
        <name>P-403</name>
        <description><![CDATA[<div><div><span><b>Altitude:</b></span> <span>1,700 ft - 1,600 ft</span></div>
<div><span><b>Speed:</b></span> <span>133 kt - 132 kt</span></div>
<div><span><b>Timestamp:</b></span><br/><span>2025-11-07 06:52:25 UTC<br/>2025-11-07 06:52:34 UTC</span></div>
</div>]]></description>
      </Placemark>
      <Placemark>
        <Style>
          <LineStyle>
            <color>ffccff00</color>
            <width>2</width>
          </LineStyle>
        </Style>
        <MultiGeometry>
          <LineString>
            <tessellate>1</tessellate>
            <altitudeMode>absolute</altitudeMode>
            <coordinates>18.47723,-33.9856,487.68 18.477459,-33.98439,487.68</coordinates>
          </LineString>
        </MultiGeometry>
        <name>P-404</name>
        <description><![CDATA[<div><div><span><b>Altitude:</b></span> <span>1,600 ft</span></div>
<div><span><b>Speed:</b></span> <span>132 kt - 131 kt</span></div>
<div><span><b>Timestamp:</b></span><br/><span>2025-11-07 06:52:34 UTC<br/>2025-11-07 06:52:36 UTC</span></div>
</div>]]></description>
      </Placemark>
      <Placemark>
        <Style>
          <LineStyle>
            <color>ffccff00</color>
            <width>2</width>
          </LineStyle>
        </Style>
        <MultiGeometry>
          <LineString>
            <tessellate>1</tessellate>
            <altitudeMode>absolute</altitudeMode>
            <coordinates>18.477459,-33.98439,487.68 18.478031,-33.980572,457.2</coordinates>
          </LineString>
        </MultiGeometry>
        <name>P-405</name>
        <description><![CDATA[<div><div><span><b>Altitude:</b></span> <span>1,600 ft - 1,500 ft</span></div>
<div><span><b>Speed:</b></span> <span>131 kt - 126 kt</span></div>
<div><span><b>Timestamp:</b></span><br/><span>2025-11-07 06:52:36 UTC<br/>2025-11-07 06:52:42 UTC</span></div>
</div>]]></description>
      </Placemark>
      <Placemark>
        <Style>
          <LineStyle>
            <color>ffccff00</color>
            <width>2</width>
          </LineStyle>
        </Style>
        <MultiGeometry>
          <LineString>
            <tessellate>1</tessellate>
            <altitudeMode>absolute</altitudeMode>
            <coordinates>18.478031,-33.980572,457.2 18.478546,-33.977222,457.2</coordinates>
          </LineString>
        </MultiGeometry>
        <name>P-406</name>
        <description><![CDATA[<div><div><span><b>Altitude:</b></span> <span>1,500 ft</span></div>
<div><span><b>Speed:</b></span> <span>126 kt - 123 kt</span></div>
<div><span><b>Timestamp:</b></span><br/><span>2025-11-07 06:52:42 UTC<br/>2025-11-07 06:52:49 UTC</span></div>
</div>]]></description>
      </Placemark>
      <Placemark>
        <Style>
          <LineStyle>
            <color>ffccff00</color>
            <width>2</width>
          </LineStyle>
        </Style>
        <MultiGeometry>
          <LineString>
            <tessellate>1</tessellate>
            <altitudeMode>absolute</altitudeMode>
            <coordinates>18.478546,-33.977222,457.2 18.479507,-33.972061,457.2</coordinates>
          </LineString>
        </MultiGeometry>
        <name>P-407</name>
        <description><![CDATA[<div><div><span><b>Altitude:</b></span> <span>1,500 ft</span></div>
<div><span><b>Speed:</b></span> <span>123 kt</span></div>
<div><span><b>Timestamp:</b></span><br/><span>2025-11-07 06:52:49 UTC<br/>2025-11-07 06:52:57 UTC</span></div>
</div>]]></description>
      </Placemark>
      <Placemark>
        <Style>
          <LineStyle>
            <color>ffccff00</color>
            <width>2</width>
          </LineStyle>
        </Style>
        <MultiGeometry>
          <LineString>
            <tessellate>1</tessellate>
            <altitudeMode>absolute</altitudeMode>
            <coordinates>18.479507,-33.972061,457.2 18.480238,-33.968262,457.2</coordinates>
          </LineString>
        </MultiGeometry>
        <name>P-408</name>
        <description><![CDATA[<div><div><span><b>Altitude:</b></span> <span>1,500 ft</span></div>
<div><span><b>Speed:</b></span> <span>123 kt - 127 kt</span></div>
<div><span><b>Timestamp:</b></span><br/><span>2025-11-07 06:52:57 UTC<br/>2025-11-07 06:53:04 UTC</span></div>
</div>]]></description>
      </Placemark>
      <Placemark>
        <Style>
          <LineStyle>
            <color>ffccff00</color>
            <width>2</width>
          </LineStyle>
        </Style>
        <MultiGeometry>
          <LineString>
            <tessellate>1</tessellate>
            <altitudeMode>absolute</altitudeMode>
            <coordinates>18.480238,-33.968262,457.2 18.481007,-33.96442,457.2</coordinates>
          </LineString>
        </MultiGeometry>
        <name>P-409</name>
        <description><![CDATA[<div><div><span><b>Altitude:</b></span> <span>1,500 ft</span></div>
<div><span><b>Speed:</b></span> <span>127 kt - 130 kt</span></div>
<div><span><b>Timestamp:</b></span><br/><span>2025-11-07 06:53:04 UTC<br/>2025-11-07 06:53:11 UTC</span></div>
</div>]]></description>
      </Placemark>
      <Placemark>
        <Style>
          <LineStyle>
            <color>ffccff00</color>
            <width>2</width>
          </LineStyle>
        </Style>
        <MultiGeometry>
          <LineString>
            <tessellate>1</tessellate>
            <altitudeMode>absolute</altitudeMode>
            <coordinates>18.481007,-33.96442,457.2 18.481922,-33.959114,457.2</coordinates>
          </LineString>
        </MultiGeometry>
        <name>P-410</name>
        <description><![CDATA[<div><div><span><b>Altitude:</b></span> <span>1,500 ft</span></div>
<div><span><b>Speed:</b></span> <span>130 kt - 135 kt</span></div>
<div><span><b>Timestamp:</b></span><br/><span>2025-11-07 06:53:11 UTC<br/>2025-11-07 06:53:19 UTC</span></div>
</div>]]></description>
      </Placemark>
      <Placemark>
        <Style>
          <LineStyle>
            <color>ffccff00</color>
            <width>2</width>
          </LineStyle>
        </Style>
        <MultiGeometry>
          <LineString>
            <tessellate>1</tessellate>
            <altitudeMode>absolute</altitudeMode>
            <coordinates>18.481922,-33.959114,457.2 18.482037,-33.957764,426.72</coordinates>
          </LineString>
        </MultiGeometry>
        <name>P-411</name>
        <description><![CDATA[<div><div><span><b>Altitude:</b></span> <span>1,500 ft - 1,400 ft</span></div>
<div><span><b>Speed:</b></span> <span>135 kt - 137 kt</span></div>
<div><span><b>Timestamp:</b></span><br/><span>2025-11-07 06:53:19 UTC<br/>2025-11-07 06:53:22 UTC</span></div>
</div>]]></description>
      </Placemark>
      <Placemark>
        <Style>
          <LineStyle>
            <color>ffccff00</color>
            <width>2</width>
          </LineStyle>
        </Style>
        <MultiGeometry>
          <LineString>
            <tessellate>1</tessellate>
            <altitudeMode>absolute</altitudeMode>
            <coordinates>18.482037,-33.957764,426.72 18.482094,-33.956459,457.2</coordinates>
          </LineString>
        </MultiGeometry>
        <name>P-412</name>
        <description><![CDATA[<div><div><span><b>Altitude:</b></span> <span>1,400 ft - 1,500 ft</span></div>
<div><span><b>Speed:</b></span> <span>137 kt - 138 kt</span></div>
<div><span><b>Timestamp:</b></span><br/><span>2025-11-07 06:53:22 UTC<br/>2025-11-07 06:53:24 UTC</span></div>
</div>]]></description>
      </Placemark>
      <Placemark>
        <Style>
          <LineStyle>
            <color>ffccff00</color>
            <width>2</width>
          </LineStyle>
        </Style>
        <MultiGeometry>
          <LineString>
            <tessellate>1</tessellate>
            <altitudeMode>absolute</altitudeMode>
            <coordinates>18.482094,-33.956459,457.2 18.482086,-33.955078,426.72</coordinates>
          </LineString>
        </MultiGeometry>
        <name>P-413</name>
        <description><![CDATA[<div><div><span><b>Altitude:</b></span> <span>1,500 ft - 1,400 ft</span></div>
<div><span><b>Speed:</b></span> <span>138 kt - 139 kt</span></div>
<div><span><b>Timestamp:</b></span><br/><span>2025-11-07 06:53:24 UTC<br/>2025-11-07 06:53:26 UTC</span></div>
</div>]]></description>
      </Placemark>
      <Placemark>
        <Style>
          <LineStyle>
            <color>ffccff00</color>
            <width>2</width>
          </LineStyle>
        </Style>
        <MultiGeometry>
          <LineString>
            <tessellate>1</tessellate>
            <altitudeMode>absolute</altitudeMode>
            <coordinates>18.482086,-33.955078,426.72 18.482037,-33.953388,426.72</coordinates>
          </LineString>
        </MultiGeometry>
        <name>P-414</name>
        <description><![CDATA[<div><div><span><b>Altitude:</b></span> <span>1,400 ft</span></div>
<div><span><b>Speed:</b></span> <span>139 kt - 140 kt</span></div>
<div><span><b>Timestamp:</b></span><br/><span>2025-11-07 06:53:26 UTC<br/>2025-11-07 06:53:28 UTC</span></div>
</div>]]></description>
      </Placemark>
      <Placemark>
        <Style>
          <LineStyle>
            <color>ffccff00</color>
            <width>2</width>
          </LineStyle>
        </Style>
        <MultiGeometry>
          <LineString>
            <tessellate>1</tessellate>
            <altitudeMode>absolute</altitudeMode>
            <coordinates>18.482037,-33.953388,426.72 18.481918,-33.952332,426.72</coordinates>
          </LineString>
        </MultiGeometry>
        <name>P-415</name>
        <description><![CDATA[<div><div><span><b>Altitude:</b></span> <span>1,400 ft</span></div>
<div><span><b>Speed:</b></span> <span>140 kt - 139 kt</span></div>
<div><span><b>Timestamp:</b></span><br/><span>2025-11-07 06:53:28 UTC<br/>2025-11-07 06:53:30 UTC</span></div>
</div>]]></description>
      </Placemark>
      <Placemark>
        <Style>
          <LineStyle>
            <color>ffccff00</color>
            <width>2</width>
          </LineStyle>
        </Style>
        <MultiGeometry>
          <LineString>
            <tessellate>1</tessellate>
            <altitudeMode>absolute</altitudeMode>
            <coordinates>18.481918,-33.952332,426.72 18.481693,-33.950779,426.72</coordinates>
          </LineString>
        </MultiGeometry>
        <name>P-416</name>
        <description><![CDATA[<div><div><span><b>Altitude:</b></span> <span>1,400 ft</span></div>
<div><span><b>Speed:</b></span> <span>139 kt</span></div>
<div><span><b>Timestamp:</b></span><br/><span>2025-11-07 06:53:30 UTC<br/>2025-11-07 06:53:32 UTC</span></div>
</div>]]></description>
      </Placemark>
      <Placemark>
        <Style>
          <LineStyle>
            <color>ffccff00</color>
            <width>2</width>
          </LineStyle>
        </Style>
        <MultiGeometry>
          <LineString>
            <tessellate>1</tessellate>
            <altitudeMode>absolute</altitudeMode>
            <coordinates>18.481693,-33.950779,426.72 18.481415,-33.949219,426.72</coordinates>
          </LineString>
        </MultiGeometry>
        <name>P-417</name>
        <description><![CDATA[<div><div><span><b>Altitude:</b></span> <span>1,400 ft</span></div>
<div><span><b>Speed:</b></span> <span>139 kt - 140 kt</span></div>
<div><span><b>Timestamp:</b></span><br/><span>2025-11-07 06:53:32 UTC<br/>2025-11-07 06:53:35 UTC</span></div>
</div>]]></description>
      </Placemark>
      <Placemark>
        <Style>
          <LineStyle>
            <color>ffccff00</color>
            <width>2</width>
          </LineStyle>
        </Style>
        <MultiGeometry>
          <LineString>
            <tessellate>1</tessellate>
            <altitudeMode>absolute</altitudeMode>
            <coordinates>18.481415,-33.949219,426.72 18.481134,-33.948074,396.24</coordinates>
          </LineString>
        </MultiGeometry>
        <name>P-418</name>
        <description><![CDATA[<div><div><span><b>Altitude:</b></span> <span>1,400 ft - 1,300 ft</span></div>
<div><span><b>Speed:</b></span> <span>140 kt</span></div>
<div><span><b>Timestamp:</b></span><br/><span>2025-11-07 06:53:35 UTC<br/>2025-11-07 06:53:37 UTC</span></div>
</div>]]></description>
      </Placemark>
      <Placemark>
        <Style>
          <LineStyle>
            <color>fff0ff00</color>
            <width>2</width>
          </LineStyle>
        </Style>
        <MultiGeometry>
          <LineString>
            <tessellate>1</tessellate>
            <altitudeMode>absolute</altitudeMode>
            <coordinates>18.481134,-33.948074,396.24 18.480721,-33.946545,396.24</coordinates>
          </LineString>
        </MultiGeometry>
        <name>P-419</name>
        <description><![CDATA[<div><div><span><b>Altitude:</b></span> <span>1,300 ft</span></div>
<div><span><b>Speed:</b></span> <span>140 kt</span></div>
<div><span><b>Timestamp:</b></span><br/><span>2025-11-07 06:53:37 UTC<br/>2025-11-07 06:53:39 UTC</span></div>
</div>]]></description>
      </Placemark>
      <Placemark>
        <Style>
          <LineStyle>
            <color>fff0ff00</color>
            <width>2</width>
          </LineStyle>
        </Style>
        <MultiGeometry>
          <LineString>
            <tessellate>1</tessellate>
            <altitudeMode>absolute</altitudeMode>
            <coordinates>18.480721,-33.946545,396.24 18.480263,-33.94524,396.24</coordinates>
          </LineString>
        </MultiGeometry>
        <name>P-420</name>
        <description><![CDATA[<div><div><span><b>Altitude:</b></span> <span>1,300 ft</span></div>
<div><span><b>Speed:</b></span> <span>140 kt - 141 kt</span></div>
<div><span><b>Timestamp:</b></span><br/><span>2025-11-07 06:53:39 UTC<br/>2025-11-07 06:53:41 UTC</span></div>
</div>]]></description>
      </Placemark>
      <Placemark>
        <Style>
          <LineStyle>
            <color>fff0ff00</color>
            <width>2</width>
          </LineStyle>
        </Style>
        <MultiGeometry>
          <LineString>
            <tessellate>1</tessellate>
            <altitudeMode>absolute</altitudeMode>
            <coordinates>18.480263,-33.94524,396.24 18.479805,-33.943844,396.24</coordinates>
          </LineString>
        </MultiGeometry>
        <name>P-421</name>
        <description><![CDATA[<div><div><span><b>Altitude:</b></span> <span>1,300 ft</span></div>
<div><span><b>Speed:</b></span> <span>141 kt - 140 kt</span></div>
<div><span><b>Timestamp:</b></span><br/><span>2025-11-07 06:53:41 UTC<br/>2025-11-07 06:53:43 UTC</span></div>
</div>]]></description>
      </Placemark>
      <Placemark>
        <Style>
          <LineStyle>
            <color>fff0ff00</color>
            <width>2</width>
          </LineStyle>
        </Style>
        <MultiGeometry>
          <LineString>
            <tessellate>1</tessellate>
            <altitudeMode>absolute</altitudeMode>
            <coordinates>18.479805,-33.943844,396.24 18.479116,-33.942215,396.24</coordinates>
          </LineString>
        </MultiGeometry>
        <name>P-422</name>
        <description><![CDATA[<div><div><span><b>Altitude:</b></span> <span>1,300 ft</span></div>
<div><span><b>Speed:</b></span> <span>140 kt</span></div>
<div><span><b>Timestamp:</b></span><br/><span>2025-11-07 06:53:43 UTC<br/>2025-11-07 06:53:46 UTC</span></div>
</div>]]></description>
      </Placemark>
      <Placemark>
        <Style>
          <LineStyle>
            <color>fff0ff00</color>
            <width>2</width>
          </LineStyle>
        </Style>
        <MultiGeometry>
          <LineString>
            <tessellate>1</tessellate>
            <altitudeMode>absolute</altitudeMode>
            <coordinates>18.479116,-33.942215,396.24 18.478603,-33.94091,365.76</coordinates>
          </LineString>
        </MultiGeometry>
        <name>P-423</name>
        <description><![CDATA[<div><div><span><b>Altitude:</b></span> <span>1,300 ft - 1,200 ft</span></div>
<div><span><b>Speed:</b></span> <span>140 kt</span></div>
<div><span><b>Timestamp:</b></span><br/><span>2025-11-07 06:53:46 UTC<br/>2025-11-07 06:53:48 UTC</span></div>
</div>]]></description>
      </Placemark>
      <Placemark>
        <Style>
          <LineStyle>
            <color>fff0ff00</color>
            <width>2</width>
          </LineStyle>
        </Style>
        <MultiGeometry>
          <LineString>
            <tessellate>1</tessellate>
            <altitudeMode>absolute</altitudeMode>
            <coordinates>18.478603,-33.94091,365.76 18.478031,-33.939655,365.76</coordinates>
          </LineString>
        </MultiGeometry>
        <name>P-424</name>
        <description><![CDATA[<div><div><span><b>Altitude:</b></span> <span>1,200 ft</span></div>
<div><span><b>Speed:</b></span> <span>140 kt - 141 kt</span></div>
<div><span><b>Timestamp:</b></span><br/><span>2025-11-07 06:53:48 UTC<br/>2025-11-07 06:53:50 UTC</span></div>
</div>]]></description>
      </Placemark>
      <Placemark>
        <Style>
          <LineStyle>
            <color>fff0ff00</color>
            <width>2</width>
          </LineStyle>
        </Style>
        <MultiGeometry>
          <LineString>
            <tessellate>1</tessellate>
            <altitudeMode>absolute</altitudeMode>
            <coordinates>18.478031,-33.939655,365.76 18.47723,-33.937977,365.76</coordinates>
          </LineString>
        </MultiGeometry>
        <name>P-425</name>
        <description><![CDATA[<div><div><span><b>Altitude:</b></span> <span>1,200 ft</span></div>
<div><span><b>Speed:</b></span> <span>141 kt - 140 kt</span></div>
<div><span><b>Timestamp:</b></span><br/><span>2025-11-07 06:53:50 UTC<br/>2025-11-07 06:53:53 UTC</span></div>
</div>]]></description>
      </Placemark>
      <Placemark>
        <Style>
          <LineStyle>
            <color>fff0ff00</color>
            <width>2</width>
          </LineStyle>
        </Style>
        <MultiGeometry>
          <LineString>
            <tessellate>1</tessellate>
            <altitudeMode>absolute</altitudeMode>
            <coordinates>18.47723,-33.937977,365.76 18.476601,-33.936768,365.76</coordinates>
          </LineString>
        </MultiGeometry>
        <name>P-426</name>
        <description><![CDATA[<div><div><span><b>Altitude:</b></span> <span>1,200 ft</span></div>
<div><span><b>Speed:</b></span> <span>140 kt - 142 kt</span></div>
<div><span><b>Timestamp:</b></span><br/><span>2025-11-07 06:53:53 UTC<br/>2025-11-07 06:53:55 UTC</span></div>
</div>]]></description>
      </Placemark>
      <Placemark>
        <Style>
          <LineStyle>
            <color>fff0ff00</color>
            <width>2</width>
          </LineStyle>
        </Style>
        <MultiGeometry>
          <LineString>
            <tessellate>1</tessellate>
            <altitudeMode>absolute</altitudeMode>
            <coordinates>18.476601,-33.936768,365.76 18.475914,-33.935463,365.76</coordinates>
          </LineString>
        </MultiGeometry>
        <name>P-427</name>
        <description><![CDATA[<div><div><span><b>Altitude:</b></span> <span>1,200 ft</span></div>
<div><span><b>Speed:</b></span> <span>142 kt - 141 kt</span></div>
<div><span><b>Timestamp:</b></span><br/><span>2025-11-07 06:53:55 UTC<br/>2025-11-07 06:53:57 UTC</span></div>
</div>]]></description>
      </Placemark>
      <Placemark>
        <Style>
          <LineStyle>
            <color>fff0ff00</color>
            <width>2</width>
          </LineStyle>
        </Style>
        <MultiGeometry>
          <LineString>
            <tessellate>1</tessellate>
            <altitudeMode>absolute</altitudeMode>
            <coordinates>18.475914,-33.935463,365.76 18.475304,-33.93425,365.76</coordinates>
          </LineString>
        </MultiGeometry>
        <name>P-428</name>
        <description><![CDATA[<div><div><span><b>Altitude:</b></span> <span>1,200 ft</span></div>
<div><span><b>Speed:</b></span> <span>141 kt - 142 kt</span></div>
<div><span><b>Timestamp:</b></span><br/><span>2025-11-07 06:53:57 UTC<br/>2025-11-07 06:53:59 UTC</span></div>
</div>]]></description>
      </Placemark>
      <Placemark>
        <Style>
          <LineStyle>
            <color>fff0ff00</color>
            <width>2</width>
          </LineStyle>
        </Style>
        <MultiGeometry>
          <LineString>
            <tessellate>1</tessellate>
            <altitudeMode>absolute</altitudeMode>
            <coordinates>18.475304,-33.93425,365.76 18.47452,-33.932877,335.28</coordinates>
          </LineString>
        </MultiGeometry>
        <name>P-429</name>
        <description><![CDATA[<div><div><span><b>Altitude:</b></span> <span>1,200 ft - 1,100 ft</span></div>
<div><span><b>Speed:</b></span> <span>142 kt - 141 kt</span></div>
<div><span><b>Timestamp:</b></span><br/><span>2025-11-07 06:53:59 UTC<br/>2025-11-07 06:54:01 UTC</span></div>
</div>]]></description>
      </Placemark>
      <Placemark>
        <Style>
          <LineStyle>
            <color>fff0ff00</color>
            <width>2</width>
          </LineStyle>
        </Style>
        <MultiGeometry>
          <LineString>
            <tessellate>1</tessellate>
            <altitudeMode>absolute</altitudeMode>
            <coordinates>18.47452,-33.932877,335.28 18.473791,-33.931641,335.28</coordinates>
          </LineString>
        </MultiGeometry>
        <name>P-430</name>
        <description><![CDATA[<div><div><span><b>Altitude:</b></span> <span>1,100 ft</span></div>
<div><span><b>Speed:</b></span> <span>141 kt</span></div>
<div><span><b>Timestamp:</b></span><br/><span>2025-11-07 06:54:01 UTC<br/>2025-11-07 06:54:03 UTC</span></div>
</div>]]></description>
      </Placemark>
      <Placemark>
        <Style>
          <LineStyle>
            <color>fff0ff00</color>
            <width>2</width>
          </LineStyle>
        </Style>
        <MultiGeometry>
          <LineString>
            <tessellate>1</tessellate>
            <altitudeMode>absolute</altitudeMode>
            <coordinates>18.473791,-33.931641,335.28 18.473118,-33.930542,335.28</coordinates>
          </LineString>
        </MultiGeometry>
        <name>P-431</name>
        <description><![CDATA[<div><div><span><b>Altitude:</b></span> <span>1,100 ft</span></div>
<div><span><b>Speed:</b></span> <span>141 kt - 140 kt</span></div>
<div><span><b>Timestamp:</b></span><br/><span>2025-11-07 06:54:03 UTC<br/>2025-11-07 06:54:05 UTC</span></div>
</div>]]></description>
      </Placemark>
      <Placemark>
        <Style>
          <LineStyle>
            <color>fff0ff00</color>
            <width>2</width>
          </LineStyle>
        </Style>
        <MultiGeometry>
          <LineString>
            <tessellate>1</tessellate>
            <altitudeMode>absolute</altitudeMode>
            <coordinates>18.473118,-33.930542,335.28 18.472195,-33.929039,335.28</coordinates>
          </LineString>
        </MultiGeometry>
        <name>P-432</name>
        <description><![CDATA[<div><div><span><b>Altitude:</b></span> <span>1,100 ft</span></div>
<div><span><b>Speed:</b></span> <span>140 kt - 141 kt</span></div>
<div><span><b>Timestamp:</b></span><br/><span>2025-11-07 06:54:05 UTC<br/>2025-11-07 06:54:08 UTC</span></div>
</div>]]></description>
      </Placemark>
      <Placemark>
        <Style>
          <LineStyle>
            <color>fff0ff00</color>
            <width>2</width>
          </LineStyle>
        </Style>
        <MultiGeometry>
          <LineString>
            <tessellate>1</tessellate>
            <altitudeMode>absolute</altitudeMode>
            <coordinates>18.472195,-33.929039,335.28 18.471268,-33.927612,335.28</coordinates>
          </LineString>
        </MultiGeometry>
        <name>P-433</name>
        <description><![CDATA[<div><div><span><b>Altitude:</b></span> <span>1,100 ft</span></div>
<div><span><b>Speed:</b></span> <span>141 kt - 140 kt</span></div>
<div><span><b>Timestamp:</b></span><br/><span>2025-11-07 06:54:08 UTC<br/>2025-11-07 06:54:10 UTC</span></div>
</div>]]></description>
      </Placemark>
      <Placemark>
        <Style>
          <LineStyle>
            <color>fff0ff00</color>
            <width>2</width>
          </LineStyle>
        </Style>
        <MultiGeometry>
          <LineString>
            <tessellate>1</tessellate>
            <altitudeMode>absolute</altitudeMode>
            <coordinates>18.471268,-33.927612,335.28 18.47065,-33.926758,335.28</coordinates>
          </LineString>
        </MultiGeometry>
        <name>P-434</name>
        <description><![CDATA[<div><div><span><b>Altitude:</b></span> <span>1,100 ft</span></div>
<div><span><b>Speed:</b></span> <span>140 kt</span></div>
<div><span><b>Timestamp:</b></span><br/><span>2025-11-07 06:54:10 UTC<br/>2025-11-07 06:54:12 UTC</span></div>
</div>]]></description>
      </Placemark>
      <Placemark>
        <Style>
          <LineStyle>
            <color>fff0ff00</color>
            <width>2</width>
          </LineStyle>
        </Style>
        <MultiGeometry>
          <LineString>
            <tessellate>1</tessellate>
            <altitudeMode>absolute</altitudeMode>
            <coordinates>18.47065,-33.926758,335.28 18.469082,-33.9245,335.28</coordinates>
          </LineString>
        </MultiGeometry>
        <name>P-435</name>
        <description><![CDATA[<div><div><span><b>Altitude:</b></span> <span>1,100 ft</span></div>
<div><span><b>Speed:</b></span> <span>140 kt - 141 kt</span></div>
<div><span><b>Timestamp:</b></span><br/><span>2025-11-07 06:54:12 UTC<br/>2025-11-07 06:54:16 UTC</span></div>
</div>]]></description>
      </Placemark>
      <Placemark>
        <Style>
          <LineStyle>
            <color>fff0ff00</color>
            <width>2</width>
          </LineStyle>
        </Style>
        <MultiGeometry>
          <LineString>
            <tessellate>1</tessellate>
            <altitudeMode>absolute</altitudeMode>
            <coordinates>18.469082,-33.9245,335.28 18.468189,-33.923222,335.28</coordinates>
          </LineString>
        </MultiGeometry>
        <name>P-436</name>
        <description><![CDATA[<div><div><span><b>Altitude:</b></span> <span>1,100 ft</span></div>
<div><span><b>Speed:</b></span> <span>141 kt - 140 kt</span></div>
<div><span><b>Timestamp:</b></span><br/><span>2025-11-07 06:54:16 UTC<br/>2025-11-07 06:54:18 UTC</span></div>
</div>]]></description>
      </Placemark>
      <Placemark>
        <Style>
          <LineStyle>
            <color>fff0ff00</color>
            <width>2</width>
          </LineStyle>
        </Style>
        <MultiGeometry>
          <LineString>
            <tessellate>1</tessellate>
            <altitudeMode>absolute</altitudeMode>
            <coordinates>18.468189,-33.923222,335.28 18.467176,-33.921844,335.28</coordinates>
          </LineString>
        </MultiGeometry>
        <name>P-437</name>
        <description><![CDATA[<div><div><span><b>Altitude:</b></span> <span>1,100 ft</span></div>
<div><span><b>Speed:</b></span> <span>140 kt - 141 kt</span></div>
<div><span><b>Timestamp:</b></span><br/><span>2025-11-07 06:54:18 UTC<br/>2025-11-07 06:54:20 UTC</span></div>
</div>]]></description>
      </Placemark>
      <Placemark>
        <Style>
          <LineStyle>
            <color>fff0ff00</color>
            <width>2</width>
          </LineStyle>
        </Style>
        <MultiGeometry>
          <LineString>
            <tessellate>1</tessellate>
            <altitudeMode>absolute</altitudeMode>
            <coordinates>18.467176,-33.921844,335.28 18.466473,-33.920895,335.28</coordinates>
          </LineString>
        </MultiGeometry>
        <name>P-438</name>
        <description><![CDATA[<div><div><span><b>Altitude:</b></span> <span>1,100 ft</span></div>
<div><span><b>Speed:</b></span> <span>141 kt - 142 kt</span></div>
<div><span><b>Timestamp:</b></span><br/><span>2025-11-07 06:54:20 UTC<br/>2025-11-07 06:54:22 UTC</span></div>
</div>]]></description>
      </Placemark>
      <Placemark>
        <Style>
          <LineStyle>
            <color>fff0ff00</color>
            <width>2</width>
          </LineStyle>
        </Style>
        <MultiGeometry>
          <LineString>
            <tessellate>1</tessellate>
            <altitudeMode>absolute</altitudeMode>
            <coordinates>18.466473,-33.920895,335.28 18.465443,-33.919498,304.8</coordinates>
          </LineString>
        </MultiGeometry>
        <name>P-439</name>
        <description><![CDATA[<div><div><span><b>Altitude:</b></span> <span>1,100 ft - 1,000 ft</span></div>
<div><span><b>Speed:</b></span> <span>142 kt - 141 kt</span></div>
<div><span><b>Timestamp:</b></span><br/><span>2025-11-07 06:54:22 UTC<br/>2025-11-07 06:54:25 UTC</span></div>
</div>]]></description>
      </Placemark>
      <Placemark>
        <Style>
          <LineStyle>
            <color>fff0ff00</color>
            <width>2</width>
          </LineStyle>
        </Style>
        <MultiGeometry>
          <LineString>
            <tessellate>1</tessellate>
            <altitudeMode>absolute</altitudeMode>
            <coordinates>18.465443,-33.919498,304.8 18.464584,-33.918381,304.8</coordinates>
          </LineString>
        </MultiGeometry>
        <name>P-440</name>
        <description><![CDATA[<div><div><span><b>Altitude:</b></span> <span>1,000 ft</span></div>
<div><span><b>Speed:</b></span> <span>141 kt - 140 kt</span></div>
<div><span><b>Timestamp:</b></span><br/><span>2025-11-07 06:54:25 UTC<br/>2025-11-07 06:54:27 UTC</span></div>
</div>]]></description>
      </Placemark>
      <Placemark>
        <Style>
          <LineStyle>
            <color>fff0ff00</color>
            <width>2</width>
          </LineStyle>
        </Style>
        <MultiGeometry>
          <LineString>
            <tessellate>1</tessellate>
            <altitudeMode>absolute</altitudeMode>
            <coordinates>18.464584,-33.918381,304.8 18.463701,-33.917267,304.8</coordinates>
          </LineString>
        </MultiGeometry>
        <name>P-441</name>
        <description><![CDATA[<div><div><span><b>Altitude:</b></span> <span>1,000 ft</span></div>
<div><span><b>Speed:</b></span> <span>140 kt - 139 kt</span></div>
<div><span><b>Timestamp:</b></span><br/><span>2025-11-07 06:54:27 UTC<br/>2025-11-07 06:54:29 UTC</span></div>
</div>]]></description>
      </Placemark>
      <Placemark>
        <Style>
          <LineStyle>
            <color>fff0ff00</color>
            <width>2</width>
          </LineStyle>
        </Style>
        <MultiGeometry>
          <LineString>
            <tessellate>1</tessellate>
            <altitudeMode>absolute</altitudeMode>
            <coordinates>18.463701,-33.917267,304.8 18.462749,-33.916077,304.8</coordinates>
          </LineString>
        </MultiGeometry>
        <name>P-442</name>
        <description><![CDATA[<div><div><span><b>Altitude:</b></span> <span>1,000 ft</span></div>
<div><span><b>Speed:</b></span> <span>139 kt - 137 kt</span></div>
<div><span><b>Timestamp:</b></span><br/><span>2025-11-07 06:54:29 UTC<br/>2025-11-07 06:54:31 UTC</span></div>
</div>]]></description>
      </Placemark>
      <Placemark>
        <Style>
          <LineStyle>
            <color>fff0ff00</color>
            <width>2</width>
          </LineStyle>
        </Style>
        <MultiGeometry>
          <LineString>
            <tessellate>1</tessellate>
            <altitudeMode>absolute</altitudeMode>
            <coordinates>18.462749,-33.916077,304.8 18.46174,-33.914841,304.8</coordinates>
          </LineString>
        </MultiGeometry>
        <name>P-443</name>
        <description><![CDATA[<div><div><span><b>Altitude:</b></span> <span>1,000 ft</span></div>
<div><span><b>Speed:</b></span> <span>137 kt - 136 kt</span></div>
<div><span><b>Timestamp:</b></span><br/><span>2025-11-07 06:54:31 UTC<br/>2025-11-07 06:54:34 UTC</span></div>
</div>]]></description>
      </Placemark>
      <Placemark>
        <Style>
          <LineStyle>
            <color>fff0ff00</color>
            <width>2</width>
          </LineStyle>
        </Style>
        <MultiGeometry>
          <LineString>
            <tessellate>1</tessellate>
            <altitudeMode>absolute</altitudeMode>
            <coordinates>18.46174,-33.914841,304.8 18.460842,-33.913696,304.8</coordinates>
          </LineString>
        </MultiGeometry>
        <name>P-444</name>
        <description><![CDATA[<div><div><span><b>Altitude:</b></span> <span>1,000 ft</span></div>
<div><span><b>Speed:</b></span> <span>136 kt - 134 kt</span></div>
<div><span><b>Timestamp:</b></span><br/><span>2025-11-07 06:54:34 UTC<br/>2025-11-07 06:54:36 UTC</span></div>
</div>]]></description>
      </Placemark>
      <Placemark>
        <Style>
          <LineStyle>
            <color>fff0ff00</color>
            <width>2</width>
          </LineStyle>
        </Style>
        <MultiGeometry>
          <LineString>
            <tessellate>1</tessellate>
            <altitudeMode>absolute</altitudeMode>
            <coordinates>18.460842,-33.913696,304.8 18.459892,-33.91256,274.32</coordinates>
          </LineString>
        </MultiGeometry>
        <name>P-445</name>
        <description><![CDATA[<div><div><span><b>Altitude:</b></span> <span>1,000 ft - 900 ft</span></div>
<div><span><b>Speed:</b></span> <span>134 kt - 133 kt</span></div>
<div><span><b>Timestamp:</b></span><br/><span>2025-11-07 06:54:36 UTC<br/>2025-11-07 06:54:38 UTC</span></div>
</div>]]></description>
      </Placemark>
      <Placemark>
        <Style>
          <LineStyle>
            <color>ffffea00</color>
            <width>2</width>
          </LineStyle>
        </Style>
        <MultiGeometry>
          <LineString>
            <tessellate>1</tessellate>
            <altitudeMode>absolute</altitudeMode>
            <coordinates>18.459892,-33.91256,274.32 18.459091,-33.911629,274.32</coordinates>
          </LineString>
        </MultiGeometry>
        <name>P-446</name>
        <description><![CDATA[<div><div><span><b>Altitude:</b></span> <span>900 ft</span></div>
<div><span><b>Speed:</b></span> <span>133 kt - 132 kt</span></div>
<div><span><b>Timestamp:</b></span><br/><span>2025-11-07 06:54:38 UTC<br/>2025-11-07 06:54:40 UTC</span></div>
</div>]]></description>
      </Placemark>
      <Placemark>
        <Style>
          <LineStyle>
            <color>ffffea00</color>
            <width>2</width>
          </LineStyle>
        </Style>
        <MultiGeometry>
          <LineString>
            <tessellate>1</tessellate>
            <altitudeMode>absolute</altitudeMode>
            <coordinates>18.459091,-33.911629,274.32 18.458004,-33.910374,274.32</coordinates>
          </LineString>
        </MultiGeometry>
        <name>P-447</name>
        <description><![CDATA[<div><div><span><b>Altitude:</b></span> <span>900 ft</span></div>
<div><span><b>Speed:</b></span> <span>132 kt - 130 kt</span></div>
<div><span><b>Timestamp:</b></span><br/><span>2025-11-07 06:54:40 UTC<br/>2025-11-07 06:54:42 UTC</span></div>
</div>]]></description>
      </Placemark>
      <Placemark>
        <Style>
          <LineStyle>
            <color>ffffea00</color>
            <width>2</width>
          </LineStyle>
        </Style>
        <MultiGeometry>
          <LineString>
            <tessellate>1</tessellate>
            <altitudeMode>absolute</altitudeMode>
            <coordinates>18.458004,-33.910374,274.32 18.457031,-33.90921,274.32</coordinates>
          </LineString>
        </MultiGeometry>
        <name>P-448</name>
        <description><![CDATA[<div><div><span><b>Altitude:</b></span> <span>900 ft</span></div>
<div><span><b>Speed:</b></span> <span>130 kt - 129 kt</span></div>
<div><span><b>Timestamp:</b></span><br/><span>2025-11-07 06:54:42 UTC<br/>2025-11-07 06:54:45 UTC</span></div>
</div>]]></description>
      </Placemark>
      <Placemark>
        <Style>
          <LineStyle>
            <color>ffffea00</color>
            <width>2</width>
          </LineStyle>
        </Style>
        <MultiGeometry>
          <LineString>
            <tessellate>1</tessellate>
            <altitudeMode>absolute</altitudeMode>
            <coordinates>18.457031,-33.90921,274.32 18.45623,-33.908279,274.32</coordinates>
          </LineString>
        </MultiGeometry>
        <name>P-449</name>
        <description><![CDATA[<div><div><span><b>Altitude:</b></span> <span>900 ft</span></div>
<div><span><b>Speed:</b></span> <span>129 kt - 128 kt</span></div>
<div><span><b>Timestamp:</b></span><br/><span>2025-11-07 06:54:45 UTC<br/>2025-11-07 06:54:47 UTC</span></div>
</div>]]></description>
      </Placemark>
      <Placemark>
        <Style>
          <LineStyle>
            <color>ffffea00</color>
            <width>2</width>
          </LineStyle>
        </Style>
        <MultiGeometry>
          <LineString>
            <tessellate>1</tessellate>
            <altitudeMode>absolute</altitudeMode>
            <coordinates>18.45623,-33.908279,274.32 18.455406,-33.907379,243.84</coordinates>
          </LineString>
        </MultiGeometry>
        <name>P-450</name>
        <description><![CDATA[<div><div><span><b>Altitude:</b></span> <span>900 ft - 800 ft</span></div>
<div><span><b>Speed:</b></span> <span>128 kt - 126 kt</span></div>
<div><span><b>Timestamp:</b></span><br/><span>2025-11-07 06:54:47 UTC<br/>2025-11-07 06:54:49 UTC</span></div>
</div>]]></description>
      </Placemark>
      <Placemark>
        <Style>
          <LineStyle>
            <color>ffffea00</color>
            <width>2</width>
          </LineStyle>
        </Style>
        <MultiGeometry>
          <LineString>
            <tessellate>1</tessellate>
            <altitudeMode>absolute</altitudeMode>
            <coordinates>18.455406,-33.907379,243.84 18.45434,-33.906189,243.84</coordinates>
          </LineString>
        </MultiGeometry>
        <name>P-451</name>
        <description><![CDATA[<div><div><span><b>Altitude:</b></span> <span>800 ft</span></div>
<div><span><b>Speed:</b></span> <span>126 kt - 124 kt</span></div>
<div><span><b>Timestamp:</b></span><br/><span>2025-11-07 06:54:49 UTC<br/>2025-11-07 06:54:51 UTC</span></div>
</div>]]></description>
      </Placemark>
      <Placemark>
        <Style>
          <LineStyle>
            <color>ffffea00</color>
            <width>2</width>
          </LineStyle>
        </Style>
        <MultiGeometry>
          <LineString>
            <tessellate>1</tessellate>
            <altitudeMode>absolute</altitudeMode>
            <coordinates>18.45434,-33.906189,243.84 18.451483,-33.90303,243.84</coordinates>
          </LineString>
        </MultiGeometry>
        <name>P-452</name>
        <description><![CDATA[<div><div><span><b>Altitude:</b></span> <span>800 ft</span></div>
<div><span><b>Speed:</b></span> <span>124 kt - 120 kt</span></div>
<div><span><b>Timestamp:</b></span><br/><span>2025-11-07 06:54:51 UTC<br/>2025-11-07 06:54:58 UTC</span></div>
</div>]]></description>
      </Placemark>
      <Placemark>
        <Style>
          <LineStyle>
            <color>ffffea00</color>
            <width>2</width>
          </LineStyle>
        </Style>
        <MultiGeometry>
          <LineString>
            <tessellate>1</tessellate>
            <altitudeMode>absolute</altitudeMode>
            <coordinates>18.451483,-33.90303,243.84 18.448456,-33.89978,213.36</coordinates>
          </LineString>
        </MultiGeometry>
        <name>P-453</name>
        <description><![CDATA[<div><div><span><b>Altitude:</b></span> <span>800 ft - 700 ft</span></div>
<div><span><b>Speed:</b></span> <span>120 kt - 112 kt</span></div>
<div><span><b>Timestamp:</b></span><br/><span>2025-11-07 06:54:58 UTC<br/>2025-11-07 06:55:06 UTC</span></div>
</div>]]></description>
      </Placemark>
      <Placemark>
        <Style>
          <LineStyle>
            <color>ffffea00</color>
            <width>2</width>
          </LineStyle>
        </Style>
        <MultiGeometry>
          <LineString>
            <tessellate>1</tessellate>
            <altitudeMode>absolute</altitudeMode>
            <coordinates>18.448456,-33.89978,213.36 18.443186,-33.896393,213.36</coordinates>
          </LineString>
        </MultiGeometry>
        <name>P-454</name>
        <description><![CDATA[<div><div><span><b>Altitude:</b></span> <span>700 ft</span></div>
<div><span><b>Speed:</b></span> <span>112 kt - 84 kt</span></div>
<div><span><b>Timestamp:</b></span><br/><span>2025-11-07 06:55:06 UTC<br/>2025-11-07 06:55:18 UTC</span></div>
</div>]]></description>
      </Placemark>
      <Placemark>
        <Style>
          <LineStyle>
            <color>ffffea00</color>
            <width>2</width>
          </LineStyle>
        </Style>
        <MultiGeometry>
          <LineString>
            <tessellate>1</tessellate>
            <altitudeMode>absolute</altitudeMode>
            <coordinates>18.443186,-33.896393,213.36 18.441238,-33.896358,182.88</coordinates>
          </LineString>
        </MultiGeometry>
        <name>P-455</name>
        <description><![CDATA[<div><div><span><b>Altitude:</b></span> <span>700 ft - 600 ft</span></div>
<div><span><b>Speed:</b></span> <span>84 kt - 75 kt</span></div>
<div><span><b>Timestamp:</b></span><br/><span>2025-11-07 06:55:18 UTC<br/>2025-11-07 06:55:23 UTC</span></div>
</div>]]></description>
      </Placemark>
      <Placemark>
        <Style>
          <LineStyle>
            <color>ffffe062</color>
            <width>2</width>
          </LineStyle>
        </Style>
        <MultiGeometry>
          <LineString>
            <tessellate>1</tessellate>
            <altitudeMode>absolute</altitudeMode>
            <coordinates>18.441238,-33.896358,182.88 18.437693,-33.897263,182.88</coordinates>
          </LineString>
        </MultiGeometry>
        <name>P-456</name>
        <description><![CDATA[<div><div><span><b>Altitude:</b></span> <span>600 ft</span></div>
<div><span><b>Speed:</b></span> <span>75 kt - 66 kt</span></div>
<div><span><b>Timestamp:</b></span><br/><span>2025-11-07 06:55:23 UTC<br/>2025-11-07 06:55:32 UTC</span></div>
</div>]]></description>
      </Placemark>
      <Placemark>
        <Style>
          <LineStyle>
            <color>ffffe062</color>
            <width>2</width>
          </LineStyle>
        </Style>
        <MultiGeometry>
          <LineString>
            <tessellate>1</tessellate>
            <altitudeMode>absolute</altitudeMode>
            <coordinates>18.437693,-33.897263,182.88 18.43586,-33.89785,152.4</coordinates>
          </LineString>
        </MultiGeometry>
        <name>P-457</name>
        <description><![CDATA[<div><div><span><b>Altitude:</b></span> <span>600 ft - 500 ft</span></div>
<div><span><b>Speed:</b></span> <span>66 kt - 62 kt</span></div>
<div><span><b>Timestamp:</b></span><br/><span>2025-11-07 06:55:32 UTC<br/>2025-11-07 06:55:38 UTC</span></div>
</div>]]></description>
      </Placemark>
      <Placemark>
        <Style>
          <LineStyle>
            <color>ffffe062</color>
            <width>2</width>
          </LineStyle>
        </Style>
        <MultiGeometry>
          <LineString>
            <tessellate>1</tessellate>
            <altitudeMode>absolute</altitudeMode>
            <coordinates>18.43586,-33.89785,152.4 18.433994,-33.898407,152.4</coordinates>
          </LineString>
        </MultiGeometry>
        <name>P-458</name>
        <description><![CDATA[<div><div><span><b>Altitude:</b></span> <span>500 ft</span></div>
<div><span><b>Speed:</b></span> <span>62 kt - 59 kt</span></div>
<div><span><b>Timestamp:</b></span><br/><span>2025-11-07 06:55:38 UTC<br/>2025-11-07 06:55:43 UTC</span></div>
</div>]]></description>
      </Placemark>
      <Placemark>
        <Style>
          <LineStyle>
            <color>ffffe062</color>
            <width>2</width>
          </LineStyle>
        </Style>
        <MultiGeometry>
          <LineString>
            <tessellate>1</tessellate>
            <altitudeMode>absolute</altitudeMode>
            <coordinates>18.433994,-33.898407,152.4 18.43248,-33.898911,121.92</coordinates>
          </LineString>
        </MultiGeometry>
        <name>P-459</name>
        <description><![CDATA[<div><div><span><b>Altitude:</b></span> <span>500 ft - 400 ft</span></div>
<div><span><b>Speed:</b></span> <span>59 kt - 56 kt</span></div>
<div><span><b>Timestamp:</b></span><br/><span>2025-11-07 06:55:43 UTC<br/>2025-11-07 06:55:49 UTC</span></div>
</div>]]></description>
      </Placemark>
      <Placemark>
        <Style>
          <LineStyle>
            <color>ffffe062</color>
            <width>2</width>
          </LineStyle>
        </Style>
        <MultiGeometry>
          <LineString>
            <tessellate>1</tessellate>
            <altitudeMode>absolute</altitudeMode>
            <coordinates>18.43248,-33.898911,121.92 18.429794,-33.899899,91.44</coordinates>
          </LineString>
        </MultiGeometry>
        <name>P-460</name>
        <description><![CDATA[<div><div><span><b>Altitude:</b></span> <span>400 ft - 300 ft</span></div>
<div><span><b>Speed:</b></span> <span>56 kt - 44 kt</span></div>
<div><span><b>Timestamp:</b></span><br/><span>2025-11-07 06:55:49 UTC<br/>2025-11-07 06:55:59 UTC</span></div>
</div>]]></description>
      </Placemark>
      <Placemark>
        <Style>
          <LineStyle>
            <color>ffffffff</color>
            <width>2</width>
          </LineStyle>
        </Style>
        <MultiGeometry>
          <LineString>
            <tessellate>1</tessellate>
            <altitudeMode>absolute</altitudeMode>
            <coordinates>18.429794,-33.899899,91.44 18.429062,-33.900192,91.44</coordinates>
          </LineString>
        </MultiGeometry>
        <name>P-461</name>
        <description><![CDATA[<div><div><span><b>Altitude:</b></span> <span>300 ft</span></div>
<div><span><b>Speed:</b></span> <span>44 kt - 41 kt</span></div>
<div><span><b>Timestamp:</b></span><br/><span>2025-11-07 06:55:59 UTC<br/>2025-11-07 06:56:03 UTC</span></div>
</div>]]></description>
      </Placemark>
      <Placemark>
        <Style>
          <LineStyle>
            <color>ffffffff</color>
            <width>2</width>
          </LineStyle>
        </Style>
        <MultiGeometry>
          <LineString>
            <tessellate>1</tessellate>
            <altitudeMode>absolute</altitudeMode>
            <coordinates>18.429062,-33.900192,91.44 18.428078,-33.900364,60.96</coordinates>
          </LineString>
        </MultiGeometry>
        <name>P-462</name>
        <description><![CDATA[<div><div><span><b>Altitude:</b></span> <span>300 ft - 200 ft</span></div>
<div><span><b>Speed:</b></span> <span>41 kt - 20 kt</span></div>
<div><span><b>Timestamp:</b></span><br/><span>2025-11-07 06:56:03 UTC<br/>2025-11-07 06:56:10 UTC</span></div>
</div>]]></description>
      </Placemark>
      <Placemark>
        <Style>
          <LineStyle>
            <color>ffffffff</color>
            <width>2</width>
          </LineStyle>
        </Style>
        <MultiGeometry>
          <LineString>
            <tessellate>1</tessellate>
            <altitudeMode>absolute</altitudeMode>
            <coordinates>18.428078,-33.900364,60.96 18.42762,-33.900505,60.96</coordinates>
          </LineString>
        </MultiGeometry>
        <name>P-463</name>
        <description><![CDATA[<div><div><span><b>Altitude:</b></span> <span>200 ft</span></div>
<div><span><b>Speed:</b></span> <span>20 kt - 16 kt</span></div>
<div><span><b>Timestamp:</b></span><br/><span>2025-11-07 06:56:10 UTC<br/>2025-11-07 06:56:17 UTC</span></div>
</div>]]></description>
      </Placemark>
    </Folder>
  </Document>
</kml>
