<?xml version="1.0" encoding="UTF-8"?>
<kml xmlns="http://www.opengis.net/kml/2.2">
  <Document>
    <name>-/ZTHOT</name>
    <description><![CDATA[<div style="width:220px; text-align:center;">
<div style="width:210px; text-align:center;">
<div style=" background: #000; color: #fff; font-size: 14px; text-align:left; border: 1px solid #000; padding: 2px 6px; text-shadow: 0 1px 0 #000; box-shadow: 0 1px 3px rgba(0,0,0,0.6); background: -webkit-gradient(linear, left top, left bottom, color-stop(0%,#808080), color-stop(2%,#303030), color-stop(100%,#0c0c0c));"><span style="font-size: 14px; font-weight: bold;"><a href="javascript:void(0);" style="color: #fff; cursor: pointer;text-decoration: none;">-</a></span> / ZTHOT<br/>Cape Town Helicopters</div>

<div style="border-top: 1px solid #005c90; color: #fff; padding-bottom: 5px; box-shadow: 0 0 1px #9BE3F6 inset, 0 1px 0 #9BE3F6 inset, 0 -1px 3px rgba(0,0,0,0.4); background:rgba(43,114,173,1); background: -webkit-gradient(linear, left top, left bottom, color-stop(0%,rgba(92,184,229,1)), color-stop(100%,rgba(43,114,173,1)));">
<a style="text-decoration: none; color: rgb(255, 255, 255); font-size: 12px; width:77px; display: inline-block;" title=" Airport" href="javascript:void(0);/departures"><h3 style="padding: 0px; margin: 10px 0px 0px; font-size: 16px; ">?</h3></a>
<span style="background: url(https://www.flightradar24.com/static/images/userUI_sprite.png?14) no-repeat scroll 0 -464px rgba(0, 0, 0, 0); border: medium none; display: inline-block; height: 16px; width: 45px;"></span>
<a style="text-decoration: none; color: rgb(255, 255, 255); font-size: 12px; width:77px; display: inline-block;" title=" Airport" href="javascript:void(0);/arrivals"><h3 style="padding: 0px; margin: 10px 0px 0px; font-size: 16px;">?</h3></a>
<div style=" margin-top:10px;">
<div style="display: inline-block; font-size: 12px; padding: 0 5px;">
<div>
<span style="color: #c1eaff;" title="Scheduled Time of Departure">STD </span>
<span title="2025-11-02 07:20">07:20</span> <span title="Coordinated Universal Time">UTC</span>
</div>
<div>
<span style="color: #c1eaff;" title="Actual Time of Departure">ATD </span>
<span title="2025-11-02 07:20">07:20</span> <span title="Coordinated Universal Time">UTC</span>
</div>
</div>
<div style="display: inline-block; font-size: 12px; padding: 0 5px;">
<div>
<span style="color: #c1eaff;" title="Estimated Time of Arrival">ETA </span>
<span title="2025-11-02 07:43">07:43</span> <span title="Coordinated Universal Time">UTC</span>
</div>
</div>
</div>
<br style="clear: both;"/>
</div>

<div style="display: block;">
<table style="border-collapse: collapse; width: 100%;">
<tr style="border-right: 1px solid #dadada; ">
<td style="background: none repeat scroll 0 0 #dadada; padding: 0; width: 31px;">
<span style="background: url(https://www.flightradar24.com/static/images/userUI_sprite.png?14) no-repeat scroll -208px -464px rgba(0, 0, 0, 0); height: 26px; margin: 8px 0 0 4px; width: 23px; display: block;"></span>
</td>
<td colspan="2" style="border-bottom: 1px solid #dadada; border-left: 1px solid #dadada; color: #666; line-height: 1.1em; padding: 3px 6px; vertical-align: top; font-size: 14px;">
Aircraft<span style="float: right; font-size: 12px;">(AS50)</span><br>
<span style="color: #333; font-size: 16px; font-weight: bold; line-height: 1.3em;">Airbus Helicopters H125</span>
</td>
</tr>
<tr style="border-right: 1px solid #dadada; ">
<td style="background: none repeat scroll 0 0 #dadada; padding: 0; width: 31px;">
<td colspan="2" style="border-bottom: 1px solid #dadada; border-left: 1px solid #dadada; color: #666; line-height: 1.1em; padding: 3px 6px; vertical-align: top; font-size: 14px;">
Registration<br>
<span style="color: #333; font-size: 16px; font-weight: bold; line-height: 1.3em;"><a href="https://www.flightradar24.com/reg/zt-hot" style="text-decoration: none; color: #333;">ZT-HOT</a></span>
</td>
</tr>
</table>
</div>

</div>
</div>]]></description>
    <Folder>
      <name>Route</name>
      <Placemark>
        <name>2025-11-02 07:20:29 UTC</name>
        <description><![CDATA[<div><div><span><b>Altitude:</b></span> <span>200 ft</span></div>
<div><span><b>Speed:</b></span> <span>76 kt</span></div>
<div><span><b>Heading:</b></span> <span>35&deg;</span></div>
</div>]]></description>
        <TimeStamp>
          <when>2025-11-02T07:20:29+00:00</when>
        </TimeStamp>
        <Style>
          <IconStyle>
            <heading>35</heading>
            <Icon>
              <href>http://maps.google.com/mapfiles/kml/shapes/airports.png</href>
            </Icon>
          </IconStyle>
        </Style>
        <Point>
          <altitudeMode>absolute</altitudeMode>
          <coordinates>18.433657,-33.893875,60.96</coordinates>
        </Point>
      </Placemark>
      <Placemark>
        <name>2025-11-02 07:20:36 UTC</name>
        <description><![CDATA[<div><div><span><b>Altitude:</b></span> <span>300 ft</span></div>
<div><span><b>Speed:</b></span> <span>79 kt</span></div>
<div><span><b>Heading:</b></span> <span>29&deg;</span></div>
</div>]]></description>
        <TimeStamp>
          <when>2025-11-02T07:20:36+00:00</when>
        </TimeStamp>
        <Style>
          <IconStyle>
            <heading>29</heading>
            <Icon>
              <href>http://maps.google.com/mapfiles/kml/shapes/airports.png</href>
            </Icon>
          </IconStyle>
        </Style>
        <Point>
          <altitudeMode>absolute</altitudeMode>
          <coordinates>18.435226,-33.891861,91.44</coordinates>
        </Point>
      </Placemark>
      <Placemark>
        <name>2025-11-02 07:20:38 UTC</name>
        <description><![CDATA[<div><div><span><b>Altitude:</b></span> <span>300 ft</span></div>
<div><span><b>Speed:</b></span> <span>80 kt</span></div>
<div><span><b>Heading:</b></span> <span>26&deg;</span></div>
</div>]]></description>
        <TimeStamp>
          <when>2025-11-02T07:20:38+00:00</when>
        </TimeStamp>
        <Style>
          <IconStyle>
            <heading>26</heading>
            <Icon>
              <href>http://maps.google.com/mapfiles/kml/shapes/airports.png</href>
            </Icon>
          </IconStyle>
        </Style>
        <Point>
          <altitudeMode>absolute</altitudeMode>
          <coordinates>18.435732,-33.891037,91.44</coordinates>
        </Point>
      </Placemark>
      <Placemark>
        <name>2025-11-02 07:20:40 UTC</name>
        <description><![CDATA[<div><div><span><b>Altitude:</b></span> <span>300 ft</span></div>
<div><span><b>Speed:</b></span> <span>81 kt</span></div>
<div><span><b>Heading:</b></span> <span>23&deg;</span></div>
</div>]]></description>
        <TimeStamp>
          <when>2025-11-02T07:20:40+00:00</when>
        </TimeStamp>
        <Style>
          <IconStyle>
            <heading>23</heading>
            <Icon>
              <href>http://maps.google.com/mapfiles/kml/shapes/airports.png</href>
            </Icon>
          </IconStyle>
        </Style>
        <Point>
          <altitudeMode>absolute</altitudeMode>
          <coordinates>18.436203,-33.890217,91.44</coordinates>
        </Point>
      </Placemark>
      <Placemark>
        <name>2025-11-02 07:20:42 UTC</name>
        <description><![CDATA[<div><div><span><b>Altitude:</b></span> <span>400 ft</span></div>
<div><span><b>Speed:</b></span> <span>83 kt</span></div>
<div><span><b>Heading:</b></span> <span>21&deg;</span></div>
</div>]]></description>
        <TimeStamp>
          <when>2025-11-02T07:20:42+00:00</when>
        </TimeStamp>
        <Style>
          <IconStyle>
            <heading>21</heading>
            <Icon>
              <href>http://maps.google.com/mapfiles/kml/shapes/airports.png</href>
            </Icon>
          </IconStyle>
        </Style>
        <Point>
          <altitudeMode>absolute</altitudeMode>
          <coordinates>18.436489,-33.889656,121.92</coordinates>
        </Point>
      </Placemark>
      <Placemark>
        <name>2025-11-02 07:20:45 UTC</name>
        <description><![CDATA[<div><div><span><b>Altitude:</b></span> <span>400 ft</span></div>
<div><span><b>Speed:</b></span> <span>84 kt</span></div>
<div><span><b>Heading:</b></span> <span>18&deg;</span></div>
</div>]]></description>
        <TimeStamp>
          <when>2025-11-02T07:20:45+00:00</when>
        </TimeStamp>
        <Style>
          <IconStyle>
            <heading>18</heading>
            <Icon>
              <href>http://maps.google.com/mapfiles/kml/shapes/airports.png</href>
            </Icon>
          </IconStyle>
        </Style>
        <Point>
          <altitudeMode>absolute</altitudeMode>
          <coordinates>18.436852,-33.888748,121.92</coordinates>
        </Point>
      </Placemark>
      <Placemark>
        <name>2025-11-02 07:20:47 UTC</name>
        <description><![CDATA[<div><div><span><b>Altitude:</b></span> <span>500 ft</span></div>
<div><span><b>Speed:</b></span> <span>84 kt</span></div>
<div><span><b>Heading:</b></span> <span>15&deg;</span></div>
</div>]]></description>
        <TimeStamp>
          <when>2025-11-02T07:20:47+00:00</when>
        </TimeStamp>
        <Style>
          <IconStyle>
            <heading>15</heading>
            <Icon>
              <href>http://maps.google.com/mapfiles/kml/shapes/airports.png</href>
            </Icon>
          </IconStyle>
        </Style>
        <Point>
          <altitudeMode>absolute</altitudeMode>
          <coordinates>18.437176,-33.887886,152.4</coordinates>
        </Point>
      </Placemark>
      <Placemark>
        <name>2025-11-02 07:20:49 UTC</name>
        <description><![CDATA[<div><div><span><b>Altitude:</b></span> <span>500 ft</span></div>
<div><span><b>Speed:</b></span> <span>83 kt</span></div>
<div><span><b>Heading:</b></span> <span>12&deg;</span></div>
</div>]]></description>
        <TimeStamp>
          <when>2025-11-02T07:20:49+00:00</when>
        </TimeStamp>
        <Style>
          <IconStyle>
            <heading>12</heading>
            <Icon>
              <href>http://maps.google.com/mapfiles/kml/shapes/airports.png</href>
            </Icon>
          </IconStyle>
        </Style>
        <Point>
          <altitudeMode>absolute</altitudeMode>
          <coordinates>18.437469,-33.886917,152.4</coordinates>
        </Point>
      </Placemark>
      <Placemark>
        <name>2025-11-02 07:20:51 UTC</name>
        <description><![CDATA[<div><div><span><b>Altitude:</b></span> <span>500 ft</span></div>
<div><span><b>Speed:</b></span> <span>85 kt</span></div>
<div><span><b>Heading:</b></span> <span>8&deg;</span></div>
</div>]]></description>
        <TimeStamp>
          <when>2025-11-02T07:20:51+00:00</when>
        </TimeStamp>
        <Style>
          <IconStyle>
            <heading>8</heading>
            <Icon>
              <href>http://maps.google.com/mapfiles/kml/shapes/airports.png</href>
            </Icon>
          </IconStyle>
        </Style>
        <Point>
          <altitudeMode>absolute</altitudeMode>
          <coordinates>18.43758,-33.886139,152.4</coordinates>
        </Point>
      </Placemark>
      <Placemark>
        <name>2025-11-02 07:20:53 UTC</name>
        <description><![CDATA[<div><div><span><b>Altitude:</b></span> <span>500 ft</span></div>
<div><span><b>Speed:</b></span> <span>87 kt</span></div>
<div><span><b>Heading:</b></span> <span>3&deg;</span></div>
</div>]]></description>
        <TimeStamp>
          <when>2025-11-02T07:20:53+00:00</when>
        </TimeStamp>
        <Style>
          <IconStyle>
            <heading>3</heading>
            <Icon>
              <href>http://maps.google.com/mapfiles/kml/shapes/airports.png</href>
            </Icon>
          </IconStyle>
        </Style>
        <Point>
          <altitudeMode>absolute</altitudeMode>
          <coordinates>18.437693,-33.885361,152.4</coordinates>
        </Point>
      </Placemark>
      <Placemark>
        <name>2025-11-02 07:20:55 UTC</name>
        <description><![CDATA[<div><div><span><b>Altitude:</b></span> <span>600 ft</span></div>
<div><span><b>Speed:</b></span> <span>88 kt</span></div>
<div><span><b>Heading:</b></span> <span>356&deg;</span></div>
</div>]]></description>
        <TimeStamp>
          <when>2025-11-02T07:20:55+00:00</when>
        </TimeStamp>
        <Style>
          <IconStyle>
            <heading>356</heading>
            <Icon>
              <href>http://maps.google.com/mapfiles/kml/shapes/airports.png</href>
            </Icon>
          </IconStyle>
        </Style>
        <Point>
          <altitudeMode>absolute</altitudeMode>
          <coordinates>18.437691,-33.88435,182.88</coordinates>
        </Point>
      </Placemark>
      <Placemark>
        <name>2025-11-02 07:20:58 UTC</name>
        <description><![CDATA[<div><div><span><b>Altitude:</b></span> <span>600 ft</span></div>
<div><span><b>Speed:</b></span> <span>89 kt</span></div>
<div><span><b>Heading:</b></span> <span>347&deg;</span></div>
</div>]]></description>
        <TimeStamp>
          <when>2025-11-02T07:20:58+00:00</when>
        </TimeStamp>
        <Style>
          <IconStyle>
            <heading>347</heading>
            <Icon>
              <href>http://maps.google.com/mapfiles/kml/shapes/airports.png</href>
            </Icon>
          </IconStyle>
        </Style>
        <Point>
          <altitudeMode>absolute</altitudeMode>
          <coordinates>18.437469,-33.88353,182.88</coordinates>
        </Point>
      </Placemark>
      <Placemark>
        <name>2025-11-02 07:21:00 UTC</name>
        <description><![CDATA[<div><div><span><b>Altitude:</b></span> <span>700 ft</span></div>
<div><span><b>Speed:</b></span> <span>89 kt</span></div>
<div><span><b>Heading:</b></span> <span>332&deg;</span></div>
</div>]]></description>
        <TimeStamp>
          <when>2025-11-02T07:21:00+00:00</when>
        </TimeStamp>
        <Style>
          <IconStyle>
            <heading>332</heading>
            <Icon>
              <href>http://maps.google.com/mapfiles/kml/shapes/airports.png</href>
            </Icon>
          </IconStyle>
        </Style>
        <Point>
          <altitudeMode>absolute</altitudeMode>
          <coordinates>18.437132,-33.882797,213.36</coordinates>
        </Point>
      </Placemark>
      <Placemark>
        <name>2025-11-02 07:21:02 UTC</name>
        <description><![CDATA[<div><div><span><b>Altitude:</b></span> <span>700 ft</span></div>
<div><span><b>Speed:</b></span> <span>87 kt</span></div>
<div><span><b>Heading:</b></span> <span>321&deg;</span></div>
</div>]]></description>
        <TimeStamp>
          <when>2025-11-02T07:21:02+00:00</when>
        </TimeStamp>
        <Style>
          <IconStyle>
            <heading>321</heading>
            <Icon>
              <href>http://maps.google.com/mapfiles/kml/shapes/airports.png</href>
            </Icon>
          </IconStyle>
        </Style>
        <Point>
          <altitudeMode>absolute</altitudeMode>
          <coordinates>18.436403,-33.881927,213.36</coordinates>
        </Point>
      </Placemark>
      <Placemark>
        <name>2025-11-02 07:21:04 UTC</name>
        <description><![CDATA[<div><div><span><b>Altitude:</b></span> <span>700 ft</span></div>
<div><span><b>Speed:</b></span> <span>85 kt</span></div>
<div><span><b>Heading:</b></span> <span>309&deg;</span></div>
</div>]]></description>
        <TimeStamp>
          <when>2025-11-02T07:21:04+00:00</when>
        </TimeStamp>
        <Style>
          <IconStyle>
            <heading>309</heading>
            <Icon>
              <href>http://maps.google.com/mapfiles/kml/shapes/airports.png</href>
            </Icon>
          </IconStyle>
        </Style>
        <Point>
          <altitudeMode>absolute</altitudeMode>
          <coordinates>18.435688,-33.881371,213.36</coordinates>
        </Point>
      </Placemark>
      <Placemark>
        <name>2025-11-02 07:21:07 UTC</name>
        <description><![CDATA[<div><div><span><b>Altitude:</b></span> <span>800 ft</span></div>
<div><span><b>Speed:</b></span> <span>81 kt</span></div>
<div><span><b>Heading:</b></span> <span>290&deg;</span></div>
</div>]]></description>
        <TimeStamp>
          <when>2025-11-02T07:21:07+00:00</when>
        </TimeStamp>
        <Style>
          <IconStyle>
            <heading>290</heading>
            <Icon>
              <href>http://maps.google.com/mapfiles/kml/shapes/airports.png</href>
            </Icon>
          </IconStyle>
        </Style>
        <Point>
          <altitudeMode>absolute</altitudeMode>
          <coordinates>18.434887,-33.880997,243.84</coordinates>
        </Point>
      </Placemark>
      <Placemark>
        <name>2025-11-02 07:21:09 UTC</name>
        <description><![CDATA[<div><div><span><b>Altitude:</b></span> <span>800 ft</span></div>
<div><span><b>Speed:</b></span> <span>79 kt</span></div>
<div><span><b>Heading:</b></span> <span>282&deg;</span></div>
</div>]]></description>
        <TimeStamp>
          <when>2025-11-02T07:21:09+00:00</when>
        </TimeStamp>
        <Style>
          <IconStyle>
            <heading>282</heading>
            <Icon>
              <href>http://maps.google.com/mapfiles/kml/shapes/airports.png</href>
            </Icon>
          </IconStyle>
        </Style>
        <Point>
          <altitudeMode>absolute</altitudeMode>
          <coordinates>18.433914,-33.880814,243.84</coordinates>
        </Point>
      </Placemark>
      <Placemark>
        <name>2025-11-02 07:21:13 UTC</name>
        <description><![CDATA[<div><div><span><b>Altitude:</b></span> <span>900 ft</span></div>
<div><span><b>Speed:</b></span> <span>72 kt</span></div>
<div><span><b>Heading:</b></span> <span>251&deg;</span></div>
</div>]]></description>
        <TimeStamp>
          <when>2025-11-02T07:21:13+00:00</when>
        </TimeStamp>
        <Style>
          <IconStyle>
            <heading>251</heading>
            <Icon>
              <href>http://maps.google.com/mapfiles/kml/shapes/airports.png</href>
            </Icon>
          </IconStyle>
        </Style>
        <Point>
          <altitudeMode>absolute</altitudeMode>
          <coordinates>18.432026,-33.881046,274.32</coordinates>
        </Point>
      </Placemark>
      <Placemark>
        <name>2025-11-02 07:21:16 UTC</name>
        <description><![CDATA[<div><div><span><b>Altitude:</b></span> <span>900 ft</span></div>
<div><span><b>Speed:</b></span> <span>65 kt</span></div>
<div><span><b>Heading:</b></span> <span>229&deg;</span></div>
</div>]]></description>
        <TimeStamp>
          <when>2025-11-02T07:21:16+00:00</when>
        </TimeStamp>
        <Style>
          <IconStyle>
            <heading>229</heading>
            <Icon>
              <href>http://maps.google.com/mapfiles/kml/shapes/airports.png</href>
            </Icon>
          </IconStyle>
        </Style>
        <Point>
          <altitudeMode>absolute</altitudeMode>
          <coordinates>18.430967,-33.881653,274.32</coordinates>
        </Point>
      </Placemark>
      <Placemark>
        <name>2025-11-02 07:21:19 UTC</name>
        <description><![CDATA[<div><div><span><b>Altitude:</b></span> <span>1,000 ft</span></div>
<div><span><b>Speed:</b></span> <span>61 kt</span></div>
<div><span><b>Heading:</b></span> <span>215&deg;</span></div>
</div>]]></description>
        <TimeStamp>
          <when>2025-11-02T07:21:19+00:00</when>
        </TimeStamp>
        <Style>
          <IconStyle>
            <heading>215</heading>
            <Icon>
              <href>http://maps.google.com/mapfiles/kml/shapes/airports.png</href>
            </Icon>
          </IconStyle>
        </Style>
        <Point>
          <altitudeMode>absolute</altitudeMode>
          <coordinates>18.430462,-33.882202,304.8</coordinates>
        </Point>
      </Placemark>
      <Placemark>
        <name>2025-11-02 07:21:21 UTC</name>
        <description><![CDATA[<div><div><span><b>Altitude:</b></span> <span>1,000 ft</span></div>
<div><span><b>Speed:</b></span> <span>58 kt</span></div>
<div><span><b>Heading:</b></span> <span>192&deg;</span></div>
</div>]]></description>
        <TimeStamp>
          <when>2025-11-02T07:21:21+00:00</when>
        </TimeStamp>
        <Style>
          <IconStyle>
            <heading>192</heading>
            <Icon>
              <href>http://maps.google.com/mapfiles/kml/shapes/airports.png</href>
            </Icon>
          </IconStyle>
        </Style>
        <Point>
          <altitudeMode>absolute</altitudeMode>
          <coordinates>18.430252,-33.882721,304.8</coordinates>
        </Point>
      </Placemark>
      <Placemark>
        <name>2025-11-02 07:21:23 UTC</name>
        <description><![CDATA[<div><div><span><b>Altitude:</b></span> <span>1,000 ft</span></div>
<div><span><b>Speed:</b></span> <span>57 kt</span></div>
<div><span><b>Heading:</b></span> <span>177&deg;</span></div>
</div>]]></description>
        <TimeStamp>
          <when>2025-11-02T07:21:23+00:00</when>
        </TimeStamp>
        <Style>
          <IconStyle>
            <heading>177</heading>
            <Icon>
              <href>http://maps.google.com/mapfiles/kml/shapes/airports.png</href>
            </Icon>
          </IconStyle>
        </Style>
        <Point>
          <altitudeMode>absolute</altitudeMode>
          <coordinates>18.430195,-33.883232,304.8</coordinates>
        </Point>
      </Placemark>
      <Placemark>
        <name>2025-11-02 07:21:25 UTC</name>
        <description><![CDATA[<div><div><span><b>Altitude:</b></span> <span>1,100 ft</span></div>
<div><span><b>Speed:</b></span> <span>57 kt</span></div>
<div><span><b>Heading:</b></span> <span>162&deg;</span></div>
</div>]]></description>
        <TimeStamp>
          <when>2025-11-02T07:21:25+00:00</when>
        </TimeStamp>
        <Style>
          <IconStyle>
            <heading>162</heading>
            <Icon>
              <href>http://maps.google.com/mapfiles/kml/shapes/airports.png</href>
            </Icon>
          </IconStyle>
        </Style>
        <Point>
          <altitudeMode>absolute</altitudeMode>
          <coordinates>18.430294,-33.883804,335.28</coordinates>
        </Point>
      </Placemark>
      <Placemark>
        <name>2025-11-02 07:21:27 UTC</name>
        <description><![CDATA[<div><div><span><b>Altitude:</b></span> <span>1,100 ft</span></div>
<div><span><b>Speed:</b></span> <span>59 kt</span></div>
<div><span><b>Heading:</b></span> <span>149&deg;</span></div>
</div>]]></description>
        <TimeStamp>
          <when>2025-11-02T07:21:27+00:00</when>
        </TimeStamp>
        <Style>
          <IconStyle>
            <heading>149</heading>
            <Icon>
              <href>http://maps.google.com/mapfiles/kml/shapes/airports.png</href>
            </Icon>
          </IconStyle>
        </Style>
        <Point>
          <altitudeMode>absolute</altitudeMode>
          <coordinates>18.430687,-33.884399,335.28</coordinates>
        </Point>
      </Placemark>
      <Placemark>
        <name>2025-11-02 07:21:30 UTC</name>
        <description><![CDATA[<div><div><span><b>Altitude:</b></span> <span>1,100 ft</span></div>
<div><span><b>Speed:</b></span> <span>62 kt</span></div>
<div><span><b>Heading:</b></span> <span>132&deg;</span></div>
</div>]]></description>
        <TimeStamp>
          <when>2025-11-02T07:21:30+00:00</when>
        </TimeStamp>
        <Style>
          <IconStyle>
            <heading>132</heading>
            <Icon>
              <href>http://maps.google.com/mapfiles/kml/shapes/airports.png</href>
            </Icon>
          </IconStyle>
        </Style>
        <Point>
          <altitudeMode>absolute</altitudeMode>
          <coordinates>18.43119,-33.884857,335.28</coordinates>
        </Point>
      </Placemark>
      <Placemark>
        <name>2025-11-02 07:21:32 UTC</name>
        <description><![CDATA[<div><div><span><b>Altitude:</b></span> <span>1,100 ft</span></div>
<div><span><b>Speed:</b></span> <span>65 kt</span></div>
<div><span><b>Heading:</b></span> <span>115&deg;</span></div>
</div>]]></description>
        <TimeStamp>
          <when>2025-11-02T07:21:32+00:00</when>
        </TimeStamp>
        <Style>
          <IconStyle>
            <heading>115</heading>
            <Icon>
              <href>http://maps.google.com/mapfiles/kml/shapes/airports.png</href>
            </Icon>
          </IconStyle>
        </Style>
        <Point>
          <altitudeMode>absolute</altitudeMode>
          <coordinates>18.431864,-33.885178,335.28</coordinates>
        </Point>
      </Placemark>
      <Placemark>
        <name>2025-11-02 07:21:34 UTC</name>
        <description><![CDATA[<div><div><span><b>Altitude:</b></span> <span>1,200 ft</span></div>
<div><span><b>Speed:</b></span> <span>69 kt</span></div>
<div><span><b>Heading:</b></span> <span>95&deg;</span></div>
</div>]]></description>
        <TimeStamp>
          <when>2025-11-02T07:21:34+00:00</when>
        </TimeStamp>
        <Style>
          <IconStyle>
            <heading>95</heading>
            <Icon>
              <href>http://maps.google.com/mapfiles/kml/shapes/airports.png</href>
            </Icon>
          </IconStyle>
        </Style>
        <Point>
          <altitudeMode>absolute</altitudeMode>
          <coordinates>18.432598,-33.885326,365.76</coordinates>
        </Point>
      </Placemark>
      <Placemark>
        <name>2025-11-02 07:21:36 UTC</name>
        <description><![CDATA[<div><div><span><b>Altitude:</b></span> <span>1,200 ft</span></div>
<div><span><b>Speed:</b></span> <span>74 kt</span></div>
<div><span><b>Heading:</b></span> <span>80&deg;</span></div>
</div>]]></description>
        <TimeStamp>
          <when>2025-11-02T07:21:36+00:00</when>
        </TimeStamp>
        <Style>
          <IconStyle>
            <heading>80</heading>
            <Icon>
              <href>http://maps.google.com/mapfiles/kml/shapes/airports.png</href>
            </Icon>
          </IconStyle>
        </Style>
        <Point>
          <altitudeMode>absolute</altitudeMode>
          <coordinates>18.433489,-33.885269,365.76</coordinates>
        </Point>
      </Placemark>
      <Placemark>
        <name>2025-11-02 07:21:38 UTC</name>
        <description><![CDATA[<div><div><span><b>Altitude:</b></span> <span>1,200 ft</span></div>
<div><span><b>Speed:</b></span> <span>78 kt</span></div>
<div><span><b>Heading:</b></span> <span>68&deg;</span></div>
</div>]]></description>
        <TimeStamp>
          <when>2025-11-02T07:21:38+00:00</when>
        </TimeStamp>
        <Style>
          <IconStyle>
            <heading>68</heading>
            <Icon>
              <href>http://maps.google.com/mapfiles/kml/shapes/airports.png</href>
            </Icon>
          </IconStyle>
        </Style>
        <Point>
          <altitudeMode>absolute</altitudeMode>
          <coordinates>18.434315,-33.885048,365.76</coordinates>
        </Point>
      </Placemark>
      <Placemark>
        <name>2025-11-02 07:21:40 UTC</name>
        <description><![CDATA[<div><div><span><b>Altitude:</b></span> <span>1,200 ft</span></div>
<div><span><b>Speed:</b></span> <span>84 kt</span></div>
<div><span><b>Heading:</b></span> <span>50&deg;</span></div>
</div>]]></description>
        <TimeStamp>
          <when>2025-11-02T07:21:40+00:00</when>
        </TimeStamp>
        <Style>
          <IconStyle>
            <heading>50</heading>
            <Icon>
              <href>http://maps.google.com/mapfiles/kml/shapes/airports.png</href>
            </Icon>
          </IconStyle>
        </Style>
        <Point>
          <altitudeMode>absolute</altitudeMode>
          <coordinates>18.435114,-33.884628,365.76</coordinates>
        </Point>
      </Placemark>
      <Placemark>
        <name>2025-11-02 07:21:43 UTC</name>
        <description><![CDATA[<div><div><span><b>Altitude:</b></span> <span>1,300 ft</span></div>
<div><span><b>Speed:</b></span> <span>87 kt</span></div>
<div><span><b>Heading:</b></span> <span>37&deg;</span></div>
</div>]]></description>
        <TimeStamp>
          <when>2025-11-02T07:21:43+00:00</when>
        </TimeStamp>
        <Style>
          <IconStyle>
            <heading>37</heading>
            <Icon>
              <href>http://maps.google.com/mapfiles/kml/shapes/airports.png</href>
            </Icon>
          </IconStyle>
        </Style>
        <Point>
          <altitudeMode>absolute</altitudeMode>
          <coordinates>18.435917,-33.88393,396.24</coordinates>
        </Point>
      </Placemark>
      <Placemark>
        <name>2025-11-02 07:21:45 UTC</name>
        <description><![CDATA[<div><div><span><b>Altitude:</b></span> <span>1,300 ft</span></div>
<div><span><b>Speed:</b></span> <span>90 kt</span></div>
<div><span><b>Heading:</b></span> <span>22&deg;</span></div>
</div>]]></description>
        <TimeStamp>
          <when>2025-11-02T07:21:45+00:00</when>
        </TimeStamp>
        <Style>
          <IconStyle>
            <heading>22</heading>
            <Icon>
              <href>http://maps.google.com/mapfiles/kml/shapes/airports.png</href>
            </Icon>
          </IconStyle>
        </Style>
        <Point>
          <altitudeMode>absolute</altitudeMode>
          <coordinates>18.436432,-33.883091,396.24</coordinates>
        </Point>
      </Placemark>
      <Placemark>
        <name>2025-11-02 07:21:47 UTC</name>
        <description><![CDATA[<div><div><span><b>Altitude:</b></span> <span>1,300 ft</span></div>
<div><span><b>Speed:</b></span> <span>91 kt</span></div>
<div><span><b>Heading:</b></span> <span>10&deg;</span></div>
</div>]]></description>
        <TimeStamp>
          <when>2025-11-02T07:21:47+00:00</when>
        </TimeStamp>
        <Style>
          <IconStyle>
            <heading>10</heading>
            <Icon>
              <href>http://maps.google.com/mapfiles/kml/shapes/airports.png</href>
            </Icon>
          </IconStyle>
        </Style>
        <Point>
          <altitudeMode>absolute</altitudeMode>
          <coordinates>18.436718,-33.882114,396.24</coordinates>
        </Point>
      </Placemark>
      <Placemark>
        <name>2025-11-02 07:21:49 UTC</name>
        <description><![CDATA[<div><div><span><b>Altitude:</b></span> <span>1,400 ft</span></div>
<div><span><b>Speed:</b></span> <span>94 kt</span></div>
<div><span><b>Heading:</b></span> <span>358&deg;</span></div>
</div>]]></description>
        <TimeStamp>
          <when>2025-11-02T07:21:49+00:00</when>
        </TimeStamp>
        <Style>
          <IconStyle>
            <heading>358</heading>
            <Icon>
              <href>http://maps.google.com/mapfiles/kml/shapes/airports.png</href>
            </Icon>
          </IconStyle>
        </Style>
        <Point>
          <altitudeMode>absolute</altitudeMode>
          <coordinates>18.436718,-33.881229,426.72</coordinates>
        </Point>
      </Placemark>
      <Placemark>
        <name>2025-11-02 07:21:51 UTC</name>
        <description><![CDATA[<div><div><span><b>Altitude:</b></span> <span>1,400 ft</span></div>
<div><span><b>Speed:</b></span> <span>97 kt</span></div>
<div><span><b>Heading:</b></span> <span>345&deg;</span></div>
</div>]]></description>
        <TimeStamp>
          <when>2025-11-02T07:21:51+00:00</when>
        </TimeStamp>
        <Style>
          <IconStyle>
            <heading>345</heading>
            <Icon>
              <href>http://maps.google.com/mapfiles/kml/shapes/airports.png</href>
            </Icon>
          </IconStyle>
        </Style>
        <Point>
          <altitudeMode>absolute</altitudeMode>
          <coordinates>18.436571,-33.8806,426.72</coordinates>
        </Point>
      </Placemark>
      <Placemark>
        <name>2025-11-02 07:21:54 UTC</name>
        <description><![CDATA[<div><div><span><b>Altitude:</b></span> <span>1,400 ft</span></div>
<div><span><b>Speed:</b></span> <span>99 kt</span></div>
<div><span><b>Heading:</b></span> <span>333&deg;</span></div>
</div>]]></description>
        <TimeStamp>
          <when>2025-11-02T07:21:54+00:00</when>
        </TimeStamp>
        <Style>
          <IconStyle>
            <heading>333</heading>
            <Icon>
              <href>http://maps.google.com/mapfiles/kml/shapes/airports.png</href>
            </Icon>
          </IconStyle>
        </Style>
        <Point>
          <altitudeMode>absolute</altitudeMode>
          <coordinates>18.436012,-33.879501,426.72</coordinates>
        </Point>
      </Placemark>
      <Placemark>
        <name>2025-11-02 07:21:56 UTC</name>
        <description><![CDATA[<div><div><span><b>Altitude:</b></span> <span>1,500 ft</span></div>
<div><span><b>Speed:</b></span> <span>100 kt</span></div>
<div><span><b>Heading:</b></span> <span>321&deg;</span></div>
</div>]]></description>
        <TimeStamp>
          <when>2025-11-02T07:21:56+00:00</when>
        </TimeStamp>
        <Style>
          <IconStyle>
            <heading>321</heading>
            <Icon>
              <href>http://maps.google.com/mapfiles/kml/shapes/airports.png</href>
            </Icon>
          </IconStyle>
        </Style>
        <Point>
          <altitudeMode>absolute</altitudeMode>
          <coordinates>18.43523,-33.878532,457.2</coordinates>
        </Point>
      </Placemark>
      <Placemark>
        <name>2025-11-02 07:21:58 UTC</name>
        <description><![CDATA[<div><div><span><b>Altitude:</b></span> <span>1,500 ft</span></div>
<div><span><b>Speed:</b></span> <span>99 kt</span></div>
<div><span><b>Heading:</b></span> <span>314&deg;</span></div>
</div>]]></description>
        <TimeStamp>
          <when>2025-11-02T07:21:58+00:00</when>
        </TimeStamp>
        <Style>
          <IconStyle>
            <heading>314</heading>
            <Icon>
              <href>http://maps.google.com/mapfiles/kml/shapes/airports.png</href>
            </Icon>
          </IconStyle>
        </Style>
        <Point>
          <altitudeMode>absolute</altitudeMode>
          <coordinates>18.434275,-33.877716,457.2</coordinates>
        </Point>
      </Placemark>
      <Placemark>
        <name>2025-11-02 07:22:00 UTC</name>
        <description><![CDATA[<div><div><span><b>Altitude:</b></span> <span>1,600 ft</span></div>
<div><span><b>Speed:</b></span> <span>98 kt</span></div>
<div><span><b>Heading:</b></span> <span>307&deg;</span></div>
</div>]]></description>
        <TimeStamp>
          <when>2025-11-02T07:22:00+00:00</when>
        </TimeStamp>
        <Style>
          <IconStyle>
            <heading>307</heading>
            <Icon>
              <href>http://maps.google.com/mapfiles/kml/shapes/airports.png</href>
            </Icon>
          </IconStyle>
        </Style>
        <Point>
          <altitudeMode>absolute</altitudeMode>
          <coordinates>18.433285,-33.877041,487.68</coordinates>
        </Point>
      </Placemark>
      <Placemark>
        <name>2025-11-02 07:22:03 UTC</name>
        <description><![CDATA[<div><div><span><b>Altitude:</b></span> <span>1,600 ft</span></div>
<div><span><b>Speed:</b></span> <span>98 kt</span></div>
<div><span><b>Heading:</b></span> <span>303&deg;</span></div>
</div>]]></description>
        <TimeStamp>
          <when>2025-11-02T07:22:03+00:00</when>
        </TimeStamp>
        <Style>
          <IconStyle>
            <heading>303</heading>
            <Icon>
              <href>http://maps.google.com/mapfiles/kml/shapes/airports.png</href>
            </Icon>
          </IconStyle>
        </Style>
        <Point>
          <altitudeMode>absolute</altitudeMode>
          <coordinates>18.432198,-33.876434,487.68</coordinates>
        </Point>
      </Placemark>
      <Placemark>
        <name>2025-11-02 07:22:05 UTC</name>
        <description><![CDATA[<div><div><span><b>Altitude:</b></span> <span>1,600 ft</span></div>
<div><span><b>Speed:</b></span> <span>97 kt</span></div>
<div><span><b>Heading:</b></span> <span>300&deg;</span></div>
</div>]]></description>
        <TimeStamp>
          <when>2025-11-02T07:22:05+00:00</when>
        </TimeStamp>
        <Style>
          <IconStyle>
            <heading>300</heading>
            <Icon>
              <href>http://maps.google.com/mapfiles/kml/shapes/airports.png</href>
            </Icon>
          </IconStyle>
        </Style>
        <Point>
          <altitudeMode>absolute</altitudeMode>
          <coordinates>18.431225,-33.875923,487.68</coordinates>
        </Point>
      </Placemark>
      <Placemark>
        <name>2025-11-02 07:22:07 UTC</name>
        <description><![CDATA[<div><div><span><b>Altitude:</b></span> <span>1,700 ft</span></div>
<div><span><b>Speed:</b></span> <span>98 kt</span></div>
<div><span><b>Heading:</b></span> <span>299&deg;</span></div>
</div>]]></description>
        <TimeStamp>
          <when>2025-11-02T07:22:07+00:00</when>
        </TimeStamp>
        <Style>
          <IconStyle>
            <heading>299</heading>
            <Icon>
              <href>http://maps.google.com/mapfiles/kml/shapes/airports.png</href>
            </Icon>
          </IconStyle>
        </Style>
        <Point>
          <altitudeMode>absolute</altitudeMode>
          <coordinates>18.430069,-33.875381,518.16</coordinates>
        </Point>
      </Placemark>
      <Placemark>
        <name>2025-11-02 07:22:10 UTC</name>
        <description><![CDATA[<div><div><span><b>Altitude:</b></span> <span>1,700 ft</span></div>
<div><span><b>Speed:</b></span> <span>98 kt</span></div>
<div><span><b>Heading:</b></span> <span>296&deg;</span></div>
</div>]]></description>
        <TimeStamp>
          <when>2025-11-02T07:22:10+00:00</when>
        </TimeStamp>
        <Style>
          <IconStyle>
            <heading>296</heading>
            <Icon>
              <href>http://maps.google.com/mapfiles/kml/shapes/airports.png</href>
            </Icon>
          </IconStyle>
        </Style>
        <Point>
          <altitudeMode>absolute</altitudeMode>
          <coordinates>18.42905,-33.874947,518.16</coordinates>
        </Point>
      </Placemark>
      <Placemark>
        <name>2025-11-02 07:22:12 UTC</name>
        <description><![CDATA[<div><div><span><b>Altitude:</b></span> <span>1,700 ft</span></div>
<div><span><b>Speed:</b></span> <span>99 kt</span></div>
<div><span><b>Heading:</b></span> <span>293&deg;</span></div>
</div>]]></description>
        <TimeStamp>
          <when>2025-11-02T07:22:12+00:00</when>
        </TimeStamp>
        <Style>
          <IconStyle>
            <heading>293</heading>
            <Icon>
              <href>http://maps.google.com/mapfiles/kml/shapes/airports.png</href>
            </Icon>
          </IconStyle>
        </Style>
        <Point>
          <altitudeMode>absolute</altitudeMode>
          <coordinates>18.427996,-33.874557,518.16</coordinates>
        </Point>
      </Placemark>
      <Placemark>
        <name>2025-11-02 07:22:14 UTC</name>
        <description><![CDATA[<div><div><span><b>Altitude:</b></span> <span>1,700 ft</span></div>
<div><span><b>Speed:</b></span> <span>100 kt</span></div>
<div><span><b>Heading:</b></span> <span>289&deg;</span></div>
</div>]]></description>
        <TimeStamp>
          <when>2025-11-02T07:22:14+00:00</when>
        </TimeStamp>
        <Style>
          <IconStyle>
            <heading>289</heading>
            <Icon>
              <href>http://maps.google.com/mapfiles/kml/shapes/airports.png</href>
            </Icon>
          </IconStyle>
        </Style>
        <Point>
          <altitudeMode>absolute</altitudeMode>
          <coordinates>18.426931,-33.874191,518.16</coordinates>
        </Point>
      </Placemark>
      <Placemark>
        <name>2025-11-02 07:22:16 UTC</name>
        <description><![CDATA[<div><div><span><b>Altitude:</b></span> <span>1,700 ft</span></div>
<div><span><b>Speed:</b></span> <span>102 kt</span></div>
<div><span><b>Heading:</b></span> <span>285&deg;</span></div>
</div>]]></description>
        <TimeStamp>
          <when>2025-11-02T07:22:16+00:00</when>
        </TimeStamp>
        <Style>
          <IconStyle>
            <heading>285</heading>
            <Icon>
              <href>http://maps.google.com/mapfiles/kml/shapes/airports.png</href>
            </Icon>
          </IconStyle>
        </Style>
        <Point>
          <altitudeMode>absolute</altitudeMode>
          <coordinates>18.425642,-33.873871,518.16</coordinates>
        </Point>
      </Placemark>
      <Placemark>
        <name>2025-11-02 07:22:19 UTC</name>
        <description><![CDATA[<div><div><span><b>Altitude:</b></span> <span>1,800 ft</span></div>
<div><span><b>Speed:</b></span> <span>102 kt</span></div>
<div><span><b>Heading:</b></span> <span>282&deg;</span></div>
</div>]]></description>
        <TimeStamp>
          <when>2025-11-02T07:22:19+00:00</when>
        </TimeStamp>
        <Style>
          <IconStyle>
            <heading>282</heading>
            <Icon>
              <href>http://maps.google.com/mapfiles/kml/shapes/airports.png</href>
            </Icon>
          </IconStyle>
        </Style>
        <Point>
          <altitudeMode>absolute</altitudeMode>
          <coordinates>18.42424,-33.873596,548.64</coordinates>
        </Point>
      </Placemark>
      <Placemark>
        <name>2025-11-02 07:22:21 UTC</name>
        <description><![CDATA[<div><div><span><b>Altitude:</b></span> <span>1,800 ft</span></div>
<div><span><b>Speed:</b></span> <span>104 kt</span></div>
<div><span><b>Heading:</b></span> <span>280&deg;</span></div>
</div>]]></description>
        <TimeStamp>
          <when>2025-11-02T07:22:21+00:00</when>
        </TimeStamp>
        <Style>
          <IconStyle>
            <heading>280</heading>
            <Icon>
              <href>http://maps.google.com/mapfiles/kml/shapes/airports.png</href>
            </Icon>
          </IconStyle>
        </Style>
        <Point>
          <altitudeMode>absolute</altitudeMode>
          <coordinates>18.423119,-33.873413,548.64</coordinates>
        </Point>
      </Placemark>
      <Placemark>
        <name>2025-11-02 07:22:23 UTC</name>
        <description><![CDATA[<div><div><span><b>Altitude:</b></span> <span>1,800 ft</span></div>
<div><span><b>Speed:</b></span> <span>105 kt</span></div>
<div><span><b>Heading:</b></span> <span>277&deg;</span></div>
</div>]]></description>
        <TimeStamp>
          <when>2025-11-02T07:22:23+00:00</when>
        </TimeStamp>
        <Style>
          <IconStyle>
            <heading>277</heading>
            <Icon>
              <href>http://maps.google.com/mapfiles/kml/shapes/airports.png</href>
            </Icon>
          </IconStyle>
        </Style>
        <Point>
          <altitudeMode>absolute</altitudeMode>
          <coordinates>18.421606,-33.87323,548.64</coordinates>
        </Point>
      </Placemark>
      <Placemark>
        <name>2025-11-02 07:22:25 UTC</name>
        <description><![CDATA[<div><div><span><b>Altitude:</b></span> <span>1,800 ft</span></div>
<div><span><b>Speed:</b></span> <span>106 kt</span></div>
<div><span><b>Heading:</b></span> <span>275&deg;</span></div>
</div>]]></description>
        <TimeStamp>
          <when>2025-11-02T07:22:25+00:00</when>
        </TimeStamp>
        <Style>
          <IconStyle>
            <heading>275</heading>
            <Icon>
              <href>http://maps.google.com/mapfiles/kml/shapes/airports.png</href>
            </Icon>
          </IconStyle>
        </Style>
        <Point>
          <altitudeMode>absolute</altitudeMode>
          <coordinates>18.420353,-33.873131,548.64</coordinates>
        </Point>
      </Placemark>
      <Placemark>
        <name>2025-11-02 07:22:27 UTC</name>
        <description><![CDATA[<div><div><span><b>Altitude:</b></span> <span>1,800 ft</span></div>
<div><span><b>Speed:</b></span> <span>107 kt</span></div>
<div><span><b>Heading:</b></span> <span>272&deg;</span></div>
</div>]]></description>
        <TimeStamp>
          <when>2025-11-02T07:22:27+00:00</when>
        </TimeStamp>
        <Style>
          <IconStyle>
            <heading>272</heading>
            <Icon>
              <href>http://maps.google.com/mapfiles/kml/shapes/airports.png</href>
            </Icon>
          </IconStyle>
        </Style>
        <Point>
          <altitudeMode>absolute</altitudeMode>
          <coordinates>18.41938,-33.873085,548.64</coordinates>
        </Point>
      </Placemark>
      <Placemark>
        <name>2025-11-02 07:22:30 UTC</name>
        <description><![CDATA[<div><div><span><b>Altitude:</b></span> <span>1,800 ft</span></div>
<div><span><b>Speed:</b></span> <span>108 kt</span></div>
<div><span><b>Heading:</b></span> <span>270&deg;</span></div>
</div>]]></description>
        <TimeStamp>
          <when>2025-11-02T07:22:30+00:00</when>
        </TimeStamp>
        <Style>
          <IconStyle>
            <heading>270</heading>
            <Icon>
              <href>http://maps.google.com/mapfiles/kml/shapes/airports.png</href>
            </Icon>
          </IconStyle>
        </Style>
        <Point>
          <altitudeMode>absolute</altitudeMode>
          <coordinates>18.417738,-33.873047,548.64</coordinates>
        </Point>
      </Placemark>
      <Placemark>
        <name>2025-11-02 07:22:32 UTC</name>
        <description><![CDATA[<div><div><span><b>Altitude:</b></span> <span>1,800 ft</span></div>
<div><span><b>Speed:</b></span> <span>109 kt</span></div>
<div><span><b>Heading:</b></span> <span>267&deg;</span></div>
</div>]]></description>
        <TimeStamp>
          <when>2025-11-02T07:22:32+00:00</when>
        </TimeStamp>
        <Style>
          <IconStyle>
            <heading>267</heading>
            <Icon>
              <href>http://maps.google.com/mapfiles/kml/shapes/airports.png</href>
            </Icon>
          </IconStyle>
        </Style>
        <Point>
          <altitudeMode>absolute</altitudeMode>
          <coordinates>18.416519,-33.873085,548.64</coordinates>
        </Point>
      </Placemark>
      <Placemark>
        <name>2025-11-02 07:22:34 UTC</name>
        <description><![CDATA[<div><div><span><b>Altitude:</b></span> <span>1,800 ft</span></div>
<div><span><b>Speed:</b></span> <span>110 kt</span></div>
<div><span><b>Heading:</b></span> <span>266&deg;</span></div>
</div>]]></description>
        <TimeStamp>
          <when>2025-11-02T07:22:34+00:00</when>
        </TimeStamp>
        <Style>
          <IconStyle>
            <heading>266</heading>
            <Icon>
              <href>http://maps.google.com/mapfiles/kml/shapes/airports.png</href>
            </Icon>
          </IconStyle>
        </Style>
        <Point>
          <altitudeMode>absolute</altitudeMode>
          <coordinates>18.414991,-33.873184,548.64</coordinates>
        </Point>
      </Placemark>
      <Placemark>
        <name>2025-11-02 07:22:37 UTC</name>
        <description><![CDATA[<div><div><span><b>Altitude:</b></span> <span>1,800 ft</span></div>
<div><span><b>Speed:</b></span> <span>111 kt</span></div>
<div><span><b>Heading:</b></span> <span>264&deg;</span></div>
</div>]]></description>
        <TimeStamp>
          <when>2025-11-02T07:22:37+00:00</when>
        </TimeStamp>
        <Style>
          <IconStyle>
            <heading>264</heading>
            <Icon>
              <href>http://maps.google.com/mapfiles/kml/shapes/airports.png</href>
            </Icon>
          </IconStyle>
        </Style>
        <Point>
          <altitudeMode>absolute</altitudeMode>
          <coordinates>18.413366,-33.873276,548.64</coordinates>
        </Point>
      </Placemark>
      <Placemark>
        <name>2025-11-02 07:22:39 UTC</name>
        <description><![CDATA[<div><div><span><b>Altitude:</b></span> <span>1,800 ft</span></div>
<div><span><b>Speed:</b></span> <span>112 kt</span></div>
<div><span><b>Heading:</b></span> <span>262&deg;</span></div>
</div>]]></description>
        <TimeStamp>
          <when>2025-11-02T07:22:39+00:00</when>
        </TimeStamp>
        <Style>
          <IconStyle>
            <heading>262</heading>
            <Icon>
              <href>http://maps.google.com/mapfiles/kml/shapes/airports.png</href>
            </Icon>
          </IconStyle>
        </Style>
        <Point>
          <altitudeMode>absolute</altitudeMode>
          <coordinates>18.412113,-33.873409,548.64</coordinates>
        </Point>
      </Placemark>
      <Placemark>
        <name>2025-11-02 07:22:41 UTC</name>
        <description><![CDATA[<div><div><span><b>Altitude:</b></span> <span>1,800 ft</span></div>
<div><span><b>Speed:</b></span> <span>114 kt</span></div>
<div><span><b>Heading:</b></span> <span>261&deg;</span></div>
</div>]]></description>
        <TimeStamp>
          <when>2025-11-02T07:22:41+00:00</when>
        </TimeStamp>
        <Style>
          <IconStyle>
            <heading>261</heading>
            <Icon>
              <href>http://maps.google.com/mapfiles/kml/shapes/airports.png</href>
            </Icon>
          </IconStyle>
        </Style>
        <Point>
          <altitudeMode>absolute</altitudeMode>
          <coordinates>18.410568,-33.873596,548.64</coordinates>
        </Point>
      </Placemark>
      <Placemark>
        <name>2025-11-02 07:22:43 UTC</name>
        <description><![CDATA[<div><div><span><b>Altitude:</b></span> <span>1,800 ft</span></div>
<div><span><b>Speed:</b></span> <span>116 kt</span></div>
<div><span><b>Heading:</b></span> <span>260&deg;</span></div>
</div>]]></description>
        <TimeStamp>
          <when>2025-11-02T07:22:43+00:00</when>
        </TimeStamp>
        <Style>
          <IconStyle>
            <heading>260</heading>
            <Icon>
              <href>http://maps.google.com/mapfiles/kml/shapes/airports.png</href>
            </Icon>
          </IconStyle>
        </Style>
        <Point>
          <altitudeMode>absolute</altitudeMode>
          <coordinates>18.40933,-33.873779,548.64</coordinates>
        </Point>
      </Placemark>
      <Placemark>
        <name>2025-11-02 07:22:46 UTC</name>
        <description><![CDATA[<div><div><span><b>Altitude:</b></span> <span>1,800 ft</span></div>
<div><span><b>Speed:</b></span> <span>116 kt</span></div>
<div><span><b>Heading:</b></span> <span>258&deg;</span></div>
</div>]]></description>
        <TimeStamp>
          <when>2025-11-02T07:22:46+00:00</when>
        </TimeStamp>
        <Style>
          <IconStyle>
            <heading>258</heading>
            <Icon>
              <href>http://maps.google.com/mapfiles/kml/shapes/airports.png</href>
            </Icon>
          </IconStyle>
        </Style>
        <Point>
          <altitudeMode>absolute</altitudeMode>
          <coordinates>18.407818,-33.874008,548.64</coordinates>
        </Point>
      </Placemark>
      <Placemark>
        <name>2025-11-02 07:22:48 UTC</name>
        <description><![CDATA[<div><div><span><b>Altitude:</b></span> <span>1,800 ft</span></div>
<div><span><b>Speed:</b></span> <span>116 kt</span></div>
<div><span><b>Heading:</b></span> <span>257&deg;</span></div>
</div>]]></description>
        <TimeStamp>
          <when>2025-11-02T07:22:48+00:00</when>
        </TimeStamp>
        <Style>
          <IconStyle>
            <heading>257</heading>
            <Icon>
              <href>http://maps.google.com/mapfiles/kml/shapes/airports.png</href>
            </Icon>
          </IconStyle>
        </Style>
        <Point>
          <altitudeMode>absolute</altitudeMode>
          <coordinates>18.406528,-33.874237,548.64</coordinates>
        </Point>
      </Placemark>
      <Placemark>
        <name>2025-11-02 07:22:50 UTC</name>
        <description><![CDATA[<div><div><span><b>Altitude:</b></span> <span>1,800 ft</span></div>
<div><span><b>Speed:</b></span> <span>115 kt</span></div>
<div><span><b>Heading:</b></span> <span>255&deg;</span></div>
</div>]]></description>
        <TimeStamp>
          <when>2025-11-02T07:22:50+00:00</when>
        </TimeStamp>
        <Style>
          <IconStyle>
            <heading>255</heading>
            <Icon>
              <href>http://maps.google.com/mapfiles/kml/shapes/airports.png</href>
            </Icon>
          </IconStyle>
        </Style>
        <Point>
          <altitudeMode>absolute</altitudeMode>
          <coordinates>18.405127,-33.874512,548.64</coordinates>
        </Point>
      </Placemark>
      <Placemark>
        <name>2025-11-02 07:22:52 UTC</name>
        <description><![CDATA[<div><div><span><b>Altitude:</b></span> <span>1,800 ft</span></div>
<div><span><b>Speed:</b></span> <span>116 kt</span></div>
<div><span><b>Heading:</b></span> <span>253&deg;</span></div>
</div>]]></description>
        <TimeStamp>
          <when>2025-11-02T07:22:52+00:00</when>
        </TimeStamp>
        <Style>
          <IconStyle>
            <heading>253</heading>
            <Icon>
              <href>http://maps.google.com/mapfiles/kml/shapes/airports.png</href>
            </Icon>
          </IconStyle>
        </Style>
        <Point>
          <altitudeMode>absolute</altitudeMode>
          <coordinates>18.403931,-33.874805,548.64</coordinates>
        </Point>
      </Placemark>
      <Placemark>
        <name>2025-11-02 07:22:54 UTC</name>
        <description><![CDATA[<div><div><span><b>Altitude:</b></span> <span>1,800 ft</span></div>
<div><span><b>Speed:</b></span> <span>116 kt</span></div>
<div><span><b>Heading:</b></span> <span>252&deg;</span></div>
</div>]]></description>
        <TimeStamp>
          <when>2025-11-02T07:22:54+00:00</when>
        </TimeStamp>
        <Style>
          <IconStyle>
            <heading>252</heading>
            <Icon>
              <href>http://maps.google.com/mapfiles/kml/shapes/airports.png</href>
            </Icon>
          </IconStyle>
        </Style>
        <Point>
          <altitudeMode>absolute</altitudeMode>
          <coordinates>18.402325,-33.875198,548.64</coordinates>
        </Point>
      </Placemark>
      <Placemark>
        <name>2025-11-02 07:22:57 UTC</name>
        <description><![CDATA[<div><div><span><b>Altitude:</b></span> <span>1,800 ft</span></div>
<div><span><b>Speed:</b></span> <span>115 kt</span></div>
<div><span><b>Heading:</b></span> <span>250&deg;</span></div>
</div>]]></description>
        <TimeStamp>
          <when>2025-11-02T07:22:57+00:00</when>
        </TimeStamp>
        <Style>
          <IconStyle>
            <heading>250</heading>
            <Icon>
              <href>http://maps.google.com/mapfiles/kml/shapes/airports.png</href>
            </Icon>
          </IconStyle>
        </Style>
        <Point>
          <altitudeMode>absolute</altitudeMode>
          <coordinates>18.401371,-33.875473,548.64</coordinates>
        </Point>
      </Placemark>
      <Placemark>
        <name>2025-11-02 07:22:59 UTC</name>
        <description><![CDATA[<div><div><span><b>Altitude:</b></span> <span>1,800 ft</span></div>
<div><span><b>Speed:</b></span> <span>116 kt</span></div>
<div><span><b>Heading:</b></span> <span>248&deg;</span></div>
</div>]]></description>
        <TimeStamp>
          <when>2025-11-02T07:22:59+00:00</when>
        </TimeStamp>
        <Style>
          <IconStyle>
            <heading>248</heading>
            <Icon>
              <href>http://maps.google.com/mapfiles/kml/shapes/airports.png</href>
            </Icon>
          </IconStyle>
        </Style>
        <Point>
          <altitudeMode>absolute</altitudeMode>
          <coordinates>18.399969,-33.875931,548.64</coordinates>
        </Point>
      </Placemark>
      <Placemark>
        <name>2025-11-02 07:23:01 UTC</name>
        <description><![CDATA[<div><div><span><b>Altitude:</b></span> <span>1,800 ft</span></div>
<div><span><b>Speed:</b></span> <span>115 kt</span></div>
<div><span><b>Heading:</b></span> <span>246&deg;</span></div>
</div>]]></description>
        <TimeStamp>
          <when>2025-11-02T07:23:01+00:00</when>
        </TimeStamp>
        <Style>
          <IconStyle>
            <heading>246</heading>
            <Icon>
              <href>http://maps.google.com/mapfiles/kml/shapes/airports.png</href>
            </Icon>
          </IconStyle>
        </Style>
        <Point>
          <altitudeMode>absolute</altitudeMode>
          <coordinates>18.398512,-33.876434,548.64</coordinates>
        </Point>
      </Placemark>
      <Placemark>
        <name>2025-11-02 07:23:03 UTC</name>
        <description><![CDATA[<div><div><span><b>Altitude:</b></span> <span>1,800 ft</span></div>
<div><span><b>Speed:</b></span> <span>115 kt</span></div>
<div><span><b>Heading:</b></span> <span>245&deg;</span></div>
</div>]]></description>
        <TimeStamp>
          <when>2025-11-02T07:23:03+00:00</when>
        </TimeStamp>
        <Style>
          <IconStyle>
            <heading>245</heading>
            <Icon>
              <href>http://maps.google.com/mapfiles/kml/shapes/airports.png</href>
            </Icon>
          </IconStyle>
        </Style>
        <Point>
          <altitudeMode>absolute</altitudeMode>
          <coordinates>18.397223,-33.876938,548.64</coordinates>
        </Point>
      </Placemark>
      <Placemark>
        <name>2025-11-02 07:23:05 UTC</name>
        <description><![CDATA[<div><div><span><b>Altitude:</b></span> <span>1,800 ft</span></div>
<div><span><b>Speed:</b></span> <span>115 kt</span></div>
<div><span><b>Heading:</b></span> <span>243&deg;</span></div>
</div>]]></description>
        <TimeStamp>
          <when>2025-11-02T07:23:05+00:00</when>
        </TimeStamp>
        <Style>
          <IconStyle>
            <heading>243</heading>
            <Icon>
              <href>http://maps.google.com/mapfiles/kml/shapes/airports.png</href>
            </Icon>
          </IconStyle>
        </Style>
        <Point>
          <altitudeMode>absolute</altitudeMode>
          <coordinates>18.395878,-33.877487,548.64</coordinates>
        </Point>
      </Placemark>
      <Placemark>
        <name>2025-11-02 07:23:08 UTC</name>
        <description><![CDATA[<div><div><span><b>Altitude:</b></span> <span>1,800 ft</span></div>
<div><span><b>Speed:</b></span> <span>115 kt</span></div>
<div><span><b>Heading:</b></span> <span>242&deg;</span></div>
</div>]]></description>
        <TimeStamp>
          <when>2025-11-02T07:23:08+00:00</when>
        </TimeStamp>
        <Style>
          <IconStyle>
            <heading>242</heading>
            <Icon>
              <href>http://maps.google.com/mapfiles/kml/shapes/airports.png</href>
            </Icon>
          </IconStyle>
        </Style>
        <Point>
          <altitudeMode>absolute</altitudeMode>
          <coordinates>18.394661,-33.878017,548.64</coordinates>
        </Point>
      </Placemark>
      <Placemark>
        <name>2025-11-02 07:23:10 UTC</name>
        <description><![CDATA[<div><div><span><b>Altitude:</b></span> <span>1,800 ft</span></div>
<div><span><b>Speed:</b></span> <span>116 kt</span></div>
<div><span><b>Heading:</b></span> <span>239&deg;</span></div>
</div>]]></description>
        <TimeStamp>
          <when>2025-11-02T07:23:10+00:00</when>
        </TimeStamp>
        <Style>
          <IconStyle>
            <heading>239</heading>
            <Icon>
              <href>http://maps.google.com/mapfiles/kml/shapes/airports.png</href>
            </Icon>
          </IconStyle>
        </Style>
        <Point>
          <altitudeMode>absolute</altitudeMode>
          <coordinates>18.393574,-33.878578,548.64</coordinates>
        </Point>
      </Placemark>
      <Placemark>
        <name>2025-11-02 07:23:12 UTC</name>
        <description><![CDATA[<div><div><span><b>Altitude:</b></span> <span>1,800 ft</span></div>
<div><span><b>Speed:</b></span> <span>116 kt</span></div>
<div><span><b>Heading:</b></span> <span>237&deg;</span></div>
</div>]]></description>
        <TimeStamp>
          <when>2025-11-02T07:23:12+00:00</when>
        </TimeStamp>
        <Style>
          <IconStyle>
            <heading>237</heading>
            <Icon>
              <href>http://maps.google.com/mapfiles/kml/shapes/airports.png</href>
            </Icon>
          </IconStyle>
        </Style>
        <Point>
          <altitudeMode>absolute</altitudeMode>
          <coordinates>18.3922,-33.87923,548.64</coordinates>
        </Point>
      </Placemark>
      <Placemark>
        <name>2025-11-02 07:23:14 UTC</name>
        <description><![CDATA[<div><div><span><b>Altitude:</b></span> <span>1,700 ft</span></div>
<div><span><b>Speed:</b></span> <span>118 kt</span></div>
<div><span><b>Heading:</b></span> <span>237&deg;</span></div>
</div>]]></description>
        <TimeStamp>
          <when>2025-11-02T07:23:14+00:00</when>
        </TimeStamp>
        <Style>
          <IconStyle>
            <heading>237</heading>
            <Icon>
              <href>http://maps.google.com/mapfiles/kml/shapes/airports.png</href>
            </Icon>
          </IconStyle>
        </Style>
        <Point>
          <altitudeMode>absolute</altitudeMode>
          <coordinates>18.390884,-33.879929,518.16</coordinates>
        </Point>
      </Placemark>
      <Placemark>
        <name>2025-11-02 07:23:16 UTC</name>
        <description><![CDATA[<div><div><span><b>Altitude:</b></span> <span>1,800 ft</span></div>
<div><span><b>Speed:</b></span> <span>116 kt</span></div>
<div><span><b>Heading:</b></span> <span>236&deg;</span></div>
</div>]]></description>
        <TimeStamp>
          <when>2025-11-02T07:23:16+00:00</when>
        </TimeStamp>
        <Style>
          <IconStyle>
            <heading>236</heading>
            <Icon>
              <href>http://maps.google.com/mapfiles/kml/shapes/airports.png</href>
            </Icon>
          </IconStyle>
        </Style>
        <Point>
          <altitudeMode>absolute</altitudeMode>
          <coordinates>18.389769,-33.880554,548.64</coordinates>
        </Point>
      </Placemark>
      <Placemark>
        <name>2025-11-02 07:23:18 UTC</name>
        <description><![CDATA[<div><div><span><b>Altitude:</b></span> <span>1,800 ft</span></div>
<div><span><b>Speed:</b></span> <span>113 kt</span></div>
<div><span><b>Heading:</b></span> <span>236&deg;</span></div>
</div>]]></description>
        <TimeStamp>
          <when>2025-11-02T07:23:18+00:00</when>
        </TimeStamp>
        <Style>
          <IconStyle>
            <heading>236</heading>
            <Icon>
              <href>http://maps.google.com/mapfiles/kml/shapes/airports.png</href>
            </Icon>
          </IconStyle>
        </Style>
        <Point>
          <altitudeMode>absolute</altitudeMode>
          <coordinates>18.388767,-33.881138,548.64</coordinates>
        </Point>
      </Placemark>
      <Placemark>
        <name>2025-11-02 07:23:21 UTC</name>
        <description><![CDATA[<div><div><span><b>Altitude:</b></span> <span>1,800 ft</span></div>
<div><span><b>Speed:</b></span> <span>112 kt</span></div>
<div><span><b>Heading:</b></span> <span>235&deg;</span></div>
</div>]]></description>
        <TimeStamp>
          <when>2025-11-02T07:23:21+00:00</when>
        </TimeStamp>
        <Style>
          <IconStyle>
            <heading>235</heading>
            <Icon>
              <href>http://maps.google.com/mapfiles/kml/shapes/airports.png</href>
            </Icon>
          </IconStyle>
        </Style>
        <Point>
          <altitudeMode>absolute</altitudeMode>
          <coordinates>18.387794,-33.881695,548.64</coordinates>
        </Point>
      </Placemark>
      <Placemark>
        <name>2025-11-02 07:23:23 UTC</name>
        <description><![CDATA[<div><div><span><b>Altitude:</b></span> <span>1,800 ft</span></div>
<div><span><b>Speed:</b></span> <span>110 kt</span></div>
<div><span><b>Heading:</b></span> <span>234&deg;</span></div>
</div>]]></description>
        <TimeStamp>
          <when>2025-11-02T07:23:23+00:00</when>
        </TimeStamp>
        <Style>
          <IconStyle>
            <heading>234</heading>
            <Icon>
              <href>http://maps.google.com/mapfiles/kml/shapes/airports.png</href>
            </Icon>
          </IconStyle>
        </Style>
        <Point>
          <altitudeMode>absolute</altitudeMode>
          <coordinates>18.386707,-33.882301,548.64</coordinates>
        </Point>
      </Placemark>
      <Placemark>
        <name>2025-11-02 07:23:25 UTC</name>
        <description><![CDATA[<div><div><span><b>Altitude:</b></span> <span>1,800 ft</span></div>
<div><span><b>Speed:</b></span> <span>109 kt</span></div>
<div><span><b>Heading:</b></span> <span>233&deg;</span></div>
</div>]]></description>
        <TimeStamp>
          <when>2025-11-02T07:23:25+00:00</when>
        </TimeStamp>
        <Style>
          <IconStyle>
            <heading>233</heading>
            <Icon>
              <href>http://maps.google.com/mapfiles/kml/shapes/airports.png</href>
            </Icon>
          </IconStyle>
        </Style>
        <Point>
          <altitudeMode>absolute</altitudeMode>
          <coordinates>18.385452,-33.883026,548.64</coordinates>
        </Point>
      </Placemark>
      <Placemark>
        <name>2025-11-02 07:23:27 UTC</name>
        <description><![CDATA[<div><div><span><b>Altitude:</b></span> <span>1,900 ft</span></div>
<div><span><b>Speed:</b></span> <span>108 kt</span></div>
<div><span><b>Heading:</b></span> <span>232&deg;</span></div>
</div>]]></description>
        <TimeStamp>
          <when>2025-11-02T07:23:27+00:00</when>
        </TimeStamp>
        <Style>
          <IconStyle>
            <heading>232</heading>
            <Icon>
              <href>http://maps.google.com/mapfiles/kml/shapes/airports.png</href>
            </Icon>
          </IconStyle>
        </Style>
        <Point>
          <altitudeMode>absolute</altitudeMode>
          <coordinates>18.384499,-33.883667,579.12</coordinates>
        </Point>
      </Placemark>
      <Placemark>
        <name>2025-11-02 07:23:30 UTC</name>
        <description><![CDATA[<div><div><span><b>Altitude:</b></span> <span>1,900 ft</span></div>
<div><span><b>Speed:</b></span> <span>108 kt</span></div>
<div><span><b>Heading:</b></span> <span>231&deg;</span></div>
</div>]]></description>
        <TimeStamp>
          <when>2025-11-02T07:23:30+00:00</when>
        </TimeStamp>
        <Style>
          <IconStyle>
            <heading>231</heading>
            <Icon>
              <href>http://maps.google.com/mapfiles/kml/shapes/airports.png</href>
            </Icon>
          </IconStyle>
        </Style>
        <Point>
          <altitudeMode>absolute</altitudeMode>
          <coordinates>18.383102,-33.884583,579.12</coordinates>
        </Point>
      </Placemark>
      <Placemark>
        <name>2025-11-02 07:23:32 UTC</name>
        <description><![CDATA[<div><div><span><b>Altitude:</b></span> <span>1,900 ft</span></div>
<div><span><b>Speed:</b></span> <span>107 kt</span></div>
<div><span><b>Heading:</b></span> <span>231&deg;</span></div>
</div>]]></description>
        <TimeStamp>
          <when>2025-11-02T07:23:32+00:00</when>
        </TimeStamp>
        <Style>
          <IconStyle>
            <heading>231</heading>
            <Icon>
              <href>http://maps.google.com/mapfiles/kml/shapes/airports.png</href>
            </Icon>
          </IconStyle>
        </Style>
        <Point>
          <altitudeMode>absolute</altitudeMode>
          <coordinates>18.38237,-33.885086,579.12</coordinates>
        </Point>
      </Placemark>
      <Placemark>
        <name>2025-11-02 07:23:34 UTC</name>
        <description><![CDATA[<div><div><span><b>Altitude:</b></span> <span>1,900 ft</span></div>
<div><span><b>Speed:</b></span> <span>108 kt</span></div>
<div><span><b>Heading:</b></span> <span>231&deg;</span></div>
</div>]]></description>
        <TimeStamp>
          <when>2025-11-02T07:23:34+00:00</when>
        </TimeStamp>
        <Style>
          <IconStyle>
            <heading>231</heading>
            <Icon>
              <href>http://maps.google.com/mapfiles/kml/shapes/airports.png</href>
            </Icon>
          </IconStyle>
        </Style>
        <Point>
          <altitudeMode>absolute</altitudeMode>
          <coordinates>18.3811,-33.885933,579.12</coordinates>
        </Point>
      </Placemark>
      <Placemark>
        <name>2025-11-02 07:23:36 UTC</name>
        <description><![CDATA[<div><div><span><b>Altitude:</b></span> <span>2,000 ft</span></div>
<div><span><b>Speed:</b></span> <span>108 kt</span></div>
<div><span><b>Heading:</b></span> <span>230&deg;</span></div>
</div>]]></description>
        <TimeStamp>
          <when>2025-11-02T07:23:36+00:00</when>
        </TimeStamp>
        <Style>
          <IconStyle>
            <heading>230</heading>
            <Icon>
              <href>http://maps.google.com/mapfiles/kml/shapes/airports.png</href>
            </Icon>
          </IconStyle>
        </Style>
        <Point>
          <altitudeMode>absolute</altitudeMode>
          <coordinates>18.380241,-33.88649,609.6</coordinates>
        </Point>
      </Placemark>
      <Placemark>
        <name>2025-11-02 07:23:39 UTC</name>
        <description><![CDATA[<div><div><span><b>Altitude:</b></span> <span>2,000 ft</span></div>
<div><span><b>Speed:</b></span> <span>107 kt</span></div>
<div><span><b>Heading:</b></span> <span>229&deg;</span></div>
</div>]]></description>
        <TimeStamp>
          <when>2025-11-02T07:23:39+00:00</when>
        </TimeStamp>
        <Style>
          <IconStyle>
            <heading>229</heading>
            <Icon>
              <href>http://maps.google.com/mapfiles/kml/shapes/airports.png</href>
            </Icon>
          </IconStyle>
        </Style>
        <Point>
          <altitudeMode>absolute</altitudeMode>
          <coordinates>18.379005,-33.887329,609.6</coordinates>
        </Point>
      </Placemark>
      <Placemark>
        <name>2025-11-02 07:23:41 UTC</name>
        <description><![CDATA[<div><div><span><b>Altitude:</b></span> <span>2,000 ft</span></div>
<div><span><b>Speed:</b></span> <span>105 kt</span></div>
<div><span><b>Heading:</b></span> <span>229&deg;</span></div>
</div>]]></description>
        <TimeStamp>
          <when>2025-11-02T07:23:41+00:00</when>
        </TimeStamp>
        <Style>
          <IconStyle>
            <heading>229</heading>
            <Icon>
              <href>http://maps.google.com/mapfiles/kml/shapes/airports.png</href>
            </Icon>
          </IconStyle>
        </Style>
        <Point>
          <altitudeMode>absolute</altitudeMode>
          <coordinates>18.378067,-33.888027,609.6</coordinates>
        </Point>
      </Placemark>
      <Placemark>
        <name>2025-11-02 07:23:43 UTC</name>
        <description><![CDATA[<div><div><span><b>Altitude:</b></span> <span>2,000 ft</span></div>
<div><span><b>Speed:</b></span> <span>106 kt</span></div>
<div><span><b>Heading:</b></span> <span>228&deg;</span></div>
</div>]]></description>
        <TimeStamp>
          <when>2025-11-02T07:23:43+00:00</when>
        </TimeStamp>
        <Style>
          <IconStyle>
            <heading>228</heading>
            <Icon>
              <href>http://maps.google.com/mapfiles/kml/shapes/airports.png</href>
            </Icon>
          </IconStyle>
        </Style>
        <Point>
          <altitudeMode>absolute</altitudeMode>
          <coordinates>18.377094,-33.888725,609.6</coordinates>
        </Point>
      </Placemark>
      <Placemark>
        <name>2025-11-02 07:23:45 UTC</name>
        <description><![CDATA[<div><div><span><b>Altitude:</b></span> <span>2,000 ft</span></div>
<div><span><b>Speed:</b></span> <span>106 kt</span></div>
<div><span><b>Heading:</b></span> <span>226&deg;</span></div>
</div>]]></description>
        <TimeStamp>
          <when>2025-11-02T07:23:45+00:00</when>
        </TimeStamp>
        <Style>
          <IconStyle>
            <heading>226</heading>
            <Icon>
              <href>http://maps.google.com/mapfiles/kml/shapes/airports.png</href>
            </Icon>
          </IconStyle>
        </Style>
        <Point>
          <altitudeMode>absolute</altitudeMode>
          <coordinates>18.376179,-33.889469,609.6</coordinates>
        </Point>
      </Placemark>
      <Placemark>
        <name>2025-11-02 07:23:50 UTC</name>
        <description><![CDATA[<div><div><span><b>Altitude:</b></span> <span>2,100 ft</span></div>
<div><span><b>Speed:</b></span> <span>104 kt</span></div>
<div><span><b>Heading:</b></span> <span>225&deg;</span></div>
</div>]]></description>
        <TimeStamp>
          <when>2025-11-02T07:23:50+00:00</when>
        </TimeStamp>
        <Style>
          <IconStyle>
            <heading>225</heading>
            <Icon>
              <href>http://maps.google.com/mapfiles/kml/shapes/airports.png</href>
            </Icon>
          </IconStyle>
        </Style>
        <Point>
          <altitudeMode>absolute</altitudeMode>
          <coordinates>18.374462,-33.89082,640.08</coordinates>
        </Point>
      </Placemark>
      <Placemark>
        <name>2025-11-02 07:23:52 UTC</name>
        <description><![CDATA[<div><div><span><b>Altitude:</b></span> <span>2,100 ft</span></div>
<div><span><b>Speed:</b></span> <span>104 kt</span></div>
<div><span><b>Heading:</b></span> <span>225&deg;</span></div>
</div>]]></description>
        <TimeStamp>
          <when>2025-11-02T07:23:52+00:00</when>
        </TimeStamp>
        <Style>
          <IconStyle>
            <heading>225</heading>
            <Icon>
              <href>http://maps.google.com/mapfiles/kml/shapes/airports.png</href>
            </Icon>
          </IconStyle>
        </Style>
        <Point>
          <altitudeMode>absolute</altitudeMode>
          <coordinates>18.373375,-33.891705,640.08</coordinates>
        </Point>
      </Placemark>
      <Placemark>
        <name>2025-11-02 07:23:54 UTC</name>
        <description><![CDATA[<div><div><span><b>Altitude:</b></span> <span>2,100 ft</span></div>
<div><span><b>Speed:</b></span> <span>103 kt</span></div>
<div><span><b>Heading:</b></span> <span>225&deg;</span></div>
</div>]]></description>
        <TimeStamp>
          <when>2025-11-02T07:23:54+00:00</when>
        </TimeStamp>
        <Style>
          <IconStyle>
            <heading>225</heading>
            <Icon>
              <href>http://maps.google.com/mapfiles/kml/shapes/airports.png</href>
            </Icon>
          </IconStyle>
        </Style>
        <Point>
          <altitudeMode>absolute</altitudeMode>
          <coordinates>18.372503,-33.89241,640.08</coordinates>
        </Point>
      </Placemark>
      <Placemark>
        <name>2025-11-02 07:23:56 UTC</name>
        <description><![CDATA[<div><div><span><b>Altitude:</b></span> <span>2,100 ft</span></div>
<div><span><b>Speed:</b></span> <span>104 kt</span></div>
<div><span><b>Heading:</b></span> <span>225&deg;</span></div>
</div>]]></description>
        <TimeStamp>
          <when>2025-11-02T07:23:56+00:00</when>
        </TimeStamp>
        <Style>
          <IconStyle>
            <heading>225</heading>
            <Icon>
              <href>http://maps.google.com/mapfiles/kml/shapes/airports.png</href>
            </Icon>
          </IconStyle>
        </Style>
        <Point>
          <altitudeMode>absolute</altitudeMode>
          <coordinates>18.371716,-33.893055,640.08</coordinates>
        </Point>
      </Placemark>
      <Placemark>
        <name>2025-11-02 07:23:58 UTC</name>
        <description><![CDATA[<div><div><span><b>Altitude:</b></span> <span>2,100 ft</span></div>
<div><span><b>Speed:</b></span> <span>105 kt</span></div>
<div><span><b>Heading:</b></span> <span>224&deg;</span></div>
</div>]]></description>
        <TimeStamp>
          <when>2025-11-02T07:23:58+00:00</when>
        </TimeStamp>
        <Style>
          <IconStyle>
            <heading>224</heading>
            <Icon>
              <href>http://maps.google.com/mapfiles/kml/shapes/airports.png</href>
            </Icon>
          </IconStyle>
        </Style>
        <Point>
          <altitudeMode>absolute</altitudeMode>
          <coordinates>18.371086,-33.893612,640.08</coordinates>
        </Point>
      </Placemark>
      <Placemark>
        <name>2025-11-02 07:24:01 UTC</name>
        <description><![CDATA[<div><div><span><b>Altitude:</b></span> <span>2,200 ft</span></div>
<div><span><b>Speed:</b></span> <span>105 kt</span></div>
<div><span><b>Heading:</b></span> <span>223&deg;</span></div>
</div>]]></description>
        <TimeStamp>
          <when>2025-11-02T07:24:01+00:00</when>
        </TimeStamp>
        <Style>
          <IconStyle>
            <heading>223</heading>
            <Icon>
              <href>http://maps.google.com/mapfiles/kml/shapes/airports.png</href>
            </Icon>
          </IconStyle>
        </Style>
        <Point>
          <altitudeMode>absolute</altitudeMode>
          <coordinates>18.369656,-33.894825,670.56</coordinates>
        </Point>
      </Placemark>
      <Placemark>
        <name>2025-11-02 07:24:03 UTC</name>
        <description><![CDATA[<div><div><span><b>Altitude:</b></span> <span>2,200 ft</span></div>
<div><span><b>Speed:</b></span> <span>105 kt</span></div>
<div><span><b>Heading:</b></span> <span>223&deg;</span></div>
</div>]]></description>
        <TimeStamp>
          <when>2025-11-02T07:24:03+00:00</when>
        </TimeStamp>
        <Style>
          <IconStyle>
            <heading>223</heading>
            <Icon>
              <href>http://maps.google.com/mapfiles/kml/shapes/airports.png</href>
            </Icon>
          </IconStyle>
        </Style>
        <Point>
          <altitudeMode>absolute</altitudeMode>
          <coordinates>18.368748,-33.895615,670.56</coordinates>
        </Point>
      </Placemark>
      <Placemark>
        <name>2025-11-02 07:24:06 UTC</name>
        <description><![CDATA[<div><div><span><b>Altitude:</b></span> <span>2,200 ft</span></div>
<div><span><b>Speed:</b></span> <span>105 kt</span></div>
<div><span><b>Heading:</b></span> <span>223&deg;</span></div>
</div>]]></description>
        <TimeStamp>
          <when>2025-11-02T07:24:06+00:00</when>
        </TimeStamp>
        <Style>
          <IconStyle>
            <heading>223</heading>
            <Icon>
              <href>http://maps.google.com/mapfiles/kml/shapes/airports.png</href>
            </Icon>
          </IconStyle>
        </Style>
        <Point>
          <altitudeMode>absolute</altitudeMode>
          <coordinates>18.36771,-33.8965,670.56</coordinates>
        </Point>
      </Placemark>
      <Placemark>
        <name>2025-11-02 07:24:08 UTC</name>
        <description><![CDATA[<div><div><span><b>Altitude:</b></span> <span>2,200 ft</span></div>
<div><span><b>Speed:</b></span> <span>106 kt</span></div>
<div><span><b>Heading:</b></span> <span>222&deg;</span></div>
</div>]]></description>
        <TimeStamp>
          <when>2025-11-02T07:24:08+00:00</when>
        </TimeStamp>
        <Style>
          <IconStyle>
            <heading>222</heading>
            <Icon>
              <href>http://maps.google.com/mapfiles/kml/shapes/airports.png</href>
            </Icon>
          </IconStyle>
        </Style>
        <Point>
          <altitudeMode>absolute</altitudeMode>
          <coordinates>18.366842,-33.897354,670.56</coordinates>
        </Point>
      </Placemark>
      <Placemark>
        <name>2025-11-02 07:24:10 UTC</name>
        <description><![CDATA[<div><div><span><b>Altitude:</b></span> <span>2,200 ft</span></div>
<div><span><b>Speed:</b></span> <span>106 kt</span></div>
<div><span><b>Heading:</b></span> <span>221&deg;</span></div>
</div>]]></description>
        <TimeStamp>
          <when>2025-11-02T07:24:10+00:00</when>
        </TimeStamp>
        <Style>
          <IconStyle>
            <heading>221</heading>
            <Icon>
              <href>http://maps.google.com/mapfiles/kml/shapes/airports.png</href>
            </Icon>
          </IconStyle>
        </Style>
        <Point>
          <altitudeMode>absolute</altitudeMode>
          <coordinates>18.365993,-33.898129,670.56</coordinates>
        </Point>
      </Placemark>
      <Placemark>
        <name>2025-11-02 07:24:12 UTC</name>
        <description><![CDATA[<div><div><span><b>Altitude:</b></span> <span>2,200 ft</span></div>
<div><span><b>Speed:</b></span> <span>107 kt</span></div>
<div><span><b>Heading:</b></span> <span>219&deg;</span></div>
</div>]]></description>
        <TimeStamp>
          <when>2025-11-02T07:24:12+00:00</when>
        </TimeStamp>
        <Style>
          <IconStyle>
            <heading>219</heading>
            <Icon>
              <href>http://maps.google.com/mapfiles/kml/shapes/airports.png</href>
            </Icon>
          </IconStyle>
        </Style>
        <Point>
          <altitudeMode>absolute</altitudeMode>
          <coordinates>18.36516,-33.898956,670.56</coordinates>
        </Point>
      </Placemark>
      <Placemark>
        <name>2025-11-02 07:24:14 UTC</name>
        <description><![CDATA[<div><div><span><b>Altitude:</b></span> <span>2,200 ft</span></div>
<div><span><b>Speed:</b></span> <span>109 kt</span></div>
<div><span><b>Heading:</b></span> <span>217&deg;</span></div>
</div>]]></description>
        <TimeStamp>
          <when>2025-11-02T07:24:14+00:00</when>
        </TimeStamp>
        <Style>
          <IconStyle>
            <heading>217</heading>
            <Icon>
              <href>http://maps.google.com/mapfiles/kml/shapes/airports.png</href>
            </Icon>
          </IconStyle>
        </Style>
        <Point>
          <altitudeMode>absolute</altitudeMode>
          <coordinates>18.364506,-33.899666,670.56</coordinates>
        </Point>
      </Placemark>
      <Placemark>
        <name>2025-11-02 07:24:17 UTC</name>
        <description><![CDATA[<div><div><span><b>Altitude:</b></span> <span>2,200 ft</span></div>
<div><span><b>Speed:</b></span> <span>109 kt</span></div>
<div><span><b>Heading:</b></span> <span>215&deg;</span></div>
</div>]]></description>
        <TimeStamp>
          <when>2025-11-02T07:24:17+00:00</when>
        </TimeStamp>
        <Style>
          <IconStyle>
            <heading>215</heading>
            <Icon>
              <href>http://maps.google.com/mapfiles/kml/shapes/airports.png</href>
            </Icon>
          </IconStyle>
        </Style>
        <Point>
          <altitudeMode>absolute</altitudeMode>
          <coordinates>18.363647,-33.900642,670.56</coordinates>
        </Point>
      </Placemark>
      <Placemark>
        <name>2025-11-02 07:24:19 UTC</name>
        <description><![CDATA[<div><div><span><b>Altitude:</b></span> <span>2,200 ft</span></div>
<div><span><b>Speed:</b></span> <span>110 kt</span></div>
<div><span><b>Heading:</b></span> <span>214&deg;</span></div>
</div>]]></description>
        <TimeStamp>
          <when>2025-11-02T07:24:19+00:00</when>
        </TimeStamp>
        <Style>
          <IconStyle>
            <heading>214</heading>
            <Icon>
              <href>http://maps.google.com/mapfiles/kml/shapes/airports.png</href>
            </Icon>
          </IconStyle>
        </Style>
        <Point>
          <altitudeMode>absolute</altitudeMode>
          <coordinates>18.362751,-33.901703,670.56</coordinates>
        </Point>
      </Placemark>
      <Placemark>
        <name>2025-11-02 07:24:21 UTC</name>
        <description><![CDATA[<div><div><span><b>Altitude:</b></span> <span>2,200 ft</span></div>
<div><span><b>Speed:</b></span> <span>111 kt</span></div>
<div><span><b>Heading:</b></span> <span>213&deg;</span></div>
</div>]]></description>
        <TimeStamp>
          <when>2025-11-02T07:24:21+00:00</when>
        </TimeStamp>
        <Style>
          <IconStyle>
            <heading>213</heading>
            <Icon>
              <href>http://maps.google.com/mapfiles/kml/shapes/airports.png</href>
            </Icon>
          </IconStyle>
        </Style>
        <Point>
          <altitudeMode>absolute</altitudeMode>
          <coordinates>18.362103,-33.902458,670.56</coordinates>
        </Point>
      </Placemark>
      <Placemark>
        <name>2025-11-02 07:24:23 UTC</name>
        <description><![CDATA[<div><div><span><b>Altitude:</b></span> <span>2,200 ft</span></div>
<div><span><b>Speed:</b></span> <span>112 kt</span></div>
<div><span><b>Heading:</b></span> <span>213&deg;</span></div>
</div>]]></description>
        <TimeStamp>
          <when>2025-11-02T07:24:23+00:00</when>
        </TimeStamp>
        <Style>
          <IconStyle>
            <heading>213</heading>
            <Icon>
              <href>http://maps.google.com/mapfiles/kml/shapes/airports.png</href>
            </Icon>
          </IconStyle>
        </Style>
        <Point>
          <altitudeMode>absolute</altitudeMode>
          <coordinates>18.361244,-33.90353,670.56</coordinates>
        </Point>
      </Placemark>
      <Placemark>
        <name>2025-11-02 07:24:26 UTC</name>
        <description><![CDATA[<div><div><span><b>Altitude:</b></span> <span>2,200 ft</span></div>
<div><span><b>Speed:</b></span> <span>112 kt</span></div>
<div><span><b>Heading:</b></span> <span>212&deg;</span></div>
</div>]]></description>
        <TimeStamp>
          <when>2025-11-02T07:24:26+00:00</when>
        </TimeStamp>
        <Style>
          <IconStyle>
            <heading>212</heading>
            <Icon>
              <href>http://maps.google.com/mapfiles/kml/shapes/airports.png</href>
            </Icon>
          </IconStyle>
        </Style>
        <Point>
          <altitudeMode>absolute</altitudeMode>
          <coordinates>18.360397,-33.904633,670.56</coordinates>
        </Point>
      </Placemark>
      <Placemark>
        <name>2025-11-02 07:24:28 UTC</name>
        <description><![CDATA[<div><div><span><b>Altitude:</b></span> <span>2,200 ft</span></div>
<div><span><b>Speed:</b></span> <span>113 kt</span></div>
<div><span><b>Heading:</b></span> <span>210&deg;</span></div>
</div>]]></description>
        <TimeStamp>
          <when>2025-11-02T07:24:28+00:00</when>
        </TimeStamp>
        <Style>
          <IconStyle>
            <heading>210</heading>
            <Icon>
              <href>http://maps.google.com/mapfiles/kml/shapes/airports.png</href>
            </Icon>
          </IconStyle>
        </Style>
        <Point>
          <altitudeMode>absolute</altitudeMode>
          <coordinates>18.359756,-33.905579,670.56</coordinates>
        </Point>
      </Placemark>
      <Placemark>
        <name>2025-11-02 07:24:30 UTC</name>
        <description><![CDATA[<div><div><span><b>Altitude:</b></span> <span>2,200 ft</span></div>
<div><span><b>Speed:</b></span> <span>113 kt</span></div>
<div><span><b>Heading:</b></span> <span>210&deg;</span></div>
</div>]]></description>
        <TimeStamp>
          <when>2025-11-02T07:24:30+00:00</when>
        </TimeStamp>
        <Style>
          <IconStyle>
            <heading>210</heading>
            <Icon>
              <href>http://maps.google.com/mapfiles/kml/shapes/airports.png</href>
            </Icon>
          </IconStyle>
        </Style>
        <Point>
          <altitudeMode>absolute</altitudeMode>
          <coordinates>18.359013,-33.906555,670.56</coordinates>
        </Point>
      </Placemark>
      <Placemark>
        <name>2025-11-02 07:24:32 UTC</name>
        <description><![CDATA[<div><div><span><b>Altitude:</b></span> <span>2,200 ft</span></div>
<div><span><b>Speed:</b></span> <span>114 kt</span></div>
<div><span><b>Heading:</b></span> <span>209&deg;</span></div>
</div>]]></description>
        <TimeStamp>
          <when>2025-11-02T07:24:32+00:00</when>
        </TimeStamp>
        <Style>
          <IconStyle>
            <heading>209</heading>
            <Icon>
              <href>http://maps.google.com/mapfiles/kml/shapes/airports.png</href>
            </Icon>
          </IconStyle>
        </Style>
        <Point>
          <altitudeMode>absolute</altitudeMode>
          <coordinates>18.358498,-33.907345,670.56</coordinates>
        </Point>
      </Placemark>
      <Placemark>
        <name>2025-11-02 07:24:34 UTC</name>
        <description><![CDATA[<div><div><span><b>Altitude:</b></span> <span>2,200 ft</span></div>
<div><span><b>Speed:</b></span> <span>114 kt</span></div>
<div><span><b>Heading:</b></span> <span>209&deg;</span></div>
</div>]]></description>
        <TimeStamp>
          <when>2025-11-02T07:24:34+00:00</when>
        </TimeStamp>
        <Style>
          <IconStyle>
            <heading>209</heading>
            <Icon>
              <href>http://maps.google.com/mapfiles/kml/shapes/airports.png</href>
            </Icon>
          </IconStyle>
        </Style>
        <Point>
          <altitudeMode>absolute</altitudeMode>
          <coordinates>18.357697,-33.908512,670.56</coordinates>
        </Point>
      </Placemark>
      <Placemark>
        <name>2025-11-02 07:24:37 UTC</name>
        <description><![CDATA[<div><div><span><b>Altitude:</b></span> <span>2,200 ft</span></div>
<div><span><b>Speed:</b></span> <span>114 kt</span></div>
<div><span><b>Heading:</b></span> <span>208&deg;</span></div>
</div>]]></description>
        <TimeStamp>
          <when>2025-11-02T07:24:37+00:00</when>
        </TimeStamp>
        <Style>
          <IconStyle>
            <heading>208</heading>
            <Icon>
              <href>http://maps.google.com/mapfiles/kml/shapes/airports.png</href>
            </Icon>
          </IconStyle>
        </Style>
        <Point>
          <altitudeMode>absolute</altitudeMode>
          <coordinates>18.357124,-33.909443,670.56</coordinates>
        </Point>
      </Placemark>
      <Placemark>
        <name>2025-11-02 07:24:39 UTC</name>
        <description><![CDATA[<div><div><span><b>Altitude:</b></span> <span>2,200 ft</span></div>
<div><span><b>Speed:</b></span> <span>112 kt</span></div>
<div><span><b>Heading:</b></span> <span>208&deg;</span></div>
</div>]]></description>
        <TimeStamp>
          <when>2025-11-02T07:24:39+00:00</when>
        </TimeStamp>
        <Style>
          <IconStyle>
            <heading>208</heading>
            <Icon>
              <href>http://maps.google.com/mapfiles/kml/shapes/airports.png</href>
            </Icon>
          </IconStyle>
        </Style>
        <Point>
          <altitudeMode>absolute</altitudeMode>
          <coordinates>18.356249,-33.910721,670.56</coordinates>
        </Point>
      </Placemark>
      <Placemark>
        <name>2025-11-02 07:24:41 UTC</name>
        <description><![CDATA[<div><div><span><b>Altitude:</b></span> <span>2,200 ft</span></div>
<div><span><b>Speed:</b></span> <span>111 kt</span></div>
<div><span><b>Heading:</b></span> <span>208&deg;</span></div>
</div>]]></description>
        <TimeStamp>
          <when>2025-11-02T07:24:41+00:00</when>
        </TimeStamp>
        <Style>
          <IconStyle>
            <heading>208</heading>
            <Icon>
              <href>http://maps.google.com/mapfiles/kml/shapes/airports.png</href>
            </Icon>
          </IconStyle>
        </Style>
        <Point>
          <altitudeMode>absolute</altitudeMode>
          <coordinates>18.355688,-33.911591,670.56</coordinates>
        </Point>
      </Placemark>
      <Placemark>
        <name>2025-11-02 07:24:43 UTC</name>
        <description><![CDATA[<div><div><span><b>Altitude:</b></span> <span>2,200 ft</span></div>
<div><span><b>Speed:</b></span> <span>109 kt</span></div>
<div><span><b>Heading:</b></span> <span>207&deg;</span></div>
</div>]]></description>
        <TimeStamp>
          <when>2025-11-02T07:24:43+00:00</when>
        </TimeStamp>
        <Style>
          <IconStyle>
            <heading>207</heading>
            <Icon>
              <href>http://maps.google.com/mapfiles/kml/shapes/airports.png</href>
            </Icon>
          </IconStyle>
        </Style>
        <Point>
          <altitudeMode>absolute</altitudeMode>
          <coordinates>18.355007,-33.912746,670.56</coordinates>
        </Point>
      </Placemark>
      <Placemark>
        <name>2025-11-02 07:24:46 UTC</name>
        <description><![CDATA[<div><div><span><b>Altitude:</b></span> <span>2,200 ft</span></div>
<div><span><b>Speed:</b></span> <span>109 kt</span></div>
<div><span><b>Heading:</b></span> <span>207&deg;</span></div>
</div>]]></description>
        <TimeStamp>
          <when>2025-11-02T07:24:46+00:00</when>
        </TimeStamp>
        <Style>
          <IconStyle>
            <heading>207</heading>
            <Icon>
              <href>http://maps.google.com/mapfiles/kml/shapes/airports.png</href>
            </Icon>
          </IconStyle>
        </Style>
        <Point>
          <altitudeMode>absolute</altitudeMode>
          <coordinates>18.354435,-33.913631,670.56</coordinates>
        </Point>
      </Placemark>
      <Placemark>
        <name>2025-11-02 07:24:48 UTC</name>
        <description><![CDATA[<div><div><span><b>Altitude:</b></span> <span>2,200 ft</span></div>
<div><span><b>Speed:</b></span> <span>108 kt</span></div>
<div><span><b>Heading:</b></span> <span>206&deg;</span></div>
</div>]]></description>
        <TimeStamp>
          <when>2025-11-02T07:24:48+00:00</when>
        </TimeStamp>
        <Style>
          <IconStyle>
            <heading>206</heading>
            <Icon>
              <href>http://maps.google.com/mapfiles/kml/shapes/airports.png</href>
            </Icon>
          </IconStyle>
        </Style>
        <Point>
          <altitudeMode>absolute</altitudeMode>
          <coordinates>18.353806,-33.914608,670.56</coordinates>
        </Point>
      </Placemark>
      <Placemark>
        <name>2025-11-02 07:24:50 UTC</name>
        <description><![CDATA[<div><div><span><b>Altitude:</b></span> <span>2,300 ft</span></div>
<div><span><b>Speed:</b></span> <span>109 kt</span></div>
<div><span><b>Heading:</b></span> <span>206&deg;</span></div>
</div>]]></description>
        <TimeStamp>
          <when>2025-11-02T07:24:50+00:00</when>
        </TimeStamp>
        <Style>
          <IconStyle>
            <heading>206</heading>
            <Icon>
              <href>http://maps.google.com/mapfiles/kml/shapes/airports.png</href>
            </Icon>
          </IconStyle>
        </Style>
        <Point>
          <altitudeMode>absolute</altitudeMode>
          <coordinates>18.353176,-33.915726,701.04</coordinates>
        </Point>
      </Placemark>
      <Placemark>
        <name>2025-11-02 07:24:52 UTC</name>
        <description><![CDATA[<div><div><span><b>Altitude:</b></span> <span>2,300 ft</span></div>
<div><span><b>Speed:</b></span> <span>110 kt</span></div>
<div><span><b>Heading:</b></span> <span>205&deg;</span></div>
</div>]]></description>
        <TimeStamp>
          <when>2025-11-02T07:24:52+00:00</when>
        </TimeStamp>
        <Style>
          <IconStyle>
            <heading>205</heading>
            <Icon>
              <href>http://maps.google.com/mapfiles/kml/shapes/airports.png</href>
            </Icon>
          </IconStyle>
        </Style>
        <Point>
          <altitudeMode>absolute</altitudeMode>
          <coordinates>18.352604,-33.916702,701.04</coordinates>
        </Point>
      </Placemark>
      <Placemark>
        <name>2025-11-02 07:24:54 UTC</name>
        <description><![CDATA[<div><div><span><b>Altitude:</b></span> <span>2,200 ft</span></div>
<div><span><b>Speed:</b></span> <span>109 kt</span></div>
<div><span><b>Heading:</b></span> <span>205&deg;</span></div>
</div>]]></description>
        <TimeStamp>
          <when>2025-11-02T07:24:54+00:00</when>
        </TimeStamp>
        <Style>
          <IconStyle>
            <heading>205</heading>
            <Icon>
              <href>http://maps.google.com/mapfiles/kml/shapes/airports.png</href>
            </Icon>
          </IconStyle>
        </Style>
        <Point>
          <altitudeMode>absolute</altitudeMode>
          <coordinates>18.351974,-33.91782,670.56</coordinates>
        </Point>
      </Placemark>
      <Placemark>
        <name>2025-11-02 07:24:57 UTC</name>
        <description><![CDATA[<div><div><span><b>Altitude:</b></span> <span>2,200 ft</span></div>
<div><span><b>Speed:</b></span> <span>110 kt</span></div>
<div><span><b>Heading:</b></span> <span>204&deg;</span></div>
</div>]]></description>
        <TimeStamp>
          <when>2025-11-02T07:24:57+00:00</when>
        </TimeStamp>
        <Style>
          <IconStyle>
            <heading>204</heading>
            <Icon>
              <href>http://maps.google.com/mapfiles/kml/shapes/airports.png</href>
            </Icon>
          </IconStyle>
        </Style>
        <Point>
          <altitudeMode>absolute</altitudeMode>
          <coordinates>18.35146,-33.918751,670.56</coordinates>
        </Point>
      </Placemark>
      <Placemark>
        <name>2025-11-02 07:24:59 UTC</name>
        <description><![CDATA[<div><div><span><b>Altitude:</b></span> <span>2,200 ft</span></div>
<div><span><b>Speed:</b></span> <span>110 kt</span></div>
<div><span><b>Heading:</b></span> <span>204&deg;</span></div>
</div>]]></description>
        <TimeStamp>
          <when>2025-11-02T07:24:59+00:00</when>
        </TimeStamp>
        <Style>
          <IconStyle>
            <heading>204</heading>
            <Icon>
              <href>http://maps.google.com/mapfiles/kml/shapes/airports.png</href>
            </Icon>
          </IconStyle>
        </Style>
        <Point>
          <altitudeMode>absolute</altitudeMode>
          <coordinates>18.350811,-33.919876,670.56</coordinates>
        </Point>
      </Placemark>
      <Placemark>
        <name>2025-11-02 07:25:01 UTC</name>
        <description><![CDATA[<div><div><span><b>Altitude:</b></span> <span>2,200 ft</span></div>
<div><span><b>Speed:</b></span> <span>110 kt</span></div>
<div><span><b>Heading:</b></span> <span>203&deg;</span></div>
</div>]]></description>
        <TimeStamp>
          <when>2025-11-02T07:25:01+00:00</when>
        </TimeStamp>
        <Style>
          <IconStyle>
            <heading>203</heading>
            <Icon>
              <href>http://maps.google.com/mapfiles/kml/shapes/airports.png</href>
            </Icon>
          </IconStyle>
        </Style>
        <Point>
          <altitudeMode>absolute</altitudeMode>
          <coordinates>18.350315,-33.920845,670.56</coordinates>
        </Point>
      </Placemark>
      <Placemark>
        <name>2025-11-02 07:25:03 UTC</name>
        <description><![CDATA[<div><div><span><b>Altitude:</b></span> <span>2,200 ft</span></div>
<div><span><b>Speed:</b></span> <span>110 kt</span></div>
<div><span><b>Heading:</b></span> <span>202&deg;</span></div>
</div>]]></description>
        <TimeStamp>
          <when>2025-11-02T07:25:03+00:00</when>
        </TimeStamp>
        <Style>
          <IconStyle>
            <heading>202</heading>
            <Icon>
              <href>http://maps.google.com/mapfiles/kml/shapes/airports.png</href>
            </Icon>
          </IconStyle>
        </Style>
        <Point>
          <altitudeMode>absolute</altitudeMode>
          <coordinates>18.349747,-33.921982,670.56</coordinates>
        </Point>
      </Placemark>
      <Placemark>
        <name>2025-11-02 07:25:06 UTC</name>
        <description><![CDATA[<div><div><span><b>Altitude:</b></span> <span>2,300 ft</span></div>
<div><span><b>Speed:</b></span> <span>110 kt</span></div>
<div><span><b>Heading:</b></span> <span>202&deg;</span></div>
</div>]]></description>
        <TimeStamp>
          <when>2025-11-02T07:25:06+00:00</when>
        </TimeStamp>
        <Style>
          <IconStyle>
            <heading>202</heading>
            <Icon>
              <href>http://maps.google.com/mapfiles/kml/shapes/airports.png</href>
            </Icon>
          </IconStyle>
        </Style>
        <Point>
          <altitudeMode>absolute</altitudeMode>
          <coordinates>18.349171,-33.92308,701.04</coordinates>
        </Point>
      </Placemark>
      <Placemark>
        <name>2025-11-02 07:25:08 UTC</name>
        <description><![CDATA[<div><div><span><b>Altitude:</b></span> <span>2,200 ft</span></div>
<div><span><b>Speed:</b></span> <span>111 kt</span></div>
<div><span><b>Heading:</b></span> <span>201&deg;</span></div>
</div>]]></description>
        <TimeStamp>
          <when>2025-11-02T07:25:08+00:00</when>
        </TimeStamp>
        <Style>
          <IconStyle>
            <heading>201</heading>
            <Icon>
              <href>http://maps.google.com/mapfiles/kml/shapes/airports.png</href>
            </Icon>
          </IconStyle>
        </Style>
        <Point>
          <altitudeMode>absolute</altitudeMode>
          <coordinates>18.34877,-33.924011,670.56</coordinates>
        </Point>
      </Placemark>
      <Placemark>
        <name>2025-11-02 07:25:10 UTC</name>
        <description><![CDATA[<div><div><span><b>Altitude:</b></span> <span>2,300 ft</span></div>
<div><span><b>Speed:</b></span> <span>112 kt</span></div>
<div><span><b>Heading:</b></span> <span>200&deg;</span></div>
</div>]]></description>
        <TimeStamp>
          <when>2025-11-02T07:25:10+00:00</when>
        </TimeStamp>
        <Style>
          <IconStyle>
            <heading>200</heading>
            <Icon>
              <href>http://maps.google.com/mapfiles/kml/shapes/airports.png</href>
            </Icon>
          </IconStyle>
        </Style>
        <Point>
          <altitudeMode>absolute</altitudeMode>
          <coordinates>18.348255,-33.925083,701.04</coordinates>
        </Point>
      </Placemark>
      <Placemark>
        <name>2025-11-02 07:25:13 UTC</name>
        <description><![CDATA[<div><div><span><b>Altitude:</b></span> <span>2,200 ft</span></div>
<div><span><b>Speed:</b></span> <span>112 kt</span></div>
<div><span><b>Heading:</b></span> <span>199&deg;</span></div>
</div>]]></description>
        <TimeStamp>
          <when>2025-11-02T07:25:13+00:00</when>
        </TimeStamp>
        <Style>
          <IconStyle>
            <heading>199</heading>
            <Icon>
              <href>http://maps.google.com/mapfiles/kml/shapes/airports.png</href>
            </Icon>
          </IconStyle>
        </Style>
        <Point>
          <altitudeMode>absolute</altitudeMode>
          <coordinates>18.34774,-33.926247,670.56</coordinates>
        </Point>
      </Placemark>
      <Placemark>
        <name>2025-11-02 07:25:15 UTC</name>
        <description><![CDATA[<div><div><span><b>Altitude:</b></span> <span>2,200 ft</span></div>
<div><span><b>Speed:</b></span> <span>112 kt</span></div>
<div><span><b>Heading:</b></span> <span>199&deg;</span></div>
</div>]]></description>
        <TimeStamp>
          <when>2025-11-02T07:25:15+00:00</when>
        </TimeStamp>
        <Style>
          <IconStyle>
            <heading>199</heading>
            <Icon>
              <href>http://maps.google.com/mapfiles/kml/shapes/airports.png</href>
            </Icon>
          </IconStyle>
        </Style>
        <Point>
          <altitudeMode>absolute</altitudeMode>
          <coordinates>18.347336,-33.927246,670.56</coordinates>
        </Point>
      </Placemark>
      <Placemark>
        <name>2025-11-02 07:25:18 UTC</name>
        <description><![CDATA[<div><div><span><b>Altitude:</b></span> <span>2,200 ft</span></div>
<div><span><b>Speed:</b></span> <span>111 kt</span></div>
<div><span><b>Heading:</b></span> <span>198&deg;</span></div>
</div>]]></description>
        <TimeStamp>
          <when>2025-11-02T07:25:18+00:00</when>
        </TimeStamp>
        <Style>
          <IconStyle>
            <heading>198</heading>
            <Icon>
              <href>http://maps.google.com/mapfiles/kml/shapes/airports.png</href>
            </Icon>
          </IconStyle>
        </Style>
        <Point>
          <altitudeMode>absolute</altitudeMode>
          <coordinates>18.346664,-33.928848,670.56</coordinates>
        </Point>
      </Placemark>
      <Placemark>
        <name>2025-11-02 07:25:21 UTC</name>
        <description><![CDATA[<div><div><span><b>Altitude:</b></span> <span>2,300 ft</span></div>
<div><span><b>Speed:</b></span> <span>111 kt</span></div>
<div><span><b>Heading:</b></span> <span>196&deg;</span></div>
</div>]]></description>
        <TimeStamp>
          <when>2025-11-02T07:25:21+00:00</when>
        </TimeStamp>
        <Style>
          <IconStyle>
            <heading>196</heading>
            <Icon>
              <href>http://maps.google.com/mapfiles/kml/shapes/airports.png</href>
            </Icon>
          </IconStyle>
        </Style>
        <Point>
          <altitudeMode>absolute</altitudeMode>
          <coordinates>18.346104,-33.930359,701.04</coordinates>
        </Point>
      </Placemark>
      <Placemark>
        <name>2025-11-02 07:25:24 UTC</name>
        <description><![CDATA[<div><div><span><b>Altitude:</b></span> <span>2,300 ft</span></div>
<div><span><b>Speed:</b></span> <span>110 kt</span></div>
<div><span><b>Heading:</b></span> <span>194&deg;</span></div>
</div>]]></description>
        <TimeStamp>
          <when>2025-11-02T07:25:24+00:00</when>
        </TimeStamp>
        <Style>
          <IconStyle>
            <heading>194</heading>
            <Icon>
              <href>http://maps.google.com/mapfiles/kml/shapes/airports.png</href>
            </Icon>
          </IconStyle>
        </Style>
        <Point>
          <altitudeMode>absolute</altitudeMode>
          <coordinates>18.345655,-33.931824,701.04</coordinates>
        </Point>
      </Placemark>
      <Placemark>
        <name>2025-11-02 07:25:26 UTC</name>
        <description><![CDATA[<div><div><span><b>Altitude:</b></span> <span>2,300 ft</span></div>
<div><span><b>Speed:</b></span> <span>108 kt</span></div>
<div><span><b>Heading:</b></span> <span>194&deg;</span></div>
</div>]]></description>
        <TimeStamp>
          <when>2025-11-02T07:25:26+00:00</when>
        </TimeStamp>
        <Style>
          <IconStyle>
            <heading>194</heading>
            <Icon>
              <href>http://maps.google.com/mapfiles/kml/shapes/airports.png</href>
            </Icon>
          </IconStyle>
        </Style>
        <Point>
          <altitudeMode>absolute</altitudeMode>
          <coordinates>18.34543,-33.932556,701.04</coordinates>
        </Point>
      </Placemark>
      <Placemark>
        <name>2025-11-02 07:25:29 UTC</name>
        <description><![CDATA[<div><div><span><b>Altitude:</b></span> <span>2,300 ft</span></div>
<div><span><b>Speed:</b></span> <span>107 kt</span></div>
<div><span><b>Heading:</b></span> <span>193&deg;</span></div>
</div>]]></description>
        <TimeStamp>
          <when>2025-11-02T07:25:29+00:00</when>
        </TimeStamp>
        <Style>
          <IconStyle>
            <heading>193</heading>
            <Icon>
              <href>http://maps.google.com/mapfiles/kml/shapes/airports.png</href>
            </Icon>
          </IconStyle>
        </Style>
        <Point>
          <altitudeMode>absolute</altitudeMode>
          <coordinates>18.345051,-33.933834,701.04</coordinates>
        </Point>
      </Placemark>
      <Placemark>
        <name>2025-11-02 07:25:32 UTC</name>
        <description><![CDATA[<div><div><span><b>Altitude:</b></span> <span>2,300 ft</span></div>
<div><span><b>Speed:</b></span> <span>106 kt</span></div>
<div><span><b>Heading:</b></span> <span>193&deg;</span></div>
</div>]]></description>
        <TimeStamp>
          <when>2025-11-02T07:25:32+00:00</when>
        </TimeStamp>
        <Style>
          <IconStyle>
            <heading>193</heading>
            <Icon>
              <href>http://maps.google.com/mapfiles/kml/shapes/airports.png</href>
            </Icon>
          </IconStyle>
        </Style>
        <Point>
          <altitudeMode>absolute</altitudeMode>
          <coordinates>18.344536,-33.935604,701.04</coordinates>
        </Point>
      </Placemark>
      <Placemark>
        <name>2025-11-02 07:25:34 UTC</name>
        <description><![CDATA[<div><div><span><b>Altitude:</b></span> <span>2,300 ft</span></div>
<div><span><b>Speed:</b></span> <span>105 kt</span></div>
<div><span><b>Heading:</b></span> <span>193&deg;</span></div>
</div>]]></description>
        <TimeStamp>
          <when>2025-11-02T07:25:34+00:00</when>
        </TimeStamp>
        <Style>
          <IconStyle>
            <heading>193</heading>
            <Icon>
              <href>http://maps.google.com/mapfiles/kml/shapes/airports.png</href>
            </Icon>
          </IconStyle>
        </Style>
        <Point>
          <altitudeMode>absolute</altitudeMode>
          <coordinates>18.344254,-33.936539,701.04</coordinates>
        </Point>
      </Placemark>
      <Placemark>
        <name>2025-11-02 07:25:36 UTC</name>
        <description><![CDATA[<div><div><span><b>Altitude:</b></span> <span>2,400 ft</span></div>
<div><span><b>Speed:</b></span> <span>104 kt</span></div>
<div><span><b>Heading:</b></span> <span>193&deg;</span></div>
</div>]]></description>
        <TimeStamp>
          <when>2025-11-02T07:25:36+00:00</when>
        </TimeStamp>
        <Style>
          <IconStyle>
            <heading>193</heading>
            <Icon>
              <href>http://maps.google.com/mapfiles/kml/shapes/airports.png</href>
            </Icon>
          </IconStyle>
        </Style>
        <Point>
          <altitudeMode>absolute</altitudeMode>
          <coordinates>18.343906,-33.93779,731.52</coordinates>
        </Point>
      </Placemark>
      <Placemark>
        <name>2025-11-02 07:25:38 UTC</name>
        <description><![CDATA[<div><div><span><b>Altitude:</b></span> <span>2,400 ft</span></div>
<div><span><b>Speed:</b></span> <span>102 kt</span></div>
<div><span><b>Heading:</b></span> <span>193&deg;</span></div>
</div>]]></description>
        <TimeStamp>
          <when>2025-11-02T07:25:38+00:00</when>
        </TimeStamp>
        <Style>
          <IconStyle>
            <heading>193</heading>
            <Icon>
              <href>http://maps.google.com/mapfiles/kml/shapes/airports.png</href>
            </Icon>
          </IconStyle>
        </Style>
        <Point>
          <altitudeMode>absolute</altitudeMode>
          <coordinates>18.343693,-33.93869,731.52</coordinates>
        </Point>
      </Placemark>
      <Placemark>
        <name>2025-11-02 07:25:41 UTC</name>
        <description><![CDATA[<div><div><span><b>Altitude:</b></span> <span>2,400 ft</span></div>
<div><span><b>Speed:</b></span> <span>101 kt</span></div>
<div><span><b>Heading:</b></span> <span>191&deg;</span></div>
</div>]]></description>
        <TimeStamp>
          <when>2025-11-02T07:25:41+00:00</when>
        </TimeStamp>
        <Style>
          <IconStyle>
            <heading>191</heading>
            <Icon>
              <href>http://maps.google.com/mapfiles/kml/shapes/airports.png</href>
            </Icon>
          </IconStyle>
        </Style>
        <Point>
          <altitudeMode>absolute</altitudeMode>
          <coordinates>18.343357,-33.939789,731.52</coordinates>
        </Point>
      </Placemark>
      <Placemark>
        <name>2025-11-02 07:25:43 UTC</name>
        <description><![CDATA[<div><div><span><b>Altitude:</b></span> <span>2,400 ft</span></div>
<div><span><b>Speed:</b></span> <span>100 kt</span></div>
<div><span><b>Heading:</b></span> <span>191&deg;</span></div>
</div>]]></description>
        <TimeStamp>
          <when>2025-11-02T07:25:43+00:00</when>
        </TimeStamp>
        <Style>
          <IconStyle>
            <heading>191</heading>
            <Icon>
              <href>http://maps.google.com/mapfiles/kml/shapes/airports.png</href>
            </Icon>
          </IconStyle>
        </Style>
        <Point>
          <altitudeMode>absolute</altitudeMode>
          <coordinates>18.343163,-33.940491,731.52</coordinates>
        </Point>
      </Placemark>
      <Placemark>
        <name>2025-11-02 07:25:46 UTC</name>
        <description><![CDATA[<div><div><span><b>Altitude:</b></span> <span>2,400 ft</span></div>
<div><span><b>Speed:</b></span> <span>99 kt</span></div>
<div><span><b>Heading:</b></span> <span>190&deg;</span></div>
</div>]]></description>
        <TimeStamp>
          <when>2025-11-02T07:25:46+00:00</when>
        </TimeStamp>
        <Style>
          <IconStyle>
            <heading>190</heading>
            <Icon>
              <href>http://maps.google.com/mapfiles/kml/shapes/airports.png</href>
            </Icon>
          </IconStyle>
        </Style>
        <Point>
          <altitudeMode>absolute</altitudeMode>
          <coordinates>18.342739,-33.942535,731.52</coordinates>
        </Point>
      </Placemark>
      <Placemark>
        <name>2025-11-02 07:25:49 UTC</name>
        <description><![CDATA[<div><div><span><b>Altitude:</b></span> <span>2,400 ft</span></div>
<div><span><b>Speed:</b></span> <span>100 kt</span></div>
<div><span><b>Heading:</b></span> <span>189&deg;</span></div>
</div>]]></description>
        <TimeStamp>
          <when>2025-11-02T07:25:49+00:00</when>
        </TimeStamp>
        <Style>
          <IconStyle>
            <heading>189</heading>
            <Icon>
              <href>http://maps.google.com/mapfiles/kml/shapes/airports.png</href>
            </Icon>
          </IconStyle>
        </Style>
        <Point>
          <altitudeMode>absolute</altitudeMode>
          <coordinates>18.342516,-33.943405,731.52</coordinates>
        </Point>
      </Placemark>
      <Placemark>
        <name>2025-11-02 07:25:51 UTC</name>
        <description><![CDATA[<div><div><span><b>Altitude:</b></span> <span>2,500 ft</span></div>
<div><span><b>Speed:</b></span> <span>99 kt</span></div>
<div><span><b>Heading:</b></span> <span>189&deg;</span></div>
</div>]]></description>
        <TimeStamp>
          <when>2025-11-02T07:25:51+00:00</when>
        </TimeStamp>
        <Style>
          <IconStyle>
            <heading>189</heading>
            <Icon>
              <href>http://maps.google.com/mapfiles/kml/shapes/airports.png</href>
            </Icon>
          </IconStyle>
        </Style>
        <Point>
          <altitudeMode>absolute</altitudeMode>
          <coordinates>18.342291,-33.944412,762</coordinates>
        </Point>
      </Placemark>
      <Placemark>
        <name>2025-11-02 07:25:54 UTC</name>
        <description><![CDATA[<div><div><span><b>Altitude:</b></span> <span>2,500 ft</span></div>
<div><span><b>Speed:</b></span> <span>99 kt</span></div>
<div><span><b>Heading:</b></span> <span>190&deg;</span></div>
</div>]]></description>
        <TimeStamp>
          <when>2025-11-02T07:25:54+00:00</when>
        </TimeStamp>
        <Style>
          <IconStyle>
            <heading>190</heading>
            <Icon>
              <href>http://maps.google.com/mapfiles/kml/shapes/airports.png</href>
            </Icon>
          </IconStyle>
        </Style>
        <Point>
          <altitudeMode>absolute</altitudeMode>
          <coordinates>18.341955,-33.945969,762</coordinates>
        </Point>
      </Placemark>
      <Placemark>
        <name>2025-11-02 07:25:56 UTC</name>
        <description><![CDATA[<div><div><span><b>Altitude:</b></span> <span>2,500 ft</span></div>
<div><span><b>Speed:</b></span> <span>99 kt</span></div>
<div><span><b>Heading:</b></span> <span>191&deg;</span></div>
</div>]]></description>
        <TimeStamp>
          <when>2025-11-02T07:25:56+00:00</when>
        </TimeStamp>
        <Style>
          <IconStyle>
            <heading>191</heading>
            <Icon>
              <href>http://maps.google.com/mapfiles/kml/shapes/airports.png</href>
            </Icon>
          </IconStyle>
        </Style>
        <Point>
          <altitudeMode>absolute</altitudeMode>
          <coordinates>18.34173,-33.94693,762</coordinates>
        </Point>
      </Placemark>
      <Placemark>
        <name>2025-11-02 07:25:58 UTC</name>
        <description><![CDATA[<div><div><span><b>Altitude:</b></span> <span>2,500 ft</span></div>
<div><span><b>Speed:</b></span> <span>100 kt</span></div>
<div><span><b>Heading:</b></span> <span>192&deg;</span></div>
</div>]]></description>
        <TimeStamp>
          <when>2025-11-02T07:25:58+00:00</when>
        </TimeStamp>
        <Style>
          <IconStyle>
            <heading>192</heading>
            <Icon>
              <href>http://maps.google.com/mapfiles/kml/shapes/airports.png</href>
            </Icon>
          </IconStyle>
        </Style>
        <Point>
          <altitudeMode>absolute</altitudeMode>
          <coordinates>18.34145,-33.947891,762</coordinates>
        </Point>
      </Placemark>
      <Placemark>
        <name>2025-11-02 07:26:01 UTC</name>
        <description><![CDATA[<div><div><span><b>Altitude:</b></span> <span>2,500 ft</span></div>
<div><span><b>Speed:</b></span> <span>99 kt</span></div>
<div><span><b>Heading:</b></span> <span>193&deg;</span></div>
</div>]]></description>
        <TimeStamp>
          <when>2025-11-02T07:26:01+00:00</when>
        </TimeStamp>
        <Style>
          <IconStyle>
            <heading>193</heading>
            <Icon>
              <href>http://maps.google.com/mapfiles/kml/shapes/airports.png</href>
            </Icon>
          </IconStyle>
        </Style>
        <Point>
          <altitudeMode>absolute</altitudeMode>
          <coordinates>18.341227,-33.948853,762</coordinates>
        </Point>
      </Placemark>
      <Placemark>
        <name>2025-11-02 07:26:10 UTC</name>
        <description><![CDATA[<div><div><span><b>Altitude:</b></span> <span>2,500 ft</span></div>
<div><span><b>Speed:</b></span> <span>102 kt</span></div>
<div><span><b>Heading:</b></span> <span>198&deg;</span></div>
</div>]]></description>
        <TimeStamp>
          <when>2025-11-02T07:26:10+00:00</when>
        </TimeStamp>
        <Style>
          <IconStyle>
            <heading>198</heading>
            <Icon>
              <href>http://maps.google.com/mapfiles/kml/shapes/airports.png</href>
            </Icon>
          </IconStyle>
        </Style>
        <Point>
          <altitudeMode>absolute</altitudeMode>
          <coordinates>18.339729,-33.953247,762</coordinates>
        </Point>
      </Placemark>
      <Placemark>
        <name>2025-11-02 07:26:13 UTC</name>
        <description><![CDATA[<div><div><span><b>Altitude:</b></span> <span>2,500 ft</span></div>
<div><span><b>Speed:</b></span> <span>102 kt</span></div>
<div><span><b>Heading:</b></span> <span>198&deg;</span></div>
</div>]]></description>
        <TimeStamp>
          <when>2025-11-02T07:26:13+00:00</when>
        </TimeStamp>
        <Style>
          <IconStyle>
            <heading>198</heading>
            <Icon>
              <href>http://maps.google.com/mapfiles/kml/shapes/airports.png</href>
            </Icon>
          </IconStyle>
        </Style>
        <Point>
          <altitudeMode>absolute</altitudeMode>
          <coordinates>18.3391,-33.954689,762</coordinates>
        </Point>
      </Placemark>
      <Placemark>
        <name>2025-11-02 07:26:16 UTC</name>
        <description><![CDATA[<div><div><span><b>Altitude:</b></span> <span>2,500 ft</span></div>
<div><span><b>Speed:</b></span> <span>102 kt</span></div>
<div><span><b>Heading:</b></span> <span>199&deg;</span></div>
</div>]]></description>
        <TimeStamp>
          <when>2025-11-02T07:26:16+00:00</when>
        </TimeStamp>
        <Style>
          <IconStyle>
            <heading>199</heading>
            <Icon>
              <href>http://maps.google.com/mapfiles/kml/shapes/airports.png</href>
            </Icon>
          </IconStyle>
        </Style>
        <Point>
          <altitudeMode>absolute</altitudeMode>
          <coordinates>18.338814,-33.955387,762</coordinates>
        </Point>
      </Placemark>
      <Placemark>
        <name>2025-11-02 07:26:27 UTC</name>
        <description><![CDATA[<div><div><span><b>Altitude:</b></span> <span>2,500 ft</span></div>
<div><span><b>Speed:</b></span> <span>100 kt</span></div>
<div><span><b>Heading:</b></span> <span>200&deg;</span></div>
</div>]]></description>
        <TimeStamp>
          <when>2025-11-02T07:26:27+00:00</when>
        </TimeStamp>
        <Style>
          <IconStyle>
            <heading>200</heading>
            <Icon>
              <href>http://maps.google.com/mapfiles/kml/shapes/airports.png</href>
            </Icon>
          </IconStyle>
        </Style>
        <Point>
          <altitudeMode>absolute</altitudeMode>
          <coordinates>18.336575,-33.960663,762</coordinates>
        </Point>
      </Placemark>
      <Placemark>
        <name>2025-11-02 07:26:38 UTC</name>
        <description><![CDATA[<div><div><span><b>Altitude:</b></span> <span>2,500 ft</span></div>
<div><span><b>Speed:</b></span> <span>104 kt</span></div>
<div><span><b>Heading:</b></span> <span>200&deg;</span></div>
</div>]]></description>
        <TimeStamp>
          <when>2025-11-02T07:26:38+00:00</when>
        </TimeStamp>
        <Style>
          <IconStyle>
            <heading>200</heading>
            <Icon>
              <href>http://maps.google.com/mapfiles/kml/shapes/airports.png</href>
            </Icon>
          </IconStyle>
        </Style>
        <Point>
          <altitudeMode>absolute</altitudeMode>
          <coordinates>18.334351,-33.965443,762</coordinates>
        </Point>
      </Placemark>
      <Placemark>
        <name>2025-11-02 07:26:48 UTC</name>
        <description><![CDATA[<div><div><span><b>Altitude:</b></span> <span>2,600 ft</span></div>
<div><span><b>Speed:</b></span> <span>107 kt</span></div>
<div><span><b>Heading:</b></span> <span>203&deg;</span></div>
</div>]]></description>
        <TimeStamp>
          <when>2025-11-02T07:26:48+00:00</when>
        </TimeStamp>
        <Style>
          <IconStyle>
            <heading>203</heading>
            <Icon>
              <href>http://maps.google.com/mapfiles/kml/shapes/airports.png</href>
            </Icon>
          </IconStyle>
        </Style>
        <Point>
          <altitudeMode>absolute</altitudeMode>
          <coordinates>18.331865,-33.970459,792.48</coordinates>
        </Point>
      </Placemark>
      <Placemark>
        <name>2025-11-02 07:26:59 UTC</name>
        <description><![CDATA[<div><div><span><b>Altitude:</b></span> <span>2,600 ft</span></div>
<div><span><b>Speed:</b></span> <span>108 kt</span></div>
<div><span><b>Heading:</b></span> <span>204&deg;</span></div>
</div>]]></description>
        <TimeStamp>
          <when>2025-11-02T07:26:59+00:00</when>
        </TimeStamp>
        <Style>
          <IconStyle>
            <heading>204</heading>
            <Icon>
              <href>http://maps.google.com/mapfiles/kml/shapes/airports.png</href>
            </Icon>
          </IconStyle>
        </Style>
        <Point>
          <altitudeMode>absolute</altitudeMode>
          <coordinates>18.329201,-33.975407,792.48</coordinates>
        </Point>
      </Placemark>
      <Placemark>
        <name>2025-11-02 07:27:10 UTC</name>
        <description><![CDATA[<div><div><span><b>Altitude:</b></span> <span>2,600 ft</span></div>
<div><span><b>Speed:</b></span> <span>105 kt</span></div>
<div><span><b>Heading:</b></span> <span>206&deg;</span></div>
</div>]]></description>
        <TimeStamp>
          <when>2025-11-02T07:27:10+00:00</when>
        </TimeStamp>
        <Style>
          <IconStyle>
            <heading>206</heading>
            <Icon>
              <href>http://maps.google.com/mapfiles/kml/shapes/airports.png</href>
            </Icon>
          </IconStyle>
        </Style>
        <Point>
          <altitudeMode>absolute</altitudeMode>
          <coordinates>18.326317,-33.980347,792.48</coordinates>
        </Point>
      </Placemark>
      <Placemark>
        <name>2025-11-02 07:27:21 UTC</name>
        <description><![CDATA[<div><div><span><b>Altitude:</b></span> <span>2,600 ft</span></div>
<div><span><b>Speed:</b></span> <span>102 kt</span></div>
<div><span><b>Heading:</b></span> <span>208&deg;</span></div>
</div>]]></description>
        <TimeStamp>
          <when>2025-11-02T07:27:21+00:00</when>
        </TimeStamp>
        <Style>
          <IconStyle>
            <heading>208</heading>
            <Icon>
              <href>http://maps.google.com/mapfiles/kml/shapes/airports.png</href>
            </Icon>
          </IconStyle>
        </Style>
        <Point>
          <altitudeMode>absolute</altitudeMode>
          <coordinates>18.323458,-33.984879,792.48</coordinates>
        </Point>
      </Placemark>
      <Placemark>
        <name>2025-11-02 07:27:29 UTC</name>
        <description><![CDATA[<div><div><span><b>Altitude:</b></span> <span>2,600 ft</span></div>
<div><span><b>Speed:</b></span> <span>105 kt</span></div>
<div><span><b>Heading:</b></span> <span>209&deg;</span></div>
</div>]]></description>
        <TimeStamp>
          <when>2025-11-02T07:27:29+00:00</when>
        </TimeStamp>
        <Style>
          <IconStyle>
            <heading>209</heading>
            <Icon>
              <href>http://maps.google.com/mapfiles/kml/shapes/airports.png</href>
            </Icon>
          </IconStyle>
        </Style>
        <Point>
          <altitudeMode>absolute</altitudeMode>
          <coordinates>18.321215,-33.988266,792.48</coordinates>
        </Point>
      </Placemark>
      <Placemark>
        <name>2025-11-02 07:27:33 UTC</name>
        <description><![CDATA[<div><div><span><b>Altitude:</b></span> <span>2,600 ft</span></div>
<div><span><b>Speed:</b></span> <span>108 kt</span></div>
<div><span><b>Heading:</b></span> <span>207&deg;</span></div>
</div>]]></description>
        <TimeStamp>
          <when>2025-11-02T07:27:33+00:00</when>
        </TimeStamp>
        <Style>
          <IconStyle>
            <heading>207</heading>
            <Icon>
              <href>http://maps.google.com/mapfiles/kml/shapes/airports.png</href>
            </Icon>
          </IconStyle>
        </Style>
        <Point>
          <altitudeMode>absolute</altitudeMode>
          <coordinates>18.319931,-33.990116,792.48</coordinates>
        </Point>
      </Placemark>
      <Placemark>
        <name>2025-11-02 07:27:41 UTC</name>
        <description><![CDATA[<div><div><span><b>Altitude:</b></span> <span>2,600 ft</span></div>
<div><span><b>Speed:</b></span> <span>114 kt</span></div>
<div><span><b>Heading:</b></span> <span>207&deg;</span></div>
</div>]]></description>
        <TimeStamp>
          <when>2025-11-02T07:27:41+00:00</when>
        </TimeStamp>
        <Style>
          <IconStyle>
            <heading>207</heading>
            <Icon>
              <href>http://maps.google.com/mapfiles/kml/shapes/airports.png</href>
            </Icon>
          </IconStyle>
        </Style>
        <Point>
          <altitudeMode>absolute</altitudeMode>
          <coordinates>18.317871,-33.993423,792.48</coordinates>
        </Point>
      </Placemark>
      <Placemark>
        <name>2025-11-02 07:27:43 UTC</name>
        <description><![CDATA[<div><div><span><b>Altitude:</b></span> <span>2,600 ft</span></div>
<div><span><b>Speed:</b></span> <span>114 kt</span></div>
<div><span><b>Heading:</b></span> <span>206&deg;</span></div>
</div>]]></description>
        <TimeStamp>
          <when>2025-11-02T07:27:43+00:00</when>
        </TimeStamp>
        <Style>
          <IconStyle>
            <heading>206</heading>
            <Icon>
              <href>http://maps.google.com/mapfiles/kml/shapes/airports.png</href>
            </Icon>
          </IconStyle>
        </Style>
        <Point>
          <altitudeMode>absolute</altitudeMode>
          <coordinates>18.317404,-33.994263,792.48</coordinates>
        </Point>
      </Placemark>
      <Placemark>
        <name>2025-11-02 07:27:45 UTC</name>
        <description><![CDATA[<div><div><span><b>Altitude:</b></span> <span>2,600 ft</span></div>
<div><span><b>Speed:</b></span> <span>114 kt</span></div>
<div><span><b>Heading:</b></span> <span>205&deg;</span></div>
</div>]]></description>
        <TimeStamp>
          <when>2025-11-02T07:27:45+00:00</when>
        </TimeStamp>
        <Style>
          <IconStyle>
            <heading>205</heading>
            <Icon>
              <href>http://maps.google.com/mapfiles/kml/shapes/airports.png</href>
            </Icon>
          </IconStyle>
        </Style>
        <Point>
          <altitudeMode>absolute</altitudeMode>
          <coordinates>18.316675,-33.995453,792.48</coordinates>
        </Point>
      </Placemark>
      <Placemark>
        <name>2025-11-02 07:27:50 UTC</name>
        <description><![CDATA[<div><div><span><b>Altitude:</b></span> <span>2,600 ft</span></div>
<div><span><b>Speed:</b></span> <span>115 kt</span></div>
<div><span><b>Heading:</b></span> <span>204&deg;</span></div>
</div>]]></description>
        <TimeStamp>
          <when>2025-11-02T07:27:50+00:00</when>
        </TimeStamp>
        <Style>
          <IconStyle>
            <heading>204</heading>
            <Icon>
              <href>http://maps.google.com/mapfiles/kml/shapes/airports.png</href>
            </Icon>
          </IconStyle>
        </Style>
        <Point>
          <altitudeMode>absolute</altitudeMode>
          <coordinates>18.315468,-33.997612,792.48</coordinates>
        </Point>
      </Placemark>
      <Placemark>
        <name>2025-11-02 07:27:52 UTC</name>
        <description><![CDATA[<div><div><span><b>Altitude:</b></span> <span>2,600 ft</span></div>
<div><span><b>Speed:</b></span> <span>116 kt</span></div>
<div><span><b>Heading:</b></span> <span>204&deg;</span></div>
</div>]]></description>
        <TimeStamp>
          <when>2025-11-02T07:27:52+00:00</when>
        </TimeStamp>
        <Style>
          <IconStyle>
            <heading>204</heading>
            <Icon>
              <href>http://maps.google.com/mapfiles/kml/shapes/airports.png</href>
            </Icon>
          </IconStyle>
        </Style>
        <Point>
          <altitudeMode>absolute</altitudeMode>
          <coordinates>18.314993,-33.99852,792.48</coordinates>
        </Point>
      </Placemark>
      <Placemark>
        <name>2025-11-02 07:27:54 UTC</name>
        <description><![CDATA[<div><div><span><b>Altitude:</b></span> <span>2,600 ft</span></div>
<div><span><b>Speed:</b></span> <span>115 kt</span></div>
<div><span><b>Heading:</b></span> <span>203&deg;</span></div>
</div>]]></description>
        <TimeStamp>
          <when>2025-11-02T07:27:54+00:00</when>
        </TimeStamp>
        <Style>
          <IconStyle>
            <heading>203</heading>
            <Icon>
              <href>http://maps.google.com/mapfiles/kml/shapes/airports.png</href>
            </Icon>
          </IconStyle>
        </Style>
        <Point>
          <altitudeMode>absolute</altitudeMode>
          <coordinates>18.314264,-33.999802,792.48</coordinates>
        </Point>
      </Placemark>
      <Placemark>
        <name>2025-11-02 07:27:56 UTC</name>
        <description><![CDATA[<div><div><span><b>Altitude:</b></span> <span>2,600 ft</span></div>
<div><span><b>Speed:</b></span> <span>115 kt</span></div>
<div><span><b>Heading:</b></span> <span>203&deg;</span></div>
</div>]]></description>
        <TimeStamp>
          <when>2025-11-02T07:27:56+00:00</when>
        </TimeStamp>
        <Style>
          <IconStyle>
            <heading>203</heading>
            <Icon>
              <href>http://maps.google.com/mapfiles/kml/shapes/airports.png</href>
            </Icon>
          </IconStyle>
        </Style>
        <Point>
          <altitudeMode>absolute</altitudeMode>
          <coordinates>18.313866,-34.000591,792.48</coordinates>
        </Point>
      </Placemark>
      <Placemark>
        <name>2025-11-02 07:27:58 UTC</name>
        <description><![CDATA[<div><div><span><b>Altitude:</b></span> <span>2,600 ft</span></div>
<div><span><b>Speed:</b></span> <span>115 kt</span></div>
<div><span><b>Heading:</b></span> <span>203&deg;</span></div>
</div>]]></description>
        <TimeStamp>
          <when>2025-11-02T07:27:58+00:00</when>
        </TimeStamp>
        <Style>
          <IconStyle>
            <heading>203</heading>
            <Icon>
              <href>http://maps.google.com/mapfiles/kml/shapes/airports.png</href>
            </Icon>
          </IconStyle>
        </Style>
        <Point>
          <altitudeMode>absolute</altitudeMode>
          <coordinates>18.313368,-34.001541,792.48</coordinates>
        </Point>
      </Placemark>
      <Placemark>
        <name>2025-11-02 07:28:00 UTC</name>
        <description><![CDATA[<div><div><span><b>Altitude:</b></span> <span>2,600 ft</span></div>
<div><span><b>Speed:</b></span> <span>115 kt</span></div>
<div><span><b>Heading:</b></span> <span>203&deg;</span></div>
</div>]]></description>
        <TimeStamp>
          <when>2025-11-02T07:28:00+00:00</when>
        </TimeStamp>
        <Style>
          <IconStyle>
            <heading>203</heading>
            <Icon>
              <href>http://maps.google.com/mapfiles/kml/shapes/airports.png</href>
            </Icon>
          </IconStyle>
        </Style>
        <Point>
          <altitudeMode>absolute</altitudeMode>
          <coordinates>18.312836,-34.002594,792.48</coordinates>
        </Point>
      </Placemark>
      <Placemark>
        <name>2025-11-02 07:28:03 UTC</name>
        <description><![CDATA[<div><div><span><b>Altitude:</b></span> <span>2,600 ft</span></div>
<div><span><b>Speed:</b></span> <span>115 kt</span></div>
<div><span><b>Heading:</b></span> <span>202&deg;</span></div>
</div>]]></description>
        <TimeStamp>
          <when>2025-11-02T07:28:03+00:00</when>
        </TimeStamp>
        <Style>
          <IconStyle>
            <heading>202</heading>
            <Icon>
              <href>http://maps.google.com/mapfiles/kml/shapes/airports.png</href>
            </Icon>
          </IconStyle>
        </Style>
        <Point>
          <altitudeMode>absolute</altitudeMode>
          <coordinates>18.312191,-34.00383,792.48</coordinates>
        </Point>
      </Placemark>
      <Placemark>
        <name>2025-11-02 07:28:05 UTC</name>
        <description><![CDATA[<div><div><span><b>Altitude:</b></span> <span>2,600 ft</span></div>
<div><span><b>Speed:</b></span> <span>114 kt</span></div>
<div><span><b>Heading:</b></span> <span>202&deg;</span></div>
</div>]]></description>
        <TimeStamp>
          <when>2025-11-02T07:28:05+00:00</when>
        </TimeStamp>
        <Style>
          <IconStyle>
            <heading>202</heading>
            <Icon>
              <href>http://maps.google.com/mapfiles/kml/shapes/airports.png</href>
            </Icon>
          </IconStyle>
        </Style>
        <Point>
          <altitudeMode>absolute</altitudeMode>
          <coordinates>18.311518,-34.005203,792.48</coordinates>
        </Point>
      </Placemark>
      <Placemark>
        <name>2025-11-02 07:28:07 UTC</name>
        <description><![CDATA[<div><div><span><b>Altitude:</b></span> <span>2,700 ft</span></div>
<div><span><b>Speed:</b></span> <span>114 kt</span></div>
<div><span><b>Heading:</b></span> <span>202&deg;</span></div>
</div>]]></description>
        <TimeStamp>
          <when>2025-11-02T07:28:07+00:00</when>
        </TimeStamp>
        <Style>
          <IconStyle>
            <heading>202</heading>
            <Icon>
              <href>http://maps.google.com/mapfiles/kml/shapes/airports.png</href>
            </Icon>
          </IconStyle>
        </Style>
        <Point>
          <altitudeMode>absolute</altitudeMode>
          <coordinates>18.311005,-34.006222,822.96</coordinates>
        </Point>
      </Placemark>
      <Placemark>
        <name>2025-11-02 07:28:14 UTC</name>
        <description><![CDATA[<div><div><span><b>Altitude:</b></span> <span>2,600 ft</span></div>
<div><span><b>Speed:</b></span> <span>114 kt</span></div>
<div><span><b>Heading:</b></span> <span>201&deg;</span></div>
</div>]]></description>
        <TimeStamp>
          <when>2025-11-02T07:28:14+00:00</when>
        </TimeStamp>
        <Style>
          <IconStyle>
            <heading>201</heading>
            <Icon>
              <href>http://maps.google.com/mapfiles/kml/shapes/airports.png</href>
            </Icon>
          </IconStyle>
        </Style>
        <Point>
          <altitudeMode>absolute</altitudeMode>
          <coordinates>18.309288,-34.009762,792.48</coordinates>
        </Point>
      </Placemark>
      <Placemark>
        <name>2025-11-02 07:28:21 UTC</name>
        <description><![CDATA[<div><div><span><b>Altitude:</b></span> <span>2,600 ft</span></div>
<div><span><b>Speed:</b></span> <span>113 kt</span></div>
<div><span><b>Heading:</b></span> <span>201&deg;</span></div>
</div>]]></description>
        <TimeStamp>
          <when>2025-11-02T07:28:21+00:00</when>
        </TimeStamp>
        <Style>
          <IconStyle>
            <heading>201</heading>
            <Icon>
              <href>http://maps.google.com/mapfiles/kml/shapes/airports.png</href>
            </Icon>
          </IconStyle>
        </Style>
        <Point>
          <altitudeMode>absolute</altitudeMode>
          <coordinates>18.307629,-34.013298,792.48</coordinates>
        </Point>
      </Placemark>
      <Placemark>
        <name>2025-11-02 07:28:28 UTC</name>
        <description><![CDATA[<div><div><span><b>Altitude:</b></span> <span>2,600 ft</span></div>
<div><span><b>Speed:</b></span> <span>112 kt</span></div>
<div><span><b>Heading:</b></span> <span>199&deg;</span></div>
</div>]]></description>
        <TimeStamp>
          <when>2025-11-02T07:28:28+00:00</when>
        </TimeStamp>
        <Style>
          <IconStyle>
            <heading>199</heading>
            <Icon>
              <href>http://maps.google.com/mapfiles/kml/shapes/airports.png</href>
            </Icon>
          </IconStyle>
        </Style>
        <Point>
          <altitudeMode>absolute</altitudeMode>
          <coordinates>18.306198,-34.01651,792.48</coordinates>
        </Point>
      </Placemark>
      <Placemark>
        <name>2025-11-02 07:28:37 UTC</name>
        <description><![CDATA[<div><div><span><b>Altitude:</b></span> <span>2,600 ft</span></div>
<div><span><b>Speed:</b></span> <span>111 kt</span></div>
<div><span><b>Heading:</b></span> <span>197&deg;</span></div>
</div>]]></description>
        <TimeStamp>
          <when>2025-11-02T07:28:37+00:00</when>
        </TimeStamp>
        <Style>
          <IconStyle>
            <heading>197</heading>
            <Icon>
              <href>http://maps.google.com/mapfiles/kml/shapes/airports.png</href>
            </Icon>
          </IconStyle>
        </Style>
        <Point>
          <altitudeMode>absolute</altitudeMode>
          <coordinates>18.304539,-34.020794,792.48</coordinates>
        </Point>
      </Placemark>
      <Placemark>
        <name>2025-11-02 07:28:39 UTC</name>
        <description><![CDATA[<div><div><span><b>Altitude:</b></span> <span>2,600 ft</span></div>
<div><span><b>Speed:</b></span> <span>112 kt</span></div>
<div><span><b>Heading:</b></span> <span>196&deg;</span></div>
</div>]]></description>
        <TimeStamp>
          <when>2025-11-02T07:28:39+00:00</when>
        </TimeStamp>
        <Style>
          <IconStyle>
            <heading>196</heading>
            <Icon>
              <href>http://maps.google.com/mapfiles/kml/shapes/airports.png</href>
            </Icon>
          </IconStyle>
        </Style>
        <Point>
          <altitudeMode>absolute</altitudeMode>
          <coordinates>18.304064,-34.022003,792.48</coordinates>
        </Point>
      </Placemark>
      <Placemark>
        <name>2025-11-02 07:28:42 UTC</name>
        <description><![CDATA[<div><div><span><b>Altitude:</b></span> <span>2,600 ft</span></div>
<div><span><b>Speed:</b></span> <span>111 kt</span></div>
<div><span><b>Heading:</b></span> <span>195&deg;</span></div>
</div>]]></description>
        <TimeStamp>
          <when>2025-11-02T07:28:42+00:00</when>
        </TimeStamp>
        <Style>
          <IconStyle>
            <heading>195</heading>
            <Icon>
              <href>http://maps.google.com/mapfiles/kml/shapes/airports.png</href>
            </Icon>
          </IconStyle>
        </Style>
        <Point>
          <altitudeMode>absolute</altitudeMode>
          <coordinates>18.30368,-34.023216,792.48</coordinates>
        </Point>
      </Placemark>
      <Placemark>
        <name>2025-11-02 07:28:44 UTC</name>
        <description><![CDATA[<div><div><span><b>Altitude:</b></span> <span>2,600 ft</span></div>
<div><span><b>Speed:</b></span> <span>112 kt</span></div>
<div><span><b>Heading:</b></span> <span>193&deg;</span></div>
</div>]]></description>
        <TimeStamp>
          <when>2025-11-02T07:28:44+00:00</when>
        </TimeStamp>
        <Style>
          <IconStyle>
            <heading>193</heading>
            <Icon>
              <href>http://maps.google.com/mapfiles/kml/shapes/airports.png</href>
            </Icon>
          </IconStyle>
        </Style>
        <Point>
          <altitudeMode>absolute</altitudeMode>
          <coordinates>18.303337,-34.02438,792.48</coordinates>
        </Point>
      </Placemark>
      <Placemark>
        <name>2025-11-02 07:28:46 UTC</name>
        <description><![CDATA[<div><div><span><b>Altitude:</b></span> <span>2,600 ft</span></div>
<div><span><b>Speed:</b></span> <span>112 kt</span></div>
<div><span><b>Heading:</b></span> <span>191&deg;</span></div>
</div>]]></description>
        <TimeStamp>
          <when>2025-11-02T07:28:46+00:00</when>
        </TimeStamp>
        <Style>
          <IconStyle>
            <heading>191</heading>
            <Icon>
              <href>http://maps.google.com/mapfiles/kml/shapes/airports.png</href>
            </Icon>
          </IconStyle>
        </Style>
        <Point>
          <altitudeMode>absolute</altitudeMode>
          <coordinates>18.30311,-34.025208,792.48</coordinates>
        </Point>
      </Placemark>
      <Placemark>
        <name>2025-11-02 07:28:48 UTC</name>
        <description><![CDATA[<div><div><span><b>Altitude:</b></span> <span>2,600 ft</span></div>
<div><span><b>Speed:</b></span> <span>111 kt</span></div>
<div><span><b>Heading:</b></span> <span>191&deg;</span></div>
</div>]]></description>
        <TimeStamp>
          <when>2025-11-02T07:28:48+00:00</when>
        </TimeStamp>
        <Style>
          <IconStyle>
            <heading>191</heading>
            <Icon>
              <href>http://maps.google.com/mapfiles/kml/shapes/airports.png</href>
            </Icon>
          </IconStyle>
        </Style>
        <Point>
          <altitudeMode>absolute</altitudeMode>
          <coordinates>18.302765,-34.026566,792.48</coordinates>
        </Point>
      </Placemark>
      <Placemark>
        <name>2025-11-02 07:28:50 UTC</name>
        <description><![CDATA[<div><div><span><b>Altitude:</b></span> <span>2,600 ft</span></div>
<div><span><b>Speed:</b></span> <span>110 kt</span></div>
<div><span><b>Heading:</b></span> <span>191&deg;</span></div>
</div>]]></description>
        <TimeStamp>
          <when>2025-11-02T07:28:50+00:00</when>
        </TimeStamp>
        <Style>
          <IconStyle>
            <heading>191</heading>
            <Icon>
              <href>http://maps.google.com/mapfiles/kml/shapes/airports.png</href>
            </Icon>
          </IconStyle>
        </Style>
        <Point>
          <altitudeMode>absolute</altitudeMode>
          <coordinates>18.302549,-34.027496,792.48</coordinates>
        </Point>
      </Placemark>
      <Placemark>
        <name>2025-11-02 07:28:52 UTC</name>
        <description><![CDATA[<div><div><span><b>Altitude:</b></span> <span>2,600 ft</span></div>
<div><span><b>Speed:</b></span> <span>108 kt</span></div>
<div><span><b>Heading:</b></span> <span>189&deg;</span></div>
</div>]]></description>
        <TimeStamp>
          <when>2025-11-02T07:28:52+00:00</when>
        </TimeStamp>
        <Style>
          <IconStyle>
            <heading>189</heading>
            <Icon>
              <href>http://maps.google.com/mapfiles/kml/shapes/airports.png</href>
            </Icon>
          </IconStyle>
        </Style>
        <Point>
          <altitudeMode>absolute</altitudeMode>
          <coordinates>18.302326,-34.028595,792.48</coordinates>
        </Point>
      </Placemark>
      <Placemark>
        <name>2025-11-02 07:28:55 UTC</name>
        <description><![CDATA[<div><div><span><b>Altitude:</b></span> <span>2,600 ft</span></div>
<div><span><b>Speed:</b></span> <span>106 kt</span></div>
<div><span><b>Heading:</b></span> <span>186&deg;</span></div>
</div>]]></description>
        <TimeStamp>
          <when>2025-11-02T07:28:55+00:00</when>
        </TimeStamp>
        <Style>
          <IconStyle>
            <heading>186</heading>
            <Icon>
              <href>http://maps.google.com/mapfiles/kml/shapes/airports.png</href>
            </Icon>
          </IconStyle>
        </Style>
        <Point>
          <altitudeMode>absolute</altitudeMode>
          <coordinates>18.302135,-34.029732,792.48</coordinates>
        </Point>
      </Placemark>
      <Placemark>
        <name>2025-11-02 07:28:57 UTC</name>
        <description><![CDATA[<div><div><span><b>Altitude:</b></span> <span>2,600 ft</span></div>
<div><span><b>Speed:</b></span> <span>106 kt</span></div>
<div><span><b>Heading:</b></span> <span>185&deg;</span></div>
</div>]]></description>
        <TimeStamp>
          <when>2025-11-02T07:28:57+00:00</when>
        </TimeStamp>
        <Style>
          <IconStyle>
            <heading>185</heading>
            <Icon>
              <href>http://maps.google.com/mapfiles/kml/shapes/airports.png</href>
            </Icon>
          </IconStyle>
        </Style>
        <Point>
          <altitudeMode>absolute</altitudeMode>
          <coordinates>18.301989,-34.030975,792.48</coordinates>
        </Point>
      </Placemark>
      <Placemark>
        <name>2025-11-02 07:28:59 UTC</name>
        <description><![CDATA[<div><div><span><b>Altitude:</b></span> <span>2,600 ft</span></div>
<div><span><b>Speed:</b></span> <span>106 kt</span></div>
<div><span><b>Heading:</b></span> <span>183&deg;</span></div>
</div>]]></description>
        <TimeStamp>
          <when>2025-11-02T07:28:59+00:00</when>
        </TimeStamp>
        <Style>
          <IconStyle>
            <heading>183</heading>
            <Icon>
              <href>http://maps.google.com/mapfiles/kml/shapes/airports.png</href>
            </Icon>
          </IconStyle>
        </Style>
        <Point>
          <altitudeMode>absolute</altitudeMode>
          <coordinates>18.301878,-34.031937,792.48</coordinates>
        </Point>
      </Placemark>
      <Placemark>
        <name>2025-11-02 07:29:01 UTC</name>
        <description><![CDATA[<div><div><span><b>Altitude:</b></span> <span>2,600 ft</span></div>
<div><span><b>Speed:</b></span> <span>106 kt</span></div>
<div><span><b>Heading:</b></span> <span>180&deg;</span></div>
</div>]]></description>
        <TimeStamp>
          <when>2025-11-02T07:29:01+00:00</when>
        </TimeStamp>
        <Style>
          <IconStyle>
            <heading>180</heading>
            <Icon>
              <href>http://maps.google.com/mapfiles/kml/shapes/airports.png</href>
            </Icon>
          </IconStyle>
        </Style>
        <Point>
          <altitudeMode>absolute</altitudeMode>
          <coordinates>18.301878,-34.032944,792.48</coordinates>
        </Point>
      </Placemark>
      <Placemark>
        <name>2025-11-02 07:29:04 UTC</name>
        <description><![CDATA[<div><div><span><b>Altitude:</b></span> <span>2,600 ft</span></div>
<div><span><b>Speed:</b></span> <span>106 kt</span></div>
<div><span><b>Heading:</b></span> <span>177&deg;</span></div>
</div>]]></description>
        <TimeStamp>
          <when>2025-11-02T07:29:04+00:00</when>
        </TimeStamp>
        <Style>
          <IconStyle>
            <heading>177</heading>
            <Icon>
              <href>http://maps.google.com/mapfiles/kml/shapes/airports.png</href>
            </Icon>
          </IconStyle>
        </Style>
        <Point>
          <altitudeMode>absolute</altitudeMode>
          <coordinates>18.301878,-34.034088,792.48</coordinates>
        </Point>
      </Placemark>
      <Placemark>
        <name>2025-11-02 07:29:06 UTC</name>
        <description><![CDATA[<div><div><span><b>Altitude:</b></span> <span>2,600 ft</span></div>
<div><span><b>Speed:</b></span> <span>104 kt</span></div>
<div><span><b>Heading:</b></span> <span>175&deg;</span></div>
</div>]]></description>
        <TimeStamp>
          <when>2025-11-02T07:29:06+00:00</when>
        </TimeStamp>
        <Style>
          <IconStyle>
            <heading>175</heading>
            <Icon>
              <href>http://maps.google.com/mapfiles/kml/shapes/airports.png</href>
            </Icon>
          </IconStyle>
        </Style>
        <Point>
          <altitudeMode>absolute</altitudeMode>
          <coordinates>18.301964,-34.03532,792.48</coordinates>
        </Point>
      </Placemark>
      <Placemark>
        <name>2025-11-02 07:29:08 UTC</name>
        <description><![CDATA[<div><div><span><b>Altitude:</b></span> <span>2,600 ft</span></div>
<div><span><b>Speed:</b></span> <span>104 kt</span></div>
<div><span><b>Heading:</b></span> <span>171&deg;</span></div>
</div>]]></description>
        <TimeStamp>
          <when>2025-11-02T07:29:08+00:00</when>
        </TimeStamp>
        <Style>
          <IconStyle>
            <heading>171</heading>
            <Icon>
              <href>http://maps.google.com/mapfiles/kml/shapes/airports.png</href>
            </Icon>
          </IconStyle>
        </Style>
        <Point>
          <altitudeMode>absolute</altitudeMode>
          <coordinates>18.302101,-34.036331,792.48</coordinates>
        </Point>
      </Placemark>
      <Placemark>
        <name>2025-11-02 07:29:10 UTC</name>
        <description><![CDATA[<div><div><span><b>Altitude:</b></span> <span>2,600 ft</span></div>
<div><span><b>Speed:</b></span> <span>102 kt</span></div>
<div><span><b>Heading:</b></span> <span>169&deg;</span></div>
</div>]]></description>
        <TimeStamp>
          <when>2025-11-02T07:29:10+00:00</when>
        </TimeStamp>
        <Style>
          <IconStyle>
            <heading>169</heading>
            <Icon>
              <href>http://maps.google.com/mapfiles/kml/shapes/airports.png</href>
            </Icon>
          </IconStyle>
        </Style>
        <Point>
          <altitudeMode>absolute</altitudeMode>
          <coordinates>18.302307,-34.037319,792.48</coordinates>
        </Point>
      </Placemark>
      <Placemark>
        <name>2025-11-02 07:29:13 UTC</name>
        <description><![CDATA[<div><div><span><b>Altitude:</b></span> <span>2,600 ft</span></div>
<div><span><b>Speed:</b></span> <span>101 kt</span></div>
<div><span><b>Heading:</b></span> <span>168&deg;</span></div>
</div>]]></description>
        <TimeStamp>
          <when>2025-11-02T07:29:13+00:00</when>
        </TimeStamp>
        <Style>
          <IconStyle>
            <heading>168</heading>
            <Icon>
              <href>http://maps.google.com/mapfiles/kml/shapes/airports.png</href>
            </Icon>
          </IconStyle>
        </Style>
        <Point>
          <altitudeMode>absolute</altitudeMode>
          <coordinates>18.302549,-34.038483,792.48</coordinates>
        </Point>
      </Placemark>
      <Placemark>
        <name>2025-11-02 07:29:15 UTC</name>
        <description><![CDATA[<div><div><span><b>Altitude:</b></span> <span>2,600 ft</span></div>
<div><span><b>Speed:</b></span> <span>100 kt</span></div>
<div><span><b>Heading:</b></span> <span>165&deg;</span></div>
</div>]]></description>
        <TimeStamp>
          <when>2025-11-02T07:29:15+00:00</when>
        </TimeStamp>
        <Style>
          <IconStyle>
            <heading>165</heading>
            <Icon>
              <href>http://maps.google.com/mapfiles/kml/shapes/airports.png</href>
            </Icon>
          </IconStyle>
        </Style>
        <Point>
          <altitudeMode>absolute</altitudeMode>
          <coordinates>18.302887,-34.039581,792.48</coordinates>
        </Point>
      </Placemark>
      <Placemark>
        <name>2025-11-02 07:29:17 UTC</name>
        <description><![CDATA[<div><div><span><b>Altitude:</b></span> <span>2,600 ft</span></div>
<div><span><b>Speed:</b></span> <span>99 kt</span></div>
<div><span><b>Heading:</b></span> <span>163&deg;</span></div>
</div>]]></description>
        <TimeStamp>
          <when>2025-11-02T07:29:17+00:00</when>
        </TimeStamp>
        <Style>
          <IconStyle>
            <heading>163</heading>
            <Icon>
              <href>http://maps.google.com/mapfiles/kml/shapes/airports.png</href>
            </Icon>
          </IconStyle>
        </Style>
        <Point>
          <altitudeMode>absolute</altitudeMode>
          <coordinates>18.303165,-34.040531,792.48</coordinates>
        </Point>
      </Placemark>
      <Placemark>
        <name>2025-11-02 07:29:19 UTC</name>
        <description><![CDATA[<div><div><span><b>Altitude:</b></span> <span>2,600 ft</span></div>
<div><span><b>Speed:</b></span> <span>100 kt</span></div>
<div><span><b>Heading:</b></span> <span>161&deg;</span></div>
</div>]]></description>
        <TimeStamp>
          <when>2025-11-02T07:29:19+00:00</when>
        </TimeStamp>
        <Style>
          <IconStyle>
            <heading>161</heading>
            <Icon>
              <href>http://maps.google.com/mapfiles/kml/shapes/airports.png</href>
            </Icon>
          </IconStyle>
        </Style>
        <Point>
          <altitudeMode>absolute</altitudeMode>
          <coordinates>18.303503,-34.041367,792.48</coordinates>
        </Point>
      </Placemark>
      <Placemark>
        <name>2025-11-02 07:29:21 UTC</name>
        <description><![CDATA[<div><div><span><b>Altitude:</b></span> <span>2,600 ft</span></div>
<div><span><b>Speed:</b></span> <span>100 kt</span></div>
<div><span><b>Heading:</b></span> <span>159&deg;</span></div>
</div>]]></description>
        <TimeStamp>
          <when>2025-11-02T07:29:21+00:00</when>
        </TimeStamp>
        <Style>
          <IconStyle>
            <heading>159</heading>
            <Icon>
              <href>http://maps.google.com/mapfiles/kml/shapes/airports.png</href>
            </Icon>
          </IconStyle>
        </Style>
        <Point>
          <altitudeMode>absolute</altitudeMode>
          <coordinates>18.304024,-34.042534,792.48</coordinates>
        </Point>
      </Placemark>
      <Placemark>
        <name>2025-11-02 07:29:24 UTC</name>
        <description><![CDATA[<div><div><span><b>Altitude:</b></span> <span>2,600 ft</span></div>
<div><span><b>Speed:</b></span> <span>100 kt</span></div>
<div><span><b>Heading:</b></span> <span>157&deg;</span></div>
</div>]]></description>
        <TimeStamp>
          <when>2025-11-02T07:29:24+00:00</when>
        </TimeStamp>
        <Style>
          <IconStyle>
            <heading>157</heading>
            <Icon>
              <href>http://maps.google.com/mapfiles/kml/shapes/airports.png</href>
            </Icon>
          </IconStyle>
        </Style>
        <Point>
          <altitudeMode>absolute</altitudeMode>
          <coordinates>18.304539,-34.04356,792.48</coordinates>
        </Point>
      </Placemark>
      <Placemark>
        <name>2025-11-02 07:29:26 UTC</name>
        <description><![CDATA[<div><div><span><b>Altitude:</b></span> <span>2,600 ft</span></div>
<div><span><b>Speed:</b></span> <span>101 kt</span></div>
<div><span><b>Heading:</b></span> <span>154&deg;</span></div>
</div>]]></description>
        <TimeStamp>
          <when>2025-11-02T07:29:26+00:00</when>
        </TimeStamp>
        <Style>
          <IconStyle>
            <heading>154</heading>
            <Icon>
              <href>http://maps.google.com/mapfiles/kml/shapes/airports.png</href>
            </Icon>
          </IconStyle>
        </Style>
        <Point>
          <altitudeMode>absolute</altitudeMode>
          <coordinates>18.304996,-34.044395,792.48</coordinates>
        </Point>
      </Placemark>
      <Placemark>
        <name>2025-11-02 07:29:28 UTC</name>
        <description><![CDATA[<div><div><span><b>Altitude:</b></span> <span>2,600 ft</span></div>
<div><span><b>Speed:</b></span> <span>101 kt</span></div>
<div><span><b>Heading:</b></span> <span>153&deg;</span></div>
</div>]]></description>
        <TimeStamp>
          <when>2025-11-02T07:29:28+00:00</when>
        </TimeStamp>
        <Style>
          <IconStyle>
            <heading>153</heading>
            <Icon>
              <href>http://maps.google.com/mapfiles/kml/shapes/airports.png</href>
            </Icon>
          </IconStyle>
        </Style>
        <Point>
          <altitudeMode>absolute</altitudeMode>
          <coordinates>18.305634,-34.045486,792.48</coordinates>
        </Point>
      </Placemark>
      <Placemark>
        <name>2025-11-02 07:29:31 UTC</name>
        <description><![CDATA[<div><div><span><b>Altitude:</b></span> <span>2,600 ft</span></div>
<div><span><b>Speed:</b></span> <span>100 kt</span></div>
<div><span><b>Heading:</b></span> <span>152&deg;</span></div>
</div>]]></description>
        <TimeStamp>
          <when>2025-11-02T07:29:31+00:00</when>
        </TimeStamp>
        <Style>
          <IconStyle>
            <heading>152</heading>
            <Icon>
              <href>http://maps.google.com/mapfiles/kml/shapes/airports.png</href>
            </Icon>
          </IconStyle>
        </Style>
        <Point>
          <altitudeMode>absolute</altitudeMode>
          <coordinates>18.306198,-34.046352,792.48</coordinates>
        </Point>
      </Placemark>
      <Placemark>
        <name>2025-11-02 07:29:33 UTC</name>
        <description><![CDATA[<div><div><span><b>Altitude:</b></span> <span>2,600 ft</span></div>
<div><span><b>Speed:</b></span> <span>100 kt</span></div>
<div><span><b>Heading:</b></span> <span>151&deg;</span></div>
</div>]]></description>
        <TimeStamp>
          <when>2025-11-02T07:29:33+00:00</when>
        </TimeStamp>
        <Style>
          <IconStyle>
            <heading>151</heading>
            <Icon>
              <href>http://maps.google.com/mapfiles/kml/shapes/airports.png</href>
            </Icon>
          </IconStyle>
        </Style>
        <Point>
          <altitudeMode>absolute</altitudeMode>
          <coordinates>18.30677,-34.047237,792.48</coordinates>
        </Point>
      </Placemark>
      <Placemark>
        <name>2025-11-02 07:29:35 UTC</name>
        <description><![CDATA[<div><div><span><b>Altitude:</b></span> <span>2,600 ft</span></div>
<div><span><b>Speed:</b></span> <span>99 kt</span></div>
<div><span><b>Heading:</b></span> <span>149&deg;</span></div>
</div>]]></description>
        <TimeStamp>
          <when>2025-11-02T07:29:35+00:00</when>
        </TimeStamp>
        <Style>
          <IconStyle>
            <heading>149</heading>
            <Icon>
              <href>http://maps.google.com/mapfiles/kml/shapes/airports.png</href>
            </Icon>
          </IconStyle>
        </Style>
        <Point>
          <altitudeMode>absolute</altitudeMode>
          <coordinates>18.307259,-34.048004,792.48</coordinates>
        </Point>
      </Placemark>
      <Placemark>
        <name>2025-11-02 07:29:37 UTC</name>
        <description><![CDATA[<div><div><span><b>Altitude:</b></span> <span>2,600 ft</span></div>
<div><span><b>Speed:</b></span> <span>99 kt</span></div>
<div><span><b>Heading:</b></span> <span>148&deg;</span></div>
</div>]]></description>
        <TimeStamp>
          <when>2025-11-02T07:29:37+00:00</when>
        </TimeStamp>
        <Style>
          <IconStyle>
            <heading>148</heading>
            <Icon>
              <href>http://maps.google.com/mapfiles/kml/shapes/airports.png</href>
            </Icon>
          </IconStyle>
        </Style>
        <Point>
          <altitudeMode>absolute</altitudeMode>
          <coordinates>18.307987,-34.048965,792.48</coordinates>
        </Point>
      </Placemark>
      <Placemark>
        <name>2025-11-02 07:29:39 UTC</name>
        <description><![CDATA[<div><div><span><b>Altitude:</b></span> <span>2,600 ft</span></div>
<div><span><b>Speed:</b></span> <span>101 kt</span></div>
<div><span><b>Heading:</b></span> <span>148&deg;</span></div>
</div>]]></description>
        <TimeStamp>
          <when>2025-11-02T07:29:39+00:00</when>
        </TimeStamp>
        <Style>
          <IconStyle>
            <heading>148</heading>
            <Icon>
              <href>http://maps.google.com/mapfiles/kml/shapes/airports.png</href>
            </Icon>
          </IconStyle>
        </Style>
        <Point>
          <altitudeMode>absolute</altitudeMode>
          <coordinates>18.308603,-34.049835,792.48</coordinates>
        </Point>
      </Placemark>
      <Placemark>
        <name>2025-11-02 07:29:41 UTC</name>
        <description><![CDATA[<div><div><span><b>Altitude:</b></span> <span>2,600 ft</span></div>
<div><span><b>Speed:</b></span> <span>101 kt</span></div>
<div><span><b>Heading:</b></span> <span>148&deg;</span></div>
</div>]]></description>
        <TimeStamp>
          <when>2025-11-02T07:29:41+00:00</when>
        </TimeStamp>
        <Style>
          <IconStyle>
            <heading>148</heading>
            <Icon>
              <href>http://maps.google.com/mapfiles/kml/shapes/airports.png</href>
            </Icon>
          </IconStyle>
        </Style>
        <Point>
          <altitudeMode>absolute</altitudeMode>
          <coordinates>18.309174,-34.050587,792.48</coordinates>
        </Point>
      </Placemark>
      <Placemark>
        <name>2025-11-02 07:29:44 UTC</name>
        <description><![CDATA[<div><div><span><b>Altitude:</b></span> <span>2,600 ft</span></div>
<div><span><b>Speed:</b></span> <span>102 kt</span></div>
<div><span><b>Heading:</b></span> <span>148&deg;</span></div>
</div>]]></description>
        <TimeStamp>
          <when>2025-11-02T07:29:44+00:00</when>
        </TimeStamp>
        <Style>
          <IconStyle>
            <heading>148</heading>
            <Icon>
              <href>http://maps.google.com/mapfiles/kml/shapes/airports.png</href>
            </Icon>
          </IconStyle>
        </Style>
        <Point>
          <altitudeMode>absolute</altitudeMode>
          <coordinates>18.30986,-34.051567,792.48</coordinates>
        </Point>
      </Placemark>
      <Placemark>
        <name>2025-11-02 07:29:46 UTC</name>
        <description><![CDATA[<div><div><span><b>Altitude:</b></span> <span>2,600 ft</span></div>
<div><span><b>Speed:</b></span> <span>102 kt</span></div>
<div><span><b>Heading:</b></span> <span>148&deg;</span></div>
</div>]]></description>
        <TimeStamp>
          <when>2025-11-02T07:29:46+00:00</when>
        </TimeStamp>
        <Style>
          <IconStyle>
            <heading>148</heading>
            <Icon>
              <href>http://maps.google.com/mapfiles/kml/shapes/airports.png</href>
            </Icon>
          </IconStyle>
        </Style>
        <Point>
          <altitudeMode>absolute</altitudeMode>
          <coordinates>18.310566,-34.05249,792.48</coordinates>
        </Point>
      </Placemark>
      <Placemark>
        <name>2025-11-02 07:29:48 UTC</name>
        <description><![CDATA[<div><div><span><b>Altitude:</b></span> <span>2,600 ft</span></div>
<div><span><b>Speed:</b></span> <span>103 kt</span></div>
<div><span><b>Heading:</b></span> <span>148&deg;</span></div>
</div>]]></description>
        <TimeStamp>
          <when>2025-11-02T07:29:48+00:00</when>
        </TimeStamp>
        <Style>
          <IconStyle>
            <heading>148</heading>
            <Icon>
              <href>http://maps.google.com/mapfiles/kml/shapes/airports.png</href>
            </Icon>
          </IconStyle>
        </Style>
        <Point>
          <altitudeMode>absolute</altitudeMode>
          <coordinates>18.311176,-34.053288,792.48</coordinates>
        </Point>
      </Placemark>
      <Placemark>
        <name>2025-11-02 07:29:50 UTC</name>
        <description><![CDATA[<div><div><span><b>Altitude:</b></span> <span>2,600 ft</span></div>
<div><span><b>Speed:</b></span> <span>104 kt</span></div>
<div><span><b>Heading:</b></span> <span>148&deg;</span></div>
</div>]]></description>
        <TimeStamp>
          <when>2025-11-02T07:29:50+00:00</when>
        </TimeStamp>
        <Style>
          <IconStyle>
            <heading>148</heading>
            <Icon>
              <href>http://maps.google.com/mapfiles/kml/shapes/airports.png</href>
            </Icon>
          </IconStyle>
        </Style>
        <Point>
          <altitudeMode>absolute</altitudeMode>
          <coordinates>18.311863,-34.054264,792.48</coordinates>
        </Point>
      </Placemark>
      <Placemark>
        <name>2025-11-02 07:29:53 UTC</name>
        <description><![CDATA[<div><div><span><b>Altitude:</b></span> <span>2,600 ft</span></div>
<div><span><b>Speed:</b></span> <span>103 kt</span></div>
<div><span><b>Heading:</b></span> <span>147&deg;</span></div>
</div>]]></description>
        <TimeStamp>
          <when>2025-11-02T07:29:53+00:00</when>
        </TimeStamp>
        <Style>
          <IconStyle>
            <heading>147</heading>
            <Icon>
              <href>http://maps.google.com/mapfiles/kml/shapes/airports.png</href>
            </Icon>
          </IconStyle>
        </Style>
        <Point>
          <altitudeMode>absolute</altitudeMode>
          <coordinates>18.312607,-34.055244,792.48</coordinates>
        </Point>
      </Placemark>
      <Placemark>
        <name>2025-11-02 07:29:55 UTC</name>
        <description><![CDATA[<div><div><span><b>Altitude:</b></span> <span>2,600 ft</span></div>
<div><span><b>Speed:</b></span> <span>104 kt</span></div>
<div><span><b>Heading:</b></span> <span>147&deg;</span></div>
</div>]]></description>
        <TimeStamp>
          <when>2025-11-02T07:29:55+00:00</when>
        </TimeStamp>
        <Style>
          <IconStyle>
            <heading>147</heading>
            <Icon>
              <href>http://maps.google.com/mapfiles/kml/shapes/airports.png</href>
            </Icon>
          </IconStyle>
        </Style>
        <Point>
          <altitudeMode>absolute</altitudeMode>
          <coordinates>18.313425,-34.056244,792.48</coordinates>
        </Point>
      </Placemark>
      <Placemark>
        <name>2025-11-02 07:29:57 UTC</name>
        <description><![CDATA[<div><div><span><b>Altitude:</b></span> <span>2,600 ft</span></div>
<div><span><b>Speed:</b></span> <span>104 kt</span></div>
<div><span><b>Heading:</b></span> <span>146&deg;</span></div>
</div>]]></description>
        <TimeStamp>
          <when>2025-11-02T07:29:57+00:00</when>
        </TimeStamp>
        <Style>
          <IconStyle>
            <heading>146</heading>
            <Icon>
              <href>http://maps.google.com/mapfiles/kml/shapes/airports.png</href>
            </Icon>
          </IconStyle>
        </Style>
        <Point>
          <altitudeMode>absolute</altitudeMode>
          <coordinates>18.314041,-34.057068,792.48</coordinates>
        </Point>
      </Placemark>
      <Placemark>
        <name>2025-11-02 07:29:59 UTC</name>
        <description><![CDATA[<div><div><span><b>Altitude:</b></span> <span>2,600 ft</span></div>
<div><span><b>Speed:</b></span> <span>104 kt</span></div>
<div><span><b>Heading:</b></span> <span>146&deg;</span></div>
</div>]]></description>
        <TimeStamp>
          <when>2025-11-02T07:29:59+00:00</when>
        </TimeStamp>
        <Style>
          <IconStyle>
            <heading>146</heading>
            <Icon>
              <href>http://maps.google.com/mapfiles/kml/shapes/airports.png</href>
            </Icon>
          </IconStyle>
        </Style>
        <Point>
          <altitudeMode>absolute</altitudeMode>
          <coordinates>18.314667,-34.057804,792.48</coordinates>
        </Point>
      </Placemark>
      <Placemark>
        <name>2025-11-02 07:30:01 UTC</name>
        <description><![CDATA[<div><div><span><b>Altitude:</b></span> <span>2,600 ft</span></div>
<div><span><b>Speed:</b></span> <span>102 kt</span></div>
<div><span><b>Heading:</b></span> <span>146&deg;</span></div>
</div>]]></description>
        <TimeStamp>
          <when>2025-11-02T07:30:01+00:00</when>
        </TimeStamp>
        <Style>
          <IconStyle>
            <heading>146</heading>
            <Icon>
              <href>http://maps.google.com/mapfiles/kml/shapes/airports.png</href>
            </Icon>
          </IconStyle>
        </Style>
        <Point>
          <altitudeMode>absolute</altitudeMode>
          <coordinates>18.315386,-34.058762,792.48</coordinates>
        </Point>
      </Placemark>
      <Placemark>
        <name>2025-11-02 07:30:08 UTC</name>
        <description><![CDATA[<div><div><span><b>Altitude:</b></span> <span>2,600 ft</span></div>
<div><span><b>Speed:</b></span> <span>100 kt</span></div>
<div><span><b>Heading:</b></span> <span>144&deg;</span></div>
</div>]]></description>
        <TimeStamp>
          <when>2025-11-02T07:30:08+00:00</when>
        </TimeStamp>
        <Style>
          <IconStyle>
            <heading>144</heading>
            <Icon>
              <href>http://maps.google.com/mapfiles/kml/shapes/airports.png</href>
            </Icon>
          </IconStyle>
        </Style>
        <Point>
          <altitudeMode>absolute</altitudeMode>
          <coordinates>18.317642,-34.061527,792.48</coordinates>
        </Point>
      </Placemark>
      <Placemark>
        <name>2025-11-02 07:30:13 UTC</name>
        <description><![CDATA[<div><div><span><b>Altitude:</b></span> <span>2,600 ft</span></div>
<div><span><b>Speed:</b></span> <span>100 kt</span></div>
<div><span><b>Heading:</b></span> <span>143&deg;</span></div>
</div>]]></description>
        <TimeStamp>
          <when>2025-11-02T07:30:13+00:00</when>
        </TimeStamp>
        <Style>
          <IconStyle>
            <heading>143</heading>
            <Icon>
              <href>http://maps.google.com/mapfiles/kml/shapes/airports.png</href>
            </Icon>
          </IconStyle>
        </Style>
        <Point>
          <altitudeMode>absolute</altitudeMode>
          <coordinates>18.319016,-34.063065,792.48</coordinates>
        </Point>
      </Placemark>
      <Placemark>
        <name>2025-11-02 07:30:15 UTC</name>
        <description><![CDATA[<div><div><span><b>Altitude:</b></span> <span>2,600 ft</span></div>
<div><span><b>Speed:</b></span> <span>100 kt</span></div>
<div><span><b>Heading:</b></span> <span>143&deg;</span></div>
</div>]]></description>
        <TimeStamp>
          <when>2025-11-02T07:30:15+00:00</when>
        </TimeStamp>
        <Style>
          <IconStyle>
            <heading>143</heading>
            <Icon>
              <href>http://maps.google.com/mapfiles/kml/shapes/airports.png</href>
            </Icon>
          </IconStyle>
        </Style>
        <Point>
          <altitudeMode>absolute</altitudeMode>
          <coordinates>18.319647,-34.063797,792.48</coordinates>
        </Point>
      </Placemark>
      <Placemark>
        <name>2025-11-02 07:30:17 UTC</name>
        <description><![CDATA[<div><div><span><b>Altitude:</b></span> <span>2,600 ft</span></div>
<div><span><b>Speed:</b></span> <span>100 kt</span></div>
<div><span><b>Heading:</b></span> <span>143&deg;</span></div>
</div>]]></description>
        <TimeStamp>
          <when>2025-11-02T07:30:17+00:00</when>
        </TimeStamp>
        <Style>
          <IconStyle>
            <heading>143</heading>
            <Icon>
              <href>http://maps.google.com/mapfiles/kml/shapes/airports.png</href>
            </Icon>
          </IconStyle>
        </Style>
        <Point>
          <altitudeMode>absolute</altitudeMode>
          <coordinates>18.320446,-34.064739,792.48</coordinates>
        </Point>
      </Placemark>
      <Placemark>
        <name>2025-11-02 07:30:19 UTC</name>
        <description><![CDATA[<div><div><span><b>Altitude:</b></span> <span>2,600 ft</span></div>
<div><span><b>Speed:</b></span> <span>100 kt</span></div>
<div><span><b>Heading:</b></span> <span>144&deg;</span></div>
</div>]]></description>
        <TimeStamp>
          <when>2025-11-02T07:30:19+00:00</when>
        </TimeStamp>
        <Style>
          <IconStyle>
            <heading>144</heading>
            <Icon>
              <href>http://maps.google.com/mapfiles/kml/shapes/airports.png</href>
            </Icon>
          </IconStyle>
        </Style>
        <Point>
          <altitudeMode>absolute</altitudeMode>
          <coordinates>18.321304,-34.06567,792.48</coordinates>
        </Point>
      </Placemark>
      <Placemark>
        <name>2025-11-02 07:30:21 UTC</name>
        <description><![CDATA[<div><div><span><b>Altitude:</b></span> <span>2,700 ft</span></div>
<div><span><b>Speed:</b></span> <span>99 kt</span></div>
<div><span><b>Heading:</b></span> <span>147&deg;</span></div>
</div>]]></description>
        <TimeStamp>
          <when>2025-11-02T07:30:21+00:00</when>
        </TimeStamp>
        <Style>
          <IconStyle>
            <heading>147</heading>
            <Icon>
              <href>http://maps.google.com/mapfiles/kml/shapes/airports.png</href>
            </Icon>
          </IconStyle>
        </Style>
        <Point>
          <altitudeMode>absolute</altitudeMode>
          <coordinates>18.321888,-34.066452,822.96</coordinates>
        </Point>
      </Placemark>
      <Placemark>
        <name>2025-11-02 07:30:23 UTC</name>
        <description><![CDATA[<div><div><span><b>Altitude:</b></span> <span>2,700 ft</span></div>
<div><span><b>Speed:</b></span> <span>100 kt</span></div>
<div><span><b>Heading:</b></span> <span>151&deg;</span></div>
</div>]]></description>
        <TimeStamp>
          <when>2025-11-02T07:30:23+00:00</when>
        </TimeStamp>
        <Style>
          <IconStyle>
            <heading>151</heading>
            <Icon>
              <href>http://maps.google.com/mapfiles/kml/shapes/airports.png</href>
            </Icon>
          </IconStyle>
        </Style>
        <Point>
          <altitudeMode>absolute</altitudeMode>
          <coordinates>18.322392,-34.067112,822.96</coordinates>
        </Point>
      </Placemark>
      <Placemark>
        <name>2025-11-02 07:30:26 UTC</name>
        <description><![CDATA[<div><div><span><b>Altitude:</b></span> <span>2,700 ft</span></div>
<div><span><b>Speed:</b></span> <span>100 kt</span></div>
<div><span><b>Heading:</b></span> <span>153&deg;</span></div>
</div>]]></description>
        <TimeStamp>
          <when>2025-11-02T07:30:26+00:00</when>
        </TimeStamp>
        <Style>
          <IconStyle>
            <heading>153</heading>
            <Icon>
              <href>http://maps.google.com/mapfiles/kml/shapes/airports.png</href>
            </Icon>
          </IconStyle>
        </Style>
        <Point>
          <altitudeMode>absolute</altitudeMode>
          <coordinates>18.323021,-34.068184,822.96</coordinates>
        </Point>
      </Placemark>
      <Placemark>
        <name>2025-11-02 07:30:28 UTC</name>
        <description><![CDATA[<div><div><span><b>Altitude:</b></span> <span>2,600 ft</span></div>
<div><span><b>Speed:</b></span> <span>100 kt</span></div>
<div><span><b>Heading:</b></span> <span>156&deg;</span></div>
</div>]]></description>
        <TimeStamp>
          <when>2025-11-02T07:30:28+00:00</when>
        </TimeStamp>
        <Style>
          <IconStyle>
            <heading>156</heading>
            <Icon>
              <href>http://maps.google.com/mapfiles/kml/shapes/airports.png</href>
            </Icon>
          </IconStyle>
        </Style>
        <Point>
          <altitudeMode>absolute</altitudeMode>
          <coordinates>18.323479,-34.069069,792.48</coordinates>
        </Point>
      </Placemark>
      <Placemark>
        <name>2025-11-02 07:30:30 UTC</name>
        <description><![CDATA[<div><div><span><b>Altitude:</b></span> <span>2,600 ft</span></div>
<div><span><b>Speed:</b></span> <span>100 kt</span></div>
<div><span><b>Heading:</b></span> <span>157&deg;</span></div>
</div>]]></description>
        <TimeStamp>
          <when>2025-11-02T07:30:30+00:00</when>
        </TimeStamp>
        <Style>
          <IconStyle>
            <heading>157</heading>
            <Icon>
              <href>http://maps.google.com/mapfiles/kml/shapes/airports.png</href>
            </Icon>
          </IconStyle>
        </Style>
        <Point>
          <altitudeMode>absolute</altitudeMode>
          <coordinates>18.324074,-34.070251,792.48</coordinates>
        </Point>
      </Placemark>
      <Placemark>
        <name>2025-11-02 07:30:32 UTC</name>
        <description><![CDATA[<div><div><span><b>Altitude:</b></span> <span>2,700 ft</span></div>
<div><span><b>Speed:</b></span> <span>100 kt</span></div>
<div><span><b>Heading:</b></span> <span>157&deg;</span></div>
</div>]]></description>
        <TimeStamp>
          <when>2025-11-02T07:30:32+00:00</when>
        </TimeStamp>
        <Style>
          <IconStyle>
            <heading>157</heading>
            <Icon>
              <href>http://maps.google.com/mapfiles/kml/shapes/airports.png</href>
            </Icon>
          </IconStyle>
        </Style>
        <Point>
          <altitudeMode>absolute</altitudeMode>
          <coordinates>18.324451,-34.07093,822.96</coordinates>
        </Point>
      </Placemark>
      <Placemark>
        <name>2025-11-02 07:30:35 UTC</name>
        <description><![CDATA[<div><div><span><b>Altitude:</b></span> <span>2,700 ft</span></div>
<div><span><b>Speed:</b></span> <span>100 kt</span></div>
<div><span><b>Heading:</b></span> <span>158&deg;</span></div>
</div>]]></description>
        <TimeStamp>
          <when>2025-11-02T07:30:35+00:00</when>
        </TimeStamp>
        <Style>
          <IconStyle>
            <heading>158</heading>
            <Icon>
              <href>http://maps.google.com/mapfiles/kml/shapes/airports.png</href>
            </Icon>
          </IconStyle>
        </Style>
        <Point>
          <altitudeMode>absolute</altitudeMode>
          <coordinates>18.324966,-34.072002,822.96</coordinates>
        </Point>
      </Placemark>
      <Placemark>
        <name>2025-11-02 07:30:37 UTC</name>
        <description><![CDATA[<div><div><span><b>Altitude:</b></span> <span>2,600 ft</span></div>
<div><span><b>Speed:</b></span> <span>99 kt</span></div>
<div><span><b>Heading:</b></span> <span>156&deg;</span></div>
</div>]]></description>
        <TimeStamp>
          <when>2025-11-02T07:30:37+00:00</when>
        </TimeStamp>
        <Style>
          <IconStyle>
            <heading>156</heading>
            <Icon>
              <href>http://maps.google.com/mapfiles/kml/shapes/airports.png</href>
            </Icon>
          </IconStyle>
        </Style>
        <Point>
          <altitudeMode>absolute</altitudeMode>
          <coordinates>18.325424,-34.072979,792.48</coordinates>
        </Point>
      </Placemark>
      <Placemark>
        <name>2025-11-02 07:30:39 UTC</name>
        <description><![CDATA[<div><div><span><b>Altitude:</b></span> <span>2,600 ft</span></div>
<div><span><b>Speed:</b></span> <span>97 kt</span></div>
<div><span><b>Heading:</b></span> <span>151&deg;</span></div>
</div>]]></description>
        <TimeStamp>
          <when>2025-11-02T07:30:39+00:00</when>
        </TimeStamp>
        <Style>
          <IconStyle>
            <heading>151</heading>
            <Icon>
              <href>http://maps.google.com/mapfiles/kml/shapes/airports.png</href>
            </Icon>
          </IconStyle>
        </Style>
        <Point>
          <altitudeMode>absolute</altitudeMode>
          <coordinates>18.325924,-34.073776,792.48</coordinates>
        </Point>
      </Placemark>
      <Placemark>
        <name>2025-11-02 07:30:41 UTC</name>
        <description><![CDATA[<div><div><span><b>Altitude:</b></span> <span>2,600 ft</span></div>
<div><span><b>Speed:</b></span> <span>94 kt</span></div>
<div><span><b>Heading:</b></span> <span>143&deg;</span></div>
</div>]]></description>
        <TimeStamp>
          <when>2025-11-02T07:30:41+00:00</when>
        </TimeStamp>
        <Style>
          <IconStyle>
            <heading>143</heading>
            <Icon>
              <href>http://maps.google.com/mapfiles/kml/shapes/airports.png</href>
            </Icon>
          </IconStyle>
        </Style>
        <Point>
          <altitudeMode>absolute</altitudeMode>
          <coordinates>18.326485,-34.074509,792.48</coordinates>
        </Point>
      </Placemark>
      <Placemark>
        <name>2025-11-02 07:30:43 UTC</name>
        <description><![CDATA[<div><div><span><b>Altitude:</b></span> <span>2,700 ft</span></div>
<div><span><b>Speed:</b></span> <span>92 kt</span></div>
<div><span><b>Heading:</b></span> <span>132&deg;</span></div>
</div>]]></description>
        <TimeStamp>
          <when>2025-11-02T07:30:43+00:00</when>
        </TimeStamp>
        <Style>
          <IconStyle>
            <heading>132</heading>
            <Icon>
              <href>http://maps.google.com/mapfiles/kml/shapes/airports.png</href>
            </Icon>
          </IconStyle>
        </Style>
        <Point>
          <altitudeMode>absolute</altitudeMode>
          <coordinates>18.327312,-34.07526,822.96</coordinates>
        </Point>
      </Placemark>
      <Placemark>
        <name>2025-11-02 07:30:45 UTC</name>
        <description><![CDATA[<div><div><span><b>Altitude:</b></span> <span>2,700 ft</span></div>
<div><span><b>Speed:</b></span> <span>89 kt</span></div>
<div><span><b>Heading:</b></span> <span>118&deg;</span></div>
</div>]]></description>
        <TimeStamp>
          <when>2025-11-02T07:30:45+00:00</when>
        </TimeStamp>
        <Style>
          <IconStyle>
            <heading>118</heading>
            <Icon>
              <href>http://maps.google.com/mapfiles/kml/shapes/airports.png</href>
            </Icon>
          </IconStyle>
        </Style>
        <Point>
          <altitudeMode>absolute</altitudeMode>
          <coordinates>18.328167,-34.075745,822.96</coordinates>
        </Point>
      </Placemark>
      <Placemark>
        <name>2025-11-02 07:30:48 UTC</name>
        <description><![CDATA[<div><div><span><b>Altitude:</b></span> <span>2,700 ft</span></div>
<div><span><b>Speed:</b></span> <span>88 kt</span></div>
<div><span><b>Heading:</b></span> <span>102&deg;</span></div>
</div>]]></description>
        <TimeStamp>
          <when>2025-11-02T07:30:48+00:00</when>
        </TimeStamp>
        <Style>
          <IconStyle>
            <heading>102</heading>
            <Icon>
              <href>http://maps.google.com/mapfiles/kml/shapes/airports.png</href>
            </Icon>
          </IconStyle>
        </Style>
        <Point>
          <altitudeMode>absolute</altitudeMode>
          <coordinates>18.329287,-34.076065,822.96</coordinates>
        </Point>
      </Placemark>
      <Placemark>
        <name>2025-11-02 07:30:50 UTC</name>
        <description><![CDATA[<div><div><span><b>Altitude:</b></span> <span>2,700 ft</span></div>
<div><span><b>Speed:</b></span> <span>86 kt</span></div>
<div><span><b>Heading:</b></span> <span>84&deg;</span></div>
</div>]]></description>
        <TimeStamp>
          <when>2025-11-02T07:30:50+00:00</when>
        </TimeStamp>
        <Style>
          <IconStyle>
            <heading>84</heading>
            <Icon>
              <href>http://maps.google.com/mapfiles/kml/shapes/airports.png</href>
            </Icon>
          </IconStyle>
        </Style>
        <Point>
          <altitudeMode>absolute</altitudeMode>
          <coordinates>18.33024,-34.076019,822.96</coordinates>
        </Point>
      </Placemark>
      <Placemark>
        <name>2025-11-02 07:30:52 UTC</name>
        <description><![CDATA[<div><div><span><b>Altitude:</b></span> <span>2,700 ft</span></div>
<div><span><b>Speed:</b></span> <span>83 kt</span></div>
<div><span><b>Heading:</b></span> <span>62&deg;</span></div>
</div>]]></description>
        <TimeStamp>
          <when>2025-11-02T07:30:52+00:00</when>
        </TimeStamp>
        <Style>
          <IconStyle>
            <heading>62</heading>
            <Icon>
              <href>http://maps.google.com/mapfiles/kml/shapes/airports.png</href>
            </Icon>
          </IconStyle>
        </Style>
        <Point>
          <altitudeMode>absolute</altitudeMode>
          <coordinates>18.331146,-34.075726,822.96</coordinates>
        </Point>
      </Placemark>
      <Placemark>
        <name>2025-11-02 07:30:54 UTC</name>
        <description><![CDATA[<div><div><span><b>Altitude:</b></span> <span>2,700 ft</span></div>
<div><span><b>Speed:</b></span> <span>80 kt</span></div>
<div><span><b>Heading:</b></span> <span>48&deg;</span></div>
</div>]]></description>
        <TimeStamp>
          <when>2025-11-02T07:30:54+00:00</when>
        </TimeStamp>
        <Style>
          <IconStyle>
            <heading>48</heading>
            <Icon>
              <href>http://maps.google.com/mapfiles/kml/shapes/airports.png</href>
            </Icon>
          </IconStyle>
        </Style>
        <Point>
          <altitudeMode>absolute</altitudeMode>
          <coordinates>18.332033,-34.075104,822.96</coordinates>
        </Point>
      </Placemark>
      <Placemark>
        <name>2025-11-02 07:30:56 UTC</name>
        <description><![CDATA[<div><div><span><b>Altitude:</b></span> <span>2,700 ft</span></div>
<div><span><b>Speed:</b></span> <span>75 kt</span></div>
<div><span><b>Heading:</b></span> <span>30&deg;</span></div>
</div>]]></description>
        <TimeStamp>
          <when>2025-11-02T07:30:56+00:00</when>
        </TimeStamp>
        <Style>
          <IconStyle>
            <heading>30</heading>
            <Icon>
              <href>http://maps.google.com/mapfiles/kml/shapes/airports.png</href>
            </Icon>
          </IconStyle>
        </Style>
        <Point>
          <altitudeMode>absolute</altitudeMode>
          <coordinates>18.332577,-34.074471,822.96</coordinates>
        </Point>
      </Placemark>
      <Placemark>
        <name>2025-11-02 07:30:58 UTC</name>
        <description><![CDATA[<div><div><span><b>Altitude:</b></span> <span>2,800 ft</span></div>
<div><span><b>Speed:</b></span> <span>73 kt</span></div>
<div><span><b>Heading:</b></span> <span>19&deg;</span></div>
</div>]]></description>
        <TimeStamp>
          <when>2025-11-02T07:30:58+00:00</when>
        </TimeStamp>
        <Style>
          <IconStyle>
            <heading>19</heading>
            <Icon>
              <href>http://maps.google.com/mapfiles/kml/shapes/airports.png</href>
            </Icon>
          </IconStyle>
        </Style>
        <Point>
          <altitudeMode>absolute</altitudeMode>
          <coordinates>18.332863,-34.073956,853.44</coordinates>
        </Point>
      </Placemark>
      <Placemark>
        <name>2025-11-02 07:31:01 UTC</name>
        <description><![CDATA[<div><div><span><b>Altitude:</b></span> <span>2,800 ft</span></div>
<div><span><b>Speed:</b></span> <span>72 kt</span></div>
<div><span><b>Heading:</b></span> <span>9&deg;</span></div>
</div>]]></description>
        <TimeStamp>
          <when>2025-11-02T07:31:01+00:00</when>
        </TimeStamp>
        <Style>
          <IconStyle>
            <heading>9</heading>
            <Icon>
              <href>http://maps.google.com/mapfiles/kml/shapes/airports.png</href>
            </Icon>
          </IconStyle>
        </Style>
        <Point>
          <altitudeMode>absolute</altitudeMode>
          <coordinates>18.333092,-34.073166,853.44</coordinates>
        </Point>
      </Placemark>
      <Placemark>
        <name>2025-11-02 07:31:03 UTC</name>
        <description><![CDATA[<div><div><span><b>Altitude:</b></span> <span>2,800 ft</span></div>
<div><span><b>Speed:</b></span> <span>71 kt</span></div>
<div><span><b>Heading:</b></span> <span>355&deg;</span></div>
</div>]]></description>
        <TimeStamp>
          <when>2025-11-02T07:31:03+00:00</when>
        </TimeStamp>
        <Style>
          <IconStyle>
            <heading>355</heading>
            <Icon>
              <href>http://maps.google.com/mapfiles/kml/shapes/airports.png</href>
            </Icon>
          </IconStyle>
        </Style>
        <Point>
          <altitudeMode>absolute</altitudeMode>
          <coordinates>18.333099,-34.072357,853.44</coordinates>
        </Point>
      </Placemark>
      <Placemark>
        <name>2025-11-02 07:31:05 UTC</name>
        <description><![CDATA[<div><div><span><b>Altitude:</b></span> <span>2,800 ft</span></div>
<div><span><b>Speed:</b></span> <span>72 kt</span></div>
<div><span><b>Heading:</b></span> <span>341&deg;</span></div>
</div>]]></description>
        <TimeStamp>
          <when>2025-11-02T07:31:05+00:00</when>
        </TimeStamp>
        <Style>
          <IconStyle>
            <heading>341</heading>
            <Icon>
              <href>http://maps.google.com/mapfiles/kml/shapes/airports.png</href>
            </Icon>
          </IconStyle>
        </Style>
        <Point>
          <altitudeMode>absolute</altitudeMode>
          <coordinates>18.33292,-34.07177,853.44</coordinates>
        </Point>
      </Placemark>
      <Placemark>
        <name>2025-11-02 07:31:07 UTC</name>
        <description><![CDATA[<div><div><span><b>Altitude:</b></span> <span>2,800 ft</span></div>
<div><span><b>Speed:</b></span> <span>75 kt</span></div>
<div><span><b>Heading:</b></span> <span>326&deg;</span></div>
</div>]]></description>
        <TimeStamp>
          <when>2025-11-02T07:31:07+00:00</when>
        </TimeStamp>
        <Style>
          <IconStyle>
            <heading>326</heading>
            <Icon>
              <href>http://maps.google.com/mapfiles/kml/shapes/airports.png</href>
            </Icon>
          </IconStyle>
        </Style>
        <Point>
          <altitudeMode>absolute</altitudeMode>
          <coordinates>18.332462,-34.071026,853.44</coordinates>
        </Point>
      </Placemark>
      <Placemark>
        <name>2025-11-02 07:31:10 UTC</name>
        <description><![CDATA[<div><div><span><b>Altitude:</b></span> <span>2,700 ft</span></div>
<div><span><b>Speed:</b></span> <span>78 kt</span></div>
<div><span><b>Heading:</b></span> <span>305&deg;</span></div>
</div>]]></description>
        <TimeStamp>
          <when>2025-11-02T07:31:10+00:00</when>
        </TimeStamp>
        <Style>
          <IconStyle>
            <heading>305</heading>
            <Icon>
              <href>http://maps.google.com/mapfiles/kml/shapes/airports.png</href>
            </Icon>
          </IconStyle>
        </Style>
        <Point>
          <altitudeMode>absolute</altitudeMode>
          <coordinates>18.331776,-34.070511,822.96</coordinates>
        </Point>
      </Placemark>
      <Placemark>
        <name>2025-11-02 07:31:12 UTC</name>
        <description><![CDATA[<div><div><span><b>Altitude:</b></span> <span>2,700 ft</span></div>
<div><span><b>Speed:</b></span> <span>82 kt</span></div>
<div><span><b>Heading:</b></span> <span>280&deg;</span></div>
</div>]]></description>
        <TimeStamp>
          <when>2025-11-02T07:31:12+00:00</when>
        </TimeStamp>
        <Style>
          <IconStyle>
            <heading>280</heading>
            <Icon>
              <href>http://maps.google.com/mapfiles/kml/shapes/airports.png</href>
            </Icon>
          </IconStyle>
        </Style>
        <Point>
          <altitudeMode>absolute</altitudeMode>
          <coordinates>18.330969,-34.070206,822.96</coordinates>
        </Point>
      </Placemark>
      <Placemark>
        <name>2025-11-02 07:31:14 UTC</name>
        <description><![CDATA[<div><div><span><b>Altitude:</b></span> <span>2,600 ft</span></div>
<div><span><b>Speed:</b></span> <span>83 kt</span></div>
<div><span><b>Heading:</b></span> <span>262&deg;</span></div>
</div>]]></description>
        <TimeStamp>
          <when>2025-11-02T07:31:14+00:00</when>
        </TimeStamp>
        <Style>
          <IconStyle>
            <heading>262</heading>
            <Icon>
              <href>http://maps.google.com/mapfiles/kml/shapes/airports.png</href>
            </Icon>
          </IconStyle>
        </Style>
        <Point>
          <altitudeMode>absolute</altitudeMode>
          <coordinates>18.32983,-34.070187,792.48</coordinates>
        </Point>
      </Placemark>
      <Placemark>
        <name>2025-11-02 07:31:16 UTC</name>
        <description><![CDATA[<div><div><span><b>Altitude:</b></span> <span>2,600 ft</span></div>
<div><span><b>Speed:</b></span> <span>85 kt</span></div>
<div><span><b>Heading:</b></span> <span>245&deg;</span></div>
</div>]]></description>
        <TimeStamp>
          <when>2025-11-02T07:31:16+00:00</when>
        </TimeStamp>
        <Style>
          <IconStyle>
            <heading>245</heading>
            <Icon>
              <href>http://maps.google.com/mapfiles/kml/shapes/airports.png</href>
            </Icon>
          </IconStyle>
        </Style>
        <Point>
          <altitudeMode>absolute</altitudeMode>
          <coordinates>18.328972,-34.070419,792.48</coordinates>
        </Point>
      </Placemark>
      <Placemark>
        <name>2025-11-02 07:31:18 UTC</name>
        <description><![CDATA[<div><div><span><b>Altitude:</b></span> <span>2,600 ft</span></div>
<div><span><b>Speed:</b></span> <span>86 kt</span></div>
<div><span><b>Heading:</b></span> <span>226&deg;</span></div>
</div>]]></description>
        <TimeStamp>
          <when>2025-11-02T07:31:18+00:00</when>
        </TimeStamp>
        <Style>
          <IconStyle>
            <heading>226</heading>
            <Icon>
              <href>http://maps.google.com/mapfiles/kml/shapes/airports.png</href>
            </Icon>
          </IconStyle>
        </Style>
        <Point>
          <altitudeMode>absolute</altitudeMode>
          <coordinates>18.327997,-34.07103,792.48</coordinates>
        </Point>
      </Placemark>
      <Placemark>
        <name>2025-11-02 07:31:20 UTC</name>
        <description><![CDATA[<div><div><span><b>Altitude:</b></span> <span>2,500 ft</span></div>
<div><span><b>Speed:</b></span> <span>86 kt</span></div>
<div><span><b>Heading:</b></span> <span>210&deg;</span></div>
</div>]]></description>
        <TimeStamp>
          <when>2025-11-02T07:31:20+00:00</when>
        </TimeStamp>
        <Style>
          <IconStyle>
            <heading>210</heading>
            <Icon>
              <href>http://maps.google.com/mapfiles/kml/shapes/airports.png</href>
            </Icon>
          </IconStyle>
        </Style>
        <Point>
          <altitudeMode>absolute</altitudeMode>
          <coordinates>18.32737,-34.071724,762</coordinates>
        </Point>
      </Placemark>
      <Placemark>
        <name>2025-11-02 07:31:23 UTC</name>
        <description><![CDATA[<div><div><span><b>Altitude:</b></span> <span>2,500 ft</span></div>
<div><span><b>Speed:</b></span> <span>87 kt</span></div>
<div><span><b>Heading:</b></span> <span>198&deg;</span></div>
</div>]]></description>
        <TimeStamp>
          <when>2025-11-02T07:31:23+00:00</when>
        </TimeStamp>
        <Style>
          <IconStyle>
            <heading>198</heading>
            <Icon>
              <href>http://maps.google.com/mapfiles/kml/shapes/airports.png</href>
            </Icon>
          </IconStyle>
        </Style>
        <Point>
          <altitudeMode>absolute</altitudeMode>
          <coordinates>18.326969,-34.072514,762</coordinates>
        </Point>
      </Placemark>
      <Placemark>
        <name>2025-11-02 07:31:25 UTC</name>
        <description><![CDATA[<div><div><span><b>Altitude:</b></span> <span>2,500 ft</span></div>
<div><span><b>Speed:</b></span> <span>87 kt</span></div>
<div><span><b>Heading:</b></span> <span>189&deg;</span></div>
</div>]]></description>
        <TimeStamp>
          <when>2025-11-02T07:31:25+00:00</when>
        </TimeStamp>
        <Style>
          <IconStyle>
            <heading>189</heading>
            <Icon>
              <href>http://maps.google.com/mapfiles/kml/shapes/airports.png</href>
            </Icon>
          </IconStyle>
        </Style>
        <Point>
          <altitudeMode>absolute</altitudeMode>
          <coordinates>18.326797,-34.073307,762</coordinates>
        </Point>
      </Placemark>
      <Placemark>
        <name>2025-11-02 07:31:27 UTC</name>
        <description><![CDATA[<div><div><span><b>Altitude:</b></span> <span>2,500 ft</span></div>
<div><span><b>Speed:</b></span> <span>86 kt</span></div>
<div><span><b>Heading:</b></span> <span>179&deg;</span></div>
</div>]]></description>
        <TimeStamp>
          <when>2025-11-02T07:31:27+00:00</when>
        </TimeStamp>
        <Style>
          <IconStyle>
            <heading>179</heading>
            <Icon>
              <href>http://maps.google.com/mapfiles/kml/shapes/airports.png</href>
            </Icon>
          </IconStyle>
        </Style>
        <Point>
          <altitudeMode>absolute</altitudeMode>
          <coordinates>18.32674,-34.074284,762</coordinates>
        </Point>
      </Placemark>
      <Placemark>
        <name>2025-11-02 07:31:29 UTC</name>
        <description><![CDATA[<div><div><span><b>Altitude:</b></span> <span>2,500 ft</span></div>
<div><span><b>Speed:</b></span> <span>87 kt</span></div>
<div><span><b>Heading:</b></span> <span>174&deg;</span></div>
</div>]]></description>
        <TimeStamp>
          <when>2025-11-02T07:31:29+00:00</when>
        </TimeStamp>
        <Style>
          <IconStyle>
            <heading>174</heading>
            <Icon>
              <href>http://maps.google.com/mapfiles/kml/shapes/airports.png</href>
            </Icon>
          </IconStyle>
        </Style>
        <Point>
          <altitudeMode>absolute</altitudeMode>
          <coordinates>18.326797,-34.075169,762</coordinates>
        </Point>
      </Placemark>
      <Placemark>
        <name>2025-11-02 07:31:32 UTC</name>
        <description><![CDATA[<div><div><span><b>Altitude:</b></span> <span>2,400 ft</span></div>
<div><span><b>Speed:</b></span> <span>88 kt</span></div>
<div><span><b>Heading:</b></span> <span>169&deg;</span></div>
</div>]]></description>
        <TimeStamp>
          <when>2025-11-02T07:31:32+00:00</when>
        </TimeStamp>
        <Style>
          <IconStyle>
            <heading>169</heading>
            <Icon>
              <href>http://maps.google.com/mapfiles/kml/shapes/airports.png</href>
            </Icon>
          </IconStyle>
        </Style>
        <Point>
          <altitudeMode>absolute</altitudeMode>
          <coordinates>18.327026,-34.076237,731.52</coordinates>
        </Point>
      </Placemark>
      <Placemark>
        <name>2025-11-02 07:31:34 UTC</name>
        <description><![CDATA[<div><div><span><b>Altitude:</b></span> <span>2,400 ft</span></div>
<div><span><b>Speed:</b></span> <span>91 kt</span></div>
<div><span><b>Heading:</b></span> <span>166&deg;</span></div>
</div>]]></description>
        <TimeStamp>
          <when>2025-11-02T07:31:34+00:00</when>
        </TimeStamp>
        <Style>
          <IconStyle>
            <heading>166</heading>
            <Icon>
              <href>http://maps.google.com/mapfiles/kml/shapes/airports.png</href>
            </Icon>
          </IconStyle>
        </Style>
        <Point>
          <altitudeMode>absolute</altitudeMode>
          <coordinates>18.327312,-34.077217,731.52</coordinates>
        </Point>
      </Placemark>
      <Placemark>
        <name>2025-11-02 07:31:36 UTC</name>
        <description><![CDATA[<div><div><span><b>Altitude:</b></span> <span>2,400 ft</span></div>
<div><span><b>Speed:</b></span> <span>92 kt</span></div>
<div><span><b>Heading:</b></span> <span>164&deg;</span></div>
</div>]]></description>
        <TimeStamp>
          <when>2025-11-02T07:31:36+00:00</when>
        </TimeStamp>
        <Style>
          <IconStyle>
            <heading>164</heading>
            <Icon>
              <href>http://maps.google.com/mapfiles/kml/shapes/airports.png</href>
            </Icon>
          </IconStyle>
        </Style>
        <Point>
          <altitudeMode>absolute</altitudeMode>
          <coordinates>18.327541,-34.077961,731.52</coordinates>
        </Point>
      </Placemark>
      <Placemark>
        <name>2025-11-02 07:31:38 UTC</name>
        <description><![CDATA[<div><div><span><b>Altitude:</b></span> <span>2,400 ft</span></div>
<div><span><b>Speed:</b></span> <span>93 kt</span></div>
<div><span><b>Heading:</b></span> <span>163&deg;</span></div>
</div>]]></description>
        <TimeStamp>
          <when>2025-11-02T07:31:38+00:00</when>
        </TimeStamp>
        <Style>
          <IconStyle>
            <heading>163</heading>
            <Icon>
              <href>http://maps.google.com/mapfiles/kml/shapes/airports.png</href>
            </Icon>
          </IconStyle>
        </Style>
        <Point>
          <altitudeMode>absolute</altitudeMode>
          <coordinates>18.327942,-34.079033,731.52</coordinates>
        </Point>
      </Placemark>
      <Placemark>
        <name>2025-11-02 07:31:41 UTC</name>
        <description><![CDATA[<div><div><span><b>Altitude:</b></span> <span>2,400 ft</span></div>
<div><span><b>Speed:</b></span> <span>93 kt</span></div>
<div><span><b>Heading:</b></span> <span>160&deg;</span></div>
</div>]]></description>
        <TimeStamp>
          <when>2025-11-02T07:31:41+00:00</when>
        </TimeStamp>
        <Style>
          <IconStyle>
            <heading>160</heading>
            <Icon>
              <href>http://maps.google.com/mapfiles/kml/shapes/airports.png</href>
            </Icon>
          </IconStyle>
        </Style>
        <Point>
          <altitudeMode>absolute</altitudeMode>
          <coordinates>18.328278,-34.079865,731.52</coordinates>
        </Point>
      </Placemark>
      <Placemark>
        <name>2025-11-02 07:31:43 UTC</name>
        <description><![CDATA[<div><div><span><b>Altitude:</b></span> <span>2,300 ft</span></div>
<div><span><b>Speed:</b></span> <span>94 kt</span></div>
<div><span><b>Heading:</b></span> <span>156&deg;</span></div>
</div>]]></description>
        <TimeStamp>
          <when>2025-11-02T07:31:43+00:00</when>
        </TimeStamp>
        <Style>
          <IconStyle>
            <heading>156</heading>
            <Icon>
              <href>http://maps.google.com/mapfiles/kml/shapes/airports.png</href>
            </Icon>
          </IconStyle>
        </Style>
        <Point>
          <altitudeMode>absolute</altitudeMode>
          <coordinates>18.328671,-34.080688,701.04</coordinates>
        </Point>
      </Placemark>
      <Placemark>
        <name>2025-11-02 07:31:45 UTC</name>
        <description><![CDATA[<div><div><span><b>Altitude:</b></span> <span>2,300 ft</span></div>
<div><span><b>Speed:</b></span> <span>94 kt</span></div>
<div><span><b>Heading:</b></span> <span>152&deg;</span></div>
</div>]]></description>
        <TimeStamp>
          <when>2025-11-02T07:31:45+00:00</when>
        </TimeStamp>
        <Style>
          <IconStyle>
            <heading>152</heading>
            <Icon>
              <href>http://maps.google.com/mapfiles/kml/shapes/airports.png</href>
            </Icon>
          </IconStyle>
        </Style>
        <Point>
          <altitudeMode>absolute</altitudeMode>
          <coordinates>18.329258,-34.081684,701.04</coordinates>
        </Point>
      </Placemark>
      <Placemark>
        <name>2025-11-02 07:31:47 UTC</name>
        <description><![CDATA[<div><div><span><b>Altitude:</b></span> <span>2,300 ft</span></div>
<div><span><b>Speed:</b></span> <span>95 kt</span></div>
<div><span><b>Heading:</b></span> <span>149&deg;</span></div>
</div>]]></description>
        <TimeStamp>
          <when>2025-11-02T07:31:47+00:00</when>
        </TimeStamp>
        <Style>
          <IconStyle>
            <heading>149</heading>
            <Icon>
              <href>http://maps.google.com/mapfiles/kml/shapes/airports.png</href>
            </Icon>
          </IconStyle>
        </Style>
        <Point>
          <altitudeMode>absolute</altitudeMode>
          <coordinates>18.32983,-34.082478,701.04</coordinates>
        </Point>
      </Placemark>
      <Placemark>
        <name>2025-11-02 07:31:50 UTC</name>
        <description><![CDATA[<div><div><span><b>Altitude:</b></span> <span>2,300 ft</span></div>
<div><span><b>Speed:</b></span> <span>96 kt</span></div>
<div><span><b>Heading:</b></span> <span>145&deg;</span></div>
</div>]]></description>
        <TimeStamp>
          <when>2025-11-02T07:31:50+00:00</when>
        </TimeStamp>
        <Style>
          <IconStyle>
            <heading>145</heading>
            <Icon>
              <href>http://maps.google.com/mapfiles/kml/shapes/airports.png</href>
            </Icon>
          </IconStyle>
        </Style>
        <Point>
          <altitudeMode>absolute</altitudeMode>
          <coordinates>18.330517,-34.083359,701.04</coordinates>
        </Point>
      </Placemark>
      <Placemark>
        <name>2025-11-02 07:31:52 UTC</name>
        <description><![CDATA[<div><div><span><b>Altitude:</b></span> <span>2,300 ft</span></div>
<div><span><b>Speed:</b></span> <span>96 kt</span></div>
<div><span><b>Heading:</b></span> <span>143&deg;</span></div>
</div>]]></description>
        <TimeStamp>
          <when>2025-11-02T07:31:52+00:00</when>
        </TimeStamp>
        <Style>
          <IconStyle>
            <heading>143</heading>
            <Icon>
              <href>http://maps.google.com/mapfiles/kml/shapes/airports.png</href>
            </Icon>
          </IconStyle>
        </Style>
        <Point>
          <altitudeMode>absolute</altitudeMode>
          <coordinates>18.331249,-34.084259,701.04</coordinates>
        </Point>
      </Placemark>
      <Placemark>
        <name>2025-11-02 07:31:54 UTC</name>
        <description><![CDATA[<div><div><span><b>Altitude:</b></span> <span>2,300 ft</span></div>
<div><span><b>Speed:</b></span> <span>98 kt</span></div>
<div><span><b>Heading:</b></span> <span>140&deg;</span></div>
</div>]]></description>
        <TimeStamp>
          <when>2025-11-02T07:31:54+00:00</when>
        </TimeStamp>
        <Style>
          <IconStyle>
            <heading>140</heading>
            <Icon>
              <href>http://maps.google.com/mapfiles/kml/shapes/airports.png</href>
            </Icon>
          </IconStyle>
        </Style>
        <Point>
          <altitudeMode>absolute</altitudeMode>
          <coordinates>18.331833,-34.08485,701.04</coordinates>
        </Point>
      </Placemark>
      <Placemark>
        <name>2025-11-02 07:31:56 UTC</name>
        <description><![CDATA[<div><div><span><b>Altitude:</b></span> <span>2,200 ft</span></div>
<div><span><b>Speed:</b></span> <span>98 kt</span></div>
<div><span><b>Heading:</b></span> <span>139&deg;</span></div>
</div>]]></description>
        <TimeStamp>
          <when>2025-11-02T07:31:56+00:00</when>
        </TimeStamp>
        <Style>
          <IconStyle>
            <heading>139</heading>
            <Icon>
              <href>http://maps.google.com/mapfiles/kml/shapes/airports.png</href>
            </Icon>
          </IconStyle>
        </Style>
        <Point>
          <altitudeMode>absolute</altitudeMode>
          <coordinates>18.332706,-34.085724,670.56</coordinates>
        </Point>
      </Placemark>
      <Placemark>
        <name>2025-11-02 07:31:59 UTC</name>
        <description><![CDATA[<div><div><span><b>Altitude:</b></span> <span>2,200 ft</span></div>
<div><span><b>Speed:</b></span> <span>99 kt</span></div>
<div><span><b>Heading:</b></span> <span>137&deg;</span></div>
</div>]]></description>
        <TimeStamp>
          <when>2025-11-02T07:31:59+00:00</when>
        </TimeStamp>
        <Style>
          <IconStyle>
            <heading>137</heading>
            <Icon>
              <href>http://maps.google.com/mapfiles/kml/shapes/airports.png</href>
            </Icon>
          </IconStyle>
        </Style>
        <Point>
          <altitudeMode>absolute</altitudeMode>
          <coordinates>18.333435,-34.086388,670.56</coordinates>
        </Point>
      </Placemark>
      <Placemark>
        <name>2025-11-02 07:32:01 UTC</name>
        <description><![CDATA[<div><div><span><b>Altitude:</b></span> <span>2,200 ft</span></div>
<div><span><b>Speed:</b></span> <span>100 kt</span></div>
<div><span><b>Heading:</b></span> <span>136&deg;</span></div>
</div>]]></description>
        <TimeStamp>
          <when>2025-11-02T07:32:01+00:00</when>
        </TimeStamp>
        <Style>
          <IconStyle>
            <heading>136</heading>
            <Icon>
              <href>http://maps.google.com/mapfiles/kml/shapes/airports.png</href>
            </Icon>
          </IconStyle>
        </Style>
        <Point>
          <altitudeMode>absolute</altitudeMode>
          <coordinates>18.334499,-34.087372,670.56</coordinates>
        </Point>
      </Placemark>
      <Placemark>
        <name>2025-11-02 07:32:03 UTC</name>
        <description><![CDATA[<div><div><span><b>Altitude:</b></span> <span>2,200 ft</span></div>
<div><span><b>Speed:</b></span> <span>101 kt</span></div>
<div><span><b>Heading:</b></span> <span>135&deg;</span></div>
</div>]]></description>
        <TimeStamp>
          <when>2025-11-02T07:32:03+00:00</when>
        </TimeStamp>
        <Style>
          <IconStyle>
            <heading>135</heading>
            <Icon>
              <href>http://maps.google.com/mapfiles/kml/shapes/airports.png</href>
            </Icon>
          </IconStyle>
        </Style>
        <Point>
          <altitudeMode>absolute</altitudeMode>
          <coordinates>18.33534,-34.088013,670.56</coordinates>
        </Point>
      </Placemark>
      <Placemark>
        <name>2025-11-02 07:32:06 UTC</name>
        <description><![CDATA[<div><div><span><b>Altitude:</b></span> <span>2,100 ft</span></div>
<div><span><b>Speed:</b></span> <span>101 kt</span></div>
<div><span><b>Heading:</b></span> <span>134&deg;</span></div>
</div>]]></description>
        <TimeStamp>
          <when>2025-11-02T07:32:06+00:00</when>
        </TimeStamp>
        <Style>
          <IconStyle>
            <heading>134</heading>
            <Icon>
              <href>http://maps.google.com/mapfiles/kml/shapes/airports.png</href>
            </Icon>
          </IconStyle>
        </Style>
        <Point>
          <altitudeMode>absolute</altitudeMode>
          <coordinates>18.336353,-34.088852,640.08</coordinates>
        </Point>
      </Placemark>
      <Placemark>
        <name>2025-11-02 07:32:08 UTC</name>
        <description><![CDATA[<div><div><span><b>Altitude:</b></span> <span>2,100 ft</span></div>
<div><span><b>Speed:</b></span> <span>102 kt</span></div>
<div><span><b>Heading:</b></span> <span>133&deg;</span></div>
</div>]]></description>
        <TimeStamp>
          <when>2025-11-02T07:32:08+00:00</when>
        </TimeStamp>
        <Style>
          <IconStyle>
            <heading>133</heading>
            <Icon>
              <href>http://maps.google.com/mapfiles/kml/shapes/airports.png</href>
            </Icon>
          </IconStyle>
        </Style>
        <Point>
          <altitudeMode>absolute</altitudeMode>
          <coordinates>18.337555,-34.089832,640.08</coordinates>
        </Point>
      </Placemark>
      <Placemark>
        <name>2025-11-02 07:32:11 UTC</name>
        <description><![CDATA[<div><div><span><b>Altitude:</b></span> <span>2,100 ft</span></div>
<div><span><b>Speed:</b></span> <span>103 kt</span></div>
<div><span><b>Heading:</b></span> <span>131&deg;</span></div>
</div>]]></description>
        <TimeStamp>
          <when>2025-11-02T07:32:11+00:00</when>
        </TimeStamp>
        <Style>
          <IconStyle>
            <heading>131</heading>
            <Icon>
              <href>http://maps.google.com/mapfiles/kml/shapes/airports.png</href>
            </Icon>
          </IconStyle>
        </Style>
        <Point>
          <altitudeMode>absolute</altitudeMode>
          <coordinates>18.338535,-34.090576,640.08</coordinates>
        </Point>
      </Placemark>
      <Placemark>
        <name>2025-11-02 07:32:13 UTC</name>
        <description><![CDATA[<div><div><span><b>Altitude:</b></span> <span>2,100 ft</span></div>
<div><span><b>Speed:</b></span> <span>104 kt</span></div>
<div><span><b>Heading:</b></span> <span>130&deg;</span></div>
</div>]]></description>
        <TimeStamp>
          <when>2025-11-02T07:32:13+00:00</when>
        </TimeStamp>
        <Style>
          <IconStyle>
            <heading>130</heading>
            <Icon>
              <href>http://maps.google.com/mapfiles/kml/shapes/airports.png</href>
            </Icon>
          </IconStyle>
        </Style>
        <Point>
          <altitudeMode>absolute</altitudeMode>
          <coordinates>18.339672,-34.091366,640.08</coordinates>
        </Point>
      </Placemark>
      <Placemark>
        <name>2025-11-02 07:32:15 UTC</name>
        <description><![CDATA[<div><div><span><b>Altitude:</b></span> <span>2,100 ft</span></div>
<div><span><b>Speed:</b></span> <span>105 kt</span></div>
<div><span><b>Heading:</b></span> <span>128&deg;</span></div>
</div>]]></description>
        <TimeStamp>
          <when>2025-11-02T07:32:15+00:00</when>
        </TimeStamp>
        <Style>
          <IconStyle>
            <heading>128</heading>
            <Icon>
              <href>http://maps.google.com/mapfiles/kml/shapes/airports.png</href>
            </Icon>
          </IconStyle>
        </Style>
        <Point>
          <altitudeMode>absolute</altitudeMode>
          <coordinates>18.340385,-34.091904,640.08</coordinates>
        </Point>
      </Placemark>
      <Placemark>
        <name>2025-11-02 07:32:18 UTC</name>
        <description><![CDATA[<div><div><span><b>Altitude:</b></span> <span>2,100 ft</span></div>
<div><span><b>Speed:</b></span> <span>106 kt</span></div>
<div><span><b>Heading:</b></span> <span>127&deg;</span></div>
</div>]]></description>
        <TimeStamp>
          <when>2025-11-02T07:32:18+00:00</when>
        </TimeStamp>
        <Style>
          <IconStyle>
            <heading>127</heading>
            <Icon>
              <href>http://maps.google.com/mapfiles/kml/shapes/airports.png</href>
            </Icon>
          </IconStyle>
        </Style>
        <Point>
          <altitudeMode>absolute</altitudeMode>
          <coordinates>18.34156,-34.09267,640.08</coordinates>
        </Point>
      </Placemark>
      <Placemark>
        <name>2025-11-02 07:32:20 UTC</name>
        <description><![CDATA[<div><div><span><b>Altitude:</b></span> <span>2,000 ft</span></div>
<div><span><b>Speed:</b></span> <span>106 kt</span></div>
<div><span><b>Heading:</b></span> <span>126&deg;</span></div>
</div>]]></description>
        <TimeStamp>
          <when>2025-11-02T07:32:20+00:00</when>
        </TimeStamp>
        <Style>
          <IconStyle>
            <heading>126</heading>
            <Icon>
              <href>http://maps.google.com/mapfiles/kml/shapes/airports.png</href>
            </Icon>
          </IconStyle>
        </Style>
        <Point>
          <altitudeMode>absolute</altitudeMode>
          <coordinates>18.342476,-34.093231,609.6</coordinates>
        </Point>
      </Placemark>
      <Placemark>
        <name>2025-11-02 07:32:22 UTC</name>
        <description><![CDATA[<div><div><span><b>Altitude:</b></span> <span>2,000 ft</span></div>
<div><span><b>Speed:</b></span> <span>107 kt</span></div>
<div><span><b>Heading:</b></span> <span>124&deg;</span></div>
</div>]]></description>
        <TimeStamp>
          <when>2025-11-02T07:32:22+00:00</when>
        </TimeStamp>
        <Style>
          <IconStyle>
            <heading>124</heading>
            <Icon>
              <href>http://maps.google.com/mapfiles/kml/shapes/airports.png</href>
            </Icon>
          </IconStyle>
        </Style>
        <Point>
          <altitudeMode>absolute</altitudeMode>
          <coordinates>18.343735,-34.093929,609.6</coordinates>
        </Point>
      </Placemark>
      <Placemark>
        <name>2025-11-02 07:32:24 UTC</name>
        <description><![CDATA[<div><div><span><b>Altitude:</b></span> <span>2,000 ft</span></div>
<div><span><b>Speed:</b></span> <span>108 kt</span></div>
<div><span><b>Heading:</b></span> <span>122&deg;</span></div>
</div>]]></description>
        <TimeStamp>
          <when>2025-11-02T07:32:24+00:00</when>
        </TimeStamp>
        <Style>
          <IconStyle>
            <heading>122</heading>
            <Icon>
              <href>http://maps.google.com/mapfiles/kml/shapes/airports.png</href>
            </Icon>
          </IconStyle>
        </Style>
        <Point>
          <altitudeMode>absolute</altitudeMode>
          <coordinates>18.345051,-34.094673,609.6</coordinates>
        </Point>
      </Placemark>
      <Placemark>
        <name>2025-11-02 07:32:27 UTC</name>
        <description><![CDATA[<div><div><span><b>Altitude:</b></span> <span>2,000 ft</span></div>
<div><span><b>Speed:</b></span> <span>107 kt</span></div>
<div><span><b>Heading:</b></span> <span>121&deg;</span></div>
</div>]]></description>
        <TimeStamp>
          <when>2025-11-02T07:32:27+00:00</when>
        </TimeStamp>
        <Style>
          <IconStyle>
            <heading>121</heading>
            <Icon>
              <href>http://maps.google.com/mapfiles/kml/shapes/airports.png</href>
            </Icon>
          </IconStyle>
        </Style>
        <Point>
          <altitudeMode>absolute</altitudeMode>
          <coordinates>18.346252,-34.09528,609.6</coordinates>
        </Point>
      </Placemark>
      <Placemark>
        <name>2025-11-02 07:32:29 UTC</name>
        <description><![CDATA[<div><div><span><b>Altitude:</b></span> <span>2,000 ft</span></div>
<div><span><b>Speed:</b></span> <span>106 kt</span></div>
<div><span><b>Heading:</b></span> <span>120&deg;</span></div>
</div>]]></description>
        <TimeStamp>
          <when>2025-11-02T07:32:29+00:00</when>
        </TimeStamp>
        <Style>
          <IconStyle>
            <heading>120</heading>
            <Icon>
              <href>http://maps.google.com/mapfiles/kml/shapes/airports.png</href>
            </Icon>
          </IconStyle>
        </Style>
        <Point>
          <altitudeMode>absolute</altitudeMode>
          <coordinates>18.34734,-34.095837,609.6</coordinates>
        </Point>
      </Placemark>
      <Placemark>
        <name>2025-11-02 07:32:32 UTC</name>
        <description><![CDATA[<div><div><span><b>Altitude:</b></span> <span>2,000 ft</span></div>
<div><span><b>Speed:</b></span> <span>106 kt</span></div>
<div><span><b>Heading:</b></span> <span>118&deg;</span></div>
</div>]]></description>
        <TimeStamp>
          <when>2025-11-02T07:32:32+00:00</when>
        </TimeStamp>
        <Style>
          <IconStyle>
            <heading>118</heading>
            <Icon>
              <href>http://maps.google.com/mapfiles/kml/shapes/airports.png</href>
            </Icon>
          </IconStyle>
        </Style>
        <Point>
          <altitudeMode>absolute</altitudeMode>
          <coordinates>18.348713,-34.096489,609.6</coordinates>
        </Point>
      </Placemark>
      <Placemark>
        <name>2025-11-02 07:32:34 UTC</name>
        <description><![CDATA[<div><div><span><b>Altitude:</b></span> <span>2,000 ft</span></div>
<div><span><b>Speed:</b></span> <span>105 kt</span></div>
<div><span><b>Heading:</b></span> <span>117&deg;</span></div>
</div>]]></description>
        <TimeStamp>
          <when>2025-11-02T07:32:34+00:00</when>
        </TimeStamp>
        <Style>
          <IconStyle>
            <heading>117</heading>
            <Icon>
              <href>http://maps.google.com/mapfiles/kml/shapes/airports.png</href>
            </Icon>
          </IconStyle>
        </Style>
        <Point>
          <altitudeMode>absolute</altitudeMode>
          <coordinates>18.349743,-34.096954,609.6</coordinates>
        </Point>
      </Placemark>
      <Placemark>
        <name>2025-11-02 07:32:36 UTC</name>
        <description><![CDATA[<div><div><span><b>Altitude:</b></span> <span>2,000 ft</span></div>
<div><span><b>Speed:</b></span> <span>104 kt</span></div>
<div><span><b>Heading:</b></span> <span>116&deg;</span></div>
</div>]]></description>
        <TimeStamp>
          <when>2025-11-02T07:32:36+00:00</when>
        </TimeStamp>
        <Style>
          <IconStyle>
            <heading>116</heading>
            <Icon>
              <href>http://maps.google.com/mapfiles/kml/shapes/airports.png</href>
            </Icon>
          </IconStyle>
        </Style>
        <Point>
          <altitudeMode>absolute</altitudeMode>
          <coordinates>18.350887,-34.09742,609.6</coordinates>
        </Point>
      </Placemark>
      <Placemark>
        <name>2025-11-02 07:32:38 UTC</name>
        <description><![CDATA[<div><div><span><b>Altitude:</b></span> <span>1,900 ft</span></div>
<div><span><b>Speed:</b></span> <span>104 kt</span></div>
<div><span><b>Heading:</b></span> <span>114&deg;</span></div>
</div>]]></description>
        <TimeStamp>
          <when>2025-11-02T07:32:38+00:00</when>
        </TimeStamp>
        <Style>
          <IconStyle>
            <heading>114</heading>
            <Icon>
              <href>http://maps.google.com/mapfiles/kml/shapes/airports.png</href>
            </Icon>
          </IconStyle>
        </Style>
        <Point>
          <altitudeMode>absolute</altitudeMode>
          <coordinates>18.352045,-34.097855,579.12</coordinates>
        </Point>
      </Placemark>
      <Placemark>
        <name>2025-11-02 07:32:41 UTC</name>
        <description><![CDATA[<div><div><span><b>Altitude:</b></span> <span>1,900 ft</span></div>
<div><span><b>Speed:</b></span> <span>104 kt</span></div>
<div><span><b>Heading:</b></span> <span>114&deg;</span></div>
</div>]]></description>
        <TimeStamp>
          <when>2025-11-02T07:32:41+00:00</when>
        </TimeStamp>
        <Style>
          <IconStyle>
            <heading>114</heading>
            <Icon>
              <href>http://maps.google.com/mapfiles/kml/shapes/airports.png</href>
            </Icon>
          </IconStyle>
        </Style>
        <Point>
          <altitudeMode>absolute</altitudeMode>
          <coordinates>18.353405,-34.098396,579.12</coordinates>
        </Point>
      </Placemark>
      <Placemark>
        <name>2025-11-02 07:32:43 UTC</name>
        <description><![CDATA[<div><div><span><b>Altitude:</b></span> <span>1,900 ft</span></div>
<div><span><b>Speed:</b></span> <span>106 kt</span></div>
<div><span><b>Heading:</b></span> <span>114&deg;</span></div>
</div>]]></description>
        <TimeStamp>
          <when>2025-11-02T07:32:43+00:00</when>
        </TimeStamp>
        <Style>
          <IconStyle>
            <heading>114</heading>
            <Icon>
              <href>http://maps.google.com/mapfiles/kml/shapes/airports.png</href>
            </Icon>
          </IconStyle>
        </Style>
        <Point>
          <altitudeMode>absolute</altitudeMode>
          <coordinates>18.354454,-34.09877,579.12</coordinates>
        </Point>
      </Placemark>
      <Placemark>
        <name>2025-11-02 07:32:45 UTC</name>
        <description><![CDATA[<div><div><span><b>Altitude:</b></span> <span>1,900 ft</span></div>
<div><span><b>Speed:</b></span> <span>107 kt</span></div>
<div><span><b>Heading:</b></span> <span>114&deg;</span></div>
</div>]]></description>
        <TimeStamp>
          <when>2025-11-02T07:32:45+00:00</when>
        </TimeStamp>
        <Style>
          <IconStyle>
            <heading>114</heading>
            <Icon>
              <href>http://maps.google.com/mapfiles/kml/shapes/airports.png</href>
            </Icon>
          </IconStyle>
        </Style>
        <Point>
          <altitudeMode>absolute</altitudeMode>
          <coordinates>18.355751,-34.099236,579.12</coordinates>
        </Point>
      </Placemark>
      <Placemark>
        <name>2025-11-02 07:32:47 UTC</name>
        <description><![CDATA[<div><div><span><b>Altitude:</b></span> <span>1,900 ft</span></div>
<div><span><b>Speed:</b></span> <span>106 kt</span></div>
<div><span><b>Heading:</b></span> <span>113&deg;</span></div>
</div>]]></description>
        <TimeStamp>
          <when>2025-11-02T07:32:47+00:00</when>
        </TimeStamp>
        <Style>
          <IconStyle>
            <heading>113</heading>
            <Icon>
              <href>http://maps.google.com/mapfiles/kml/shapes/airports.png</href>
            </Icon>
          </IconStyle>
        </Style>
        <Point>
          <altitudeMode>absolute</altitudeMode>
          <coordinates>18.356838,-34.099655,579.12</coordinates>
        </Point>
      </Placemark>
      <Placemark>
        <name>2025-11-02 07:32:49 UTC</name>
        <description><![CDATA[<div><div><span><b>Altitude:</b></span> <span>1,900 ft</span></div>
<div><span><b>Speed:</b></span> <span>106 kt</span></div>
<div><span><b>Heading:</b></span> <span>113&deg;</span></div>
</div>]]></description>
        <TimeStamp>
          <when>2025-11-02T07:32:49+00:00</when>
        </TimeStamp>
        <Style>
          <IconStyle>
            <heading>113</heading>
            <Icon>
              <href>http://maps.google.com/mapfiles/kml/shapes/airports.png</href>
            </Icon>
          </IconStyle>
        </Style>
        <Point>
          <altitudeMode>absolute</altitudeMode>
          <coordinates>18.358267,-34.100143,579.12</coordinates>
        </Point>
      </Placemark>
      <Placemark>
        <name>2025-11-02 07:32:51 UTC</name>
        <description><![CDATA[<div><div><span><b>Altitude:</b></span> <span>1,900 ft</span></div>
<div><span><b>Speed:</b></span> <span>105 kt</span></div>
<div><span><b>Heading:</b></span> <span>112&deg;</span></div>
</div>]]></description>
        <TimeStamp>
          <when>2025-11-02T07:32:51+00:00</when>
        </TimeStamp>
        <Style>
          <IconStyle>
            <heading>112</heading>
            <Icon>
              <href>http://maps.google.com/mapfiles/kml/shapes/airports.png</href>
            </Icon>
          </IconStyle>
        </Style>
        <Point>
          <altitudeMode>absolute</altitudeMode>
          <coordinates>18.359299,-34.10054,579.12</coordinates>
        </Point>
      </Placemark>
      <Placemark>
        <name>2025-11-02 07:32:54 UTC</name>
        <description><![CDATA[<div><div><span><b>Altitude:</b></span> <span>1,900 ft</span></div>
<div><span><b>Speed:</b></span> <span>104 kt</span></div>
<div><span><b>Heading:</b></span> <span>112&deg;</span></div>
</div>]]></description>
        <TimeStamp>
          <when>2025-11-02T07:32:54+00:00</when>
        </TimeStamp>
        <Style>
          <IconStyle>
            <heading>112</heading>
            <Icon>
              <href>http://maps.google.com/mapfiles/kml/shapes/airports.png</href>
            </Icon>
          </IconStyle>
        </Style>
        <Point>
          <altitudeMode>absolute</altitudeMode>
          <coordinates>18.360397,-34.100922,579.12</coordinates>
        </Point>
      </Placemark>
      <Placemark>
        <name>2025-11-02 07:32:56 UTC</name>
        <description><![CDATA[<div><div><span><b>Altitude:</b></span> <span>1,900 ft</span></div>
<div><span><b>Speed:</b></span> <span>103 kt</span></div>
<div><span><b>Heading:</b></span> <span>113&deg;</span></div>
</div>]]></description>
        <TimeStamp>
          <when>2025-11-02T07:32:56+00:00</when>
        </TimeStamp>
        <Style>
          <IconStyle>
            <heading>113</heading>
            <Icon>
              <href>http://maps.google.com/mapfiles/kml/shapes/airports.png</href>
            </Icon>
          </IconStyle>
        </Style>
        <Point>
          <altitudeMode>absolute</altitudeMode>
          <coordinates>18.361416,-34.101284,579.12</coordinates>
        </Point>
      </Placemark>
      <Placemark>
        <name>2025-11-02 07:32:58 UTC</name>
        <description><![CDATA[<div><div><span><b>Altitude:</b></span> <span>1,800 ft</span></div>
<div><span><b>Speed:</b></span> <span>103 kt</span></div>
<div><span><b>Heading:</b></span> <span>113&deg;</span></div>
</div>]]></description>
        <TimeStamp>
          <when>2025-11-02T07:32:58+00:00</when>
        </TimeStamp>
        <Style>
          <IconStyle>
            <heading>113</heading>
            <Icon>
              <href>http://maps.google.com/mapfiles/kml/shapes/airports.png</href>
            </Icon>
          </IconStyle>
        </Style>
        <Point>
          <altitudeMode>absolute</altitudeMode>
          <coordinates>18.362694,-34.101746,548.64</coordinates>
        </Point>
      </Placemark>
      <Placemark>
        <name>2025-11-02 07:33:00 UTC</name>
        <description><![CDATA[<div><div><span><b>Altitude:</b></span> <span>1,800 ft</span></div>
<div><span><b>Speed:</b></span> <span>103 kt</span></div>
<div><span><b>Heading:</b></span> <span>112&deg;</span></div>
</div>]]></description>
        <TimeStamp>
          <when>2025-11-02T07:33:00+00:00</when>
        </TimeStamp>
        <Style>
          <IconStyle>
            <heading>112</heading>
            <Icon>
              <href>http://maps.google.com/mapfiles/kml/shapes/airports.png</href>
            </Icon>
          </IconStyle>
        </Style>
        <Point>
          <altitudeMode>absolute</altitudeMode>
          <coordinates>18.363873,-34.102158,548.64</coordinates>
        </Point>
      </Placemark>
      <Placemark>
        <name>2025-11-02 07:33:02 UTC</name>
        <description><![CDATA[<div><div><span><b>Altitude:</b></span> <span>1,800 ft</span></div>
<div><span><b>Speed:</b></span> <span>103 kt</span></div>
<div><span><b>Heading:</b></span> <span>112&deg;</span></div>
</div>]]></description>
        <TimeStamp>
          <when>2025-11-02T07:33:02+00:00</when>
        </TimeStamp>
        <Style>
          <IconStyle>
            <heading>112</heading>
            <Icon>
              <href>http://maps.google.com/mapfiles/kml/shapes/airports.png</href>
            </Icon>
          </IconStyle>
        </Style>
        <Point>
          <altitudeMode>absolute</altitudeMode>
          <coordinates>18.364992,-34.102524,548.64</coordinates>
        </Point>
      </Placemark>
      <Placemark>
        <name>2025-11-02 07:33:04 UTC</name>
        <description><![CDATA[<div><div><span><b>Altitude:</b></span> <span>1,800 ft</span></div>
<div><span><b>Speed:</b></span> <span>102 kt</span></div>
<div><span><b>Heading:</b></span> <span>112&deg;</span></div>
</div>]]></description>
        <TimeStamp>
          <when>2025-11-02T07:33:04+00:00</when>
        </TimeStamp>
        <Style>
          <IconStyle>
            <heading>112</heading>
            <Icon>
              <href>http://maps.google.com/mapfiles/kml/shapes/airports.png</href>
            </Icon>
          </IconStyle>
        </Style>
        <Point>
          <altitudeMode>absolute</altitudeMode>
          <coordinates>18.366001,-34.10289,548.64</coordinates>
        </Point>
      </Placemark>
      <Placemark>
        <name>2025-11-02 07:33:07 UTC</name>
        <description><![CDATA[<div><div><span><b>Altitude:</b></span> <span>1,800 ft</span></div>
<div><span><b>Speed:</b></span> <span>101 kt</span></div>
<div><span><b>Heading:</b></span> <span>112&deg;</span></div>
</div>]]></description>
        <TimeStamp>
          <when>2025-11-02T07:33:07+00:00</when>
        </TimeStamp>
        <Style>
          <IconStyle>
            <heading>112</heading>
            <Icon>
              <href>http://maps.google.com/mapfiles/kml/shapes/airports.png</href>
            </Icon>
          </IconStyle>
        </Style>
        <Point>
          <altitudeMode>absolute</altitudeMode>
          <coordinates>18.367235,-34.103302,548.64</coordinates>
        </Point>
      </Placemark>
      <Placemark>
        <name>2025-11-02 07:33:13 UTC</name>
        <description><![CDATA[<div><div><span><b>Altitude:</b></span> <span>1,800 ft</span></div>
<div><span><b>Speed:</b></span> <span>103 kt</span></div>
<div><span><b>Heading:</b></span> <span>112&deg;</span></div>
</div>]]></description>
        <TimeStamp>
          <when>2025-11-02T07:33:13+00:00</when>
        </TimeStamp>
        <Style>
          <IconStyle>
            <heading>112</heading>
            <Icon>
              <href>http://maps.google.com/mapfiles/kml/shapes/airports.png</href>
            </Icon>
          </IconStyle>
        </Style>
        <Point>
          <altitudeMode>absolute</altitudeMode>
          <coordinates>18.370823,-34.104538,548.64</coordinates>
        </Point>
      </Placemark>
      <Placemark>
        <name>2025-11-02 07:33:16 UTC</name>
        <description><![CDATA[<div><div><span><b>Altitude:</b></span> <span>1,700 ft</span></div>
<div><span><b>Speed:</b></span> <span>103 kt</span></div>
<div><span><b>Heading:</b></span> <span>111&deg;</span></div>
</div>]]></description>
        <TimeStamp>
          <when>2025-11-02T07:33:16+00:00</when>
        </TimeStamp>
        <Style>
          <IconStyle>
            <heading>111</heading>
            <Icon>
              <href>http://maps.google.com/mapfiles/kml/shapes/airports.png</href>
            </Icon>
          </IconStyle>
        </Style>
        <Point>
          <altitudeMode>absolute</altitudeMode>
          <coordinates>18.372223,-34.104996,518.16</coordinates>
        </Point>
      </Placemark>
      <Placemark>
        <name>2025-11-02 07:33:18 UTC</name>
        <description><![CDATA[<div><div><span><b>Altitude:</b></span> <span>1,700 ft</span></div>
<div><span><b>Speed:</b></span> <span>103 kt</span></div>
<div><span><b>Heading:</b></span> <span>110&deg;</span></div>
</div>]]></description>
        <TimeStamp>
          <when>2025-11-02T07:33:18+00:00</when>
        </TimeStamp>
        <Style>
          <IconStyle>
            <heading>110</heading>
            <Icon>
              <href>http://maps.google.com/mapfiles/kml/shapes/airports.png</href>
            </Icon>
          </IconStyle>
        </Style>
        <Point>
          <altitudeMode>absolute</altitudeMode>
          <coordinates>18.373375,-34.105331,518.16</coordinates>
        </Point>
      </Placemark>
      <Placemark>
        <name>2025-11-02 07:33:20 UTC</name>
        <description><![CDATA[<div><div><span><b>Altitude:</b></span> <span>1,800 ft</span></div>
<div><span><b>Speed:</b></span> <span>105 kt</span></div>
<div><span><b>Heading:</b></span> <span>111&deg;</span></div>
</div>]]></description>
        <TimeStamp>
          <when>2025-11-02T07:33:20+00:00</when>
        </TimeStamp>
        <Style>
          <IconStyle>
            <heading>111</heading>
            <Icon>
              <href>http://maps.google.com/mapfiles/kml/shapes/airports.png</href>
            </Icon>
          </IconStyle>
        </Style>
        <Point>
          <altitudeMode>absolute</altitudeMode>
          <coordinates>18.374409,-34.105682,548.64</coordinates>
        </Point>
      </Placemark>
      <Placemark>
        <name>2025-11-02 07:33:22 UTC</name>
        <description><![CDATA[<div><div><span><b>Altitude:</b></span> <span>1,800 ft</span></div>
<div><span><b>Speed:</b></span> <span>105 kt</span></div>
<div><span><b>Heading:</b></span> <span>111&deg;</span></div>
</div>]]></description>
        <TimeStamp>
          <when>2025-11-02T07:33:22+00:00</when>
        </TimeStamp>
        <Style>
          <IconStyle>
            <heading>111</heading>
            <Icon>
              <href>http://maps.google.com/mapfiles/kml/shapes/airports.png</href>
            </Icon>
          </IconStyle>
        </Style>
        <Point>
          <altitudeMode>absolute</altitudeMode>
          <coordinates>18.375475,-34.106049,548.64</coordinates>
        </Point>
      </Placemark>
      <Placemark>
        <name>2025-11-02 07:33:24 UTC</name>
        <description><![CDATA[<div><div><span><b>Altitude:</b></span> <span>1,700 ft</span></div>
<div><span><b>Speed:</b></span> <span>105 kt</span></div>
<div><span><b>Heading:</b></span> <span>112&deg;</span></div>
</div>]]></description>
        <TimeStamp>
          <when>2025-11-02T07:33:24+00:00</when>
        </TimeStamp>
        <Style>
          <IconStyle>
            <heading>112</heading>
            <Icon>
              <href>http://maps.google.com/mapfiles/kml/shapes/airports.png</href>
            </Icon>
          </IconStyle>
        </Style>
        <Point>
          <altitudeMode>absolute</altitudeMode>
          <coordinates>18.376877,-34.106552,518.16</coordinates>
        </Point>
      </Placemark>
      <Placemark>
        <name>2025-11-02 07:33:26 UTC</name>
        <description><![CDATA[<div><div><span><b>Altitude:</b></span> <span>1,800 ft</span></div>
<div><span><b>Speed:</b></span> <span>104 kt</span></div>
<div><span><b>Heading:</b></span> <span>113&deg;</span></div>
</div>]]></description>
        <TimeStamp>
          <when>2025-11-02T07:33:26+00:00</when>
        </TimeStamp>
        <Style>
          <IconStyle>
            <heading>113</heading>
            <Icon>
              <href>http://maps.google.com/mapfiles/kml/shapes/airports.png</href>
            </Icon>
          </IconStyle>
        </Style>
        <Point>
          <altitudeMode>absolute</altitudeMode>
          <coordinates>18.377953,-34.106915,548.64</coordinates>
        </Point>
      </Placemark>
      <Placemark>
        <name>2025-11-02 07:33:29 UTC</name>
        <description><![CDATA[<div><div><span><b>Altitude:</b></span> <span>1,700 ft</span></div>
<div><span><b>Speed:</b></span> <span>104 kt</span></div>
<div><span><b>Heading:</b></span> <span>113&deg;</span></div>
</div>]]></description>
        <TimeStamp>
          <when>2025-11-02T07:33:29+00:00</when>
        </TimeStamp>
        <Style>
          <IconStyle>
            <heading>113</heading>
            <Icon>
              <href>http://maps.google.com/mapfiles/kml/shapes/airports.png</href>
            </Icon>
          </IconStyle>
        </Style>
        <Point>
          <altitudeMode>absolute</altitudeMode>
          <coordinates>18.378983,-34.107288,518.16</coordinates>
        </Point>
      </Placemark>
      <Placemark>
        <name>2025-11-02 07:33:31 UTC</name>
        <description><![CDATA[<div><div><span><b>Altitude:</b></span> <span>1,700 ft</span></div>
<div><span><b>Speed:</b></span> <span>103 kt</span></div>
<div><span><b>Heading:</b></span> <span>113&deg;</span></div>
</div>]]></description>
        <TimeStamp>
          <when>2025-11-02T07:33:31+00:00</when>
        </TimeStamp>
        <Style>
          <IconStyle>
            <heading>113</heading>
            <Icon>
              <href>http://maps.google.com/mapfiles/kml/shapes/airports.png</href>
            </Icon>
          </IconStyle>
        </Style>
        <Point>
          <altitudeMode>absolute</altitudeMode>
          <coordinates>18.380014,-34.107651,518.16</coordinates>
        </Point>
      </Placemark>
      <Placemark>
        <name>2025-11-02 07:33:33 UTC</name>
        <description><![CDATA[<div><div><span><b>Altitude:</b></span> <span>1,700 ft</span></div>
<div><span><b>Speed:</b></span> <span>103 kt</span></div>
<div><span><b>Heading:</b></span> <span>113&deg;</span></div>
</div>]]></description>
        <TimeStamp>
          <when>2025-11-02T07:33:33+00:00</when>
        </TimeStamp>
        <Style>
          <IconStyle>
            <heading>113</heading>
            <Icon>
              <href>http://maps.google.com/mapfiles/kml/shapes/airports.png</href>
            </Icon>
          </IconStyle>
        </Style>
        <Point>
          <altitudeMode>absolute</altitudeMode>
          <coordinates>18.381329,-34.108128,518.16</coordinates>
        </Point>
      </Placemark>
      <Placemark>
        <name>2025-11-02 07:33:35 UTC</name>
        <description><![CDATA[<div><div><span><b>Altitude:</b></span> <span>1,700 ft</span></div>
<div><span><b>Speed:</b></span> <span>104 kt</span></div>
<div><span><b>Heading:</b></span> <span>113&deg;</span></div>
</div>]]></description>
        <TimeStamp>
          <when>2025-11-02T07:33:35+00:00</when>
        </TimeStamp>
        <Style>
          <IconStyle>
            <heading>113</heading>
            <Icon>
              <href>http://maps.google.com/mapfiles/kml/shapes/airports.png</href>
            </Icon>
          </IconStyle>
        </Style>
        <Point>
          <altitudeMode>absolute</altitudeMode>
          <coordinates>18.3822,-34.108475,518.16</coordinates>
        </Point>
      </Placemark>
      <Placemark>
        <name>2025-11-02 07:33:37 UTC</name>
        <description><![CDATA[<div><div><span><b>Altitude:</b></span> <span>1,700 ft</span></div>
<div><span><b>Speed:</b></span> <span>104 kt</span></div>
<div><span><b>Heading:</b></span> <span>113&deg;</span></div>
</div>]]></description>
        <TimeStamp>
          <when>2025-11-02T07:33:37+00:00</when>
        </TimeStamp>
        <Style>
          <IconStyle>
            <heading>113</heading>
            <Icon>
              <href>http://maps.google.com/mapfiles/kml/shapes/airports.png</href>
            </Icon>
          </IconStyle>
        </Style>
        <Point>
          <altitudeMode>absolute</altitudeMode>
          <coordinates>18.38356,-34.108963,518.16</coordinates>
        </Point>
      </Placemark>
      <Placemark>
        <name>2025-11-02 07:33:39 UTC</name>
        <description><![CDATA[<div><div><span><b>Altitude:</b></span> <span>1,700 ft</span></div>
<div><span><b>Speed:</b></span> <span>101 kt</span></div>
<div><span><b>Heading:</b></span> <span>112&deg;</span></div>
</div>]]></description>
        <TimeStamp>
          <when>2025-11-02T07:33:39+00:00</when>
        </TimeStamp>
        <Style>
          <IconStyle>
            <heading>112</heading>
            <Icon>
              <href>http://maps.google.com/mapfiles/kml/shapes/airports.png</href>
            </Icon>
          </IconStyle>
        </Style>
        <Point>
          <altitudeMode>absolute</altitudeMode>
          <coordinates>18.384836,-34.10939,518.16</coordinates>
        </Point>
      </Placemark>
      <Placemark>
        <name>2025-11-02 07:33:42 UTC</name>
        <description><![CDATA[<div><div><span><b>Altitude:</b></span> <span>1,700 ft</span></div>
<div><span><b>Speed:</b></span> <span>101 kt</span></div>
<div><span><b>Heading:</b></span> <span>112&deg;</span></div>
</div>]]></description>
        <TimeStamp>
          <when>2025-11-02T07:33:42+00:00</when>
        </TimeStamp>
        <Style>
          <IconStyle>
            <heading>112</heading>
            <Icon>
              <href>http://maps.google.com/mapfiles/kml/shapes/airports.png</href>
            </Icon>
          </IconStyle>
        </Style>
        <Point>
          <altitudeMode>absolute</altitudeMode>
          <coordinates>18.386021,-34.109802,518.16</coordinates>
        </Point>
      </Placemark>
      <Placemark>
        <name>2025-11-02 07:33:44 UTC</name>
        <description><![CDATA[<div><div><span><b>Altitude:</b></span> <span>1,700 ft</span></div>
<div><span><b>Speed:</b></span> <span>99 kt</span></div>
<div><span><b>Heading:</b></span> <span>111&deg;</span></div>
</div>]]></description>
        <TimeStamp>
          <when>2025-11-02T07:33:44+00:00</when>
        </TimeStamp>
        <Style>
          <IconStyle>
            <heading>111</heading>
            <Icon>
              <href>http://maps.google.com/mapfiles/kml/shapes/airports.png</href>
            </Icon>
          </IconStyle>
        </Style>
        <Point>
          <altitudeMode>absolute</altitudeMode>
          <coordinates>18.387077,-34.110168,518.16</coordinates>
        </Point>
      </Placemark>
      <Placemark>
        <name>2025-11-02 07:33:46 UTC</name>
        <description><![CDATA[<div><div><span><b>Altitude:</b></span> <span>1,700 ft</span></div>
<div><span><b>Speed:</b></span> <span>99 kt</span></div>
<div><span><b>Heading:</b></span> <span>111&deg;</span></div>
</div>]]></description>
        <TimeStamp>
          <when>2025-11-02T07:33:46+00:00</when>
        </TimeStamp>
        <Style>
          <IconStyle>
            <heading>111</heading>
            <Icon>
              <href>http://maps.google.com/mapfiles/kml/shapes/airports.png</href>
            </Icon>
          </IconStyle>
        </Style>
        <Point>
          <altitudeMode>absolute</altitudeMode>
          <coordinates>18.388367,-34.110592,518.16</coordinates>
        </Point>
      </Placemark>
      <Placemark>
        <name>2025-11-02 07:33:48 UTC</name>
        <description><![CDATA[<div><div><span><b>Altitude:</b></span> <span>1,700 ft</span></div>
<div><span><b>Speed:</b></span> <span>99 kt</span></div>
<div><span><b>Heading:</b></span> <span>110&deg;</span></div>
</div>]]></description>
        <TimeStamp>
          <when>2025-11-02T07:33:48+00:00</when>
        </TimeStamp>
        <Style>
          <IconStyle>
            <heading>110</heading>
            <Icon>
              <href>http://maps.google.com/mapfiles/kml/shapes/airports.png</href>
            </Icon>
          </IconStyle>
        </Style>
        <Point>
          <altitudeMode>absolute</altitudeMode>
          <coordinates>18.389397,-34.110874,518.16</coordinates>
        </Point>
      </Placemark>
      <Placemark>
        <name>2025-11-02 07:33:50 UTC</name>
        <description><![CDATA[<div><div><span><b>Altitude:</b></span> <span>1,700 ft</span></div>
<div><span><b>Speed:</b></span> <span>100 kt</span></div>
<div><span><b>Heading:</b></span> <span>110&deg;</span></div>
</div>]]></description>
        <TimeStamp>
          <when>2025-11-02T07:33:50+00:00</when>
        </TimeStamp>
        <Style>
          <IconStyle>
            <heading>110</heading>
            <Icon>
              <href>http://maps.google.com/mapfiles/kml/shapes/airports.png</href>
            </Icon>
          </IconStyle>
        </Style>
        <Point>
          <altitudeMode>absolute</altitudeMode>
          <coordinates>18.390497,-34.111221,518.16</coordinates>
        </Point>
      </Placemark>
      <Placemark>
        <name>2025-11-02 07:33:52 UTC</name>
        <description><![CDATA[<div><div><span><b>Altitude:</b></span> <span>1,700 ft</span></div>
<div><span><b>Speed:</b></span> <span>100 kt</span></div>
<div><span><b>Heading:</b></span> <span>110&deg;</span></div>
</div>]]></description>
        <TimeStamp>
          <when>2025-11-02T07:33:52+00:00</when>
        </TimeStamp>
        <Style>
          <IconStyle>
            <heading>110</heading>
            <Icon>
              <href>http://maps.google.com/mapfiles/kml/shapes/airports.png</href>
            </Icon>
          </IconStyle>
        </Style>
        <Point>
          <altitudeMode>absolute</altitudeMode>
          <coordinates>18.391628,-34.111572,518.16</coordinates>
        </Point>
      </Placemark>
      <Placemark>
        <name>2025-11-02 07:33:55 UTC</name>
        <description><![CDATA[<div><div><span><b>Altitude:</b></span> <span>1,700 ft</span></div>
<div><span><b>Speed:</b></span> <span>100 kt</span></div>
<div><span><b>Heading:</b></span> <span>111&deg;</span></div>
</div>]]></description>
        <TimeStamp>
          <when>2025-11-02T07:33:55+00:00</when>
        </TimeStamp>
        <Style>
          <IconStyle>
            <heading>111</heading>
            <Icon>
              <href>http://maps.google.com/mapfiles/kml/shapes/airports.png</href>
            </Icon>
          </IconStyle>
        </Style>
        <Point>
          <altitudeMode>absolute</altitudeMode>
          <coordinates>18.392683,-34.111954,518.16</coordinates>
        </Point>
      </Placemark>
      <Placemark>
        <name>2025-11-02 07:33:57 UTC</name>
        <description><![CDATA[<div><div><span><b>Altitude:</b></span> <span>1,700 ft</span></div>
<div><span><b>Speed:</b></span> <span>101 kt</span></div>
<div><span><b>Heading:</b></span> <span>112&deg;</span></div>
</div>]]></description>
        <TimeStamp>
          <when>2025-11-02T07:33:57+00:00</when>
        </TimeStamp>
        <Style>
          <IconStyle>
            <heading>112</heading>
            <Icon>
              <href>http://maps.google.com/mapfiles/kml/shapes/airports.png</href>
            </Icon>
          </IconStyle>
        </Style>
        <Point>
          <altitudeMode>absolute</altitudeMode>
          <coordinates>18.393747,-34.112274,518.16</coordinates>
        </Point>
      </Placemark>
      <Placemark>
        <name>2025-11-02 07:33:59 UTC</name>
        <description><![CDATA[<div><div><span><b>Altitude:</b></span> <span>1,700 ft</span></div>
<div><span><b>Speed:</b></span> <span>101 kt</span></div>
<div><span><b>Heading:</b></span> <span>113&deg;</span></div>
</div>]]></description>
        <TimeStamp>
          <when>2025-11-02T07:33:59+00:00</when>
        </TimeStamp>
        <Style>
          <IconStyle>
            <heading>113</heading>
            <Icon>
              <href>http://maps.google.com/mapfiles/kml/shapes/airports.png</href>
            </Icon>
          </IconStyle>
        </Style>
        <Point>
          <altitudeMode>absolute</altitudeMode>
          <coordinates>18.395149,-34.112778,518.16</coordinates>
        </Point>
      </Placemark>
      <Placemark>
        <name>2025-11-02 07:34:01 UTC</name>
        <description><![CDATA[<div><div><span><b>Altitude:</b></span> <span>1,700 ft</span></div>
<div><span><b>Speed:</b></span> <span>102 kt</span></div>
<div><span><b>Heading:</b></span> <span>114&deg;</span></div>
</div>]]></description>
        <TimeStamp>
          <when>2025-11-02T07:34:01+00:00</when>
        </TimeStamp>
        <Style>
          <IconStyle>
            <heading>114</heading>
            <Icon>
              <href>http://maps.google.com/mapfiles/kml/shapes/airports.png</href>
            </Icon>
          </IconStyle>
        </Style>
        <Point>
          <altitudeMode>absolute</altitudeMode>
          <coordinates>18.396214,-34.11319,518.16</coordinates>
        </Point>
      </Placemark>
      <Placemark>
        <name>2025-11-02 07:34:04 UTC</name>
        <description><![CDATA[<div><div><span><b>Altitude:</b></span> <span>1,700 ft</span></div>
<div><span><b>Speed:</b></span> <span>102 kt</span></div>
<div><span><b>Heading:</b></span> <span>116&deg;</span></div>
</div>]]></description>
        <TimeStamp>
          <when>2025-11-02T07:34:04+00:00</when>
        </TimeStamp>
        <Style>
          <IconStyle>
            <heading>116</heading>
            <Icon>
              <href>http://maps.google.com/mapfiles/kml/shapes/airports.png</href>
            </Icon>
          </IconStyle>
        </Style>
        <Point>
          <altitudeMode>absolute</altitudeMode>
          <coordinates>18.39728,-34.113602,518.16</coordinates>
        </Point>
      </Placemark>
      <Placemark>
        <name>2025-11-02 07:34:06 UTC</name>
        <description><![CDATA[<div><div><span><b>Altitude:</b></span> <span>1,700 ft</span></div>
<div><span><b>Speed:</b></span> <span>101 kt</span></div>
<div><span><b>Heading:</b></span> <span>116&deg;</span></div>
</div>]]></description>
        <TimeStamp>
          <when>2025-11-02T07:34:06+00:00</when>
        </TimeStamp>
        <Style>
          <IconStyle>
            <heading>116</heading>
            <Icon>
              <href>http://maps.google.com/mapfiles/kml/shapes/airports.png</href>
            </Icon>
          </IconStyle>
        </Style>
        <Point>
          <altitudeMode>absolute</altitudeMode>
          <coordinates>18.398552,-34.114132,518.16</coordinates>
        </Point>
      </Placemark>
      <Placemark>
        <name>2025-11-02 07:34:08 UTC</name>
        <description><![CDATA[<div><div><span><b>Altitude:</b></span> <span>1,700 ft</span></div>
<div><span><b>Speed:</b></span> <span>102 kt</span></div>
<div><span><b>Heading:</b></span> <span>117&deg;</span></div>
</div>]]></description>
        <TimeStamp>
          <when>2025-11-02T07:34:08+00:00</when>
        </TimeStamp>
        <Style>
          <IconStyle>
            <heading>117</heading>
            <Icon>
              <href>http://maps.google.com/mapfiles/kml/shapes/airports.png</href>
            </Icon>
          </IconStyle>
        </Style>
        <Point>
          <altitudeMode>absolute</altitudeMode>
          <coordinates>18.399578,-34.114609,518.16</coordinates>
        </Point>
      </Placemark>
      <Placemark>
        <name>2025-11-02 07:34:10 UTC</name>
        <description><![CDATA[<div><div><span><b>Altitude:</b></span> <span>1,700 ft</span></div>
<div><span><b>Speed:</b></span> <span>102 kt</span></div>
<div><span><b>Heading:</b></span> <span>117&deg;</span></div>
</div>]]></description>
        <TimeStamp>
          <when>2025-11-02T07:34:10+00:00</when>
        </TimeStamp>
        <Style>
          <IconStyle>
            <heading>117</heading>
            <Icon>
              <href>http://maps.google.com/mapfiles/kml/shapes/airports.png</href>
            </Icon>
          </IconStyle>
        </Style>
        <Point>
          <altitudeMode>absolute</altitudeMode>
          <coordinates>18.400417,-34.114929,518.16</coordinates>
        </Point>
      </Placemark>
      <Placemark>
        <name>2025-11-02 07:34:12 UTC</name>
        <description><![CDATA[<div><div><span><b>Altitude:</b></span> <span>1,700 ft</span></div>
<div><span><b>Speed:</b></span> <span>101 kt</span></div>
<div><span><b>Heading:</b></span> <span>117&deg;</span></div>
</div>]]></description>
        <TimeStamp>
          <when>2025-11-02T07:34:12+00:00</when>
        </TimeStamp>
        <Style>
          <IconStyle>
            <heading>117</heading>
            <Icon>
              <href>http://maps.google.com/mapfiles/kml/shapes/airports.png</href>
            </Icon>
          </IconStyle>
        </Style>
        <Point>
          <altitudeMode>absolute</altitudeMode>
          <coordinates>18.401539,-34.115433,518.16</coordinates>
        </Point>
      </Placemark>
      <Placemark>
        <name>2025-11-02 07:34:14 UTC</name>
        <description><![CDATA[<div><div><span><b>Altitude:</b></span> <span>1,700 ft</span></div>
<div><span><b>Speed:</b></span> <span>102 kt</span></div>
<div><span><b>Heading:</b></span> <span>118&deg;</span></div>
</div>]]></description>
        <TimeStamp>
          <when>2025-11-02T07:34:14+00:00</when>
        </TimeStamp>
        <Style>
          <IconStyle>
            <heading>118</heading>
            <Icon>
              <href>http://maps.google.com/mapfiles/kml/shapes/airports.png</href>
            </Icon>
          </IconStyle>
        </Style>
        <Point>
          <altitudeMode>absolute</altitudeMode>
          <coordinates>18.402493,-34.115845,518.16</coordinates>
        </Point>
      </Placemark>
      <Placemark>
        <name>2025-11-02 07:34:16 UTC</name>
        <description><![CDATA[<div><div><span><b>Altitude:</b></span> <span>1,700 ft</span></div>
<div><span><b>Speed:</b></span> <span>102 kt</span></div>
<div><span><b>Heading:</b></span> <span>118&deg;</span></div>
</div>]]></description>
        <TimeStamp>
          <when>2025-11-02T07:34:16+00:00</when>
        </TimeStamp>
        <Style>
          <IconStyle>
            <heading>118</heading>
            <Icon>
              <href>http://maps.google.com/mapfiles/kml/shapes/airports.png</href>
            </Icon>
          </IconStyle>
        </Style>
        <Point>
          <altitudeMode>absolute</altitudeMode>
          <coordinates>18.403725,-34.116394,518.16</coordinates>
        </Point>
      </Placemark>
      <Placemark>
        <name>2025-11-02 07:34:18 UTC</name>
        <description><![CDATA[<div><div><span><b>Altitude:</b></span> <span>1,700 ft</span></div>
<div><span><b>Speed:</b></span> <span>102 kt</span></div>
<div><span><b>Heading:</b></span> <span>119&deg;</span></div>
</div>]]></description>
        <TimeStamp>
          <when>2025-11-02T07:34:18+00:00</when>
        </TimeStamp>
        <Style>
          <IconStyle>
            <heading>119</heading>
            <Icon>
              <href>http://maps.google.com/mapfiles/kml/shapes/airports.png</href>
            </Icon>
          </IconStyle>
        </Style>
        <Point>
          <altitudeMode>absolute</altitudeMode>
          <coordinates>18.404902,-34.116943,518.16</coordinates>
        </Point>
      </Placemark>
      <Placemark>
        <name>2025-11-02 07:34:21 UTC</name>
        <description><![CDATA[<div><div><span><b>Altitude:</b></span> <span>1,700 ft</span></div>
<div><span><b>Speed:</b></span> <span>102 kt</span></div>
<div><span><b>Heading:</b></span> <span>119&deg;</span></div>
</div>]]></description>
        <TimeStamp>
          <when>2025-11-02T07:34:21+00:00</when>
        </TimeStamp>
        <Style>
          <IconStyle>
            <heading>119</heading>
            <Icon>
              <href>http://maps.google.com/mapfiles/kml/shapes/airports.png</href>
            </Icon>
          </IconStyle>
        </Style>
        <Point>
          <altitudeMode>absolute</altitudeMode>
          <coordinates>18.406191,-34.117538,518.16</coordinates>
        </Point>
      </Placemark>
      <Placemark>
        <name>2025-11-02 07:34:23 UTC</name>
        <description><![CDATA[<div><div><span><b>Altitude:</b></span> <span>1,700 ft</span></div>
<div><span><b>Speed:</b></span> <span>102 kt</span></div>
<div><span><b>Heading:</b></span> <span>119&deg;</span></div>
</div>]]></description>
        <TimeStamp>
          <when>2025-11-02T07:34:23+00:00</when>
        </TimeStamp>
        <Style>
          <IconStyle>
            <heading>119</heading>
            <Icon>
              <href>http://maps.google.com/mapfiles/kml/shapes/airports.png</href>
            </Icon>
          </IconStyle>
        </Style>
        <Point>
          <altitudeMode>absolute</altitudeMode>
          <coordinates>18.407192,-34.118042,518.16</coordinates>
        </Point>
      </Placemark>
      <Placemark>
        <name>2025-11-02 07:34:25 UTC</name>
        <description><![CDATA[<div><div><span><b>Altitude:</b></span> <span>1,700 ft</span></div>
<div><span><b>Speed:</b></span> <span>102 kt</span></div>
<div><span><b>Heading:</b></span> <span>120&deg;</span></div>
</div>]]></description>
        <TimeStamp>
          <when>2025-11-02T07:34:25+00:00</when>
        </TimeStamp>
        <Style>
          <IconStyle>
            <heading>120</heading>
            <Icon>
              <href>http://maps.google.com/mapfiles/kml/shapes/airports.png</href>
            </Icon>
          </IconStyle>
        </Style>
        <Point>
          <altitudeMode>absolute</altitudeMode>
          <coordinates>18.408377,-34.118591,518.16</coordinates>
        </Point>
      </Placemark>
      <Placemark>
        <name>2025-11-02 07:34:28 UTC</name>
        <description><![CDATA[<div><div><span><b>Altitude:</b></span> <span>1,700 ft</span></div>
<div><span><b>Speed:</b></span> <span>102 kt</span></div>
<div><span><b>Heading:</b></span> <span>119&deg;</span></div>
</div>]]></description>
        <TimeStamp>
          <when>2025-11-02T07:34:28+00:00</when>
        </TimeStamp>
        <Style>
          <IconStyle>
            <heading>119</heading>
            <Icon>
              <href>http://maps.google.com/mapfiles/kml/shapes/airports.png</href>
            </Icon>
          </IconStyle>
        </Style>
        <Point>
          <altitudeMode>absolute</altitudeMode>
          <coordinates>18.409252,-34.118973,518.16</coordinates>
        </Point>
      </Placemark>
      <Placemark>
        <name>2025-11-02 07:34:30 UTC</name>
        <description><![CDATA[<div><div><span><b>Altitude:</b></span> <span>1,700 ft</span></div>
<div><span><b>Speed:</b></span> <span>102 kt</span></div>
<div><span><b>Heading:</b></span> <span>119&deg;</span></div>
</div>]]></description>
        <TimeStamp>
          <when>2025-11-02T07:34:30+00:00</when>
        </TimeStamp>
        <Style>
          <IconStyle>
            <heading>119</heading>
            <Icon>
              <href>http://maps.google.com/mapfiles/kml/shapes/airports.png</href>
            </Icon>
          </IconStyle>
        </Style>
        <Point>
          <altitudeMode>absolute</altitudeMode>
          <coordinates>18.410454,-34.119579,518.16</coordinates>
        </Point>
      </Placemark>
      <Placemark>
        <name>2025-11-02 07:34:32 UTC</name>
        <description><![CDATA[<div><div><span><b>Altitude:</b></span> <span>1,700 ft</span></div>
<div><span><b>Speed:</b></span> <span>102 kt</span></div>
<div><span><b>Heading:</b></span> <span>119&deg;</span></div>
</div>]]></description>
        <TimeStamp>
          <when>2025-11-02T07:34:32+00:00</when>
        </TimeStamp>
        <Style>
          <IconStyle>
            <heading>119</heading>
            <Icon>
              <href>http://maps.google.com/mapfiles/kml/shapes/airports.png</href>
            </Icon>
          </IconStyle>
        </Style>
        <Point>
          <altitudeMode>absolute</altitudeMode>
          <coordinates>18.41177,-34.120182,518.16</coordinates>
        </Point>
      </Placemark>
      <Placemark>
        <name>2025-11-02 07:34:34 UTC</name>
        <description><![CDATA[<div><div><span><b>Altitude:</b></span> <span>1,700 ft</span></div>
<div><span><b>Speed:</b></span> <span>102 kt</span></div>
<div><span><b>Heading:</b></span> <span>119&deg;</span></div>
</div>]]></description>
        <TimeStamp>
          <when>2025-11-02T07:34:34+00:00</when>
        </TimeStamp>
        <Style>
          <IconStyle>
            <heading>119</heading>
            <Icon>
              <href>http://maps.google.com/mapfiles/kml/shapes/airports.png</href>
            </Icon>
          </IconStyle>
        </Style>
        <Point>
          <altitudeMode>absolute</altitudeMode>
          <coordinates>18.412918,-34.120697,518.16</coordinates>
        </Point>
      </Placemark>
      <Placemark>
        <name>2025-11-02 07:34:41 UTC</name>
        <description><![CDATA[<div><div><span><b>Altitude:</b></span> <span>1,700 ft</span></div>
<div><span><b>Speed:</b></span> <span>102 kt</span></div>
<div><span><b>Heading:</b></span> <span>119&deg;</span></div>
</div>]]></description>
        <TimeStamp>
          <when>2025-11-02T07:34:41+00:00</when>
        </TimeStamp>
        <Style>
          <IconStyle>
            <heading>119</heading>
            <Icon>
              <href>http://maps.google.com/mapfiles/kml/shapes/airports.png</href>
            </Icon>
          </IconStyle>
        </Style>
        <Point>
          <altitudeMode>absolute</altitudeMode>
          <coordinates>18.416004,-34.122139,518.16</coordinates>
        </Point>
      </Placemark>
      <Placemark>
        <name>2025-11-02 07:34:45 UTC</name>
        <description><![CDATA[<div><div><span><b>Altitude:</b></span> <span>1,700 ft</span></div>
<div><span><b>Speed:</b></span> <span>101 kt</span></div>
<div><span><b>Heading:</b></span> <span>119&deg;</span></div>
</div>]]></description>
        <TimeStamp>
          <when>2025-11-02T07:34:45+00:00</when>
        </TimeStamp>
        <Style>
          <IconStyle>
            <heading>119</heading>
            <Icon>
              <href>http://maps.google.com/mapfiles/kml/shapes/airports.png</href>
            </Icon>
          </IconStyle>
        </Style>
        <Point>
          <altitudeMode>absolute</altitudeMode>
          <coordinates>18.418121,-34.123161,518.16</coordinates>
        </Point>
      </Placemark>
      <Placemark>
        <name>2025-11-02 07:34:48 UTC</name>
        <description><![CDATA[<div><div><span><b>Altitude:</b></span> <span>1,700 ft</span></div>
<div><span><b>Speed:</b></span> <span>101 kt</span></div>
<div><span><b>Heading:</b></span> <span>120&deg;</span></div>
</div>]]></description>
        <TimeStamp>
          <when>2025-11-02T07:34:48+00:00</when>
        </TimeStamp>
        <Style>
          <IconStyle>
            <heading>120</heading>
            <Icon>
              <href>http://maps.google.com/mapfiles/kml/shapes/airports.png</href>
            </Icon>
          </IconStyle>
        </Style>
        <Point>
          <altitudeMode>absolute</altitudeMode>
          <coordinates>18.419094,-34.123627,518.16</coordinates>
        </Point>
      </Placemark>
      <Placemark>
        <name>2025-11-02 07:34:50 UTC</name>
        <description><![CDATA[<div><div><span><b>Altitude:</b></span> <span>1,700 ft</span></div>
<div><span><b>Speed:</b></span> <span>101 kt</span></div>
<div><span><b>Heading:</b></span> <span>121&deg;</span></div>
</div>]]></description>
        <TimeStamp>
          <when>2025-11-02T07:34:50+00:00</when>
        </TimeStamp>
        <Style>
          <IconStyle>
            <heading>121</heading>
            <Icon>
              <href>http://maps.google.com/mapfiles/kml/shapes/airports.png</href>
            </Icon>
          </IconStyle>
        </Style>
        <Point>
          <altitudeMode>absolute</altitudeMode>
          <coordinates>18.420317,-34.124222,518.16</coordinates>
        </Point>
      </Placemark>
      <Placemark>
        <name>2025-11-02 07:34:52 UTC</name>
        <description><![CDATA[<div><div><span><b>Altitude:</b></span> <span>1,700 ft</span></div>
<div><span><b>Speed:</b></span> <span>100 kt</span></div>
<div><span><b>Heading:</b></span> <span>122&deg;</span></div>
</div>]]></description>
        <TimeStamp>
          <when>2025-11-02T07:34:52+00:00</when>
        </TimeStamp>
        <Style>
          <IconStyle>
            <heading>122</heading>
            <Icon>
              <href>http://maps.google.com/mapfiles/kml/shapes/airports.png</href>
            </Icon>
          </IconStyle>
        </Style>
        <Point>
          <altitudeMode>absolute</altitudeMode>
          <coordinates>18.421494,-34.124863,518.16</coordinates>
        </Point>
      </Placemark>
      <Placemark>
        <name>2025-11-02 07:34:54 UTC</name>
        <description><![CDATA[<div><div><span><b>Altitude:</b></span> <span>1,700 ft</span></div>
<div><span><b>Speed:</b></span> <span>100 kt</span></div>
<div><span><b>Heading:</b></span> <span>122&deg;</span></div>
</div>]]></description>
        <TimeStamp>
          <when>2025-11-02T07:34:54+00:00</when>
        </TimeStamp>
        <Style>
          <IconStyle>
            <heading>122</heading>
            <Icon>
              <href>http://maps.google.com/mapfiles/kml/shapes/airports.png</href>
            </Icon>
          </IconStyle>
        </Style>
        <Point>
          <altitudeMode>absolute</altitudeMode>
          <coordinates>18.422503,-34.125366,518.16</coordinates>
        </Point>
      </Placemark>
      <Placemark>
        <name>2025-11-02 07:34:56 UTC</name>
        <description><![CDATA[<div><div><span><b>Altitude:</b></span> <span>1,700 ft</span></div>
<div><span><b>Speed:</b></span> <span>101 kt</span></div>
<div><span><b>Heading:</b></span> <span>121&deg;</span></div>
</div>]]></description>
        <TimeStamp>
          <when>2025-11-02T07:34:56+00:00</when>
        </TimeStamp>
        <Style>
          <IconStyle>
            <heading>121</heading>
            <Icon>
              <href>http://maps.google.com/mapfiles/kml/shapes/airports.png</href>
            </Icon>
          </IconStyle>
        </Style>
        <Point>
          <altitudeMode>absolute</altitudeMode>
          <coordinates>18.423557,-34.125908,518.16</coordinates>
        </Point>
      </Placemark>
      <Placemark>
        <name>2025-11-02 07:34:59 UTC</name>
        <description><![CDATA[<div><div><span><b>Altitude:</b></span> <span>1,700 ft</span></div>
<div><span><b>Speed:</b></span> <span>100 kt</span></div>
<div><span><b>Heading:</b></span> <span>121&deg;</span></div>
</div>]]></description>
        <TimeStamp>
          <when>2025-11-02T07:34:59+00:00</when>
        </TimeStamp>
        <Style>
          <IconStyle>
            <heading>121</heading>
            <Icon>
              <href>http://maps.google.com/mapfiles/kml/shapes/airports.png</href>
            </Icon>
          </IconStyle>
        </Style>
        <Point>
          <altitudeMode>absolute</altitudeMode>
          <coordinates>18.424473,-34.126373,518.16</coordinates>
        </Point>
      </Placemark>
      <Placemark>
        <name>2025-11-02 07:35:01 UTC</name>
        <description><![CDATA[<div><div><span><b>Altitude:</b></span> <span>1,800 ft</span></div>
<div><span><b>Speed:</b></span> <span>100 kt</span></div>
<div><span><b>Heading:</b></span> <span>121&deg;</span></div>
</div>]]></description>
        <TimeStamp>
          <when>2025-11-02T07:35:01+00:00</when>
        </TimeStamp>
        <Style>
          <IconStyle>
            <heading>121</heading>
            <Icon>
              <href>http://maps.google.com/mapfiles/kml/shapes/airports.png</href>
            </Icon>
          </IconStyle>
        </Style>
        <Point>
          <altitudeMode>absolute</altitudeMode>
          <coordinates>18.425732,-34.127026,548.64</coordinates>
        </Point>
      </Placemark>
      <Placemark>
        <name>2025-11-02 07:35:03 UTC</name>
        <description><![CDATA[<div><div><span><b>Altitude:</b></span> <span>1,800 ft</span></div>
<div><span><b>Speed:</b></span> <span>101 kt</span></div>
<div><span><b>Heading:</b></span> <span>120&deg;</span></div>
</div>]]></description>
        <TimeStamp>
          <when>2025-11-02T07:35:03+00:00</when>
        </TimeStamp>
        <Style>
          <IconStyle>
            <heading>120</heading>
            <Icon>
              <href>http://maps.google.com/mapfiles/kml/shapes/airports.png</href>
            </Icon>
          </IconStyle>
        </Style>
        <Point>
          <altitudeMode>absolute</altitudeMode>
          <coordinates>18.426819,-34.127537,548.64</coordinates>
        </Point>
      </Placemark>
      <Placemark>
        <name>2025-11-02 07:35:05 UTC</name>
        <description><![CDATA[<div><div><span><b>Altitude:</b></span> <span>1,800 ft</span></div>
<div><span><b>Speed:</b></span> <span>101 kt</span></div>
<div><span><b>Heading:</b></span> <span>120&deg;</span></div>
</div>]]></description>
        <TimeStamp>
          <when>2025-11-02T07:35:05+00:00</when>
        </TimeStamp>
        <Style>
          <IconStyle>
            <heading>120</heading>
            <Icon>
              <href>http://maps.google.com/mapfiles/kml/shapes/airports.png</href>
            </Icon>
          </IconStyle>
        </Style>
        <Point>
          <altitudeMode>absolute</altitudeMode>
          <coordinates>18.427792,-34.128006,548.64</coordinates>
        </Point>
      </Placemark>
      <Placemark>
        <name>2025-11-02 07:35:07 UTC</name>
        <description><![CDATA[<div><div><span><b>Altitude:</b></span> <span>1,700 ft</span></div>
<div><span><b>Speed:</b></span> <span>102 kt</span></div>
<div><span><b>Heading:</b></span> <span>119&deg;</span></div>
</div>]]></description>
        <TimeStamp>
          <when>2025-11-02T07:35:07+00:00</when>
        </TimeStamp>
        <Style>
          <IconStyle>
            <heading>119</heading>
            <Icon>
              <href>http://maps.google.com/mapfiles/kml/shapes/airports.png</href>
            </Icon>
          </IconStyle>
        </Style>
        <Point>
          <altitudeMode>absolute</altitudeMode>
          <coordinates>18.428724,-34.128479,518.16</coordinates>
        </Point>
      </Placemark>
      <Placemark>
        <name>2025-11-02 07:35:09 UTC</name>
        <description><![CDATA[<div><div><span><b>Altitude:</b></span> <span>1,800 ft</span></div>
<div><span><b>Speed:</b></span> <span>102 kt</span></div>
<div><span><b>Heading:</b></span> <span>118&deg;</span></div>
</div>]]></description>
        <TimeStamp>
          <when>2025-11-02T07:35:09+00:00</when>
        </TimeStamp>
        <Style>
          <IconStyle>
            <heading>118</heading>
            <Icon>
              <href>http://maps.google.com/mapfiles/kml/shapes/airports.png</href>
            </Icon>
          </IconStyle>
        </Style>
        <Point>
          <altitudeMode>absolute</altitudeMode>
          <coordinates>18.429737,-34.128937,548.64</coordinates>
        </Point>
      </Placemark>
      <Placemark>
        <name>2025-11-02 07:35:12 UTC</name>
        <description><![CDATA[<div><div><span><b>Altitude:</b></span> <span>1,800 ft</span></div>
<div><span><b>Speed:</b></span> <span>102 kt</span></div>
<div><span><b>Heading:</b></span> <span>116&deg;</span></div>
</div>]]></description>
        <TimeStamp>
          <when>2025-11-02T07:35:12+00:00</when>
        </TimeStamp>
        <Style>
          <IconStyle>
            <heading>116</heading>
            <Icon>
              <href>http://maps.google.com/mapfiles/kml/shapes/airports.png</href>
            </Icon>
          </IconStyle>
        </Style>
        <Point>
          <altitudeMode>absolute</altitudeMode>
          <coordinates>18.430967,-34.12944,548.64</coordinates>
        </Point>
      </Placemark>
      <Placemark>
        <name>2025-11-02 07:35:14 UTC</name>
        <description><![CDATA[<div><div><span><b>Altitude:</b></span> <span>1,700 ft</span></div>
<div><span><b>Speed:</b></span> <span>102 kt</span></div>
<div><span><b>Heading:</b></span> <span>113&deg;</span></div>
</div>]]></description>
        <TimeStamp>
          <when>2025-11-02T07:35:14+00:00</when>
        </TimeStamp>
        <Style>
          <IconStyle>
            <heading>113</heading>
            <Icon>
              <href>http://maps.google.com/mapfiles/kml/shapes/airports.png</href>
            </Icon>
          </IconStyle>
        </Style>
        <Point>
          <altitudeMode>absolute</altitudeMode>
          <coordinates>18.431911,-34.129818,518.16</coordinates>
        </Point>
      </Placemark>
      <Placemark>
        <name>2025-11-02 07:35:16 UTC</name>
        <description><![CDATA[<div><div><span><b>Altitude:</b></span> <span>1,800 ft</span></div>
<div><span><b>Speed:</b></span> <span>103 kt</span></div>
<div><span><b>Heading:</b></span> <span>109&deg;</span></div>
</div>]]></description>
        <TimeStamp>
          <when>2025-11-02T07:35:16+00:00</when>
        </TimeStamp>
        <Style>
          <IconStyle>
            <heading>109</heading>
            <Icon>
              <href>http://maps.google.com/mapfiles/kml/shapes/airports.png</href>
            </Icon>
          </IconStyle>
        </Style>
        <Point>
          <altitudeMode>absolute</altitudeMode>
          <coordinates>18.433285,-34.130238,548.64</coordinates>
        </Point>
      </Placemark>
      <Placemark>
        <name>2025-11-02 07:35:18 UTC</name>
        <description><![CDATA[<div><div><span><b>Altitude:</b></span> <span>1,700 ft</span></div>
<div><span><b>Speed:</b></span> <span>104 kt</span></div>
<div><span><b>Heading:</b></span> <span>106&deg;</span></div>
</div>]]></description>
        <TimeStamp>
          <when>2025-11-02T07:35:18+00:00</when>
        </TimeStamp>
        <Style>
          <IconStyle>
            <heading>106</heading>
            <Icon>
              <href>http://maps.google.com/mapfiles/kml/shapes/airports.png</href>
            </Icon>
          </IconStyle>
        </Style>
        <Point>
          <altitudeMode>absolute</altitudeMode>
          <coordinates>18.434385,-34.130539,518.16</coordinates>
        </Point>
      </Placemark>
      <Placemark>
        <name>2025-11-02 07:35:20 UTC</name>
        <description><![CDATA[<div><div><span><b>Altitude:</b></span> <span>1,700 ft</span></div>
<div><span><b>Speed:</b></span> <span>105 kt</span></div>
<div><span><b>Heading:</b></span> <span>103&deg;</span></div>
</div>]]></description>
        <TimeStamp>
          <when>2025-11-02T07:35:20+00:00</when>
        </TimeStamp>
        <Style>
          <IconStyle>
            <heading>103</heading>
            <Icon>
              <href>http://maps.google.com/mapfiles/kml/shapes/airports.png</href>
            </Icon>
          </IconStyle>
        </Style>
        <Point>
          <altitudeMode>absolute</altitudeMode>
          <coordinates>18.435745,-34.130844,518.16</coordinates>
        </Point>
      </Placemark>
      <Placemark>
        <name>2025-11-02 07:35:22 UTC</name>
        <description><![CDATA[<div><div><span><b>Altitude:</b></span> <span>1,700 ft</span></div>
<div><span><b>Speed:</b></span> <span>105 kt</span></div>
<div><span><b>Heading:</b></span> <span>101&deg;</span></div>
</div>]]></description>
        <TimeStamp>
          <when>2025-11-02T07:35:22+00:00</when>
        </TimeStamp>
        <Style>
          <IconStyle>
            <heading>101</heading>
            <Icon>
              <href>http://maps.google.com/mapfiles/kml/shapes/airports.png</href>
            </Icon>
          </IconStyle>
        </Style>
        <Point>
          <altitudeMode>absolute</altitudeMode>
          <coordinates>18.43689,-34.131031,518.16</coordinates>
        </Point>
      </Placemark>
      <Placemark>
        <name>2025-11-02 07:35:24 UTC</name>
        <description><![CDATA[<div><div><span><b>Altitude:</b></span> <span>1,700 ft</span></div>
<div><span><b>Speed:</b></span> <span>106 kt</span></div>
<div><span><b>Heading:</b></span> <span>98&deg;</span></div>
</div>]]></description>
        <TimeStamp>
          <when>2025-11-02T07:35:24+00:00</when>
        </TimeStamp>
        <Style>
          <IconStyle>
            <heading>98</heading>
            <Icon>
              <href>http://maps.google.com/mapfiles/kml/shapes/airports.png</href>
            </Icon>
          </IconStyle>
        </Style>
        <Point>
          <altitudeMode>absolute</altitudeMode>
          <coordinates>18.438086,-34.131226,518.16</coordinates>
        </Point>
      </Placemark>
      <Placemark>
        <name>2025-11-02 07:35:26 UTC</name>
        <description><![CDATA[<div><div><span><b>Altitude:</b></span> <span>1,700 ft</span></div>
<div><span><b>Speed:</b></span> <span>108 kt</span></div>
<div><span><b>Heading:</b></span> <span>94&deg;</span></div>
</div>]]></description>
        <TimeStamp>
          <when>2025-11-02T07:35:26+00:00</when>
        </TimeStamp>
        <Style>
          <IconStyle>
            <heading>94</heading>
            <Icon>
              <href>http://maps.google.com/mapfiles/kml/shapes/airports.png</href>
            </Icon>
          </IconStyle>
        </Style>
        <Point>
          <altitudeMode>absolute</altitudeMode>
          <coordinates>18.439178,-34.13131,518.16</coordinates>
        </Point>
      </Placemark>
      <Placemark>
        <name>2025-11-02 07:35:29 UTC</name>
        <description><![CDATA[<div><div><span><b>Altitude:</b></span> <span>1,700 ft</span></div>
<div><span><b>Speed:</b></span> <span>108 kt</span></div>
<div><span><b>Heading:</b></span> <span>88&deg;</span></div>
</div>]]></description>
        <TimeStamp>
          <when>2025-11-02T07:35:29+00:00</when>
        </TimeStamp>
        <Style>
          <IconStyle>
            <heading>88</heading>
            <Icon>
              <href>http://maps.google.com/mapfiles/kml/shapes/airports.png</href>
            </Icon>
          </IconStyle>
        </Style>
        <Point>
          <altitudeMode>absolute</altitudeMode>
          <coordinates>18.440384,-34.131317,518.16</coordinates>
        </Point>
      </Placemark>
      <Placemark>
        <name>2025-11-02 07:35:31 UTC</name>
        <description><![CDATA[<div><div><span><b>Altitude:</b></span> <span>1,700 ft</span></div>
<div><span><b>Speed:</b></span> <span>108 kt</span></div>
<div><span><b>Heading:</b></span> <span>84&deg;</span></div>
</div>]]></description>
        <TimeStamp>
          <when>2025-11-02T07:35:31+00:00</when>
        </TimeStamp>
        <Style>
          <IconStyle>
            <heading>84</heading>
            <Icon>
              <href>http://maps.google.com/mapfiles/kml/shapes/airports.png</href>
            </Icon>
          </IconStyle>
        </Style>
        <Point>
          <altitudeMode>absolute</altitudeMode>
          <coordinates>18.441982,-34.131264,518.16</coordinates>
        </Point>
      </Placemark>
      <Placemark>
        <name>2025-11-02 07:35:33 UTC</name>
        <description><![CDATA[<div><div><span><b>Altitude:</b></span> <span>1,700 ft</span></div>
<div><span><b>Speed:</b></span> <span>110 kt</span></div>
<div><span><b>Heading:</b></span> <span>79&deg;</span></div>
</div>]]></description>
        <TimeStamp>
          <when>2025-11-02T07:35:33+00:00</when>
        </TimeStamp>
        <Style>
          <IconStyle>
            <heading>79</heading>
            <Icon>
              <href>http://maps.google.com/mapfiles/kml/shapes/airports.png</href>
            </Icon>
          </IconStyle>
        </Style>
        <Point>
          <altitudeMode>absolute</altitudeMode>
          <coordinates>18.443411,-34.131042,518.16</coordinates>
        </Point>
      </Placemark>
      <Placemark>
        <name>2025-11-02 07:35:35 UTC</name>
        <description><![CDATA[<div><div><span><b>Altitude:</b></span> <span>1,700 ft</span></div>
<div><span><b>Speed:</b></span> <span>111 kt</span></div>
<div><span><b>Heading:</b></span> <span>72&deg;</span></div>
</div>]]></description>
        <TimeStamp>
          <when>2025-11-02T07:35:35+00:00</when>
        </TimeStamp>
        <Style>
          <IconStyle>
            <heading>72</heading>
            <Icon>
              <href>http://maps.google.com/mapfiles/kml/shapes/airports.png</href>
            </Icon>
          </IconStyle>
        </Style>
        <Point>
          <altitudeMode>absolute</altitudeMode>
          <coordinates>18.444475,-34.130768,518.16</coordinates>
        </Point>
      </Placemark>
      <Placemark>
        <name>2025-11-02 07:35:38 UTC</name>
        <description><![CDATA[<div><div><span><b>Altitude:</b></span> <span>1,700 ft</span></div>
<div><span><b>Speed:</b></span> <span>111 kt</span></div>
<div><span><b>Heading:</b></span> <span>69&deg;</span></div>
</div>]]></description>
        <TimeStamp>
          <when>2025-11-02T07:35:38+00:00</when>
        </TimeStamp>
        <Style>
          <IconStyle>
            <heading>69</heading>
            <Icon>
              <href>http://maps.google.com/mapfiles/kml/shapes/airports.png</href>
            </Icon>
          </IconStyle>
        </Style>
        <Point>
          <altitudeMode>absolute</altitudeMode>
          <coordinates>18.44599,-34.130356,518.16</coordinates>
        </Point>
      </Placemark>
      <Placemark>
        <name>2025-11-02 07:35:40 UTC</name>
        <description><![CDATA[<div><div><span><b>Altitude:</b></span> <span>1,700 ft</span></div>
<div><span><b>Speed:</b></span> <span>112 kt</span></div>
<div><span><b>Heading:</b></span> <span>64&deg;</span></div>
</div>]]></description>
        <TimeStamp>
          <when>2025-11-02T07:35:40+00:00</when>
        </TimeStamp>
        <Style>
          <IconStyle>
            <heading>64</heading>
            <Icon>
              <href>http://maps.google.com/mapfiles/kml/shapes/airports.png</href>
            </Icon>
          </IconStyle>
        </Style>
        <Point>
          <altitudeMode>absolute</altitudeMode>
          <coordinates>18.44696,-34.129959,518.16</coordinates>
        </Point>
      </Placemark>
      <Placemark>
        <name>2025-11-02 07:35:42 UTC</name>
        <description><![CDATA[<div><div><span><b>Altitude:</b></span> <span>1,700 ft</span></div>
<div><span><b>Speed:</b></span> <span>112 kt</span></div>
<div><span><b>Heading:</b></span> <span>62&deg;</span></div>
</div>]]></description>
        <TimeStamp>
          <when>2025-11-02T07:35:42+00:00</when>
        </TimeStamp>
        <Style>
          <IconStyle>
            <heading>62</heading>
            <Icon>
              <href>http://maps.google.com/mapfiles/kml/shapes/airports.png</href>
            </Icon>
          </IconStyle>
        </Style>
        <Point>
          <altitudeMode>absolute</altitudeMode>
          <coordinates>18.448105,-34.129494,518.16</coordinates>
        </Point>
      </Placemark>
      <Placemark>
        <name>2025-11-02 07:35:44 UTC</name>
        <description><![CDATA[<div><div><span><b>Altitude:</b></span> <span>1,700 ft</span></div>
<div><span><b>Speed:</b></span> <span>112 kt</span></div>
<div><span><b>Heading:</b></span> <span>60&deg;</span></div>
</div>]]></description>
        <TimeStamp>
          <when>2025-11-02T07:35:44+00:00</when>
        </TimeStamp>
        <Style>
          <IconStyle>
            <heading>60</heading>
            <Icon>
              <href>http://maps.google.com/mapfiles/kml/shapes/airports.png</href>
            </Icon>
          </IconStyle>
        </Style>
        <Point>
          <altitudeMode>absolute</altitudeMode>
          <coordinates>18.449575,-34.128845,518.16</coordinates>
        </Point>
      </Placemark>
      <Placemark>
        <name>2025-11-02 07:35:46 UTC</name>
        <description><![CDATA[<div><div><span><b>Altitude:</b></span> <span>1,700 ft</span></div>
<div><span><b>Speed:</b></span> <span>114 kt</span></div>
<div><span><b>Heading:</b></span> <span>57&deg;</span></div>
</div>]]></description>
        <TimeStamp>
          <when>2025-11-02T07:35:46+00:00</when>
        </TimeStamp>
        <Style>
          <IconStyle>
            <heading>57</heading>
            <Icon>
              <href>http://maps.google.com/mapfiles/kml/shapes/airports.png</href>
            </Icon>
          </IconStyle>
        </Style>
        <Point>
          <altitudeMode>absolute</altitudeMode>
          <coordinates>18.450623,-34.128284,518.16</coordinates>
        </Point>
      </Placemark>
      <Placemark>
        <name>2025-11-02 07:35:49 UTC</name>
        <description><![CDATA[<div><div><span><b>Altitude:</b></span> <span>1,700 ft</span></div>
<div><span><b>Speed:</b></span> <span>115 kt</span></div>
<div><span><b>Heading:</b></span> <span>56&deg;</span></div>
</div>]]></description>
        <TimeStamp>
          <when>2025-11-02T07:35:49+00:00</when>
        </TimeStamp>
        <Style>
          <IconStyle>
            <heading>56</heading>
            <Icon>
              <href>http://maps.google.com/mapfiles/kml/shapes/airports.png</href>
            </Icon>
          </IconStyle>
        </Style>
        <Point>
          <altitudeMode>absolute</altitudeMode>
          <coordinates>18.451767,-34.127678,518.16</coordinates>
        </Point>
      </Placemark>
      <Placemark>
        <name>2025-11-02 07:35:51 UTC</name>
        <description><![CDATA[<div><div><span><b>Altitude:</b></span> <span>1,700 ft</span></div>
<div><span><b>Speed:</b></span> <span>116 kt</span></div>
<div><span><b>Heading:</b></span> <span>54&deg;</span></div>
</div>]]></description>
        <TimeStamp>
          <when>2025-11-02T07:35:51+00:00</when>
        </TimeStamp>
        <Style>
          <IconStyle>
            <heading>54</heading>
            <Icon>
              <href>http://maps.google.com/mapfiles/kml/shapes/airports.png</href>
            </Icon>
          </IconStyle>
        </Style>
        <Point>
          <altitudeMode>absolute</altitudeMode>
          <coordinates>18.452969,-34.12698,518.16</coordinates>
        </Point>
      </Placemark>
      <Placemark>
        <name>2025-11-02 07:35:53 UTC</name>
        <description><![CDATA[<div><div><span><b>Altitude:</b></span> <span>1,700 ft</span></div>
<div><span><b>Speed:</b></span> <span>116 kt</span></div>
<div><span><b>Heading:</b></span> <span>53&deg;</span></div>
</div>]]></description>
        <TimeStamp>
          <when>2025-11-02T07:35:53+00:00</when>
        </TimeStamp>
        <Style>
          <IconStyle>
            <heading>53</heading>
            <Icon>
              <href>http://maps.google.com/mapfiles/kml/shapes/airports.png</href>
            </Icon>
          </IconStyle>
        </Style>
        <Point>
          <altitudeMode>absolute</altitudeMode>
          <coordinates>18.454229,-34.12619,518.16</coordinates>
        </Point>
      </Placemark>
      <Placemark>
        <name>2025-11-02 07:35:55 UTC</name>
        <description><![CDATA[<div><div><span><b>Altitude:</b></span> <span>1,700 ft</span></div>
<div><span><b>Speed:</b></span> <span>116 kt</span></div>
<div><span><b>Heading:</b></span> <span>53&deg;</span></div>
</div>]]></description>
        <TimeStamp>
          <when>2025-11-02T07:35:55+00:00</when>
        </TimeStamp>
        <Style>
          <IconStyle>
            <heading>53</heading>
            <Icon>
              <href>http://maps.google.com/mapfiles/kml/shapes/airports.png</href>
            </Icon>
          </IconStyle>
        </Style>
        <Point>
          <altitudeMode>absolute</altitudeMode>
          <coordinates>18.455294,-34.125549,518.16</coordinates>
        </Point>
      </Placemark>
      <Placemark>
        <name>2025-11-02 07:35:57 UTC</name>
        <description><![CDATA[<div><div><span><b>Altitude:</b></span> <span>1,700 ft</span></div>
<div><span><b>Speed:</b></span> <span>117 kt</span></div>
<div><span><b>Heading:</b></span> <span>52&deg;</span></div>
</div>]]></description>
        <TimeStamp>
          <when>2025-11-02T07:35:57+00:00</when>
        </TimeStamp>
        <Style>
          <IconStyle>
            <heading>52</heading>
            <Icon>
              <href>http://maps.google.com/mapfiles/kml/shapes/airports.png</href>
            </Icon>
          </IconStyle>
        </Style>
        <Point>
          <altitudeMode>absolute</altitudeMode>
          <coordinates>18.456415,-34.124863,518.16</coordinates>
        </Point>
      </Placemark>
      <Placemark>
        <name>2025-11-02 07:35:59 UTC</name>
        <description><![CDATA[<div><div><span><b>Altitude:</b></span> <span>1,700 ft</span></div>
<div><span><b>Speed:</b></span> <span>118 kt</span></div>
<div><span><b>Heading:</b></span> <span>51&deg;</span></div>
</div>]]></description>
        <TimeStamp>
          <when>2025-11-02T07:35:59+00:00</when>
        </TimeStamp>
        <Style>
          <IconStyle>
            <heading>51</heading>
            <Icon>
              <href>http://maps.google.com/mapfiles/kml/shapes/airports.png</href>
            </Icon>
          </IconStyle>
        </Style>
        <Point>
          <altitudeMode>absolute</altitudeMode>
          <coordinates>18.457661,-34.124046,518.16</coordinates>
        </Point>
      </Placemark>
      <Placemark>
        <name>2025-11-02 07:36:02 UTC</name>
        <description><![CDATA[<div><div><span><b>Altitude:</b></span> <span>1,700 ft</span></div>
<div><span><b>Speed:</b></span> <span>118 kt</span></div>
<div><span><b>Heading:</b></span> <span>51&deg;</span></div>
</div>]]></description>
        <TimeStamp>
          <when>2025-11-02T07:36:02+00:00</when>
        </TimeStamp>
        <Style>
          <IconStyle>
            <heading>51</heading>
            <Icon>
              <href>http://maps.google.com/mapfiles/kml/shapes/airports.png</href>
            </Icon>
          </IconStyle>
        </Style>
        <Point>
          <altitudeMode>absolute</altitudeMode>
          <coordinates>18.459034,-34.123161,518.16</coordinates>
        </Point>
      </Placemark>
      <Placemark>
        <name>2025-11-02 07:36:04 UTC</name>
        <description><![CDATA[<div><div><span><b>Altitude:</b></span> <span>1,700 ft</span></div>
<div><span><b>Speed:</b></span> <span>117 kt</span></div>
<div><span><b>Heading:</b></span> <span>50&deg;</span></div>
</div>]]></description>
        <TimeStamp>
          <when>2025-11-02T07:36:04+00:00</when>
        </TimeStamp>
        <Style>
          <IconStyle>
            <heading>50</heading>
            <Icon>
              <href>http://maps.google.com/mapfiles/kml/shapes/airports.png</href>
            </Icon>
          </IconStyle>
        </Style>
        <Point>
          <altitudeMode>absolute</altitudeMode>
          <coordinates>18.460007,-34.122463,518.16</coordinates>
        </Point>
      </Placemark>
      <Placemark>
        <name>2025-11-02 07:36:06 UTC</name>
        <description><![CDATA[<div><div><span><b>Altitude:</b></span> <span>1,700 ft</span></div>
<div><span><b>Speed:</b></span> <span>118 kt</span></div>
<div><span><b>Heading:</b></span> <span>50&deg;</span></div>
</div>]]></description>
        <TimeStamp>
          <when>2025-11-02T07:36:06+00:00</when>
        </TimeStamp>
        <Style>
          <IconStyle>
            <heading>50</heading>
            <Icon>
              <href>http://maps.google.com/mapfiles/kml/shapes/airports.png</href>
            </Icon>
          </IconStyle>
        </Style>
        <Point>
          <altitudeMode>absolute</altitudeMode>
          <coordinates>18.461094,-34.121719,518.16</coordinates>
        </Point>
      </Placemark>
      <Placemark>
        <name>2025-11-02 07:36:08 UTC</name>
        <description><![CDATA[<div><div><span><b>Altitude:</b></span> <span>1,700 ft</span></div>
<div><span><b>Speed:</b></span> <span>119 kt</span></div>
<div><span><b>Heading:</b></span> <span>49&deg;</span></div>
</div>]]></description>
        <TimeStamp>
          <when>2025-11-02T07:36:08+00:00</when>
        </TimeStamp>
        <Style>
          <IconStyle>
            <heading>49</heading>
            <Icon>
              <href>http://maps.google.com/mapfiles/kml/shapes/airports.png</href>
            </Icon>
          </IconStyle>
        </Style>
        <Point>
          <altitudeMode>absolute</altitudeMode>
          <coordinates>18.462076,-34.121017,518.16</coordinates>
        </Point>
      </Placemark>
      <Placemark>
        <name>2025-11-02 07:36:10 UTC</name>
        <description><![CDATA[<div><div><span><b>Altitude:</b></span> <span>1,700 ft</span></div>
<div><span><b>Speed:</b></span> <span>120 kt</span></div>
<div><span><b>Heading:</b></span> <span>48&deg;</span></div>
</div>]]></description>
        <TimeStamp>
          <when>2025-11-02T07:36:10+00:00</when>
        </TimeStamp>
        <Style>
          <IconStyle>
            <heading>48</heading>
            <Icon>
              <href>http://maps.google.com/mapfiles/kml/shapes/airports.png</href>
            </Icon>
          </IconStyle>
        </Style>
        <Point>
          <altitudeMode>absolute</altitudeMode>
          <coordinates>18.46314,-34.120239,518.16</coordinates>
        </Point>
      </Placemark>
      <Placemark>
        <name>2025-11-02 07:36:13 UTC</name>
        <description><![CDATA[<div><div><span><b>Altitude:</b></span> <span>1,700 ft</span></div>
<div><span><b>Speed:</b></span> <span>119 kt</span></div>
<div><span><b>Heading:</b></span> <span>47&deg;</span></div>
</div>]]></description>
        <TimeStamp>
          <when>2025-11-02T07:36:13+00:00</when>
        </TimeStamp>
        <Style>
          <IconStyle>
            <heading>47</heading>
            <Icon>
              <href>http://maps.google.com/mapfiles/kml/shapes/airports.png</href>
            </Icon>
          </IconStyle>
        </Style>
        <Point>
          <altitudeMode>absolute</altitudeMode>
          <coordinates>18.464317,-34.119324,518.16</coordinates>
        </Point>
      </Placemark>
      <Placemark>
        <name>2025-11-02 07:36:15 UTC</name>
        <description><![CDATA[<div><div><span><b>Altitude:</b></span> <span>1,700 ft</span></div>
<div><span><b>Speed:</b></span> <span>119 kt</span></div>
<div><span><b>Heading:</b></span> <span>46&deg;</span></div>
</div>]]></description>
        <TimeStamp>
          <when>2025-11-02T07:36:15+00:00</when>
        </TimeStamp>
        <Style>
          <IconStyle>
            <heading>46</heading>
            <Icon>
              <href>http://maps.google.com/mapfiles/kml/shapes/airports.png</href>
            </Icon>
          </IconStyle>
        </Style>
        <Point>
          <altitudeMode>absolute</altitudeMode>
          <coordinates>18.465326,-34.118546,518.16</coordinates>
        </Point>
      </Placemark>
      <Placemark>
        <name>2025-11-02 07:36:17 UTC</name>
        <description><![CDATA[<div><div><span><b>Altitude:</b></span> <span>1,700 ft</span></div>
<div><span><b>Speed:</b></span> <span>120 kt</span></div>
<div><span><b>Heading:</b></span> <span>44&deg;</span></div>
</div>]]></description>
        <TimeStamp>
          <when>2025-11-02T07:36:17+00:00</when>
        </TimeStamp>
        <Style>
          <IconStyle>
            <heading>44</heading>
            <Icon>
              <href>http://maps.google.com/mapfiles/kml/shapes/airports.png</href>
            </Icon>
          </IconStyle>
        </Style>
        <Point>
          <altitudeMode>absolute</altitudeMode>
          <coordinates>18.46653,-34.117531,518.16</coordinates>
        </Point>
      </Placemark>
      <Placemark>
        <name>2025-11-02 07:36:20 UTC</name>
        <description><![CDATA[<div><div><span><b>Altitude:</b></span> <span>1,700 ft</span></div>
<div><span><b>Speed:</b></span> <span>121 kt</span></div>
<div><span><b>Heading:</b></span> <span>42&deg;</span></div>
</div>]]></description>
        <TimeStamp>
          <when>2025-11-02T07:36:20+00:00</when>
        </TimeStamp>
        <Style>
          <IconStyle>
            <heading>42</heading>
            <Icon>
              <href>http://maps.google.com/mapfiles/kml/shapes/airports.png</href>
            </Icon>
          </IconStyle>
        </Style>
        <Point>
          <altitudeMode>absolute</altitudeMode>
          <coordinates>18.467457,-34.116714,518.16</coordinates>
        </Point>
      </Placemark>
      <Placemark>
        <name>2025-11-02 07:36:22 UTC</name>
        <description><![CDATA[<div><div><span><b>Altitude:</b></span> <span>1,700 ft</span></div>
<div><span><b>Speed:</b></span> <span>120 kt</span></div>
<div><span><b>Heading:</b></span> <span>40&deg;</span></div>
</div>]]></description>
        <TimeStamp>
          <when>2025-11-02T07:36:22+00:00</when>
        </TimeStamp>
        <Style>
          <IconStyle>
            <heading>40</heading>
            <Icon>
              <href>http://maps.google.com/mapfiles/kml/shapes/airports.png</href>
            </Icon>
          </IconStyle>
        </Style>
        <Point>
          <altitudeMode>absolute</altitudeMode>
          <coordinates>18.468475,-34.115761,518.16</coordinates>
        </Point>
      </Placemark>
      <Placemark>
        <name>2025-11-02 07:36:24 UTC</name>
        <description><![CDATA[<div><div><span><b>Altitude:</b></span> <span>1,700 ft</span></div>
<div><span><b>Speed:</b></span> <span>121 kt</span></div>
<div><span><b>Heading:</b></span> <span>38&deg;</span></div>
</div>]]></description>
        <TimeStamp>
          <when>2025-11-02T07:36:24+00:00</when>
        </TimeStamp>
        <Style>
          <IconStyle>
            <heading>38</heading>
            <Icon>
              <href>http://maps.google.com/mapfiles/kml/shapes/airports.png</href>
            </Icon>
          </IconStyle>
        </Style>
        <Point>
          <altitudeMode>absolute</altitudeMode>
          <coordinates>18.46953,-34.114655,518.16</coordinates>
        </Point>
      </Placemark>
      <Placemark>
        <name>2025-11-02 07:36:26 UTC</name>
        <description><![CDATA[<div><div><span><b>Altitude:</b></span> <span>1,700 ft</span></div>
<div><span><b>Speed:</b></span> <span>122 kt</span></div>
<div><span><b>Heading:</b></span> <span>36&deg;</span></div>
</div>]]></description>
        <TimeStamp>
          <when>2025-11-02T07:36:26+00:00</when>
        </TimeStamp>
        <Style>
          <IconStyle>
            <heading>36</heading>
            <Icon>
              <href>http://maps.google.com/mapfiles/kml/shapes/airports.png</href>
            </Icon>
          </IconStyle>
        </Style>
        <Point>
          <altitudeMode>absolute</altitudeMode>
          <coordinates>18.470371,-34.113785,518.16</coordinates>
        </Point>
      </Placemark>
      <Placemark>
        <name>2025-11-02 07:36:29 UTC</name>
        <description><![CDATA[<div><div><span><b>Altitude:</b></span> <span>1,700 ft</span></div>
<div><span><b>Speed:</b></span> <span>122 kt</span></div>
<div><span><b>Heading:</b></span> <span>35&deg;</span></div>
</div>]]></description>
        <TimeStamp>
          <when>2025-11-02T07:36:29+00:00</when>
        </TimeStamp>
        <Style>
          <IconStyle>
            <heading>35</heading>
            <Icon>
              <href>http://maps.google.com/mapfiles/kml/shapes/airports.png</href>
            </Icon>
          </IconStyle>
        </Style>
        <Point>
          <altitudeMode>absolute</altitudeMode>
          <coordinates>18.471394,-34.112595,518.16</coordinates>
        </Point>
      </Placemark>
      <Placemark>
        <name>2025-11-02 07:36:31 UTC</name>
        <description><![CDATA[<div><div><span><b>Altitude:</b></span> <span>1,700 ft</span></div>
<div><span><b>Speed:</b></span> <span>123 kt</span></div>
<div><span><b>Heading:</b></span> <span>32&deg;</span></div>
</div>]]></description>
        <TimeStamp>
          <when>2025-11-02T07:36:31+00:00</when>
        </TimeStamp>
        <Style>
          <IconStyle>
            <heading>32</heading>
            <Icon>
              <href>http://maps.google.com/mapfiles/kml/shapes/airports.png</href>
            </Icon>
          </IconStyle>
        </Style>
        <Point>
          <altitudeMode>absolute</altitudeMode>
          <coordinates>18.472195,-34.111572,518.16</coordinates>
        </Point>
      </Placemark>
      <Placemark>
        <name>2025-11-02 07:36:33 UTC</name>
        <description><![CDATA[<div><div><span><b>Altitude:</b></span> <span>1,700 ft</span></div>
<div><span><b>Speed:</b></span> <span>124 kt</span></div>
<div><span><b>Heading:</b></span> <span>30&deg;</span></div>
</div>]]></description>
        <TimeStamp>
          <when>2025-11-02T07:36:33+00:00</when>
        </TimeStamp>
        <Style>
          <IconStyle>
            <heading>30</heading>
            <Icon>
              <href>http://maps.google.com/mapfiles/kml/shapes/airports.png</href>
            </Icon>
          </IconStyle>
        </Style>
        <Point>
          <altitudeMode>absolute</altitudeMode>
          <coordinates>18.47311,-34.110268,518.16</coordinates>
        </Point>
      </Placemark>
      <Placemark>
        <name>2025-11-02 07:36:35 UTC</name>
        <description><![CDATA[<div><div><span><b>Altitude:</b></span> <span>1,700 ft</span></div>
<div><span><b>Speed:</b></span> <span>124 kt</span></div>
<div><span><b>Heading:</b></span> <span>26&deg;</span></div>
</div>]]></description>
        <TimeStamp>
          <when>2025-11-02T07:36:35+00:00</when>
        </TimeStamp>
        <Style>
          <IconStyle>
            <heading>26</heading>
            <Icon>
              <href>http://maps.google.com/mapfiles/kml/shapes/airports.png</href>
            </Icon>
          </IconStyle>
        </Style>
        <Point>
          <altitudeMode>absolute</altitudeMode>
          <coordinates>18.47374,-34.109245,518.16</coordinates>
        </Point>
      </Placemark>
      <Placemark>
        <name>2025-11-02 07:36:37 UTC</name>
        <description><![CDATA[<div><div><span><b>Altitude:</b></span> <span>1,700 ft</span></div>
<div><span><b>Speed:</b></span> <span>123 kt</span></div>
<div><span><b>Heading:</b></span> <span>24&deg;</span></div>
</div>]]></description>
        <TimeStamp>
          <when>2025-11-02T07:36:37+00:00</when>
        </TimeStamp>
        <Style>
          <IconStyle>
            <heading>24</heading>
            <Icon>
              <href>http://maps.google.com/mapfiles/kml/shapes/airports.png</href>
            </Icon>
          </IconStyle>
        </Style>
        <Point>
          <altitudeMode>absolute</altitudeMode>
          <coordinates>18.474352,-34.108246,518.16</coordinates>
        </Point>
      </Placemark>
      <Placemark>
        <name>2025-11-02 07:36:40 UTC</name>
        <description><![CDATA[<div><div><span><b>Altitude:</b></span> <span>1,700 ft</span></div>
<div><span><b>Speed:</b></span> <span>124 kt</span></div>
<div><span><b>Heading:</b></span> <span>21&deg;</span></div>
</div>]]></description>
        <TimeStamp>
          <when>2025-11-02T07:36:40+00:00</when>
        </TimeStamp>
        <Style>
          <IconStyle>
            <heading>21</heading>
            <Icon>
              <href>http://maps.google.com/mapfiles/kml/shapes/airports.png</href>
            </Icon>
          </IconStyle>
        </Style>
        <Point>
          <altitudeMode>absolute</altitudeMode>
          <coordinates>18.474884,-34.107147,518.16</coordinates>
        </Point>
      </Placemark>
      <Placemark>
        <name>2025-11-02 07:36:42 UTC</name>
        <description><![CDATA[<div><div><span><b>Altitude:</b></span> <span>1,700 ft</span></div>
<div><span><b>Speed:</b></span> <span>124 kt</span></div>
<div><span><b>Heading:</b></span> <span>17&deg;</span></div>
</div>]]></description>
        <TimeStamp>
          <when>2025-11-02T07:36:42+00:00</when>
        </TimeStamp>
        <Style>
          <IconStyle>
            <heading>17</heading>
            <Icon>
              <href>http://maps.google.com/mapfiles/kml/shapes/airports.png</href>
            </Icon>
          </IconStyle>
        </Style>
        <Point>
          <altitudeMode>absolute</altitudeMode>
          <coordinates>18.475456,-34.105846,518.16</coordinates>
        </Point>
      </Placemark>
      <Placemark>
        <name>2025-11-02 07:36:44 UTC</name>
        <description><![CDATA[<div><div><span><b>Altitude:</b></span> <span>1,700 ft</span></div>
<div><span><b>Speed:</b></span> <span>125 kt</span></div>
<div><span><b>Heading:</b></span> <span>14&deg;</span></div>
</div>]]></description>
        <TimeStamp>
          <when>2025-11-02T07:36:44+00:00</when>
        </TimeStamp>
        <Style>
          <IconStyle>
            <heading>14</heading>
            <Icon>
              <href>http://maps.google.com/mapfiles/kml/shapes/airports.png</href>
            </Icon>
          </IconStyle>
        </Style>
        <Point>
          <altitudeMode>absolute</altitudeMode>
          <coordinates>18.475857,-34.104496,518.16</coordinates>
        </Point>
      </Placemark>
      <Placemark>
        <name>2025-11-02 07:36:46 UTC</name>
        <description><![CDATA[<div><div><span><b>Altitude:</b></span> <span>1,700 ft</span></div>
<div><span><b>Speed:</b></span> <span>126 kt</span></div>
<div><span><b>Heading:</b></span> <span>11&deg;</span></div>
</div>]]></description>
        <TimeStamp>
          <when>2025-11-02T07:36:46+00:00</when>
        </TimeStamp>
        <Style>
          <IconStyle>
            <heading>11</heading>
            <Icon>
              <href>http://maps.google.com/mapfiles/kml/shapes/airports.png</href>
            </Icon>
          </IconStyle>
        </Style>
        <Point>
          <altitudeMode>absolute</altitudeMode>
          <coordinates>18.476145,-34.103394,518.16</coordinates>
        </Point>
      </Placemark>
      <Placemark>
        <name>2025-11-02 07:36:49 UTC</name>
        <description><![CDATA[<div><div><span><b>Altitude:</b></span> <span>1,700 ft</span></div>
<div><span><b>Speed:</b></span> <span>127 kt</span></div>
<div><span><b>Heading:</b></span> <span>8&deg;</span></div>
</div>]]></description>
        <TimeStamp>
          <when>2025-11-02T07:36:49+00:00</when>
        </TimeStamp>
        <Style>
          <IconStyle>
            <heading>8</heading>
            <Icon>
              <href>http://maps.google.com/mapfiles/kml/shapes/airports.png</href>
            </Icon>
          </IconStyle>
        </Style>
        <Point>
          <altitudeMode>absolute</altitudeMode>
          <coordinates>18.476482,-34.101883,518.16</coordinates>
        </Point>
      </Placemark>
      <Placemark>
        <name>2025-11-02 07:36:51 UTC</name>
        <description><![CDATA[<div><div><span><b>Altitude:</b></span> <span>1,700 ft</span></div>
<div><span><b>Speed:</b></span> <span>127 kt</span></div>
<div><span><b>Heading:</b></span> <span>6&deg;</span></div>
</div>]]></description>
        <TimeStamp>
          <when>2025-11-02T07:36:51+00:00</when>
        </TimeStamp>
        <Style>
          <IconStyle>
            <heading>6</heading>
            <Icon>
              <href>http://maps.google.com/mapfiles/kml/shapes/airports.png</href>
            </Icon>
          </IconStyle>
        </Style>
        <Point>
          <altitudeMode>absolute</altitudeMode>
          <coordinates>18.476658,-34.100723,518.16</coordinates>
        </Point>
      </Placemark>
      <Placemark>
        <name>2025-11-02 07:36:53 UTC</name>
        <description><![CDATA[<div><div><span><b>Altitude:</b></span> <span>1,700 ft</span></div>
<div><span><b>Speed:</b></span> <span>129 kt</span></div>
<div><span><b>Heading:</b></span> <span>3&deg;</span></div>
</div>]]></description>
        <TimeStamp>
          <when>2025-11-02T07:36:53+00:00</when>
        </TimeStamp>
        <Style>
          <IconStyle>
            <heading>3</heading>
            <Icon>
              <href>http://maps.google.com/mapfiles/kml/shapes/airports.png</href>
            </Icon>
          </IconStyle>
        </Style>
        <Point>
          <altitudeMode>absolute</altitudeMode>
          <coordinates>18.476761,-34.099182,518.16</coordinates>
        </Point>
      </Placemark>
      <Placemark>
        <name>2025-11-02 07:36:55 UTC</name>
        <description><![CDATA[<div><div><span><b>Altitude:</b></span> <span>1,700 ft</span></div>
<div><span><b>Speed:</b></span> <span>130 kt</span></div>
<div><span><b>Heading:</b></span> <span>2&deg;</span></div>
</div>]]></description>
        <TimeStamp>
          <when>2025-11-02T07:36:55+00:00</when>
        </TimeStamp>
        <Style>
          <IconStyle>
            <heading>2</heading>
            <Icon>
              <href>http://maps.google.com/mapfiles/kml/shapes/airports.png</href>
            </Icon>
          </IconStyle>
        </Style>
        <Point>
          <altitudeMode>absolute</altitudeMode>
          <coordinates>18.476818,-34.097992,518.16</coordinates>
        </Point>
      </Placemark>
      <Placemark>
        <name>2025-11-02 07:36:58 UTC</name>
        <description><![CDATA[<div><div><span><b>Altitude:</b></span> <span>1,700 ft</span></div>
<div><span><b>Speed:</b></span> <span>130 kt</span></div>
<div><span><b>Heading:</b></span> <span>358&deg;</span></div>
</div>]]></description>
        <TimeStamp>
          <when>2025-11-02T07:36:58+00:00</when>
        </TimeStamp>
        <Style>
          <IconStyle>
            <heading>358</heading>
            <Icon>
              <href>http://maps.google.com/mapfiles/kml/shapes/airports.png</href>
            </Icon>
          </IconStyle>
        </Style>
        <Point>
          <altitudeMode>absolute</altitudeMode>
          <coordinates>18.476818,-34.096756,518.16</coordinates>
        </Point>
      </Placemark>
      <Placemark>
        <name>2025-11-02 07:37:00 UTC</name>
        <description><![CDATA[<div><div><span><b>Altitude:</b></span> <span>1,700 ft</span></div>
<div><span><b>Speed:</b></span> <span>130 kt</span></div>
<div><span><b>Heading:</b></span> <span>356&deg;</span></div>
</div>]]></description>
        <TimeStamp>
          <when>2025-11-02T07:37:00+00:00</when>
        </TimeStamp>
        <Style>
          <IconStyle>
            <heading>356</heading>
            <Icon>
              <href>http://maps.google.com/mapfiles/kml/shapes/airports.png</href>
            </Icon>
          </IconStyle>
        </Style>
        <Point>
          <altitudeMode>absolute</altitudeMode>
          <coordinates>18.476715,-34.09523,518.16</coordinates>
        </Point>
      </Placemark>
      <Placemark>
        <name>2025-11-02 07:37:02 UTC</name>
        <description><![CDATA[<div><div><span><b>Altitude:</b></span> <span>1,700 ft</span></div>
<div><span><b>Speed:</b></span> <span>130 kt</span></div>
<div><span><b>Heading:</b></span> <span>356&deg;</span></div>
</div>]]></description>
        <TimeStamp>
          <when>2025-11-02T07:37:02+00:00</when>
        </TimeStamp>
        <Style>
          <IconStyle>
            <heading>356</heading>
            <Icon>
              <href>http://maps.google.com/mapfiles/kml/shapes/airports.png</href>
            </Icon>
          </IconStyle>
        </Style>
        <Point>
          <altitudeMode>absolute</altitudeMode>
          <coordinates>18.476658,-34.094021,518.16</coordinates>
        </Point>
      </Placemark>
      <Placemark>
        <name>2025-11-02 07:37:04 UTC</name>
        <description><![CDATA[<div><div><span><b>Altitude:</b></span> <span>1,700 ft</span></div>
<div><span><b>Speed:</b></span> <span>130 kt</span></div>
<div><span><b>Heading:</b></span> <span>356&deg;</span></div>
</div>]]></description>
        <TimeStamp>
          <when>2025-11-02T07:37:04+00:00</when>
        </TimeStamp>
        <Style>
          <IconStyle>
            <heading>356</heading>
            <Icon>
              <href>http://maps.google.com/mapfiles/kml/shapes/airports.png</href>
            </Icon>
          </IconStyle>
        </Style>
        <Point>
          <altitudeMode>absolute</altitudeMode>
          <coordinates>18.476538,-34.092545,518.16</coordinates>
        </Point>
      </Placemark>
      <Placemark>
        <name>2025-11-02 07:37:06 UTC</name>
        <description><![CDATA[<div><div><span><b>Altitude:</b></span> <span>1,700 ft</span></div>
<div><span><b>Speed:</b></span> <span>131 kt</span></div>
<div><span><b>Heading:</b></span> <span>355&deg;</span></div>
</div>]]></description>
        <TimeStamp>
          <when>2025-11-02T07:37:06+00:00</when>
        </TimeStamp>
        <Style>
          <IconStyle>
            <heading>355</heading>
            <Icon>
              <href>http://maps.google.com/mapfiles/kml/shapes/airports.png</href>
            </Icon>
          </IconStyle>
        </Style>
        <Point>
          <altitudeMode>absolute</altitudeMode>
          <coordinates>18.476425,-34.091583,518.16</coordinates>
        </Point>
      </Placemark>
      <Placemark>
        <name>2025-11-02 07:37:08 UTC</name>
        <description><![CDATA[<div><div><span><b>Altitude:</b></span> <span>1,700 ft</span></div>
<div><span><b>Speed:</b></span> <span>131 kt</span></div>
<div><span><b>Heading:</b></span> <span>355&deg;</span></div>
</div>]]></description>
        <TimeStamp>
          <when>2025-11-02T07:37:08+00:00</when>
        </TimeStamp>
        <Style>
          <IconStyle>
            <heading>355</heading>
            <Icon>
              <href>http://maps.google.com/mapfiles/kml/shapes/airports.png</href>
            </Icon>
          </IconStyle>
        </Style>
        <Point>
          <altitudeMode>absolute</altitudeMode>
          <coordinates>18.476315,-34.090019,518.16</coordinates>
        </Point>
      </Placemark>
      <Placemark>
        <name>2025-11-02 07:37:10 UTC</name>
        <description><![CDATA[<div><div><span><b>Altitude:</b></span> <span>1,600 ft</span></div>
<div><span><b>Speed:</b></span> <span>132 kt</span></div>
<div><span><b>Heading:</b></span> <span>355&deg;</span></div>
</div>]]></description>
        <TimeStamp>
          <when>2025-11-02T07:37:10+00:00</when>
        </TimeStamp>
        <Style>
          <IconStyle>
            <heading>355</heading>
            <Icon>
              <href>http://maps.google.com/mapfiles/kml/shapes/airports.png</href>
            </Icon>
          </IconStyle>
        </Style>
        <Point>
          <altitudeMode>absolute</altitudeMode>
          <coordinates>18.476202,-34.088882,487.68</coordinates>
        </Point>
      </Placemark>
      <Placemark>
        <name>2025-11-02 07:37:13 UTC</name>
        <description><![CDATA[<div><div><span><b>Altitude:</b></span> <span>1,600 ft</span></div>
<div><span><b>Speed:</b></span> <span>132 kt</span></div>
<div><span><b>Heading:</b></span> <span>355&deg;</span></div>
</div>]]></description>
        <TimeStamp>
          <when>2025-11-02T07:37:13+00:00</when>
        </TimeStamp>
        <Style>
          <IconStyle>
            <heading>355</heading>
            <Icon>
              <href>http://maps.google.com/mapfiles/kml/shapes/airports.png</href>
            </Icon>
          </IconStyle>
        </Style>
        <Point>
          <altitudeMode>absolute</altitudeMode>
          <coordinates>18.476086,-34.087597,487.68</coordinates>
        </Point>
      </Placemark>
      <Placemark>
        <name>2025-11-02 07:37:15 UTC</name>
        <description><![CDATA[<div><div><span><b>Altitude:</b></span> <span>1,600 ft</span></div>
<div><span><b>Speed:</b></span> <span>133 kt</span></div>
<div><span><b>Heading:</b></span> <span>354&deg;</span></div>
</div>]]></description>
        <TimeStamp>
          <when>2025-11-02T07:37:15+00:00</when>
        </TimeStamp>
        <Style>
          <IconStyle>
            <heading>354</heading>
            <Icon>
              <href>http://maps.google.com/mapfiles/kml/shapes/airports.png</href>
            </Icon>
          </IconStyle>
        </Style>
        <Point>
          <altitudeMode>absolute</altitudeMode>
          <coordinates>18.475971,-34.086246,487.68</coordinates>
        </Point>
      </Placemark>
      <Placemark>
        <name>2025-11-02 07:37:17 UTC</name>
        <description><![CDATA[<div><div><span><b>Altitude:</b></span> <span>1,600 ft</span></div>
<div><span><b>Speed:</b></span> <span>133 kt</span></div>
<div><span><b>Heading:</b></span> <span>353&deg;</span></div>
</div>]]></description>
        <TimeStamp>
          <when>2025-11-02T07:37:17+00:00</when>
        </TimeStamp>
        <Style>
          <IconStyle>
            <heading>353</heading>
            <Icon>
              <href>http://maps.google.com/mapfiles/kml/shapes/airports.png</href>
            </Icon>
          </IconStyle>
        </Style>
        <Point>
          <altitudeMode>absolute</altitudeMode>
          <coordinates>18.475754,-34.084717,487.68</coordinates>
        </Point>
      </Placemark>
      <Placemark>
        <name>2025-11-02 07:37:19 UTC</name>
        <description><![CDATA[<div><div><span><b>Altitude:</b></span> <span>1,600 ft</span></div>
<div><span><b>Speed:</b></span> <span>133 kt</span></div>
<div><span><b>Heading:</b></span> <span>353&deg;</span></div>
</div>]]></description>
        <TimeStamp>
          <when>2025-11-02T07:37:19+00:00</when>
        </TimeStamp>
        <Style>
          <IconStyle>
            <heading>353</heading>
            <Icon>
              <href>http://maps.google.com/mapfiles/kml/shapes/airports.png</href>
            </Icon>
          </IconStyle>
        </Style>
        <Point>
          <altitudeMode>absolute</altitudeMode>
          <coordinates>18.475628,-34.083546,487.68</coordinates>
        </Point>
      </Placemark>
      <Placemark>
        <name>2025-11-02 07:37:21 UTC</name>
        <description><![CDATA[<div><div><span><b>Altitude:</b></span> <span>1,600 ft</span></div>
<div><span><b>Speed:</b></span> <span>133 kt</span></div>
<div><span><b>Heading:</b></span> <span>353&deg;</span></div>
</div>]]></description>
        <TimeStamp>
          <when>2025-11-02T07:37:21+00:00</when>
        </TimeStamp>
        <Style>
          <IconStyle>
            <heading>353</heading>
            <Icon>
              <href>http://maps.google.com/mapfiles/kml/shapes/airports.png</href>
            </Icon>
          </IconStyle>
        </Style>
        <Point>
          <altitudeMode>absolute</altitudeMode>
          <coordinates>18.475399,-34.082058,487.68</coordinates>
        </Point>
      </Placemark>
      <Placemark>
        <name>2025-11-02 07:37:23 UTC</name>
        <description><![CDATA[<div><div><span><b>Altitude:</b></span> <span>1,600 ft</span></div>
<div><span><b>Speed:</b></span> <span>134 kt</span></div>
<div><span><b>Heading:</b></span> <span>353&deg;</span></div>
</div>]]></description>
        <TimeStamp>
          <when>2025-11-02T07:37:23+00:00</when>
        </TimeStamp>
        <Style>
          <IconStyle>
            <heading>353</heading>
            <Icon>
              <href>http://maps.google.com/mapfiles/kml/shapes/airports.png</href>
            </Icon>
          </IconStyle>
        </Style>
        <Point>
          <altitudeMode>absolute</altitudeMode>
          <coordinates>18.475227,-34.080894,487.68</coordinates>
        </Point>
      </Placemark>
      <Placemark>
        <name>2025-11-02 07:37:26 UTC</name>
        <description><![CDATA[<div><div><span><b>Altitude:</b></span> <span>1,600 ft</span></div>
<div><span><b>Speed:</b></span> <span>134 kt</span></div>
<div><span><b>Heading:</b></span> <span>353&deg;</span></div>
</div>]]></description>
        <TimeStamp>
          <when>2025-11-02T07:37:26+00:00</when>
        </TimeStamp>
        <Style>
          <IconStyle>
            <heading>353</heading>
            <Icon>
              <href>http://maps.google.com/mapfiles/kml/shapes/airports.png</href>
            </Icon>
          </IconStyle>
        </Style>
        <Point>
          <altitudeMode>absolute</altitudeMode>
          <coordinates>18.475056,-34.079403,487.68</coordinates>
        </Point>
      </Placemark>
      <Placemark>
        <name>2025-11-02 07:37:32 UTC</name>
        <description><![CDATA[<div><div><span><b>Altitude:</b></span> <span>1,500 ft</span></div>
<div><span><b>Speed:</b></span> <span>134 kt</span></div>
<div><span><b>Heading:</b></span> <span>351&deg;</span></div>
</div>]]></description>
        <TimeStamp>
          <when>2025-11-02T07:37:32+00:00</when>
        </TimeStamp>
        <Style>
          <IconStyle>
            <heading>351</heading>
            <Icon>
              <href>http://maps.google.com/mapfiles/kml/shapes/airports.png</href>
            </Icon>
          </IconStyle>
        </Style>
        <Point>
          <altitudeMode>absolute</altitudeMode>
          <coordinates>18.474426,-34.075352,457.2</coordinates>
        </Point>
      </Placemark>
      <Placemark>
        <name>2025-11-02 07:37:34 UTC</name>
        <description><![CDATA[<div><div><span><b>Altitude:</b></span> <span>1,500 ft</span></div>
<div><span><b>Speed:</b></span> <span>134 kt</span></div>
<div><span><b>Heading:</b></span> <span>351&deg;</span></div>
</div>]]></description>
        <TimeStamp>
          <when>2025-11-02T07:37:34+00:00</when>
        </TimeStamp>
        <Style>
          <IconStyle>
            <heading>351</heading>
            <Icon>
              <href>http://maps.google.com/mapfiles/kml/shapes/airports.png</href>
            </Icon>
          </IconStyle>
        </Style>
        <Point>
          <altitudeMode>absolute</altitudeMode>
          <coordinates>18.474184,-34.074051,457.2</coordinates>
        </Point>
      </Placemark>
      <Placemark>
        <name>2025-11-02 07:37:41 UTC</name>
        <description><![CDATA[<div><div><span><b>Altitude:</b></span> <span>1,500 ft</span></div>
<div><span><b>Speed:</b></span> <span>135 kt</span></div>
<div><span><b>Heading:</b></span> <span>351&deg;</span></div>
</div>]]></description>
        <TimeStamp>
          <when>2025-11-02T07:37:41+00:00</when>
        </TimeStamp>
        <Style>
          <IconStyle>
            <heading>351</heading>
            <Icon>
              <href>http://maps.google.com/mapfiles/kml/shapes/airports.png</href>
            </Icon>
          </IconStyle>
        </Style>
        <Point>
          <altitudeMode>absolute</altitudeMode>
          <coordinates>18.473396,-34.069767,457.2</coordinates>
        </Point>
      </Placemark>
      <Placemark>
        <name>2025-11-02 07:37:48 UTC</name>
        <description><![CDATA[<div><div><span><b>Altitude:</b></span> <span>1,400 ft</span></div>
<div><span><b>Speed:</b></span> <span>136 kt</span></div>
<div><span><b>Heading:</b></span> <span>353&deg;</span></div>
</div>]]></description>
        <TimeStamp>
          <when>2025-11-02T07:37:48+00:00</when>
        </TimeStamp>
        <Style>
          <IconStyle>
            <heading>353</heading>
            <Icon>
              <href>http://maps.google.com/mapfiles/kml/shapes/airports.png</href>
            </Icon>
          </IconStyle>
        </Style>
        <Point>
          <altitudeMode>absolute</altitudeMode>
          <coordinates>18.47267,-34.065582,426.72</coordinates>
        </Point>
      </Placemark>
      <Placemark>
        <name>2025-11-02 07:37:50 UTC</name>
        <description><![CDATA[<div><div><span><b>Altitude:</b></span> <span>1,400 ft</span></div>
<div><span><b>Speed:</b></span> <span>136 kt</span></div>
<div><span><b>Heading:</b></span> <span>354&deg;</span></div>
</div>]]></description>
        <TimeStamp>
          <when>2025-11-02T07:37:50+00:00</when>
        </TimeStamp>
        <Style>
          <IconStyle>
            <heading>354</heading>
            <Icon>
              <href>http://maps.google.com/mapfiles/kml/shapes/airports.png</href>
            </Icon>
          </IconStyle>
        </Style>
        <Point>
          <altitudeMode>absolute</altitudeMode>
          <coordinates>18.472538,-34.064274,426.72</coordinates>
        </Point>
      </Placemark>
      <Placemark>
        <name>2025-11-02 07:37:52 UTC</name>
        <description><![CDATA[<div><div><span><b>Altitude:</b></span> <span>1,400 ft</span></div>
<div><span><b>Speed:</b></span> <span>136 kt</span></div>
<div><span><b>Heading:</b></span> <span>355&deg;</span></div>
</div>]]></description>
        <TimeStamp>
          <when>2025-11-02T07:37:52+00:00</when>
        </TimeStamp>
        <Style>
          <IconStyle>
            <heading>355</heading>
            <Icon>
              <href>http://maps.google.com/mapfiles/kml/shapes/airports.png</href>
            </Icon>
          </IconStyle>
        </Style>
        <Point>
          <altitudeMode>absolute</altitudeMode>
          <coordinates>18.472446,-34.062927,426.72</coordinates>
        </Point>
      </Placemark>
      <Placemark>
        <name>2025-11-02 07:37:54 UTC</name>
        <description><![CDATA[<div><div><span><b>Altitude:</b></span> <span>1,400 ft</span></div>
<div><span><b>Speed:</b></span> <span>136 kt</span></div>
<div><span><b>Heading:</b></span> <span>356&deg;</span></div>
</div>]]></description>
        <TimeStamp>
          <when>2025-11-02T07:37:54+00:00</when>
        </TimeStamp>
        <Style>
          <IconStyle>
            <heading>356</heading>
            <Icon>
              <href>http://maps.google.com/mapfiles/kml/shapes/airports.png</href>
            </Icon>
          </IconStyle>
        </Style>
        <Point>
          <altitudeMode>absolute</altitudeMode>
          <coordinates>18.472309,-34.061668,426.72</coordinates>
        </Point>
      </Placemark>
      <Placemark>
        <name>2025-11-02 07:37:56 UTC</name>
        <description><![CDATA[<div><div><span><b>Altitude:</b></span> <span>1,400 ft</span></div>
<div><span><b>Speed:</b></span> <span>135 kt</span></div>
<div><span><b>Heading:</b></span> <span>357&deg;</span></div>
</div>]]></description>
        <TimeStamp>
          <when>2025-11-02T07:37:56+00:00</when>
        </TimeStamp>
        <Style>
          <IconStyle>
            <heading>357</heading>
            <Icon>
              <href>http://maps.google.com/mapfiles/kml/shapes/airports.png</href>
            </Icon>
          </IconStyle>
        </Style>
        <Point>
          <altitudeMode>absolute</altitudeMode>
          <coordinates>18.472221,-34.060181,426.72</coordinates>
        </Point>
      </Placemark>
      <Placemark>
        <name>2025-11-02 07:37:59 UTC</name>
        <description><![CDATA[<div><div><span><b>Altitude:</b></span> <span>1,400 ft</span></div>
<div><span><b>Speed:</b></span> <span>135 kt</span></div>
<div><span><b>Heading:</b></span> <span>357&deg;</span></div>
</div>]]></description>
        <TimeStamp>
          <when>2025-11-02T07:37:59+00:00</when>
        </TimeStamp>
        <Style>
          <IconStyle>
            <heading>357</heading>
            <Icon>
              <href>http://maps.google.com/mapfiles/kml/shapes/airports.png</href>
            </Icon>
          </IconStyle>
        </Style>
        <Point>
          <altitudeMode>absolute</altitudeMode>
          <coordinates>18.472137,-34.058872,426.72</coordinates>
        </Point>
      </Placemark>
      <Placemark>
        <name>2025-11-02 07:38:01 UTC</name>
        <description><![CDATA[<div><div><span><b>Altitude:</b></span> <span>1,400 ft</span></div>
<div><span><b>Speed:</b></span> <span>133 kt</span></div>
<div><span><b>Heading:</b></span> <span>357&deg;</span></div>
</div>]]></description>
        <TimeStamp>
          <when>2025-11-02T07:38:01+00:00</when>
        </TimeStamp>
        <Style>
          <IconStyle>
            <heading>357</heading>
            <Icon>
              <href>http://maps.google.com/mapfiles/kml/shapes/airports.png</href>
            </Icon>
          </IconStyle>
        </Style>
        <Point>
          <altitudeMode>absolute</altitudeMode>
          <coordinates>18.47208,-34.057384,426.72</coordinates>
        </Point>
      </Placemark>
      <Placemark>
        <name>2025-11-02 07:38:04 UTC</name>
        <description><![CDATA[<div><div><span><b>Altitude:</b></span> <span>1,400 ft</span></div>
<div><span><b>Speed:</b></span> <span>133 kt</span></div>
<div><span><b>Heading:</b></span> <span>358&deg;</span></div>
</div>]]></description>
        <TimeStamp>
          <when>2025-11-02T07:38:04+00:00</when>
        </TimeStamp>
        <Style>
          <IconStyle>
            <heading>358</heading>
            <Icon>
              <href>http://maps.google.com/mapfiles/kml/shapes/airports.png</href>
            </Icon>
          </IconStyle>
        </Style>
        <Point>
          <altitudeMode>absolute</altitudeMode>
          <coordinates>18.471998,-34.055969,426.72</coordinates>
        </Point>
      </Placemark>
      <Placemark>
        <name>2025-11-02 07:38:06 UTC</name>
        <description><![CDATA[<div><div><span><b>Altitude:</b></span> <span>1,400 ft</span></div>
<div><span><b>Speed:</b></span> <span>133 kt</span></div>
<div><span><b>Heading:</b></span> <span>358&deg;</span></div>
</div>]]></description>
        <TimeStamp>
          <when>2025-11-02T07:38:06+00:00</when>
        </TimeStamp>
        <Style>
          <IconStyle>
            <heading>358</heading>
            <Icon>
              <href>http://maps.google.com/mapfiles/kml/shapes/airports.png</href>
            </Icon>
          </IconStyle>
        </Style>
        <Point>
          <altitudeMode>absolute</altitudeMode>
          <coordinates>18.471966,-34.054314,426.72</coordinates>
        </Point>
      </Placemark>
      <Placemark>
        <name>2025-11-02 07:38:08 UTC</name>
        <description><![CDATA[<div><div><span><b>Altitude:</b></span> <span>1,300 ft</span></div>
<div><span><b>Speed:</b></span> <span>133 kt</span></div>
<div><span><b>Heading:</b></span> <span>358&deg;</span></div>
</div>]]></description>
        <TimeStamp>
          <when>2025-11-02T07:38:08+00:00</when>
        </TimeStamp>
        <Style>
          <IconStyle>
            <heading>358</heading>
            <Icon>
              <href>http://maps.google.com/mapfiles/kml/shapes/airports.png</href>
            </Icon>
          </IconStyle>
        </Style>
        <Point>
          <altitudeMode>absolute</altitudeMode>
          <coordinates>18.471909,-34.053009,396.24</coordinates>
        </Point>
      </Placemark>
      <Placemark>
        <name>2025-11-02 07:38:10 UTC</name>
        <description><![CDATA[<div><div><span><b>Altitude:</b></span> <span>1,300 ft</span></div>
<div><span><b>Speed:</b></span> <span>132 kt</span></div>
<div><span><b>Heading:</b></span> <span>359&deg;</span></div>
</div>]]></description>
        <TimeStamp>
          <when>2025-11-02T07:38:10+00:00</when>
        </TimeStamp>
        <Style>
          <IconStyle>
            <heading>359</heading>
            <Icon>
              <href>http://maps.google.com/mapfiles/kml/shapes/airports.png</href>
            </Icon>
          </IconStyle>
        </Style>
        <Point>
          <altitudeMode>absolute</altitudeMode>
          <coordinates>18.471909,-34.051472,396.24</coordinates>
        </Point>
      </Placemark>
      <Placemark>
        <name>2025-11-02 07:38:13 UTC</name>
        <description><![CDATA[<div><div><span><b>Altitude:</b></span> <span>1,400 ft</span></div>
<div><span><b>Speed:</b></span> <span>133 kt</span></div>
<div><span><b>Heading:</b></span> <span>359&deg;</span></div>
</div>]]></description>
        <TimeStamp>
          <when>2025-11-02T07:38:13+00:00</when>
        </TimeStamp>
        <Style>
          <IconStyle>
            <heading>359</heading>
            <Icon>
              <href>http://maps.google.com/mapfiles/kml/shapes/airports.png</href>
            </Icon>
          </IconStyle>
        </Style>
        <Point>
          <altitudeMode>absolute</altitudeMode>
          <coordinates>18.471886,-34.050293,426.72</coordinates>
        </Point>
      </Placemark>
      <Placemark>
        <name>2025-11-02 07:38:15 UTC</name>
        <description><![CDATA[<div><div><span><b>Altitude:</b></span> <span>1,300 ft</span></div>
<div><span><b>Speed:</b></span> <span>134 kt</span></div>
<div><span><b>Heading:</b></span> <span>359&deg;</span></div>
</div>]]></description>
        <TimeStamp>
          <when>2025-11-02T07:38:15+00:00</when>
        </TimeStamp>
        <Style>
          <IconStyle>
            <heading>359</heading>
            <Icon>
              <href>http://maps.google.com/mapfiles/kml/shapes/airports.png</href>
            </Icon>
          </IconStyle>
        </Style>
        <Point>
          <altitudeMode>absolute</altitudeMode>
          <coordinates>18.471886,-34.04892,396.24</coordinates>
        </Point>
      </Placemark>
      <Placemark>
        <name>2025-11-02 07:38:17 UTC</name>
        <description><![CDATA[<div><div><span><b>Altitude:</b></span> <span>1,300 ft</span></div>
<div><span><b>Speed:</b></span> <span>134 kt</span></div>
<div><span><b>Heading:</b></span> <span>359&deg;</span></div>
</div>]]></description>
        <TimeStamp>
          <when>2025-11-02T07:38:17+00:00</when>
        </TimeStamp>
        <Style>
          <IconStyle>
            <heading>359</heading>
            <Icon>
              <href>http://maps.google.com/mapfiles/kml/shapes/airports.png</href>
            </Icon>
          </IconStyle>
        </Style>
        <Point>
          <altitudeMode>absolute</altitudeMode>
          <coordinates>18.471909,-34.047607,396.24</coordinates>
        </Point>
      </Placemark>
      <Placemark>
        <name>2025-11-02 07:38:19 UTC</name>
        <description><![CDATA[<div><div><span><b>Altitude:</b></span> <span>1,300 ft</span></div>
<div><span><b>Speed:</b></span> <span>133 kt</span></div>
<div><span><b>Heading:</b></span> <span>359&deg;</span></div>
</div>]]></description>
        <TimeStamp>
          <when>2025-11-02T07:38:19+00:00</when>
        </TimeStamp>
        <Style>
          <IconStyle>
            <heading>359</heading>
            <Icon>
              <href>http://maps.google.com/mapfiles/kml/shapes/airports.png</href>
            </Icon>
          </IconStyle>
        </Style>
        <Point>
          <altitudeMode>absolute</altitudeMode>
          <coordinates>18.471941,-34.04631,396.24</coordinates>
        </Point>
      </Placemark>
      <Placemark>
        <name>2025-11-02 07:38:28 UTC</name>
        <description><![CDATA[<div><div><span><b>Altitude:</b></span> <span>1,300 ft</span></div>
<div><span><b>Speed:</b></span> <span>132 kt</span></div>
<div><span><b>Heading:</b></span> <span>359&deg;</span></div>
</div>]]></description>
        <TimeStamp>
          <when>2025-11-02T07:38:28+00:00</when>
        </TimeStamp>
        <Style>
          <IconStyle>
            <heading>359</heading>
            <Icon>
              <href>http://maps.google.com/mapfiles/kml/shapes/airports.png</href>
            </Icon>
          </IconStyle>
        </Style>
        <Point>
          <altitudeMode>absolute</altitudeMode>
          <coordinates>18.471966,-34.040581,396.24</coordinates>
        </Point>
      </Placemark>
      <Placemark>
        <name>2025-11-02 07:38:37 UTC</name>
        <description><![CDATA[<div><div><span><b>Altitude:</b></span> <span>1,200 ft</span></div>
<div><span><b>Speed:</b></span> <span>131 kt</span></div>
<div><span><b>Heading:</b></span> <span>359&deg;</span></div>
</div>]]></description>
        <TimeStamp>
          <when>2025-11-02T07:38:37+00:00</when>
        </TimeStamp>
        <Style>
          <IconStyle>
            <heading>359</heading>
            <Icon>
              <href>http://maps.google.com/mapfiles/kml/shapes/airports.png</href>
            </Icon>
          </IconStyle>
        </Style>
        <Point>
          <altitudeMode>absolute</altitudeMode>
          <coordinates>18.471966,-34.035503,365.76</coordinates>
        </Point>
      </Placemark>
      <Placemark>
        <name>2025-11-02 07:38:44 UTC</name>
        <description><![CDATA[<div><div><span><b>Altitude:</b></span> <span>1,300 ft</span></div>
<div><span><b>Speed:</b></span> <span>130 kt</span></div>
<div><span><b>Heading:</b></span> <span>359&deg;</span></div>
</div>]]></description>
        <TimeStamp>
          <when>2025-11-02T07:38:44+00:00</when>
        </TimeStamp>
        <Style>
          <IconStyle>
            <heading>359</heading>
            <Icon>
              <href>http://maps.google.com/mapfiles/kml/shapes/airports.png</href>
            </Icon>
          </IconStyle>
        </Style>
        <Point>
          <altitudeMode>absolute</altitudeMode>
          <coordinates>18.471886,-34.031296,396.24</coordinates>
        </Point>
      </Placemark>
      <Placemark>
        <name>2025-11-02 07:38:50 UTC</name>
        <description><![CDATA[<div><div><span><b>Altitude:</b></span> <span>1,300 ft</span></div>
<div><span><b>Speed:</b></span> <span>131 kt</span></div>
<div><span><b>Heading:</b></span> <span>359&deg;</span></div>
</div>]]></description>
        <TimeStamp>
          <when>2025-11-02T07:38:50+00:00</when>
        </TimeStamp>
        <Style>
          <IconStyle>
            <heading>359</heading>
            <Icon>
              <href>http://maps.google.com/mapfiles/kml/shapes/airports.png</href>
            </Icon>
          </IconStyle>
        </Style>
        <Point>
          <altitudeMode>absolute</altitudeMode>
          <coordinates>18.471886,-34.027451,396.24</coordinates>
        </Point>
      </Placemark>
      <Placemark>
        <name>2025-11-02 07:38:59 UTC</name>
        <description><![CDATA[<div><div><span><b>Altitude:</b></span> <span>1,200 ft</span></div>
<div><span><b>Speed:</b></span> <span>130 kt</span></div>
<div><span><b>Heading:</b></span> <span>359&deg;</span></div>
</div>]]></description>
        <TimeStamp>
          <when>2025-11-02T07:38:59+00:00</when>
        </TimeStamp>
        <Style>
          <IconStyle>
            <heading>359</heading>
            <Icon>
              <href>http://maps.google.com/mapfiles/kml/shapes/airports.png</href>
            </Icon>
          </IconStyle>
        </Style>
        <Point>
          <altitudeMode>absolute</altitudeMode>
          <coordinates>18.471794,-34.022003,365.76</coordinates>
        </Point>
      </Placemark>
      <Placemark>
        <name>2025-11-02 07:39:05 UTC</name>
        <description><![CDATA[<div><div><span><b>Altitude:</b></span> <span>1,200 ft</span></div>
<div><span><b>Speed:</b></span> <span>128 kt</span></div>
<div><span><b>Heading:</b></span> <span>359&deg;</span></div>
</div>]]></description>
        <TimeStamp>
          <when>2025-11-02T07:39:05+00:00</when>
        </TimeStamp>
        <Style>
          <IconStyle>
            <heading>359</heading>
            <Icon>
              <href>http://maps.google.com/mapfiles/kml/shapes/airports.png</href>
            </Icon>
          </IconStyle>
        </Style>
        <Point>
          <altitudeMode>absolute</altitudeMode>
          <coordinates>18.471794,-34.018421,365.76</coordinates>
        </Point>
      </Placemark>
      <Placemark>
        <name>2025-11-02 07:39:14 UTC</name>
        <description><![CDATA[<div><div><span><b>Altitude:</b></span> <span>1,200 ft</span></div>
<div><span><b>Speed:</b></span> <span>129 kt</span></div>
<div><span><b>Heading:</b></span> <span>1&deg;</span></div>
</div>]]></description>
        <TimeStamp>
          <when>2025-11-02T07:39:14+00:00</when>
        </TimeStamp>
        <Style>
          <IconStyle>
            <heading>1</heading>
            <Icon>
              <href>http://maps.google.com/mapfiles/kml/shapes/airports.png</href>
            </Icon>
          </IconStyle>
        </Style>
        <Point>
          <altitudeMode>absolute</altitudeMode>
          <coordinates>18.471737,-34.013439,365.76</coordinates>
        </Point>
      </Placemark>
      <Placemark>
        <name>2025-11-02 07:39:16 UTC</name>
        <description><![CDATA[<div><div><span><b>Altitude:</b></span> <span>1,200 ft</span></div>
<div><span><b>Speed:</b></span> <span>128 kt</span></div>
<div><span><b>Heading:</b></span> <span>358&deg;</span></div>
</div>]]></description>
        <TimeStamp>
          <when>2025-11-02T07:39:16+00:00</when>
        </TimeStamp>
        <Style>
          <IconStyle>
            <heading>358</heading>
            <Icon>
              <href>http://maps.google.com/mapfiles/kml/shapes/airports.png</href>
            </Icon>
          </IconStyle>
        </Style>
        <Point>
          <altitudeMode>absolute</altitudeMode>
          <coordinates>18.471718,-34.012115,365.76</coordinates>
        </Point>
      </Placemark>
      <Placemark>
        <name>2025-11-02 07:39:18 UTC</name>
        <description><![CDATA[<div><div><span><b>Altitude:</b></span> <span>1,200 ft</span></div>
<div><span><b>Speed:</b></span> <span>128 kt</span></div>
<div><span><b>Heading:</b></span> <span>358&deg;</span></div>
</div>]]></description>
        <TimeStamp>
          <when>2025-11-02T07:39:18+00:00</when>
        </TimeStamp>
        <Style>
          <IconStyle>
            <heading>358</heading>
            <Icon>
              <href>http://maps.google.com/mapfiles/kml/shapes/airports.png</href>
            </Icon>
          </IconStyle>
        </Style>
        <Point>
          <altitudeMode>absolute</altitudeMode>
          <coordinates>18.471718,-34.010651,365.76</coordinates>
        </Point>
      </Placemark>
      <Placemark>
        <name>2025-11-02 07:39:20 UTC</name>
        <description><![CDATA[<div><div><span><b>Altitude:</b></span> <span>1,200 ft</span></div>
<div><span><b>Speed:</b></span> <span>127 kt</span></div>
<div><span><b>Heading:</b></span> <span>358&deg;</span></div>
</div>]]></description>
        <TimeStamp>
          <when>2025-11-02T07:39:20+00:00</when>
        </TimeStamp>
        <Style>
          <IconStyle>
            <heading>358</heading>
            <Icon>
              <href>http://maps.google.com/mapfiles/kml/shapes/airports.png</href>
            </Icon>
          </IconStyle>
        </Style>
        <Point>
          <altitudeMode>absolute</altitudeMode>
          <coordinates>18.471737,-34.009434,365.76</coordinates>
        </Point>
      </Placemark>
      <Placemark>
        <name>2025-11-02 07:39:22 UTC</name>
        <description><![CDATA[<div><div><span><b>Altitude:</b></span> <span>1,200 ft</span></div>
<div><span><b>Speed:</b></span> <span>126 kt</span></div>
<div><span><b>Heading:</b></span> <span>358&deg;</span></div>
</div>]]></description>
        <TimeStamp>
          <when>2025-11-02T07:39:22+00:00</when>
        </TimeStamp>
        <Style>
          <IconStyle>
            <heading>358</heading>
            <Icon>
              <href>http://maps.google.com/mapfiles/kml/shapes/airports.png</href>
            </Icon>
          </IconStyle>
        </Style>
        <Point>
          <altitudeMode>absolute</altitudeMode>
          <coordinates>18.471737,-34.008457,365.76</coordinates>
        </Point>
      </Placemark>
      <Placemark>
        <name>2025-11-02 07:39:24 UTC</name>
        <description><![CDATA[<div><div><span><b>Altitude:</b></span> <span>1,200 ft</span></div>
<div><span><b>Speed:</b></span> <span>126 kt</span></div>
<div><span><b>Heading:</b></span> <span>358&deg;</span></div>
</div>]]></description>
        <TimeStamp>
          <when>2025-11-02T07:39:24+00:00</when>
        </TimeStamp>
        <Style>
          <IconStyle>
            <heading>358</heading>
            <Icon>
              <href>http://maps.google.com/mapfiles/kml/shapes/airports.png</href>
            </Icon>
          </IconStyle>
        </Style>
        <Point>
          <altitudeMode>absolute</altitudeMode>
          <coordinates>18.471737,-34.007294,365.76</coordinates>
        </Point>
      </Placemark>
      <Placemark>
        <name>2025-11-02 07:39:26 UTC</name>
        <description><![CDATA[<div><div><span><b>Altitude:</b></span> <span>1,200 ft</span></div>
<div><span><b>Speed:</b></span> <span>125 kt</span></div>
<div><span><b>Heading:</b></span> <span>358&deg;</span></div>
</div>]]></description>
        <TimeStamp>
          <when>2025-11-02T07:39:26+00:00</when>
        </TimeStamp>
        <Style>
          <IconStyle>
            <heading>358</heading>
            <Icon>
              <href>http://maps.google.com/mapfiles/kml/shapes/airports.png</href>
            </Icon>
          </IconStyle>
        </Style>
        <Point>
          <altitudeMode>absolute</altitudeMode>
          <coordinates>18.471773,-34.005753,365.76</coordinates>
        </Point>
      </Placemark>
      <Placemark>
        <name>2025-11-02 07:39:28 UTC</name>
        <description><![CDATA[<div><div><span><b>Altitude:</b></span> <span>1,200 ft</span></div>
<div><span><b>Speed:</b></span> <span>125 kt</span></div>
<div><span><b>Heading:</b></span> <span>358&deg;</span></div>
</div>]]></description>
        <TimeStamp>
          <when>2025-11-02T07:39:28+00:00</when>
        </TimeStamp>
        <Style>
          <IconStyle>
            <heading>358</heading>
            <Icon>
              <href>http://maps.google.com/mapfiles/kml/shapes/airports.png</href>
            </Icon>
          </IconStyle>
        </Style>
        <Point>
          <altitudeMode>absolute</altitudeMode>
          <coordinates>18.471773,-34.004562,365.76</coordinates>
        </Point>
      </Placemark>
      <Placemark>
        <name>2025-11-02 07:39:31 UTC</name>
        <description><![CDATA[<div><div><span><b>Altitude:</b></span> <span>1,200 ft</span></div>
<div><span><b>Speed:</b></span> <span>126 kt</span></div>
<div><span><b>Heading:</b></span> <span>358&deg;</span></div>
</div>]]></description>
        <TimeStamp>
          <when>2025-11-02T07:39:31+00:00</when>
        </TimeStamp>
        <Style>
          <IconStyle>
            <heading>358</heading>
            <Icon>
              <href>http://maps.google.com/mapfiles/kml/shapes/airports.png</href>
            </Icon>
          </IconStyle>
        </Style>
        <Point>
          <altitudeMode>absolute</altitudeMode>
          <coordinates>18.471773,-34.003418,365.76</coordinates>
        </Point>
      </Placemark>
      <Placemark>
        <name>2025-11-02 07:39:33 UTC</name>
        <description><![CDATA[<div><div><span><b>Altitude:</b></span> <span>1,200 ft</span></div>
<div><span><b>Speed:</b></span> <span>125 kt</span></div>
<div><span><b>Heading:</b></span> <span>358&deg;</span></div>
</div>]]></description>
        <TimeStamp>
          <when>2025-11-02T07:39:33+00:00</when>
        </TimeStamp>
        <Style>
          <IconStyle>
            <heading>358</heading>
            <Icon>
              <href>http://maps.google.com/mapfiles/kml/shapes/airports.png</href>
            </Icon>
          </IconStyle>
        </Style>
        <Point>
          <altitudeMode>absolute</altitudeMode>
          <coordinates>18.471794,-34.001942,365.76</coordinates>
        </Point>
      </Placemark>
      <Placemark>
        <name>2025-11-02 07:39:39 UTC</name>
        <description><![CDATA[<div><div><span><b>Altitude:</b></span> <span>1,200 ft</span></div>
<div><span><b>Speed:</b></span> <span>124 kt</span></div>
<div><span><b>Heading:</b></span> <span>358&deg;</span></div>
</div>]]></description>
        <TimeStamp>
          <when>2025-11-02T07:39:39+00:00</when>
        </TimeStamp>
        <Style>
          <IconStyle>
            <heading>358</heading>
            <Icon>
              <href>http://maps.google.com/mapfiles/kml/shapes/airports.png</href>
            </Icon>
          </IconStyle>
        </Style>
        <Point>
          <altitudeMode>absolute</altitudeMode>
          <coordinates>18.471794,-33.998402,365.76</coordinates>
        </Point>
      </Placemark>
      <Placemark>
        <name>2025-11-02 07:39:48 UTC</name>
        <description><![CDATA[<div><div><span><b>Altitude:</b></span> <span>1,200 ft</span></div>
<div><span><b>Speed:</b></span> <span>124 kt</span></div>
<div><span><b>Heading:</b></span> <span>2&deg;</span></div>
</div>]]></description>
        <TimeStamp>
          <when>2025-11-02T07:39:48+00:00</when>
        </TimeStamp>
        <Style>
          <IconStyle>
            <heading>2</heading>
            <Icon>
              <href>http://maps.google.com/mapfiles/kml/shapes/airports.png</href>
            </Icon>
          </IconStyle>
        </Style>
        <Point>
          <altitudeMode>absolute</altitudeMode>
          <coordinates>18.471998,-33.993393,365.76</coordinates>
        </Point>
      </Placemark>
      <Placemark>
        <name>2025-11-02 07:39:50 UTC</name>
        <description><![CDATA[<div><div><span><b>Altitude:</b></span> <span>1,300 ft</span></div>
<div><span><b>Speed:</b></span> <span>125 kt</span></div>
<div><span><b>Heading:</b></span> <span>3&deg;</span></div>
</div>]]></description>
        <TimeStamp>
          <when>2025-11-02T07:39:50+00:00</when>
        </TimeStamp>
        <Style>
          <IconStyle>
            <heading>3</heading>
            <Icon>
              <href>http://maps.google.com/mapfiles/kml/shapes/airports.png</href>
            </Icon>
          </IconStyle>
        </Style>
        <Point>
          <altitudeMode>absolute</altitudeMode>
          <coordinates>18.47208,-33.992119,396.24</coordinates>
        </Point>
      </Placemark>
      <Placemark>
        <name>2025-11-02 07:39:52 UTC</name>
        <description><![CDATA[<div><div><span><b>Altitude:</b></span> <span>1,300 ft</span></div>
<div><span><b>Speed:</b></span> <span>125 kt</span></div>
<div><span><b>Heading:</b></span> <span>4&deg;</span></div>
</div>]]></description>
        <TimeStamp>
          <when>2025-11-02T07:39:52+00:00</when>
        </TimeStamp>
        <Style>
          <IconStyle>
            <heading>4</heading>
            <Icon>
              <href>http://maps.google.com/mapfiles/kml/shapes/airports.png</href>
            </Icon>
          </IconStyle>
        </Style>
        <Point>
          <altitudeMode>absolute</altitudeMode>
          <coordinates>18.472195,-33.991001,396.24</coordinates>
        </Point>
      </Placemark>
      <Placemark>
        <name>2025-11-02 07:39:54 UTC</name>
        <description><![CDATA[<div><div><span><b>Altitude:</b></span> <span>1,200 ft</span></div>
<div><span><b>Speed:</b></span> <span>126 kt</span></div>
<div><span><b>Heading:</b></span> <span>4&deg;</span></div>
</div>]]></description>
        <TimeStamp>
          <when>2025-11-02T07:39:54+00:00</when>
        </TimeStamp>
        <Style>
          <IconStyle>
            <heading>4</heading>
            <Icon>
              <href>http://maps.google.com/mapfiles/kml/shapes/airports.png</href>
            </Icon>
          </IconStyle>
        </Style>
        <Point>
          <altitudeMode>absolute</altitudeMode>
          <coordinates>18.472309,-33.989838,365.76</coordinates>
        </Point>
      </Placemark>
      <Placemark>
        <name>2025-11-02 07:39:56 UTC</name>
        <description><![CDATA[<div><div><span><b>Altitude:</b></span> <span>1,200 ft</span></div>
<div><span><b>Speed:</b></span> <span>126 kt</span></div>
<div><span><b>Heading:</b></span> <span>4&deg;</span></div>
</div>]]></description>
        <TimeStamp>
          <when>2025-11-02T07:39:56+00:00</when>
        </TimeStamp>
        <Style>
          <IconStyle>
            <heading>4</heading>
            <Icon>
              <href>http://maps.google.com/mapfiles/kml/shapes/airports.png</href>
            </Icon>
          </IconStyle>
        </Style>
        <Point>
          <altitudeMode>absolute</altitudeMode>
          <coordinates>18.472424,-33.988674,365.76</coordinates>
        </Point>
      </Placemark>
      <Placemark>
        <name>2025-11-02 07:39:58 UTC</name>
        <description><![CDATA[<div><div><span><b>Altitude:</b></span> <span>1,300 ft</span></div>
<div><span><b>Speed:</b></span> <span>126 kt</span></div>
<div><span><b>Heading:</b></span> <span>5&deg;</span></div>
</div>]]></description>
        <TimeStamp>
          <when>2025-11-02T07:39:58+00:00</when>
        </TimeStamp>
        <Style>
          <IconStyle>
            <heading>5</heading>
            <Icon>
              <href>http://maps.google.com/mapfiles/kml/shapes/airports.png</href>
            </Icon>
          </IconStyle>
        </Style>
        <Point>
          <altitudeMode>absolute</altitudeMode>
          <coordinates>18.472557,-33.987442,396.24</coordinates>
        </Point>
      </Placemark>
      <Placemark>
        <name>2025-11-02 07:40:00 UTC</name>
        <description><![CDATA[<div><div><span><b>Altitude:</b></span> <span>1,300 ft</span></div>
<div><span><b>Speed:</b></span> <span>127 kt</span></div>
<div><span><b>Heading:</b></span> <span>6&deg;</span></div>
</div>]]></description>
        <TimeStamp>
          <when>2025-11-02T07:40:00+00:00</when>
        </TimeStamp>
        <Style>
          <IconStyle>
            <heading>6</heading>
            <Icon>
              <href>http://maps.google.com/mapfiles/kml/shapes/airports.png</href>
            </Icon>
          </IconStyle>
        </Style>
        <Point>
          <altitudeMode>absolute</altitudeMode>
          <coordinates>18.47267,-33.986252,396.24</coordinates>
        </Point>
      </Placemark>
      <Placemark>
        <name>2025-11-02 07:40:02 UTC</name>
        <description><![CDATA[<div><div><span><b>Altitude:</b></span> <span>1,200 ft</span></div>
<div><span><b>Speed:</b></span> <span>128 kt</span></div>
<div><span><b>Heading:</b></span> <span>7&deg;</span></div>
</div>]]></description>
        <TimeStamp>
          <when>2025-11-02T07:40:02+00:00</when>
        </TimeStamp>
        <Style>
          <IconStyle>
            <heading>7</heading>
            <Icon>
              <href>http://maps.google.com/mapfiles/kml/shapes/airports.png</href>
            </Icon>
          </IconStyle>
        </Style>
        <Point>
          <altitudeMode>absolute</altitudeMode>
          <coordinates>18.472895,-33.98497,365.76</coordinates>
        </Point>
      </Placemark>
      <Placemark>
        <name>2025-11-02 07:40:05 UTC</name>
        <description><![CDATA[<div><div><span><b>Altitude:</b></span> <span>1,200 ft</span></div>
<div><span><b>Speed:</b></span> <span>128 kt</span></div>
<div><span><b>Heading:</b></span> <span>8&deg;</span></div>
</div>]]></description>
        <TimeStamp>
          <when>2025-11-02T07:40:05+00:00</when>
        </TimeStamp>
        <Style>
          <IconStyle>
            <heading>8</heading>
            <Icon>
              <href>http://maps.google.com/mapfiles/kml/shapes/airports.png</href>
            </Icon>
          </IconStyle>
        </Style>
        <Point>
          <altitudeMode>absolute</altitudeMode>
          <coordinates>18.473167,-33.983368,365.76</coordinates>
        </Point>
      </Placemark>
      <Placemark>
        <name>2025-11-02 07:40:07 UTC</name>
        <description><![CDATA[<div><div><span><b>Altitude:</b></span> <span>1,200 ft</span></div>
<div><span><b>Speed:</b></span> <span>129 kt</span></div>
<div><span><b>Heading:</b></span> <span>10&deg;</span></div>
</div>]]></description>
        <TimeStamp>
          <when>2025-11-02T07:40:07+00:00</when>
        </TimeStamp>
        <Style>
          <IconStyle>
            <heading>10</heading>
            <Icon>
              <href>http://maps.google.com/mapfiles/kml/shapes/airports.png</href>
            </Icon>
          </IconStyle>
        </Style>
        <Point>
          <altitudeMode>absolute</altitudeMode>
          <coordinates>18.473396,-33.982342,365.76</coordinates>
        </Point>
      </Placemark>
      <Placemark>
        <name>2025-11-02 07:40:09 UTC</name>
        <description><![CDATA[<div><div><span><b>Altitude:</b></span> <span>1,200 ft</span></div>
<div><span><b>Speed:</b></span> <span>129 kt</span></div>
<div><span><b>Heading:</b></span> <span>13&deg;</span></div>
</div>]]></description>
        <TimeStamp>
          <when>2025-11-02T07:40:09+00:00</when>
        </TimeStamp>
        <Style>
          <IconStyle>
            <heading>13</heading>
            <Icon>
              <href>http://maps.google.com/mapfiles/kml/shapes/airports.png</href>
            </Icon>
          </IconStyle>
        </Style>
        <Point>
          <altitudeMode>absolute</altitudeMode>
          <coordinates>18.473679,-33.981079,365.76</coordinates>
        </Point>
      </Placemark>
      <Placemark>
        <name>2025-11-02 07:40:11 UTC</name>
        <description><![CDATA[<div><div><span><b>Altitude:</b></span> <span>1,200 ft</span></div>
<div><span><b>Speed:</b></span> <span>129 kt</span></div>
<div><span><b>Heading:</b></span> <span>15&deg;</span></div>
</div>]]></description>
        <TimeStamp>
          <when>2025-11-02T07:40:11+00:00</when>
        </TimeStamp>
        <Style>
          <IconStyle>
            <heading>15</heading>
            <Icon>
              <href>http://maps.google.com/mapfiles/kml/shapes/airports.png</href>
            </Icon>
          </IconStyle>
        </Style>
        <Point>
          <altitudeMode>absolute</altitudeMode>
          <coordinates>18.474197,-33.979504,365.76</coordinates>
        </Point>
      </Placemark>
      <Placemark>
        <name>2025-11-02 07:40:14 UTC</name>
        <description><![CDATA[<div><div><span><b>Altitude:</b></span> <span>1,200 ft</span></div>
<div><span><b>Speed:</b></span> <span>129 kt</span></div>
<div><span><b>Heading:</b></span> <span>17&deg;</span></div>
</div>]]></description>
        <TimeStamp>
          <when>2025-11-02T07:40:14+00:00</when>
        </TimeStamp>
        <Style>
          <IconStyle>
            <heading>17</heading>
            <Icon>
              <href>http://maps.google.com/mapfiles/kml/shapes/airports.png</href>
            </Icon>
          </IconStyle>
        </Style>
        <Point>
          <altitudeMode>absolute</altitudeMode>
          <coordinates>18.474688,-33.978058,365.76</coordinates>
        </Point>
      </Placemark>
      <Placemark>
        <name>2025-11-02 07:40:16 UTC</name>
        <description><![CDATA[<div><div><span><b>Altitude:</b></span> <span>1,200 ft</span></div>
<div><span><b>Speed:</b></span> <span>129 kt</span></div>
<div><span><b>Heading:</b></span> <span>18&deg;</span></div>
</div>]]></description>
        <TimeStamp>
          <when>2025-11-02T07:40:16+00:00</when>
        </TimeStamp>
        <Style>
          <IconStyle>
            <heading>18</heading>
            <Icon>
              <href>http://maps.google.com/mapfiles/kml/shapes/airports.png</href>
            </Icon>
          </IconStyle>
        </Style>
        <Point>
          <altitudeMode>absolute</altitudeMode>
          <coordinates>18.475136,-33.976913,365.76</coordinates>
        </Point>
      </Placemark>
      <Placemark>
        <name>2025-11-02 07:40:18 UTC</name>
        <description><![CDATA[<div><div><span><b>Altitude:</b></span> <span>1,200 ft</span></div>
<div><span><b>Speed:</b></span> <span>129 kt</span></div>
<div><span><b>Heading:</b></span> <span>18&deg;</span></div>
</div>]]></description>
        <TimeStamp>
          <when>2025-11-02T07:40:18+00:00</when>
        </TimeStamp>
        <Style>
          <IconStyle>
            <heading>18</heading>
            <Icon>
              <href>http://maps.google.com/mapfiles/kml/shapes/airports.png</href>
            </Icon>
          </IconStyle>
        </Style>
        <Point>
          <altitudeMode>absolute</altitudeMode>
          <coordinates>18.475754,-33.975449,365.76</coordinates>
        </Point>
      </Placemark>
      <Placemark>
        <name>2025-11-02 07:40:20 UTC</name>
        <description><![CDATA[<div><div><span><b>Altitude:</b></span> <span>1,200 ft</span></div>
<div><span><b>Speed:</b></span> <span>129 kt</span></div>
<div><span><b>Heading:</b></span> <span>18&deg;</span></div>
</div>]]></description>
        <TimeStamp>
          <when>2025-11-02T07:40:20+00:00</when>
        </TimeStamp>
        <Style>
          <IconStyle>
            <heading>18</heading>
            <Icon>
              <href>http://maps.google.com/mapfiles/kml/shapes/airports.png</href>
            </Icon>
          </IconStyle>
        </Style>
        <Point>
          <altitudeMode>absolute</altitudeMode>
          <coordinates>18.476257,-33.974243,365.76</coordinates>
        </Point>
      </Placemark>
      <Placemark>
        <name>2025-11-02 07:40:23 UTC</name>
        <description><![CDATA[<div><div><span><b>Altitude:</b></span> <span>1,200 ft</span></div>
<div><span><b>Speed:</b></span> <span>129 kt</span></div>
<div><span><b>Heading:</b></span> <span>18&deg;</span></div>
</div>]]></description>
        <TimeStamp>
          <when>2025-11-02T07:40:23+00:00</when>
        </TimeStamp>
        <Style>
          <IconStyle>
            <heading>18</heading>
            <Icon>
              <href>http://maps.google.com/mapfiles/kml/shapes/airports.png</href>
            </Icon>
          </IconStyle>
        </Style>
        <Point>
          <altitudeMode>absolute</altitudeMode>
          <coordinates>18.476715,-33.973125,365.76</coordinates>
        </Point>
      </Placemark>
      <Placemark>
        <name>2025-11-02 07:40:25 UTC</name>
        <description><![CDATA[<div><div><span><b>Altitude:</b></span> <span>1,100 ft</span></div>
<div><span><b>Speed:</b></span> <span>129 kt</span></div>
<div><span><b>Heading:</b></span> <span>18&deg;</span></div>
</div>]]></description>
        <TimeStamp>
          <when>2025-11-02T07:40:25+00:00</when>
        </TimeStamp>
        <Style>
          <IconStyle>
            <heading>18</heading>
            <Icon>
              <href>http://maps.google.com/mapfiles/kml/shapes/airports.png</href>
            </Icon>
          </IconStyle>
        </Style>
        <Point>
          <altitudeMode>absolute</altitudeMode>
          <coordinates>18.477211,-33.971924,335.28</coordinates>
        </Point>
      </Placemark>
      <Placemark>
        <name>2025-11-02 07:40:27 UTC</name>
        <description><![CDATA[<div><div><span><b>Altitude:</b></span> <span>1,100 ft</span></div>
<div><span><b>Speed:</b></span> <span>130 kt</span></div>
<div><span><b>Heading:</b></span> <span>19&deg;</span></div>
</div>]]></description>
        <TimeStamp>
          <when>2025-11-02T07:40:27+00:00</when>
        </TimeStamp>
        <Style>
          <IconStyle>
            <heading>19</heading>
            <Icon>
              <href>http://maps.google.com/mapfiles/kml/shapes/airports.png</href>
            </Icon>
          </IconStyle>
        </Style>
        <Point>
          <altitudeMode>absolute</altitudeMode>
          <coordinates>18.477659,-33.970825,335.28</coordinates>
        </Point>
      </Placemark>
      <Placemark>
        <name>2025-11-02 07:40:29 UTC</name>
        <description><![CDATA[<div><div><span><b>Altitude:</b></span> <span>1,100 ft</span></div>
<div><span><b>Speed:</b></span> <span>130 kt</span></div>
<div><span><b>Heading:</b></span> <span>19&deg;</span></div>
</div>]]></description>
        <TimeStamp>
          <when>2025-11-02T07:40:29+00:00</when>
        </TimeStamp>
        <Style>
          <IconStyle>
            <heading>19</heading>
            <Icon>
              <href>http://maps.google.com/mapfiles/kml/shapes/airports.png</href>
            </Icon>
          </IconStyle>
        </Style>
        <Point>
          <altitudeMode>absolute</altitudeMode>
          <coordinates>18.47826,-33.969494,335.28</coordinates>
        </Point>
      </Placemark>
      <Placemark>
        <name>2025-11-02 07:40:31 UTC</name>
        <description><![CDATA[<div><div><span><b>Altitude:</b></span> <span>1,100 ft</span></div>
<div><span><b>Speed:</b></span> <span>131 kt</span></div>
<div><span><b>Heading:</b></span> <span>19&deg;</span></div>
</div>]]></description>
        <TimeStamp>
          <when>2025-11-02T07:40:31+00:00</when>
        </TimeStamp>
        <Style>
          <IconStyle>
            <heading>19</heading>
            <Icon>
              <href>http://maps.google.com/mapfiles/kml/shapes/airports.png</href>
            </Icon>
          </IconStyle>
        </Style>
        <Point>
          <altitudeMode>absolute</altitudeMode>
          <coordinates>18.478779,-33.96817,335.28</coordinates>
        </Point>
      </Placemark>
      <Placemark>
        <name>2025-11-02 07:40:34 UTC</name>
        <description><![CDATA[<div><div><span><b>Altitude:</b></span> <span>1,000 ft</span></div>
<div><span><b>Speed:</b></span> <span>132 kt</span></div>
<div><span><b>Heading:</b></span> <span>18&deg;</span></div>
</div>]]></description>
        <TimeStamp>
          <when>2025-11-02T07:40:34+00:00</when>
        </TimeStamp>
        <Style>
          <IconStyle>
            <heading>18</heading>
            <Icon>
              <href>http://maps.google.com/mapfiles/kml/shapes/airports.png</href>
            </Icon>
          </IconStyle>
        </Style>
        <Point>
          <altitudeMode>absolute</altitudeMode>
          <coordinates>18.47934,-33.966888,304.8</coordinates>
        </Point>
      </Placemark>
      <Placemark>
        <name>2025-11-02 07:40:36 UTC</name>
        <description><![CDATA[<div><div><span><b>Altitude:</b></span> <span>1,000 ft</span></div>
<div><span><b>Speed:</b></span> <span>131 kt</span></div>
<div><span><b>Heading:</b></span> <span>18&deg;</span></div>
</div>]]></description>
        <TimeStamp>
          <when>2025-11-02T07:40:36+00:00</when>
        </TimeStamp>
        <Style>
          <IconStyle>
            <heading>18</heading>
            <Icon>
              <href>http://maps.google.com/mapfiles/kml/shapes/airports.png</href>
            </Icon>
          </IconStyle>
        </Style>
        <Point>
          <altitudeMode>absolute</altitudeMode>
          <coordinates>18.479805,-33.965725,304.8</coordinates>
        </Point>
      </Placemark>
      <Placemark>
        <name>2025-11-02 07:40:38 UTC</name>
        <description><![CDATA[<div><div><span><b>Altitude:</b></span> <span>1,000 ft</span></div>
<div><span><b>Speed:</b></span> <span>132 kt</span></div>
<div><span><b>Heading:</b></span> <span>18&deg;</span></div>
</div>]]></description>
        <TimeStamp>
          <when>2025-11-02T07:40:38+00:00</when>
        </TimeStamp>
        <Style>
          <IconStyle>
            <heading>18</heading>
            <Icon>
              <href>http://maps.google.com/mapfiles/kml/shapes/airports.png</href>
            </Icon>
          </IconStyle>
        </Style>
        <Point>
          <altitudeMode>absolute</altitudeMode>
          <coordinates>18.480349,-33.964325,304.8</coordinates>
        </Point>
      </Placemark>
      <Placemark>
        <name>2025-11-02 07:40:40 UTC</name>
        <description><![CDATA[<div><div><span><b>Altitude:</b></span> <span>1,000 ft</span></div>
<div><span><b>Speed:</b></span> <span>132 kt</span></div>
<div><span><b>Heading:</b></span> <span>18&deg;</span></div>
</div>]]></description>
        <TimeStamp>
          <when>2025-11-02T07:40:40+00:00</when>
        </TimeStamp>
        <Style>
          <IconStyle>
            <heading>18</heading>
            <Icon>
              <href>http://maps.google.com/mapfiles/kml/shapes/airports.png</href>
            </Icon>
          </IconStyle>
        </Style>
        <Point>
          <altitudeMode>absolute</altitudeMode>
          <coordinates>18.480967,-33.962814,304.8</coordinates>
        </Point>
      </Placemark>
      <Placemark>
        <name>2025-11-02 07:40:45 UTC</name>
        <description><![CDATA[<div><div><span><b>Altitude:</b></span> <span>900 ft</span></div>
<div><span><b>Speed:</b></span> <span>133 kt</span></div>
<div><span><b>Heading:</b></span> <span>16&deg;</span></div>
</div>]]></description>
        <TimeStamp>
          <when>2025-11-02T07:40:45+00:00</when>
        </TimeStamp>
        <Style>
          <IconStyle>
            <heading>16</heading>
            <Icon>
              <href>http://maps.google.com/mapfiles/kml/shapes/airports.png</href>
            </Icon>
          </IconStyle>
        </Style>
        <Point>
          <altitudeMode>absolute</altitudeMode>
          <coordinates>18.481865,-33.960415,274.32</coordinates>
        </Point>
      </Placemark>
      <Placemark>
        <name>2025-11-02 07:40:51 UTC</name>
        <description><![CDATA[<div><div><span><b>Altitude:</b></span> <span>900 ft</span></div>
<div><span><b>Speed:</b></span> <span>134 kt</span></div>
<div><span><b>Heading:</b></span> <span>15&deg;</span></div>
</div>]]></description>
        <TimeStamp>
          <when>2025-11-02T07:40:51+00:00</when>
        </TimeStamp>
        <Style>
          <IconStyle>
            <heading>15</heading>
            <Icon>
              <href>http://maps.google.com/mapfiles/kml/shapes/airports.png</href>
            </Icon>
          </IconStyle>
        </Style>
        <Point>
          <altitudeMode>absolute</altitudeMode>
          <coordinates>18.483152,-33.956635,274.32</coordinates>
        </Point>
      </Placemark>
      <Placemark>
        <name>2025-11-02 07:40:53 UTC</name>
        <description><![CDATA[<div><div><span><b>Altitude:</b></span> <span>900 ft</span></div>
<div><span><b>Speed:</b></span> <span>132 kt</span></div>
<div><span><b>Heading:</b></span> <span>13&deg;</span></div>
</div>]]></description>
        <TimeStamp>
          <when>2025-11-02T07:40:53+00:00</when>
        </TimeStamp>
        <Style>
          <IconStyle>
            <heading>13</heading>
            <Icon>
              <href>http://maps.google.com/mapfiles/kml/shapes/airports.png</href>
            </Icon>
          </IconStyle>
        </Style>
        <Point>
          <altitudeMode>absolute</altitudeMode>
          <coordinates>18.483582,-33.955204,274.32</coordinates>
        </Point>
      </Placemark>
      <Placemark>
        <name>2025-11-02 07:40:55 UTC</name>
        <description><![CDATA[<div><div><span><b>Altitude:</b></span> <span>800 ft</span></div>
<div><span><b>Speed:</b></span> <span>132 kt</span></div>
<div><span><b>Heading:</b></span> <span>13&deg;</span></div>
</div>]]></description>
        <TimeStamp>
          <when>2025-11-02T07:40:55+00:00</when>
        </TimeStamp>
        <Style>
          <IconStyle>
            <heading>13</heading>
            <Icon>
              <href>http://maps.google.com/mapfiles/kml/shapes/airports.png</href>
            </Icon>
          </IconStyle>
        </Style>
        <Point>
          <altitudeMode>absolute</altitudeMode>
          <coordinates>18.483994,-33.953888,243.84</coordinates>
        </Point>
      </Placemark>
      <Placemark>
        <name>2025-11-02 07:40:58 UTC</name>
        <description><![CDATA[<div><div><span><b>Altitude:</b></span> <span>800 ft</span></div>
<div><span><b>Speed:</b></span> <span>131 kt</span></div>
<div><span><b>Heading:</b></span> <span>13&deg;</span></div>
</div>]]></description>
        <TimeStamp>
          <when>2025-11-02T07:40:58+00:00</when>
        </TimeStamp>
        <Style>
          <IconStyle>
            <heading>13</heading>
            <Icon>
              <href>http://maps.google.com/mapfiles/kml/shapes/airports.png</href>
            </Icon>
          </IconStyle>
        </Style>
        <Point>
          <altitudeMode>absolute</altitudeMode>
          <coordinates>18.484272,-33.952698,243.84</coordinates>
        </Point>
      </Placemark>
      <Placemark>
        <name>2025-11-02 07:41:00 UTC</name>
        <description><![CDATA[<div><div><span><b>Altitude:</b></span> <span>800 ft</span></div>
<div><span><b>Speed:</b></span> <span>131 kt</span></div>
<div><span><b>Heading:</b></span> <span>12&deg;</span></div>
</div>]]></description>
        <TimeStamp>
          <when>2025-11-02T07:41:00+00:00</when>
        </TimeStamp>
        <Style>
          <IconStyle>
            <heading>12</heading>
            <Icon>
              <href>http://maps.google.com/mapfiles/kml/shapes/airports.png</href>
            </Icon>
          </IconStyle>
        </Style>
        <Point>
          <altitudeMode>absolute</altitudeMode>
          <coordinates>18.484669,-33.951431,243.84</coordinates>
        </Point>
      </Placemark>
      <Placemark>
        <name>2025-11-02 07:41:02 UTC</name>
        <description><![CDATA[<div><div><span><b>Altitude:</b></span> <span>800 ft</span></div>
<div><span><b>Speed:</b></span> <span>129 kt</span></div>
<div><span><b>Heading:</b></span> <span>11&deg;</span></div>
</div>]]></description>
        <TimeStamp>
          <when>2025-11-02T07:41:02+00:00</when>
        </TimeStamp>
        <Style>
          <IconStyle>
            <heading>11</heading>
            <Icon>
              <href>http://maps.google.com/mapfiles/kml/shapes/airports.png</href>
            </Icon>
          </IconStyle>
        </Style>
        <Point>
          <altitudeMode>absolute</altitudeMode>
          <coordinates>18.484945,-33.950226,243.84</coordinates>
        </Point>
      </Placemark>
      <Placemark>
        <name>2025-11-02 07:41:04 UTC</name>
        <description><![CDATA[<div><div><span><b>Altitude:</b></span> <span>800 ft</span></div>
<div><span><b>Speed:</b></span> <span>129 kt</span></div>
<div><span><b>Heading:</b></span> <span>9&deg;</span></div>
</div>]]></description>
        <TimeStamp>
          <when>2025-11-02T07:41:04+00:00</when>
        </TimeStamp>
        <Style>
          <IconStyle>
            <heading>9</heading>
            <Icon>
              <href>http://maps.google.com/mapfiles/kml/shapes/airports.png</href>
            </Icon>
          </IconStyle>
        </Style>
        <Point>
          <altitudeMode>absolute</altitudeMode>
          <coordinates>18.485281,-33.948807,243.84</coordinates>
        </Point>
      </Placemark>
      <Placemark>
        <name>2025-11-02 07:41:06 UTC</name>
        <description><![CDATA[<div><div><span><b>Altitude:</b></span> <span>800 ft</span></div>
<div><span><b>Speed:</b></span> <span>129 kt</span></div>
<div><span><b>Heading:</b></span> <span>7&deg;</span></div>
</div>]]></description>
        <TimeStamp>
          <when>2025-11-02T07:41:06+00:00</when>
        </TimeStamp>
        <Style>
          <IconStyle>
            <heading>7</heading>
            <Icon>
              <href>http://maps.google.com/mapfiles/kml/shapes/airports.png</href>
            </Icon>
          </IconStyle>
        </Style>
        <Point>
          <altitudeMode>absolute</altitudeMode>
          <coordinates>18.485451,-33.947617,243.84</coordinates>
        </Point>
      </Placemark>
      <Placemark>
        <name>2025-11-02 07:41:08 UTC</name>
        <description><![CDATA[<div><div><span><b>Altitude:</b></span> <span>800 ft</span></div>
<div><span><b>Speed:</b></span> <span>129 kt</span></div>
<div><span><b>Heading:</b></span> <span>4&deg;</span></div>
</div>]]></description>
        <TimeStamp>
          <when>2025-11-02T07:41:08+00:00</when>
        </TimeStamp>
        <Style>
          <IconStyle>
            <heading>4</heading>
            <Icon>
              <href>http://maps.google.com/mapfiles/kml/shapes/airports.png</href>
            </Icon>
          </IconStyle>
        </Style>
        <Point>
          <altitudeMode>absolute</altitudeMode>
          <coordinates>18.485641,-33.946125,243.84</coordinates>
        </Point>
      </Placemark>
      <Placemark>
        <name>2025-11-02 07:41:11 UTC</name>
        <description><![CDATA[<div><div><span><b>Altitude:</b></span> <span>800 ft</span></div>
<div><span><b>Speed:</b></span> <span>129 kt</span></div>
<div><span><b>Heading:</b></span> <span>2&deg;</span></div>
</div>]]></description>
        <TimeStamp>
          <when>2025-11-02T07:41:11+00:00</when>
        </TimeStamp>
        <Style>
          <IconStyle>
            <heading>2</heading>
            <Icon>
              <href>http://maps.google.com/mapfiles/kml/shapes/airports.png</href>
            </Icon>
          </IconStyle>
        </Style>
        <Point>
          <altitudeMode>absolute</altitudeMode>
          <coordinates>18.485699,-33.944916,243.84</coordinates>
        </Point>
      </Placemark>
      <Placemark>
        <name>2025-11-02 07:41:13 UTC</name>
        <description><![CDATA[<div><div><span><b>Altitude:</b></span> <span>700 ft</span></div>
<div><span><b>Speed:</b></span> <span>129 kt</span></div>
<div><span><b>Heading:</b></span> <span>358&deg;</span></div>
</div>]]></description>
        <TimeStamp>
          <when>2025-11-02T07:41:13+00:00</when>
        </TimeStamp>
        <Style>
          <IconStyle>
            <heading>358</heading>
            <Icon>
              <href>http://maps.google.com/mapfiles/kml/shapes/airports.png</href>
            </Icon>
          </IconStyle>
        </Style>
        <Point>
          <altitudeMode>absolute</altitudeMode>
          <coordinates>18.485699,-33.943703,213.36</coordinates>
        </Point>
      </Placemark>
      <Placemark>
        <name>2025-11-02 07:41:15 UTC</name>
        <description><![CDATA[<div><div><span><b>Altitude:</b></span> <span>800 ft</span></div>
<div><span><b>Speed:</b></span> <span>129 kt</span></div>
<div><span><b>Heading:</b></span> <span>354&deg;</span></div>
</div>]]></description>
        <TimeStamp>
          <when>2025-11-02T07:41:15+00:00</when>
        </TimeStamp>
        <Style>
          <IconStyle>
            <heading>354</heading>
            <Icon>
              <href>http://maps.google.com/mapfiles/kml/shapes/airports.png</href>
            </Icon>
          </IconStyle>
        </Style>
        <Point>
          <altitudeMode>absolute</altitudeMode>
          <coordinates>18.485561,-33.942215,243.84</coordinates>
        </Point>
      </Placemark>
      <Placemark>
        <name>2025-11-02 07:41:17 UTC</name>
        <description><![CDATA[<div><div><span><b>Altitude:</b></span> <span>800 ft</span></div>
<div><span><b>Speed:</b></span> <span>129 kt</span></div>
<div><span><b>Heading:</b></span> <span>350&deg;</span></div>
</div>]]></description>
        <TimeStamp>
          <when>2025-11-02T07:41:17+00:00</when>
        </TimeStamp>
        <Style>
          <IconStyle>
            <heading>350</heading>
            <Icon>
              <href>http://maps.google.com/mapfiles/kml/shapes/airports.png</href>
            </Icon>
          </IconStyle>
        </Style>
        <Point>
          <altitudeMode>absolute</altitudeMode>
          <coordinates>18.485355,-33.940956,243.84</coordinates>
        </Point>
      </Placemark>
      <Placemark>
        <name>2025-11-02 07:41:19 UTC</name>
        <description><![CDATA[<div><div><span><b>Altitude:</b></span> <span>800 ft</span></div>
<div><span><b>Speed:</b></span> <span>129 kt</span></div>
<div><span><b>Heading:</b></span> <span>346&deg;</span></div>
</div>]]></description>
        <TimeStamp>
          <when>2025-11-02T07:41:19+00:00</when>
        </TimeStamp>
        <Style>
          <IconStyle>
            <heading>346</heading>
            <Icon>
              <href>http://maps.google.com/mapfiles/kml/shapes/airports.png</href>
            </Icon>
          </IconStyle>
        </Style>
        <Point>
          <altitudeMode>absolute</altitudeMode>
          <coordinates>18.485058,-33.939743,243.84</coordinates>
        </Point>
      </Placemark>
      <Placemark>
        <name>2025-11-02 07:41:22 UTC</name>
        <description><![CDATA[<div><div><span><b>Altitude:</b></span> <span>800 ft</span></div>
<div><span><b>Speed:</b></span> <span>129 kt</span></div>
<div><span><b>Heading:</b></span> <span>342&deg;</span></div>
</div>]]></description>
        <TimeStamp>
          <when>2025-11-02T07:41:22+00:00</when>
        </TimeStamp>
        <Style>
          <IconStyle>
            <heading>342</heading>
            <Icon>
              <href>http://maps.google.com/mapfiles/kml/shapes/airports.png</href>
            </Icon>
          </IconStyle>
        </Style>
        <Point>
          <altitudeMode>absolute</altitudeMode>
          <coordinates>18.484669,-33.938492,243.84</coordinates>
        </Point>
      </Placemark>
      <Placemark>
        <name>2025-11-02 07:41:24 UTC</name>
        <description><![CDATA[<div><div><span><b>Altitude:</b></span> <span>700 ft</span></div>
<div><span><b>Speed:</b></span> <span>129 kt</span></div>
<div><span><b>Heading:</b></span> <span>339&deg;</span></div>
</div>]]></description>
        <TimeStamp>
          <when>2025-11-02T07:41:24+00:00</when>
        </TimeStamp>
        <Style>
          <IconStyle>
            <heading>339</heading>
            <Icon>
              <href>http://maps.google.com/mapfiles/kml/shapes/airports.png</href>
            </Icon>
          </IconStyle>
        </Style>
        <Point>
          <altitudeMode>absolute</altitudeMode>
          <coordinates>18.484097,-33.937141,213.36</coordinates>
        </Point>
      </Placemark>
      <Placemark>
        <name>2025-11-02 07:41:26 UTC</name>
        <description><![CDATA[<div><div><span><b>Altitude:</b></span> <span>700 ft</span></div>
<div><span><b>Speed:</b></span> <span>128 kt</span></div>
<div><span><b>Heading:</b></span> <span>335&deg;</span></div>
</div>]]></description>
        <TimeStamp>
          <when>2025-11-02T07:41:26+00:00</when>
        </TimeStamp>
        <Style>
          <IconStyle>
            <heading>335</heading>
            <Icon>
              <href>http://maps.google.com/mapfiles/kml/shapes/airports.png</href>
            </Icon>
          </IconStyle>
        </Style>
        <Point>
          <altitudeMode>absolute</altitudeMode>
          <coordinates>18.483488,-33.936035,213.36</coordinates>
        </Point>
      </Placemark>
      <Placemark>
        <name>2025-11-02 07:41:28 UTC</name>
        <description><![CDATA[<div><div><span><b>Altitude:</b></span> <span>700 ft</span></div>
<div><span><b>Speed:</b></span> <span>128 kt</span></div>
<div><span><b>Heading:</b></span> <span>332&deg;</span></div>
</div>]]></description>
        <TimeStamp>
          <when>2025-11-02T07:41:28+00:00</when>
        </TimeStamp>
        <Style>
          <IconStyle>
            <heading>332</heading>
            <Icon>
              <href>http://maps.google.com/mapfiles/kml/shapes/airports.png</href>
            </Icon>
          </IconStyle>
        </Style>
        <Point>
          <altitudeMode>absolute</altitudeMode>
          <coordinates>18.482759,-33.934845,213.36</coordinates>
        </Point>
      </Placemark>
      <Placemark>
        <name>2025-11-02 07:41:30 UTC</name>
        <description><![CDATA[<div><div><span><b>Altitude:</b></span> <span>700 ft</span></div>
<div><span><b>Speed:</b></span> <span>126 kt</span></div>
<div><span><b>Heading:</b></span> <span>329&deg;</span></div>
</div>]]></description>
        <TimeStamp>
          <when>2025-11-02T07:41:30+00:00</when>
        </TimeStamp>
        <Style>
          <IconStyle>
            <heading>329</heading>
            <Icon>
              <href>http://maps.google.com/mapfiles/kml/shapes/airports.png</href>
            </Icon>
          </IconStyle>
        </Style>
        <Point>
          <altitudeMode>absolute</altitudeMode>
          <coordinates>18.482031,-33.933838,213.36</coordinates>
        </Point>
      </Placemark>
      <Placemark>
        <name>2025-11-02 07:41:32 UTC</name>
        <description><![CDATA[<div><div><span><b>Altitude:</b></span> <span>700 ft</span></div>
<div><span><b>Speed:</b></span> <span>127 kt</span></div>
<div><span><b>Heading:</b></span> <span>326&deg;</span></div>
</div>]]></description>
        <TimeStamp>
          <when>2025-11-02T07:41:32+00:00</when>
        </TimeStamp>
        <Style>
          <IconStyle>
            <heading>326</heading>
            <Icon>
              <href>http://maps.google.com/mapfiles/kml/shapes/airports.png</href>
            </Icon>
          </IconStyle>
        </Style>
        <Point>
          <altitudeMode>absolute</altitudeMode>
          <coordinates>18.481358,-33.932922,213.36</coordinates>
        </Point>
      </Placemark>
      <Placemark>
        <name>2025-11-02 07:41:34 UTC</name>
        <description><![CDATA[<div><div><span><b>Altitude:</b></span> <span>700 ft</span></div>
<div><span><b>Speed:</b></span> <span>126 kt</span></div>
<div><span><b>Heading:</b></span> <span>324&deg;</span></div>
</div>]]></description>
        <TimeStamp>
          <when>2025-11-02T07:41:34+00:00</when>
        </TimeStamp>
        <Style>
          <IconStyle>
            <heading>324</heading>
            <Icon>
              <href>http://maps.google.com/mapfiles/kml/shapes/airports.png</href>
            </Icon>
          </IconStyle>
        </Style>
        <Point>
          <altitudeMode>absolute</altitudeMode>
          <coordinates>18.480377,-33.93174,213.36</coordinates>
        </Point>
      </Placemark>
      <Placemark>
        <name>2025-11-02 07:41:36 UTC</name>
        <description><![CDATA[<div><div><span><b>Altitude:</b></span> <span>700 ft</span></div>
<div><span><b>Speed:</b></span> <span>126 kt</span></div>
<div><span><b>Heading:</b></span> <span>322&deg;</span></div>
</div>]]></description>
        <TimeStamp>
          <when>2025-11-02T07:41:36+00:00</when>
        </TimeStamp>
        <Style>
          <IconStyle>
            <heading>322</heading>
            <Icon>
              <href>http://maps.google.com/mapfiles/kml/shapes/airports.png</href>
            </Icon>
          </IconStyle>
        </Style>
        <Point>
          <altitudeMode>absolute</altitudeMode>
          <coordinates>18.479462,-33.930763,213.36</coordinates>
        </Point>
      </Placemark>
      <Placemark>
        <name>2025-11-02 07:41:39 UTC</name>
        <description><![CDATA[<div><div><span><b>Altitude:</b></span> <span>700 ft</span></div>
<div><span><b>Speed:</b></span> <span>125 kt</span></div>
<div><span><b>Heading:</b></span> <span>319&deg;</span></div>
</div>]]></description>
        <TimeStamp>
          <when>2025-11-02T07:41:39+00:00</when>
        </TimeStamp>
        <Style>
          <IconStyle>
            <heading>319</heading>
            <Icon>
              <href>http://maps.google.com/mapfiles/kml/shapes/airports.png</href>
            </Icon>
          </IconStyle>
        </Style>
        <Point>
          <altitudeMode>absolute</altitudeMode>
          <coordinates>18.478603,-33.929878,213.36</coordinates>
        </Point>
      </Placemark>
      <Placemark>
        <name>2025-11-02 07:41:42 UTC</name>
        <description><![CDATA[<div><div><span><b>Altitude:</b></span> <span>700 ft</span></div>
<div><span><b>Speed:</b></span> <span>124 kt</span></div>
<div><span><b>Heading:</b></span> <span>318&deg;</span></div>
</div>]]></description>
        <TimeStamp>
          <when>2025-11-02T07:41:42+00:00</when>
        </TimeStamp>
        <Style>
          <IconStyle>
            <heading>318</heading>
            <Icon>
              <href>http://maps.google.com/mapfiles/kml/shapes/airports.png</href>
            </Icon>
          </IconStyle>
        </Style>
        <Point>
          <altitudeMode>absolute</altitudeMode>
          <coordinates>18.477573,-33.928902,213.36</coordinates>
        </Point>
      </Placemark>
      <Placemark>
        <name>2025-11-02 07:41:45 UTC</name>
        <description><![CDATA[<div><div><span><b>Altitude:</b></span> <span>700 ft</span></div>
<div><span><b>Speed:</b></span> <span>125 kt</span></div>
<div><span><b>Heading:</b></span> <span>316&deg;</span></div>
</div>]]></description>
        <TimeStamp>
          <when>2025-11-02T07:41:45+00:00</when>
        </TimeStamp>
        <Style>
          <IconStyle>
            <heading>316</heading>
            <Icon>
              <href>http://maps.google.com/mapfiles/kml/shapes/airports.png</href>
            </Icon>
          </IconStyle>
        </Style>
        <Point>
          <altitudeMode>absolute</altitudeMode>
          <coordinates>18.475399,-33.926945,213.36</coordinates>
        </Point>
      </Placemark>
      <Placemark>
        <name>2025-11-02 07:41:48 UTC</name>
        <description><![CDATA[<div><div><span><b>Altitude:</b></span> <span>700 ft</span></div>
<div><span><b>Speed:</b></span> <span>125 kt</span></div>
<div><span><b>Heading:</b></span> <span>315&deg;</span></div>
</div>]]></description>
        <TimeStamp>
          <when>2025-11-02T07:41:48+00:00</when>
        </TimeStamp>
        <Style>
          <IconStyle>
            <heading>315</heading>
            <Icon>
              <href>http://maps.google.com/mapfiles/kml/shapes/airports.png</href>
            </Icon>
          </IconStyle>
        </Style>
        <Point>
          <altitudeMode>absolute</altitudeMode>
          <coordinates>18.474184,-33.925873,213.36</coordinates>
        </Point>
      </Placemark>
      <Placemark>
        <name>2025-11-02 07:41:51 UTC</name>
        <description><![CDATA[<div><div><span><b>Altitude:</b></span> <span>700 ft</span></div>
<div><span><b>Speed:</b></span> <span>125 kt</span></div>
<div><span><b>Heading:</b></span> <span>314&deg;</span></div>
</div>]]></description>
        <TimeStamp>
          <when>2025-11-02T07:41:51+00:00</when>
        </TimeStamp>
        <Style>
          <IconStyle>
            <heading>314</heading>
            <Icon>
              <href>http://maps.google.com/mapfiles/kml/shapes/airports.png</href>
            </Icon>
          </IconStyle>
        </Style>
        <Point>
          <altitudeMode>absolute</altitudeMode>
          <coordinates>18.472727,-33.924683,213.36</coordinates>
        </Point>
      </Placemark>
      <Placemark>
        <name>2025-11-02 07:41:53 UTC</name>
        <description><![CDATA[<div><div><span><b>Altitude:</b></span> <span>700 ft</span></div>
<div><span><b>Speed:</b></span> <span>125 kt</span></div>
<div><span><b>Heading:</b></span> <span>314&deg;</span></div>
</div>]]></description>
        <TimeStamp>
          <when>2025-11-02T07:41:53+00:00</when>
        </TimeStamp>
        <Style>
          <IconStyle>
            <heading>314</heading>
            <Icon>
              <href>http://maps.google.com/mapfiles/kml/shapes/airports.png</href>
            </Icon>
          </IconStyle>
        </Style>
        <Point>
          <altitudeMode>absolute</altitudeMode>
          <coordinates>18.471493,-33.923676,213.36</coordinates>
        </Point>
      </Placemark>
      <Placemark>
        <name>2025-11-02 07:41:55 UTC</name>
        <description><![CDATA[<div><div><span><b>Altitude:</b></span> <span>700 ft</span></div>
<div><span><b>Speed:</b></span> <span>125 kt</span></div>
<div><span><b>Heading:</b></span> <span>313&deg;</span></div>
</div>]]></description>
        <TimeStamp>
          <when>2025-11-02T07:41:55+00:00</when>
        </TimeStamp>
        <Style>
          <IconStyle>
            <heading>313</heading>
            <Icon>
              <href>http://maps.google.com/mapfiles/kml/shapes/airports.png</href>
            </Icon>
          </IconStyle>
        </Style>
        <Point>
          <altitudeMode>absolute</altitudeMode>
          <coordinates>18.470709,-33.923035,213.36</coordinates>
        </Point>
      </Placemark>
      <Placemark>
        <name>2025-11-02 07:41:58 UTC</name>
        <description><![CDATA[<div><div><span><b>Altitude:</b></span> <span>700 ft</span></div>
<div><span><b>Speed:</b></span> <span>126 kt</span></div>
<div><span><b>Heading:</b></span> <span>313&deg;</span></div>
</div>]]></description>
        <TimeStamp>
          <when>2025-11-02T07:41:58+00:00</when>
        </TimeStamp>
        <Style>
          <IconStyle>
            <heading>313</heading>
            <Icon>
              <href>http://maps.google.com/mapfiles/kml/shapes/airports.png</href>
            </Icon>
          </IconStyle>
        </Style>
        <Point>
          <altitudeMode>absolute</altitudeMode>
          <coordinates>18.469105,-33.92178,213.36</coordinates>
        </Point>
      </Placemark>
      <Placemark>
        <name>2025-11-02 07:42:00 UTC</name>
        <description><![CDATA[<div><div><span><b>Altitude:</b></span> <span>700 ft</span></div>
<div><span><b>Speed:</b></span> <span>127 kt</span></div>
<div><span><b>Heading:</b></span> <span>313&deg;</span></div>
</div>]]></description>
        <TimeStamp>
          <when>2025-11-02T07:42:00+00:00</when>
        </TimeStamp>
        <Style>
          <IconStyle>
            <heading>313</heading>
            <Icon>
              <href>http://maps.google.com/mapfiles/kml/shapes/airports.png</href>
            </Icon>
          </IconStyle>
        </Style>
        <Point>
          <altitudeMode>absolute</altitudeMode>
          <coordinates>18.46796,-33.920895,213.36</coordinates>
        </Point>
      </Placemark>
      <Placemark>
        <name>2025-11-02 07:42:02 UTC</name>
        <description><![CDATA[<div><div><span><b>Altitude:</b></span> <span>700 ft</span></div>
<div><span><b>Speed:</b></span> <span>128 kt</span></div>
<div><span><b>Heading:</b></span> <span>313&deg;</span></div>
</div>]]></description>
        <TimeStamp>
          <when>2025-11-02T07:42:02+00:00</when>
        </TimeStamp>
        <Style>
          <IconStyle>
            <heading>313</heading>
            <Icon>
              <href>http://maps.google.com/mapfiles/kml/shapes/airports.png</href>
            </Icon>
          </IconStyle>
        </Style>
        <Point>
          <altitudeMode>absolute</altitudeMode>
          <coordinates>18.466759,-33.919914,213.36</coordinates>
        </Point>
      </Placemark>
      <Placemark>
        <name>2025-11-02 07:42:05 UTC</name>
        <description><![CDATA[<div><div><span><b>Altitude:</b></span> <span>700 ft</span></div>
<div><span><b>Speed:</b></span> <span>129 kt</span></div>
<div><span><b>Heading:</b></span> <span>313&deg;</span></div>
</div>]]></description>
        <TimeStamp>
          <when>2025-11-02T07:42:05+00:00</when>
        </TimeStamp>
        <Style>
          <IconStyle>
            <heading>313</heading>
            <Icon>
              <href>http://maps.google.com/mapfiles/kml/shapes/airports.png</href>
            </Icon>
          </IconStyle>
        </Style>
        <Point>
          <altitudeMode>absolute</altitudeMode>
          <coordinates>18.465672,-33.919079,213.36</coordinates>
        </Point>
      </Placemark>
      <Placemark>
        <name>2025-11-02 07:42:07 UTC</name>
        <description><![CDATA[<div><div><span><b>Altitude:</b></span> <span>700 ft</span></div>
<div><span><b>Speed:</b></span> <span>129 kt</span></div>
<div><span><b>Heading:</b></span> <span>314&deg;</span></div>
</div>]]></description>
        <TimeStamp>
          <when>2025-11-02T07:42:07+00:00</when>
        </TimeStamp>
        <Style>
          <IconStyle>
            <heading>314</heading>
            <Icon>
              <href>http://maps.google.com/mapfiles/kml/shapes/airports.png</href>
            </Icon>
          </IconStyle>
        </Style>
        <Point>
          <altitudeMode>absolute</altitudeMode>
          <coordinates>18.464375,-33.918045,213.36</coordinates>
        </Point>
      </Placemark>
      <Placemark>
        <name>2025-11-02 07:42:09 UTC</name>
        <description><![CDATA[<div><div><span><b>Altitude:</b></span> <span>600 ft</span></div>
<div><span><b>Speed:</b></span> <span>129 kt</span></div>
<div><span><b>Heading:</b></span> <span>315&deg;</span></div>
</div>]]></description>
        <TimeStamp>
          <when>2025-11-02T07:42:09+00:00</when>
        </TimeStamp>
        <Style>
          <IconStyle>
            <heading>315</heading>
            <Icon>
              <href>http://maps.google.com/mapfiles/kml/shapes/airports.png</href>
            </Icon>
          </IconStyle>
        </Style>
        <Point>
          <altitudeMode>absolute</altitudeMode>
          <coordinates>18.463253,-33.91713,182.88</coordinates>
        </Point>
      </Placemark>
      <Placemark>
        <name>2025-11-02 07:42:12 UTC</name>
        <description><![CDATA[<div><div><span><b>Altitude:</b></span> <span>700 ft</span></div>
<div><span><b>Speed:</b></span> <span>128 kt</span></div>
<div><span><b>Heading:</b></span> <span>316&deg;</span></div>
</div>]]></description>
        <TimeStamp>
          <when>2025-11-02T07:42:12+00:00</when>
        </TimeStamp>
        <Style>
          <IconStyle>
            <heading>316</heading>
            <Icon>
              <href>http://maps.google.com/mapfiles/kml/shapes/airports.png</href>
            </Icon>
          </IconStyle>
        </Style>
        <Point>
          <altitudeMode>absolute</altitudeMode>
          <coordinates>18.461796,-33.915802,213.36</coordinates>
        </Point>
      </Placemark>
      <Placemark>
        <name>2025-11-02 07:42:14 UTC</name>
        <description><![CDATA[<div><div><span><b>Altitude:</b></span> <span>700 ft</span></div>
<div><span><b>Speed:</b></span> <span>128 kt</span></div>
<div><span><b>Heading:</b></span> <span>317&deg;</span></div>
</div>]]></description>
        <TimeStamp>
          <when>2025-11-02T07:42:14+00:00</when>
        </TimeStamp>
        <Style>
          <IconStyle>
            <heading>317</heading>
            <Icon>
              <href>http://maps.google.com/mapfiles/kml/shapes/airports.png</href>
            </Icon>
          </IconStyle>
        </Style>
        <Point>
          <altitudeMode>absolute</altitudeMode>
          <coordinates>18.460787,-33.914932,213.36</coordinates>
        </Point>
      </Placemark>
      <Placemark>
        <name>2025-11-02 07:42:17 UTC</name>
        <description><![CDATA[<div><div><span><b>Altitude:</b></span> <span>700 ft</span></div>
<div><span><b>Speed:</b></span> <span>127 kt</span></div>
<div><span><b>Heading:</b></span> <span>317&deg;</span></div>
</div>]]></description>
        <TimeStamp>
          <when>2025-11-02T07:42:17+00:00</when>
        </TimeStamp>
        <Style>
          <IconStyle>
            <heading>317</heading>
            <Icon>
              <href>http://maps.google.com/mapfiles/kml/shapes/airports.png</href>
            </Icon>
          </IconStyle>
        </Style>
        <Point>
          <altitudeMode>absolute</altitudeMode>
          <coordinates>18.459606,-33.913864,213.36</coordinates>
        </Point>
      </Placemark>
      <Placemark>
        <name>2025-11-02 07:42:19 UTC</name>
        <description><![CDATA[<div><div><span><b>Altitude:</b></span> <span>700 ft</span></div>
<div><span><b>Speed:</b></span> <span>127 kt</span></div>
<div><span><b>Heading:</b></span> <span>318&deg;</span></div>
</div>]]></description>
        <TimeStamp>
          <when>2025-11-02T07:42:19+00:00</when>
        </TimeStamp>
        <Style>
          <IconStyle>
            <heading>318</heading>
            <Icon>
              <href>http://maps.google.com/mapfiles/kml/shapes/airports.png</href>
            </Icon>
          </IconStyle>
        </Style>
        <Point>
          <altitudeMode>absolute</altitudeMode>
          <coordinates>18.458748,-33.913071,213.36</coordinates>
        </Point>
      </Placemark>
      <Placemark>
        <name>2025-11-02 07:42:21 UTC</name>
        <description><![CDATA[<div><div><span><b>Altitude:</b></span> <span>700 ft</span></div>
<div><span><b>Speed:</b></span> <span>126 kt</span></div>
<div><span><b>Heading:</b></span> <span>320&deg;</span></div>
</div>]]></description>
        <TimeStamp>
          <when>2025-11-02T07:42:21+00:00</when>
        </TimeStamp>
        <Style>
          <IconStyle>
            <heading>320</heading>
            <Icon>
              <href>http://maps.google.com/mapfiles/kml/shapes/airports.png</href>
            </Icon>
          </IconStyle>
        </Style>
        <Point>
          <altitudeMode>absolute</altitudeMode>
          <coordinates>18.457424,-33.911774,213.36</coordinates>
        </Point>
      </Placemark>
      <Placemark>
        <name>2025-11-02 07:42:24 UTC</name>
        <description><![CDATA[<div><div><span><b>Altitude:</b></span> <span>700 ft</span></div>
<div><span><b>Speed:</b></span> <span>126 kt</span></div>
<div><span><b>Heading:</b></span> <span>321&deg;</span></div>
</div>]]></description>
        <TimeStamp>
          <when>2025-11-02T07:42:24+00:00</when>
        </TimeStamp>
        <Style>
          <IconStyle>
            <heading>321</heading>
            <Icon>
              <href>http://maps.google.com/mapfiles/kml/shapes/airports.png</href>
            </Icon>
          </IconStyle>
        </Style>
        <Point>
          <altitudeMode>absolute</altitudeMode>
          <coordinates>18.456528,-33.910858,213.36</coordinates>
        </Point>
      </Placemark>
      <Placemark>
        <name>2025-11-02 07:42:26 UTC</name>
        <description><![CDATA[<div><div><span><b>Altitude:</b></span> <span>700 ft</span></div>
<div><span><b>Speed:</b></span> <span>126 kt</span></div>
<div><span><b>Heading:</b></span> <span>322&deg;</span></div>
</div>]]></description>
        <TimeStamp>
          <when>2025-11-02T07:42:26+00:00</when>
        </TimeStamp>
        <Style>
          <IconStyle>
            <heading>322</heading>
            <Icon>
              <href>http://maps.google.com/mapfiles/kml/shapes/airports.png</href>
            </Icon>
          </IconStyle>
        </Style>
        <Point>
          <altitudeMode>absolute</altitudeMode>
          <coordinates>18.455544,-33.909813,213.36</coordinates>
        </Point>
      </Placemark>
      <Placemark>
        <name>2025-11-02 07:42:28 UTC</name>
        <description><![CDATA[<div><div><span><b>Altitude:</b></span> <span>600 ft</span></div>
<div><span><b>Speed:</b></span> <span>124 kt</span></div>
<div><span><b>Heading:</b></span> <span>324&deg;</span></div>
</div>]]></description>
        <TimeStamp>
          <when>2025-11-02T07:42:28+00:00</when>
        </TimeStamp>
        <Style>
          <IconStyle>
            <heading>324</heading>
            <Icon>
              <href>http://maps.google.com/mapfiles/kml/shapes/airports.png</href>
            </Icon>
          </IconStyle>
        </Style>
        <Point>
          <altitudeMode>absolute</altitudeMode>
          <coordinates>18.45434,-33.908432,182.88</coordinates>
        </Point>
      </Placemark>
      <Placemark>
        <name>2025-11-02 07:42:30 UTC</name>
        <description><![CDATA[<div><div><span><b>Altitude:</b></span> <span>600 ft</span></div>
<div><span><b>Speed:</b></span> <span>122 kt</span></div>
<div><span><b>Heading:</b></span> <span>325&deg;</span></div>
</div>]]></description>
        <TimeStamp>
          <when>2025-11-02T07:42:30+00:00</when>
        </TimeStamp>
        <Style>
          <IconStyle>
            <heading>325</heading>
            <Icon>
              <href>http://maps.google.com/mapfiles/kml/shapes/airports.png</href>
            </Icon>
          </IconStyle>
        </Style>
        <Point>
          <altitudeMode>absolute</altitudeMode>
          <coordinates>18.453541,-33.90744,182.88</coordinates>
        </Point>
      </Placemark>
      <Placemark>
        <name>2025-11-02 07:42:33 UTC</name>
        <description><![CDATA[<div><div><span><b>Altitude:</b></span> <span>600 ft</span></div>
<div><span><b>Speed:</b></span> <span>119 kt</span></div>
<div><span><b>Heading:</b></span> <span>326&deg;</span></div>
</div>]]></description>
        <TimeStamp>
          <when>2025-11-02T07:42:33+00:00</when>
        </TimeStamp>
        <Style>
          <IconStyle>
            <heading>326</heading>
            <Icon>
              <href>http://maps.google.com/mapfiles/kml/shapes/airports.png</href>
            </Icon>
          </IconStyle>
        </Style>
        <Point>
          <altitudeMode>absolute</altitudeMode>
          <coordinates>18.452772,-33.906464,182.88</coordinates>
        </Point>
      </Placemark>
      <Placemark>
        <name>2025-11-02 07:42:35 UTC</name>
        <description><![CDATA[<div><div><span><b>Altitude:</b></span> <span>600 ft</span></div>
<div><span><b>Speed:</b></span> <span>118 kt</span></div>
<div><span><b>Heading:</b></span> <span>327&deg;</span></div>
</div>]]></description>
        <TimeStamp>
          <when>2025-11-02T07:42:35+00:00</when>
        </TimeStamp>
        <Style>
          <IconStyle>
            <heading>327</heading>
            <Icon>
              <href>http://maps.google.com/mapfiles/kml/shapes/airports.png</href>
            </Icon>
          </IconStyle>
        </Style>
        <Point>
          <altitudeMode>absolute</altitudeMode>
          <coordinates>18.452211,-33.905731,182.88</coordinates>
        </Point>
      </Placemark>
      <Placemark>
        <name>2025-11-02 07:42:37 UTC</name>
        <description><![CDATA[<div><div><span><b>Altitude:</b></span> <span>600 ft</span></div>
<div><span><b>Speed:</b></span> <span>117 kt</span></div>
<div><span><b>Heading:</b></span> <span>328&deg;</span></div>
</div>]]></description>
        <TimeStamp>
          <when>2025-11-02T07:42:37+00:00</when>
        </TimeStamp>
        <Style>
          <IconStyle>
            <heading>328</heading>
            <Icon>
              <href>http://maps.google.com/mapfiles/kml/shapes/airports.png</href>
            </Icon>
          </IconStyle>
        </Style>
        <Point>
          <altitudeMode>absolute</altitudeMode>
          <coordinates>18.451258,-33.904541,182.88</coordinates>
        </Point>
      </Placemark>
      <Placemark>
        <name>2025-11-02 07:42:39 UTC</name>
        <description><![CDATA[<div><div><span><b>Altitude:</b></span> <span>600 ft</span></div>
<div><span><b>Speed:</b></span> <span>116 kt</span></div>
<div><span><b>Heading:</b></span> <span>329&deg;</span></div>
</div>]]></description>
        <TimeStamp>
          <when>2025-11-02T07:42:39+00:00</when>
        </TimeStamp>
        <Style>
          <IconStyle>
            <heading>329</heading>
            <Icon>
              <href>http://maps.google.com/mapfiles/kml/shapes/airports.png</href>
            </Icon>
          </IconStyle>
        </Style>
        <Point>
          <altitudeMode>absolute</altitudeMode>
          <coordinates>18.450565,-33.903576,182.88</coordinates>
        </Point>
      </Placemark>
      <Placemark>
        <name>2025-11-02 07:42:41 UTC</name>
        <description><![CDATA[<div><div><span><b>Altitude:</b></span> <span>600 ft</span></div>
<div><span><b>Speed:</b></span> <span>114 kt</span></div>
<div><span><b>Heading:</b></span> <span>329&deg;</span></div>
</div>]]></description>
        <TimeStamp>
          <when>2025-11-02T07:42:41+00:00</when>
        </TimeStamp>
        <Style>
          <IconStyle>
            <heading>329</heading>
            <Icon>
              <href>http://maps.google.com/mapfiles/kml/shapes/airports.png</href>
            </Icon>
          </IconStyle>
        </Style>
        <Point>
          <altitudeMode>absolute</altitudeMode>
          <coordinates>18.449936,-33.902645,182.88</coordinates>
        </Point>
      </Placemark>
      <Placemark>
        <name>2025-11-02 07:42:44 UTC</name>
        <description><![CDATA[<div><div><span><b>Altitude:</b></span> <span>600 ft</span></div>
<div><span><b>Speed:</b></span> <span>111 kt</span></div>
<div><span><b>Heading:</b></span> <span>331&deg;</span></div>
</div>]]></description>
        <TimeStamp>
          <when>2025-11-02T07:42:44+00:00</when>
        </TimeStamp>
        <Style>
          <IconStyle>
            <heading>331</heading>
            <Icon>
              <href>http://maps.google.com/mapfiles/kml/shapes/airports.png</href>
            </Icon>
          </IconStyle>
        </Style>
        <Point>
          <altitudeMode>absolute</altitudeMode>
          <coordinates>18.449127,-33.901474,182.88</coordinates>
        </Point>
      </Placemark>
      <Placemark>
        <name>2025-11-02 07:42:46 UTC</name>
        <description><![CDATA[<div><div><span><b>Altitude:</b></span> <span>600 ft</span></div>
<div><span><b>Speed:</b></span> <span>110 kt</span></div>
<div><span><b>Heading:</b></span> <span>331&deg;</span></div>
</div>]]></description>
        <TimeStamp>
          <when>2025-11-02T07:42:46+00:00</when>
        </TimeStamp>
        <Style>
          <IconStyle>
            <heading>331</heading>
            <Icon>
              <href>http://maps.google.com/mapfiles/kml/shapes/airports.png</href>
            </Icon>
          </IconStyle>
        </Style>
        <Point>
          <altitudeMode>absolute</altitudeMode>
          <coordinates>18.448563,-33.900597,182.88</coordinates>
        </Point>
      </Placemark>
      <Placemark>
        <name>2025-11-02 07:42:48 UTC</name>
        <description><![CDATA[<div><div><span><b>Altitude:</b></span> <span>600 ft</span></div>
<div><span><b>Speed:</b></span> <span>108 kt</span></div>
<div><span><b>Heading:</b></span> <span>332&deg;</span></div>
</div>]]></description>
        <TimeStamp>
          <when>2025-11-02T07:42:48+00:00</when>
        </TimeStamp>
        <Style>
          <IconStyle>
            <heading>332</heading>
            <Icon>
              <href>http://maps.google.com/mapfiles/kml/shapes/airports.png</href>
            </Icon>
          </IconStyle>
        </Style>
        <Point>
          <altitudeMode>absolute</altitudeMode>
          <coordinates>18.447819,-33.899479,182.88</coordinates>
        </Point>
      </Placemark>
      <Placemark>
        <name>2025-11-02 07:42:50 UTC</name>
        <description><![CDATA[<div><div><span><b>Altitude:</b></span> <span>600 ft</span></div>
<div><span><b>Speed:</b></span> <span>107 kt</span></div>
<div><span><b>Heading:</b></span> <span>331&deg;</span></div>
</div>]]></description>
        <TimeStamp>
          <when>2025-11-02T07:42:50+00:00</when>
        </TimeStamp>
        <Style>
          <IconStyle>
            <heading>331</heading>
            <Icon>
              <href>http://maps.google.com/mapfiles/kml/shapes/airports.png</href>
            </Icon>
          </IconStyle>
        </Style>
        <Point>
          <altitudeMode>absolute</altitudeMode>
          <coordinates>18.447222,-33.898544,182.88</coordinates>
        </Point>
      </Placemark>
      <Placemark>
        <name>2025-11-02 07:42:52 UTC</name>
        <description><![CDATA[<div><div><span><b>Altitude:</b></span> <span>600 ft</span></div>
<div><span><b>Speed:</b></span> <span>106 kt</span></div>
<div><span><b>Heading:</b></span> <span>330&deg;</span></div>
</div>]]></description>
        <TimeStamp>
          <when>2025-11-02T07:42:52+00:00</when>
        </TimeStamp>
        <Style>
          <IconStyle>
            <heading>330</heading>
            <Icon>
              <href>http://maps.google.com/mapfiles/kml/shapes/airports.png</href>
            </Icon>
          </IconStyle>
        </Style>
        <Point>
          <altitudeMode>absolute</altitudeMode>
          <coordinates>18.446548,-33.897537,182.88</coordinates>
        </Point>
      </Placemark>
      <Placemark>
        <name>2025-11-02 07:42:54 UTC</name>
        <description><![CDATA[<div><div><span><b>Altitude:</b></span> <span>500 ft</span></div>
<div><span><b>Speed:</b></span> <span>105 kt</span></div>
<div><span><b>Heading:</b></span> <span>328&deg;</span></div>
</div>]]></description>
        <TimeStamp>
          <when>2025-11-02T07:42:54+00:00</when>
        </TimeStamp>
        <Style>
          <IconStyle>
            <heading>328</heading>
            <Icon>
              <href>http://maps.google.com/mapfiles/kml/shapes/airports.png</href>
            </Icon>
          </IconStyle>
        </Style>
        <Point>
          <altitudeMode>absolute</altitudeMode>
          <coordinates>18.445873,-33.896641,152.4</coordinates>
        </Point>
      </Placemark>
      <Placemark>
        <name>2025-11-02 07:42:57 UTC</name>
        <description><![CDATA[<div><div><span><b>Altitude:</b></span> <span>500 ft</span></div>
<div><span><b>Speed:</b></span> <span>104 kt</span></div>
<div><span><b>Heading:</b></span> <span>324&deg;</span></div>
</div>]]></description>
        <TimeStamp>
          <when>2025-11-02T07:42:57+00:00</when>
        </TimeStamp>
        <Style>
          <IconStyle>
            <heading>324</heading>
            <Icon>
              <href>http://maps.google.com/mapfiles/kml/shapes/airports.png</href>
            </Icon>
          </IconStyle>
        </Style>
        <Point>
          <altitudeMode>absolute</altitudeMode>
          <coordinates>18.445301,-33.895943,152.4</coordinates>
        </Point>
      </Placemark>
      <Placemark>
        <name>2025-11-02 07:42:59 UTC</name>
        <description><![CDATA[<div><div><span><b>Altitude:</b></span> <span>500 ft</span></div>
<div><span><b>Speed:</b></span> <span>101 kt</span></div>
<div><span><b>Heading:</b></span> <span>319&deg;</span></div>
</div>]]></description>
        <TimeStamp>
          <when>2025-11-02T07:42:59+00:00</when>
        </TimeStamp>
        <Style>
          <IconStyle>
            <heading>319</heading>
            <Icon>
              <href>http://maps.google.com/mapfiles/kml/shapes/airports.png</href>
            </Icon>
          </IconStyle>
        </Style>
        <Point>
          <altitudeMode>absolute</altitudeMode>
          <coordinates>18.444588,-33.895157,152.4</coordinates>
        </Point>
      </Placemark>
      <Placemark>
        <name>2025-11-02 07:43:01 UTC</name>
        <description><![CDATA[<div><div><span><b>Altitude:</b></span> <span>500 ft</span></div>
<div><span><b>Speed:</b></span> <span>99 kt</span></div>
<div><span><b>Heading:</b></span> <span>314&deg;</span></div>
</div>]]></description>
        <TimeStamp>
          <when>2025-11-02T07:43:01+00:00</when>
        </TimeStamp>
        <Style>
          <IconStyle>
            <heading>314</heading>
            <Icon>
              <href>http://maps.google.com/mapfiles/kml/shapes/airports.png</href>
            </Icon>
          </IconStyle>
        </Style>
        <Point>
          <altitudeMode>absolute</altitudeMode>
          <coordinates>18.443584,-33.894314,152.4</coordinates>
        </Point>
      </Placemark>
      <Placemark>
        <name>2025-11-02 07:43:03 UTC</name>
        <description><![CDATA[<div><div><span><b>Altitude:</b></span> <span>500 ft</span></div>
<div><span><b>Speed:</b></span> <span>96 kt</span></div>
<div><span><b>Heading:</b></span> <span>304&deg;</span></div>
</div>]]></description>
        <TimeStamp>
          <when>2025-11-02T07:43:03+00:00</when>
        </TimeStamp>
        <Style>
          <IconStyle>
            <heading>304</heading>
            <Icon>
              <href>http://maps.google.com/mapfiles/kml/shapes/airports.png</href>
            </Icon>
          </IconStyle>
        </Style>
        <Point>
          <altitudeMode>absolute</altitudeMode>
          <coordinates>18.442898,-33.893894,152.4</coordinates>
        </Point>
      </Placemark>
      <Placemark>
        <name>2025-11-02 07:43:06 UTC</name>
        <description><![CDATA[<div><div><span><b>Altitude:</b></span> <span>400 ft</span></div>
<div><span><b>Speed:</b></span> <span>93 kt</span></div>
<div><span><b>Heading:</b></span> <span>294&deg;</span></div>
</div>]]></description>
        <TimeStamp>
          <when>2025-11-02T07:43:06+00:00</when>
        </TimeStamp>
        <Style>
          <IconStyle>
            <heading>294</heading>
            <Icon>
              <href>http://maps.google.com/mapfiles/kml/shapes/airports.png</href>
            </Icon>
          </IconStyle>
        </Style>
        <Point>
          <altitudeMode>absolute</altitudeMode>
          <coordinates>18.441786,-33.893326,121.92</coordinates>
        </Point>
      </Placemark>
      <Placemark>
        <name>2025-11-02 07:43:08 UTC</name>
        <description><![CDATA[<div><div><span><b>Altitude:</b></span> <span>400 ft</span></div>
<div><span><b>Speed:</b></span> <span>91 kt</span></div>
<div><span><b>Heading:</b></span> <span>287&deg;</span></div>
</div>]]></description>
        <TimeStamp>
          <when>2025-11-02T07:43:08+00:00</when>
        </TimeStamp>
        <Style>
          <IconStyle>
            <heading>287</heading>
            <Icon>
              <href>http://maps.google.com/mapfiles/kml/shapes/airports.png</href>
            </Icon>
          </IconStyle>
        </Style>
        <Point>
          <altitudeMode>absolute</altitudeMode>
          <coordinates>18.440495,-33.892914,121.92</coordinates>
        </Point>
      </Placemark>
      <Placemark>
        <name>2025-11-02 07:43:10 UTC</name>
        <description><![CDATA[<div><div><span><b>Altitude:</b></span> <span>400 ft</span></div>
<div><span><b>Speed:</b></span> <span>89 kt</span></div>
<div><span><b>Heading:</b></span> <span>279&deg;</span></div>
</div>]]></description>
        <TimeStamp>
          <when>2025-11-02T07:43:10+00:00</when>
        </TimeStamp>
        <Style>
          <IconStyle>
            <heading>279</heading>
            <Icon>
              <href>http://maps.google.com/mapfiles/kml/shapes/airports.png</href>
            </Icon>
          </IconStyle>
        </Style>
        <Point>
          <altitudeMode>absolute</altitudeMode>
          <coordinates>18.439407,-33.892731,121.92</coordinates>
        </Point>
      </Placemark>
      <Placemark>
        <name>2025-11-02 07:43:12 UTC</name>
        <description><![CDATA[<div><div><span><b>Altitude:</b></span> <span>400 ft</span></div>
<div><span><b>Speed:</b></span> <span>85 kt</span></div>
<div><span><b>Heading:</b></span> <span>268&deg;</span></div>
</div>]]></description>
        <TimeStamp>
          <when>2025-11-02T07:43:12+00:00</when>
        </TimeStamp>
        <Style>
          <IconStyle>
            <heading>268</heading>
            <Icon>
              <href>http://maps.google.com/mapfiles/kml/shapes/airports.png</href>
            </Icon>
          </IconStyle>
        </Style>
        <Point>
          <altitudeMode>absolute</altitudeMode>
          <coordinates>18.438663,-33.892681,121.92</coordinates>
        </Point>
      </Placemark>
      <Placemark>
        <name>2025-11-02 07:43:14 UTC</name>
        <description><![CDATA[<div><div><span><b>Altitude:</b></span> <span>300 ft</span></div>
<div><span><b>Speed:</b></span> <span>81 kt</span></div>
<div><span><b>Heading:</b></span> <span>260&deg;</span></div>
</div>]]></description>
        <TimeStamp>
          <when>2025-11-02T07:43:14+00:00</when>
        </TimeStamp>
        <Style>
          <IconStyle>
            <heading>260</heading>
            <Icon>
              <href>http://maps.google.com/mapfiles/kml/shapes/airports.png</href>
            </Icon>
          </IconStyle>
        </Style>
        <Point>
          <altitudeMode>absolute</altitudeMode>
          <coordinates>18.43729,-33.892776,91.44</coordinates>
        </Point>
      </Placemark>
      <Placemark>
        <name>2025-11-02 07:43:17 UTC</name>
        <description><![CDATA[<div><div><span><b>Altitude:</b></span> <span>300 ft</span></div>
<div><span><b>Speed:</b></span> <span>74 kt</span></div>
<div><span><b>Heading:</b></span> <span>251&deg;</span></div>
</div>]]></description>
        <TimeStamp>
          <when>2025-11-02T07:43:17+00:00</when>
        </TimeStamp>
        <Style>
          <IconStyle>
            <heading>251</heading>
            <Icon>
              <href>http://maps.google.com/mapfiles/kml/shapes/airports.png</href>
            </Icon>
          </IconStyle>
        </Style>
        <Point>
          <altitudeMode>absolute</altitudeMode>
          <coordinates>18.436909,-33.892914,91.44</coordinates>
        </Point>
      </Placemark>
      <Placemark>
        <name>2025-11-02 07:43:19 UTC</name>
        <description><![CDATA[<div><div><span><b>Altitude:</b></span> <span>300 ft</span></div>
<div><span><b>Speed:</b></span> <span>72 kt</span></div>
<div><span><b>Heading:</b></span> <span>242&deg;</span></div>
</div>]]></description>
        <TimeStamp>
          <when>2025-11-02T07:43:19+00:00</when>
        </TimeStamp>
        <Style>
          <IconStyle>
            <heading>242</heading>
            <Icon>
              <href>http://maps.google.com/mapfiles/kml/shapes/airports.png</href>
            </Icon>
          </IconStyle>
        </Style>
        <Point>
          <altitudeMode>absolute</altitudeMode>
          <coordinates>18.435562,-33.893326,91.44</coordinates>
        </Point>
      </Placemark>
      <Placemark>
        <name>2025-11-02 07:43:21 UTC</name>
        <description><![CDATA[<div><div><span><b>Altitude:</b></span> <span>200 ft</span></div>
<div><span><b>Speed:</b></span> <span>68 kt</span></div>
<div><span><b>Heading:</b></span> <span>236&deg;</span></div>
</div>]]></description>
        <TimeStamp>
          <when>2025-11-02T07:43:21+00:00</when>
        </TimeStamp>
        <Style>
          <IconStyle>
            <heading>236</heading>
            <Icon>
              <href>http://maps.google.com/mapfiles/kml/shapes/airports.png</href>
            </Icon>
          </IconStyle>
        </Style>
        <Point>
          <altitudeMode>absolute</altitudeMode>
          <coordinates>18.434944,-33.893661,60.96</coordinates>
        </Point>
      </Placemark>
      <Placemark>
        <name>2025-11-02 07:43:23 UTC</name>
        <description><![CDATA[<div><div><span><b>Altitude:</b></span> <span>200 ft</span></div>
<div><span><b>Speed:</b></span> <span>66 kt</span></div>
<div><span><b>Heading:</b></span> <span>231&deg;</span></div>
</div>]]></description>
        <TimeStamp>
          <when>2025-11-02T07:43:23+00:00</when>
        </TimeStamp>
        <Style>
          <IconStyle>
            <heading>231</heading>
            <Icon>
              <href>http://maps.google.com/mapfiles/kml/shapes/airports.png</href>
            </Icon>
          </IconStyle>
        </Style>
        <Point>
          <altitudeMode>absolute</altitudeMode>
          <coordinates>18.434315,-33.894032,60.96</coordinates>
        </Point>
      </Placemark>
      <Placemark>
        <name>2025-11-02 07:43:25 UTC</name>
        <description><![CDATA[<div><div><span><b>Altitude:</b></span> <span>100 ft</span></div>
<div><span><b>Speed:</b></span> <span>65 kt</span></div>
<div><span><b>Heading:</b></span> <span>229&deg;</span></div>
</div>]]></description>
        <TimeStamp>
          <when>2025-11-02T07:43:25+00:00</when>
        </TimeStamp>
        <Style>
          <IconStyle>
            <heading>229</heading>
            <Icon>
              <href>http://maps.google.com/mapfiles/kml/shapes/airports.png</href>
            </Icon>
          </IconStyle>
        </Style>
        <Point>
          <altitudeMode>absolute</altitudeMode>
          <coordinates>18.433571,-33.894547,30.48</coordinates>
        </Point>
      </Placemark>
      <Placemark>
        <name>2025-11-02 07:43:27 UTC</name>
        <description><![CDATA[<div><div><span><b>Altitude:</b></span> <span>100 ft</span></div>
<div><span><b>Speed:</b></span> <span>65 kt</span></div>
<div><span><b>Heading:</b></span> <span>228&deg;</span></div>
</div>]]></description>
        <TimeStamp>
          <when>2025-11-02T07:43:27+00:00</when>
        </TimeStamp>
        <Style>
          <IconStyle>
            <heading>228</heading>
            <Icon>
              <href>http://maps.google.com/mapfiles/kml/shapes/airports.png</href>
            </Icon>
          </IconStyle>
        </Style>
        <Point>
          <altitudeMode>absolute</altitudeMode>
          <coordinates>18.433113,-33.894871,30.48</coordinates>
        </Point>
      </Placemark>
      <Placemark>
        <name>2025-11-02 07:43:28 UTC</name>
        <description><![CDATA[<div><div><span><b>Altitude:</b></span> <span>100 ft</span></div>
<div><span><b>Speed:</b></span> <span>65 kt</span></div>
<div><span><b>Heading:</b></span> <span>228&deg;</span></div>
</div>]]></description>
        <TimeStamp>
          <when>2025-11-02T07:43:28+00:00</when>
        </TimeStamp>
        <Style>
          <IconStyle>
            <heading>228</heading>
            <Icon>
              <href>http://maps.google.com/mapfiles/kml/shapes/airports.png</href>
            </Icon>
          </IconStyle>
        </Style>
        <Point>
          <altitudeMode>absolute</altitudeMode>
          <coordinates>18.432884,-33.895058,30.48</coordinates>
        </Point>
      </Placemark>
      <Placemark>
        <name>2025-11-02 07:43:30 UTC</name>
        <description><![CDATA[<div><div><span><b>Altitude:</b></span> <span>100 ft</span></div>
<div><span><b>Speed:</b></span> <span>65 kt</span></div>
<div><span><b>Heading:</b></span> <span>228&deg;</span></div>
</div>]]></description>
        <TimeStamp>
          <when>2025-11-02T07:43:30+00:00</when>
        </TimeStamp>
        <Style>
          <IconStyle>
            <heading>228</heading>
            <Icon>
              <href>http://maps.google.com/mapfiles/kml/shapes/airports.png</href>
            </Icon>
          </IconStyle>
        </Style>
        <Point>
          <altitudeMode>absolute</altitudeMode>
          <coordinates>18.432598,-33.89529,30.48</coordinates>
        </Point>
      </Placemark>
      <Placemark>
        <name>2025-11-02 07:43:31 UTC</name>
        <description><![CDATA[<div><div><span><b>Altitude:</b></span> <span>100 ft</span></div>
<div><span><b>Speed:</b></span> <span>65 kt</span></div>
<div><span><b>Heading:</b></span> <span>227&deg;</span></div>
</div>]]></description>
        <TimeStamp>
          <when>2025-11-02T07:43:31+00:00</when>
        </TimeStamp>
        <Style>
          <IconStyle>
            <heading>227</heading>
            <Icon>
              <href>http://maps.google.com/mapfiles/kml/shapes/airports.png</href>
            </Icon>
          </IconStyle>
        </Style>
        <Point>
          <altitudeMode>absolute</altitudeMode>
          <coordinates>18.43214,-33.895615,30.48</coordinates>
        </Point>
      </Placemark>
      <Placemark>
        <name>2025-11-02 07:43:33 UTC</name>
        <description><![CDATA[<div><div><span><b>Altitude:</b></span> <span>100 ft</span></div>
<div><span><b>Speed:</b></span> <span>65 kt</span></div>
<div><span><b>Heading:</b></span> <span>227&deg;</span></div>
</div>]]></description>
        <TimeStamp>
          <when>2025-11-02T07:43:33+00:00</when>
        </TimeStamp>
        <Style>
          <IconStyle>
            <heading>227</heading>
            <Icon>
              <href>http://maps.google.com/mapfiles/kml/shapes/airports.png</href>
            </Icon>
          </IconStyle>
        </Style>
        <Point>
          <altitudeMode>absolute</altitudeMode>
          <coordinates>18.431911,-33.895802,30.48</coordinates>
        </Point>
      </Placemark>
      <Placemark>
        <name>2025-11-02 07:43:34 UTC</name>
        <description><![CDATA[<div><div><span><b>Altitude:</b></span> <span>0 ft</span></div>
<div><span><b>Speed:</b></span> <span>63 kt</span></div>
<div><span><b>Heading:</b></span> <span>226&deg;</span></div>
</div>]]></description>
        <TimeStamp>
          <when>2025-11-02T07:43:34+00:00</when>
        </TimeStamp>
        <Style>
          <IconStyle>
            <heading>226</heading>
            <Icon>
              <href>http://maps.google.com/mapfiles/kml/shapes/airports.png</href>
            </Icon>
          </IconStyle>
        </Style>
        <Point>
          <altitudeMode>absolute</altitudeMode>
          <coordinates>18.431248,-33.896301,0</coordinates>
        </Point>
      </Placemark>
      <Placemark>
        <name>2025-11-02 07:43:36 UTC</name>
        <description><![CDATA[<div><div><span><b>Altitude:</b></span> <span>0 ft</span></div>
<div><span><b>Speed:</b></span> <span>62 kt</span></div>
<div><span><b>Heading:</b></span> <span>225&deg;</span></div>
</div>]]></description>
        <TimeStamp>
          <when>2025-11-02T07:43:36+00:00</when>
        </TimeStamp>
        <Style>
          <IconStyle>
            <heading>225</heading>
            <Icon>
              <href>http://maps.google.com/mapfiles/kml/shapes/airports.png</href>
            </Icon>
          </IconStyle>
        </Style>
        <Point>
          <altitudeMode>absolute</altitudeMode>
          <coordinates>18.430742,-33.896713,0</coordinates>
        </Point>
      </Placemark>
      <Placemark>
        <name>2025-11-02 07:43:38 UTC</name>
        <description><![CDATA[<div><div><span><b>Altitude:</b></span> <span>0 ft</span></div>
<div><span><b>Speed:</b></span> <span>60 kt</span></div>
<div><span><b>Heading:</b></span> <span>224&deg;</span></div>
</div>]]></description>
        <TimeStamp>
          <when>2025-11-02T07:43:38+00:00</when>
        </TimeStamp>
        <Style>
          <IconStyle>
            <heading>224</heading>
            <Icon>
              <href>http://maps.google.com/mapfiles/kml/shapes/airports.png</href>
            </Icon>
          </IconStyle>
        </Style>
        <Point>
          <altitudeMode>absolute</altitudeMode>
          <coordinates>18.430519,-33.896942,0</coordinates>
        </Point>
      </Placemark>
      <Placemark>
        <name>2025-11-02 07:43:39 UTC</name>
        <description><![CDATA[<div><div><span><b>Altitude:</b></span> <span>0 ft</span></div>
<div><span><b>Speed:</b></span> <span>60 kt</span></div>
<div><span><b>Heading:</b></span> <span>224&deg;</span></div>
</div>]]></description>
        <TimeStamp>
          <when>2025-11-02T07:43:39+00:00</when>
        </TimeStamp>
        <Style>
          <IconStyle>
            <heading>224</heading>
            <Icon>
              <href>http://maps.google.com/mapfiles/kml/shapes/airports.png</href>
            </Icon>
          </IconStyle>
        </Style>
        <Point>
          <altitudeMode>absolute</altitudeMode>
          <coordinates>18.430126,-33.897263,0</coordinates>
        </Point>
      </Placemark>
      <Placemark>
        <name>2025-11-02 07:43:40 UTC</name>
        <description><![CDATA[<div><div><span><b>Altitude:</b></span> <span>0 ft</span></div>
<div><span><b>Speed:</b></span> <span>58 kt</span></div>
<div><span><b>Heading:</b></span> <span>223&deg;</span></div>
</div>]]></description>
        <TimeStamp>
          <when>2025-11-02T07:43:40+00:00</when>
        </TimeStamp>
        <Style>
          <IconStyle>
            <heading>223</heading>
            <Icon>
              <href>http://maps.google.com/mapfiles/kml/shapes/airports.png</href>
            </Icon>
          </IconStyle>
        </Style>
        <Point>
          <altitudeMode>absolute</altitudeMode>
          <coordinates>18.42979,-33.897537,0</coordinates>
        </Point>
      </Placemark>
      <Placemark>
        <name>2025-11-02 07:43:43 UTC</name>
        <description><![CDATA[<div><div><span><b>Altitude:</b></span> <span>0 ft</span></div>
<div><span><b>Speed:</b></span> <span>53 kt</span></div>
<div><span><b>Heading:</b></span> <span>222&deg;</span></div>
</div>]]></description>
        <TimeStamp>
          <when>2025-11-02T07:43:43+00:00</when>
        </TimeStamp>
        <Style>
          <IconStyle>
            <heading>222</heading>
            <Icon>
              <href>http://maps.google.com/mapfiles/kml/shapes/airports.png</href>
            </Icon>
          </IconStyle>
        </Style>
        <Point>
          <altitudeMode>absolute</altitudeMode>
          <coordinates>18.429398,-33.897903,0</coordinates>
        </Point>
      </Placemark>
      <Placemark>
        <name>2025-11-02 07:43:46 UTC</name>
        <description><![CDATA[<div><div><span><b>Altitude:</b></span> <span>0 ft</span></div>
<div><span><b>Speed:</b></span> <span>51 kt</span></div>
<div><span><b>Heading:</b></span> <span>222&deg;</span></div>
</div>]]></description>
        <TimeStamp>
          <when>2025-11-02T07:43:46+00:00</when>
        </TimeStamp>
        <Style>
          <IconStyle>
            <heading>222</heading>
            <Icon>
              <href>http://maps.google.com/mapfiles/kml/shapes/airports.png</href>
            </Icon>
          </IconStyle>
        </Style>
        <Point>
          <altitudeMode>absolute</altitudeMode>
          <coordinates>18.428724,-33.898499,0</coordinates>
        </Point>
      </Placemark>
      <Placemark>
        <name>2025-11-02 07:43:50 UTC</name>
        <description><![CDATA[<div><div><span><b>Altitude:</b></span> <span>0 ft</span></div>
<div><span><b>Speed:</b></span> <span>39 kt</span></div>
<div><span><b>Heading:</b></span> <span>218&deg;</span></div>
</div>]]></description>
        <TimeStamp>
          <when>2025-11-02T07:43:50+00:00</when>
        </TimeStamp>
        <Style>
          <IconStyle>
            <heading>218</heading>
            <Icon>
              <href>http://maps.google.com/mapfiles/kml/shapes/airports.png</href>
            </Icon>
          </IconStyle>
        </Style>
        <Point>
          <altitudeMode>absolute</altitudeMode>
          <coordinates>18.428556,-33.898727,0</coordinates>
        </Point>
      </Placemark>
      <Placemark>
        <name>2025-11-02 07:43:51 UTC</name>
        <description><![CDATA[<div><div><span><b>Altitude:</b></span> <span>0 ft</span></div>
<div><span><b>Speed:</b></span> <span>38 kt</span></div>
<div><span><b>Heading:</b></span> <span>218&deg;</span></div>
</div>]]></description>
        <TimeStamp>
          <when>2025-11-02T07:43:51+00:00</when>
        </TimeStamp>
        <Style>
          <IconStyle>
            <heading>218</heading>
            <Icon>
              <href>http://maps.google.com/mapfiles/kml/shapes/airports.png</href>
            </Icon>
          </IconStyle>
        </Style>
        <Point>
          <altitudeMode>absolute</altitudeMode>
          <coordinates>18.42794,-33.899323,0</coordinates>
        </Point>
      </Placemark>
      <Placemark>
        <name>2025-11-02 07:43:55 UTC</name>
        <description><![CDATA[<div><div><span><b>Altitude:</b></span> <span>0 ft</span></div>
<div><span><b>Speed:</b></span> <span>34 kt</span></div>
<div><span><b>Heading:</b></span> <span>217&deg;</span></div>
</div>]]></description>
        <TimeStamp>
          <when>2025-11-02T07:43:55+00:00</when>
        </TimeStamp>
        <Style>
          <IconStyle>
            <heading>217</heading>
            <Icon>
              <href>http://maps.google.com/mapfiles/kml/shapes/airports.png</href>
            </Icon>
          </IconStyle>
        </Style>
        <Point>
          <altitudeMode>absolute</altitudeMode>
          <coordinates>18.427715,-33.899597,0</coordinates>
        </Point>
      </Placemark>
      <Placemark>
        <name>2025-11-02 07:43:56 UTC</name>
        <description><![CDATA[<div><div><span><b>Altitude:</b></span> <span>0 ft</span></div>
<div><span><b>Speed:</b></span> <span>27 kt</span></div>
<div><span><b>Heading:</b></span> <span>220&deg;</span></div>
</div>]]></description>
        <TimeStamp>
          <when>2025-11-02T07:43:56+00:00</when>
        </TimeStamp>
        <Style>
          <IconStyle>
            <heading>220</heading>
            <Icon>
              <href>http://maps.google.com/mapfiles/kml/shapes/airports.png</href>
            </Icon>
          </IconStyle>
        </Style>
        <Point>
          <altitudeMode>absolute</altitudeMode>
          <coordinates>18.427435,-33.899826,0</coordinates>
        </Point>
      </Placemark>
      <Placemark>
        <name>2025-11-02 07:43:59 UTC</name>
        <description><![CDATA[<div><div><span><b>Altitude:</b></span> <span>0 ft</span></div>
<div><span><b>Speed:</b></span> <span>22 kt</span></div>
<div><span><b>Heading:</b></span> <span>221&deg;</span></div>
</div>]]></description>
        <TimeStamp>
          <when>2025-11-02T07:43:59+00:00</when>
        </TimeStamp>
        <Style>
          <IconStyle>
            <heading>221</heading>
            <Icon>
              <href>http://maps.google.com/mapfiles/kml/shapes/airports.png</href>
            </Icon>
          </IconStyle>
        </Style>
        <Point>
          <altitudeMode>absolute</altitudeMode>
          <coordinates>18.427155,-33.900101,0</coordinates>
        </Point>
      </Placemark>
      <Placemark>
        <name>2025-11-02 07:44:04 UTC</name>
        <description><![CDATA[<div><div><span><b>Altitude:</b></span> <span>0 ft</span></div>
<div><span><b>Speed:</b></span> <span>15 kt</span></div>
<div><span><b>Heading:</b></span> <span>203&deg;</span></div>
</div>]]></description>
        <TimeStamp>
          <when>2025-11-02T07:44:04+00:00</when>
        </TimeStamp>
        <Style>
          <IconStyle>
            <heading>203</heading>
            <Icon>
              <href>http://maps.google.com/mapfiles/kml/shapes/airports.png</href>
            </Icon>
          </IconStyle>
        </Style>
        <Point>
          <altitudeMode>absolute</altitudeMode>
          <coordinates>18.426819,-33.900455,0</coordinates>
        </Point>
      </Placemark>
      <Placemark>
        <name>2025-11-02 07:44:11 UTC</name>
        <description><![CDATA[<div><div><span><b>Altitude:</b></span> <span>0 ft</span></div>
<div><span><b>Speed:</b></span> <span>8 kt</span></div>
<div><span><b>Heading:</b></span> <span>137&deg;</span></div>
</div>]]></description>
        <TimeStamp>
          <when>2025-11-02T07:44:11+00:00</when>
        </TimeStamp>
        <Style>
          <IconStyle>
            <heading>137</heading>
            <Icon>
              <href>http://maps.google.com/mapfiles/kml/shapes/airports.png</href>
            </Icon>
          </IconStyle>
        </Style>
        <Point>
          <altitudeMode>absolute</altitudeMode>
          <coordinates>18.426949,-33.900772,0</coordinates>
        </Point>
      </Placemark>
      <Placemark>
        <name>2025-11-02 07:44:19 UTC</name>
        <description><![CDATA[<div><div><span><b>Altitude:</b></span> <span>0 ft</span></div>
<div><span><b>Speed:</b></span> <span>6 kt</span></div>
<div><span><b>Heading:</b></span> <span>163&deg;</span></div>
</div>]]></description>
        <TimeStamp>
          <when>2025-11-02T07:44:19+00:00</when>
        </TimeStamp>
        <Style>
          <IconStyle>
            <heading>163</heading>
            <Icon>
              <href>http://maps.google.com/mapfiles/kml/shapes/airports.png</href>
            </Icon>
          </IconStyle>
        </Style>
        <Point>
          <altitudeMode>absolute</altitudeMode>
          <coordinates>18.427162,-33.900982,0</coordinates>
        </Point>
      </Placemark>
    </Folder>
    <Folder>
      <name>Trail</name>
      <Placemark>
        <Style>
          <LineStyle>
            <color>ffffffff</color>
            <width>2</width>
          </LineStyle>
        </Style>
        <MultiGeometry>
          <LineString>
            <tessellate>1</tessellate>
            <altitudeMode>absolute</altitudeMode>
            <coordinates>18.433657,-33.893875,60.96 18.435226,-33.891861,91.44</coordinates>
          </LineString>
        </MultiGeometry>
        <name>P-1</name>
        <description><![CDATA[<div><div><span><b>Altitude:</b></span> <span>200 ft - 300 ft</span></div>
<div><span><b>Speed:</b></span> <span>76 kt - 79 kt</span></div>
<div><span><b>Timestamp:</b></span><br/><span>2025-11-02 07:20:29 UTC<br/>2025-11-02 07:20:36 UTC</span></div>
</div>]]></description>
      </Placemark>
      <Placemark>
        <Style>
          <LineStyle>
            <color>ffffffff</color>
            <width>2</width>
          </LineStyle>
        </Style>
        <MultiGeometry>
          <LineString>
            <tessellate>1</tessellate>
            <altitudeMode>absolute</altitudeMode>
            <coordinates>18.435226,-33.891861,91.44 18.435732,-33.891037,91.44</coordinates>
          </LineString>
        </MultiGeometry>
        <name>P-2</name>
        <description><![CDATA[<div><div><span><b>Altitude:</b></span> <span>300 ft</span></div>
<div><span><b>Speed:</b></span> <span>79 kt - 80 kt</span></div>
<div><span><b>Timestamp:</b></span><br/><span>2025-11-02 07:20:36 UTC<br/>2025-11-02 07:20:38 UTC</span></div>
</div>]]></description>
      </Placemark>
      <Placemark>
        <Style>
          <LineStyle>
            <color>ffffffff</color>
            <width>2</width>
          </LineStyle>
        </Style>
        <MultiGeometry>
          <LineString>
            <tessellate>1</tessellate>
            <altitudeMode>absolute</altitudeMode>
            <coordinates>18.435732,-33.891037,91.44 18.436203,-33.890217,91.44</coordinates>
          </LineString>
        </MultiGeometry>
        <name>P-3</name>
        <description><![CDATA[<div><div><span><b>Altitude:</b></span> <span>300 ft</span></div>
<div><span><b>Speed:</b></span> <span>80 kt - 81 kt</span></div>
<div><span><b>Timestamp:</b></span><br/><span>2025-11-02 07:20:38 UTC<br/>2025-11-02 07:20:40 UTC</span></div>
</div>]]></description>
      </Placemark>
      <Placemark>
        <Style>
          <LineStyle>
            <color>ffffffff</color>
            <width>2</width>
          </LineStyle>
        </Style>
        <MultiGeometry>
          <LineString>
            <tessellate>1</tessellate>
            <altitudeMode>absolute</altitudeMode>
            <coordinates>18.436203,-33.890217,91.44 18.436489,-33.889656,121.92</coordinates>
          </LineString>
        </MultiGeometry>
        <name>P-4</name>
        <description><![CDATA[<div><div><span><b>Altitude:</b></span> <span>300 ft - 400 ft</span></div>
<div><span><b>Speed:</b></span> <span>81 kt - 83 kt</span></div>
<div><span><b>Timestamp:</b></span><br/><span>2025-11-02 07:20:40 UTC<br/>2025-11-02 07:20:42 UTC</span></div>
</div>]]></description>
      </Placemark>
      <Placemark>
        <Style>
          <LineStyle>
            <color>ffffe062</color>
            <width>2</width>
          </LineStyle>
        </Style>
        <MultiGeometry>
          <LineString>
            <tessellate>1</tessellate>
            <altitudeMode>absolute</altitudeMode>
            <coordinates>18.436489,-33.889656,121.92 18.436852,-33.888748,121.92</coordinates>
          </LineString>
        </MultiGeometry>
        <name>P-5</name>
        <description><![CDATA[<div><div><span><b>Altitude:</b></span> <span>400 ft</span></div>
<div><span><b>Speed:</b></span> <span>83 kt - 84 kt</span></div>
<div><span><b>Timestamp:</b></span><br/><span>2025-11-02 07:20:42 UTC<br/>2025-11-02 07:20:45 UTC</span></div>
</div>]]></description>
      </Placemark>
      <Placemark>
        <Style>
          <LineStyle>
            <color>ffffe062</color>
            <width>2</width>
          </LineStyle>
        </Style>
        <MultiGeometry>
          <LineString>
            <tessellate>1</tessellate>
            <altitudeMode>absolute</altitudeMode>
            <coordinates>18.436852,-33.888748,121.92 18.437176,-33.887886,152.4</coordinates>
          </LineString>
        </MultiGeometry>
        <name>P-6</name>
        <description><![CDATA[<div><div><span><b>Altitude:</b></span> <span>400 ft - 500 ft</span></div>
<div><span><b>Speed:</b></span> <span>84 kt</span></div>
<div><span><b>Timestamp:</b></span><br/><span>2025-11-02 07:20:45 UTC<br/>2025-11-02 07:20:47 UTC</span></div>
</div>]]></description>
      </Placemark>
      <Placemark>
        <Style>
          <LineStyle>
            <color>ffffe062</color>
            <width>2</width>
          </LineStyle>
        </Style>
        <MultiGeometry>
          <LineString>
            <tessellate>1</tessellate>
            <altitudeMode>absolute</altitudeMode>
            <coordinates>18.437176,-33.887886,152.4 18.437469,-33.886917,152.4</coordinates>
          </LineString>
        </MultiGeometry>
        <name>P-7</name>
        <description><![CDATA[<div><div><span><b>Altitude:</b></span> <span>500 ft</span></div>
<div><span><b>Speed:</b></span> <span>84 kt - 83 kt</span></div>
<div><span><b>Timestamp:</b></span><br/><span>2025-11-02 07:20:47 UTC<br/>2025-11-02 07:20:49 UTC</span></div>
</div>]]></description>
      </Placemark>
      <Placemark>
        <Style>
          <LineStyle>
            <color>ffffe062</color>
            <width>2</width>
          </LineStyle>
        </Style>
        <MultiGeometry>
          <LineString>
            <tessellate>1</tessellate>
            <altitudeMode>absolute</altitudeMode>
            <coordinates>18.437469,-33.886917,152.4 18.43758,-33.886139,152.4</coordinates>
          </LineString>
        </MultiGeometry>
        <name>P-8</name>
        <description><![CDATA[<div><div><span><b>Altitude:</b></span> <span>500 ft</span></div>
<div><span><b>Speed:</b></span> <span>83 kt - 85 kt</span></div>
<div><span><b>Timestamp:</b></span><br/><span>2025-11-02 07:20:49 UTC<br/>2025-11-02 07:20:51 UTC</span></div>
</div>]]></description>
      </Placemark>
      <Placemark>
        <Style>
          <LineStyle>
            <color>ffffe062</color>
            <width>2</width>
          </LineStyle>
        </Style>
        <MultiGeometry>
          <LineString>
            <tessellate>1</tessellate>
            <altitudeMode>absolute</altitudeMode>
            <coordinates>18.43758,-33.886139,152.4 18.437693,-33.885361,152.4</coordinates>
          </LineString>
        </MultiGeometry>
        <name>P-9</name>
        <description><![CDATA[<div><div><span><b>Altitude:</b></span> <span>500 ft</span></div>
<div><span><b>Speed:</b></span> <span>85 kt - 87 kt</span></div>
<div><span><b>Timestamp:</b></span><br/><span>2025-11-02 07:20:51 UTC<br/>2025-11-02 07:20:53 UTC</span></div>
</div>]]></description>
      </Placemark>
      <Placemark>
        <Style>
          <LineStyle>
            <color>ffffe062</color>
            <width>2</width>
          </LineStyle>
        </Style>
        <MultiGeometry>
          <LineString>
            <tessellate>1</tessellate>
            <altitudeMode>absolute</altitudeMode>
            <coordinates>18.437693,-33.885361,152.4 18.437691,-33.88435,182.88</coordinates>
          </LineString>
        </MultiGeometry>
        <name>P-10</name>
        <description><![CDATA[<div><div><span><b>Altitude:</b></span> <span>500 ft - 600 ft</span></div>
<div><span><b>Speed:</b></span> <span>87 kt - 88 kt</span></div>
<div><span><b>Timestamp:</b></span><br/><span>2025-11-02 07:20:53 UTC<br/>2025-11-02 07:20:55 UTC</span></div>
</div>]]></description>
      </Placemark>
      <Placemark>
        <Style>
          <LineStyle>
            <color>ffffe062</color>
            <width>2</width>
          </LineStyle>
        </Style>
        <MultiGeometry>
          <LineString>
            <tessellate>1</tessellate>
            <altitudeMode>absolute</altitudeMode>
            <coordinates>18.437691,-33.88435,182.88 18.437469,-33.88353,182.88</coordinates>
          </LineString>
        </MultiGeometry>
        <name>P-11</name>
        <description><![CDATA[<div><div><span><b>Altitude:</b></span> <span>600 ft</span></div>
<div><span><b>Speed:</b></span> <span>88 kt - 89 kt</span></div>
<div><span><b>Timestamp:</b></span><br/><span>2025-11-02 07:20:55 UTC<br/>2025-11-02 07:20:58 UTC</span></div>
</div>]]></description>
      </Placemark>
      <Placemark>
        <Style>
          <LineStyle>
            <color>ffffe062</color>
            <width>2</width>
          </LineStyle>
        </Style>
        <MultiGeometry>
          <LineString>
            <tessellate>1</tessellate>
            <altitudeMode>absolute</altitudeMode>
            <coordinates>18.437469,-33.88353,182.88 18.437132,-33.882797,213.36</coordinates>
          </LineString>
        </MultiGeometry>
        <name>P-12</name>
        <description><![CDATA[<div><div><span><b>Altitude:</b></span> <span>600 ft - 700 ft</span></div>
<div><span><b>Speed:</b></span> <span>89 kt</span></div>
<div><span><b>Timestamp:</b></span><br/><span>2025-11-02 07:20:58 UTC<br/>2025-11-02 07:21:00 UTC</span></div>
</div>]]></description>
      </Placemark>
      <Placemark>
        <Style>
          <LineStyle>
            <color>ffffea00</color>
            <width>2</width>
          </LineStyle>
        </Style>
        <MultiGeometry>
          <LineString>
            <tessellate>1</tessellate>
            <altitudeMode>absolute</altitudeMode>
            <coordinates>18.437132,-33.882797,213.36 18.436403,-33.881927,213.36</coordinates>
          </LineString>
        </MultiGeometry>
        <name>P-13</name>
        <description><![CDATA[<div><div><span><b>Altitude:</b></span> <span>700 ft</span></div>
<div><span><b>Speed:</b></span> <span>89 kt - 87 kt</span></div>
<div><span><b>Timestamp:</b></span><br/><span>2025-11-02 07:21:00 UTC<br/>2025-11-02 07:21:02 UTC</span></div>
</div>]]></description>
      </Placemark>
      <Placemark>
        <Style>
          <LineStyle>
            <color>ffffea00</color>
            <width>2</width>
          </LineStyle>
        </Style>
        <MultiGeometry>
          <LineString>
            <tessellate>1</tessellate>
            <altitudeMode>absolute</altitudeMode>
            <coordinates>18.436403,-33.881927,213.36 18.435688,-33.881371,213.36</coordinates>
          </LineString>
        </MultiGeometry>
        <name>P-14</name>
        <description><![CDATA[<div><div><span><b>Altitude:</b></span> <span>700 ft</span></div>
<div><span><b>Speed:</b></span> <span>87 kt - 85 kt</span></div>
<div><span><b>Timestamp:</b></span><br/><span>2025-11-02 07:21:02 UTC<br/>2025-11-02 07:21:04 UTC</span></div>
</div>]]></description>
      </Placemark>
      <Placemark>
        <Style>
          <LineStyle>
            <color>ffffea00</color>
            <width>2</width>
          </LineStyle>
        </Style>
        <MultiGeometry>
          <LineString>
            <tessellate>1</tessellate>
            <altitudeMode>absolute</altitudeMode>
            <coordinates>18.435688,-33.881371,213.36 18.434887,-33.880997,243.84</coordinates>
          </LineString>
        </MultiGeometry>
        <name>P-15</name>
        <description><![CDATA[<div><div><span><b>Altitude:</b></span> <span>700 ft - 800 ft</span></div>
<div><span><b>Speed:</b></span> <span>85 kt - 81 kt</span></div>
<div><span><b>Timestamp:</b></span><br/><span>2025-11-02 07:21:04 UTC<br/>2025-11-02 07:21:07 UTC</span></div>
</div>]]></description>
      </Placemark>
      <Placemark>
        <Style>
          <LineStyle>
            <color>ffffea00</color>
            <width>2</width>
          </LineStyle>
        </Style>
        <MultiGeometry>
          <LineString>
            <tessellate>1</tessellate>
            <altitudeMode>absolute</altitudeMode>
            <coordinates>18.434887,-33.880997,243.84 18.433914,-33.880814,243.84</coordinates>
          </LineString>
        </MultiGeometry>
        <name>P-16</name>
        <description><![CDATA[<div><div><span><b>Altitude:</b></span> <span>800 ft</span></div>
<div><span><b>Speed:</b></span> <span>81 kt - 79 kt</span></div>
<div><span><b>Timestamp:</b></span><br/><span>2025-11-02 07:21:07 UTC<br/>2025-11-02 07:21:09 UTC</span></div>
</div>]]></description>
      </Placemark>
      <Placemark>
        <Style>
          <LineStyle>
            <color>ffffea00</color>
            <width>2</width>
          </LineStyle>
        </Style>
        <MultiGeometry>
          <LineString>
            <tessellate>1</tessellate>
            <altitudeMode>absolute</altitudeMode>
            <coordinates>18.433914,-33.880814,243.84 18.432026,-33.881046,274.32</coordinates>
          </LineString>
        </MultiGeometry>
        <name>P-17</name>
        <description><![CDATA[<div><div><span><b>Altitude:</b></span> <span>800 ft - 900 ft</span></div>
<div><span><b>Speed:</b></span> <span>79 kt - 72 kt</span></div>
<div><span><b>Timestamp:</b></span><br/><span>2025-11-02 07:21:09 UTC<br/>2025-11-02 07:21:13 UTC</span></div>
</div>]]></description>
      </Placemark>
      <Placemark>
        <Style>
          <LineStyle>
            <color>ffffea00</color>
            <width>2</width>
          </LineStyle>
        </Style>
        <MultiGeometry>
          <LineString>
            <tessellate>1</tessellate>
            <altitudeMode>absolute</altitudeMode>
            <coordinates>18.432026,-33.881046,274.32 18.430967,-33.881653,274.32</coordinates>
          </LineString>
        </MultiGeometry>
        <name>P-18</name>
        <description><![CDATA[<div><div><span><b>Altitude:</b></span> <span>900 ft</span></div>
<div><span><b>Speed:</b></span> <span>72 kt - 65 kt</span></div>
<div><span><b>Timestamp:</b></span><br/><span>2025-11-02 07:21:13 UTC<br/>2025-11-02 07:21:16 UTC</span></div>
</div>]]></description>
      </Placemark>
      <Placemark>
        <Style>
          <LineStyle>
            <color>ffffea00</color>
            <width>2</width>
          </LineStyle>
        </Style>
        <MultiGeometry>
          <LineString>
            <tessellate>1</tessellate>
            <altitudeMode>absolute</altitudeMode>
            <coordinates>18.430967,-33.881653,274.32 18.430462,-33.882202,304.8</coordinates>
          </LineString>
        </MultiGeometry>
        <name>P-19</name>
        <description><![CDATA[<div><div><span><b>Altitude:</b></span> <span>900 ft - 1,000 ft</span></div>
<div><span><b>Speed:</b></span> <span>65 kt - 61 kt</span></div>
<div><span><b>Timestamp:</b></span><br/><span>2025-11-02 07:21:16 UTC<br/>2025-11-02 07:21:19 UTC</span></div>
</div>]]></description>
      </Placemark>
      <Placemark>
        <Style>
          <LineStyle>
            <color>fff0ff00</color>
            <width>2</width>
          </LineStyle>
        </Style>
        <MultiGeometry>
          <LineString>
            <tessellate>1</tessellate>
            <altitudeMode>absolute</altitudeMode>
            <coordinates>18.430462,-33.882202,304.8 18.430252,-33.882721,304.8</coordinates>
          </LineString>
        </MultiGeometry>
        <name>P-20</name>
        <description><![CDATA[<div><div><span><b>Altitude:</b></span> <span>1,000 ft</span></div>
<div><span><b>Speed:</b></span> <span>61 kt - 58 kt</span></div>
<div><span><b>Timestamp:</b></span><br/><span>2025-11-02 07:21:19 UTC<br/>2025-11-02 07:21:21 UTC</span></div>
</div>]]></description>
      </Placemark>
      <Placemark>
        <Style>
          <LineStyle>
            <color>fff0ff00</color>
            <width>2</width>
          </LineStyle>
        </Style>
        <MultiGeometry>
          <LineString>
            <tessellate>1</tessellate>
            <altitudeMode>absolute</altitudeMode>
            <coordinates>18.430252,-33.882721,304.8 18.430195,-33.883232,304.8</coordinates>
          </LineString>
        </MultiGeometry>
        <name>P-21</name>
        <description><![CDATA[<div><div><span><b>Altitude:</b></span> <span>1,000 ft</span></div>
<div><span><b>Speed:</b></span> <span>58 kt - 57 kt</span></div>
<div><span><b>Timestamp:</b></span><br/><span>2025-11-02 07:21:21 UTC<br/>2025-11-02 07:21:23 UTC</span></div>
</div>]]></description>
      </Placemark>
      <Placemark>
        <Style>
          <LineStyle>
            <color>fff0ff00</color>
            <width>2</width>
          </LineStyle>
        </Style>
        <MultiGeometry>
          <LineString>
            <tessellate>1</tessellate>
            <altitudeMode>absolute</altitudeMode>
            <coordinates>18.430195,-33.883232,304.8 18.430294,-33.883804,335.28</coordinates>
          </LineString>
        </MultiGeometry>
        <name>P-22</name>
        <description><![CDATA[<div><div><span><b>Altitude:</b></span> <span>1,000 ft - 1,100 ft</span></div>
<div><span><b>Speed:</b></span> <span>57 kt</span></div>
<div><span><b>Timestamp:</b></span><br/><span>2025-11-02 07:21:23 UTC<br/>2025-11-02 07:21:25 UTC</span></div>
</div>]]></description>
      </Placemark>
      <Placemark>
        <Style>
          <LineStyle>
            <color>fff0ff00</color>
            <width>2</width>
          </LineStyle>
        </Style>
        <MultiGeometry>
          <LineString>
            <tessellate>1</tessellate>
            <altitudeMode>absolute</altitudeMode>
            <coordinates>18.430294,-33.883804,335.28 18.430687,-33.884399,335.28</coordinates>
          </LineString>
        </MultiGeometry>
        <name>P-23</name>
        <description><![CDATA[<div><div><span><b>Altitude:</b></span> <span>1,100 ft</span></div>
<div><span><b>Speed:</b></span> <span>57 kt - 59 kt</span></div>
<div><span><b>Timestamp:</b></span><br/><span>2025-11-02 07:21:25 UTC<br/>2025-11-02 07:21:27 UTC</span></div>
</div>]]></description>
      </Placemark>
      <Placemark>
        <Style>
          <LineStyle>
            <color>fff0ff00</color>
            <width>2</width>
          </LineStyle>
        </Style>
        <MultiGeometry>
          <LineString>
            <tessellate>1</tessellate>
            <altitudeMode>absolute</altitudeMode>
            <coordinates>18.430687,-33.884399,335.28 18.43119,-33.884857,335.28</coordinates>
          </LineString>
        </MultiGeometry>
        <name>P-24</name>
        <description><![CDATA[<div><div><span><b>Altitude:</b></span> <span>1,100 ft</span></div>
<div><span><b>Speed:</b></span> <span>59 kt - 62 kt</span></div>
<div><span><b>Timestamp:</b></span><br/><span>2025-11-02 07:21:27 UTC<br/>2025-11-02 07:21:30 UTC</span></div>
</div>]]></description>
      </Placemark>
      <Placemark>
        <Style>
          <LineStyle>
            <color>fff0ff00</color>
            <width>2</width>
          </LineStyle>
        </Style>
        <MultiGeometry>
          <LineString>
            <tessellate>1</tessellate>
            <altitudeMode>absolute</altitudeMode>
            <coordinates>18.43119,-33.884857,335.28 18.431864,-33.885178,335.28</coordinates>
          </LineString>
        </MultiGeometry>
        <name>P-25</name>
        <description><![CDATA[<div><div><span><b>Altitude:</b></span> <span>1,100 ft</span></div>
<div><span><b>Speed:</b></span> <span>62 kt - 65 kt</span></div>
<div><span><b>Timestamp:</b></span><br/><span>2025-11-02 07:21:30 UTC<br/>2025-11-02 07:21:32 UTC</span></div>
</div>]]></description>
      </Placemark>
      <Placemark>
        <Style>
          <LineStyle>
            <color>fff0ff00</color>
            <width>2</width>
          </LineStyle>
        </Style>
        <MultiGeometry>
          <LineString>
            <tessellate>1</tessellate>
            <altitudeMode>absolute</altitudeMode>
            <coordinates>18.431864,-33.885178,335.28 18.432598,-33.885326,365.76</coordinates>
          </LineString>
        </MultiGeometry>
        <name>P-26</name>
        <description><![CDATA[<div><div><span><b>Altitude:</b></span> <span>1,100 ft - 1,200 ft</span></div>
<div><span><b>Speed:</b></span> <span>65 kt - 69 kt</span></div>
<div><span><b>Timestamp:</b></span><br/><span>2025-11-02 07:21:32 UTC<br/>2025-11-02 07:21:34 UTC</span></div>
</div>]]></description>
      </Placemark>
      <Placemark>
        <Style>
          <LineStyle>
            <color>fff0ff00</color>
            <width>2</width>
          </LineStyle>
        </Style>
        <MultiGeometry>
          <LineString>
            <tessellate>1</tessellate>
            <altitudeMode>absolute</altitudeMode>
            <coordinates>18.432598,-33.885326,365.76 18.433489,-33.885269,365.76</coordinates>
          </LineString>
        </MultiGeometry>
        <name>P-27</name>
        <description><![CDATA[<div><div><span><b>Altitude:</b></span> <span>1,200 ft</span></div>
<div><span><b>Speed:</b></span> <span>69 kt - 74 kt</span></div>
<div><span><b>Timestamp:</b></span><br/><span>2025-11-02 07:21:34 UTC<br/>2025-11-02 07:21:36 UTC</span></div>
</div>]]></description>
      </Placemark>
      <Placemark>
        <Style>
          <LineStyle>
            <color>fff0ff00</color>
            <width>2</width>
          </LineStyle>
        </Style>
        <MultiGeometry>
          <LineString>
            <tessellate>1</tessellate>
            <altitudeMode>absolute</altitudeMode>
            <coordinates>18.433489,-33.885269,365.76 18.434315,-33.885048,365.76</coordinates>
          </LineString>
        </MultiGeometry>
        <name>P-28</name>
        <description><![CDATA[<div><div><span><b>Altitude:</b></span> <span>1,200 ft</span></div>
<div><span><b>Speed:</b></span> <span>74 kt - 78 kt</span></div>
<div><span><b>Timestamp:</b></span><br/><span>2025-11-02 07:21:36 UTC<br/>2025-11-02 07:21:38 UTC</span></div>
</div>]]></description>
      </Placemark>
      <Placemark>
        <Style>
          <LineStyle>
            <color>fff0ff00</color>
            <width>2</width>
          </LineStyle>
        </Style>
        <MultiGeometry>
          <LineString>
            <tessellate>1</tessellate>
            <altitudeMode>absolute</altitudeMode>
            <coordinates>18.434315,-33.885048,365.76 18.435114,-33.884628,365.76</coordinates>
          </LineString>
        </MultiGeometry>
        <name>P-29</name>
        <description><![CDATA[<div><div><span><b>Altitude:</b></span> <span>1,200 ft</span></div>
<div><span><b>Speed:</b></span> <span>78 kt - 84 kt</span></div>
<div><span><b>Timestamp:</b></span><br/><span>2025-11-02 07:21:38 UTC<br/>2025-11-02 07:21:40 UTC</span></div>
</div>]]></description>
      </Placemark>
      <Placemark>
        <Style>
          <LineStyle>
            <color>fff0ff00</color>
            <width>2</width>
          </LineStyle>
        </Style>
        <MultiGeometry>
          <LineString>
            <tessellate>1</tessellate>
            <altitudeMode>absolute</altitudeMode>
            <coordinates>18.435114,-33.884628,365.76 18.435917,-33.88393,396.24</coordinates>
          </LineString>
        </MultiGeometry>
        <name>P-30</name>
        <description><![CDATA[<div><div><span><b>Altitude:</b></span> <span>1,200 ft - 1,300 ft</span></div>
<div><span><b>Speed:</b></span> <span>84 kt - 87 kt</span></div>
<div><span><b>Timestamp:</b></span><br/><span>2025-11-02 07:21:40 UTC<br/>2025-11-02 07:21:43 UTC</span></div>
</div>]]></description>
      </Placemark>
      <Placemark>
        <Style>
          <LineStyle>
            <color>fff0ff00</color>
            <width>2</width>
          </LineStyle>
        </Style>
        <MultiGeometry>
          <LineString>
            <tessellate>1</tessellate>
            <altitudeMode>absolute</altitudeMode>
            <coordinates>18.435917,-33.88393,396.24 18.436432,-33.883091,396.24</coordinates>
          </LineString>
        </MultiGeometry>
        <name>P-31</name>
        <description><![CDATA[<div><div><span><b>Altitude:</b></span> <span>1,300 ft</span></div>
<div><span><b>Speed:</b></span> <span>87 kt - 90 kt</span></div>
<div><span><b>Timestamp:</b></span><br/><span>2025-11-02 07:21:43 UTC<br/>2025-11-02 07:21:45 UTC</span></div>
</div>]]></description>
      </Placemark>
      <Placemark>
        <Style>
          <LineStyle>
            <color>fff0ff00</color>
            <width>2</width>
          </LineStyle>
        </Style>
        <MultiGeometry>
          <LineString>
            <tessellate>1</tessellate>
            <altitudeMode>absolute</altitudeMode>
            <coordinates>18.436432,-33.883091,396.24 18.436718,-33.882114,396.24</coordinates>
          </LineString>
        </MultiGeometry>
        <name>P-32</name>
        <description><![CDATA[<div><div><span><b>Altitude:</b></span> <span>1,300 ft</span></div>
<div><span><b>Speed:</b></span> <span>90 kt - 91 kt</span></div>
<div><span><b>Timestamp:</b></span><br/><span>2025-11-02 07:21:45 UTC<br/>2025-11-02 07:21:47 UTC</span></div>
</div>]]></description>
      </Placemark>
      <Placemark>
        <Style>
          <LineStyle>
            <color>fff0ff00</color>
            <width>2</width>
          </LineStyle>
        </Style>
        <MultiGeometry>
          <LineString>
            <tessellate>1</tessellate>
            <altitudeMode>absolute</altitudeMode>
            <coordinates>18.436718,-33.882114,396.24 18.436718,-33.881229,426.72</coordinates>
          </LineString>
        </MultiGeometry>
        <name>P-33</name>
        <description><![CDATA[<div><div><span><b>Altitude:</b></span> <span>1,300 ft - 1,400 ft</span></div>
<div><span><b>Speed:</b></span> <span>91 kt - 94 kt</span></div>
<div><span><b>Timestamp:</b></span><br/><span>2025-11-02 07:21:47 UTC<br/>2025-11-02 07:21:49 UTC</span></div>
</div>]]></description>
      </Placemark>
      <Placemark>
        <Style>
          <LineStyle>
            <color>ffccff00</color>
            <width>2</width>
          </LineStyle>
        </Style>
        <MultiGeometry>
          <LineString>
            <tessellate>1</tessellate>
            <altitudeMode>absolute</altitudeMode>
            <coordinates>18.436718,-33.881229,426.72 18.436571,-33.8806,426.72</coordinates>
          </LineString>
        </MultiGeometry>
        <name>P-34</name>
        <description><![CDATA[<div><div><span><b>Altitude:</b></span> <span>1,400 ft</span></div>
<div><span><b>Speed:</b></span> <span>94 kt - 97 kt</span></div>
<div><span><b>Timestamp:</b></span><br/><span>2025-11-02 07:21:49 UTC<br/>2025-11-02 07:21:51 UTC</span></div>
</div>]]></description>
      </Placemark>
      <Placemark>
        <Style>
          <LineStyle>
            <color>ffccff00</color>
            <width>2</width>
          </LineStyle>
        </Style>
        <MultiGeometry>
          <LineString>
            <tessellate>1</tessellate>
            <altitudeMode>absolute</altitudeMode>
            <coordinates>18.436571,-33.8806,426.72 18.436012,-33.879501,426.72</coordinates>
          </LineString>
        </MultiGeometry>
        <name>P-35</name>
        <description><![CDATA[<div><div><span><b>Altitude:</b></span> <span>1,400 ft</span></div>
<div><span><b>Speed:</b></span> <span>97 kt - 99 kt</span></div>
<div><span><b>Timestamp:</b></span><br/><span>2025-11-02 07:21:51 UTC<br/>2025-11-02 07:21:54 UTC</span></div>
</div>]]></description>
      </Placemark>
      <Placemark>
        <Style>
          <LineStyle>
            <color>ffccff00</color>
            <width>2</width>
          </LineStyle>
        </Style>
        <MultiGeometry>
          <LineString>
            <tessellate>1</tessellate>
            <altitudeMode>absolute</altitudeMode>
            <coordinates>18.436012,-33.879501,426.72 18.43523,-33.878532,457.2</coordinates>
          </LineString>
        </MultiGeometry>
        <name>P-36</name>
        <description><![CDATA[<div><div><span><b>Altitude:</b></span> <span>1,400 ft - 1,500 ft</span></div>
<div><span><b>Speed:</b></span> <span>99 kt - 100 kt</span></div>
<div><span><b>Timestamp:</b></span><br/><span>2025-11-02 07:21:54 UTC<br/>2025-11-02 07:21:56 UTC</span></div>
</div>]]></description>
      </Placemark>
      <Placemark>
        <Style>
          <LineStyle>
            <color>ffccff00</color>
            <width>2</width>
          </LineStyle>
        </Style>
        <MultiGeometry>
          <LineString>
            <tessellate>1</tessellate>
            <altitudeMode>absolute</altitudeMode>
            <coordinates>18.43523,-33.878532,457.2 18.434275,-33.877716,457.2</coordinates>
          </LineString>
        </MultiGeometry>
        <name>P-37</name>
        <description><![CDATA[<div><div><span><b>Altitude:</b></span> <span>1,500 ft</span></div>
<div><span><b>Speed:</b></span> <span>100 kt - 99 kt</span></div>
<div><span><b>Timestamp:</b></span><br/><span>2025-11-02 07:21:56 UTC<br/>2025-11-02 07:21:58 UTC</span></div>
</div>]]></description>
      </Placemark>
      <Placemark>
        <Style>
          <LineStyle>
            <color>ffccff00</color>
            <width>2</width>
          </LineStyle>
        </Style>
        <MultiGeometry>
          <LineString>
            <tessellate>1</tessellate>
            <altitudeMode>absolute</altitudeMode>
            <coordinates>18.434275,-33.877716,457.2 18.433285,-33.877041,487.68</coordinates>
          </LineString>
        </MultiGeometry>
        <name>P-38</name>
        <description><![CDATA[<div><div><span><b>Altitude:</b></span> <span>1,500 ft - 1,600 ft</span></div>
<div><span><b>Speed:</b></span> <span>99 kt - 98 kt</span></div>
<div><span><b>Timestamp:</b></span><br/><span>2025-11-02 07:21:58 UTC<br/>2025-11-02 07:22:00 UTC</span></div>
</div>]]></description>
      </Placemark>
      <Placemark>
        <Style>
          <LineStyle>
            <color>ffccff00</color>
            <width>2</width>
          </LineStyle>
        </Style>
        <MultiGeometry>
          <LineString>
            <tessellate>1</tessellate>
            <altitudeMode>absolute</altitudeMode>
            <coordinates>18.433285,-33.877041,487.68 18.432198,-33.876434,487.68</coordinates>
          </LineString>
        </MultiGeometry>
        <name>P-39</name>
        <description><![CDATA[<div><div><span><b>Altitude:</b></span> <span>1,600 ft</span></div>
<div><span><b>Speed:</b></span> <span>98 kt</span></div>
<div><span><b>Timestamp:</b></span><br/><span>2025-11-02 07:22:00 UTC<br/>2025-11-02 07:22:03 UTC</span></div>
</div>]]></description>
      </Placemark>
      <Placemark>
        <Style>
          <LineStyle>
            <color>ffccff00</color>
            <width>2</width>
          </LineStyle>
        </Style>
        <MultiGeometry>
          <LineString>
            <tessellate>1</tessellate>
            <altitudeMode>absolute</altitudeMode>
            <coordinates>18.432198,-33.876434,487.68 18.431225,-33.875923,487.68</coordinates>
          </LineString>
        </MultiGeometry>
        <name>P-40</name>
        <description><![CDATA[<div><div><span><b>Altitude:</b></span> <span>1,600 ft</span></div>
<div><span><b>Speed:</b></span> <span>98 kt - 97 kt</span></div>
<div><span><b>Timestamp:</b></span><br/><span>2025-11-02 07:22:03 UTC<br/>2025-11-02 07:22:05 UTC</span></div>
</div>]]></description>
      </Placemark>
      <Placemark>
        <Style>
          <LineStyle>
            <color>ffccff00</color>
            <width>2</width>
          </LineStyle>
        </Style>
        <MultiGeometry>
          <LineString>
            <tessellate>1</tessellate>
            <altitudeMode>absolute</altitudeMode>
            <coordinates>18.431225,-33.875923,487.68 18.430069,-33.875381,518.16</coordinates>
          </LineString>
        </MultiGeometry>
        <name>P-41</name>
        <description><![CDATA[<div><div><span><b>Altitude:</b></span> <span>1,600 ft - 1,700 ft</span></div>
<div><span><b>Speed:</b></span> <span>97 kt - 98 kt</span></div>
<div><span><b>Timestamp:</b></span><br/><span>2025-11-02 07:22:05 UTC<br/>2025-11-02 07:22:07 UTC</span></div>
</div>]]></description>
      </Placemark>
      <Placemark>
        <Style>
          <LineStyle>
            <color>ffccff00</color>
            <width>2</width>
          </LineStyle>
        </Style>
        <MultiGeometry>
          <LineString>
            <tessellate>1</tessellate>
            <altitudeMode>absolute</altitudeMode>
            <coordinates>18.430069,-33.875381,518.16 18.42905,-33.874947,518.16</coordinates>
          </LineString>
        </MultiGeometry>
        <name>P-42</name>
        <description><![CDATA[<div><div><span><b>Altitude:</b></span> <span>1,700 ft</span></div>
<div><span><b>Speed:</b></span> <span>98 kt</span></div>
<div><span><b>Timestamp:</b></span><br/><span>2025-11-02 07:22:07 UTC<br/>2025-11-02 07:22:10 UTC</span></div>
</div>]]></description>
      </Placemark>
      <Placemark>
        <Style>
          <LineStyle>
            <color>ffccff00</color>
            <width>2</width>
          </LineStyle>
        </Style>
        <MultiGeometry>
          <LineString>
            <tessellate>1</tessellate>
            <altitudeMode>absolute</altitudeMode>
            <coordinates>18.42905,-33.874947,518.16 18.427996,-33.874557,518.16</coordinates>
          </LineString>
        </MultiGeometry>
        <name>P-43</name>
        <description><![CDATA[<div><div><span><b>Altitude:</b></span> <span>1,700 ft</span></div>
<div><span><b>Speed:</b></span> <span>98 kt - 99 kt</span></div>
<div><span><b>Timestamp:</b></span><br/><span>2025-11-02 07:22:10 UTC<br/>2025-11-02 07:22:12 UTC</span></div>
</div>]]></description>
      </Placemark>
      <Placemark>
        <Style>
          <LineStyle>
            <color>ffccff00</color>
            <width>2</width>
          </LineStyle>
        </Style>
        <MultiGeometry>
          <LineString>
            <tessellate>1</tessellate>
            <altitudeMode>absolute</altitudeMode>
            <coordinates>18.427996,-33.874557,518.16 18.426931,-33.874191,518.16</coordinates>
          </LineString>
        </MultiGeometry>
        <name>P-44</name>
        <description><![CDATA[<div><div><span><b>Altitude:</b></span> <span>1,700 ft</span></div>
<div><span><b>Speed:</b></span> <span>99 kt - 100 kt</span></div>
<div><span><b>Timestamp:</b></span><br/><span>2025-11-02 07:22:12 UTC<br/>2025-11-02 07:22:14 UTC</span></div>
</div>]]></description>
      </Placemark>
      <Placemark>
        <Style>
          <LineStyle>
            <color>ffccff00</color>
            <width>2</width>
          </LineStyle>
        </Style>
        <MultiGeometry>
          <LineString>
            <tessellate>1</tessellate>
            <altitudeMode>absolute</altitudeMode>
            <coordinates>18.426931,-33.874191,518.16 18.425642,-33.873871,518.16</coordinates>
          </LineString>
        </MultiGeometry>
        <name>P-45</name>
        <description><![CDATA[<div><div><span><b>Altitude:</b></span> <span>1,700 ft</span></div>
<div><span><b>Speed:</b></span> <span>100 kt - 102 kt</span></div>
<div><span><b>Timestamp:</b></span><br/><span>2025-11-02 07:22:14 UTC<br/>2025-11-02 07:22:16 UTC</span></div>
</div>]]></description>
      </Placemark>
      <Placemark>
        <Style>
          <LineStyle>
            <color>ffccff00</color>
            <width>2</width>
          </LineStyle>
        </Style>
        <MultiGeometry>
          <LineString>
            <tessellate>1</tessellate>
            <altitudeMode>absolute</altitudeMode>
            <coordinates>18.425642,-33.873871,518.16 18.42424,-33.873596,548.64</coordinates>
          </LineString>
        </MultiGeometry>
        <name>P-46</name>
        <description><![CDATA[<div><div><span><b>Altitude:</b></span> <span>1,700 ft - 1,800 ft</span></div>
<div><span><b>Speed:</b></span> <span>102 kt</span></div>
<div><span><b>Timestamp:</b></span><br/><span>2025-11-02 07:22:16 UTC<br/>2025-11-02 07:22:19 UTC</span></div>
</div>]]></description>
      </Placemark>
      <Placemark>
        <Style>
          <LineStyle>
            <color>ffccff00</color>
            <width>2</width>
          </LineStyle>
        </Style>
        <MultiGeometry>
          <LineString>
            <tessellate>1</tessellate>
            <altitudeMode>absolute</altitudeMode>
            <coordinates>18.42424,-33.873596,548.64 18.423119,-33.873413,548.64</coordinates>
          </LineString>
        </MultiGeometry>
        <name>P-47</name>
        <description><![CDATA[<div><div><span><b>Altitude:</b></span> <span>1,800 ft</span></div>
<div><span><b>Speed:</b></span> <span>102 kt - 104 kt</span></div>
<div><span><b>Timestamp:</b></span><br/><span>2025-11-02 07:22:19 UTC<br/>2025-11-02 07:22:21 UTC</span></div>
</div>]]></description>
      </Placemark>
      <Placemark>
        <Style>
          <LineStyle>
            <color>ffccff00</color>
            <width>2</width>
          </LineStyle>
        </Style>
        <MultiGeometry>
          <LineString>
            <tessellate>1</tessellate>
            <altitudeMode>absolute</altitudeMode>
            <coordinates>18.423119,-33.873413,548.64 18.421606,-33.87323,548.64</coordinates>
          </LineString>
        </MultiGeometry>
        <name>P-48</name>
        <description><![CDATA[<div><div><span><b>Altitude:</b></span> <span>1,800 ft</span></div>
<div><span><b>Speed:</b></span> <span>104 kt - 105 kt</span></div>
<div><span><b>Timestamp:</b></span><br/><span>2025-11-02 07:22:21 UTC<br/>2025-11-02 07:22:23 UTC</span></div>
</div>]]></description>
      </Placemark>
      <Placemark>
        <Style>
          <LineStyle>
            <color>ffccff00</color>
            <width>2</width>
          </LineStyle>
        </Style>
        <MultiGeometry>
          <LineString>
            <tessellate>1</tessellate>
            <altitudeMode>absolute</altitudeMode>
            <coordinates>18.421606,-33.87323,548.64 18.420353,-33.873131,548.64</coordinates>
          </LineString>
        </MultiGeometry>
        <name>P-49</name>
        <description><![CDATA[<div><div><span><b>Altitude:</b></span> <span>1,800 ft</span></div>
<div><span><b>Speed:</b></span> <span>105 kt - 106 kt</span></div>
<div><span><b>Timestamp:</b></span><br/><span>2025-11-02 07:22:23 UTC<br/>2025-11-02 07:22:25 UTC</span></div>
</div>]]></description>
      </Placemark>
      <Placemark>
        <Style>
          <LineStyle>
            <color>ffccff00</color>
            <width>2</width>
          </LineStyle>
        </Style>
        <MultiGeometry>
          <LineString>
            <tessellate>1</tessellate>
            <altitudeMode>absolute</altitudeMode>
            <coordinates>18.420353,-33.873131,548.64 18.41938,-33.873085,548.64</coordinates>
          </LineString>
        </MultiGeometry>
        <name>P-50</name>
        <description><![CDATA[<div><div><span><b>Altitude:</b></span> <span>1,800 ft</span></div>
<div><span><b>Speed:</b></span> <span>106 kt - 107 kt</span></div>
<div><span><b>Timestamp:</b></span><br/><span>2025-11-02 07:22:25 UTC<br/>2025-11-02 07:22:27 UTC</span></div>
</div>]]></description>
      </Placemark>
      <Placemark>
        <Style>
          <LineStyle>
            <color>ffccff00</color>
            <width>2</width>
          </LineStyle>
        </Style>
        <MultiGeometry>
          <LineString>
            <tessellate>1</tessellate>
            <altitudeMode>absolute</altitudeMode>
            <coordinates>18.41938,-33.873085,548.64 18.417738,-33.873047,548.64</coordinates>
          </LineString>
        </MultiGeometry>
        <name>P-51</name>
        <description><![CDATA[<div><div><span><b>Altitude:</b></span> <span>1,800 ft</span></div>
<div><span><b>Speed:</b></span> <span>107 kt - 108 kt</span></div>
<div><span><b>Timestamp:</b></span><br/><span>2025-11-02 07:22:27 UTC<br/>2025-11-02 07:22:30 UTC</span></div>
</div>]]></description>
      </Placemark>
      <Placemark>
        <Style>
          <LineStyle>
            <color>ffccff00</color>
            <width>2</width>
          </LineStyle>
        </Style>
        <MultiGeometry>
          <LineString>
            <tessellate>1</tessellate>
            <altitudeMode>absolute</altitudeMode>
            <coordinates>18.417738,-33.873047,548.64 18.416519,-33.873085,548.64</coordinates>
          </LineString>
        </MultiGeometry>
        <name>P-52</name>
        <description><![CDATA[<div><div><span><b>Altitude:</b></span> <span>1,800 ft</span></div>
<div><span><b>Speed:</b></span> <span>108 kt - 109 kt</span></div>
<div><span><b>Timestamp:</b></span><br/><span>2025-11-02 07:22:30 UTC<br/>2025-11-02 07:22:32 UTC</span></div>
</div>]]></description>
      </Placemark>
      <Placemark>
        <Style>
          <LineStyle>
            <color>ffccff00</color>
            <width>2</width>
          </LineStyle>
        </Style>
        <MultiGeometry>
          <LineString>
            <tessellate>1</tessellate>
            <altitudeMode>absolute</altitudeMode>
            <coordinates>18.416519,-33.873085,548.64 18.414991,-33.873184,548.64</coordinates>
          </LineString>
        </MultiGeometry>
        <name>P-53</name>
        <description><![CDATA[<div><div><span><b>Altitude:</b></span> <span>1,800 ft</span></div>
<div><span><b>Speed:</b></span> <span>109 kt - 110 kt</span></div>
<div><span><b>Timestamp:</b></span><br/><span>2025-11-02 07:22:32 UTC<br/>2025-11-02 07:22:34 UTC</span></div>
</div>]]></description>
      </Placemark>
      <Placemark>
        <Style>
          <LineStyle>
            <color>ffccff00</color>
            <width>2</width>
          </LineStyle>
        </Style>
        <MultiGeometry>
          <LineString>
            <tessellate>1</tessellate>
            <altitudeMode>absolute</altitudeMode>
            <coordinates>18.414991,-33.873184,548.64 18.413366,-33.873276,548.64</coordinates>
          </LineString>
        </MultiGeometry>
        <name>P-54</name>
        <description><![CDATA[<div><div><span><b>Altitude:</b></span> <span>1,800 ft</span></div>
<div><span><b>Speed:</b></span> <span>110 kt - 111 kt</span></div>
<div><span><b>Timestamp:</b></span><br/><span>2025-11-02 07:22:34 UTC<br/>2025-11-02 07:22:37 UTC</span></div>
</div>]]></description>
      </Placemark>
      <Placemark>
        <Style>
          <LineStyle>
            <color>ffccff00</color>
            <width>2</width>
          </LineStyle>
        </Style>
        <MultiGeometry>
          <LineString>
            <tessellate>1</tessellate>
            <altitudeMode>absolute</altitudeMode>
            <coordinates>18.413366,-33.873276,548.64 18.412113,-33.873409,548.64</coordinates>
          </LineString>
        </MultiGeometry>
        <name>P-55</name>
        <description><![CDATA[<div><div><span><b>Altitude:</b></span> <span>1,800 ft</span></div>
<div><span><b>Speed:</b></span> <span>111 kt - 112 kt</span></div>
<div><span><b>Timestamp:</b></span><br/><span>2025-11-02 07:22:37 UTC<br/>2025-11-02 07:22:39 UTC</span></div>
</div>]]></description>
      </Placemark>
      <Placemark>
        <Style>
          <LineStyle>
            <color>ffccff00</color>
            <width>2</width>
          </LineStyle>
        </Style>
        <MultiGeometry>
          <LineString>
            <tessellate>1</tessellate>
            <altitudeMode>absolute</altitudeMode>
            <coordinates>18.412113,-33.873409,548.64 18.410568,-33.873596,548.64</coordinates>
          </LineString>
        </MultiGeometry>
        <name>P-56</name>
        <description><![CDATA[<div><div><span><b>Altitude:</b></span> <span>1,800 ft</span></div>
<div><span><b>Speed:</b></span> <span>112 kt - 114 kt</span></div>
<div><span><b>Timestamp:</b></span><br/><span>2025-11-02 07:22:39 UTC<br/>2025-11-02 07:22:41 UTC</span></div>
</div>]]></description>
      </Placemark>
      <Placemark>
        <Style>
          <LineStyle>
            <color>ffccff00</color>
            <width>2</width>
          </LineStyle>
        </Style>
        <MultiGeometry>
          <LineString>
            <tessellate>1</tessellate>
            <altitudeMode>absolute</altitudeMode>
            <coordinates>18.410568,-33.873596,548.64 18.40933,-33.873779,548.64</coordinates>
          </LineString>
        </MultiGeometry>
        <name>P-57</name>
        <description><![CDATA[<div><div><span><b>Altitude:</b></span> <span>1,800 ft</span></div>
<div><span><b>Speed:</b></span> <span>114 kt - 116 kt</span></div>
<div><span><b>Timestamp:</b></span><br/><span>2025-11-02 07:22:41 UTC<br/>2025-11-02 07:22:43 UTC</span></div>
</div>]]></description>
      </Placemark>
      <Placemark>
        <Style>
          <LineStyle>
            <color>ffccff00</color>
            <width>2</width>
          </LineStyle>
        </Style>
        <MultiGeometry>
          <LineString>
            <tessellate>1</tessellate>
            <altitudeMode>absolute</altitudeMode>
            <coordinates>18.40933,-33.873779,548.64 18.407818,-33.874008,548.64</coordinates>
          </LineString>
        </MultiGeometry>
        <name>P-58</name>
        <description><![CDATA[<div><div><span><b>Altitude:</b></span> <span>1,800 ft</span></div>
<div><span><b>Speed:</b></span> <span>116 kt</span></div>
<div><span><b>Timestamp:</b></span><br/><span>2025-11-02 07:22:43 UTC<br/>2025-11-02 07:22:46 UTC</span></div>
</div>]]></description>
      </Placemark>
      <Placemark>
        <Style>
          <LineStyle>
            <color>ffccff00</color>
            <width>2</width>
          </LineStyle>
        </Style>
        <MultiGeometry>
          <LineString>
            <tessellate>1</tessellate>
            <altitudeMode>absolute</altitudeMode>
            <coordinates>18.407818,-33.874008,548.64 18.406528,-33.874237,548.64</coordinates>
          </LineString>
        </MultiGeometry>
        <name>P-59</name>
        <description><![CDATA[<div><div><span><b>Altitude:</b></span> <span>1,800 ft</span></div>
<div><span><b>Speed:</b></span> <span>116 kt</span></div>
<div><span><b>Timestamp:</b></span><br/><span>2025-11-02 07:22:46 UTC<br/>2025-11-02 07:22:48 UTC</span></div>
</div>]]></description>
      </Placemark>
      <Placemark>
        <Style>
          <LineStyle>
            <color>ffccff00</color>
            <width>2</width>
          </LineStyle>
        </Style>
        <MultiGeometry>
          <LineString>
            <tessellate>1</tessellate>
            <altitudeMode>absolute</altitudeMode>
            <coordinates>18.406528,-33.874237,548.64 18.405127,-33.874512,548.64</coordinates>
          </LineString>
        </MultiGeometry>
        <name>P-60</name>
        <description><![CDATA[<div><div><span><b>Altitude:</b></span> <span>1,800 ft</span></div>
<div><span><b>Speed:</b></span> <span>116 kt - 115 kt</span></div>
<div><span><b>Timestamp:</b></span><br/><span>2025-11-02 07:22:48 UTC<br/>2025-11-02 07:22:50 UTC</span></div>
</div>]]></description>
      </Placemark>
      <Placemark>
        <Style>
          <LineStyle>
            <color>ffccff00</color>
            <width>2</width>
          </LineStyle>
        </Style>
        <MultiGeometry>
          <LineString>
            <tessellate>1</tessellate>
            <altitudeMode>absolute</altitudeMode>
            <coordinates>18.405127,-33.874512,548.64 18.403931,-33.874805,548.64</coordinates>
          </LineString>
        </MultiGeometry>
        <name>P-61</name>
        <description><![CDATA[<div><div><span><b>Altitude:</b></span> <span>1,800 ft</span></div>
<div><span><b>Speed:</b></span> <span>115 kt - 116 kt</span></div>
<div><span><b>Timestamp:</b></span><br/><span>2025-11-02 07:22:50 UTC<br/>2025-11-02 07:22:52 UTC</span></div>
</div>]]></description>
      </Placemark>
      <Placemark>
        <Style>
          <LineStyle>
            <color>ffccff00</color>
            <width>2</width>
          </LineStyle>
        </Style>
        <MultiGeometry>
          <LineString>
            <tessellate>1</tessellate>
            <altitudeMode>absolute</altitudeMode>
            <coordinates>18.403931,-33.874805,548.64 18.402325,-33.875198,548.64</coordinates>
          </LineString>
        </MultiGeometry>
        <name>P-62</name>
        <description><![CDATA[<div><div><span><b>Altitude:</b></span> <span>1,800 ft</span></div>
<div><span><b>Speed:</b></span> <span>116 kt</span></div>
<div><span><b>Timestamp:</b></span><br/><span>2025-11-02 07:22:52 UTC<br/>2025-11-02 07:22:54 UTC</span></div>
</div>]]></description>
      </Placemark>
      <Placemark>
        <Style>
          <LineStyle>
            <color>ffccff00</color>
            <width>2</width>
          </LineStyle>
        </Style>
        <MultiGeometry>
          <LineString>
            <tessellate>1</tessellate>
            <altitudeMode>absolute</altitudeMode>
            <coordinates>18.402325,-33.875198,548.64 18.401371,-33.875473,548.64</coordinates>
          </LineString>
        </MultiGeometry>
        <name>P-63</name>
        <description><![CDATA[<div><div><span><b>Altitude:</b></span> <span>1,800 ft</span></div>
<div><span><b>Speed:</b></span> <span>116 kt - 115 kt</span></div>
<div><span><b>Timestamp:</b></span><br/><span>2025-11-02 07:22:54 UTC<br/>2025-11-02 07:22:57 UTC</span></div>
</div>]]></description>
      </Placemark>
      <Placemark>
        <Style>
          <LineStyle>
            <color>ffccff00</color>
            <width>2</width>
          </LineStyle>
        </Style>
        <MultiGeometry>
          <LineString>
            <tessellate>1</tessellate>
            <altitudeMode>absolute</altitudeMode>
            <coordinates>18.401371,-33.875473,548.64 18.399969,-33.875931,548.64</coordinates>
          </LineString>
        </MultiGeometry>
        <name>P-64</name>
        <description><![CDATA[<div><div><span><b>Altitude:</b></span> <span>1,800 ft</span></div>
<div><span><b>Speed:</b></span> <span>115 kt - 116 kt</span></div>
<div><span><b>Timestamp:</b></span><br/><span>2025-11-02 07:22:57 UTC<br/>2025-11-02 07:22:59 UTC</span></div>
</div>]]></description>
      </Placemark>
      <Placemark>
        <Style>
          <LineStyle>
            <color>ffccff00</color>
            <width>2</width>
          </LineStyle>
        </Style>
        <MultiGeometry>
          <LineString>
            <tessellate>1</tessellate>
            <altitudeMode>absolute</altitudeMode>
            <coordinates>18.399969,-33.875931,548.64 18.398512,-33.876434,548.64</coordinates>
          </LineString>
        </MultiGeometry>
        <name>P-65</name>
        <description><![CDATA[<div><div><span><b>Altitude:</b></span> <span>1,800 ft</span></div>
<div><span><b>Speed:</b></span> <span>116 kt - 115 kt</span></div>
<div><span><b>Timestamp:</b></span><br/><span>2025-11-02 07:22:59 UTC<br/>2025-11-02 07:23:01 UTC</span></div>
</div>]]></description>
      </Placemark>
      <Placemark>
        <Style>
          <LineStyle>
            <color>ffccff00</color>
            <width>2</width>
          </LineStyle>
        </Style>
        <MultiGeometry>
          <LineString>
            <tessellate>1</tessellate>
            <altitudeMode>absolute</altitudeMode>
            <coordinates>18.398512,-33.876434,548.64 18.397223,-33.876938,548.64</coordinates>
          </LineString>
        </MultiGeometry>
        <name>P-66</name>
        <description><![CDATA[<div><div><span><b>Altitude:</b></span> <span>1,800 ft</span></div>
<div><span><b>Speed:</b></span> <span>115 kt</span></div>
<div><span><b>Timestamp:</b></span><br/><span>2025-11-02 07:23:01 UTC<br/>2025-11-02 07:23:03 UTC</span></div>
</div>]]></description>
      </Placemark>
      <Placemark>
        <Style>
          <LineStyle>
            <color>ffccff00</color>
            <width>2</width>
          </LineStyle>
        </Style>
        <MultiGeometry>
          <LineString>
            <tessellate>1</tessellate>
            <altitudeMode>absolute</altitudeMode>
            <coordinates>18.397223,-33.876938,548.64 18.395878,-33.877487,548.64</coordinates>
          </LineString>
        </MultiGeometry>
        <name>P-67</name>
        <description><![CDATA[<div><div><span><b>Altitude:</b></span> <span>1,800 ft</span></div>
<div><span><b>Speed:</b></span> <span>115 kt</span></div>
<div><span><b>Timestamp:</b></span><br/><span>2025-11-02 07:23:03 UTC<br/>2025-11-02 07:23:05 UTC</span></div>
</div>]]></description>
      </Placemark>
      <Placemark>
        <Style>
          <LineStyle>
            <color>ffccff00</color>
            <width>2</width>
          </LineStyle>
        </Style>
        <MultiGeometry>
          <LineString>
            <tessellate>1</tessellate>
            <altitudeMode>absolute</altitudeMode>
            <coordinates>18.395878,-33.877487,548.64 18.394661,-33.878017,548.64</coordinates>
          </LineString>
        </MultiGeometry>
        <name>P-68</name>
        <description><![CDATA[<div><div><span><b>Altitude:</b></span> <span>1,800 ft</span></div>
<div><span><b>Speed:</b></span> <span>115 kt</span></div>
<div><span><b>Timestamp:</b></span><br/><span>2025-11-02 07:23:05 UTC<br/>2025-11-02 07:23:08 UTC</span></div>
</div>]]></description>
      </Placemark>
      <Placemark>
        <Style>
          <LineStyle>
            <color>ffccff00</color>
            <width>2</width>
          </LineStyle>
        </Style>
        <MultiGeometry>
          <LineString>
            <tessellate>1</tessellate>
            <altitudeMode>absolute</altitudeMode>
            <coordinates>18.394661,-33.878017,548.64 18.393574,-33.878578,548.64</coordinates>
          </LineString>
        </MultiGeometry>
        <name>P-69</name>
        <description><![CDATA[<div><div><span><b>Altitude:</b></span> <span>1,800 ft</span></div>
<div><span><b>Speed:</b></span> <span>115 kt - 116 kt</span></div>
<div><span><b>Timestamp:</b></span><br/><span>2025-11-02 07:23:08 UTC<br/>2025-11-02 07:23:10 UTC</span></div>
</div>]]></description>
      </Placemark>
      <Placemark>
        <Style>
          <LineStyle>
            <color>ffccff00</color>
            <width>2</width>
          </LineStyle>
        </Style>
        <MultiGeometry>
          <LineString>
            <tessellate>1</tessellate>
            <altitudeMode>absolute</altitudeMode>
            <coordinates>18.393574,-33.878578,548.64 18.3922,-33.87923,548.64</coordinates>
          </LineString>
        </MultiGeometry>
        <name>P-70</name>
        <description><![CDATA[<div><div><span><b>Altitude:</b></span> <span>1,800 ft</span></div>
<div><span><b>Speed:</b></span> <span>116 kt</span></div>
<div><span><b>Timestamp:</b></span><br/><span>2025-11-02 07:23:10 UTC<br/>2025-11-02 07:23:12 UTC</span></div>
</div>]]></description>
      </Placemark>
      <Placemark>
        <Style>
          <LineStyle>
            <color>ffccff00</color>
            <width>2</width>
          </LineStyle>
        </Style>
        <MultiGeometry>
          <LineString>
            <tessellate>1</tessellate>
            <altitudeMode>absolute</altitudeMode>
            <coordinates>18.3922,-33.87923,548.64 18.390884,-33.879929,518.16</coordinates>
          </LineString>
        </MultiGeometry>
        <name>P-71</name>
        <description><![CDATA[<div><div><span><b>Altitude:</b></span> <span>1,800 ft - 1,700 ft</span></div>
<div><span><b>Speed:</b></span> <span>116 kt - 118 kt</span></div>
<div><span><b>Timestamp:</b></span><br/><span>2025-11-02 07:23:12 UTC<br/>2025-11-02 07:23:14 UTC</span></div>
</div>]]></description>
      </Placemark>
      <Placemark>
        <Style>
          <LineStyle>
            <color>ffccff00</color>
            <width>2</width>
          </LineStyle>
        </Style>
        <MultiGeometry>
          <LineString>
            <tessellate>1</tessellate>
            <altitudeMode>absolute</altitudeMode>
            <coordinates>18.390884,-33.879929,518.16 18.389769,-33.880554,548.64</coordinates>
          </LineString>
        </MultiGeometry>
        <name>P-72</name>
        <description><![CDATA[<div><div><span><b>Altitude:</b></span> <span>1,700 ft - 1,800 ft</span></div>
<div><span><b>Speed:</b></span> <span>118 kt - 116 kt</span></div>
<div><span><b>Timestamp:</b></span><br/><span>2025-11-02 07:23:14 UTC<br/>2025-11-02 07:23:16 UTC</span></div>
</div>]]></description>
      </Placemark>
      <Placemark>
        <Style>
          <LineStyle>
            <color>ffccff00</color>
            <width>2</width>
          </LineStyle>
        </Style>
        <MultiGeometry>
          <LineString>
            <tessellate>1</tessellate>
            <altitudeMode>absolute</altitudeMode>
            <coordinates>18.389769,-33.880554,548.64 18.388767,-33.881138,548.64</coordinates>
          </LineString>
        </MultiGeometry>
        <name>P-73</name>
        <description><![CDATA[<div><div><span><b>Altitude:</b></span> <span>1,800 ft</span></div>
<div><span><b>Speed:</b></span> <span>116 kt - 113 kt</span></div>
<div><span><b>Timestamp:</b></span><br/><span>2025-11-02 07:23:16 UTC<br/>2025-11-02 07:23:18 UTC</span></div>
</div>]]></description>
      </Placemark>
      <Placemark>
        <Style>
          <LineStyle>
            <color>ffccff00</color>
            <width>2</width>
          </LineStyle>
        </Style>
        <MultiGeometry>
          <LineString>
            <tessellate>1</tessellate>
            <altitudeMode>absolute</altitudeMode>
            <coordinates>18.388767,-33.881138,548.64 18.387794,-33.881695,548.64</coordinates>
          </LineString>
        </MultiGeometry>
        <name>P-74</name>
        <description><![CDATA[<div><div><span><b>Altitude:</b></span> <span>1,800 ft</span></div>
<div><span><b>Speed:</b></span> <span>113 kt - 112 kt</span></div>
<div><span><b>Timestamp:</b></span><br/><span>2025-11-02 07:23:18 UTC<br/>2025-11-02 07:23:21 UTC</span></div>
</div>]]></description>
      </Placemark>
      <Placemark>
        <Style>
          <LineStyle>
            <color>ffccff00</color>
            <width>2</width>
          </LineStyle>
        </Style>
        <MultiGeometry>
          <LineString>
            <tessellate>1</tessellate>
            <altitudeMode>absolute</altitudeMode>
            <coordinates>18.387794,-33.881695,548.64 18.386707,-33.882301,548.64</coordinates>
          </LineString>
        </MultiGeometry>
        <name>P-75</name>
        <description><![CDATA[<div><div><span><b>Altitude:</b></span> <span>1,800 ft</span></div>
<div><span><b>Speed:</b></span> <span>112 kt - 110 kt</span></div>
<div><span><b>Timestamp:</b></span><br/><span>2025-11-02 07:23:21 UTC<br/>2025-11-02 07:23:23 UTC</span></div>
</div>]]></description>
      </Placemark>
      <Placemark>
        <Style>
          <LineStyle>
            <color>ffccff00</color>
            <width>2</width>
          </LineStyle>
        </Style>
        <MultiGeometry>
          <LineString>
            <tessellate>1</tessellate>
            <altitudeMode>absolute</altitudeMode>
            <coordinates>18.386707,-33.882301,548.64 18.385452,-33.883026,548.64</coordinates>
          </LineString>
        </MultiGeometry>
        <name>P-76</name>
        <description><![CDATA[<div><div><span><b>Altitude:</b></span> <span>1,800 ft</span></div>
<div><span><b>Speed:</b></span> <span>110 kt - 109 kt</span></div>
<div><span><b>Timestamp:</b></span><br/><span>2025-11-02 07:23:23 UTC<br/>2025-11-02 07:23:25 UTC</span></div>
</div>]]></description>
      </Placemark>
      <Placemark>
        <Style>
          <LineStyle>
            <color>ffccff00</color>
            <width>2</width>
          </LineStyle>
        </Style>
        <MultiGeometry>
          <LineString>
            <tessellate>1</tessellate>
            <altitudeMode>absolute</altitudeMode>
            <coordinates>18.385452,-33.883026,548.64 18.384499,-33.883667,579.12</coordinates>
          </LineString>
        </MultiGeometry>
        <name>P-77</name>
        <description><![CDATA[<div><div><span><b>Altitude:</b></span> <span>1,800 ft - 1,900 ft</span></div>
<div><span><b>Speed:</b></span> <span>109 kt - 108 kt</span></div>
<div><span><b>Timestamp:</b></span><br/><span>2025-11-02 07:23:25 UTC<br/>2025-11-02 07:23:27 UTC</span></div>
</div>]]></description>
      </Placemark>
      <Placemark>
        <Style>
          <LineStyle>
            <color>ffccff00</color>
            <width>2</width>
          </LineStyle>
        </Style>
        <MultiGeometry>
          <LineString>
            <tessellate>1</tessellate>
            <altitudeMode>absolute</altitudeMode>
            <coordinates>18.384499,-33.883667,579.12 18.383102,-33.884583,579.12</coordinates>
          </LineString>
        </MultiGeometry>
        <name>P-78</name>
        <description><![CDATA[<div><div><span><b>Altitude:</b></span> <span>1,900 ft</span></div>
<div><span><b>Speed:</b></span> <span>108 kt</span></div>
<div><span><b>Timestamp:</b></span><br/><span>2025-11-02 07:23:27 UTC<br/>2025-11-02 07:23:30 UTC</span></div>
</div>]]></description>
      </Placemark>
      <Placemark>
        <Style>
          <LineStyle>
            <color>ffccff00</color>
            <width>2</width>
          </LineStyle>
        </Style>
        <MultiGeometry>
          <LineString>
            <tessellate>1</tessellate>
            <altitudeMode>absolute</altitudeMode>
            <coordinates>18.383102,-33.884583,579.12 18.38237,-33.885086,579.12</coordinates>
          </LineString>
        </MultiGeometry>
        <name>P-79</name>
        <description><![CDATA[<div><div><span><b>Altitude:</b></span> <span>1,900 ft</span></div>
<div><span><b>Speed:</b></span> <span>108 kt - 107 kt</span></div>
<div><span><b>Timestamp:</b></span><br/><span>2025-11-02 07:23:30 UTC<br/>2025-11-02 07:23:32 UTC</span></div>
</div>]]></description>
      </Placemark>
      <Placemark>
        <Style>
          <LineStyle>
            <color>ffccff00</color>
            <width>2</width>
          </LineStyle>
        </Style>
        <MultiGeometry>
          <LineString>
            <tessellate>1</tessellate>
            <altitudeMode>absolute</altitudeMode>
            <coordinates>18.38237,-33.885086,579.12 18.3811,-33.885933,579.12</coordinates>
          </LineString>
        </MultiGeometry>
        <name>P-80</name>
        <description><![CDATA[<div><div><span><b>Altitude:</b></span> <span>1,900 ft</span></div>
<div><span><b>Speed:</b></span> <span>107 kt - 108 kt</span></div>
<div><span><b>Timestamp:</b></span><br/><span>2025-11-02 07:23:32 UTC<br/>2025-11-02 07:23:34 UTC</span></div>
</div>]]></description>
      </Placemark>
      <Placemark>
        <Style>
          <LineStyle>
            <color>ffccff00</color>
            <width>2</width>
          </LineStyle>
        </Style>
        <MultiGeometry>
          <LineString>
            <tessellate>1</tessellate>
            <altitudeMode>absolute</altitudeMode>
            <coordinates>18.3811,-33.885933,579.12 18.380241,-33.88649,609.6</coordinates>
          </LineString>
        </MultiGeometry>
        <name>P-81</name>
        <description><![CDATA[<div><div><span><b>Altitude:</b></span> <span>1,900 ft - 2,000 ft</span></div>
<div><span><b>Speed:</b></span> <span>108 kt</span></div>
<div><span><b>Timestamp:</b></span><br/><span>2025-11-02 07:23:34 UTC<br/>2025-11-02 07:23:36 UTC</span></div>
</div>]]></description>
      </Placemark>
      <Placemark>
        <Style>
          <LineStyle>
            <color>ff42ff00</color>
            <width>2</width>
          </LineStyle>
        </Style>
        <MultiGeometry>
          <LineString>
            <tessellate>1</tessellate>
            <altitudeMode>absolute</altitudeMode>
            <coordinates>18.380241,-33.88649,609.6 18.379005,-33.887329,609.6</coordinates>
          </LineString>
        </MultiGeometry>
        <name>P-82</name>
        <description><![CDATA[<div><div><span><b>Altitude:</b></span> <span>2,000 ft</span></div>
<div><span><b>Speed:</b></span> <span>108 kt - 107 kt</span></div>
<div><span><b>Timestamp:</b></span><br/><span>2025-11-02 07:23:36 UTC<br/>2025-11-02 07:23:39 UTC</span></div>
</div>]]></description>
      </Placemark>
      <Placemark>
        <Style>
          <LineStyle>
            <color>ff42ff00</color>
            <width>2</width>
          </LineStyle>
        </Style>
        <MultiGeometry>
          <LineString>
            <tessellate>1</tessellate>
            <altitudeMode>absolute</altitudeMode>
            <coordinates>18.379005,-33.887329,609.6 18.378067,-33.888027,609.6</coordinates>
          </LineString>
        </MultiGeometry>
        <name>P-83</name>
        <description><![CDATA[<div><div><span><b>Altitude:</b></span> <span>2,000 ft</span></div>
<div><span><b>Speed:</b></span> <span>107 kt - 105 kt</span></div>
<div><span><b>Timestamp:</b></span><br/><span>2025-11-02 07:23:39 UTC<br/>2025-11-02 07:23:41 UTC</span></div>
</div>]]></description>
      </Placemark>
      <Placemark>
        <Style>
          <LineStyle>
            <color>ff42ff00</color>
            <width>2</width>
          </LineStyle>
        </Style>
        <MultiGeometry>
          <LineString>
            <tessellate>1</tessellate>
            <altitudeMode>absolute</altitudeMode>
            <coordinates>18.378067,-33.888027,609.6 18.377094,-33.888725,609.6</coordinates>
          </LineString>
        </MultiGeometry>
        <name>P-84</name>
        <description><![CDATA[<div><div><span><b>Altitude:</b></span> <span>2,000 ft</span></div>
<div><span><b>Speed:</b></span> <span>105 kt - 106 kt</span></div>
<div><span><b>Timestamp:</b></span><br/><span>2025-11-02 07:23:41 UTC<br/>2025-11-02 07:23:43 UTC</span></div>
</div>]]></description>
      </Placemark>
      <Placemark>
        <Style>
          <LineStyle>
            <color>ff42ff00</color>
            <width>2</width>
          </LineStyle>
        </Style>
        <MultiGeometry>
          <LineString>
            <tessellate>1</tessellate>
            <altitudeMode>absolute</altitudeMode>
            <coordinates>18.377094,-33.888725,609.6 18.376179,-33.889469,609.6</coordinates>
          </LineString>
        </MultiGeometry>
        <name>P-85</name>
        <description><![CDATA[<div><div><span><b>Altitude:</b></span> <span>2,000 ft</span></div>
<div><span><b>Speed:</b></span> <span>106 kt</span></div>
<div><span><b>Timestamp:</b></span><br/><span>2025-11-02 07:23:43 UTC<br/>2025-11-02 07:23:45 UTC</span></div>
</div>]]></description>
      </Placemark>
      <Placemark>
        <Style>
          <LineStyle>
            <color>ff42ff00</color>
            <width>2</width>
          </LineStyle>
        </Style>
        <MultiGeometry>
          <LineString>
            <tessellate>1</tessellate>
            <altitudeMode>absolute</altitudeMode>
            <coordinates>18.376179,-33.889469,609.6 18.374462,-33.89082,640.08</coordinates>
          </LineString>
        </MultiGeometry>
        <name>P-86</name>
        <description><![CDATA[<div><div><span><b>Altitude:</b></span> <span>2,000 ft - 2,100 ft</span></div>
<div><span><b>Speed:</b></span> <span>106 kt - 104 kt</span></div>
<div><span><b>Timestamp:</b></span><br/><span>2025-11-02 07:23:45 UTC<br/>2025-11-02 07:23:50 UTC</span></div>
</div>]]></description>
      </Placemark>
      <Placemark>
        <Style>
          <LineStyle>
            <color>ff42ff00</color>
            <width>2</width>
          </LineStyle>
        </Style>
        <MultiGeometry>
          <LineString>
            <tessellate>1</tessellate>
            <altitudeMode>absolute</altitudeMode>
            <coordinates>18.374462,-33.89082,640.08 18.373375,-33.891705,640.08</coordinates>
          </LineString>
        </MultiGeometry>
        <name>P-87</name>
        <description><![CDATA[<div><div><span><b>Altitude:</b></span> <span>2,100 ft</span></div>
<div><span><b>Speed:</b></span> <span>104 kt</span></div>
<div><span><b>Timestamp:</b></span><br/><span>2025-11-02 07:23:50 UTC<br/>2025-11-02 07:23:52 UTC</span></div>
</div>]]></description>
      </Placemark>
      <Placemark>
        <Style>
          <LineStyle>
            <color>ff42ff00</color>
            <width>2</width>
          </LineStyle>
        </Style>
        <MultiGeometry>
          <LineString>
            <tessellate>1</tessellate>
            <altitudeMode>absolute</altitudeMode>
            <coordinates>18.373375,-33.891705,640.08 18.372503,-33.89241,640.08</coordinates>
          </LineString>
        </MultiGeometry>
        <name>P-88</name>
        <description><![CDATA[<div><div><span><b>Altitude:</b></span> <span>2,100 ft</span></div>
<div><span><b>Speed:</b></span> <span>104 kt - 103 kt</span></div>
<div><span><b>Timestamp:</b></span><br/><span>2025-11-02 07:23:52 UTC<br/>2025-11-02 07:23:54 UTC</span></div>
</div>]]></description>
      </Placemark>
      <Placemark>
        <Style>
          <LineStyle>
            <color>ff42ff00</color>
            <width>2</width>
          </LineStyle>
        </Style>
        <MultiGeometry>
          <LineString>
            <tessellate>1</tessellate>
            <altitudeMode>absolute</altitudeMode>
            <coordinates>18.372503,-33.89241,640.08 18.371716,-33.893055,640.08</coordinates>
          </LineString>
        </MultiGeometry>
        <name>P-89</name>
        <description><![CDATA[<div><div><span><b>Altitude:</b></span> <span>2,100 ft</span></div>
<div><span><b>Speed:</b></span> <span>103 kt - 104 kt</span></div>
<div><span><b>Timestamp:</b></span><br/><span>2025-11-02 07:23:54 UTC<br/>2025-11-02 07:23:56 UTC</span></div>
</div>]]></description>
      </Placemark>
      <Placemark>
        <Style>
          <LineStyle>
            <color>ff42ff00</color>
            <width>2</width>
          </LineStyle>
        </Style>
        <MultiGeometry>
          <LineString>
            <tessellate>1</tessellate>
            <altitudeMode>absolute</altitudeMode>
            <coordinates>18.371716,-33.893055,640.08 18.371086,-33.893612,640.08</coordinates>
          </LineString>
        </MultiGeometry>
        <name>P-90</name>
        <description><![CDATA[<div><div><span><b>Altitude:</b></span> <span>2,100 ft</span></div>
<div><span><b>Speed:</b></span> <span>104 kt - 105 kt</span></div>
<div><span><b>Timestamp:</b></span><br/><span>2025-11-02 07:23:56 UTC<br/>2025-11-02 07:23:58 UTC</span></div>
</div>]]></description>
      </Placemark>
      <Placemark>
        <Style>
          <LineStyle>
            <color>ff42ff00</color>
            <width>2</width>
          </LineStyle>
        </Style>
        <MultiGeometry>
          <LineString>
            <tessellate>1</tessellate>
            <altitudeMode>absolute</altitudeMode>
            <coordinates>18.371086,-33.893612,640.08 18.369656,-33.894825,670.56</coordinates>
          </LineString>
        </MultiGeometry>
        <name>P-91</name>
        <description><![CDATA[<div><div><span><b>Altitude:</b></span> <span>2,100 ft - 2,200 ft</span></div>
<div><span><b>Speed:</b></span> <span>105 kt</span></div>
<div><span><b>Timestamp:</b></span><br/><span>2025-11-02 07:23:58 UTC<br/>2025-11-02 07:24:01 UTC</span></div>
</div>]]></description>
      </Placemark>
      <Placemark>
        <Style>
          <LineStyle>
            <color>ff42ff00</color>
            <width>2</width>
          </LineStyle>
        </Style>
        <MultiGeometry>
          <LineString>
            <tessellate>1</tessellate>
            <altitudeMode>absolute</altitudeMode>
            <coordinates>18.369656,-33.894825,670.56 18.368748,-33.895615,670.56</coordinates>
          </LineString>
        </MultiGeometry>
        <name>P-92</name>
        <description><![CDATA[<div><div><span><b>Altitude:</b></span> <span>2,200 ft</span></div>
<div><span><b>Speed:</b></span> <span>105 kt</span></div>
<div><span><b>Timestamp:</b></span><br/><span>2025-11-02 07:24:01 UTC<br/>2025-11-02 07:24:03 UTC</span></div>
</div>]]></description>
      </Placemark>
      <Placemark>
        <Style>
          <LineStyle>
            <color>ff42ff00</color>
            <width>2</width>
          </LineStyle>
        </Style>
        <MultiGeometry>
          <LineString>
            <tessellate>1</tessellate>
            <altitudeMode>absolute</altitudeMode>
            <coordinates>18.368748,-33.895615,670.56 18.36771,-33.8965,670.56</coordinates>
          </LineString>
        </MultiGeometry>
        <name>P-93</name>
        <description><![CDATA[<div><div><span><b>Altitude:</b></span> <span>2,200 ft</span></div>
<div><span><b>Speed:</b></span> <span>105 kt</span></div>
<div><span><b>Timestamp:</b></span><br/><span>2025-11-02 07:24:03 UTC<br/>2025-11-02 07:24:06 UTC</span></div>
</div>]]></description>
      </Placemark>
      <Placemark>
        <Style>
          <LineStyle>
            <color>ff42ff00</color>
            <width>2</width>
          </LineStyle>
        </Style>
        <MultiGeometry>
          <LineString>
            <tessellate>1</tessellate>
            <altitudeMode>absolute</altitudeMode>
            <coordinates>18.36771,-33.8965,670.56 18.366842,-33.897354,670.56</coordinates>
          </LineString>
        </MultiGeometry>
        <name>P-94</name>
        <description><![CDATA[<div><div><span><b>Altitude:</b></span> <span>2,200 ft</span></div>
<div><span><b>Speed:</b></span> <span>105 kt - 106 kt</span></div>
<div><span><b>Timestamp:</b></span><br/><span>2025-11-02 07:24:06 UTC<br/>2025-11-02 07:24:08 UTC</span></div>
</div>]]></description>
      </Placemark>
      <Placemark>
        <Style>
          <LineStyle>
            <color>ff42ff00</color>
            <width>2</width>
          </LineStyle>
        </Style>
        <MultiGeometry>
          <LineString>
            <tessellate>1</tessellate>
            <altitudeMode>absolute</altitudeMode>
            <coordinates>18.366842,-33.897354,670.56 18.365993,-33.898129,670.56</coordinates>
          </LineString>
        </MultiGeometry>
        <name>P-95</name>
        <description><![CDATA[<div><div><span><b>Altitude:</b></span> <span>2,200 ft</span></div>
<div><span><b>Speed:</b></span> <span>106 kt</span></div>
<div><span><b>Timestamp:</b></span><br/><span>2025-11-02 07:24:08 UTC<br/>2025-11-02 07:24:10 UTC</span></div>
</div>]]></description>
      </Placemark>
      <Placemark>
        <Style>
          <LineStyle>
            <color>ff42ff00</color>
            <width>2</width>
          </LineStyle>
        </Style>
        <MultiGeometry>
          <LineString>
            <tessellate>1</tessellate>
            <altitudeMode>absolute</altitudeMode>
            <coordinates>18.365993,-33.898129,670.56 18.36516,-33.898956,670.56</coordinates>
          </LineString>
        </MultiGeometry>
        <name>P-96</name>
        <description><![CDATA[<div><div><span><b>Altitude:</b></span> <span>2,200 ft</span></div>
<div><span><b>Speed:</b></span> <span>106 kt - 107 kt</span></div>
<div><span><b>Timestamp:</b></span><br/><span>2025-11-02 07:24:10 UTC<br/>2025-11-02 07:24:12 UTC</span></div>
</div>]]></description>
      </Placemark>
      <Placemark>
        <Style>
          <LineStyle>
            <color>ff42ff00</color>
            <width>2</width>
          </LineStyle>
        </Style>
        <MultiGeometry>
          <LineString>
            <tessellate>1</tessellate>
            <altitudeMode>absolute</altitudeMode>
            <coordinates>18.36516,-33.898956,670.56 18.364506,-33.899666,670.56</coordinates>
          </LineString>
        </MultiGeometry>
        <name>P-97</name>
        <description><![CDATA[<div><div><span><b>Altitude:</b></span> <span>2,200 ft</span></div>
<div><span><b>Speed:</b></span> <span>107 kt - 109 kt</span></div>
<div><span><b>Timestamp:</b></span><br/><span>2025-11-02 07:24:12 UTC<br/>2025-11-02 07:24:14 UTC</span></div>
</div>]]></description>
      </Placemark>
      <Placemark>
        <Style>
          <LineStyle>
            <color>ff42ff00</color>
            <width>2</width>
          </LineStyle>
        </Style>
        <MultiGeometry>
          <LineString>
            <tessellate>1</tessellate>
            <altitudeMode>absolute</altitudeMode>
            <coordinates>18.364506,-33.899666,670.56 18.363647,-33.900642,670.56</coordinates>
          </LineString>
        </MultiGeometry>
        <name>P-98</name>
        <description><![CDATA[<div><div><span><b>Altitude:</b></span> <span>2,200 ft</span></div>
<div><span><b>Speed:</b></span> <span>109 kt</span></div>
<div><span><b>Timestamp:</b></span><br/><span>2025-11-02 07:24:14 UTC<br/>2025-11-02 07:24:17 UTC</span></div>
</div>]]></description>
      </Placemark>
      <Placemark>
        <Style>
          <LineStyle>
            <color>ff42ff00</color>
            <width>2</width>
          </LineStyle>
        </Style>
        <MultiGeometry>
          <LineString>
            <tessellate>1</tessellate>
            <altitudeMode>absolute</altitudeMode>
            <coordinates>18.363647,-33.900642,670.56 18.362751,-33.901703,670.56</coordinates>
          </LineString>
        </MultiGeometry>
        <name>P-99</name>
        <description><![CDATA[<div><div><span><b>Altitude:</b></span> <span>2,200 ft</span></div>
<div><span><b>Speed:</b></span> <span>109 kt - 110 kt</span></div>
<div><span><b>Timestamp:</b></span><br/><span>2025-11-02 07:24:17 UTC<br/>2025-11-02 07:24:19 UTC</span></div>
</div>]]></description>
      </Placemark>
      <Placemark>
        <Style>
          <LineStyle>
            <color>ff42ff00</color>
            <width>2</width>
          </LineStyle>
        </Style>
        <MultiGeometry>
          <LineString>
            <tessellate>1</tessellate>
            <altitudeMode>absolute</altitudeMode>
            <coordinates>18.362751,-33.901703,670.56 18.362103,-33.902458,670.56</coordinates>
          </LineString>
        </MultiGeometry>
        <name>P-100</name>
        <description><![CDATA[<div><div><span><b>Altitude:</b></span> <span>2,200 ft</span></div>
<div><span><b>Speed:</b></span> <span>110 kt - 111 kt</span></div>
<div><span><b>Timestamp:</b></span><br/><span>2025-11-02 07:24:19 UTC<br/>2025-11-02 07:24:21 UTC</span></div>
</div>]]></description>
      </Placemark>
      <Placemark>
        <Style>
          <LineStyle>
            <color>ff42ff00</color>
            <width>2</width>
          </LineStyle>
        </Style>
        <MultiGeometry>
          <LineString>
            <tessellate>1</tessellate>
            <altitudeMode>absolute</altitudeMode>
            <coordinates>18.362103,-33.902458,670.56 18.361244,-33.90353,670.56</coordinates>
          </LineString>
        </MultiGeometry>
        <name>P-101</name>
        <description><![CDATA[<div><div><span><b>Altitude:</b></span> <span>2,200 ft</span></div>
<div><span><b>Speed:</b></span> <span>111 kt - 112 kt</span></div>
<div><span><b>Timestamp:</b></span><br/><span>2025-11-02 07:24:21 UTC<br/>2025-11-02 07:24:23 UTC</span></div>
</div>]]></description>
      </Placemark>
      <Placemark>
        <Style>
          <LineStyle>
            <color>ff42ff00</color>
            <width>2</width>
          </LineStyle>
        </Style>
        <MultiGeometry>
          <LineString>
            <tessellate>1</tessellate>
            <altitudeMode>absolute</altitudeMode>
            <coordinates>18.361244,-33.90353,670.56 18.360397,-33.904633,670.56</coordinates>
          </LineString>
        </MultiGeometry>
        <name>P-102</name>
        <description><![CDATA[<div><div><span><b>Altitude:</b></span> <span>2,200 ft</span></div>
<div><span><b>Speed:</b></span> <span>112 kt</span></div>
<div><span><b>Timestamp:</b></span><br/><span>2025-11-02 07:24:23 UTC<br/>2025-11-02 07:24:26 UTC</span></div>
</div>]]></description>
      </Placemark>
      <Placemark>
        <Style>
          <LineStyle>
            <color>ff42ff00</color>
            <width>2</width>
          </LineStyle>
        </Style>
        <MultiGeometry>
          <LineString>
            <tessellate>1</tessellate>
            <altitudeMode>absolute</altitudeMode>
            <coordinates>18.360397,-33.904633,670.56 18.359756,-33.905579,670.56</coordinates>
          </LineString>
        </MultiGeometry>
        <name>P-103</name>
        <description><![CDATA[<div><div><span><b>Altitude:</b></span> <span>2,200 ft</span></div>
<div><span><b>Speed:</b></span> <span>112 kt - 113 kt</span></div>
<div><span><b>Timestamp:</b></span><br/><span>2025-11-02 07:24:26 UTC<br/>2025-11-02 07:24:28 UTC</span></div>
</div>]]></description>
      </Placemark>
      <Placemark>
        <Style>
          <LineStyle>
            <color>ff42ff00</color>
            <width>2</width>
          </LineStyle>
        </Style>
        <MultiGeometry>
          <LineString>
            <tessellate>1</tessellate>
            <altitudeMode>absolute</altitudeMode>
            <coordinates>18.359756,-33.905579,670.56 18.359013,-33.906555,670.56</coordinates>
          </LineString>
        </MultiGeometry>
        <name>P-104</name>
        <description><![CDATA[<div><div><span><b>Altitude:</b></span> <span>2,200 ft</span></div>
<div><span><b>Speed:</b></span> <span>113 kt</span></div>
<div><span><b>Timestamp:</b></span><br/><span>2025-11-02 07:24:28 UTC<br/>2025-11-02 07:24:30 UTC</span></div>
</div>]]></description>
      </Placemark>
      <Placemark>
        <Style>
          <LineStyle>
            <color>ff42ff00</color>
            <width>2</width>
          </LineStyle>
        </Style>
        <MultiGeometry>
          <LineString>
            <tessellate>1</tessellate>
            <altitudeMode>absolute</altitudeMode>
            <coordinates>18.359013,-33.906555,670.56 18.358498,-33.907345,670.56</coordinates>
          </LineString>
        </MultiGeometry>
        <name>P-105</name>
        <description><![CDATA[<div><div><span><b>Altitude:</b></span> <span>2,200 ft</span></div>
<div><span><b>Speed:</b></span> <span>113 kt - 114 kt</span></div>
<div><span><b>Timestamp:</b></span><br/><span>2025-11-02 07:24:30 UTC<br/>2025-11-02 07:24:32 UTC</span></div>
</div>]]></description>
      </Placemark>
      <Placemark>
        <Style>
          <LineStyle>
            <color>ff42ff00</color>
            <width>2</width>
          </LineStyle>
        </Style>
        <MultiGeometry>
          <LineString>
            <tessellate>1</tessellate>
            <altitudeMode>absolute</altitudeMode>
            <coordinates>18.358498,-33.907345,670.56 18.357697,-33.908512,670.56</coordinates>
          </LineString>
        </MultiGeometry>
        <name>P-106</name>
        <description><![CDATA[<div><div><span><b>Altitude:</b></span> <span>2,200 ft</span></div>
<div><span><b>Speed:</b></span> <span>114 kt</span></div>
<div><span><b>Timestamp:</b></span><br/><span>2025-11-02 07:24:32 UTC<br/>2025-11-02 07:24:34 UTC</span></div>
</div>]]></description>
      </Placemark>
      <Placemark>
        <Style>
          <LineStyle>
            <color>ff42ff00</color>
            <width>2</width>
          </LineStyle>
        </Style>
        <MultiGeometry>
          <LineString>
            <tessellate>1</tessellate>
            <altitudeMode>absolute</altitudeMode>
            <coordinates>18.357697,-33.908512,670.56 18.357124,-33.909443,670.56</coordinates>
          </LineString>
        </MultiGeometry>
        <name>P-107</name>
        <description><![CDATA[<div><div><span><b>Altitude:</b></span> <span>2,200 ft</span></div>
<div><span><b>Speed:</b></span> <span>114 kt</span></div>
<div><span><b>Timestamp:</b></span><br/><span>2025-11-02 07:24:34 UTC<br/>2025-11-02 07:24:37 UTC</span></div>
</div>]]></description>
      </Placemark>
      <Placemark>
        <Style>
          <LineStyle>
            <color>ff42ff00</color>
            <width>2</width>
          </LineStyle>
        </Style>
        <MultiGeometry>
          <LineString>
            <tessellate>1</tessellate>
            <altitudeMode>absolute</altitudeMode>
            <coordinates>18.357124,-33.909443,670.56 18.356249,-33.910721,670.56</coordinates>
          </LineString>
        </MultiGeometry>
        <name>P-108</name>
        <description><![CDATA[<div><div><span><b>Altitude:</b></span> <span>2,200 ft</span></div>
<div><span><b>Speed:</b></span> <span>114 kt - 112 kt</span></div>
<div><span><b>Timestamp:</b></span><br/><span>2025-11-02 07:24:37 UTC<br/>2025-11-02 07:24:39 UTC</span></div>
</div>]]></description>
      </Placemark>
      <Placemark>
        <Style>
          <LineStyle>
            <color>ff42ff00</color>
            <width>2</width>
          </LineStyle>
        </Style>
        <MultiGeometry>
          <LineString>
            <tessellate>1</tessellate>
            <altitudeMode>absolute</altitudeMode>
            <coordinates>18.356249,-33.910721,670.56 18.355688,-33.911591,670.56</coordinates>
          </LineString>
        </MultiGeometry>
        <name>P-109</name>
        <description><![CDATA[<div><div><span><b>Altitude:</b></span> <span>2,200 ft</span></div>
<div><span><b>Speed:</b></span> <span>112 kt - 111 kt</span></div>
<div><span><b>Timestamp:</b></span><br/><span>2025-11-02 07:24:39 UTC<br/>2025-11-02 07:24:41 UTC</span></div>
</div>]]></description>
      </Placemark>
      <Placemark>
        <Style>
          <LineStyle>
            <color>ff42ff00</color>
            <width>2</width>
          </LineStyle>
        </Style>
        <MultiGeometry>
          <LineString>
            <tessellate>1</tessellate>
            <altitudeMode>absolute</altitudeMode>
            <coordinates>18.355688,-33.911591,670.56 18.355007,-33.912746,670.56</coordinates>
          </LineString>
        </MultiGeometry>
        <name>P-110</name>
        <description><![CDATA[<div><div><span><b>Altitude:</b></span> <span>2,200 ft</span></div>
<div><span><b>Speed:</b></span> <span>111 kt - 109 kt</span></div>
<div><span><b>Timestamp:</b></span><br/><span>2025-11-02 07:24:41 UTC<br/>2025-11-02 07:24:43 UTC</span></div>
</div>]]></description>
      </Placemark>
      <Placemark>
        <Style>
          <LineStyle>
            <color>ff42ff00</color>
            <width>2</width>
          </LineStyle>
        </Style>
        <MultiGeometry>
          <LineString>
            <tessellate>1</tessellate>
            <altitudeMode>absolute</altitudeMode>
            <coordinates>18.355007,-33.912746,670.56 18.354435,-33.913631,670.56</coordinates>
          </LineString>
        </MultiGeometry>
        <name>P-111</name>
        <description><![CDATA[<div><div><span><b>Altitude:</b></span> <span>2,200 ft</span></div>
<div><span><b>Speed:</b></span> <span>109 kt</span></div>
<div><span><b>Timestamp:</b></span><br/><span>2025-11-02 07:24:43 UTC<br/>2025-11-02 07:24:46 UTC</span></div>
</div>]]></description>
      </Placemark>
      <Placemark>
        <Style>
          <LineStyle>
            <color>ff42ff00</color>
            <width>2</width>
          </LineStyle>
        </Style>
        <MultiGeometry>
          <LineString>
            <tessellate>1</tessellate>
            <altitudeMode>absolute</altitudeMode>
            <coordinates>18.354435,-33.913631,670.56 18.353806,-33.914608,670.56</coordinates>
          </LineString>
        </MultiGeometry>
        <name>P-112</name>
        <description><![CDATA[<div><div><span><b>Altitude:</b></span> <span>2,200 ft</span></div>
<div><span><b>Speed:</b></span> <span>109 kt - 108 kt</span></div>
<div><span><b>Timestamp:</b></span><br/><span>2025-11-02 07:24:46 UTC<br/>2025-11-02 07:24:48 UTC</span></div>
</div>]]></description>
      </Placemark>
      <Placemark>
        <Style>
          <LineStyle>
            <color>ff42ff00</color>
            <width>2</width>
          </LineStyle>
        </Style>
        <MultiGeometry>
          <LineString>
            <tessellate>1</tessellate>
            <altitudeMode>absolute</altitudeMode>
            <coordinates>18.353806,-33.914608,670.56 18.353176,-33.915726,701.04</coordinates>
          </LineString>
        </MultiGeometry>
        <name>P-113</name>
        <description><![CDATA[<div><div><span><b>Altitude:</b></span> <span>2,200 ft - 2,300 ft</span></div>
<div><span><b>Speed:</b></span> <span>108 kt - 109 kt</span></div>
<div><span><b>Timestamp:</b></span><br/><span>2025-11-02 07:24:48 UTC<br/>2025-11-02 07:24:50 UTC</span></div>
</div>]]></description>
      </Placemark>
      <Placemark>
        <Style>
          <LineStyle>
            <color>ff42ff00</color>
            <width>2</width>
          </LineStyle>
        </Style>
        <MultiGeometry>
          <LineString>
            <tessellate>1</tessellate>
            <altitudeMode>absolute</altitudeMode>
            <coordinates>18.353176,-33.915726,701.04 18.352604,-33.916702,701.04</coordinates>
          </LineString>
        </MultiGeometry>
        <name>P-114</name>
        <description><![CDATA[<div><div><span><b>Altitude:</b></span> <span>2,300 ft</span></div>
<div><span><b>Speed:</b></span> <span>109 kt - 110 kt</span></div>
<div><span><b>Timestamp:</b></span><br/><span>2025-11-02 07:24:50 UTC<br/>2025-11-02 07:24:52 UTC</span></div>
</div>]]></description>
      </Placemark>
      <Placemark>
        <Style>
          <LineStyle>
            <color>ff42ff00</color>
            <width>2</width>
          </LineStyle>
        </Style>
        <MultiGeometry>
          <LineString>
            <tessellate>1</tessellate>
            <altitudeMode>absolute</altitudeMode>
            <coordinates>18.352604,-33.916702,701.04 18.351974,-33.91782,670.56</coordinates>
          </LineString>
        </MultiGeometry>
        <name>P-115</name>
        <description><![CDATA[<div><div><span><b>Altitude:</b></span> <span>2,300 ft - 2,200 ft</span></div>
<div><span><b>Speed:</b></span> <span>110 kt - 109 kt</span></div>
<div><span><b>Timestamp:</b></span><br/><span>2025-11-02 07:24:52 UTC<br/>2025-11-02 07:24:54 UTC</span></div>
</div>]]></description>
      </Placemark>
      <Placemark>
        <Style>
          <LineStyle>
            <color>ff42ff00</color>
            <width>2</width>
          </LineStyle>
        </Style>
        <MultiGeometry>
          <LineString>
            <tessellate>1</tessellate>
            <altitudeMode>absolute</altitudeMode>
            <coordinates>18.351974,-33.91782,670.56 18.35146,-33.918751,670.56</coordinates>
          </LineString>
        </MultiGeometry>
        <name>P-116</name>
        <description><![CDATA[<div><div><span><b>Altitude:</b></span> <span>2,200 ft</span></div>
<div><span><b>Speed:</b></span> <span>109 kt - 110 kt</span></div>
<div><span><b>Timestamp:</b></span><br/><span>2025-11-02 07:24:54 UTC<br/>2025-11-02 07:24:57 UTC</span></div>
</div>]]></description>
      </Placemark>
      <Placemark>
        <Style>
          <LineStyle>
            <color>ff42ff00</color>
            <width>2</width>
          </LineStyle>
        </Style>
        <MultiGeometry>
          <LineString>
            <tessellate>1</tessellate>
            <altitudeMode>absolute</altitudeMode>
            <coordinates>18.35146,-33.918751,670.56 18.350811,-33.919876,670.56</coordinates>
          </LineString>
        </MultiGeometry>
        <name>P-117</name>
        <description><![CDATA[<div><div><span><b>Altitude:</b></span> <span>2,200 ft</span></div>
<div><span><b>Speed:</b></span> <span>110 kt</span></div>
<div><span><b>Timestamp:</b></span><br/><span>2025-11-02 07:24:57 UTC<br/>2025-11-02 07:24:59 UTC</span></div>
</div>]]></description>
      </Placemark>
      <Placemark>
        <Style>
          <LineStyle>
            <color>ff42ff00</color>
            <width>2</width>
          </LineStyle>
        </Style>
        <MultiGeometry>
          <LineString>
            <tessellate>1</tessellate>
            <altitudeMode>absolute</altitudeMode>
            <coordinates>18.350811,-33.919876,670.56 18.350315,-33.920845,670.56</coordinates>
          </LineString>
        </MultiGeometry>
        <name>P-118</name>
        <description><![CDATA[<div><div><span><b>Altitude:</b></span> <span>2,200 ft</span></div>
<div><span><b>Speed:</b></span> <span>110 kt</span></div>
<div><span><b>Timestamp:</b></span><br/><span>2025-11-02 07:24:59 UTC<br/>2025-11-02 07:25:01 UTC</span></div>
</div>]]></description>
      </Placemark>
      <Placemark>
        <Style>
          <LineStyle>
            <color>ff42ff00</color>
            <width>2</width>
          </LineStyle>
        </Style>
        <MultiGeometry>
          <LineString>
            <tessellate>1</tessellate>
            <altitudeMode>absolute</altitudeMode>
            <coordinates>18.350315,-33.920845,670.56 18.349747,-33.921982,670.56</coordinates>
          </LineString>
        </MultiGeometry>
        <name>P-119</name>
        <description><![CDATA[<div><div><span><b>Altitude:</b></span> <span>2,200 ft</span></div>
<div><span><b>Speed:</b></span> <span>110 kt</span></div>
<div><span><b>Timestamp:</b></span><br/><span>2025-11-02 07:25:01 UTC<br/>2025-11-02 07:25:03 UTC</span></div>
</div>]]></description>
      </Placemark>
      <Placemark>
        <Style>
          <LineStyle>
            <color>ff42ff00</color>
            <width>2</width>
          </LineStyle>
        </Style>
        <MultiGeometry>
          <LineString>
            <tessellate>1</tessellate>
            <altitudeMode>absolute</altitudeMode>
            <coordinates>18.349747,-33.921982,670.56 18.349171,-33.92308,701.04</coordinates>
          </LineString>
        </MultiGeometry>
        <name>P-120</name>
        <description><![CDATA[<div><div><span><b>Altitude:</b></span> <span>2,200 ft - 2,300 ft</span></div>
<div><span><b>Speed:</b></span> <span>110 kt</span></div>
<div><span><b>Timestamp:</b></span><br/><span>2025-11-02 07:25:03 UTC<br/>2025-11-02 07:25:06 UTC</span></div>
</div>]]></description>
      </Placemark>
      <Placemark>
        <Style>
          <LineStyle>
            <color>ff42ff00</color>
            <width>2</width>
          </LineStyle>
        </Style>
        <MultiGeometry>
          <LineString>
            <tessellate>1</tessellate>
            <altitudeMode>absolute</altitudeMode>
            <coordinates>18.349171,-33.92308,701.04 18.34877,-33.924011,670.56</coordinates>
          </LineString>
        </MultiGeometry>
        <name>P-121</name>
        <description><![CDATA[<div><div><span><b>Altitude:</b></span> <span>2,300 ft - 2,200 ft</span></div>
<div><span><b>Speed:</b></span> <span>110 kt - 111 kt</span></div>
<div><span><b>Timestamp:</b></span><br/><span>2025-11-02 07:25:06 UTC<br/>2025-11-02 07:25:08 UTC</span></div>
</div>]]></description>
      </Placemark>
      <Placemark>
        <Style>
          <LineStyle>
            <color>ff42ff00</color>
            <width>2</width>
          </LineStyle>
        </Style>
        <MultiGeometry>
          <LineString>
            <tessellate>1</tessellate>
            <altitudeMode>absolute</altitudeMode>
            <coordinates>18.34877,-33.924011,670.56 18.348255,-33.925083,701.04</coordinates>
          </LineString>
        </MultiGeometry>
        <name>P-122</name>
        <description><![CDATA[<div><div><span><b>Altitude:</b></span> <span>2,200 ft - 2,300 ft</span></div>
<div><span><b>Speed:</b></span> <span>111 kt - 112 kt</span></div>
<div><span><b>Timestamp:</b></span><br/><span>2025-11-02 07:25:08 UTC<br/>2025-11-02 07:25:10 UTC</span></div>
</div>]]></description>
      </Placemark>
      <Placemark>
        <Style>
          <LineStyle>
            <color>ff42ff00</color>
            <width>2</width>
          </LineStyle>
        </Style>
        <MultiGeometry>
          <LineString>
            <tessellate>1</tessellate>
            <altitudeMode>absolute</altitudeMode>
            <coordinates>18.348255,-33.925083,701.04 18.34774,-33.926247,670.56</coordinates>
          </LineString>
        </MultiGeometry>
        <name>P-123</name>
        <description><![CDATA[<div><div><span><b>Altitude:</b></span> <span>2,300 ft - 2,200 ft</span></div>
<div><span><b>Speed:</b></span> <span>112 kt</span></div>
<div><span><b>Timestamp:</b></span><br/><span>2025-11-02 07:25:10 UTC<br/>2025-11-02 07:25:13 UTC</span></div>
</div>]]></description>
      </Placemark>
      <Placemark>
        <Style>
          <LineStyle>
            <color>ff42ff00</color>
            <width>2</width>
          </LineStyle>
        </Style>
        <MultiGeometry>
          <LineString>
            <tessellate>1</tessellate>
            <altitudeMode>absolute</altitudeMode>
            <coordinates>18.34774,-33.926247,670.56 18.347336,-33.927246,670.56</coordinates>
          </LineString>
        </MultiGeometry>
        <name>P-124</name>
        <description><![CDATA[<div><div><span><b>Altitude:</b></span> <span>2,200 ft</span></div>
<div><span><b>Speed:</b></span> <span>112 kt</span></div>
<div><span><b>Timestamp:</b></span><br/><span>2025-11-02 07:25:13 UTC<br/>2025-11-02 07:25:15 UTC</span></div>
</div>]]></description>
      </Placemark>
      <Placemark>
        <Style>
          <LineStyle>
            <color>ff42ff00</color>
            <width>2</width>
          </LineStyle>
        </Style>
        <MultiGeometry>
          <LineString>
            <tessellate>1</tessellate>
            <altitudeMode>absolute</altitudeMode>
            <coordinates>18.347336,-33.927246,670.56 18.346664,-33.928848,670.56</coordinates>
          </LineString>
        </MultiGeometry>
        <name>P-125</name>
        <description><![CDATA[<div><div><span><b>Altitude:</b></span> <span>2,200 ft</span></div>
<div><span><b>Speed:</b></span> <span>112 kt - 111 kt</span></div>
<div><span><b>Timestamp:</b></span><br/><span>2025-11-02 07:25:15 UTC<br/>2025-11-02 07:25:18 UTC</span></div>
</div>]]></description>
      </Placemark>
      <Placemark>
        <Style>
          <LineStyle>
            <color>ff42ff00</color>
            <width>2</width>
          </LineStyle>
        </Style>
        <MultiGeometry>
          <LineString>
            <tessellate>1</tessellate>
            <altitudeMode>absolute</altitudeMode>
            <coordinates>18.346664,-33.928848,670.56 18.346104,-33.930359,701.04</coordinates>
          </LineString>
        </MultiGeometry>
        <name>P-126</name>
        <description><![CDATA[<div><div><span><b>Altitude:</b></span> <span>2,200 ft - 2,300 ft</span></div>
<div><span><b>Speed:</b></span> <span>111 kt</span></div>
<div><span><b>Timestamp:</b></span><br/><span>2025-11-02 07:25:18 UTC<br/>2025-11-02 07:25:21 UTC</span></div>
</div>]]></description>
      </Placemark>
      <Placemark>
        <Style>
          <LineStyle>
            <color>ff42ff00</color>
            <width>2</width>
          </LineStyle>
        </Style>
        <MultiGeometry>
          <LineString>
            <tessellate>1</tessellate>
            <altitudeMode>absolute</altitudeMode>
            <coordinates>18.346104,-33.930359,701.04 18.345655,-33.931824,701.04</coordinates>
          </LineString>
        </MultiGeometry>
        <name>P-127</name>
        <description><![CDATA[<div><div><span><b>Altitude:</b></span> <span>2,300 ft</span></div>
<div><span><b>Speed:</b></span> <span>111 kt - 110 kt</span></div>
<div><span><b>Timestamp:</b></span><br/><span>2025-11-02 07:25:21 UTC<br/>2025-11-02 07:25:24 UTC</span></div>
</div>]]></description>
      </Placemark>
      <Placemark>
        <Style>
          <LineStyle>
            <color>ff42ff00</color>
            <width>2</width>
          </LineStyle>
        </Style>
        <MultiGeometry>
          <LineString>
            <tessellate>1</tessellate>
            <altitudeMode>absolute</altitudeMode>
            <coordinates>18.345655,-33.931824,701.04 18.34543,-33.932556,701.04</coordinates>
          </LineString>
        </MultiGeometry>
        <name>P-128</name>
        <description><![CDATA[<div><div><span><b>Altitude:</b></span> <span>2,300 ft</span></div>
<div><span><b>Speed:</b></span> <span>110 kt - 108 kt</span></div>
<div><span><b>Timestamp:</b></span><br/><span>2025-11-02 07:25:24 UTC<br/>2025-11-02 07:25:26 UTC</span></div>
</div>]]></description>
      </Placemark>
      <Placemark>
        <Style>
          <LineStyle>
            <color>ff42ff00</color>
            <width>2</width>
          </LineStyle>
        </Style>
        <MultiGeometry>
          <LineString>
            <tessellate>1</tessellate>
            <altitudeMode>absolute</altitudeMode>
            <coordinates>18.34543,-33.932556,701.04 18.345051,-33.933834,701.04</coordinates>
          </LineString>
        </MultiGeometry>
        <name>P-129</name>
        <description><![CDATA[<div><div><span><b>Altitude:</b></span> <span>2,300 ft</span></div>
<div><span><b>Speed:</b></span> <span>108 kt - 107 kt</span></div>
<div><span><b>Timestamp:</b></span><br/><span>2025-11-02 07:25:26 UTC<br/>2025-11-02 07:25:29 UTC</span></div>
</div>]]></description>
      </Placemark>
      <Placemark>
        <Style>
          <LineStyle>
            <color>ff42ff00</color>
            <width>2</width>
          </LineStyle>
        </Style>
        <MultiGeometry>
          <LineString>
            <tessellate>1</tessellate>
            <altitudeMode>absolute</altitudeMode>
            <coordinates>18.345051,-33.933834,701.04 18.344536,-33.935604,701.04</coordinates>
          </LineString>
        </MultiGeometry>
        <name>P-130</name>
        <description><![CDATA[<div><div><span><b>Altitude:</b></span> <span>2,300 ft</span></div>
<div><span><b>Speed:</b></span> <span>107 kt - 106 kt</span></div>
<div><span><b>Timestamp:</b></span><br/><span>2025-11-02 07:25:29 UTC<br/>2025-11-02 07:25:32 UTC</span></div>
</div>]]></description>
      </Placemark>
      <Placemark>
        <Style>
          <LineStyle>
            <color>ff42ff00</color>
            <width>2</width>
          </LineStyle>
        </Style>
        <MultiGeometry>
          <LineString>
            <tessellate>1</tessellate>
            <altitudeMode>absolute</altitudeMode>
            <coordinates>18.344536,-33.935604,701.04 18.344254,-33.936539,701.04</coordinates>
          </LineString>
        </MultiGeometry>
        <name>P-131</name>
        <description><![CDATA[<div><div><span><b>Altitude:</b></span> <span>2,300 ft</span></div>
<div><span><b>Speed:</b></span> <span>106 kt - 105 kt</span></div>
<div><span><b>Timestamp:</b></span><br/><span>2025-11-02 07:25:32 UTC<br/>2025-11-02 07:25:34 UTC</span></div>
</div>]]></description>
      </Placemark>
      <Placemark>
        <Style>
          <LineStyle>
            <color>ff42ff00</color>
            <width>2</width>
          </LineStyle>
        </Style>
        <MultiGeometry>
          <LineString>
            <tessellate>1</tessellate>
            <altitudeMode>absolute</altitudeMode>
            <coordinates>18.344254,-33.936539,701.04 18.343906,-33.93779,731.52</coordinates>
          </LineString>
        </MultiGeometry>
        <name>P-132</name>
        <description><![CDATA[<div><div><span><b>Altitude:</b></span> <span>2,300 ft - 2,400 ft</span></div>
<div><span><b>Speed:</b></span> <span>105 kt - 104 kt</span></div>
<div><span><b>Timestamp:</b></span><br/><span>2025-11-02 07:25:34 UTC<br/>2025-11-02 07:25:36 UTC</span></div>
</div>]]></description>
      </Placemark>
      <Placemark>
        <Style>
          <LineStyle>
            <color>ff42ff00</color>
            <width>2</width>
          </LineStyle>
        </Style>
        <MultiGeometry>
          <LineString>
            <tessellate>1</tessellate>
            <altitudeMode>absolute</altitudeMode>
            <coordinates>18.343906,-33.93779,731.52 18.343693,-33.93869,731.52</coordinates>
          </LineString>
        </MultiGeometry>
        <name>P-133</name>
        <description><![CDATA[<div><div><span><b>Altitude:</b></span> <span>2,400 ft</span></div>
<div><span><b>Speed:</b></span> <span>104 kt - 102 kt</span></div>
<div><span><b>Timestamp:</b></span><br/><span>2025-11-02 07:25:36 UTC<br/>2025-11-02 07:25:38 UTC</span></div>
</div>]]></description>
      </Placemark>
      <Placemark>
        <Style>
          <LineStyle>
            <color>ff42ff00</color>
            <width>2</width>
          </LineStyle>
        </Style>
        <MultiGeometry>
          <LineString>
            <tessellate>1</tessellate>
            <altitudeMode>absolute</altitudeMode>
            <coordinates>18.343693,-33.93869,731.52 18.343357,-33.939789,731.52</coordinates>
          </LineString>
        </MultiGeometry>
        <name>P-134</name>
        <description><![CDATA[<div><div><span><b>Altitude:</b></span> <span>2,400 ft</span></div>
<div><span><b>Speed:</b></span> <span>102 kt - 101 kt</span></div>
<div><span><b>Timestamp:</b></span><br/><span>2025-11-02 07:25:38 UTC<br/>2025-11-02 07:25:41 UTC</span></div>
</div>]]></description>
      </Placemark>
      <Placemark>
        <Style>
          <LineStyle>
            <color>ff42ff00</color>
            <width>2</width>
          </LineStyle>
        </Style>
        <MultiGeometry>
          <LineString>
            <tessellate>1</tessellate>
            <altitudeMode>absolute</altitudeMode>
            <coordinates>18.343357,-33.939789,731.52 18.343163,-33.940491,731.52</coordinates>
          </LineString>
        </MultiGeometry>
        <name>P-135</name>
        <description><![CDATA[<div><div><span><b>Altitude:</b></span> <span>2,400 ft</span></div>
<div><span><b>Speed:</b></span> <span>101 kt - 100 kt</span></div>
<div><span><b>Timestamp:</b></span><br/><span>2025-11-02 07:25:41 UTC<br/>2025-11-02 07:25:43 UTC</span></div>
</div>]]></description>
      </Placemark>
      <Placemark>
        <Style>
          <LineStyle>
            <color>ff42ff00</color>
            <width>2</width>
          </LineStyle>
        </Style>
        <MultiGeometry>
          <LineString>
            <tessellate>1</tessellate>
            <altitudeMode>absolute</altitudeMode>
            <coordinates>18.343163,-33.940491,731.52 18.342739,-33.942535,731.52</coordinates>
          </LineString>
        </MultiGeometry>
        <name>P-136</name>
        <description><![CDATA[<div><div><span><b>Altitude:</b></span> <span>2,400 ft</span></div>
<div><span><b>Speed:</b></span> <span>100 kt - 99 kt</span></div>
<div><span><b>Timestamp:</b></span><br/><span>2025-11-02 07:25:43 UTC<br/>2025-11-02 07:25:46 UTC</span></div>
</div>]]></description>
      </Placemark>
      <Placemark>
        <Style>
          <LineStyle>
            <color>ff42ff00</color>
            <width>2</width>
          </LineStyle>
        </Style>
        <MultiGeometry>
          <LineString>
            <tessellate>1</tessellate>
            <altitudeMode>absolute</altitudeMode>
            <coordinates>18.342739,-33.942535,731.52 18.342516,-33.943405,731.52</coordinates>
          </LineString>
        </MultiGeometry>
        <name>P-137</name>
        <description><![CDATA[<div><div><span><b>Altitude:</b></span> <span>2,400 ft</span></div>
<div><span><b>Speed:</b></span> <span>99 kt - 100 kt</span></div>
<div><span><b>Timestamp:</b></span><br/><span>2025-11-02 07:25:46 UTC<br/>2025-11-02 07:25:49 UTC</span></div>
</div>]]></description>
      </Placemark>
      <Placemark>
        <Style>
          <LineStyle>
            <color>ff42ff00</color>
            <width>2</width>
          </LineStyle>
        </Style>
        <MultiGeometry>
          <LineString>
            <tessellate>1</tessellate>
            <altitudeMode>absolute</altitudeMode>
            <coordinates>18.342516,-33.943405,731.52 18.342291,-33.944412,762</coordinates>
          </LineString>
        </MultiGeometry>
        <name>P-138</name>
        <description><![CDATA[<div><div><span><b>Altitude:</b></span> <span>2,400 ft - 2,500 ft</span></div>
<div><span><b>Speed:</b></span> <span>100 kt - 99 kt</span></div>
<div><span><b>Timestamp:</b></span><br/><span>2025-11-02 07:25:49 UTC<br/>2025-11-02 07:25:51 UTC</span></div>
</div>]]></description>
      </Placemark>
      <Placemark>
        <Style>
          <LineStyle>
            <color>ff42ff00</color>
            <width>2</width>
          </LineStyle>
        </Style>
        <MultiGeometry>
          <LineString>
            <tessellate>1</tessellate>
            <altitudeMode>absolute</altitudeMode>
            <coordinates>18.342291,-33.944412,762 18.341955,-33.945969,762</coordinates>
          </LineString>
        </MultiGeometry>
        <name>P-139</name>
        <description><![CDATA[<div><div><span><b>Altitude:</b></span> <span>2,500 ft</span></div>
<div><span><b>Speed:</b></span> <span>99 kt</span></div>
<div><span><b>Timestamp:</b></span><br/><span>2025-11-02 07:25:51 UTC<br/>2025-11-02 07:25:54 UTC</span></div>
</div>]]></description>
      </Placemark>
      <Placemark>
        <Style>
          <LineStyle>
            <color>ff42ff00</color>
            <width>2</width>
          </LineStyle>
        </Style>
        <MultiGeometry>
          <LineString>
            <tessellate>1</tessellate>
            <altitudeMode>absolute</altitudeMode>
            <coordinates>18.341955,-33.945969,762 18.34173,-33.94693,762</coordinates>
          </LineString>
        </MultiGeometry>
        <name>P-140</name>
        <description><![CDATA[<div><div><span><b>Altitude:</b></span> <span>2,500 ft</span></div>
<div><span><b>Speed:</b></span> <span>99 kt</span></div>
<div><span><b>Timestamp:</b></span><br/><span>2025-11-02 07:25:54 UTC<br/>2025-11-02 07:25:56 UTC</span></div>
</div>]]></description>
      </Placemark>
      <Placemark>
        <Style>
          <LineStyle>
            <color>ff42ff00</color>
            <width>2</width>
          </LineStyle>
        </Style>
        <MultiGeometry>
          <LineString>
            <tessellate>1</tessellate>
            <altitudeMode>absolute</altitudeMode>
            <coordinates>18.34173,-33.94693,762 18.34145,-33.947891,762</coordinates>
          </LineString>
        </MultiGeometry>
        <name>P-141</name>
        <description><![CDATA[<div><div><span><b>Altitude:</b></span> <span>2,500 ft</span></div>
<div><span><b>Speed:</b></span> <span>99 kt - 100 kt</span></div>
<div><span><b>Timestamp:</b></span><br/><span>2025-11-02 07:25:56 UTC<br/>2025-11-02 07:25:58 UTC</span></div>
</div>]]></description>
      </Placemark>
      <Placemark>
        <Style>
          <LineStyle>
            <color>ff42ff00</color>
            <width>2</width>
          </LineStyle>
        </Style>
        <MultiGeometry>
          <LineString>
            <tessellate>1</tessellate>
            <altitudeMode>absolute</altitudeMode>
            <coordinates>18.34145,-33.947891,762 18.341227,-33.948853,762</coordinates>
          </LineString>
        </MultiGeometry>
        <name>P-142</name>
        <description><![CDATA[<div><div><span><b>Altitude:</b></span> <span>2,500 ft</span></div>
<div><span><b>Speed:</b></span> <span>100 kt - 99 kt</span></div>
<div><span><b>Timestamp:</b></span><br/><span>2025-11-02 07:25:58 UTC<br/>2025-11-02 07:26:01 UTC</span></div>
</div>]]></description>
      </Placemark>
      <Placemark>
        <Style>
          <LineStyle>
            <color>ff42ff00</color>
            <width>2</width>
          </LineStyle>
        </Style>
        <MultiGeometry>
          <LineString>
            <tessellate>1</tessellate>
            <altitudeMode>absolute</altitudeMode>
            <coordinates>18.341227,-33.948853,762 18.339729,-33.953247,762</coordinates>
          </LineString>
        </MultiGeometry>
        <name>P-143</name>
        <description><![CDATA[<div><div><span><b>Altitude:</b></span> <span>2,500 ft</span></div>
<div><span><b>Speed:</b></span> <span>99 kt - 102 kt</span></div>
<div><span><b>Timestamp:</b></span><br/><span>2025-11-02 07:26:01 UTC<br/>2025-11-02 07:26:10 UTC</span></div>
</div>]]></description>
      </Placemark>
      <Placemark>
        <Style>
          <LineStyle>
            <color>ff42ff00</color>
            <width>2</width>
          </LineStyle>
        </Style>
        <MultiGeometry>
          <LineString>
            <tessellate>1</tessellate>
            <altitudeMode>absolute</altitudeMode>
            <coordinates>18.339729,-33.953247,762 18.3391,-33.954689,762</coordinates>
          </LineString>
        </MultiGeometry>
        <name>P-144</name>
        <description><![CDATA[<div><div><span><b>Altitude:</b></span> <span>2,500 ft</span></div>
<div><span><b>Speed:</b></span> <span>102 kt</span></div>
<div><span><b>Timestamp:</b></span><br/><span>2025-11-02 07:26:10 UTC<br/>2025-11-02 07:26:13 UTC</span></div>
</div>]]></description>
      </Placemark>
      <Placemark>
        <Style>
          <LineStyle>
            <color>ff42ff00</color>
            <width>2</width>
          </LineStyle>
        </Style>
        <MultiGeometry>
          <LineString>
            <tessellate>1</tessellate>
            <altitudeMode>absolute</altitudeMode>
            <coordinates>18.3391,-33.954689,762 18.338814,-33.955387,762</coordinates>
          </LineString>
        </MultiGeometry>
        <name>P-145</name>
        <description><![CDATA[<div><div><span><b>Altitude:</b></span> <span>2,500 ft</span></div>
<div><span><b>Speed:</b></span> <span>102 kt</span></div>
<div><span><b>Timestamp:</b></span><br/><span>2025-11-02 07:26:13 UTC<br/>2025-11-02 07:26:16 UTC</span></div>
</div>]]></description>
      </Placemark>
      <Placemark>
        <Style>
          <LineStyle>
            <color>ff42ff00</color>
            <width>2</width>
          </LineStyle>
        </Style>
        <MultiGeometry>
          <LineString>
            <tessellate>1</tessellate>
            <altitudeMode>absolute</altitudeMode>
            <coordinates>18.338814,-33.955387,762 18.336575,-33.960663,762</coordinates>
          </LineString>
        </MultiGeometry>
        <name>P-146</name>
        <description><![CDATA[<div><div><span><b>Altitude:</b></span> <span>2,500 ft</span></div>
<div><span><b>Speed:</b></span> <span>102 kt - 100 kt</span></div>
<div><span><b>Timestamp:</b></span><br/><span>2025-11-02 07:26:16 UTC<br/>2025-11-02 07:26:27 UTC</span></div>
</div>]]></description>
      </Placemark>
      <Placemark>
        <Style>
          <LineStyle>
            <color>ff42ff00</color>
            <width>2</width>
          </LineStyle>
        </Style>
        <MultiGeometry>
          <LineString>
            <tessellate>1</tessellate>
            <altitudeMode>absolute</altitudeMode>
            <coordinates>18.336575,-33.960663,762 18.334351,-33.965443,762</coordinates>
          </LineString>
        </MultiGeometry>
        <name>P-147</name>
        <description><![CDATA[<div><div><span><b>Altitude:</b></span> <span>2,500 ft</span></div>
<div><span><b>Speed:</b></span> <span>100 kt - 104 kt</span></div>
<div><span><b>Timestamp:</b></span><br/><span>2025-11-02 07:26:27 UTC<br/>2025-11-02 07:26:38 UTC</span></div>
</div>]]></description>
      </Placemark>
      <Placemark>
        <Style>
          <LineStyle>
            <color>ff42ff00</color>
            <width>2</width>
          </LineStyle>
        </Style>
        <MultiGeometry>
          <LineString>
            <tessellate>1</tessellate>
            <altitudeMode>absolute</altitudeMode>
            <coordinates>18.334351,-33.965443,762 18.331865,-33.970459,792.48</coordinates>
          </LineString>
        </MultiGeometry>
        <name>P-148</name>
        <description><![CDATA[<div><div><span><b>Altitude:</b></span> <span>2,500 ft - 2,600 ft</span></div>
<div><span><b>Speed:</b></span> <span>104 kt - 107 kt</span></div>
<div><span><b>Timestamp:</b></span><br/><span>2025-11-02 07:26:38 UTC<br/>2025-11-02 07:26:48 UTC</span></div>
</div>]]></description>
      </Placemark>
      <Placemark>
        <Style>
          <LineStyle>
            <color>ff42ff00</color>
            <width>2</width>
          </LineStyle>
        </Style>
        <MultiGeometry>
          <LineString>
            <tessellate>1</tessellate>
            <altitudeMode>absolute</altitudeMode>
            <coordinates>18.331865,-33.970459,792.48 18.329201,-33.975407,792.48</coordinates>
          </LineString>
        </MultiGeometry>
        <name>P-149</name>
        <description><![CDATA[<div><div><span><b>Altitude:</b></span> <span>2,600 ft</span></div>
<div><span><b>Speed:</b></span> <span>107 kt - 108 kt</span></div>
<div><span><b>Timestamp:</b></span><br/><span>2025-11-02 07:26:48 UTC<br/>2025-11-02 07:26:59 UTC</span></div>
</div>]]></description>
      </Placemark>
      <Placemark>
        <Style>
          <LineStyle>
            <color>ff42ff00</color>
            <width>2</width>
          </LineStyle>
        </Style>
        <MultiGeometry>
          <LineString>
            <tessellate>1</tessellate>
            <altitudeMode>absolute</altitudeMode>
            <coordinates>18.329201,-33.975407,792.48 18.326317,-33.980347,792.48</coordinates>
          </LineString>
        </MultiGeometry>
        <name>P-150</name>
        <description><![CDATA[<div><div><span><b>Altitude:</b></span> <span>2,600 ft</span></div>
<div><span><b>Speed:</b></span> <span>108 kt - 105 kt</span></div>
<div><span><b>Timestamp:</b></span><br/><span>2025-11-02 07:26:59 UTC<br/>2025-11-02 07:27:10 UTC</span></div>
</div>]]></description>
      </Placemark>
      <Placemark>
        <Style>
          <LineStyle>
            <color>ff42ff00</color>
            <width>2</width>
          </LineStyle>
        </Style>
        <MultiGeometry>
          <LineString>
            <tessellate>1</tessellate>
            <altitudeMode>absolute</altitudeMode>
            <coordinates>18.326317,-33.980347,792.48 18.323458,-33.984879,792.48</coordinates>
          </LineString>
        </MultiGeometry>
        <name>P-151</name>
        <description><![CDATA[<div><div><span><b>Altitude:</b></span> <span>2,600 ft</span></div>
<div><span><b>Speed:</b></span> <span>105 kt - 102 kt</span></div>
<div><span><b>Timestamp:</b></span><br/><span>2025-11-02 07:27:10 UTC<br/>2025-11-02 07:27:21 UTC</span></div>
</div>]]></description>
      </Placemark>
      <Placemark>
        <Style>
          <LineStyle>
            <color>ff42ff00</color>
            <width>2</width>
          </LineStyle>
        </Style>
        <MultiGeometry>
          <LineString>
            <tessellate>1</tessellate>
            <altitudeMode>absolute</altitudeMode>
            <coordinates>18.323458,-33.984879,792.48 18.321215,-33.988266,792.48</coordinates>
          </LineString>
        </MultiGeometry>
        <name>P-152</name>
        <description><![CDATA[<div><div><span><b>Altitude:</b></span> <span>2,600 ft</span></div>
<div><span><b>Speed:</b></span> <span>102 kt - 105 kt</span></div>
<div><span><b>Timestamp:</b></span><br/><span>2025-11-02 07:27:21 UTC<br/>2025-11-02 07:27:29 UTC</span></div>
</div>]]></description>
      </Placemark>
      <Placemark>
        <Style>
          <LineStyle>
            <color>ff42ff00</color>
            <width>2</width>
          </LineStyle>
        </Style>
        <MultiGeometry>
          <LineString>
            <tessellate>1</tessellate>
            <altitudeMode>absolute</altitudeMode>
            <coordinates>18.321215,-33.988266,792.48 18.319931,-33.990116,792.48</coordinates>
          </LineString>
        </MultiGeometry>
        <name>P-153</name>
        <description><![CDATA[<div><div><span><b>Altitude:</b></span> <span>2,600 ft</span></div>
<div><span><b>Speed:</b></span> <span>105 kt - 108 kt</span></div>
<div><span><b>Timestamp:</b></span><br/><span>2025-11-02 07:27:29 UTC<br/>2025-11-02 07:27:33 UTC</span></div>
</div>]]></description>
      </Placemark>
      <Placemark>
        <Style>
          <LineStyle>
            <color>ff42ff00</color>
            <width>2</width>
          </LineStyle>
        </Style>
        <MultiGeometry>
          <LineString>
            <tessellate>1</tessellate>
            <altitudeMode>absolute</altitudeMode>
            <coordinates>18.319931,-33.990116,792.48 18.317871,-33.993423,792.48</coordinates>
          </LineString>
        </MultiGeometry>
        <name>P-154</name>
        <description><![CDATA[<div><div><span><b>Altitude:</b></span> <span>2,600 ft</span></div>
<div><span><b>Speed:</b></span> <span>108 kt - 114 kt</span></div>
<div><span><b>Timestamp:</b></span><br/><span>2025-11-02 07:27:33 UTC<br/>2025-11-02 07:27:41 UTC</span></div>
</div>]]></description>
      </Placemark>
      <Placemark>
        <Style>
          <LineStyle>
            <color>ff42ff00</color>
            <width>2</width>
          </LineStyle>
        </Style>
        <MultiGeometry>
          <LineString>
            <tessellate>1</tessellate>
            <altitudeMode>absolute</altitudeMode>
            <coordinates>18.317871,-33.993423,792.48 18.317404,-33.994263,792.48</coordinates>
          </LineString>
        </MultiGeometry>
        <name>P-155</name>
        <description><![CDATA[<div><div><span><b>Altitude:</b></span> <span>2,600 ft</span></div>
<div><span><b>Speed:</b></span> <span>114 kt</span></div>
<div><span><b>Timestamp:</b></span><br/><span>2025-11-02 07:27:41 UTC<br/>2025-11-02 07:27:43 UTC</span></div>
</div>]]></description>
      </Placemark>
      <Placemark>
        <Style>
          <LineStyle>
            <color>ff42ff00</color>
            <width>2</width>
          </LineStyle>
        </Style>
        <MultiGeometry>
          <LineString>
            <tessellate>1</tessellate>
            <altitudeMode>absolute</altitudeMode>
            <coordinates>18.317404,-33.994263,792.48 18.316675,-33.995453,792.48</coordinates>
          </LineString>
        </MultiGeometry>
        <name>P-156</name>
        <description><![CDATA[<div><div><span><b>Altitude:</b></span> <span>2,600 ft</span></div>
<div><span><b>Speed:</b></span> <span>114 kt</span></div>
<div><span><b>Timestamp:</b></span><br/><span>2025-11-02 07:27:43 UTC<br/>2025-11-02 07:27:45 UTC</span></div>
</div>]]></description>
      </Placemark>
      <Placemark>
        <Style>
          <LineStyle>
            <color>ff42ff00</color>
            <width>2</width>
          </LineStyle>
        </Style>
        <MultiGeometry>
          <LineString>
            <tessellate>1</tessellate>
            <altitudeMode>absolute</altitudeMode>
            <coordinates>18.316675,-33.995453,792.48 18.315468,-33.997612,792.48</coordinates>
          </LineString>
        </MultiGeometry>
        <name>P-157</name>
        <description><![CDATA[<div><div><span><b>Altitude:</b></span> <span>2,600 ft</span></div>
<div><span><b>Speed:</b></span> <span>114 kt - 115 kt</span></div>
<div><span><b>Timestamp:</b></span><br/><span>2025-11-02 07:27:45 UTC<br/>2025-11-02 07:27:50 UTC</span></div>
</div>]]></description>
      </Placemark>
      <Placemark>
        <Style>
          <LineStyle>
            <color>ff42ff00</color>
            <width>2</width>
          </LineStyle>
        </Style>
        <MultiGeometry>
          <LineString>
            <tessellate>1</tessellate>
            <altitudeMode>absolute</altitudeMode>
            <coordinates>18.315468,-33.997612,792.48 18.314993,-33.99852,792.48</coordinates>
          </LineString>
        </MultiGeometry>
        <name>P-158</name>
        <description><![CDATA[<div><div><span><b>Altitude:</b></span> <span>2,600 ft</span></div>
<div><span><b>Speed:</b></span> <span>115 kt - 116 kt</span></div>
<div><span><b>Timestamp:</b></span><br/><span>2025-11-02 07:27:50 UTC<br/>2025-11-02 07:27:52 UTC</span></div>
</div>]]></description>
      </Placemark>
      <Placemark>
        <Style>
          <LineStyle>
            <color>ff42ff00</color>
            <width>2</width>
          </LineStyle>
        </Style>
        <MultiGeometry>
          <LineString>
            <tessellate>1</tessellate>
            <altitudeMode>absolute</altitudeMode>
            <coordinates>18.314993,-33.99852,792.48 18.314264,-33.999802,792.48</coordinates>
          </LineString>
        </MultiGeometry>
        <name>P-159</name>
        <description><![CDATA[<div><div><span><b>Altitude:</b></span> <span>2,600 ft</span></div>
<div><span><b>Speed:</b></span> <span>116 kt - 115 kt</span></div>
<div><span><b>Timestamp:</b></span><br/><span>2025-11-02 07:27:52 UTC<br/>2025-11-02 07:27:54 UTC</span></div>
</div>]]></description>
      </Placemark>
      <Placemark>
        <Style>
          <LineStyle>
            <color>ff42ff00</color>
            <width>2</width>
          </LineStyle>
        </Style>
        <MultiGeometry>
          <LineString>
            <tessellate>1</tessellate>
            <altitudeMode>absolute</altitudeMode>
            <coordinates>18.314264,-33.999802,792.48 18.313866,-34.000591,792.48</coordinates>
          </LineString>
        </MultiGeometry>
        <name>P-160</name>
        <description><![CDATA[<div><div><span><b>Altitude:</b></span> <span>2,600 ft</span></div>
<div><span><b>Speed:</b></span> <span>115 kt</span></div>
<div><span><b>Timestamp:</b></span><br/><span>2025-11-02 07:27:54 UTC<br/>2025-11-02 07:27:56 UTC</span></div>
</div>]]></description>
      </Placemark>
      <Placemark>
        <Style>
          <LineStyle>
            <color>ff42ff00</color>
            <width>2</width>
          </LineStyle>
        </Style>
        <MultiGeometry>
          <LineString>
            <tessellate>1</tessellate>
            <altitudeMode>absolute</altitudeMode>
            <coordinates>18.313866,-34.000591,792.48 18.313368,-34.001541,792.48</coordinates>
          </LineString>
        </MultiGeometry>
        <name>P-161</name>
        <description><![CDATA[<div><div><span><b>Altitude:</b></span> <span>2,600 ft</span></div>
<div><span><b>Speed:</b></span> <span>115 kt</span></div>
<div><span><b>Timestamp:</b></span><br/><span>2025-11-02 07:27:56 UTC<br/>2025-11-02 07:27:58 UTC</span></div>
</div>]]></description>
      </Placemark>
      <Placemark>
        <Style>
          <LineStyle>
            <color>ff42ff00</color>
            <width>2</width>
          </LineStyle>
        </Style>
        <MultiGeometry>
          <LineString>
            <tessellate>1</tessellate>
            <altitudeMode>absolute</altitudeMode>
            <coordinates>18.313368,-34.001541,792.48 18.312836,-34.002594,792.48</coordinates>
          </LineString>
        </MultiGeometry>
        <name>P-162</name>
        <description><![CDATA[<div><div><span><b>Altitude:</b></span> <span>2,600 ft</span></div>
<div><span><b>Speed:</b></span> <span>115 kt</span></div>
<div><span><b>Timestamp:</b></span><br/><span>2025-11-02 07:27:58 UTC<br/>2025-11-02 07:28:00 UTC</span></div>
</div>]]></description>
      </Placemark>
      <Placemark>
        <Style>
          <LineStyle>
            <color>ff42ff00</color>
            <width>2</width>
          </LineStyle>
        </Style>
        <MultiGeometry>
          <LineString>
            <tessellate>1</tessellate>
            <altitudeMode>absolute</altitudeMode>
            <coordinates>18.312836,-34.002594,792.48 18.312191,-34.00383,792.48</coordinates>
          </LineString>
        </MultiGeometry>
        <name>P-163</name>
        <description><![CDATA[<div><div><span><b>Altitude:</b></span> <span>2,600 ft</span></div>
<div><span><b>Speed:</b></span> <span>115 kt</span></div>
<div><span><b>Timestamp:</b></span><br/><span>2025-11-02 07:28:00 UTC<br/>2025-11-02 07:28:03 UTC</span></div>
</div>]]></description>
      </Placemark>
      <Placemark>
        <Style>
          <LineStyle>
            <color>ff42ff00</color>
            <width>2</width>
          </LineStyle>
        </Style>
        <MultiGeometry>
          <LineString>
            <tessellate>1</tessellate>
            <altitudeMode>absolute</altitudeMode>
            <coordinates>18.312191,-34.00383,792.48 18.311518,-34.005203,792.48</coordinates>
          </LineString>
        </MultiGeometry>
        <name>P-164</name>
        <description><![CDATA[<div><div><span><b>Altitude:</b></span> <span>2,600 ft</span></div>
<div><span><b>Speed:</b></span> <span>115 kt - 114 kt</span></div>
<div><span><b>Timestamp:</b></span><br/><span>2025-11-02 07:28:03 UTC<br/>2025-11-02 07:28:05 UTC</span></div>
</div>]]></description>
      </Placemark>
      <Placemark>
        <Style>
          <LineStyle>
            <color>ff42ff00</color>
            <width>2</width>
          </LineStyle>
        </Style>
        <MultiGeometry>
          <LineString>
            <tessellate>1</tessellate>
            <altitudeMode>absolute</altitudeMode>
            <coordinates>18.311518,-34.005203,792.48 18.311005,-34.006222,822.96</coordinates>
          </LineString>
        </MultiGeometry>
        <name>P-165</name>
        <description><![CDATA[<div><div><span><b>Altitude:</b></span> <span>2,600 ft - 2,700 ft</span></div>
<div><span><b>Speed:</b></span> <span>114 kt</span></div>
<div><span><b>Timestamp:</b></span><br/><span>2025-11-02 07:28:05 UTC<br/>2025-11-02 07:28:07 UTC</span></div>
</div>]]></description>
      </Placemark>
      <Placemark>
        <Style>
          <LineStyle>
            <color>ff1eff00</color>
            <width>2</width>
          </LineStyle>
        </Style>
        <MultiGeometry>
          <LineString>
            <tessellate>1</tessellate>
            <altitudeMode>absolute</altitudeMode>
            <coordinates>18.311005,-34.006222,822.96 18.309288,-34.009762,792.48</coordinates>
          </LineString>
        </MultiGeometry>
        <name>P-166</name>
        <description><![CDATA[<div><div><span><b>Altitude:</b></span> <span>2,700 ft - 2,600 ft</span></div>
<div><span><b>Speed:</b></span> <span>114 kt</span></div>
<div><span><b>Timestamp:</b></span><br/><span>2025-11-02 07:28:07 UTC<br/>2025-11-02 07:28:14 UTC</span></div>
</div>]]></description>
      </Placemark>
      <Placemark>
        <Style>
          <LineStyle>
            <color>ff42ff00</color>
            <width>2</width>
          </LineStyle>
        </Style>
        <MultiGeometry>
          <LineString>
            <tessellate>1</tessellate>
            <altitudeMode>absolute</altitudeMode>
            <coordinates>18.309288,-34.009762,792.48 18.307629,-34.013298,792.48</coordinates>
          </LineString>
        </MultiGeometry>
        <name>P-167</name>
        <description><![CDATA[<div><div><span><b>Altitude:</b></span> <span>2,600 ft</span></div>
<div><span><b>Speed:</b></span> <span>114 kt - 113 kt</span></div>
<div><span><b>Timestamp:</b></span><br/><span>2025-11-02 07:28:14 UTC<br/>2025-11-02 07:28:21 UTC</span></div>
</div>]]></description>
      </Placemark>
      <Placemark>
        <Style>
          <LineStyle>
            <color>ff42ff00</color>
            <width>2</width>
          </LineStyle>
        </Style>
        <MultiGeometry>
          <LineString>
            <tessellate>1</tessellate>
            <altitudeMode>absolute</altitudeMode>
            <coordinates>18.307629,-34.013298,792.48 18.306198,-34.01651,792.48</coordinates>
          </LineString>
        </MultiGeometry>
        <name>P-168</name>
        <description><![CDATA[<div><div><span><b>Altitude:</b></span> <span>2,600 ft</span></div>
<div><span><b>Speed:</b></span> <span>113 kt - 112 kt</span></div>
<div><span><b>Timestamp:</b></span><br/><span>2025-11-02 07:28:21 UTC<br/>2025-11-02 07:28:28 UTC</span></div>
</div>]]></description>
      </Placemark>
      <Placemark>
        <Style>
          <LineStyle>
            <color>ff42ff00</color>
            <width>2</width>
          </LineStyle>
        </Style>
        <MultiGeometry>
          <LineString>
            <tessellate>1</tessellate>
            <altitudeMode>absolute</altitudeMode>
            <coordinates>18.306198,-34.01651,792.48 18.304539,-34.020794,792.48</coordinates>
          </LineString>
        </MultiGeometry>
        <name>P-169</name>
        <description><![CDATA[<div><div><span><b>Altitude:</b></span> <span>2,600 ft</span></div>
<div><span><b>Speed:</b></span> <span>112 kt - 111 kt</span></div>
<div><span><b>Timestamp:</b></span><br/><span>2025-11-02 07:28:28 UTC<br/>2025-11-02 07:28:37 UTC</span></div>
</div>]]></description>
      </Placemark>
      <Placemark>
        <Style>
          <LineStyle>
            <color>ff42ff00</color>
            <width>2</width>
          </LineStyle>
        </Style>
        <MultiGeometry>
          <LineString>
            <tessellate>1</tessellate>
            <altitudeMode>absolute</altitudeMode>
            <coordinates>18.304539,-34.020794,792.48 18.304064,-34.022003,792.48</coordinates>
          </LineString>
        </MultiGeometry>
        <name>P-170</name>
        <description><![CDATA[<div><div><span><b>Altitude:</b></span> <span>2,600 ft</span></div>
<div><span><b>Speed:</b></span> <span>111 kt - 112 kt</span></div>
<div><span><b>Timestamp:</b></span><br/><span>2025-11-02 07:28:37 UTC<br/>2025-11-02 07:28:39 UTC</span></div>
</div>]]></description>
      </Placemark>
      <Placemark>
        <Style>
          <LineStyle>
            <color>ff42ff00</color>
            <width>2</width>
          </LineStyle>
        </Style>
        <MultiGeometry>
          <LineString>
            <tessellate>1</tessellate>
            <altitudeMode>absolute</altitudeMode>
            <coordinates>18.304064,-34.022003,792.48 18.30368,-34.023216,792.48</coordinates>
          </LineString>
        </MultiGeometry>
        <name>P-171</name>
        <description><![CDATA[<div><div><span><b>Altitude:</b></span> <span>2,600 ft</span></div>
<div><span><b>Speed:</b></span> <span>112 kt - 111 kt</span></div>
<div><span><b>Timestamp:</b></span><br/><span>2025-11-02 07:28:39 UTC<br/>2025-11-02 07:28:42 UTC</span></div>
</div>]]></description>
      </Placemark>
      <Placemark>
        <Style>
          <LineStyle>
            <color>ff42ff00</color>
            <width>2</width>
          </LineStyle>
        </Style>
        <MultiGeometry>
          <LineString>
            <tessellate>1</tessellate>
            <altitudeMode>absolute</altitudeMode>
            <coordinates>18.30368,-34.023216,792.48 18.303337,-34.02438,792.48</coordinates>
          </LineString>
        </MultiGeometry>
        <name>P-172</name>
        <description><![CDATA[<div><div><span><b>Altitude:</b></span> <span>2,600 ft</span></div>
<div><span><b>Speed:</b></span> <span>111 kt - 112 kt</span></div>
<div><span><b>Timestamp:</b></span><br/><span>2025-11-02 07:28:42 UTC<br/>2025-11-02 07:28:44 UTC</span></div>
</div>]]></description>
      </Placemark>
      <Placemark>
        <Style>
          <LineStyle>
            <color>ff42ff00</color>
            <width>2</width>
          </LineStyle>
        </Style>
        <MultiGeometry>
          <LineString>
            <tessellate>1</tessellate>
            <altitudeMode>absolute</altitudeMode>
            <coordinates>18.303337,-34.02438,792.48 18.30311,-34.025208,792.48</coordinates>
          </LineString>
        </MultiGeometry>
        <name>P-173</name>
        <description><![CDATA[<div><div><span><b>Altitude:</b></span> <span>2,600 ft</span></div>
<div><span><b>Speed:</b></span> <span>112 kt</span></div>
<div><span><b>Timestamp:</b></span><br/><span>2025-11-02 07:28:44 UTC<br/>2025-11-02 07:28:46 UTC</span></div>
</div>]]></description>
      </Placemark>
      <Placemark>
        <Style>
          <LineStyle>
            <color>ff42ff00</color>
            <width>2</width>
          </LineStyle>
        </Style>
        <MultiGeometry>
          <LineString>
            <tessellate>1</tessellate>
            <altitudeMode>absolute</altitudeMode>
            <coordinates>18.30311,-34.025208,792.48 18.302765,-34.026566,792.48</coordinates>
          </LineString>
        </MultiGeometry>
        <name>P-174</name>
        <description><![CDATA[<div><div><span><b>Altitude:</b></span> <span>2,600 ft</span></div>
<div><span><b>Speed:</b></span> <span>112 kt - 111 kt</span></div>
<div><span><b>Timestamp:</b></span><br/><span>2025-11-02 07:28:46 UTC<br/>2025-11-02 07:28:48 UTC</span></div>
</div>]]></description>
      </Placemark>
      <Placemark>
        <Style>
          <LineStyle>
            <color>ff42ff00</color>
            <width>2</width>
          </LineStyle>
        </Style>
        <MultiGeometry>
          <LineString>
            <tessellate>1</tessellate>
            <altitudeMode>absolute</altitudeMode>
            <coordinates>18.302765,-34.026566,792.48 18.302549,-34.027496,792.48</coordinates>
          </LineString>
        </MultiGeometry>
        <name>P-175</name>
        <description><![CDATA[<div><div><span><b>Altitude:</b></span> <span>2,600 ft</span></div>
<div><span><b>Speed:</b></span> <span>111 kt - 110 kt</span></div>
<div><span><b>Timestamp:</b></span><br/><span>2025-11-02 07:28:48 UTC<br/>2025-11-02 07:28:50 UTC</span></div>
</div>]]></description>
      </Placemark>
      <Placemark>
        <Style>
          <LineStyle>
            <color>ff42ff00</color>
            <width>2</width>
          </LineStyle>
        </Style>
        <MultiGeometry>
          <LineString>
            <tessellate>1</tessellate>
            <altitudeMode>absolute</altitudeMode>
            <coordinates>18.302549,-34.027496,792.48 18.302326,-34.028595,792.48</coordinates>
          </LineString>
        </MultiGeometry>
        <name>P-176</name>
        <description><![CDATA[<div><div><span><b>Altitude:</b></span> <span>2,600 ft</span></div>
<div><span><b>Speed:</b></span> <span>110 kt - 108 kt</span></div>
<div><span><b>Timestamp:</b></span><br/><span>2025-11-02 07:28:50 UTC<br/>2025-11-02 07:28:52 UTC</span></div>
</div>]]></description>
      </Placemark>
      <Placemark>
        <Style>
          <LineStyle>
            <color>ff42ff00</color>
            <width>2</width>
          </LineStyle>
        </Style>
        <MultiGeometry>
          <LineString>
            <tessellate>1</tessellate>
            <altitudeMode>absolute</altitudeMode>
            <coordinates>18.302326,-34.028595,792.48 18.302135,-34.029732,792.48</coordinates>
          </LineString>
        </MultiGeometry>
        <name>P-177</name>
        <description><![CDATA[<div><div><span><b>Altitude:</b></span> <span>2,600 ft</span></div>
<div><span><b>Speed:</b></span> <span>108 kt - 106 kt</span></div>
<div><span><b>Timestamp:</b></span><br/><span>2025-11-02 07:28:52 UTC<br/>2025-11-02 07:28:55 UTC</span></div>
</div>]]></description>
      </Placemark>
      <Placemark>
        <Style>
          <LineStyle>
            <color>ff42ff00</color>
            <width>2</width>
          </LineStyle>
        </Style>
        <MultiGeometry>
          <LineString>
            <tessellate>1</tessellate>
            <altitudeMode>absolute</altitudeMode>
            <coordinates>18.302135,-34.029732,792.48 18.301989,-34.030975,792.48</coordinates>
          </LineString>
        </MultiGeometry>
        <name>P-178</name>
        <description><![CDATA[<div><div><span><b>Altitude:</b></span> <span>2,600 ft</span></div>
<div><span><b>Speed:</b></span> <span>106 kt</span></div>
<div><span><b>Timestamp:</b></span><br/><span>2025-11-02 07:28:55 UTC<br/>2025-11-02 07:28:57 UTC</span></div>
</div>]]></description>
      </Placemark>
      <Placemark>
        <Style>
          <LineStyle>
            <color>ff42ff00</color>
            <width>2</width>
          </LineStyle>
        </Style>
        <MultiGeometry>
          <LineString>
            <tessellate>1</tessellate>
            <altitudeMode>absolute</altitudeMode>
            <coordinates>18.301989,-34.030975,792.48 18.301878,-34.031937,792.48</coordinates>
          </LineString>
        </MultiGeometry>
        <name>P-179</name>
        <description><![CDATA[<div><div><span><b>Altitude:</b></span> <span>2,600 ft</span></div>
<div><span><b>Speed:</b></span> <span>106 kt</span></div>
<div><span><b>Timestamp:</b></span><br/><span>2025-11-02 07:28:57 UTC<br/>2025-11-02 07:28:59 UTC</span></div>
</div>]]></description>
      </Placemark>
      <Placemark>
        <Style>
          <LineStyle>
            <color>ff42ff00</color>
            <width>2</width>
          </LineStyle>
        </Style>
        <MultiGeometry>
          <LineString>
            <tessellate>1</tessellate>
            <altitudeMode>absolute</altitudeMode>
            <coordinates>18.301878,-34.031937,792.48 18.301878,-34.032944,792.48</coordinates>
          </LineString>
        </MultiGeometry>
        <name>P-180</name>
        <description><![CDATA[<div><div><span><b>Altitude:</b></span> <span>2,600 ft</span></div>
<div><span><b>Speed:</b></span> <span>106 kt</span></div>
<div><span><b>Timestamp:</b></span><br/><span>2025-11-02 07:28:59 UTC<br/>2025-11-02 07:29:01 UTC</span></div>
</div>]]></description>
      </Placemark>
      <Placemark>
        <Style>
          <LineStyle>
            <color>ff42ff00</color>
            <width>2</width>
          </LineStyle>
        </Style>
        <MultiGeometry>
          <LineString>
            <tessellate>1</tessellate>
            <altitudeMode>absolute</altitudeMode>
            <coordinates>18.301878,-34.032944,792.48 18.301878,-34.034088,792.48</coordinates>
          </LineString>
        </MultiGeometry>
        <name>P-181</name>
        <description><![CDATA[<div><div><span><b>Altitude:</b></span> <span>2,600 ft</span></div>
<div><span><b>Speed:</b></span> <span>106 kt</span></div>
<div><span><b>Timestamp:</b></span><br/><span>2025-11-02 07:29:01 UTC<br/>2025-11-02 07:29:04 UTC</span></div>
</div>]]></description>
      </Placemark>
      <Placemark>
        <Style>
          <LineStyle>
            <color>ff42ff00</color>
            <width>2</width>
          </LineStyle>
        </Style>
        <MultiGeometry>
          <LineString>
            <tessellate>1</tessellate>
            <altitudeMode>absolute</altitudeMode>
            <coordinates>18.301878,-34.034088,792.48 18.301964,-34.03532,792.48</coordinates>
          </LineString>
        </MultiGeometry>
        <name>P-182</name>
        <description><![CDATA[<div><div><span><b>Altitude:</b></span> <span>2,600 ft</span></div>
<div><span><b>Speed:</b></span> <span>106 kt - 104 kt</span></div>
<div><span><b>Timestamp:</b></span><br/><span>2025-11-02 07:29:04 UTC<br/>2025-11-02 07:29:06 UTC</span></div>
</div>]]></description>
      </Placemark>
      <Placemark>
        <Style>
          <LineStyle>
            <color>ff42ff00</color>
            <width>2</width>
          </LineStyle>
        </Style>
        <MultiGeometry>
          <LineString>
            <tessellate>1</tessellate>
            <altitudeMode>absolute</altitudeMode>
            <coordinates>18.301964,-34.03532,792.48 18.302101,-34.036331,792.48</coordinates>
          </LineString>
        </MultiGeometry>
        <name>P-183</name>
        <description><![CDATA[<div><div><span><b>Altitude:</b></span> <span>2,600 ft</span></div>
<div><span><b>Speed:</b></span> <span>104 kt</span></div>
<div><span><b>Timestamp:</b></span><br/><span>2025-11-02 07:29:06 UTC<br/>2025-11-02 07:29:08 UTC</span></div>
</div>]]></description>
      </Placemark>
      <Placemark>
        <Style>
          <LineStyle>
            <color>ff42ff00</color>
            <width>2</width>
          </LineStyle>
        </Style>
        <MultiGeometry>
          <LineString>
            <tessellate>1</tessellate>
            <altitudeMode>absolute</altitudeMode>
            <coordinates>18.302101,-34.036331,792.48 18.302307,-34.037319,792.48</coordinates>
          </LineString>
        </MultiGeometry>
        <name>P-184</name>
        <description><![CDATA[<div><div><span><b>Altitude:</b></span> <span>2,600 ft</span></div>
<div><span><b>Speed:</b></span> <span>104 kt - 102 kt</span></div>
<div><span><b>Timestamp:</b></span><br/><span>2025-11-02 07:29:08 UTC<br/>2025-11-02 07:29:10 UTC</span></div>
</div>]]></description>
      </Placemark>
      <Placemark>
        <Style>
          <LineStyle>
            <color>ff42ff00</color>
            <width>2</width>
          </LineStyle>
        </Style>
        <MultiGeometry>
          <LineString>
            <tessellate>1</tessellate>
            <altitudeMode>absolute</altitudeMode>
            <coordinates>18.302307,-34.037319,792.48 18.302549,-34.038483,792.48</coordinates>
          </LineString>
        </MultiGeometry>
        <name>P-185</name>
        <description><![CDATA[<div><div><span><b>Altitude:</b></span> <span>2,600 ft</span></div>
<div><span><b>Speed:</b></span> <span>102 kt - 101 kt</span></div>
<div><span><b>Timestamp:</b></span><br/><span>2025-11-02 07:29:10 UTC<br/>2025-11-02 07:29:13 UTC</span></div>
</div>]]></description>
      </Placemark>
      <Placemark>
        <Style>
          <LineStyle>
            <color>ff42ff00</color>
            <width>2</width>
          </LineStyle>
        </Style>
        <MultiGeometry>
          <LineString>
            <tessellate>1</tessellate>
            <altitudeMode>absolute</altitudeMode>
            <coordinates>18.302549,-34.038483,792.48 18.302887,-34.039581,792.48</coordinates>
          </LineString>
        </MultiGeometry>
        <name>P-186</name>
        <description><![CDATA[<div><div><span><b>Altitude:</b></span> <span>2,600 ft</span></div>
<div><span><b>Speed:</b></span> <span>101 kt - 100 kt</span></div>
<div><span><b>Timestamp:</b></span><br/><span>2025-11-02 07:29:13 UTC<br/>2025-11-02 07:29:15 UTC</span></div>
</div>]]></description>
      </Placemark>
      <Placemark>
        <Style>
          <LineStyle>
            <color>ff42ff00</color>
            <width>2</width>
          </LineStyle>
        </Style>
        <MultiGeometry>
          <LineString>
            <tessellate>1</tessellate>
            <altitudeMode>absolute</altitudeMode>
            <coordinates>18.302887,-34.039581,792.48 18.303165,-34.040531,792.48</coordinates>
          </LineString>
        </MultiGeometry>
        <name>P-187</name>
        <description><![CDATA[<div><div><span><b>Altitude:</b></span> <span>2,600 ft</span></div>
<div><span><b>Speed:</b></span> <span>100 kt - 99 kt</span></div>
<div><span><b>Timestamp:</b></span><br/><span>2025-11-02 07:29:15 UTC<br/>2025-11-02 07:29:17 UTC</span></div>
</div>]]></description>
      </Placemark>
      <Placemark>
        <Style>
          <LineStyle>
            <color>ff42ff00</color>
            <width>2</width>
          </LineStyle>
        </Style>
        <MultiGeometry>
          <LineString>
            <tessellate>1</tessellate>
            <altitudeMode>absolute</altitudeMode>
            <coordinates>18.303165,-34.040531,792.48 18.303503,-34.041367,792.48</coordinates>
          </LineString>
        </MultiGeometry>
        <name>P-188</name>
        <description><![CDATA[<div><div><span><b>Altitude:</b></span> <span>2,600 ft</span></div>
<div><span><b>Speed:</b></span> <span>99 kt - 100 kt</span></div>
<div><span><b>Timestamp:</b></span><br/><span>2025-11-02 07:29:17 UTC<br/>2025-11-02 07:29:19 UTC</span></div>
</div>]]></description>
      </Placemark>
      <Placemark>
        <Style>
          <LineStyle>
            <color>ff42ff00</color>
            <width>2</width>
          </LineStyle>
        </Style>
        <MultiGeometry>
          <LineString>
            <tessellate>1</tessellate>
            <altitudeMode>absolute</altitudeMode>
            <coordinates>18.303503,-34.041367,792.48 18.304024,-34.042534,792.48</coordinates>
          </LineString>
        </MultiGeometry>
        <name>P-189</name>
        <description><![CDATA[<div><div><span><b>Altitude:</b></span> <span>2,600 ft</span></div>
<div><span><b>Speed:</b></span> <span>100 kt</span></div>
<div><span><b>Timestamp:</b></span><br/><span>2025-11-02 07:29:19 UTC<br/>2025-11-02 07:29:21 UTC</span></div>
</div>]]></description>
      </Placemark>
      <Placemark>
        <Style>
          <LineStyle>
            <color>ff42ff00</color>
            <width>2</width>
          </LineStyle>
        </Style>
        <MultiGeometry>
          <LineString>
            <tessellate>1</tessellate>
            <altitudeMode>absolute</altitudeMode>
            <coordinates>18.304024,-34.042534,792.48 18.304539,-34.04356,792.48</coordinates>
          </LineString>
        </MultiGeometry>
        <name>P-190</name>
        <description><![CDATA[<div><div><span><b>Altitude:</b></span> <span>2,600 ft</span></div>
<div><span><b>Speed:</b></span> <span>100 kt</span></div>
<div><span><b>Timestamp:</b></span><br/><span>2025-11-02 07:29:21 UTC<br/>2025-11-02 07:29:24 UTC</span></div>
</div>]]></description>
      </Placemark>
      <Placemark>
        <Style>
          <LineStyle>
            <color>ff42ff00</color>
            <width>2</width>
          </LineStyle>
        </Style>
        <MultiGeometry>
          <LineString>
            <tessellate>1</tessellate>
            <altitudeMode>absolute</altitudeMode>
            <coordinates>18.304539,-34.04356,792.48 18.304996,-34.044395,792.48</coordinates>
          </LineString>
        </MultiGeometry>
        <name>P-191</name>
        <description><![CDATA[<div><div><span><b>Altitude:</b></span> <span>2,600 ft</span></div>
<div><span><b>Speed:</b></span> <span>100 kt - 101 kt</span></div>
<div><span><b>Timestamp:</b></span><br/><span>2025-11-02 07:29:24 UTC<br/>2025-11-02 07:29:26 UTC</span></div>
</div>]]></description>
      </Placemark>
      <Placemark>
        <Style>
          <LineStyle>
            <color>ff42ff00</color>
            <width>2</width>
          </LineStyle>
        </Style>
        <MultiGeometry>
          <LineString>
            <tessellate>1</tessellate>
            <altitudeMode>absolute</altitudeMode>
            <coordinates>18.304996,-34.044395,792.48 18.305634,-34.045486,792.48</coordinates>
          </LineString>
        </MultiGeometry>
        <name>P-192</name>
        <description><![CDATA[<div><div><span><b>Altitude:</b></span> <span>2,600 ft</span></div>
<div><span><b>Speed:</b></span> <span>101 kt</span></div>
<div><span><b>Timestamp:</b></span><br/><span>2025-11-02 07:29:26 UTC<br/>2025-11-02 07:29:28 UTC</span></div>
</div>]]></description>
      </Placemark>
      <Placemark>
        <Style>
          <LineStyle>
            <color>ff42ff00</color>
            <width>2</width>
          </LineStyle>
        </Style>
        <MultiGeometry>
          <LineString>
            <tessellate>1</tessellate>
            <altitudeMode>absolute</altitudeMode>
            <coordinates>18.305634,-34.045486,792.48 18.306198,-34.046352,792.48</coordinates>
          </LineString>
        </MultiGeometry>
        <name>P-193</name>
        <description><![CDATA[<div><div><span><b>Altitude:</b></span> <span>2,600 ft</span></div>
<div><span><b>Speed:</b></span> <span>101 kt - 100 kt</span></div>
<div><span><b>Timestamp:</b></span><br/><span>2025-11-02 07:29:28 UTC<br/>2025-11-02 07:29:31 UTC</span></div>
</div>]]></description>
      </Placemark>
      <Placemark>
        <Style>
          <LineStyle>
            <color>ff42ff00</color>
            <width>2</width>
          </LineStyle>
        </Style>
        <MultiGeometry>
          <LineString>
            <tessellate>1</tessellate>
            <altitudeMode>absolute</altitudeMode>
            <coordinates>18.306198,-34.046352,792.48 18.30677,-34.047237,792.48</coordinates>
          </LineString>
        </MultiGeometry>
        <name>P-194</name>
        <description><![CDATA[<div><div><span><b>Altitude:</b></span> <span>2,600 ft</span></div>
<div><span><b>Speed:</b></span> <span>100 kt</span></div>
<div><span><b>Timestamp:</b></span><br/><span>2025-11-02 07:29:31 UTC<br/>2025-11-02 07:29:33 UTC</span></div>
</div>]]></description>
      </Placemark>
      <Placemark>
        <Style>
          <LineStyle>
            <color>ff42ff00</color>
            <width>2</width>
          </LineStyle>
        </Style>
        <MultiGeometry>
          <LineString>
            <tessellate>1</tessellate>
            <altitudeMode>absolute</altitudeMode>
            <coordinates>18.30677,-34.047237,792.48 18.307259,-34.048004,792.48</coordinates>
          </LineString>
        </MultiGeometry>
        <name>P-195</name>
        <description><![CDATA[<div><div><span><b>Altitude:</b></span> <span>2,600 ft</span></div>
<div><span><b>Speed:</b></span> <span>100 kt - 99 kt</span></div>
<div><span><b>Timestamp:</b></span><br/><span>2025-11-02 07:29:33 UTC<br/>2025-11-02 07:29:35 UTC</span></div>
</div>]]></description>
      </Placemark>
      <Placemark>
        <Style>
          <LineStyle>
            <color>ff42ff00</color>
            <width>2</width>
          </LineStyle>
        </Style>
        <MultiGeometry>
          <LineString>
            <tessellate>1</tessellate>
            <altitudeMode>absolute</altitudeMode>
            <coordinates>18.307259,-34.048004,792.48 18.307987,-34.048965,792.48</coordinates>
          </LineString>
        </MultiGeometry>
        <name>P-196</name>
        <description><![CDATA[<div><div><span><b>Altitude:</b></span> <span>2,600 ft</span></div>
<div><span><b>Speed:</b></span> <span>99 kt</span></div>
<div><span><b>Timestamp:</b></span><br/><span>2025-11-02 07:29:35 UTC<br/>2025-11-02 07:29:37 UTC</span></div>
</div>]]></description>
      </Placemark>
      <Placemark>
        <Style>
          <LineStyle>
            <color>ff42ff00</color>
            <width>2</width>
          </LineStyle>
        </Style>
        <MultiGeometry>
          <LineString>
            <tessellate>1</tessellate>
            <altitudeMode>absolute</altitudeMode>
            <coordinates>18.307987,-34.048965,792.48 18.308603,-34.049835,792.48</coordinates>
          </LineString>
        </MultiGeometry>
        <name>P-197</name>
        <description><![CDATA[<div><div><span><b>Altitude:</b></span> <span>2,600 ft</span></div>
<div><span><b>Speed:</b></span> <span>99 kt - 101 kt</span></div>
<div><span><b>Timestamp:</b></span><br/><span>2025-11-02 07:29:37 UTC<br/>2025-11-02 07:29:39 UTC</span></div>
</div>]]></description>
      </Placemark>
      <Placemark>
        <Style>
          <LineStyle>
            <color>ff42ff00</color>
            <width>2</width>
          </LineStyle>
        </Style>
        <MultiGeometry>
          <LineString>
            <tessellate>1</tessellate>
            <altitudeMode>absolute</altitudeMode>
            <coordinates>18.308603,-34.049835,792.48 18.309174,-34.050587,792.48</coordinates>
          </LineString>
        </MultiGeometry>
        <name>P-198</name>
        <description><![CDATA[<div><div><span><b>Altitude:</b></span> <span>2,600 ft</span></div>
<div><span><b>Speed:</b></span> <span>101 kt</span></div>
<div><span><b>Timestamp:</b></span><br/><span>2025-11-02 07:29:39 UTC<br/>2025-11-02 07:29:41 UTC</span></div>
</div>]]></description>
      </Placemark>
      <Placemark>
        <Style>
          <LineStyle>
            <color>ff42ff00</color>
            <width>2</width>
          </LineStyle>
        </Style>
        <MultiGeometry>
          <LineString>
            <tessellate>1</tessellate>
            <altitudeMode>absolute</altitudeMode>
            <coordinates>18.309174,-34.050587,792.48 18.30986,-34.051567,792.48</coordinates>
          </LineString>
        </MultiGeometry>
        <name>P-199</name>
        <description><![CDATA[<div><div><span><b>Altitude:</b></span> <span>2,600 ft</span></div>
<div><span><b>Speed:</b></span> <span>101 kt - 102 kt</span></div>
<div><span><b>Timestamp:</b></span><br/><span>2025-11-02 07:29:41 UTC<br/>2025-11-02 07:29:44 UTC</span></div>
</div>]]></description>
      </Placemark>
      <Placemark>
        <Style>
          <LineStyle>
            <color>ff42ff00</color>
            <width>2</width>
          </LineStyle>
        </Style>
        <MultiGeometry>
          <LineString>
            <tessellate>1</tessellate>
            <altitudeMode>absolute</altitudeMode>
            <coordinates>18.30986,-34.051567,792.48 18.310566,-34.05249,792.48</coordinates>
          </LineString>
        </MultiGeometry>
        <name>P-200</name>
        <description><![CDATA[<div><div><span><b>Altitude:</b></span> <span>2,600 ft</span></div>
<div><span><b>Speed:</b></span> <span>102 kt</span></div>
<div><span><b>Timestamp:</b></span><br/><span>2025-11-02 07:29:44 UTC<br/>2025-11-02 07:29:46 UTC</span></div>
</div>]]></description>
      </Placemark>
      <Placemark>
        <Style>
          <LineStyle>
            <color>ff42ff00</color>
            <width>2</width>
          </LineStyle>
        </Style>
        <MultiGeometry>
          <LineString>
            <tessellate>1</tessellate>
            <altitudeMode>absolute</altitudeMode>
            <coordinates>18.310566,-34.05249,792.48 18.311176,-34.053288,792.48</coordinates>
          </LineString>
        </MultiGeometry>
        <name>P-201</name>
        <description><![CDATA[<div><div><span><b>Altitude:</b></span> <span>2,600 ft</span></div>
<div><span><b>Speed:</b></span> <span>102 kt - 103 kt</span></div>
<div><span><b>Timestamp:</b></span><br/><span>2025-11-02 07:29:46 UTC<br/>2025-11-02 07:29:48 UTC</span></div>
</div>]]></description>
      </Placemark>
      <Placemark>
        <Style>
          <LineStyle>
            <color>ff42ff00</color>
            <width>2</width>
          </LineStyle>
        </Style>
        <MultiGeometry>
          <LineString>
            <tessellate>1</tessellate>
            <altitudeMode>absolute</altitudeMode>
            <coordinates>18.311176,-34.053288,792.48 18.311863,-34.054264,792.48</coordinates>
          </LineString>
        </MultiGeometry>
        <name>P-202</name>
        <description><![CDATA[<div><div><span><b>Altitude:</b></span> <span>2,600 ft</span></div>
<div><span><b>Speed:</b></span> <span>103 kt - 104 kt</span></div>
<div><span><b>Timestamp:</b></span><br/><span>2025-11-02 07:29:48 UTC<br/>2025-11-02 07:29:50 UTC</span></div>
</div>]]></description>
      </Placemark>
      <Placemark>
        <Style>
          <LineStyle>
            <color>ff42ff00</color>
            <width>2</width>
          </LineStyle>
        </Style>
        <MultiGeometry>
          <LineString>
            <tessellate>1</tessellate>
            <altitudeMode>absolute</altitudeMode>
            <coordinates>18.311863,-34.054264,792.48 18.312607,-34.055244,792.48</coordinates>
          </LineString>
        </MultiGeometry>
        <name>P-203</name>
        <description><![CDATA[<div><div><span><b>Altitude:</b></span> <span>2,600 ft</span></div>
<div><span><b>Speed:</b></span> <span>104 kt - 103 kt</span></div>
<div><span><b>Timestamp:</b></span><br/><span>2025-11-02 07:29:50 UTC<br/>2025-11-02 07:29:53 UTC</span></div>
</div>]]></description>
      </Placemark>
      <Placemark>
        <Style>
          <LineStyle>
            <color>ff42ff00</color>
            <width>2</width>
          </LineStyle>
        </Style>
        <MultiGeometry>
          <LineString>
            <tessellate>1</tessellate>
            <altitudeMode>absolute</altitudeMode>
            <coordinates>18.312607,-34.055244,792.48 18.313425,-34.056244,792.48</coordinates>
          </LineString>
        </MultiGeometry>
        <name>P-204</name>
        <description><![CDATA[<div><div><span><b>Altitude:</b></span> <span>2,600 ft</span></div>
<div><span><b>Speed:</b></span> <span>103 kt - 104 kt</span></div>
<div><span><b>Timestamp:</b></span><br/><span>2025-11-02 07:29:53 UTC<br/>2025-11-02 07:29:55 UTC</span></div>
</div>]]></description>
      </Placemark>
      <Placemark>
        <Style>
          <LineStyle>
            <color>ff42ff00</color>
            <width>2</width>
          </LineStyle>
        </Style>
        <MultiGeometry>
          <LineString>
            <tessellate>1</tessellate>
            <altitudeMode>absolute</altitudeMode>
            <coordinates>18.313425,-34.056244,792.48 18.314041,-34.057068,792.48</coordinates>
          </LineString>
        </MultiGeometry>
        <name>P-205</name>
        <description><![CDATA[<div><div><span><b>Altitude:</b></span> <span>2,600 ft</span></div>
<div><span><b>Speed:</b></span> <span>104 kt</span></div>
<div><span><b>Timestamp:</b></span><br/><span>2025-11-02 07:29:55 UTC<br/>2025-11-02 07:29:57 UTC</span></div>
</div>]]></description>
      </Placemark>
      <Placemark>
        <Style>
          <LineStyle>
            <color>ff42ff00</color>
            <width>2</width>
          </LineStyle>
        </Style>
        <MultiGeometry>
          <LineString>
            <tessellate>1</tessellate>
            <altitudeMode>absolute</altitudeMode>
            <coordinates>18.314041,-34.057068,792.48 18.314667,-34.057804,792.48</coordinates>
          </LineString>
        </MultiGeometry>
        <name>P-206</name>
        <description><![CDATA[<div><div><span><b>Altitude:</b></span> <span>2,600 ft</span></div>
<div><span><b>Speed:</b></span> <span>104 kt</span></div>
<div><span><b>Timestamp:</b></span><br/><span>2025-11-02 07:29:57 UTC<br/>2025-11-02 07:29:59 UTC</span></div>
</div>]]></description>
      </Placemark>
      <Placemark>
        <Style>
          <LineStyle>
            <color>ff42ff00</color>
            <width>2</width>
          </LineStyle>
        </Style>
        <MultiGeometry>
          <LineString>
            <tessellate>1</tessellate>
            <altitudeMode>absolute</altitudeMode>
            <coordinates>18.314667,-34.057804,792.48 18.315386,-34.058762,792.48</coordinates>
          </LineString>
        </MultiGeometry>
        <name>P-207</name>
        <description><![CDATA[<div><div><span><b>Altitude:</b></span> <span>2,600 ft</span></div>
<div><span><b>Speed:</b></span> <span>104 kt - 102 kt</span></div>
<div><span><b>Timestamp:</b></span><br/><span>2025-11-02 07:29:59 UTC<br/>2025-11-02 07:30:01 UTC</span></div>
</div>]]></description>
      </Placemark>
      <Placemark>
        <Style>
          <LineStyle>
            <color>ff42ff00</color>
            <width>2</width>
          </LineStyle>
        </Style>
        <MultiGeometry>
          <LineString>
            <tessellate>1</tessellate>
            <altitudeMode>absolute</altitudeMode>
            <coordinates>18.315386,-34.058762,792.48 18.317642,-34.061527,792.48</coordinates>
          </LineString>
        </MultiGeometry>
        <name>P-208</name>
        <description><![CDATA[<div><div><span><b>Altitude:</b></span> <span>2,600 ft</span></div>
<div><span><b>Speed:</b></span> <span>102 kt - 100 kt</span></div>
<div><span><b>Timestamp:</b></span><br/><span>2025-11-02 07:30:01 UTC<br/>2025-11-02 07:30:08 UTC</span></div>
</div>]]></description>
      </Placemark>
      <Placemark>
        <Style>
          <LineStyle>
            <color>ff42ff00</color>
            <width>2</width>
          </LineStyle>
        </Style>
        <MultiGeometry>
          <LineString>
            <tessellate>1</tessellate>
            <altitudeMode>absolute</altitudeMode>
            <coordinates>18.317642,-34.061527,792.48 18.319016,-34.063065,792.48</coordinates>
          </LineString>
        </MultiGeometry>
        <name>P-209</name>
        <description><![CDATA[<div><div><span><b>Altitude:</b></span> <span>2,600 ft</span></div>
<div><span><b>Speed:</b></span> <span>100 kt</span></div>
<div><span><b>Timestamp:</b></span><br/><span>2025-11-02 07:30:08 UTC<br/>2025-11-02 07:30:13 UTC</span></div>
</div>]]></description>
      </Placemark>
      <Placemark>
        <Style>
          <LineStyle>
            <color>ff42ff00</color>
            <width>2</width>
          </LineStyle>
        </Style>
        <MultiGeometry>
          <LineString>
            <tessellate>1</tessellate>
            <altitudeMode>absolute</altitudeMode>
            <coordinates>18.319016,-34.063065,792.48 18.319647,-34.063797,792.48</coordinates>
          </LineString>
        </MultiGeometry>
        <name>P-210</name>
        <description><![CDATA[<div><div><span><b>Altitude:</b></span> <span>2,600 ft</span></div>
<div><span><b>Speed:</b></span> <span>100 kt</span></div>
<div><span><b>Timestamp:</b></span><br/><span>2025-11-02 07:30:13 UTC<br/>2025-11-02 07:30:15 UTC</span></div>
</div>]]></description>
      </Placemark>
      <Placemark>
        <Style>
          <LineStyle>
            <color>ff42ff00</color>
            <width>2</width>
          </LineStyle>
        </Style>
        <MultiGeometry>
          <LineString>
            <tessellate>1</tessellate>
            <altitudeMode>absolute</altitudeMode>
            <coordinates>18.319647,-34.063797,792.48 18.320446,-34.064739,792.48</coordinates>
          </LineString>
        </MultiGeometry>
        <name>P-211</name>
        <description><![CDATA[<div><div><span><b>Altitude:</b></span> <span>2,600 ft</span></div>
<div><span><b>Speed:</b></span> <span>100 kt</span></div>
<div><span><b>Timestamp:</b></span><br/><span>2025-11-02 07:30:15 UTC<br/>2025-11-02 07:30:17 UTC</span></div>
</div>]]></description>
      </Placemark>
      <Placemark>
        <Style>
          <LineStyle>
            <color>ff42ff00</color>
            <width>2</width>
          </LineStyle>
        </Style>
        <MultiGeometry>
          <LineString>
            <tessellate>1</tessellate>
            <altitudeMode>absolute</altitudeMode>
            <coordinates>18.320446,-34.064739,792.48 18.321304,-34.06567,792.48</coordinates>
          </LineString>
        </MultiGeometry>
        <name>P-212</name>
        <description><![CDATA[<div><div><span><b>Altitude:</b></span> <span>2,600 ft</span></div>
<div><span><b>Speed:</b></span> <span>100 kt</span></div>
<div><span><b>Timestamp:</b></span><br/><span>2025-11-02 07:30:17 UTC<br/>2025-11-02 07:30:19 UTC</span></div>
</div>]]></description>
      </Placemark>
      <Placemark>
        <Style>
          <LineStyle>
            <color>ff42ff00</color>
            <width>2</width>
          </LineStyle>
        </Style>
        <MultiGeometry>
          <LineString>
            <tessellate>1</tessellate>
            <altitudeMode>absolute</altitudeMode>
            <coordinates>18.321304,-34.06567,792.48 18.321888,-34.066452,822.96</coordinates>
          </LineString>
        </MultiGeometry>
        <name>P-213</name>
        <description><![CDATA[<div><div><span><b>Altitude:</b></span> <span>2,600 ft - 2,700 ft</span></div>
<div><span><b>Speed:</b></span> <span>100 kt - 99 kt</span></div>
<div><span><b>Timestamp:</b></span><br/><span>2025-11-02 07:30:19 UTC<br/>2025-11-02 07:30:21 UTC</span></div>
</div>]]></description>
      </Placemark>
      <Placemark>
        <Style>
          <LineStyle>
            <color>ff1eff00</color>
            <width>2</width>
          </LineStyle>
        </Style>
        <MultiGeometry>
          <LineString>
            <tessellate>1</tessellate>
            <altitudeMode>absolute</altitudeMode>
            <coordinates>18.321888,-34.066452,822.96 18.322392,-34.067112,822.96</coordinates>
          </LineString>
        </MultiGeometry>
        <name>P-214</name>
        <description><![CDATA[<div><div><span><b>Altitude:</b></span> <span>2,700 ft</span></div>
<div><span><b>Speed:</b></span> <span>99 kt - 100 kt</span></div>
<div><span><b>Timestamp:</b></span><br/><span>2025-11-02 07:30:21 UTC<br/>2025-11-02 07:30:23 UTC</span></div>
</div>]]></description>
      </Placemark>
      <Placemark>
        <Style>
          <LineStyle>
            <color>ff1eff00</color>
            <width>2</width>
          </LineStyle>
        </Style>
        <MultiGeometry>
          <LineString>
            <tessellate>1</tessellate>
            <altitudeMode>absolute</altitudeMode>
            <coordinates>18.322392,-34.067112,822.96 18.323021,-34.068184,822.96</coordinates>
          </LineString>
        </MultiGeometry>
        <name>P-215</name>
        <description><![CDATA[<div><div><span><b>Altitude:</b></span> <span>2,700 ft</span></div>
<div><span><b>Speed:</b></span> <span>100 kt</span></div>
<div><span><b>Timestamp:</b></span><br/><span>2025-11-02 07:30:23 UTC<br/>2025-11-02 07:30:26 UTC</span></div>
</div>]]></description>
      </Placemark>
      <Placemark>
        <Style>
          <LineStyle>
            <color>ff1eff00</color>
            <width>2</width>
          </LineStyle>
        </Style>
        <MultiGeometry>
          <LineString>
            <tessellate>1</tessellate>
            <altitudeMode>absolute</altitudeMode>
            <coordinates>18.323021,-34.068184,822.96 18.323479,-34.069069,792.48</coordinates>
          </LineString>
        </MultiGeometry>
        <name>P-216</name>
        <description><![CDATA[<div><div><span><b>Altitude:</b></span> <span>2,700 ft - 2,600 ft</span></div>
<div><span><b>Speed:</b></span> <span>100 kt</span></div>
<div><span><b>Timestamp:</b></span><br/><span>2025-11-02 07:30:26 UTC<br/>2025-11-02 07:30:28 UTC</span></div>
</div>]]></description>
      </Placemark>
      <Placemark>
        <Style>
          <LineStyle>
            <color>ff42ff00</color>
            <width>2</width>
          </LineStyle>
        </Style>
        <MultiGeometry>
          <LineString>
            <tessellate>1</tessellate>
            <altitudeMode>absolute</altitudeMode>
            <coordinates>18.323479,-34.069069,792.48 18.324074,-34.070251,792.48</coordinates>
          </LineString>
        </MultiGeometry>
        <name>P-217</name>
        <description><![CDATA[<div><div><span><b>Altitude:</b></span> <span>2,600 ft</span></div>
<div><span><b>Speed:</b></span> <span>100 kt</span></div>
<div><span><b>Timestamp:</b></span><br/><span>2025-11-02 07:30:28 UTC<br/>2025-11-02 07:30:30 UTC</span></div>
</div>]]></description>
      </Placemark>
      <Placemark>
        <Style>
          <LineStyle>
            <color>ff42ff00</color>
            <width>2</width>
          </LineStyle>
        </Style>
        <MultiGeometry>
          <LineString>
            <tessellate>1</tessellate>
            <altitudeMode>absolute</altitudeMode>
            <coordinates>18.324074,-34.070251,792.48 18.324451,-34.07093,822.96</coordinates>
          </LineString>
        </MultiGeometry>
        <name>P-218</name>
        <description><![CDATA[<div><div><span><b>Altitude:</b></span> <span>2,600 ft - 2,700 ft</span></div>
<div><span><b>Speed:</b></span> <span>100 kt</span></div>
<div><span><b>Timestamp:</b></span><br/><span>2025-11-02 07:30:30 UTC<br/>2025-11-02 07:30:32 UTC</span></div>
</div>]]></description>
      </Placemark>
      <Placemark>
        <Style>
          <LineStyle>
            <color>ff1eff00</color>
            <width>2</width>
          </LineStyle>
        </Style>
        <MultiGeometry>
          <LineString>
            <tessellate>1</tessellate>
            <altitudeMode>absolute</altitudeMode>
            <coordinates>18.324451,-34.07093,822.96 18.324966,-34.072002,822.96</coordinates>
          </LineString>
        </MultiGeometry>
        <name>P-219</name>
        <description><![CDATA[<div><div><span><b>Altitude:</b></span> <span>2,700 ft</span></div>
<div><span><b>Speed:</b></span> <span>100 kt</span></div>
<div><span><b>Timestamp:</b></span><br/><span>2025-11-02 07:30:32 UTC<br/>2025-11-02 07:30:35 UTC</span></div>
</div>]]></description>
      </Placemark>
      <Placemark>
        <Style>
          <LineStyle>
            <color>ff1eff00</color>
            <width>2</width>
          </LineStyle>
        </Style>
        <MultiGeometry>
          <LineString>
            <tessellate>1</tessellate>
            <altitudeMode>absolute</altitudeMode>
            <coordinates>18.324966,-34.072002,822.96 18.325424,-34.072979,792.48</coordinates>
          </LineString>
        </MultiGeometry>
        <name>P-220</name>
        <description><![CDATA[<div><div><span><b>Altitude:</b></span> <span>2,700 ft - 2,600 ft</span></div>
<div><span><b>Speed:</b></span> <span>100 kt - 99 kt</span></div>
<div><span><b>Timestamp:</b></span><br/><span>2025-11-02 07:30:35 UTC<br/>2025-11-02 07:30:37 UTC</span></div>
</div>]]></description>
      </Placemark>
      <Placemark>
        <Style>
          <LineStyle>
            <color>ff42ff00</color>
            <width>2</width>
          </LineStyle>
        </Style>
        <MultiGeometry>
          <LineString>
            <tessellate>1</tessellate>
            <altitudeMode>absolute</altitudeMode>
            <coordinates>18.325424,-34.072979,792.48 18.325924,-34.073776,792.48</coordinates>
          </LineString>
        </MultiGeometry>
        <name>P-221</name>
        <description><![CDATA[<div><div><span><b>Altitude:</b></span> <span>2,600 ft</span></div>
<div><span><b>Speed:</b></span> <span>99 kt - 97 kt</span></div>
<div><span><b>Timestamp:</b></span><br/><span>2025-11-02 07:30:37 UTC<br/>2025-11-02 07:30:39 UTC</span></div>
</div>]]></description>
      </Placemark>
      <Placemark>
        <Style>
          <LineStyle>
            <color>ff42ff00</color>
            <width>2</width>
          </LineStyle>
        </Style>
        <MultiGeometry>
          <LineString>
            <tessellate>1</tessellate>
            <altitudeMode>absolute</altitudeMode>
            <coordinates>18.325924,-34.073776,792.48 18.326485,-34.074509,792.48</coordinates>
          </LineString>
        </MultiGeometry>
        <name>P-222</name>
        <description><![CDATA[<div><div><span><b>Altitude:</b></span> <span>2,600 ft</span></div>
<div><span><b>Speed:</b></span> <span>97 kt - 94 kt</span></div>
<div><span><b>Timestamp:</b></span><br/><span>2025-11-02 07:30:39 UTC<br/>2025-11-02 07:30:41 UTC</span></div>
</div>]]></description>
      </Placemark>
      <Placemark>
        <Style>
          <LineStyle>
            <color>ff42ff00</color>
            <width>2</width>
          </LineStyle>
        </Style>
        <MultiGeometry>
          <LineString>
            <tessellate>1</tessellate>
            <altitudeMode>absolute</altitudeMode>
            <coordinates>18.326485,-34.074509,792.48 18.327312,-34.07526,822.96</coordinates>
          </LineString>
        </MultiGeometry>
        <name>P-223</name>
        <description><![CDATA[<div><div><span><b>Altitude:</b></span> <span>2,600 ft - 2,700 ft</span></div>
<div><span><b>Speed:</b></span> <span>94 kt - 92 kt</span></div>
<div><span><b>Timestamp:</b></span><br/><span>2025-11-02 07:30:41 UTC<br/>2025-11-02 07:30:43 UTC</span></div>
</div>]]></description>
      </Placemark>
      <Placemark>
        <Style>
          <LineStyle>
            <color>ff1eff00</color>
            <width>2</width>
          </LineStyle>
        </Style>
        <MultiGeometry>
          <LineString>
            <tessellate>1</tessellate>
            <altitudeMode>absolute</altitudeMode>
            <coordinates>18.327312,-34.07526,822.96 18.328167,-34.075745,822.96</coordinates>
          </LineString>
        </MultiGeometry>
        <name>P-224</name>
        <description><![CDATA[<div><div><span><b>Altitude:</b></span> <span>2,700 ft</span></div>
<div><span><b>Speed:</b></span> <span>92 kt - 89 kt</span></div>
<div><span><b>Timestamp:</b></span><br/><span>2025-11-02 07:30:43 UTC<br/>2025-11-02 07:30:45 UTC</span></div>
</div>]]></description>
      </Placemark>
      <Placemark>
        <Style>
          <LineStyle>
            <color>ff1eff00</color>
            <width>2</width>
          </LineStyle>
        </Style>
        <MultiGeometry>
          <LineString>
            <tessellate>1</tessellate>
            <altitudeMode>absolute</altitudeMode>
            <coordinates>18.328167,-34.075745,822.96 18.329287,-34.076065,822.96</coordinates>
          </LineString>
        </MultiGeometry>
        <name>P-225</name>
        <description><![CDATA[<div><div><span><b>Altitude:</b></span> <span>2,700 ft</span></div>
<div><span><b>Speed:</b></span> <span>89 kt - 88 kt</span></div>
<div><span><b>Timestamp:</b></span><br/><span>2025-11-02 07:30:45 UTC<br/>2025-11-02 07:30:48 UTC</span></div>
</div>]]></description>
      </Placemark>
      <Placemark>
        <Style>
          <LineStyle>
            <color>ff1eff00</color>
            <width>2</width>
          </LineStyle>
        </Style>
        <MultiGeometry>
          <LineString>
            <tessellate>1</tessellate>
            <altitudeMode>absolute</altitudeMode>
            <coordinates>18.329287,-34.076065,822.96 18.33024,-34.076019,822.96</coordinates>
          </LineString>
        </MultiGeometry>
        <name>P-226</name>
        <description><![CDATA[<div><div><span><b>Altitude:</b></span> <span>2,700 ft</span></div>
<div><span><b>Speed:</b></span> <span>88 kt - 86 kt</span></div>
<div><span><b>Timestamp:</b></span><br/><span>2025-11-02 07:30:48 UTC<br/>2025-11-02 07:30:50 UTC</span></div>
</div>]]></description>
      </Placemark>
      <Placemark>
        <Style>
          <LineStyle>
            <color>ff1eff00</color>
            <width>2</width>
          </LineStyle>
        </Style>
        <MultiGeometry>
          <LineString>
            <tessellate>1</tessellate>
            <altitudeMode>absolute</altitudeMode>
            <coordinates>18.33024,-34.076019,822.96 18.331146,-34.075726,822.96</coordinates>
          </LineString>
        </MultiGeometry>
        <name>P-227</name>
        <description><![CDATA[<div><div><span><b>Altitude:</b></span> <span>2,700 ft</span></div>
<div><span><b>Speed:</b></span> <span>86 kt - 83 kt</span></div>
<div><span><b>Timestamp:</b></span><br/><span>2025-11-02 07:30:50 UTC<br/>2025-11-02 07:30:52 UTC</span></div>
</div>]]></description>
      </Placemark>
      <Placemark>
        <Style>
          <LineStyle>
            <color>ff1eff00</color>
            <width>2</width>
          </LineStyle>
        </Style>
        <MultiGeometry>
          <LineString>
            <tessellate>1</tessellate>
            <altitudeMode>absolute</altitudeMode>
            <coordinates>18.331146,-34.075726,822.96 18.332033,-34.075104,822.96</coordinates>
          </LineString>
        </MultiGeometry>
        <name>P-228</name>
        <description><![CDATA[<div><div><span><b>Altitude:</b></span> <span>2,700 ft</span></div>
<div><span><b>Speed:</b></span> <span>83 kt - 80 kt</span></div>
<div><span><b>Timestamp:</b></span><br/><span>2025-11-02 07:30:52 UTC<br/>2025-11-02 07:30:54 UTC</span></div>
</div>]]></description>
      </Placemark>
      <Placemark>
        <Style>
          <LineStyle>
            <color>ff1eff00</color>
            <width>2</width>
          </LineStyle>
        </Style>
        <MultiGeometry>
          <LineString>
            <tessellate>1</tessellate>
            <altitudeMode>absolute</altitudeMode>
            <coordinates>18.332033,-34.075104,822.96 18.332577,-34.074471,822.96</coordinates>
          </LineString>
        </MultiGeometry>
        <name>P-229</name>
        <description><![CDATA[<div><div><span><b>Altitude:</b></span> <span>2,700 ft</span></div>
<div><span><b>Speed:</b></span> <span>80 kt - 75 kt</span></div>
<div><span><b>Timestamp:</b></span><br/><span>2025-11-02 07:30:54 UTC<br/>2025-11-02 07:30:56 UTC</span></div>
</div>]]></description>
      </Placemark>
      <Placemark>
        <Style>
          <LineStyle>
            <color>ff1eff00</color>
            <width>2</width>
          </LineStyle>
        </Style>
        <MultiGeometry>
          <LineString>
            <tessellate>1</tessellate>
            <altitudeMode>absolute</altitudeMode>
            <coordinates>18.332577,-34.074471,822.96 18.332863,-34.073956,853.44</coordinates>
          </LineString>
        </MultiGeometry>
        <name>P-230</name>
        <description><![CDATA[<div><div><span><b>Altitude:</b></span> <span>2,700 ft - 2,800 ft</span></div>
<div><span><b>Speed:</b></span> <span>75 kt - 73 kt</span></div>
<div><span><b>Timestamp:</b></span><br/><span>2025-11-02 07:30:56 UTC<br/>2025-11-02 07:30:58 UTC</span></div>
</div>]]></description>
      </Placemark>
      <Placemark>
        <Style>
          <LineStyle>
            <color>ff1eff00</color>
            <width>2</width>
          </LineStyle>
        </Style>
        <MultiGeometry>
          <LineString>
            <tessellate>1</tessellate>
            <altitudeMode>absolute</altitudeMode>
            <coordinates>18.332863,-34.073956,853.44 18.333092,-34.073166,853.44</coordinates>
          </LineString>
        </MultiGeometry>
        <name>P-231</name>
        <description><![CDATA[<div><div><span><b>Altitude:</b></span> <span>2,800 ft</span></div>
<div><span><b>Speed:</b></span> <span>73 kt - 72 kt</span></div>
<div><span><b>Timestamp:</b></span><br/><span>2025-11-02 07:30:58 UTC<br/>2025-11-02 07:31:01 UTC</span></div>
</div>]]></description>
      </Placemark>
      <Placemark>
        <Style>
          <LineStyle>
            <color>ff1eff00</color>
            <width>2</width>
          </LineStyle>
        </Style>
        <MultiGeometry>
          <LineString>
            <tessellate>1</tessellate>
            <altitudeMode>absolute</altitudeMode>
            <coordinates>18.333092,-34.073166,853.44 18.333099,-34.072357,853.44</coordinates>
          </LineString>
        </MultiGeometry>
        <name>P-232</name>
        <description><![CDATA[<div><div><span><b>Altitude:</b></span> <span>2,800 ft</span></div>
<div><span><b>Speed:</b></span> <span>72 kt - 71 kt</span></div>
<div><span><b>Timestamp:</b></span><br/><span>2025-11-02 07:31:01 UTC<br/>2025-11-02 07:31:03 UTC</span></div>
</div>]]></description>
      </Placemark>
      <Placemark>
        <Style>
          <LineStyle>
            <color>ff1eff00</color>
            <width>2</width>
          </LineStyle>
        </Style>
        <MultiGeometry>
          <LineString>
            <tessellate>1</tessellate>
            <altitudeMode>absolute</altitudeMode>
            <coordinates>18.333099,-34.072357,853.44 18.33292,-34.07177,853.44</coordinates>
          </LineString>
        </MultiGeometry>
        <name>P-233</name>
        <description><![CDATA[<div><div><span><b>Altitude:</b></span> <span>2,800 ft</span></div>
<div><span><b>Speed:</b></span> <span>71 kt - 72 kt</span></div>
<div><span><b>Timestamp:</b></span><br/><span>2025-11-02 07:31:03 UTC<br/>2025-11-02 07:31:05 UTC</span></div>
</div>]]></description>
      </Placemark>
      <Placemark>
        <Style>
          <LineStyle>
            <color>ff1eff00</color>
            <width>2</width>
          </LineStyle>
        </Style>
        <MultiGeometry>
          <LineString>
            <tessellate>1</tessellate>
            <altitudeMode>absolute</altitudeMode>
            <coordinates>18.33292,-34.07177,853.44 18.332462,-34.071026,853.44</coordinates>
          </LineString>
        </MultiGeometry>
        <name>P-234</name>
        <description><![CDATA[<div><div><span><b>Altitude:</b></span> <span>2,800 ft</span></div>
<div><span><b>Speed:</b></span> <span>72 kt - 75 kt</span></div>
<div><span><b>Timestamp:</b></span><br/><span>2025-11-02 07:31:05 UTC<br/>2025-11-02 07:31:07 UTC</span></div>
</div>]]></description>
      </Placemark>
      <Placemark>
        <Style>
          <LineStyle>
            <color>ff1eff00</color>
            <width>2</width>
          </LineStyle>
        </Style>
        <MultiGeometry>
          <LineString>
            <tessellate>1</tessellate>
            <altitudeMode>absolute</altitudeMode>
            <coordinates>18.332462,-34.071026,853.44 18.331776,-34.070511,822.96</coordinates>
          </LineString>
        </MultiGeometry>
        <name>P-235</name>
        <description><![CDATA[<div><div><span><b>Altitude:</b></span> <span>2,800 ft - 2,700 ft</span></div>
<div><span><b>Speed:</b></span> <span>75 kt - 78 kt</span></div>
<div><span><b>Timestamp:</b></span><br/><span>2025-11-02 07:31:07 UTC<br/>2025-11-02 07:31:10 UTC</span></div>
</div>]]></description>
      </Placemark>
      <Placemark>
        <Style>
          <LineStyle>
            <color>ff1eff00</color>
            <width>2</width>
          </LineStyle>
        </Style>
        <MultiGeometry>
          <LineString>
            <tessellate>1</tessellate>
            <altitudeMode>absolute</altitudeMode>
            <coordinates>18.331776,-34.070511,822.96 18.330969,-34.070206,822.96</coordinates>
          </LineString>
        </MultiGeometry>
        <name>P-236</name>
        <description><![CDATA[<div><div><span><b>Altitude:</b></span> <span>2,700 ft</span></div>
<div><span><b>Speed:</b></span> <span>78 kt - 82 kt</span></div>
<div><span><b>Timestamp:</b></span><br/><span>2025-11-02 07:31:10 UTC<br/>2025-11-02 07:31:12 UTC</span></div>
</div>]]></description>
      </Placemark>
      <Placemark>
        <Style>
          <LineStyle>
            <color>ff1eff00</color>
            <width>2</width>
          </LineStyle>
        </Style>
        <MultiGeometry>
          <LineString>
            <tessellate>1</tessellate>
            <altitudeMode>absolute</altitudeMode>
            <coordinates>18.330969,-34.070206,822.96 18.32983,-34.070187,792.48</coordinates>
          </LineString>
        </MultiGeometry>
        <name>P-237</name>
        <description><![CDATA[<div><div><span><b>Altitude:</b></span> <span>2,700 ft - 2,600 ft</span></div>
<div><span><b>Speed:</b></span> <span>82 kt - 83 kt</span></div>
<div><span><b>Timestamp:</b></span><br/><span>2025-11-02 07:31:12 UTC<br/>2025-11-02 07:31:14 UTC</span></div>
</div>]]></description>
      </Placemark>
      <Placemark>
        <Style>
          <LineStyle>
            <color>ff42ff00</color>
            <width>2</width>
          </LineStyle>
        </Style>
        <MultiGeometry>
          <LineString>
            <tessellate>1</tessellate>
            <altitudeMode>absolute</altitudeMode>
            <coordinates>18.32983,-34.070187,792.48 18.328972,-34.070419,792.48</coordinates>
          </LineString>
        </MultiGeometry>
        <name>P-238</name>
        <description><![CDATA[<div><div><span><b>Altitude:</b></span> <span>2,600 ft</span></div>
<div><span><b>Speed:</b></span> <span>83 kt - 85 kt</span></div>
<div><span><b>Timestamp:</b></span><br/><span>2025-11-02 07:31:14 UTC<br/>2025-11-02 07:31:16 UTC</span></div>
</div>]]></description>
      </Placemark>
      <Placemark>
        <Style>
          <LineStyle>
            <color>ff42ff00</color>
            <width>2</width>
          </LineStyle>
        </Style>
        <MultiGeometry>
          <LineString>
            <tessellate>1</tessellate>
            <altitudeMode>absolute</altitudeMode>
            <coordinates>18.328972,-34.070419,792.48 18.327997,-34.07103,792.48</coordinates>
          </LineString>
        </MultiGeometry>
        <name>P-239</name>
        <description><![CDATA[<div><div><span><b>Altitude:</b></span> <span>2,600 ft</span></div>
<div><span><b>Speed:</b></span> <span>85 kt - 86 kt</span></div>
<div><span><b>Timestamp:</b></span><br/><span>2025-11-02 07:31:16 UTC<br/>2025-11-02 07:31:18 UTC</span></div>
</div>]]></description>
      </Placemark>
      <Placemark>
        <Style>
          <LineStyle>
            <color>ff42ff00</color>
            <width>2</width>
          </LineStyle>
        </Style>
        <MultiGeometry>
          <LineString>
            <tessellate>1</tessellate>
            <altitudeMode>absolute</altitudeMode>
            <coordinates>18.327997,-34.07103,792.48 18.32737,-34.071724,762</coordinates>
          </LineString>
        </MultiGeometry>
        <name>P-240</name>
        <description><![CDATA[<div><div><span><b>Altitude:</b></span> <span>2,600 ft - 2,500 ft</span></div>
<div><span><b>Speed:</b></span> <span>86 kt</span></div>
<div><span><b>Timestamp:</b></span><br/><span>2025-11-02 07:31:18 UTC<br/>2025-11-02 07:31:20 UTC</span></div>
</div>]]></description>
      </Placemark>
      <Placemark>
        <Style>
          <LineStyle>
            <color>ff42ff00</color>
            <width>2</width>
          </LineStyle>
        </Style>
        <MultiGeometry>
          <LineString>
            <tessellate>1</tessellate>
            <altitudeMode>absolute</altitudeMode>
            <coordinates>18.32737,-34.071724,762 18.326969,-34.072514,762</coordinates>
          </LineString>
        </MultiGeometry>
        <name>P-241</name>
        <description><![CDATA[<div><div><span><b>Altitude:</b></span> <span>2,500 ft</span></div>
<div><span><b>Speed:</b></span> <span>86 kt - 87 kt</span></div>
<div><span><b>Timestamp:</b></span><br/><span>2025-11-02 07:31:20 UTC<br/>2025-11-02 07:31:23 UTC</span></div>
</div>]]></description>
      </Placemark>
      <Placemark>
        <Style>
          <LineStyle>
            <color>ff42ff00</color>
            <width>2</width>
          </LineStyle>
        </Style>
        <MultiGeometry>
          <LineString>
            <tessellate>1</tessellate>
            <altitudeMode>absolute</altitudeMode>
            <coordinates>18.326969,-34.072514,762 18.326797,-34.073307,762</coordinates>
          </LineString>
        </MultiGeometry>
        <name>P-242</name>
        <description><![CDATA[<div><div><span><b>Altitude:</b></span> <span>2,500 ft</span></div>
<div><span><b>Speed:</b></span> <span>87 kt</span></div>
<div><span><b>Timestamp:</b></span><br/><span>2025-11-02 07:31:23 UTC<br/>2025-11-02 07:31:25 UTC</span></div>
</div>]]></description>
      </Placemark>
      <Placemark>
        <Style>
          <LineStyle>
            <color>ff42ff00</color>
            <width>2</width>
          </LineStyle>
        </Style>
        <MultiGeometry>
          <LineString>
            <tessellate>1</tessellate>
            <altitudeMode>absolute</altitudeMode>
            <coordinates>18.326797,-34.073307,762 18.32674,-34.074284,762</coordinates>
          </LineString>
        </MultiGeometry>
        <name>P-243</name>
        <description><![CDATA[<div><div><span><b>Altitude:</b></span> <span>2,500 ft</span></div>
<div><span><b>Speed:</b></span> <span>87 kt - 86 kt</span></div>
<div><span><b>Timestamp:</b></span><br/><span>2025-11-02 07:31:25 UTC<br/>2025-11-02 07:31:27 UTC</span></div>
</div>]]></description>
      </Placemark>
      <Placemark>
        <Style>
          <LineStyle>
            <color>ff42ff00</color>
            <width>2</width>
          </LineStyle>
        </Style>
        <MultiGeometry>
          <LineString>
            <tessellate>1</tessellate>
            <altitudeMode>absolute</altitudeMode>
            <coordinates>18.32674,-34.074284,762 18.326797,-34.075169,762</coordinates>
          </LineString>
        </MultiGeometry>
        <name>P-244</name>
        <description><![CDATA[<div><div><span><b>Altitude:</b></span> <span>2,500 ft</span></div>
<div><span><b>Speed:</b></span> <span>86 kt - 87 kt</span></div>
<div><span><b>Timestamp:</b></span><br/><span>2025-11-02 07:31:27 UTC<br/>2025-11-02 07:31:29 UTC</span></div>
</div>]]></description>
      </Placemark>
      <Placemark>
        <Style>
          <LineStyle>
            <color>ff42ff00</color>
            <width>2</width>
          </LineStyle>
        </Style>
        <MultiGeometry>
          <LineString>
            <tessellate>1</tessellate>
            <altitudeMode>absolute</altitudeMode>
            <coordinates>18.326797,-34.075169,762 18.327026,-34.076237,731.52</coordinates>
          </LineString>
        </MultiGeometry>
        <name>P-245</name>
        <description><![CDATA[<div><div><span><b>Altitude:</b></span> <span>2,500 ft - 2,400 ft</span></div>
<div><span><b>Speed:</b></span> <span>87 kt - 88 kt</span></div>
<div><span><b>Timestamp:</b></span><br/><span>2025-11-02 07:31:29 UTC<br/>2025-11-02 07:31:32 UTC</span></div>
</div>]]></description>
      </Placemark>
      <Placemark>
        <Style>
          <LineStyle>
            <color>ff42ff00</color>
            <width>2</width>
          </LineStyle>
        </Style>
        <MultiGeometry>
          <LineString>
            <tessellate>1</tessellate>
            <altitudeMode>absolute</altitudeMode>
            <coordinates>18.327026,-34.076237,731.52 18.327312,-34.077217,731.52</coordinates>
          </LineString>
        </MultiGeometry>
        <name>P-246</name>
        <description><![CDATA[<div><div><span><b>Altitude:</b></span> <span>2,400 ft</span></div>
<div><span><b>Speed:</b></span> <span>88 kt - 91 kt</span></div>
<div><span><b>Timestamp:</b></span><br/><span>2025-11-02 07:31:32 UTC<br/>2025-11-02 07:31:34 UTC</span></div>
</div>]]></description>
      </Placemark>
      <Placemark>
        <Style>
          <LineStyle>
            <color>ff42ff00</color>
            <width>2</width>
          </LineStyle>
        </Style>
        <MultiGeometry>
          <LineString>
            <tessellate>1</tessellate>
            <altitudeMode>absolute</altitudeMode>
            <coordinates>18.327312,-34.077217,731.52 18.327541,-34.077961,731.52</coordinates>
          </LineString>
        </MultiGeometry>
        <name>P-247</name>
        <description><![CDATA[<div><div><span><b>Altitude:</b></span> <span>2,400 ft</span></div>
<div><span><b>Speed:</b></span> <span>91 kt - 92 kt</span></div>
<div><span><b>Timestamp:</b></span><br/><span>2025-11-02 07:31:34 UTC<br/>2025-11-02 07:31:36 UTC</span></div>
</div>]]></description>
      </Placemark>
      <Placemark>
        <Style>
          <LineStyle>
            <color>ff42ff00</color>
            <width>2</width>
          </LineStyle>
        </Style>
        <MultiGeometry>
          <LineString>
            <tessellate>1</tessellate>
            <altitudeMode>absolute</altitudeMode>
            <coordinates>18.327541,-34.077961,731.52 18.327942,-34.079033,731.52</coordinates>
          </LineString>
        </MultiGeometry>
        <name>P-248</name>
        <description><![CDATA[<div><div><span><b>Altitude:</b></span> <span>2,400 ft</span></div>
<div><span><b>Speed:</b></span> <span>92 kt - 93 kt</span></div>
<div><span><b>Timestamp:</b></span><br/><span>2025-11-02 07:31:36 UTC<br/>2025-11-02 07:31:38 UTC</span></div>
</div>]]></description>
      </Placemark>
      <Placemark>
        <Style>
          <LineStyle>
            <color>ff42ff00</color>
            <width>2</width>
          </LineStyle>
        </Style>
        <MultiGeometry>
          <LineString>
            <tessellate>1</tessellate>
            <altitudeMode>absolute</altitudeMode>
            <coordinates>18.327942,-34.079033,731.52 18.328278,-34.079865,731.52</coordinates>
          </LineString>
        </MultiGeometry>
        <name>P-249</name>
        <description><![CDATA[<div><div><span><b>Altitude:</b></span> <span>2,400 ft</span></div>
<div><span><b>Speed:</b></span> <span>93 kt</span></div>
<div><span><b>Timestamp:</b></span><br/><span>2025-11-02 07:31:38 UTC<br/>2025-11-02 07:31:41 UTC</span></div>
</div>]]></description>
      </Placemark>
      <Placemark>
        <Style>
          <LineStyle>
            <color>ff42ff00</color>
            <width>2</width>
          </LineStyle>
        </Style>
        <MultiGeometry>
          <LineString>
            <tessellate>1</tessellate>
            <altitudeMode>absolute</altitudeMode>
            <coordinates>18.328278,-34.079865,731.52 18.328671,-34.080688,701.04</coordinates>
          </LineString>
        </MultiGeometry>
        <name>P-250</name>
        <description><![CDATA[<div><div><span><b>Altitude:</b></span> <span>2,400 ft - 2,300 ft</span></div>
<div><span><b>Speed:</b></span> <span>93 kt - 94 kt</span></div>
<div><span><b>Timestamp:</b></span><br/><span>2025-11-02 07:31:41 UTC<br/>2025-11-02 07:31:43 UTC</span></div>
</div>]]></description>
      </Placemark>
      <Placemark>
        <Style>
          <LineStyle>
            <color>ff42ff00</color>
            <width>2</width>
          </LineStyle>
        </Style>
        <MultiGeometry>
          <LineString>
            <tessellate>1</tessellate>
            <altitudeMode>absolute</altitudeMode>
            <coordinates>18.328671,-34.080688,701.04 18.329258,-34.081684,701.04</coordinates>
          </LineString>
        </MultiGeometry>
        <name>P-251</name>
        <description><![CDATA[<div><div><span><b>Altitude:</b></span> <span>2,300 ft</span></div>
<div><span><b>Speed:</b></span> <span>94 kt</span></div>
<div><span><b>Timestamp:</b></span><br/><span>2025-11-02 07:31:43 UTC<br/>2025-11-02 07:31:45 UTC</span></div>
</div>]]></description>
      </Placemark>
      <Placemark>
        <Style>
          <LineStyle>
            <color>ff42ff00</color>
            <width>2</width>
          </LineStyle>
        </Style>
        <MultiGeometry>
          <LineString>
            <tessellate>1</tessellate>
            <altitudeMode>absolute</altitudeMode>
            <coordinates>18.329258,-34.081684,701.04 18.32983,-34.082478,701.04</coordinates>
          </LineString>
        </MultiGeometry>
        <name>P-252</name>
        <description><![CDATA[<div><div><span><b>Altitude:</b></span> <span>2,300 ft</span></div>
<div><span><b>Speed:</b></span> <span>94 kt - 95 kt</span></div>
<div><span><b>Timestamp:</b></span><br/><span>2025-11-02 07:31:45 UTC<br/>2025-11-02 07:31:47 UTC</span></div>
</div>]]></description>
      </Placemark>
      <Placemark>
        <Style>
          <LineStyle>
            <color>ff42ff00</color>
            <width>2</width>
          </LineStyle>
        </Style>
        <MultiGeometry>
          <LineString>
            <tessellate>1</tessellate>
            <altitudeMode>absolute</altitudeMode>
            <coordinates>18.32983,-34.082478,701.04 18.330517,-34.083359,701.04</coordinates>
          </LineString>
        </MultiGeometry>
        <name>P-253</name>
        <description><![CDATA[<div><div><span><b>Altitude:</b></span> <span>2,300 ft</span></div>
<div><span><b>Speed:</b></span> <span>95 kt - 96 kt</span></div>
<div><span><b>Timestamp:</b></span><br/><span>2025-11-02 07:31:47 UTC<br/>2025-11-02 07:31:50 UTC</span></div>
</div>]]></description>
      </Placemark>
      <Placemark>
        <Style>
          <LineStyle>
            <color>ff42ff00</color>
            <width>2</width>
          </LineStyle>
        </Style>
        <MultiGeometry>
          <LineString>
            <tessellate>1</tessellate>
            <altitudeMode>absolute</altitudeMode>
            <coordinates>18.330517,-34.083359,701.04 18.331249,-34.084259,701.04</coordinates>
          </LineString>
        </MultiGeometry>
        <name>P-254</name>
        <description><![CDATA[<div><div><span><b>Altitude:</b></span> <span>2,300 ft</span></div>
<div><span><b>Speed:</b></span> <span>96 kt</span></div>
<div><span><b>Timestamp:</b></span><br/><span>2025-11-02 07:31:50 UTC<br/>2025-11-02 07:31:52 UTC</span></div>
</div>]]></description>
      </Placemark>
      <Placemark>
        <Style>
          <LineStyle>
            <color>ff42ff00</color>
            <width>2</width>
          </LineStyle>
        </Style>
        <MultiGeometry>
          <LineString>
            <tessellate>1</tessellate>
            <altitudeMode>absolute</altitudeMode>
            <coordinates>18.331249,-34.084259,701.04 18.331833,-34.08485,701.04</coordinates>
          </LineString>
        </MultiGeometry>
        <name>P-255</name>
        <description><![CDATA[<div><div><span><b>Altitude:</b></span> <span>2,300 ft</span></div>
<div><span><b>Speed:</b></span> <span>96 kt - 98 kt</span></div>
<div><span><b>Timestamp:</b></span><br/><span>2025-11-02 07:31:52 UTC<br/>2025-11-02 07:31:54 UTC</span></div>
</div>]]></description>
      </Placemark>
      <Placemark>
        <Style>
          <LineStyle>
            <color>ff42ff00</color>
            <width>2</width>
          </LineStyle>
        </Style>
        <MultiGeometry>
          <LineString>
            <tessellate>1</tessellate>
            <altitudeMode>absolute</altitudeMode>
            <coordinates>18.331833,-34.08485,701.04 18.332706,-34.085724,670.56</coordinates>
          </LineString>
        </MultiGeometry>
        <name>P-256</name>
        <description><![CDATA[<div><div><span><b>Altitude:</b></span> <span>2,300 ft - 2,200 ft</span></div>
<div><span><b>Speed:</b></span> <span>98 kt</span></div>
<div><span><b>Timestamp:</b></span><br/><span>2025-11-02 07:31:54 UTC<br/>2025-11-02 07:31:56 UTC</span></div>
</div>]]></description>
      </Placemark>
      <Placemark>
        <Style>
          <LineStyle>
            <color>ff42ff00</color>
            <width>2</width>
          </LineStyle>
        </Style>
        <MultiGeometry>
          <LineString>
            <tessellate>1</tessellate>
            <altitudeMode>absolute</altitudeMode>
            <coordinates>18.332706,-34.085724,670.56 18.333435,-34.086388,670.56</coordinates>
          </LineString>
        </MultiGeometry>
        <name>P-257</name>
        <description><![CDATA[<div><div><span><b>Altitude:</b></span> <span>2,200 ft</span></div>
<div><span><b>Speed:</b></span> <span>98 kt - 99 kt</span></div>
<div><span><b>Timestamp:</b></span><br/><span>2025-11-02 07:31:56 UTC<br/>2025-11-02 07:31:59 UTC</span></div>
</div>]]></description>
      </Placemark>
      <Placemark>
        <Style>
          <LineStyle>
            <color>ff42ff00</color>
            <width>2</width>
          </LineStyle>
        </Style>
        <MultiGeometry>
          <LineString>
            <tessellate>1</tessellate>
            <altitudeMode>absolute</altitudeMode>
            <coordinates>18.333435,-34.086388,670.56 18.334499,-34.087372,670.56</coordinates>
          </LineString>
        </MultiGeometry>
        <name>P-258</name>
        <description><![CDATA[<div><div><span><b>Altitude:</b></span> <span>2,200 ft</span></div>
<div><span><b>Speed:</b></span> <span>99 kt - 100 kt</span></div>
<div><span><b>Timestamp:</b></span><br/><span>2025-11-02 07:31:59 UTC<br/>2025-11-02 07:32:01 UTC</span></div>
</div>]]></description>
      </Placemark>
      <Placemark>
        <Style>
          <LineStyle>
            <color>ff42ff00</color>
            <width>2</width>
          </LineStyle>
        </Style>
        <MultiGeometry>
          <LineString>
            <tessellate>1</tessellate>
            <altitudeMode>absolute</altitudeMode>
            <coordinates>18.334499,-34.087372,670.56 18.33534,-34.088013,670.56</coordinates>
          </LineString>
        </MultiGeometry>
        <name>P-259</name>
        <description><![CDATA[<div><div><span><b>Altitude:</b></span> <span>2,200 ft</span></div>
<div><span><b>Speed:</b></span> <span>100 kt - 101 kt</span></div>
<div><span><b>Timestamp:</b></span><br/><span>2025-11-02 07:32:01 UTC<br/>2025-11-02 07:32:03 UTC</span></div>
</div>]]></description>
      </Placemark>
      <Placemark>
        <Style>
          <LineStyle>
            <color>ff42ff00</color>
            <width>2</width>
          </LineStyle>
        </Style>
        <MultiGeometry>
          <LineString>
            <tessellate>1</tessellate>
            <altitudeMode>absolute</altitudeMode>
            <coordinates>18.33534,-34.088013,670.56 18.336353,-34.088852,640.08</coordinates>
          </LineString>
        </MultiGeometry>
        <name>P-260</name>
        <description><![CDATA[<div><div><span><b>Altitude:</b></span> <span>2,200 ft - 2,100 ft</span></div>
<div><span><b>Speed:</b></span> <span>101 kt</span></div>
<div><span><b>Timestamp:</b></span><br/><span>2025-11-02 07:32:03 UTC<br/>2025-11-02 07:32:06 UTC</span></div>
</div>]]></description>
      </Placemark>
      <Placemark>
        <Style>
          <LineStyle>
            <color>ff42ff00</color>
            <width>2</width>
          </LineStyle>
        </Style>
        <MultiGeometry>
          <LineString>
            <tessellate>1</tessellate>
            <altitudeMode>absolute</altitudeMode>
            <coordinates>18.336353,-34.088852,640.08 18.337555,-34.089832,640.08</coordinates>
          </LineString>
        </MultiGeometry>
        <name>P-261</name>
        <description><![CDATA[<div><div><span><b>Altitude:</b></span> <span>2,100 ft</span></div>
<div><span><b>Speed:</b></span> <span>101 kt - 102 kt</span></div>
<div><span><b>Timestamp:</b></span><br/><span>2025-11-02 07:32:06 UTC<br/>2025-11-02 07:32:08 UTC</span></div>
</div>]]></description>
      </Placemark>
      <Placemark>
        <Style>
          <LineStyle>
            <color>ff42ff00</color>
            <width>2</width>
          </LineStyle>
        </Style>
        <MultiGeometry>
          <LineString>
            <tessellate>1</tessellate>
            <altitudeMode>absolute</altitudeMode>
            <coordinates>18.337555,-34.089832,640.08 18.338535,-34.090576,640.08</coordinates>
          </LineString>
        </MultiGeometry>
        <name>P-262</name>
        <description><![CDATA[<div><div><span><b>Altitude:</b></span> <span>2,100 ft</span></div>
<div><span><b>Speed:</b></span> <span>102 kt - 103 kt</span></div>
<div><span><b>Timestamp:</b></span><br/><span>2025-11-02 07:32:08 UTC<br/>2025-11-02 07:32:11 UTC</span></div>
</div>]]></description>
      </Placemark>
      <Placemark>
        <Style>
          <LineStyle>
            <color>ff42ff00</color>
            <width>2</width>
          </LineStyle>
        </Style>
        <MultiGeometry>
          <LineString>
            <tessellate>1</tessellate>
            <altitudeMode>absolute</altitudeMode>
            <coordinates>18.338535,-34.090576,640.08 18.339672,-34.091366,640.08</coordinates>
          </LineString>
        </MultiGeometry>
        <name>P-263</name>
        <description><![CDATA[<div><div><span><b>Altitude:</b></span> <span>2,100 ft</span></div>
<div><span><b>Speed:</b></span> <span>103 kt - 104 kt</span></div>
<div><span><b>Timestamp:</b></span><br/><span>2025-11-02 07:32:11 UTC<br/>2025-11-02 07:32:13 UTC</span></div>
</div>]]></description>
      </Placemark>
      <Placemark>
        <Style>
          <LineStyle>
            <color>ff42ff00</color>
            <width>2</width>
          </LineStyle>
        </Style>
        <MultiGeometry>
          <LineString>
            <tessellate>1</tessellate>
            <altitudeMode>absolute</altitudeMode>
            <coordinates>18.339672,-34.091366,640.08 18.340385,-34.091904,640.08</coordinates>
          </LineString>
        </MultiGeometry>
        <name>P-264</name>
        <description><![CDATA[<div><div><span><b>Altitude:</b></span> <span>2,100 ft</span></div>
<div><span><b>Speed:</b></span> <span>104 kt - 105 kt</span></div>
<div><span><b>Timestamp:</b></span><br/><span>2025-11-02 07:32:13 UTC<br/>2025-11-02 07:32:15 UTC</span></div>
</div>]]></description>
      </Placemark>
      <Placemark>
        <Style>
          <LineStyle>
            <color>ff42ff00</color>
            <width>2</width>
          </LineStyle>
        </Style>
        <MultiGeometry>
          <LineString>
            <tessellate>1</tessellate>
            <altitudeMode>absolute</altitudeMode>
            <coordinates>18.340385,-34.091904,640.08 18.34156,-34.09267,640.08</coordinates>
          </LineString>
        </MultiGeometry>
        <name>P-265</name>
        <description><![CDATA[<div><div><span><b>Altitude:</b></span> <span>2,100 ft</span></div>
<div><span><b>Speed:</b></span> <span>105 kt - 106 kt</span></div>
<div><span><b>Timestamp:</b></span><br/><span>2025-11-02 07:32:15 UTC<br/>2025-11-02 07:32:18 UTC</span></div>
</div>]]></description>
      </Placemark>
      <Placemark>
        <Style>
          <LineStyle>
            <color>ff42ff00</color>
            <width>2</width>
          </LineStyle>
        </Style>
        <MultiGeometry>
          <LineString>
            <tessellate>1</tessellate>
            <altitudeMode>absolute</altitudeMode>
            <coordinates>18.34156,-34.09267,640.08 18.342476,-34.093231,609.6</coordinates>
          </LineString>
        </MultiGeometry>
        <name>P-266</name>
        <description><![CDATA[<div><div><span><b>Altitude:</b></span> <span>2,100 ft - 2,000 ft</span></div>
<div><span><b>Speed:</b></span> <span>106 kt</span></div>
<div><span><b>Timestamp:</b></span><br/><span>2025-11-02 07:32:18 UTC<br/>2025-11-02 07:32:20 UTC</span></div>
</div>]]></description>
      </Placemark>
      <Placemark>
        <Style>
          <LineStyle>
            <color>ff42ff00</color>
            <width>2</width>
          </LineStyle>
        </Style>
        <MultiGeometry>
          <LineString>
            <tessellate>1</tessellate>
            <altitudeMode>absolute</altitudeMode>
            <coordinates>18.342476,-34.093231,609.6 18.343735,-34.093929,609.6</coordinates>
          </LineString>
        </MultiGeometry>
        <name>P-267</name>
        <description><![CDATA[<div><div><span><b>Altitude:</b></span> <span>2,000 ft</span></div>
<div><span><b>Speed:</b></span> <span>106 kt - 107 kt</span></div>
<div><span><b>Timestamp:</b></span><br/><span>2025-11-02 07:32:20 UTC<br/>2025-11-02 07:32:22 UTC</span></div>
</div>]]></description>
      </Placemark>
      <Placemark>
        <Style>
          <LineStyle>
            <color>ff42ff00</color>
            <width>2</width>
          </LineStyle>
        </Style>
        <MultiGeometry>
          <LineString>
            <tessellate>1</tessellate>
            <altitudeMode>absolute</altitudeMode>
            <coordinates>18.343735,-34.093929,609.6 18.345051,-34.094673,609.6</coordinates>
          </LineString>
        </MultiGeometry>
        <name>P-268</name>
        <description><![CDATA[<div><div><span><b>Altitude:</b></span> <span>2,000 ft</span></div>
<div><span><b>Speed:</b></span> <span>107 kt - 108 kt</span></div>
<div><span><b>Timestamp:</b></span><br/><span>2025-11-02 07:32:22 UTC<br/>2025-11-02 07:32:24 UTC</span></div>
</div>]]></description>
      </Placemark>
      <Placemark>
        <Style>
          <LineStyle>
            <color>ff42ff00</color>
            <width>2</width>
          </LineStyle>
        </Style>
        <MultiGeometry>
          <LineString>
            <tessellate>1</tessellate>
            <altitudeMode>absolute</altitudeMode>
            <coordinates>18.345051,-34.094673,609.6 18.346252,-34.09528,609.6</coordinates>
          </LineString>
        </MultiGeometry>
        <name>P-269</name>
        <description><![CDATA[<div><div><span><b>Altitude:</b></span> <span>2,000 ft</span></div>
<div><span><b>Speed:</b></span> <span>108 kt - 107 kt</span></div>
<div><span><b>Timestamp:</b></span><br/><span>2025-11-02 07:32:24 UTC<br/>2025-11-02 07:32:27 UTC</span></div>
</div>]]></description>
      </Placemark>
      <Placemark>
        <Style>
          <LineStyle>
            <color>ff42ff00</color>
            <width>2</width>
          </LineStyle>
        </Style>
        <MultiGeometry>
          <LineString>
            <tessellate>1</tessellate>
            <altitudeMode>absolute</altitudeMode>
            <coordinates>18.346252,-34.09528,609.6 18.34734,-34.095837,609.6</coordinates>
          </LineString>
        </MultiGeometry>
        <name>P-270</name>
        <description><![CDATA[<div><div><span><b>Altitude:</b></span> <span>2,000 ft</span></div>
<div><span><b>Speed:</b></span> <span>107 kt - 106 kt</span></div>
<div><span><b>Timestamp:</b></span><br/><span>2025-11-02 07:32:27 UTC<br/>2025-11-02 07:32:29 UTC</span></div>
</div>]]></description>
      </Placemark>
      <Placemark>
        <Style>
          <LineStyle>
            <color>ff42ff00</color>
            <width>2</width>
          </LineStyle>
        </Style>
        <MultiGeometry>
          <LineString>
            <tessellate>1</tessellate>
            <altitudeMode>absolute</altitudeMode>
            <coordinates>18.34734,-34.095837,609.6 18.348713,-34.096489,609.6</coordinates>
          </LineString>
        </MultiGeometry>
        <name>P-271</name>
        <description><![CDATA[<div><div><span><b>Altitude:</b></span> <span>2,000 ft</span></div>
<div><span><b>Speed:</b></span> <span>106 kt</span></div>
<div><span><b>Timestamp:</b></span><br/><span>2025-11-02 07:32:29 UTC<br/>2025-11-02 07:32:32 UTC</span></div>
</div>]]></description>
      </Placemark>
      <Placemark>
        <Style>
          <LineStyle>
            <color>ff42ff00</color>
            <width>2</width>
          </LineStyle>
        </Style>
        <MultiGeometry>
          <LineString>
            <tessellate>1</tessellate>
            <altitudeMode>absolute</altitudeMode>
            <coordinates>18.348713,-34.096489,609.6 18.349743,-34.096954,609.6</coordinates>
          </LineString>
        </MultiGeometry>
        <name>P-272</name>
        <description><![CDATA[<div><div><span><b>Altitude:</b></span> <span>2,000 ft</span></div>
<div><span><b>Speed:</b></span> <span>106 kt - 105 kt</span></div>
<div><span><b>Timestamp:</b></span><br/><span>2025-11-02 07:32:32 UTC<br/>2025-11-02 07:32:34 UTC</span></div>
</div>]]></description>
      </Placemark>
      <Placemark>
        <Style>
          <LineStyle>
            <color>ff42ff00</color>
            <width>2</width>
          </LineStyle>
        </Style>
        <MultiGeometry>
          <LineString>
            <tessellate>1</tessellate>
            <altitudeMode>absolute</altitudeMode>
            <coordinates>18.349743,-34.096954,609.6 18.350887,-34.09742,609.6</coordinates>
          </LineString>
        </MultiGeometry>
        <name>P-273</name>
        <description><![CDATA[<div><div><span><b>Altitude:</b></span> <span>2,000 ft</span></div>
<div><span><b>Speed:</b></span> <span>105 kt - 104 kt</span></div>
<div><span><b>Timestamp:</b></span><br/><span>2025-11-02 07:32:34 UTC<br/>2025-11-02 07:32:36 UTC</span></div>
</div>]]></description>
      </Placemark>
      <Placemark>
        <Style>
          <LineStyle>
            <color>ff42ff00</color>
            <width>2</width>
          </LineStyle>
        </Style>
        <MultiGeometry>
          <LineString>
            <tessellate>1</tessellate>
            <altitudeMode>absolute</altitudeMode>
            <coordinates>18.350887,-34.09742,609.6 18.352045,-34.097855,579.12</coordinates>
          </LineString>
        </MultiGeometry>
        <name>P-274</name>
        <description><![CDATA[<div><div><span><b>Altitude:</b></span> <span>2,000 ft - 1,900 ft</span></div>
<div><span><b>Speed:</b></span> <span>104 kt</span></div>
<div><span><b>Timestamp:</b></span><br/><span>2025-11-02 07:32:36 UTC<br/>2025-11-02 07:32:38 UTC</span></div>
</div>]]></description>
      </Placemark>
      <Placemark>
        <Style>
          <LineStyle>
            <color>ffccff00</color>
            <width>2</width>
          </LineStyle>
        </Style>
        <MultiGeometry>
          <LineString>
            <tessellate>1</tessellate>
            <altitudeMode>absolute</altitudeMode>
            <coordinates>18.352045,-34.097855,579.12 18.353405,-34.098396,579.12</coordinates>
          </LineString>
        </MultiGeometry>
        <name>P-275</name>
        <description><![CDATA[<div><div><span><b>Altitude:</b></span> <span>1,900 ft</span></div>
<div><span><b>Speed:</b></span> <span>104 kt</span></div>
<div><span><b>Timestamp:</b></span><br/><span>2025-11-02 07:32:38 UTC<br/>2025-11-02 07:32:41 UTC</span></div>
</div>]]></description>
      </Placemark>
      <Placemark>
        <Style>
          <LineStyle>
            <color>ffccff00</color>
            <width>2</width>
          </LineStyle>
        </Style>
        <MultiGeometry>
          <LineString>
            <tessellate>1</tessellate>
            <altitudeMode>absolute</altitudeMode>
            <coordinates>18.353405,-34.098396,579.12 18.354454,-34.09877,579.12</coordinates>
          </LineString>
        </MultiGeometry>
        <name>P-276</name>
        <description><![CDATA[<div><div><span><b>Altitude:</b></span> <span>1,900 ft</span></div>
<div><span><b>Speed:</b></span> <span>104 kt - 106 kt</span></div>
<div><span><b>Timestamp:</b></span><br/><span>2025-11-02 07:32:41 UTC<br/>2025-11-02 07:32:43 UTC</span></div>
</div>]]></description>
      </Placemark>
      <Placemark>
        <Style>
          <LineStyle>
            <color>ffccff00</color>
            <width>2</width>
          </LineStyle>
        </Style>
        <MultiGeometry>
          <LineString>
            <tessellate>1</tessellate>
            <altitudeMode>absolute</altitudeMode>
            <coordinates>18.354454,-34.09877,579.12 18.355751,-34.099236,579.12</coordinates>
          </LineString>
        </MultiGeometry>
        <name>P-277</name>
        <description><![CDATA[<div><div><span><b>Altitude:</b></span> <span>1,900 ft</span></div>
<div><span><b>Speed:</b></span> <span>106 kt - 107 kt</span></div>
<div><span><b>Timestamp:</b></span><br/><span>2025-11-02 07:32:43 UTC<br/>2025-11-02 07:32:45 UTC</span></div>
</div>]]></description>
      </Placemark>
      <Placemark>
        <Style>
          <LineStyle>
            <color>ffccff00</color>
            <width>2</width>
          </LineStyle>
        </Style>
        <MultiGeometry>
          <LineString>
            <tessellate>1</tessellate>
            <altitudeMode>absolute</altitudeMode>
            <coordinates>18.355751,-34.099236,579.12 18.356838,-34.099655,579.12</coordinates>
          </LineString>
        </MultiGeometry>
        <name>P-278</name>
        <description><![CDATA[<div><div><span><b>Altitude:</b></span> <span>1,900 ft</span></div>
<div><span><b>Speed:</b></span> <span>107 kt - 106 kt</span></div>
<div><span><b>Timestamp:</b></span><br/><span>2025-11-02 07:32:45 UTC<br/>2025-11-02 07:32:47 UTC</span></div>
</div>]]></description>
      </Placemark>
      <Placemark>
        <Style>
          <LineStyle>
            <color>ffccff00</color>
            <width>2</width>
          </LineStyle>
        </Style>
        <MultiGeometry>
          <LineString>
            <tessellate>1</tessellate>
            <altitudeMode>absolute</altitudeMode>
            <coordinates>18.356838,-34.099655,579.12 18.358267,-34.100143,579.12</coordinates>
          </LineString>
        </MultiGeometry>
        <name>P-279</name>
        <description><![CDATA[<div><div><span><b>Altitude:</b></span> <span>1,900 ft</span></div>
<div><span><b>Speed:</b></span> <span>106 kt</span></div>
<div><span><b>Timestamp:</b></span><br/><span>2025-11-02 07:32:47 UTC<br/>2025-11-02 07:32:49 UTC</span></div>
</div>]]></description>
      </Placemark>
      <Placemark>
        <Style>
          <LineStyle>
            <color>ffccff00</color>
            <width>2</width>
          </LineStyle>
        </Style>
        <MultiGeometry>
          <LineString>
            <tessellate>1</tessellate>
            <altitudeMode>absolute</altitudeMode>
            <coordinates>18.358267,-34.100143,579.12 18.359299,-34.10054,579.12</coordinates>
          </LineString>
        </MultiGeometry>
        <name>P-280</name>
        <description><![CDATA[<div><div><span><b>Altitude:</b></span> <span>1,900 ft</span></div>
<div><span><b>Speed:</b></span> <span>106 kt - 105 kt</span></div>
<div><span><b>Timestamp:</b></span><br/><span>2025-11-02 07:32:49 UTC<br/>2025-11-02 07:32:51 UTC</span></div>
</div>]]></description>
      </Placemark>
      <Placemark>
        <Style>
          <LineStyle>
            <color>ffccff00</color>
            <width>2</width>
          </LineStyle>
        </Style>
        <MultiGeometry>
          <LineString>
            <tessellate>1</tessellate>
            <altitudeMode>absolute</altitudeMode>
            <coordinates>18.359299,-34.10054,579.12 18.360397,-34.100922,579.12</coordinates>
          </LineString>
        </MultiGeometry>
        <name>P-281</name>
        <description><![CDATA[<div><div><span><b>Altitude:</b></span> <span>1,900 ft</span></div>
<div><span><b>Speed:</b></span> <span>105 kt - 104 kt</span></div>
<div><span><b>Timestamp:</b></span><br/><span>2025-11-02 07:32:51 UTC<br/>2025-11-02 07:32:54 UTC</span></div>
</div>]]></description>
      </Placemark>
      <Placemark>
        <Style>
          <LineStyle>
            <color>ffccff00</color>
            <width>2</width>
          </LineStyle>
        </Style>
        <MultiGeometry>
          <LineString>
            <tessellate>1</tessellate>
            <altitudeMode>absolute</altitudeMode>
            <coordinates>18.360397,-34.100922,579.12 18.361416,-34.101284,579.12</coordinates>
          </LineString>
        </MultiGeometry>
        <name>P-282</name>
        <description><![CDATA[<div><div><span><b>Altitude:</b></span> <span>1,900 ft</span></div>
<div><span><b>Speed:</b></span> <span>104 kt - 103 kt</span></div>
<div><span><b>Timestamp:</b></span><br/><span>2025-11-02 07:32:54 UTC<br/>2025-11-02 07:32:56 UTC</span></div>
</div>]]></description>
      </Placemark>
      <Placemark>
        <Style>
          <LineStyle>
            <color>ffccff00</color>
            <width>2</width>
          </LineStyle>
        </Style>
        <MultiGeometry>
          <LineString>
            <tessellate>1</tessellate>
            <altitudeMode>absolute</altitudeMode>
            <coordinates>18.361416,-34.101284,579.12 18.362694,-34.101746,548.64</coordinates>
          </LineString>
        </MultiGeometry>
        <name>P-283</name>
        <description><![CDATA[<div><div><span><b>Altitude:</b></span> <span>1,900 ft - 1,800 ft</span></div>
<div><span><b>Speed:</b></span> <span>103 kt</span></div>
<div><span><b>Timestamp:</b></span><br/><span>2025-11-02 07:32:56 UTC<br/>2025-11-02 07:32:58 UTC</span></div>
</div>]]></description>
      </Placemark>
      <Placemark>
        <Style>
          <LineStyle>
            <color>ffccff00</color>
            <width>2</width>
          </LineStyle>
        </Style>
        <MultiGeometry>
          <LineString>
            <tessellate>1</tessellate>
            <altitudeMode>absolute</altitudeMode>
            <coordinates>18.362694,-34.101746,548.64 18.363873,-34.102158,548.64</coordinates>
          </LineString>
        </MultiGeometry>
        <name>P-284</name>
        <description><![CDATA[<div><div><span><b>Altitude:</b></span> <span>1,800 ft</span></div>
<div><span><b>Speed:</b></span> <span>103 kt</span></div>
<div><span><b>Timestamp:</b></span><br/><span>2025-11-02 07:32:58 UTC<br/>2025-11-02 07:33:00 UTC</span></div>
</div>]]></description>
      </Placemark>
      <Placemark>
        <Style>
          <LineStyle>
            <color>ffccff00</color>
            <width>2</width>
          </LineStyle>
        </Style>
        <MultiGeometry>
          <LineString>
            <tessellate>1</tessellate>
            <altitudeMode>absolute</altitudeMode>
            <coordinates>18.363873,-34.102158,548.64 18.364992,-34.102524,548.64</coordinates>
          </LineString>
        </MultiGeometry>
        <name>P-285</name>
        <description><![CDATA[<div><div><span><b>Altitude:</b></span> <span>1,800 ft</span></div>
<div><span><b>Speed:</b></span> <span>103 kt</span></div>
<div><span><b>Timestamp:</b></span><br/><span>2025-11-02 07:33:00 UTC<br/>2025-11-02 07:33:02 UTC</span></div>
</div>]]></description>
      </Placemark>
      <Placemark>
        <Style>
          <LineStyle>
            <color>ffccff00</color>
            <width>2</width>
          </LineStyle>
        </Style>
        <MultiGeometry>
          <LineString>
            <tessellate>1</tessellate>
            <altitudeMode>absolute</altitudeMode>
            <coordinates>18.364992,-34.102524,548.64 18.366001,-34.10289,548.64</coordinates>
          </LineString>
        </MultiGeometry>
        <name>P-286</name>
        <description><![CDATA[<div><div><span><b>Altitude:</b></span> <span>1,800 ft</span></div>
<div><span><b>Speed:</b></span> <span>103 kt - 102 kt</span></div>
<div><span><b>Timestamp:</b></span><br/><span>2025-11-02 07:33:02 UTC<br/>2025-11-02 07:33:04 UTC</span></div>
</div>]]></description>
      </Placemark>
      <Placemark>
        <Style>
          <LineStyle>
            <color>ffccff00</color>
            <width>2</width>
          </LineStyle>
        </Style>
        <MultiGeometry>
          <LineString>
            <tessellate>1</tessellate>
            <altitudeMode>absolute</altitudeMode>
            <coordinates>18.366001,-34.10289,548.64 18.367235,-34.103302,548.64</coordinates>
          </LineString>
        </MultiGeometry>
        <name>P-287</name>
        <description><![CDATA[<div><div><span><b>Altitude:</b></span> <span>1,800 ft</span></div>
<div><span><b>Speed:</b></span> <span>102 kt - 101 kt</span></div>
<div><span><b>Timestamp:</b></span><br/><span>2025-11-02 07:33:04 UTC<br/>2025-11-02 07:33:07 UTC</span></div>
</div>]]></description>
      </Placemark>
      <Placemark>
        <Style>
          <LineStyle>
            <color>ffccff00</color>
            <width>2</width>
          </LineStyle>
        </Style>
        <MultiGeometry>
          <LineString>
            <tessellate>1</tessellate>
            <altitudeMode>absolute</altitudeMode>
            <coordinates>18.367235,-34.103302,548.64 18.370823,-34.104538,548.64</coordinates>
          </LineString>
        </MultiGeometry>
        <name>P-288</name>
        <description><![CDATA[<div><div><span><b>Altitude:</b></span> <span>1,800 ft</span></div>
<div><span><b>Speed:</b></span> <span>101 kt - 103 kt</span></div>
<div><span><b>Timestamp:</b></span><br/><span>2025-11-02 07:33:07 UTC<br/>2025-11-02 07:33:13 UTC</span></div>
</div>]]></description>
      </Placemark>
      <Placemark>
        <Style>
          <LineStyle>
            <color>ffccff00</color>
            <width>2</width>
          </LineStyle>
        </Style>
        <MultiGeometry>
          <LineString>
            <tessellate>1</tessellate>
            <altitudeMode>absolute</altitudeMode>
            <coordinates>18.370823,-34.104538,548.64 18.372223,-34.104996,518.16</coordinates>
          </LineString>
        </MultiGeometry>
        <name>P-289</name>
        <description><![CDATA[<div><div><span><b>Altitude:</b></span> <span>1,800 ft - 1,700 ft</span></div>
<div><span><b>Speed:</b></span> <span>103 kt</span></div>
<div><span><b>Timestamp:</b></span><br/><span>2025-11-02 07:33:13 UTC<br/>2025-11-02 07:33:16 UTC</span></div>
</div>]]></description>
      </Placemark>
      <Placemark>
        <Style>
          <LineStyle>
            <color>ffccff00</color>
            <width>2</width>
          </LineStyle>
        </Style>
        <MultiGeometry>
          <LineString>
            <tessellate>1</tessellate>
            <altitudeMode>absolute</altitudeMode>
            <coordinates>18.372223,-34.104996,518.16 18.373375,-34.105331,518.16</coordinates>
          </LineString>
        </MultiGeometry>
        <name>P-290</name>
        <description><![CDATA[<div><div><span><b>Altitude:</b></span> <span>1,700 ft</span></div>
<div><span><b>Speed:</b></span> <span>103 kt</span></div>
<div><span><b>Timestamp:</b></span><br/><span>2025-11-02 07:33:16 UTC<br/>2025-11-02 07:33:18 UTC</span></div>
</div>]]></description>
      </Placemark>
      <Placemark>
        <Style>
          <LineStyle>
            <color>ffccff00</color>
            <width>2</width>
          </LineStyle>
        </Style>
        <MultiGeometry>
          <LineString>
            <tessellate>1</tessellate>
            <altitudeMode>absolute</altitudeMode>
            <coordinates>18.373375,-34.105331,518.16 18.374409,-34.105682,548.64</coordinates>
          </LineString>
        </MultiGeometry>
        <name>P-291</name>
        <description><![CDATA[<div><div><span><b>Altitude:</b></span> <span>1,700 ft - 1,800 ft</span></div>
<div><span><b>Speed:</b></span> <span>103 kt - 105 kt</span></div>
<div><span><b>Timestamp:</b></span><br/><span>2025-11-02 07:33:18 UTC<br/>2025-11-02 07:33:20 UTC</span></div>
</div>]]></description>
      </Placemark>
      <Placemark>
        <Style>
          <LineStyle>
            <color>ffccff00</color>
            <width>2</width>
          </LineStyle>
        </Style>
        <MultiGeometry>
          <LineString>
            <tessellate>1</tessellate>
            <altitudeMode>absolute</altitudeMode>
            <coordinates>18.374409,-34.105682,548.64 18.375475,-34.106049,548.64</coordinates>
          </LineString>
        </MultiGeometry>
        <name>P-292</name>
        <description><![CDATA[<div><div><span><b>Altitude:</b></span> <span>1,800 ft</span></div>
<div><span><b>Speed:</b></span> <span>105 kt</span></div>
<div><span><b>Timestamp:</b></span><br/><span>2025-11-02 07:33:20 UTC<br/>2025-11-02 07:33:22 UTC</span></div>
</div>]]></description>
      </Placemark>
      <Placemark>
        <Style>
          <LineStyle>
            <color>ffccff00</color>
            <width>2</width>
          </LineStyle>
        </Style>
        <MultiGeometry>
          <LineString>
            <tessellate>1</tessellate>
            <altitudeMode>absolute</altitudeMode>
            <coordinates>18.375475,-34.106049,548.64 18.376877,-34.106552,518.16</coordinates>
          </LineString>
        </MultiGeometry>
        <name>P-293</name>
        <description><![CDATA[<div><div><span><b>Altitude:</b></span> <span>1,800 ft - 1,700 ft</span></div>
<div><span><b>Speed:</b></span> <span>105 kt</span></div>
<div><span><b>Timestamp:</b></span><br/><span>2025-11-02 07:33:22 UTC<br/>2025-11-02 07:33:24 UTC</span></div>
</div>]]></description>
      </Placemark>
      <Placemark>
        <Style>
          <LineStyle>
            <color>ffccff00</color>
            <width>2</width>
          </LineStyle>
        </Style>
        <MultiGeometry>
          <LineString>
            <tessellate>1</tessellate>
            <altitudeMode>absolute</altitudeMode>
            <coordinates>18.376877,-34.106552,518.16 18.377953,-34.106915,548.64</coordinates>
          </LineString>
        </MultiGeometry>
        <name>P-294</name>
        <description><![CDATA[<div><div><span><b>Altitude:</b></span> <span>1,700 ft - 1,800 ft</span></div>
<div><span><b>Speed:</b></span> <span>105 kt - 104 kt</span></div>
<div><span><b>Timestamp:</b></span><br/><span>2025-11-02 07:33:24 UTC<br/>2025-11-02 07:33:26 UTC</span></div>
</div>]]></description>
      </Placemark>
      <Placemark>
        <Style>
          <LineStyle>
            <color>ffccff00</color>
            <width>2</width>
          </LineStyle>
        </Style>
        <MultiGeometry>
          <LineString>
            <tessellate>1</tessellate>
            <altitudeMode>absolute</altitudeMode>
            <coordinates>18.377953,-34.106915,548.64 18.378983,-34.107288,518.16</coordinates>
          </LineString>
        </MultiGeometry>
        <name>P-295</name>
        <description><![CDATA[<div><div><span><b>Altitude:</b></span> <span>1,800 ft - 1,700 ft</span></div>
<div><span><b>Speed:</b></span> <span>104 kt</span></div>
<div><span><b>Timestamp:</b></span><br/><span>2025-11-02 07:33:26 UTC<br/>2025-11-02 07:33:29 UTC</span></div>
</div>]]></description>
      </Placemark>
      <Placemark>
        <Style>
          <LineStyle>
            <color>ffccff00</color>
            <width>2</width>
          </LineStyle>
        </Style>
        <MultiGeometry>
          <LineString>
            <tessellate>1</tessellate>
            <altitudeMode>absolute</altitudeMode>
            <coordinates>18.378983,-34.107288,518.16 18.380014,-34.107651,518.16</coordinates>
          </LineString>
        </MultiGeometry>
        <name>P-296</name>
        <description><![CDATA[<div><div><span><b>Altitude:</b></span> <span>1,700 ft</span></div>
<div><span><b>Speed:</b></span> <span>104 kt - 103 kt</span></div>
<div><span><b>Timestamp:</b></span><br/><span>2025-11-02 07:33:29 UTC<br/>2025-11-02 07:33:31 UTC</span></div>
</div>]]></description>
      </Placemark>
      <Placemark>
        <Style>
          <LineStyle>
            <color>ffccff00</color>
            <width>2</width>
          </LineStyle>
        </Style>
        <MultiGeometry>
          <LineString>
            <tessellate>1</tessellate>
            <altitudeMode>absolute</altitudeMode>
            <coordinates>18.380014,-34.107651,518.16 18.381329,-34.108128,518.16</coordinates>
          </LineString>
        </MultiGeometry>
        <name>P-297</name>
        <description><![CDATA[<div><div><span><b>Altitude:</b></span> <span>1,700 ft</span></div>
<div><span><b>Speed:</b></span> <span>103 kt</span></div>
<div><span><b>Timestamp:</b></span><br/><span>2025-11-02 07:33:31 UTC<br/>2025-11-02 07:33:33 UTC</span></div>
</div>]]></description>
      </Placemark>
      <Placemark>
        <Style>
          <LineStyle>
            <color>ffccff00</color>
            <width>2</width>
          </LineStyle>
        </Style>
        <MultiGeometry>
          <LineString>
            <tessellate>1</tessellate>
            <altitudeMode>absolute</altitudeMode>
            <coordinates>18.381329,-34.108128,518.16 18.3822,-34.108475,518.16</coordinates>
          </LineString>
        </MultiGeometry>
        <name>P-298</name>
        <description><![CDATA[<div><div><span><b>Altitude:</b></span> <span>1,700 ft</span></div>
<div><span><b>Speed:</b></span> <span>103 kt - 104 kt</span></div>
<div><span><b>Timestamp:</b></span><br/><span>2025-11-02 07:33:33 UTC<br/>2025-11-02 07:33:35 UTC</span></div>
</div>]]></description>
      </Placemark>
      <Placemark>
        <Style>
          <LineStyle>
            <color>ffccff00</color>
            <width>2</width>
          </LineStyle>
        </Style>
        <MultiGeometry>
          <LineString>
            <tessellate>1</tessellate>
            <altitudeMode>absolute</altitudeMode>
            <coordinates>18.3822,-34.108475,518.16 18.38356,-34.108963,518.16</coordinates>
          </LineString>
        </MultiGeometry>
        <name>P-299</name>
        <description><![CDATA[<div><div><span><b>Altitude:</b></span> <span>1,700 ft</span></div>
<div><span><b>Speed:</b></span> <span>104 kt</span></div>
<div><span><b>Timestamp:</b></span><br/><span>2025-11-02 07:33:35 UTC<br/>2025-11-02 07:33:37 UTC</span></div>
</div>]]></description>
      </Placemark>
      <Placemark>
        <Style>
          <LineStyle>
            <color>ffccff00</color>
            <width>2</width>
          </LineStyle>
        </Style>
        <MultiGeometry>
          <LineString>
            <tessellate>1</tessellate>
            <altitudeMode>absolute</altitudeMode>
            <coordinates>18.38356,-34.108963,518.16 18.384836,-34.10939,518.16</coordinates>
          </LineString>
        </MultiGeometry>
        <name>P-300</name>
        <description><![CDATA[<div><div><span><b>Altitude:</b></span> <span>1,700 ft</span></div>
<div><span><b>Speed:</b></span> <span>104 kt - 101 kt</span></div>
<div><span><b>Timestamp:</b></span><br/><span>2025-11-02 07:33:37 UTC<br/>2025-11-02 07:33:39 UTC</span></div>
</div>]]></description>
      </Placemark>
      <Placemark>
        <Style>
          <LineStyle>
            <color>ffccff00</color>
            <width>2</width>
          </LineStyle>
        </Style>
        <MultiGeometry>
          <LineString>
            <tessellate>1</tessellate>
            <altitudeMode>absolute</altitudeMode>
            <coordinates>18.384836,-34.10939,518.16 18.386021,-34.109802,518.16</coordinates>
          </LineString>
        </MultiGeometry>
        <name>P-301</name>
        <description><![CDATA[<div><div><span><b>Altitude:</b></span> <span>1,700 ft</span></div>
<div><span><b>Speed:</b></span> <span>101 kt</span></div>
<div><span><b>Timestamp:</b></span><br/><span>2025-11-02 07:33:39 UTC<br/>2025-11-02 07:33:42 UTC</span></div>
</div>]]></description>
      </Placemark>
      <Placemark>
        <Style>
          <LineStyle>
            <color>ffccff00</color>
            <width>2</width>
          </LineStyle>
        </Style>
        <MultiGeometry>
          <LineString>
            <tessellate>1</tessellate>
            <altitudeMode>absolute</altitudeMode>
            <coordinates>18.386021,-34.109802,518.16 18.387077,-34.110168,518.16</coordinates>
          </LineString>
        </MultiGeometry>
        <name>P-302</name>
        <description><![CDATA[<div><div><span><b>Altitude:</b></span> <span>1,700 ft</span></div>
<div><span><b>Speed:</b></span> <span>101 kt - 99 kt</span></div>
<div><span><b>Timestamp:</b></span><br/><span>2025-11-02 07:33:42 UTC<br/>2025-11-02 07:33:44 UTC</span></div>
</div>]]></description>
      </Placemark>
      <Placemark>
        <Style>
          <LineStyle>
            <color>ffccff00</color>
            <width>2</width>
          </LineStyle>
        </Style>
        <MultiGeometry>
          <LineString>
            <tessellate>1</tessellate>
            <altitudeMode>absolute</altitudeMode>
            <coordinates>18.387077,-34.110168,518.16 18.388367,-34.110592,518.16</coordinates>
          </LineString>
        </MultiGeometry>
        <name>P-303</name>
        <description><![CDATA[<div><div><span><b>Altitude:</b></span> <span>1,700 ft</span></div>
<div><span><b>Speed:</b></span> <span>99 kt</span></div>
<div><span><b>Timestamp:</b></span><br/><span>2025-11-02 07:33:44 UTC<br/>2025-11-02 07:33:46 UTC</span></div>
</div>]]></description>
      </Placemark>
      <Placemark>
        <Style>
          <LineStyle>
            <color>ffccff00</color>
            <width>2</width>
          </LineStyle>
        </Style>
        <MultiGeometry>
          <LineString>
            <tessellate>1</tessellate>
            <altitudeMode>absolute</altitudeMode>
            <coordinates>18.388367,-34.110592,518.16 18.389397,-34.110874,518.16</coordinates>
          </LineString>
        </MultiGeometry>
        <name>P-304</name>
        <description><![CDATA[<div><div><span><b>Altitude:</b></span> <span>1,700 ft</span></div>
<div><span><b>Speed:</b></span> <span>99 kt</span></div>
<div><span><b>Timestamp:</b></span><br/><span>2025-11-02 07:33:46 UTC<br/>2025-11-02 07:33:48 UTC</span></div>
</div>]]></description>
      </Placemark>
      <Placemark>
        <Style>
          <LineStyle>
            <color>ffccff00</color>
            <width>2</width>
          </LineStyle>
        </Style>
        <MultiGeometry>
          <LineString>
            <tessellate>1</tessellate>
            <altitudeMode>absolute</altitudeMode>
            <coordinates>18.389397,-34.110874,518.16 18.390497,-34.111221,518.16</coordinates>
          </LineString>
        </MultiGeometry>
        <name>P-305</name>
        <description><![CDATA[<div><div><span><b>Altitude:</b></span> <span>1,700 ft</span></div>
<div><span><b>Speed:</b></span> <span>99 kt - 100 kt</span></div>
<div><span><b>Timestamp:</b></span><br/><span>2025-11-02 07:33:48 UTC<br/>2025-11-02 07:33:50 UTC</span></div>
</div>]]></description>
      </Placemark>
      <Placemark>
        <Style>
          <LineStyle>
            <color>ffccff00</color>
            <width>2</width>
          </LineStyle>
        </Style>
        <MultiGeometry>
          <LineString>
            <tessellate>1</tessellate>
            <altitudeMode>absolute</altitudeMode>
            <coordinates>18.390497,-34.111221,518.16 18.391628,-34.111572,518.16</coordinates>
          </LineString>
        </MultiGeometry>
        <name>P-306</name>
        <description><![CDATA[<div><div><span><b>Altitude:</b></span> <span>1,700 ft</span></div>
<div><span><b>Speed:</b></span> <span>100 kt</span></div>
<div><span><b>Timestamp:</b></span><br/><span>2025-11-02 07:33:50 UTC<br/>2025-11-02 07:33:52 UTC</span></div>
</div>]]></description>
      </Placemark>
      <Placemark>
        <Style>
          <LineStyle>
            <color>ffccff00</color>
            <width>2</width>
          </LineStyle>
        </Style>
        <MultiGeometry>
          <LineString>
            <tessellate>1</tessellate>
            <altitudeMode>absolute</altitudeMode>
            <coordinates>18.391628,-34.111572,518.16 18.392683,-34.111954,518.16</coordinates>
          </LineString>
        </MultiGeometry>
        <name>P-307</name>
        <description><![CDATA[<div><div><span><b>Altitude:</b></span> <span>1,700 ft</span></div>
<div><span><b>Speed:</b></span> <span>100 kt</span></div>
<div><span><b>Timestamp:</b></span><br/><span>2025-11-02 07:33:52 UTC<br/>2025-11-02 07:33:55 UTC</span></div>
</div>]]></description>
      </Placemark>
      <Placemark>
        <Style>
          <LineStyle>
            <color>ffccff00</color>
            <width>2</width>
          </LineStyle>
        </Style>
        <MultiGeometry>
          <LineString>
            <tessellate>1</tessellate>
            <altitudeMode>absolute</altitudeMode>
            <coordinates>18.392683,-34.111954,518.16 18.393747,-34.112274,518.16</coordinates>
          </LineString>
        </MultiGeometry>
        <name>P-308</name>
        <description><![CDATA[<div><div><span><b>Altitude:</b></span> <span>1,700 ft</span></div>
<div><span><b>Speed:</b></span> <span>100 kt - 101 kt</span></div>
<div><span><b>Timestamp:</b></span><br/><span>2025-11-02 07:33:55 UTC<br/>2025-11-02 07:33:57 UTC</span></div>
</div>]]></description>
      </Placemark>
      <Placemark>
        <Style>
          <LineStyle>
            <color>ffccff00</color>
            <width>2</width>
          </LineStyle>
        </Style>
        <MultiGeometry>
          <LineString>
            <tessellate>1</tessellate>
            <altitudeMode>absolute</altitudeMode>
            <coordinates>18.393747,-34.112274,518.16 18.395149,-34.112778,518.16</coordinates>
          </LineString>
        </MultiGeometry>
        <name>P-309</name>
        <description><![CDATA[<div><div><span><b>Altitude:</b></span> <span>1,700 ft</span></div>
<div><span><b>Speed:</b></span> <span>101 kt</span></div>
<div><span><b>Timestamp:</b></span><br/><span>2025-11-02 07:33:57 UTC<br/>2025-11-02 07:33:59 UTC</span></div>
</div>]]></description>
      </Placemark>
      <Placemark>
        <Style>
          <LineStyle>
            <color>ffccff00</color>
            <width>2</width>
          </LineStyle>
        </Style>
        <MultiGeometry>
          <LineString>
            <tessellate>1</tessellate>
            <altitudeMode>absolute</altitudeMode>
            <coordinates>18.395149,-34.112778,518.16 18.396214,-34.11319,518.16</coordinates>
          </LineString>
        </MultiGeometry>
        <name>P-310</name>
        <description><![CDATA[<div><div><span><b>Altitude:</b></span> <span>1,700 ft</span></div>
<div><span><b>Speed:</b></span> <span>101 kt - 102 kt</span></div>
<div><span><b>Timestamp:</b></span><br/><span>2025-11-02 07:33:59 UTC<br/>2025-11-02 07:34:01 UTC</span></div>
</div>]]></description>
      </Placemark>
      <Placemark>
        <Style>
          <LineStyle>
            <color>ffccff00</color>
            <width>2</width>
          </LineStyle>
        </Style>
        <MultiGeometry>
          <LineString>
            <tessellate>1</tessellate>
            <altitudeMode>absolute</altitudeMode>
            <coordinates>18.396214,-34.11319,518.16 18.39728,-34.113602,518.16</coordinates>
          </LineString>
        </MultiGeometry>
        <name>P-311</name>
        <description><![CDATA[<div><div><span><b>Altitude:</b></span> <span>1,700 ft</span></div>
<div><span><b>Speed:</b></span> <span>102 kt</span></div>
<div><span><b>Timestamp:</b></span><br/><span>2025-11-02 07:34:01 UTC<br/>2025-11-02 07:34:04 UTC</span></div>
</div>]]></description>
      </Placemark>
      <Placemark>
        <Style>
          <LineStyle>
            <color>ffccff00</color>
            <width>2</width>
          </LineStyle>
        </Style>
        <MultiGeometry>
          <LineString>
            <tessellate>1</tessellate>
            <altitudeMode>absolute</altitudeMode>
            <coordinates>18.39728,-34.113602,518.16 18.398552,-34.114132,518.16</coordinates>
          </LineString>
        </MultiGeometry>
        <name>P-312</name>
        <description><![CDATA[<div><div><span><b>Altitude:</b></span> <span>1,700 ft</span></div>
<div><span><b>Speed:</b></span> <span>102 kt - 101 kt</span></div>
<div><span><b>Timestamp:</b></span><br/><span>2025-11-02 07:34:04 UTC<br/>2025-11-02 07:34:06 UTC</span></div>
</div>]]></description>
      </Placemark>
      <Placemark>
        <Style>
          <LineStyle>
            <color>ffccff00</color>
            <width>2</width>
          </LineStyle>
        </Style>
        <MultiGeometry>
          <LineString>
            <tessellate>1</tessellate>
            <altitudeMode>absolute</altitudeMode>
            <coordinates>18.398552,-34.114132,518.16 18.399578,-34.114609,518.16</coordinates>
          </LineString>
        </MultiGeometry>
        <name>P-313</name>
        <description><![CDATA[<div><div><span><b>Altitude:</b></span> <span>1,700 ft</span></div>
<div><span><b>Speed:</b></span> <span>101 kt - 102 kt</span></div>
<div><span><b>Timestamp:</b></span><br/><span>2025-11-02 07:34:06 UTC<br/>2025-11-02 07:34:08 UTC</span></div>
</div>]]></description>
      </Placemark>
      <Placemark>
        <Style>
          <LineStyle>
            <color>ffccff00</color>
            <width>2</width>
          </LineStyle>
        </Style>
        <MultiGeometry>
          <LineString>
            <tessellate>1</tessellate>
            <altitudeMode>absolute</altitudeMode>
            <coordinates>18.399578,-34.114609,518.16 18.400417,-34.114929,518.16</coordinates>
          </LineString>
        </MultiGeometry>
        <name>P-314</name>
        <description><![CDATA[<div><div><span><b>Altitude:</b></span> <span>1,700 ft</span></div>
<div><span><b>Speed:</b></span> <span>102 kt</span></div>
<div><span><b>Timestamp:</b></span><br/><span>2025-11-02 07:34:08 UTC<br/>2025-11-02 07:34:10 UTC</span></div>
</div>]]></description>
      </Placemark>
      <Placemark>
        <Style>
          <LineStyle>
            <color>ffccff00</color>
            <width>2</width>
          </LineStyle>
        </Style>
        <MultiGeometry>
          <LineString>
            <tessellate>1</tessellate>
            <altitudeMode>absolute</altitudeMode>
            <coordinates>18.400417,-34.114929,518.16 18.401539,-34.115433,518.16</coordinates>
          </LineString>
        </MultiGeometry>
        <name>P-315</name>
        <description><![CDATA[<div><div><span><b>Altitude:</b></span> <span>1,700 ft</span></div>
<div><span><b>Speed:</b></span> <span>102 kt - 101 kt</span></div>
<div><span><b>Timestamp:</b></span><br/><span>2025-11-02 07:34:10 UTC<br/>2025-11-02 07:34:12 UTC</span></div>
</div>]]></description>
      </Placemark>
      <Placemark>
        <Style>
          <LineStyle>
            <color>ffccff00</color>
            <width>2</width>
          </LineStyle>
        </Style>
        <MultiGeometry>
          <LineString>
            <tessellate>1</tessellate>
            <altitudeMode>absolute</altitudeMode>
            <coordinates>18.401539,-34.115433,518.16 18.402493,-34.115845,518.16</coordinates>
          </LineString>
        </MultiGeometry>
        <name>P-316</name>
        <description><![CDATA[<div><div><span><b>Altitude:</b></span> <span>1,700 ft</span></div>
<div><span><b>Speed:</b></span> <span>101 kt - 102 kt</span></div>
<div><span><b>Timestamp:</b></span><br/><span>2025-11-02 07:34:12 UTC<br/>2025-11-02 07:34:14 UTC</span></div>
</div>]]></description>
      </Placemark>
      <Placemark>
        <Style>
          <LineStyle>
            <color>ffccff00</color>
            <width>2</width>
          </LineStyle>
        </Style>
        <MultiGeometry>
          <LineString>
            <tessellate>1</tessellate>
            <altitudeMode>absolute</altitudeMode>
            <coordinates>18.402493,-34.115845,518.16 18.403725,-34.116394,518.16</coordinates>
          </LineString>
        </MultiGeometry>
        <name>P-317</name>
        <description><![CDATA[<div><div><span><b>Altitude:</b></span> <span>1,700 ft</span></div>
<div><span><b>Speed:</b></span> <span>102 kt</span></div>
<div><span><b>Timestamp:</b></span><br/><span>2025-11-02 07:34:14 UTC<br/>2025-11-02 07:34:16 UTC</span></div>
</div>]]></description>
      </Placemark>
      <Placemark>
        <Style>
          <LineStyle>
            <color>ffccff00</color>
            <width>2</width>
          </LineStyle>
        </Style>
        <MultiGeometry>
          <LineString>
            <tessellate>1</tessellate>
            <altitudeMode>absolute</altitudeMode>
            <coordinates>18.403725,-34.116394,518.16 18.404902,-34.116943,518.16</coordinates>
          </LineString>
        </MultiGeometry>
        <name>P-318</name>
        <description><![CDATA[<div><div><span><b>Altitude:</b></span> <span>1,700 ft</span></div>
<div><span><b>Speed:</b></span> <span>102 kt</span></div>
<div><span><b>Timestamp:</b></span><br/><span>2025-11-02 07:34:16 UTC<br/>2025-11-02 07:34:18 UTC</span></div>
</div>]]></description>
      </Placemark>
      <Placemark>
        <Style>
          <LineStyle>
            <color>ffccff00</color>
            <width>2</width>
          </LineStyle>
        </Style>
        <MultiGeometry>
          <LineString>
            <tessellate>1</tessellate>
            <altitudeMode>absolute</altitudeMode>
            <coordinates>18.404902,-34.116943,518.16 18.406191,-34.117538,518.16</coordinates>
          </LineString>
        </MultiGeometry>
        <name>P-319</name>
        <description><![CDATA[<div><div><span><b>Altitude:</b></span> <span>1,700 ft</span></div>
<div><span><b>Speed:</b></span> <span>102 kt</span></div>
<div><span><b>Timestamp:</b></span><br/><span>2025-11-02 07:34:18 UTC<br/>2025-11-02 07:34:21 UTC</span></div>
</div>]]></description>
      </Placemark>
      <Placemark>
        <Style>
          <LineStyle>
            <color>ffccff00</color>
            <width>2</width>
          </LineStyle>
        </Style>
        <MultiGeometry>
          <LineString>
            <tessellate>1</tessellate>
            <altitudeMode>absolute</altitudeMode>
            <coordinates>18.406191,-34.117538,518.16 18.407192,-34.118042,518.16</coordinates>
          </LineString>
        </MultiGeometry>
        <name>P-320</name>
        <description><![CDATA[<div><div><span><b>Altitude:</b></span> <span>1,700 ft</span></div>
<div><span><b>Speed:</b></span> <span>102 kt</span></div>
<div><span><b>Timestamp:</b></span><br/><span>2025-11-02 07:34:21 UTC<br/>2025-11-02 07:34:23 UTC</span></div>
</div>]]></description>
      </Placemark>
      <Placemark>
        <Style>
          <LineStyle>
            <color>ffccff00</color>
            <width>2</width>
          </LineStyle>
        </Style>
        <MultiGeometry>
          <LineString>
            <tessellate>1</tessellate>
            <altitudeMode>absolute</altitudeMode>
            <coordinates>18.407192,-34.118042,518.16 18.408377,-34.118591,518.16</coordinates>
          </LineString>
        </MultiGeometry>
        <name>P-321</name>
        <description><![CDATA[<div><div><span><b>Altitude:</b></span> <span>1,700 ft</span></div>
<div><span><b>Speed:</b></span> <span>102 kt</span></div>
<div><span><b>Timestamp:</b></span><br/><span>2025-11-02 07:34:23 UTC<br/>2025-11-02 07:34:25 UTC</span></div>
</div>]]></description>
      </Placemark>
      <Placemark>
        <Style>
          <LineStyle>
            <color>ffccff00</color>
            <width>2</width>
          </LineStyle>
        </Style>
        <MultiGeometry>
          <LineString>
            <tessellate>1</tessellate>
            <altitudeMode>absolute</altitudeMode>
            <coordinates>18.408377,-34.118591,518.16 18.409252,-34.118973,518.16</coordinates>
          </LineString>
        </MultiGeometry>
        <name>P-322</name>
        <description><![CDATA[<div><div><span><b>Altitude:</b></span> <span>1,700 ft</span></div>
<div><span><b>Speed:</b></span> <span>102 kt</span></div>
<div><span><b>Timestamp:</b></span><br/><span>2025-11-02 07:34:25 UTC<br/>2025-11-02 07:34:28 UTC</span></div>
</div>]]></description>
      </Placemark>
      <Placemark>
        <Style>
          <LineStyle>
            <color>ffccff00</color>
            <width>2</width>
          </LineStyle>
        </Style>
        <MultiGeometry>
          <LineString>
            <tessellate>1</tessellate>
            <altitudeMode>absolute</altitudeMode>
            <coordinates>18.409252,-34.118973,518.16 18.410454,-34.119579,518.16</coordinates>
          </LineString>
        </MultiGeometry>
        <name>P-323</name>
        <description><![CDATA[<div><div><span><b>Altitude:</b></span> <span>1,700 ft</span></div>
<div><span><b>Speed:</b></span> <span>102 kt</span></div>
<div><span><b>Timestamp:</b></span><br/><span>2025-11-02 07:34:28 UTC<br/>2025-11-02 07:34:30 UTC</span></div>
</div>]]></description>
      </Placemark>
      <Placemark>
        <Style>
          <LineStyle>
            <color>ffccff00</color>
            <width>2</width>
          </LineStyle>
        </Style>
        <MultiGeometry>
          <LineString>
            <tessellate>1</tessellate>
            <altitudeMode>absolute</altitudeMode>
            <coordinates>18.410454,-34.119579,518.16 18.41177,-34.120182,518.16</coordinates>
          </LineString>
        </MultiGeometry>
        <name>P-324</name>
        <description><![CDATA[<div><div><span><b>Altitude:</b></span> <span>1,700 ft</span></div>
<div><span><b>Speed:</b></span> <span>102 kt</span></div>
<div><span><b>Timestamp:</b></span><br/><span>2025-11-02 07:34:30 UTC<br/>2025-11-02 07:34:32 UTC</span></div>
</div>]]></description>
      </Placemark>
      <Placemark>
        <Style>
          <LineStyle>
            <color>ffccff00</color>
            <width>2</width>
          </LineStyle>
        </Style>
        <MultiGeometry>
          <LineString>
            <tessellate>1</tessellate>
            <altitudeMode>absolute</altitudeMode>
            <coordinates>18.41177,-34.120182,518.16 18.412918,-34.120697,518.16</coordinates>
          </LineString>
        </MultiGeometry>
        <name>P-325</name>
        <description><![CDATA[<div><div><span><b>Altitude:</b></span> <span>1,700 ft</span></div>
<div><span><b>Speed:</b></span> <span>102 kt</span></div>
<div><span><b>Timestamp:</b></span><br/><span>2025-11-02 07:34:32 UTC<br/>2025-11-02 07:34:34 UTC</span></div>
</div>]]></description>
      </Placemark>
      <Placemark>
        <Style>
          <LineStyle>
            <color>ffccff00</color>
            <width>2</width>
          </LineStyle>
        </Style>
        <MultiGeometry>
          <LineString>
            <tessellate>1</tessellate>
            <altitudeMode>absolute</altitudeMode>
            <coordinates>18.412918,-34.120697,518.16 18.416004,-34.122139,518.16</coordinates>
          </LineString>
        </MultiGeometry>
        <name>P-326</name>
        <description><![CDATA[<div><div><span><b>Altitude:</b></span> <span>1,700 ft</span></div>
<div><span><b>Speed:</b></span> <span>102 kt</span></div>
<div><span><b>Timestamp:</b></span><br/><span>2025-11-02 07:34:34 UTC<br/>2025-11-02 07:34:41 UTC</span></div>
</div>]]></description>
      </Placemark>
      <Placemark>
        <Style>
          <LineStyle>
            <color>ffccff00</color>
            <width>2</width>
          </LineStyle>
        </Style>
        <MultiGeometry>
          <LineString>
            <tessellate>1</tessellate>
            <altitudeMode>absolute</altitudeMode>
            <coordinates>18.416004,-34.122139,518.16 18.418121,-34.123161,518.16</coordinates>
          </LineString>
        </MultiGeometry>
        <name>P-327</name>
        <description><![CDATA[<div><div><span><b>Altitude:</b></span> <span>1,700 ft</span></div>
<div><span><b>Speed:</b></span> <span>102 kt - 101 kt</span></div>
<div><span><b>Timestamp:</b></span><br/><span>2025-11-02 07:34:41 UTC<br/>2025-11-02 07:34:45 UTC</span></div>
</div>]]></description>
      </Placemark>
      <Placemark>
        <Style>
          <LineStyle>
            <color>ffccff00</color>
            <width>2</width>
          </LineStyle>
        </Style>
        <MultiGeometry>
          <LineString>
            <tessellate>1</tessellate>
            <altitudeMode>absolute</altitudeMode>
            <coordinates>18.418121,-34.123161,518.16 18.419094,-34.123627,518.16</coordinates>
          </LineString>
        </MultiGeometry>
        <name>P-328</name>
        <description><![CDATA[<div><div><span><b>Altitude:</b></span> <span>1,700 ft</span></div>
<div><span><b>Speed:</b></span> <span>101 kt</span></div>
<div><span><b>Timestamp:</b></span><br/><span>2025-11-02 07:34:45 UTC<br/>2025-11-02 07:34:48 UTC</span></div>
</div>]]></description>
      </Placemark>
      <Placemark>
        <Style>
          <LineStyle>
            <color>ffccff00</color>
            <width>2</width>
          </LineStyle>
        </Style>
        <MultiGeometry>
          <LineString>
            <tessellate>1</tessellate>
            <altitudeMode>absolute</altitudeMode>
            <coordinates>18.419094,-34.123627,518.16 18.420317,-34.124222,518.16</coordinates>
          </LineString>
        </MultiGeometry>
        <name>P-329</name>
        <description><![CDATA[<div><div><span><b>Altitude:</b></span> <span>1,700 ft</span></div>
<div><span><b>Speed:</b></span> <span>101 kt</span></div>
<div><span><b>Timestamp:</b></span><br/><span>2025-11-02 07:34:48 UTC<br/>2025-11-02 07:34:50 UTC</span></div>
</div>]]></description>
      </Placemark>
      <Placemark>
        <Style>
          <LineStyle>
            <color>ffccff00</color>
            <width>2</width>
          </LineStyle>
        </Style>
        <MultiGeometry>
          <LineString>
            <tessellate>1</tessellate>
            <altitudeMode>absolute</altitudeMode>
            <coordinates>18.420317,-34.124222,518.16 18.421494,-34.124863,518.16</coordinates>
          </LineString>
        </MultiGeometry>
        <name>P-330</name>
        <description><![CDATA[<div><div><span><b>Altitude:</b></span> <span>1,700 ft</span></div>
<div><span><b>Speed:</b></span> <span>101 kt - 100 kt</span></div>
<div><span><b>Timestamp:</b></span><br/><span>2025-11-02 07:34:50 UTC<br/>2025-11-02 07:34:52 UTC</span></div>
</div>]]></description>
      </Placemark>
      <Placemark>
        <Style>
          <LineStyle>
            <color>ffccff00</color>
            <width>2</width>
          </LineStyle>
        </Style>
        <MultiGeometry>
          <LineString>
            <tessellate>1</tessellate>
            <altitudeMode>absolute</altitudeMode>
            <coordinates>18.421494,-34.124863,518.16 18.422503,-34.125366,518.16</coordinates>
          </LineString>
        </MultiGeometry>
        <name>P-331</name>
        <description><![CDATA[<div><div><span><b>Altitude:</b></span> <span>1,700 ft</span></div>
<div><span><b>Speed:</b></span> <span>100 kt</span></div>
<div><span><b>Timestamp:</b></span><br/><span>2025-11-02 07:34:52 UTC<br/>2025-11-02 07:34:54 UTC</span></div>
</div>]]></description>
      </Placemark>
      <Placemark>
        <Style>
          <LineStyle>
            <color>ffccff00</color>
            <width>2</width>
          </LineStyle>
        </Style>
        <MultiGeometry>
          <LineString>
            <tessellate>1</tessellate>
            <altitudeMode>absolute</altitudeMode>
            <coordinates>18.422503,-34.125366,518.16 18.423557,-34.125908,518.16</coordinates>
          </LineString>
        </MultiGeometry>
        <name>P-332</name>
        <description><![CDATA[<div><div><span><b>Altitude:</b></span> <span>1,700 ft</span></div>
<div><span><b>Speed:</b></span> <span>100 kt - 101 kt</span></div>
<div><span><b>Timestamp:</b></span><br/><span>2025-11-02 07:34:54 UTC<br/>2025-11-02 07:34:56 UTC</span></div>
</div>]]></description>
      </Placemark>
      <Placemark>
        <Style>
          <LineStyle>
            <color>ffccff00</color>
            <width>2</width>
          </LineStyle>
        </Style>
        <MultiGeometry>
          <LineString>
            <tessellate>1</tessellate>
            <altitudeMode>absolute</altitudeMode>
            <coordinates>18.423557,-34.125908,518.16 18.424473,-34.126373,518.16</coordinates>
          </LineString>
        </MultiGeometry>
        <name>P-333</name>
        <description><![CDATA[<div><div><span><b>Altitude:</b></span> <span>1,700 ft</span></div>
<div><span><b>Speed:</b></span> <span>101 kt - 100 kt</span></div>
<div><span><b>Timestamp:</b></span><br/><span>2025-11-02 07:34:56 UTC<br/>2025-11-02 07:34:59 UTC</span></div>
</div>]]></description>
      </Placemark>
      <Placemark>
        <Style>
          <LineStyle>
            <color>ffccff00</color>
            <width>2</width>
          </LineStyle>
        </Style>
        <MultiGeometry>
          <LineString>
            <tessellate>1</tessellate>
            <altitudeMode>absolute</altitudeMode>
            <coordinates>18.424473,-34.126373,518.16 18.425732,-34.127026,548.64</coordinates>
          </LineString>
        </MultiGeometry>
        <name>P-334</name>
        <description><![CDATA[<div><div><span><b>Altitude:</b></span> <span>1,700 ft - 1,800 ft</span></div>
<div><span><b>Speed:</b></span> <span>100 kt</span></div>
<div><span><b>Timestamp:</b></span><br/><span>2025-11-02 07:34:59 UTC<br/>2025-11-02 07:35:01 UTC</span></div>
</div>]]></description>
      </Placemark>
      <Placemark>
        <Style>
          <LineStyle>
            <color>ffccff00</color>
            <width>2</width>
          </LineStyle>
        </Style>
        <MultiGeometry>
          <LineString>
            <tessellate>1</tessellate>
            <altitudeMode>absolute</altitudeMode>
            <coordinates>18.425732,-34.127026,548.64 18.426819,-34.127537,548.64</coordinates>
          </LineString>
        </MultiGeometry>
        <name>P-335</name>
        <description><![CDATA[<div><div><span><b>Altitude:</b></span> <span>1,800 ft</span></div>
<div><span><b>Speed:</b></span> <span>100 kt - 101 kt</span></div>
<div><span><b>Timestamp:</b></span><br/><span>2025-11-02 07:35:01 UTC<br/>2025-11-02 07:35:03 UTC</span></div>
</div>]]></description>
      </Placemark>
      <Placemark>
        <Style>
          <LineStyle>
            <color>ffccff00</color>
            <width>2</width>
          </LineStyle>
        </Style>
        <MultiGeometry>
          <LineString>
            <tessellate>1</tessellate>
            <altitudeMode>absolute</altitudeMode>
            <coordinates>18.426819,-34.127537,548.64 18.427792,-34.128006,548.64</coordinates>
          </LineString>
        </MultiGeometry>
        <name>P-336</name>
        <description><![CDATA[<div><div><span><b>Altitude:</b></span> <span>1,800 ft</span></div>
<div><span><b>Speed:</b></span> <span>101 kt</span></div>
<div><span><b>Timestamp:</b></span><br/><span>2025-11-02 07:35:03 UTC<br/>2025-11-02 07:35:05 UTC</span></div>
</div>]]></description>
      </Placemark>
      <Placemark>
        <Style>
          <LineStyle>
            <color>ffccff00</color>
            <width>2</width>
          </LineStyle>
        </Style>
        <MultiGeometry>
          <LineString>
            <tessellate>1</tessellate>
            <altitudeMode>absolute</altitudeMode>
            <coordinates>18.427792,-34.128006,548.64 18.428724,-34.128479,518.16</coordinates>
          </LineString>
        </MultiGeometry>
        <name>P-337</name>
        <description><![CDATA[<div><div><span><b>Altitude:</b></span> <span>1,800 ft - 1,700 ft</span></div>
<div><span><b>Speed:</b></span> <span>101 kt - 102 kt</span></div>
<div><span><b>Timestamp:</b></span><br/><span>2025-11-02 07:35:05 UTC<br/>2025-11-02 07:35:07 UTC</span></div>
</div>]]></description>
      </Placemark>
      <Placemark>
        <Style>
          <LineStyle>
            <color>ffccff00</color>
            <width>2</width>
          </LineStyle>
        </Style>
        <MultiGeometry>
          <LineString>
            <tessellate>1</tessellate>
            <altitudeMode>absolute</altitudeMode>
            <coordinates>18.428724,-34.128479,518.16 18.429737,-34.128937,548.64</coordinates>
          </LineString>
        </MultiGeometry>
        <name>P-338</name>
        <description><![CDATA[<div><div><span><b>Altitude:</b></span> <span>1,700 ft - 1,800 ft</span></div>
<div><span><b>Speed:</b></span> <span>102 kt</span></div>
<div><span><b>Timestamp:</b></span><br/><span>2025-11-02 07:35:07 UTC<br/>2025-11-02 07:35:09 UTC</span></div>
</div>]]></description>
      </Placemark>
      <Placemark>
        <Style>
          <LineStyle>
            <color>ffccff00</color>
            <width>2</width>
          </LineStyle>
        </Style>
        <MultiGeometry>
          <LineString>
            <tessellate>1</tessellate>
            <altitudeMode>absolute</altitudeMode>
            <coordinates>18.429737,-34.128937,548.64 18.430967,-34.12944,548.64</coordinates>
          </LineString>
        </MultiGeometry>
        <name>P-339</name>
        <description><![CDATA[<div><div><span><b>Altitude:</b></span> <span>1,800 ft</span></div>
<div><span><b>Speed:</b></span> <span>102 kt</span></div>
<div><span><b>Timestamp:</b></span><br/><span>2025-11-02 07:35:09 UTC<br/>2025-11-02 07:35:12 UTC</span></div>
</div>]]></description>
      </Placemark>
      <Placemark>
        <Style>
          <LineStyle>
            <color>ffccff00</color>
            <width>2</width>
          </LineStyle>
        </Style>
        <MultiGeometry>
          <LineString>
            <tessellate>1</tessellate>
            <altitudeMode>absolute</altitudeMode>
            <coordinates>18.430967,-34.12944,548.64 18.431911,-34.129818,518.16</coordinates>
          </LineString>
        </MultiGeometry>
        <name>P-340</name>
        <description><![CDATA[<div><div><span><b>Altitude:</b></span> <span>1,800 ft - 1,700 ft</span></div>
<div><span><b>Speed:</b></span> <span>102 kt</span></div>
<div><span><b>Timestamp:</b></span><br/><span>2025-11-02 07:35:12 UTC<br/>2025-11-02 07:35:14 UTC</span></div>
</div>]]></description>
      </Placemark>
      <Placemark>
        <Style>
          <LineStyle>
            <color>ffccff00</color>
            <width>2</width>
          </LineStyle>
        </Style>
        <MultiGeometry>
          <LineString>
            <tessellate>1</tessellate>
            <altitudeMode>absolute</altitudeMode>
            <coordinates>18.431911,-34.129818,518.16 18.433285,-34.130238,548.64</coordinates>
          </LineString>
        </MultiGeometry>
        <name>P-341</name>
        <description><![CDATA[<div><div><span><b>Altitude:</b></span> <span>1,700 ft - 1,800 ft</span></div>
<div><span><b>Speed:</b></span> <span>102 kt - 103 kt</span></div>
<div><span><b>Timestamp:</b></span><br/><span>2025-11-02 07:35:14 UTC<br/>2025-11-02 07:35:16 UTC</span></div>
</div>]]></description>
      </Placemark>
      <Placemark>
        <Style>
          <LineStyle>
            <color>ffccff00</color>
            <width>2</width>
          </LineStyle>
        </Style>
        <MultiGeometry>
          <LineString>
            <tessellate>1</tessellate>
            <altitudeMode>absolute</altitudeMode>
            <coordinates>18.433285,-34.130238,548.64 18.434385,-34.130539,518.16</coordinates>
          </LineString>
        </MultiGeometry>
        <name>P-342</name>
        <description><![CDATA[<div><div><span><b>Altitude:</b></span> <span>1,800 ft - 1,700 ft</span></div>
<div><span><b>Speed:</b></span> <span>103 kt - 104 kt</span></div>
<div><span><b>Timestamp:</b></span><br/><span>2025-11-02 07:35:16 UTC<br/>2025-11-02 07:35:18 UTC</span></div>
</div>]]></description>
      </Placemark>
      <Placemark>
        <Style>
          <LineStyle>
            <color>ffccff00</color>
            <width>2</width>
          </LineStyle>
        </Style>
        <MultiGeometry>
          <LineString>
            <tessellate>1</tessellate>
            <altitudeMode>absolute</altitudeMode>
            <coordinates>18.434385,-34.130539,518.16 18.435745,-34.130844,518.16</coordinates>
          </LineString>
        </MultiGeometry>
        <name>P-343</name>
        <description><![CDATA[<div><div><span><b>Altitude:</b></span> <span>1,700 ft</span></div>
<div><span><b>Speed:</b></span> <span>104 kt - 105 kt</span></div>
<div><span><b>Timestamp:</b></span><br/><span>2025-11-02 07:35:18 UTC<br/>2025-11-02 07:35:20 UTC</span></div>
</div>]]></description>
      </Placemark>
      <Placemark>
        <Style>
          <LineStyle>
            <color>ffccff00</color>
            <width>2</width>
          </LineStyle>
        </Style>
        <MultiGeometry>
          <LineString>
            <tessellate>1</tessellate>
            <altitudeMode>absolute</altitudeMode>
            <coordinates>18.435745,-34.130844,518.16 18.43689,-34.131031,518.16</coordinates>
          </LineString>
        </MultiGeometry>
        <name>P-344</name>
        <description><![CDATA[<div><div><span><b>Altitude:</b></span> <span>1,700 ft</span></div>
<div><span><b>Speed:</b></span> <span>105 kt</span></div>
<div><span><b>Timestamp:</b></span><br/><span>2025-11-02 07:35:20 UTC<br/>2025-11-02 07:35:22 UTC</span></div>
</div>]]></description>
      </Placemark>
      <Placemark>
        <Style>
          <LineStyle>
            <color>ffccff00</color>
            <width>2</width>
          </LineStyle>
        </Style>
        <MultiGeometry>
          <LineString>
            <tessellate>1</tessellate>
            <altitudeMode>absolute</altitudeMode>
            <coordinates>18.43689,-34.131031,518.16 18.438086,-34.131226,518.16</coordinates>
          </LineString>
        </MultiGeometry>
        <name>P-345</name>
        <description><![CDATA[<div><div><span><b>Altitude:</b></span> <span>1,700 ft</span></div>
<div><span><b>Speed:</b></span> <span>105 kt - 106 kt</span></div>
<div><span><b>Timestamp:</b></span><br/><span>2025-11-02 07:35:22 UTC<br/>2025-11-02 07:35:24 UTC</span></div>
</div>]]></description>
      </Placemark>
      <Placemark>
        <Style>
          <LineStyle>
            <color>ffccff00</color>
            <width>2</width>
          </LineStyle>
        </Style>
        <MultiGeometry>
          <LineString>
            <tessellate>1</tessellate>
            <altitudeMode>absolute</altitudeMode>
            <coordinates>18.438086,-34.131226,518.16 18.439178,-34.13131,518.16</coordinates>
          </LineString>
        </MultiGeometry>
        <name>P-346</name>
        <description><![CDATA[<div><div><span><b>Altitude:</b></span> <span>1,700 ft</span></div>
<div><span><b>Speed:</b></span> <span>106 kt - 108 kt</span></div>
<div><span><b>Timestamp:</b></span><br/><span>2025-11-02 07:35:24 UTC<br/>2025-11-02 07:35:26 UTC</span></div>
</div>]]></description>
      </Placemark>
      <Placemark>
        <Style>
          <LineStyle>
            <color>ffccff00</color>
            <width>2</width>
          </LineStyle>
        </Style>
        <MultiGeometry>
          <LineString>
            <tessellate>1</tessellate>
            <altitudeMode>absolute</altitudeMode>
            <coordinates>18.439178,-34.13131,518.16 18.440384,-34.131317,518.16</coordinates>
          </LineString>
        </MultiGeometry>
        <name>P-347</name>
        <description><![CDATA[<div><div><span><b>Altitude:</b></span> <span>1,700 ft</span></div>
<div><span><b>Speed:</b></span> <span>108 kt</span></div>
<div><span><b>Timestamp:</b></span><br/><span>2025-11-02 07:35:26 UTC<br/>2025-11-02 07:35:29 UTC</span></div>
</div>]]></description>
      </Placemark>
      <Placemark>
        <Style>
          <LineStyle>
            <color>ffccff00</color>
            <width>2</width>
          </LineStyle>
        </Style>
        <MultiGeometry>
          <LineString>
            <tessellate>1</tessellate>
            <altitudeMode>absolute</altitudeMode>
            <coordinates>18.440384,-34.131317,518.16 18.441982,-34.131264,518.16</coordinates>
          </LineString>
        </MultiGeometry>
        <name>P-348</name>
        <description><![CDATA[<div><div><span><b>Altitude:</b></span> <span>1,700 ft</span></div>
<div><span><b>Speed:</b></span> <span>108 kt</span></div>
<div><span><b>Timestamp:</b></span><br/><span>2025-11-02 07:35:29 UTC<br/>2025-11-02 07:35:31 UTC</span></div>
</div>]]></description>
      </Placemark>
      <Placemark>
        <Style>
          <LineStyle>
            <color>ffccff00</color>
            <width>2</width>
          </LineStyle>
        </Style>
        <MultiGeometry>
          <LineString>
            <tessellate>1</tessellate>
            <altitudeMode>absolute</altitudeMode>
            <coordinates>18.441982,-34.131264,518.16 18.443411,-34.131042,518.16</coordinates>
          </LineString>
        </MultiGeometry>
        <name>P-349</name>
        <description><![CDATA[<div><div><span><b>Altitude:</b></span> <span>1,700 ft</span></div>
<div><span><b>Speed:</b></span> <span>108 kt - 110 kt</span></div>
<div><span><b>Timestamp:</b></span><br/><span>2025-11-02 07:35:31 UTC<br/>2025-11-02 07:35:33 UTC</span></div>
</div>]]></description>
      </Placemark>
      <Placemark>
        <Style>
          <LineStyle>
            <color>ffccff00</color>
            <width>2</width>
          </LineStyle>
        </Style>
        <MultiGeometry>
          <LineString>
            <tessellate>1</tessellate>
            <altitudeMode>absolute</altitudeMode>
            <coordinates>18.443411,-34.131042,518.16 18.444475,-34.130768,518.16</coordinates>
          </LineString>
        </MultiGeometry>
        <name>P-350</name>
        <description><![CDATA[<div><div><span><b>Altitude:</b></span> <span>1,700 ft</span></div>
<div><span><b>Speed:</b></span> <span>110 kt - 111 kt</span></div>
<div><span><b>Timestamp:</b></span><br/><span>2025-11-02 07:35:33 UTC<br/>2025-11-02 07:35:35 UTC</span></div>
</div>]]></description>
      </Placemark>
      <Placemark>
        <Style>
          <LineStyle>
            <color>ffccff00</color>
            <width>2</width>
          </LineStyle>
        </Style>
        <MultiGeometry>
          <LineString>
            <tessellate>1</tessellate>
            <altitudeMode>absolute</altitudeMode>
            <coordinates>18.444475,-34.130768,518.16 18.44599,-34.130356,518.16</coordinates>
          </LineString>
        </MultiGeometry>
        <name>P-351</name>
        <description><![CDATA[<div><div><span><b>Altitude:</b></span> <span>1,700 ft</span></div>
<div><span><b>Speed:</b></span> <span>111 kt</span></div>
<div><span><b>Timestamp:</b></span><br/><span>2025-11-02 07:35:35 UTC<br/>2025-11-02 07:35:38 UTC</span></div>
</div>]]></description>
      </Placemark>
      <Placemark>
        <Style>
          <LineStyle>
            <color>ffccff00</color>
            <width>2</width>
          </LineStyle>
        </Style>
        <MultiGeometry>
          <LineString>
            <tessellate>1</tessellate>
            <altitudeMode>absolute</altitudeMode>
            <coordinates>18.44599,-34.130356,518.16 18.44696,-34.129959,518.16</coordinates>
          </LineString>
        </MultiGeometry>
        <name>P-352</name>
        <description><![CDATA[<div><div><span><b>Altitude:</b></span> <span>1,700 ft</span></div>
<div><span><b>Speed:</b></span> <span>111 kt - 112 kt</span></div>
<div><span><b>Timestamp:</b></span><br/><span>2025-11-02 07:35:38 UTC<br/>2025-11-02 07:35:40 UTC</span></div>
</div>]]></description>
      </Placemark>
      <Placemark>
        <Style>
          <LineStyle>
            <color>ffccff00</color>
            <width>2</width>
          </LineStyle>
        </Style>
        <MultiGeometry>
          <LineString>
            <tessellate>1</tessellate>
            <altitudeMode>absolute</altitudeMode>
            <coordinates>18.44696,-34.129959,518.16 18.448105,-34.129494,518.16</coordinates>
          </LineString>
        </MultiGeometry>
        <name>P-353</name>
        <description><![CDATA[<div><div><span><b>Altitude:</b></span> <span>1,700 ft</span></div>
<div><span><b>Speed:</b></span> <span>112 kt</span></div>
<div><span><b>Timestamp:</b></span><br/><span>2025-11-02 07:35:40 UTC<br/>2025-11-02 07:35:42 UTC</span></div>
</div>]]></description>
      </Placemark>
      <Placemark>
        <Style>
          <LineStyle>
            <color>ffccff00</color>
            <width>2</width>
          </LineStyle>
        </Style>
        <MultiGeometry>
          <LineString>
            <tessellate>1</tessellate>
            <altitudeMode>absolute</altitudeMode>
            <coordinates>18.448105,-34.129494,518.16 18.449575,-34.128845,518.16</coordinates>
          </LineString>
        </MultiGeometry>
        <name>P-354</name>
        <description><![CDATA[<div><div><span><b>Altitude:</b></span> <span>1,700 ft</span></div>
<div><span><b>Speed:</b></span> <span>112 kt</span></div>
<div><span><b>Timestamp:</b></span><br/><span>2025-11-02 07:35:42 UTC<br/>2025-11-02 07:35:44 UTC</span></div>
</div>]]></description>
      </Placemark>
      <Placemark>
        <Style>
          <LineStyle>
            <color>ffccff00</color>
            <width>2</width>
          </LineStyle>
        </Style>
        <MultiGeometry>
          <LineString>
            <tessellate>1</tessellate>
            <altitudeMode>absolute</altitudeMode>
            <coordinates>18.449575,-34.128845,518.16 18.450623,-34.128284,518.16</coordinates>
          </LineString>
        </MultiGeometry>
        <name>P-355</name>
        <description><![CDATA[<div><div><span><b>Altitude:</b></span> <span>1,700 ft</span></div>
<div><span><b>Speed:</b></span> <span>112 kt - 114 kt</span></div>
<div><span><b>Timestamp:</b></span><br/><span>2025-11-02 07:35:44 UTC<br/>2025-11-02 07:35:46 UTC</span></div>
</div>]]></description>
      </Placemark>
      <Placemark>
        <Style>
          <LineStyle>
            <color>ffccff00</color>
            <width>2</width>
          </LineStyle>
        </Style>
        <MultiGeometry>
          <LineString>
            <tessellate>1</tessellate>
            <altitudeMode>absolute</altitudeMode>
            <coordinates>18.450623,-34.128284,518.16 18.451767,-34.127678,518.16</coordinates>
          </LineString>
        </MultiGeometry>
        <name>P-356</name>
        <description><![CDATA[<div><div><span><b>Altitude:</b></span> <span>1,700 ft</span></div>
<div><span><b>Speed:</b></span> <span>114 kt - 115 kt</span></div>
<div><span><b>Timestamp:</b></span><br/><span>2025-11-02 07:35:46 UTC<br/>2025-11-02 07:35:49 UTC</span></div>
</div>]]></description>
      </Placemark>
      <Placemark>
        <Style>
          <LineStyle>
            <color>ffccff00</color>
            <width>2</width>
          </LineStyle>
        </Style>
        <MultiGeometry>
          <LineString>
            <tessellate>1</tessellate>
            <altitudeMode>absolute</altitudeMode>
            <coordinates>18.451767,-34.127678,518.16 18.452969,-34.12698,518.16</coordinates>
          </LineString>
        </MultiGeometry>
        <name>P-357</name>
        <description><![CDATA[<div><div><span><b>Altitude:</b></span> <span>1,700 ft</span></div>
<div><span><b>Speed:</b></span> <span>115 kt - 116 kt</span></div>
<div><span><b>Timestamp:</b></span><br/><span>2025-11-02 07:35:49 UTC<br/>2025-11-02 07:35:51 UTC</span></div>
</div>]]></description>
      </Placemark>
      <Placemark>
        <Style>
          <LineStyle>
            <color>ffccff00</color>
            <width>2</width>
          </LineStyle>
        </Style>
        <MultiGeometry>
          <LineString>
            <tessellate>1</tessellate>
            <altitudeMode>absolute</altitudeMode>
            <coordinates>18.452969,-34.12698,518.16 18.454229,-34.12619,518.16</coordinates>
          </LineString>
        </MultiGeometry>
        <name>P-358</name>
        <description><![CDATA[<div><div><span><b>Altitude:</b></span> <span>1,700 ft</span></div>
<div><span><b>Speed:</b></span> <span>116 kt</span></div>
<div><span><b>Timestamp:</b></span><br/><span>2025-11-02 07:35:51 UTC<br/>2025-11-02 07:35:53 UTC</span></div>
</div>]]></description>
      </Placemark>
      <Placemark>
        <Style>
          <LineStyle>
            <color>ffccff00</color>
            <width>2</width>
          </LineStyle>
        </Style>
        <MultiGeometry>
          <LineString>
            <tessellate>1</tessellate>
            <altitudeMode>absolute</altitudeMode>
            <coordinates>18.454229,-34.12619,518.16 18.455294,-34.125549,518.16</coordinates>
          </LineString>
        </MultiGeometry>
        <name>P-359</name>
        <description><![CDATA[<div><div><span><b>Altitude:</b></span> <span>1,700 ft</span></div>
<div><span><b>Speed:</b></span> <span>116 kt</span></div>
<div><span><b>Timestamp:</b></span><br/><span>2025-11-02 07:35:53 UTC<br/>2025-11-02 07:35:55 UTC</span></div>
</div>]]></description>
      </Placemark>
      <Placemark>
        <Style>
          <LineStyle>
            <color>ffccff00</color>
            <width>2</width>
          </LineStyle>
        </Style>
        <MultiGeometry>
          <LineString>
            <tessellate>1</tessellate>
            <altitudeMode>absolute</altitudeMode>
            <coordinates>18.455294,-34.125549,518.16 18.456415,-34.124863,518.16</coordinates>
          </LineString>
        </MultiGeometry>
        <name>P-360</name>
        <description><![CDATA[<div><div><span><b>Altitude:</b></span> <span>1,700 ft</span></div>
<div><span><b>Speed:</b></span> <span>116 kt - 117 kt</span></div>
<div><span><b>Timestamp:</b></span><br/><span>2025-11-02 07:35:55 UTC<br/>2025-11-02 07:35:57 UTC</span></div>
</div>]]></description>
      </Placemark>
      <Placemark>
        <Style>
          <LineStyle>
            <color>ffccff00</color>
            <width>2</width>
          </LineStyle>
        </Style>
        <MultiGeometry>
          <LineString>
            <tessellate>1</tessellate>
            <altitudeMode>absolute</altitudeMode>
            <coordinates>18.456415,-34.124863,518.16 18.457661,-34.124046,518.16</coordinates>
          </LineString>
        </MultiGeometry>
        <name>P-361</name>
        <description><![CDATA[<div><div><span><b>Altitude:</b></span> <span>1,700 ft</span></div>
<div><span><b>Speed:</b></span> <span>117 kt - 118 kt</span></div>
<div><span><b>Timestamp:</b></span><br/><span>2025-11-02 07:35:57 UTC<br/>2025-11-02 07:35:59 UTC</span></div>
</div>]]></description>
      </Placemark>
      <Placemark>
        <Style>
          <LineStyle>
            <color>ffccff00</color>
            <width>2</width>
          </LineStyle>
        </Style>
        <MultiGeometry>
          <LineString>
            <tessellate>1</tessellate>
            <altitudeMode>absolute</altitudeMode>
            <coordinates>18.457661,-34.124046,518.16 18.459034,-34.123161,518.16</coordinates>
          </LineString>
        </MultiGeometry>
        <name>P-362</name>
        <description><![CDATA[<div><div><span><b>Altitude:</b></span> <span>1,700 ft</span></div>
<div><span><b>Speed:</b></span> <span>118 kt</span></div>
<div><span><b>Timestamp:</b></span><br/><span>2025-11-02 07:35:59 UTC<br/>2025-11-02 07:36:02 UTC</span></div>
</div>]]></description>
      </Placemark>
      <Placemark>
        <Style>
          <LineStyle>
            <color>ffccff00</color>
            <width>2</width>
          </LineStyle>
        </Style>
        <MultiGeometry>
          <LineString>
            <tessellate>1</tessellate>
            <altitudeMode>absolute</altitudeMode>
            <coordinates>18.459034,-34.123161,518.16 18.460007,-34.122463,518.16</coordinates>
          </LineString>
        </MultiGeometry>
        <name>P-363</name>
        <description><![CDATA[<div><div><span><b>Altitude:</b></span> <span>1,700 ft</span></div>
<div><span><b>Speed:</b></span> <span>118 kt - 117 kt</span></div>
<div><span><b>Timestamp:</b></span><br/><span>2025-11-02 07:36:02 UTC<br/>2025-11-02 07:36:04 UTC</span></div>
</div>]]></description>
      </Placemark>
      <Placemark>
        <Style>
          <LineStyle>
            <color>ffccff00</color>
            <width>2</width>
          </LineStyle>
        </Style>
        <MultiGeometry>
          <LineString>
            <tessellate>1</tessellate>
            <altitudeMode>absolute</altitudeMode>
            <coordinates>18.460007,-34.122463,518.16 18.461094,-34.121719,518.16</coordinates>
          </LineString>
        </MultiGeometry>
        <name>P-364</name>
        <description><![CDATA[<div><div><span><b>Altitude:</b></span> <span>1,700 ft</span></div>
<div><span><b>Speed:</b></span> <span>117 kt - 118 kt</span></div>
<div><span><b>Timestamp:</b></span><br/><span>2025-11-02 07:36:04 UTC<br/>2025-11-02 07:36:06 UTC</span></div>
</div>]]></description>
      </Placemark>
      <Placemark>
        <Style>
          <LineStyle>
            <color>ffccff00</color>
            <width>2</width>
          </LineStyle>
        </Style>
        <MultiGeometry>
          <LineString>
            <tessellate>1</tessellate>
            <altitudeMode>absolute</altitudeMode>
            <coordinates>18.461094,-34.121719,518.16 18.462076,-34.121017,518.16</coordinates>
          </LineString>
        </MultiGeometry>
        <name>P-365</name>
        <description><![CDATA[<div><div><span><b>Altitude:</b></span> <span>1,700 ft</span></div>
<div><span><b>Speed:</b></span> <span>118 kt - 119 kt</span></div>
<div><span><b>Timestamp:</b></span><br/><span>2025-11-02 07:36:06 UTC<br/>2025-11-02 07:36:08 UTC</span></div>
</div>]]></description>
      </Placemark>
      <Placemark>
        <Style>
          <LineStyle>
            <color>ffccff00</color>
            <width>2</width>
          </LineStyle>
        </Style>
        <MultiGeometry>
          <LineString>
            <tessellate>1</tessellate>
            <altitudeMode>absolute</altitudeMode>
            <coordinates>18.462076,-34.121017,518.16 18.46314,-34.120239,518.16</coordinates>
          </LineString>
        </MultiGeometry>
        <name>P-366</name>
        <description><![CDATA[<div><div><span><b>Altitude:</b></span> <span>1,700 ft</span></div>
<div><span><b>Speed:</b></span> <span>119 kt - 120 kt</span></div>
<div><span><b>Timestamp:</b></span><br/><span>2025-11-02 07:36:08 UTC<br/>2025-11-02 07:36:10 UTC</span></div>
</div>]]></description>
      </Placemark>
      <Placemark>
        <Style>
          <LineStyle>
            <color>ffccff00</color>
            <width>2</width>
          </LineStyle>
        </Style>
        <MultiGeometry>
          <LineString>
            <tessellate>1</tessellate>
            <altitudeMode>absolute</altitudeMode>
            <coordinates>18.46314,-34.120239,518.16 18.464317,-34.119324,518.16</coordinates>
          </LineString>
        </MultiGeometry>
        <name>P-367</name>
        <description><![CDATA[<div><div><span><b>Altitude:</b></span> <span>1,700 ft</span></div>
<div><span><b>Speed:</b></span> <span>120 kt - 119 kt</span></div>
<div><span><b>Timestamp:</b></span><br/><span>2025-11-02 07:36:10 UTC<br/>2025-11-02 07:36:13 UTC</span></div>
</div>]]></description>
      </Placemark>
      <Placemark>
        <Style>
          <LineStyle>
            <color>ffccff00</color>
            <width>2</width>
          </LineStyle>
        </Style>
        <MultiGeometry>
          <LineString>
            <tessellate>1</tessellate>
            <altitudeMode>absolute</altitudeMode>
            <coordinates>18.464317,-34.119324,518.16 18.465326,-34.118546,518.16</coordinates>
          </LineString>
        </MultiGeometry>
        <name>P-368</name>
        <description><![CDATA[<div><div><span><b>Altitude:</b></span> <span>1,700 ft</span></div>
<div><span><b>Speed:</b></span> <span>119 kt</span></div>
<div><span><b>Timestamp:</b></span><br/><span>2025-11-02 07:36:13 UTC<br/>2025-11-02 07:36:15 UTC</span></div>
</div>]]></description>
      </Placemark>
      <Placemark>
        <Style>
          <LineStyle>
            <color>ffccff00</color>
            <width>2</width>
          </LineStyle>
        </Style>
        <MultiGeometry>
          <LineString>
            <tessellate>1</tessellate>
            <altitudeMode>absolute</altitudeMode>
            <coordinates>18.465326,-34.118546,518.16 18.46653,-34.117531,518.16</coordinates>
          </LineString>
        </MultiGeometry>
        <name>P-369</name>
        <description><![CDATA[<div><div><span><b>Altitude:</b></span> <span>1,700 ft</span></div>
<div><span><b>Speed:</b></span> <span>119 kt - 120 kt</span></div>
<div><span><b>Timestamp:</b></span><br/><span>2025-11-02 07:36:15 UTC<br/>2025-11-02 07:36:17 UTC</span></div>
</div>]]></description>
      </Placemark>
      <Placemark>
        <Style>
          <LineStyle>
            <color>ffccff00</color>
            <width>2</width>
          </LineStyle>
        </Style>
        <MultiGeometry>
          <LineString>
            <tessellate>1</tessellate>
            <altitudeMode>absolute</altitudeMode>
            <coordinates>18.46653,-34.117531,518.16 18.467457,-34.116714,518.16</coordinates>
          </LineString>
        </MultiGeometry>
        <name>P-370</name>
        <description><![CDATA[<div><div><span><b>Altitude:</b></span> <span>1,700 ft</span></div>
<div><span><b>Speed:</b></span> <span>120 kt - 121 kt</span></div>
<div><span><b>Timestamp:</b></span><br/><span>2025-11-02 07:36:17 UTC<br/>2025-11-02 07:36:20 UTC</span></div>
</div>]]></description>
      </Placemark>
      <Placemark>
        <Style>
          <LineStyle>
            <color>ffccff00</color>
            <width>2</width>
          </LineStyle>
        </Style>
        <MultiGeometry>
          <LineString>
            <tessellate>1</tessellate>
            <altitudeMode>absolute</altitudeMode>
            <coordinates>18.467457,-34.116714,518.16 18.468475,-34.115761,518.16</coordinates>
          </LineString>
        </MultiGeometry>
        <name>P-371</name>
        <description><![CDATA[<div><div><span><b>Altitude:</b></span> <span>1,700 ft</span></div>
<div><span><b>Speed:</b></span> <span>121 kt - 120 kt</span></div>
<div><span><b>Timestamp:</b></span><br/><span>2025-11-02 07:36:20 UTC<br/>2025-11-02 07:36:22 UTC</span></div>
</div>]]></description>
      </Placemark>
      <Placemark>
        <Style>
          <LineStyle>
            <color>ffccff00</color>
            <width>2</width>
          </LineStyle>
        </Style>
        <MultiGeometry>
          <LineString>
            <tessellate>1</tessellate>
            <altitudeMode>absolute</altitudeMode>
            <coordinates>18.468475,-34.115761,518.16 18.46953,-34.114655,518.16</coordinates>
          </LineString>
        </MultiGeometry>
        <name>P-372</name>
        <description><![CDATA[<div><div><span><b>Altitude:</b></span> <span>1,700 ft</span></div>
<div><span><b>Speed:</b></span> <span>120 kt - 121 kt</span></div>
<div><span><b>Timestamp:</b></span><br/><span>2025-11-02 07:36:22 UTC<br/>2025-11-02 07:36:24 UTC</span></div>
</div>]]></description>
      </Placemark>
      <Placemark>
        <Style>
          <LineStyle>
            <color>ffccff00</color>
            <width>2</width>
          </LineStyle>
        </Style>
        <MultiGeometry>
          <LineString>
            <tessellate>1</tessellate>
            <altitudeMode>absolute</altitudeMode>
            <coordinates>18.46953,-34.114655,518.16 18.470371,-34.113785,518.16</coordinates>
          </LineString>
        </MultiGeometry>
        <name>P-373</name>
        <description><![CDATA[<div><div><span><b>Altitude:</b></span> <span>1,700 ft</span></div>
<div><span><b>Speed:</b></span> <span>121 kt - 122 kt</span></div>
<div><span><b>Timestamp:</b></span><br/><span>2025-11-02 07:36:24 UTC<br/>2025-11-02 07:36:26 UTC</span></div>
</div>]]></description>
      </Placemark>
      <Placemark>
        <Style>
          <LineStyle>
            <color>ffccff00</color>
            <width>2</width>
          </LineStyle>
        </Style>
        <MultiGeometry>
          <LineString>
            <tessellate>1</tessellate>
            <altitudeMode>absolute</altitudeMode>
            <coordinates>18.470371,-34.113785,518.16 18.471394,-34.112595,518.16</coordinates>
          </LineString>
        </MultiGeometry>
        <name>P-374</name>
        <description><![CDATA[<div><div><span><b>Altitude:</b></span> <span>1,700 ft</span></div>
<div><span><b>Speed:</b></span> <span>122 kt</span></div>
<div><span><b>Timestamp:</b></span><br/><span>2025-11-02 07:36:26 UTC<br/>2025-11-02 07:36:29 UTC</span></div>
</div>]]></description>
      </Placemark>
      <Placemark>
        <Style>
          <LineStyle>
            <color>ffccff00</color>
            <width>2</width>
          </LineStyle>
        </Style>
        <MultiGeometry>
          <LineString>
            <tessellate>1</tessellate>
            <altitudeMode>absolute</altitudeMode>
            <coordinates>18.471394,-34.112595,518.16 18.472195,-34.111572,518.16</coordinates>
          </LineString>
        </MultiGeometry>
        <name>P-375</name>
        <description><![CDATA[<div><div><span><b>Altitude:</b></span> <span>1,700 ft</span></div>
<div><span><b>Speed:</b></span> <span>122 kt - 123 kt</span></div>
<div><span><b>Timestamp:</b></span><br/><span>2025-11-02 07:36:29 UTC<br/>2025-11-02 07:36:31 UTC</span></div>
</div>]]></description>
      </Placemark>
      <Placemark>
        <Style>
          <LineStyle>
            <color>ffccff00</color>
            <width>2</width>
          </LineStyle>
        </Style>
        <MultiGeometry>
          <LineString>
            <tessellate>1</tessellate>
            <altitudeMode>absolute</altitudeMode>
            <coordinates>18.472195,-34.111572,518.16 18.47311,-34.110268,518.16</coordinates>
          </LineString>
        </MultiGeometry>
        <name>P-376</name>
        <description><![CDATA[<div><div><span><b>Altitude:</b></span> <span>1,700 ft</span></div>
<div><span><b>Speed:</b></span> <span>123 kt - 124 kt</span></div>
<div><span><b>Timestamp:</b></span><br/><span>2025-11-02 07:36:31 UTC<br/>2025-11-02 07:36:33 UTC</span></div>
</div>]]></description>
      </Placemark>
      <Placemark>
        <Style>
          <LineStyle>
            <color>ffccff00</color>
            <width>2</width>
          </LineStyle>
        </Style>
        <MultiGeometry>
          <LineString>
            <tessellate>1</tessellate>
            <altitudeMode>absolute</altitudeMode>
            <coordinates>18.47311,-34.110268,518.16 18.47374,-34.109245,518.16</coordinates>
          </LineString>
        </MultiGeometry>
        <name>P-377</name>
        <description><![CDATA[<div><div><span><b>Altitude:</b></span> <span>1,700 ft</span></div>
<div><span><b>Speed:</b></span> <span>124 kt</span></div>
<div><span><b>Timestamp:</b></span><br/><span>2025-11-02 07:36:33 UTC<br/>2025-11-02 07:36:35 UTC</span></div>
</div>]]></description>
      </Placemark>
      <Placemark>
        <Style>
          <LineStyle>
            <color>ffccff00</color>
            <width>2</width>
          </LineStyle>
        </Style>
        <MultiGeometry>
          <LineString>
            <tessellate>1</tessellate>
            <altitudeMode>absolute</altitudeMode>
            <coordinates>18.47374,-34.109245,518.16 18.474352,-34.108246,518.16</coordinates>
          </LineString>
        </MultiGeometry>
        <name>P-378</name>
        <description><![CDATA[<div><div><span><b>Altitude:</b></span> <span>1,700 ft</span></div>
<div><span><b>Speed:</b></span> <span>124 kt - 123 kt</span></div>
<div><span><b>Timestamp:</b></span><br/><span>2025-11-02 07:36:35 UTC<br/>2025-11-02 07:36:37 UTC</span></div>
</div>]]></description>
      </Placemark>
      <Placemark>
        <Style>
          <LineStyle>
            <color>ffccff00</color>
            <width>2</width>
          </LineStyle>
        </Style>
        <MultiGeometry>
          <LineString>
            <tessellate>1</tessellate>
            <altitudeMode>absolute</altitudeMode>
            <coordinates>18.474352,-34.108246,518.16 18.474884,-34.107147,518.16</coordinates>
          </LineString>
        </MultiGeometry>
        <name>P-379</name>
        <description><![CDATA[<div><div><span><b>Altitude:</b></span> <span>1,700 ft</span></div>
<div><span><b>Speed:</b></span> <span>123 kt - 124 kt</span></div>
<div><span><b>Timestamp:</b></span><br/><span>2025-11-02 07:36:37 UTC<br/>2025-11-02 07:36:40 UTC</span></div>
</div>]]></description>
      </Placemark>
      <Placemark>
        <Style>
          <LineStyle>
            <color>ffccff00</color>
            <width>2</width>
          </LineStyle>
        </Style>
        <MultiGeometry>
          <LineString>
            <tessellate>1</tessellate>
            <altitudeMode>absolute</altitudeMode>
            <coordinates>18.474884,-34.107147,518.16 18.475456,-34.105846,518.16</coordinates>
          </LineString>
        </MultiGeometry>
        <name>P-380</name>
        <description><![CDATA[<div><div><span><b>Altitude:</b></span> <span>1,700 ft</span></div>
<div><span><b>Speed:</b></span> <span>124 kt</span></div>
<div><span><b>Timestamp:</b></span><br/><span>2025-11-02 07:36:40 UTC<br/>2025-11-02 07:36:42 UTC</span></div>
</div>]]></description>
      </Placemark>
      <Placemark>
        <Style>
          <LineStyle>
            <color>ffccff00</color>
            <width>2</width>
          </LineStyle>
        </Style>
        <MultiGeometry>
          <LineString>
            <tessellate>1</tessellate>
            <altitudeMode>absolute</altitudeMode>
            <coordinates>18.475456,-34.105846,518.16 18.475857,-34.104496,518.16</coordinates>
          </LineString>
        </MultiGeometry>
        <name>P-381</name>
        <description><![CDATA[<div><div><span><b>Altitude:</b></span> <span>1,700 ft</span></div>
<div><span><b>Speed:</b></span> <span>124 kt - 125 kt</span></div>
<div><span><b>Timestamp:</b></span><br/><span>2025-11-02 07:36:42 UTC<br/>2025-11-02 07:36:44 UTC</span></div>
</div>]]></description>
      </Placemark>
      <Placemark>
        <Style>
          <LineStyle>
            <color>ffccff00</color>
            <width>2</width>
          </LineStyle>
        </Style>
        <MultiGeometry>
          <LineString>
            <tessellate>1</tessellate>
            <altitudeMode>absolute</altitudeMode>
            <coordinates>18.475857,-34.104496,518.16 18.476145,-34.103394,518.16</coordinates>
          </LineString>
        </MultiGeometry>
        <name>P-382</name>
        <description><![CDATA[<div><div><span><b>Altitude:</b></span> <span>1,700 ft</span></div>
<div><span><b>Speed:</b></span> <span>125 kt - 126 kt</span></div>
<div><span><b>Timestamp:</b></span><br/><span>2025-11-02 07:36:44 UTC<br/>2025-11-02 07:36:46 UTC</span></div>
</div>]]></description>
      </Placemark>
      <Placemark>
        <Style>
          <LineStyle>
            <color>ffccff00</color>
            <width>2</width>
          </LineStyle>
        </Style>
        <MultiGeometry>
          <LineString>
            <tessellate>1</tessellate>
            <altitudeMode>absolute</altitudeMode>
            <coordinates>18.476145,-34.103394,518.16 18.476482,-34.101883,518.16</coordinates>
          </LineString>
        </MultiGeometry>
        <name>P-383</name>
        <description><![CDATA[<div><div><span><b>Altitude:</b></span> <span>1,700 ft</span></div>
<div><span><b>Speed:</b></span> <span>126 kt - 127 kt</span></div>
<div><span><b>Timestamp:</b></span><br/><span>2025-11-02 07:36:46 UTC<br/>2025-11-02 07:36:49 UTC</span></div>
</div>]]></description>
      </Placemark>
      <Placemark>
        <Style>
          <LineStyle>
            <color>ffccff00</color>
            <width>2</width>
          </LineStyle>
        </Style>
        <MultiGeometry>
          <LineString>
            <tessellate>1</tessellate>
            <altitudeMode>absolute</altitudeMode>
            <coordinates>18.476482,-34.101883,518.16 18.476658,-34.100723,518.16</coordinates>
          </LineString>
        </MultiGeometry>
        <name>P-384</name>
        <description><![CDATA[<div><div><span><b>Altitude:</b></span> <span>1,700 ft</span></div>
<div><span><b>Speed:</b></span> <span>127 kt</span></div>
<div><span><b>Timestamp:</b></span><br/><span>2025-11-02 07:36:49 UTC<br/>2025-11-02 07:36:51 UTC</span></div>
</div>]]></description>
      </Placemark>
      <Placemark>
        <Style>
          <LineStyle>
            <color>ffccff00</color>
            <width>2</width>
          </LineStyle>
        </Style>
        <MultiGeometry>
          <LineString>
            <tessellate>1</tessellate>
            <altitudeMode>absolute</altitudeMode>
            <coordinates>18.476658,-34.100723,518.16 18.476761,-34.099182,518.16</coordinates>
          </LineString>
        </MultiGeometry>
        <name>P-385</name>
        <description><![CDATA[<div><div><span><b>Altitude:</b></span> <span>1,700 ft</span></div>
<div><span><b>Speed:</b></span> <span>127 kt - 129 kt</span></div>
<div><span><b>Timestamp:</b></span><br/><span>2025-11-02 07:36:51 UTC<br/>2025-11-02 07:36:53 UTC</span></div>
</div>]]></description>
      </Placemark>
      <Placemark>
        <Style>
          <LineStyle>
            <color>ffccff00</color>
            <width>2</width>
          </LineStyle>
        </Style>
        <MultiGeometry>
          <LineString>
            <tessellate>1</tessellate>
            <altitudeMode>absolute</altitudeMode>
            <coordinates>18.476761,-34.099182,518.16 18.476818,-34.097992,518.16</coordinates>
          </LineString>
        </MultiGeometry>
        <name>P-386</name>
        <description><![CDATA[<div><div><span><b>Altitude:</b></span> <span>1,700 ft</span></div>
<div><span><b>Speed:</b></span> <span>129 kt - 130 kt</span></div>
<div><span><b>Timestamp:</b></span><br/><span>2025-11-02 07:36:53 UTC<br/>2025-11-02 07:36:55 UTC</span></div>
</div>]]></description>
      </Placemark>
      <Placemark>
        <Style>
          <LineStyle>
            <color>ffccff00</color>
            <width>2</width>
          </LineStyle>
        </Style>
        <MultiGeometry>
          <LineString>
            <tessellate>1</tessellate>
            <altitudeMode>absolute</altitudeMode>
            <coordinates>18.476818,-34.097992,518.16 18.476818,-34.096756,518.16</coordinates>
          </LineString>
        </MultiGeometry>
        <name>P-387</name>
        <description><![CDATA[<div><div><span><b>Altitude:</b></span> <span>1,700 ft</span></div>
<div><span><b>Speed:</b></span> <span>130 kt</span></div>
<div><span><b>Timestamp:</b></span><br/><span>2025-11-02 07:36:55 UTC<br/>2025-11-02 07:36:58 UTC</span></div>
</div>]]></description>
      </Placemark>
      <Placemark>
        <Style>
          <LineStyle>
            <color>ffccff00</color>
            <width>2</width>
          </LineStyle>
        </Style>
        <MultiGeometry>
          <LineString>
            <tessellate>1</tessellate>
            <altitudeMode>absolute</altitudeMode>
            <coordinates>18.476818,-34.096756,518.16 18.476715,-34.09523,518.16</coordinates>
          </LineString>
        </MultiGeometry>
        <name>P-388</name>
        <description><![CDATA[<div><div><span><b>Altitude:</b></span> <span>1,700 ft</span></div>
<div><span><b>Speed:</b></span> <span>130 kt</span></div>
<div><span><b>Timestamp:</b></span><br/><span>2025-11-02 07:36:58 UTC<br/>2025-11-02 07:37:00 UTC</span></div>
</div>]]></description>
      </Placemark>
      <Placemark>
        <Style>
          <LineStyle>
            <color>ffccff00</color>
            <width>2</width>
          </LineStyle>
        </Style>
        <MultiGeometry>
          <LineString>
            <tessellate>1</tessellate>
            <altitudeMode>absolute</altitudeMode>
            <coordinates>18.476715,-34.09523,518.16 18.476658,-34.094021,518.16</coordinates>
          </LineString>
        </MultiGeometry>
        <name>P-389</name>
        <description><![CDATA[<div><div><span><b>Altitude:</b></span> <span>1,700 ft</span></div>
<div><span><b>Speed:</b></span> <span>130 kt</span></div>
<div><span><b>Timestamp:</b></span><br/><span>2025-11-02 07:37:00 UTC<br/>2025-11-02 07:37:02 UTC</span></div>
</div>]]></description>
      </Placemark>
      <Placemark>
        <Style>
          <LineStyle>
            <color>ffccff00</color>
            <width>2</width>
          </LineStyle>
        </Style>
        <MultiGeometry>
          <LineString>
            <tessellate>1</tessellate>
            <altitudeMode>absolute</altitudeMode>
            <coordinates>18.476658,-34.094021,518.16 18.476538,-34.092545,518.16</coordinates>
          </LineString>
        </MultiGeometry>
        <name>P-390</name>
        <description><![CDATA[<div><div><span><b>Altitude:</b></span> <span>1,700 ft</span></div>
<div><span><b>Speed:</b></span> <span>130 kt</span></div>
<div><span><b>Timestamp:</b></span><br/><span>2025-11-02 07:37:02 UTC<br/>2025-11-02 07:37:04 UTC</span></div>
</div>]]></description>
      </Placemark>
      <Placemark>
        <Style>
          <LineStyle>
            <color>ffccff00</color>
            <width>2</width>
          </LineStyle>
        </Style>
        <MultiGeometry>
          <LineString>
            <tessellate>1</tessellate>
            <altitudeMode>absolute</altitudeMode>
            <coordinates>18.476538,-34.092545,518.16 18.476425,-34.091583,518.16</coordinates>
          </LineString>
        </MultiGeometry>
        <name>P-391</name>
        <description><![CDATA[<div><div><span><b>Altitude:</b></span> <span>1,700 ft</span></div>
<div><span><b>Speed:</b></span> <span>130 kt - 131 kt</span></div>
<div><span><b>Timestamp:</b></span><br/><span>2025-11-02 07:37:04 UTC<br/>2025-11-02 07:37:06 UTC</span></div>
</div>]]></description>
      </Placemark>
      <Placemark>
        <Style>
          <LineStyle>
            <color>ffccff00</color>
            <width>2</width>
          </LineStyle>
        </Style>
        <MultiGeometry>
          <LineString>
            <tessellate>1</tessellate>
            <altitudeMode>absolute</altitudeMode>
            <coordinates>18.476425,-34.091583,518.16 18.476315,-34.090019,518.16</coordinates>
          </LineString>
        </MultiGeometry>
        <name>P-392</name>
        <description><![CDATA[<div><div><span><b>Altitude:</b></span> <span>1,700 ft</span></div>
<div><span><b>Speed:</b></span> <span>131 kt</span></div>
<div><span><b>Timestamp:</b></span><br/><span>2025-11-02 07:37:06 UTC<br/>2025-11-02 07:37:08 UTC</span></div>
</div>]]></description>
      </Placemark>
      <Placemark>
        <Style>
          <LineStyle>
            <color>ffccff00</color>
            <width>2</width>
          </LineStyle>
        </Style>
        <MultiGeometry>
          <LineString>
            <tessellate>1</tessellate>
            <altitudeMode>absolute</altitudeMode>
            <coordinates>18.476315,-34.090019,518.16 18.476202,-34.088882,487.68</coordinates>
          </LineString>
        </MultiGeometry>
        <name>P-393</name>
        <description><![CDATA[<div><div><span><b>Altitude:</b></span> <span>1,700 ft - 1,600 ft</span></div>
<div><span><b>Speed:</b></span> <span>131 kt - 132 kt</span></div>
<div><span><b>Timestamp:</b></span><br/><span>2025-11-02 07:37:08 UTC<br/>2025-11-02 07:37:10 UTC</span></div>
</div>]]></description>
      </Placemark>
      <Placemark>
        <Style>
          <LineStyle>
            <color>ffccff00</color>
            <width>2</width>
          </LineStyle>
        </Style>
        <MultiGeometry>
          <LineString>
            <tessellate>1</tessellate>
            <altitudeMode>absolute</altitudeMode>
            <coordinates>18.476202,-34.088882,487.68 18.476086,-34.087597,487.68</coordinates>
          </LineString>
        </MultiGeometry>
        <name>P-394</name>
        <description><![CDATA[<div><div><span><b>Altitude:</b></span> <span>1,600 ft</span></div>
<div><span><b>Speed:</b></span> <span>132 kt</span></div>
<div><span><b>Timestamp:</b></span><br/><span>2025-11-02 07:37:10 UTC<br/>2025-11-02 07:37:13 UTC</span></div>
</div>]]></description>
      </Placemark>
      <Placemark>
        <Style>
          <LineStyle>
            <color>ffccff00</color>
            <width>2</width>
          </LineStyle>
        </Style>
        <MultiGeometry>
          <LineString>
            <tessellate>1</tessellate>
            <altitudeMode>absolute</altitudeMode>
            <coordinates>18.476086,-34.087597,487.68 18.475971,-34.086246,487.68</coordinates>
          </LineString>
        </MultiGeometry>
        <name>P-395</name>
        <description><![CDATA[<div><div><span><b>Altitude:</b></span> <span>1,600 ft</span></div>
<div><span><b>Speed:</b></span> <span>132 kt - 133 kt</span></div>
<div><span><b>Timestamp:</b></span><br/><span>2025-11-02 07:37:13 UTC<br/>2025-11-02 07:37:15 UTC</span></div>
</div>]]></description>
      </Placemark>
      <Placemark>
        <Style>
          <LineStyle>
            <color>ffccff00</color>
            <width>2</width>
          </LineStyle>
        </Style>
        <MultiGeometry>
          <LineString>
            <tessellate>1</tessellate>
            <altitudeMode>absolute</altitudeMode>
            <coordinates>18.475971,-34.086246,487.68 18.475754,-34.084717,487.68</coordinates>
          </LineString>
        </MultiGeometry>
        <name>P-396</name>
        <description><![CDATA[<div><div><span><b>Altitude:</b></span> <span>1,600 ft</span></div>
<div><span><b>Speed:</b></span> <span>133 kt</span></div>
<div><span><b>Timestamp:</b></span><br/><span>2025-11-02 07:37:15 UTC<br/>2025-11-02 07:37:17 UTC</span></div>
</div>]]></description>
      </Placemark>
      <Placemark>
        <Style>
          <LineStyle>
            <color>ffccff00</color>
            <width>2</width>
          </LineStyle>
        </Style>
        <MultiGeometry>
          <LineString>
            <tessellate>1</tessellate>
            <altitudeMode>absolute</altitudeMode>
            <coordinates>18.475754,-34.084717,487.68 18.475628,-34.083546,487.68</coordinates>
          </LineString>
        </MultiGeometry>
        <name>P-397</name>
        <description><![CDATA[<div><div><span><b>Altitude:</b></span> <span>1,600 ft</span></div>
<div><span><b>Speed:</b></span> <span>133 kt</span></div>
<div><span><b>Timestamp:</b></span><br/><span>2025-11-02 07:37:17 UTC<br/>2025-11-02 07:37:19 UTC</span></div>
</div>]]></description>
      </Placemark>
      <Placemark>
        <Style>
          <LineStyle>
            <color>ffccff00</color>
            <width>2</width>
          </LineStyle>
        </Style>
        <MultiGeometry>
          <LineString>
            <tessellate>1</tessellate>
            <altitudeMode>absolute</altitudeMode>
            <coordinates>18.475628,-34.083546,487.68 18.475399,-34.082058,487.68</coordinates>
          </LineString>
        </MultiGeometry>
        <name>P-398</name>
        <description><![CDATA[<div><div><span><b>Altitude:</b></span> <span>1,600 ft</span></div>
<div><span><b>Speed:</b></span> <span>133 kt</span></div>
<div><span><b>Timestamp:</b></span><br/><span>2025-11-02 07:37:19 UTC<br/>2025-11-02 07:37:21 UTC</span></div>
</div>]]></description>
      </Placemark>
      <Placemark>
        <Style>
          <LineStyle>
            <color>ffccff00</color>
            <width>2</width>
          </LineStyle>
        </Style>
        <MultiGeometry>
          <LineString>
            <tessellate>1</tessellate>
            <altitudeMode>absolute</altitudeMode>
            <coordinates>18.475399,-34.082058,487.68 18.475227,-34.080894,487.68</coordinates>
          </LineString>
        </MultiGeometry>
        <name>P-399</name>
        <description><![CDATA[<div><div><span><b>Altitude:</b></span> <span>1,600 ft</span></div>
<div><span><b>Speed:</b></span> <span>133 kt - 134 kt</span></div>
<div><span><b>Timestamp:</b></span><br/><span>2025-11-02 07:37:21 UTC<br/>2025-11-02 07:37:23 UTC</span></div>
</div>]]></description>
      </Placemark>
      <Placemark>
        <Style>
          <LineStyle>
            <color>ffccff00</color>
            <width>2</width>
          </LineStyle>
        </Style>
        <MultiGeometry>
          <LineString>
            <tessellate>1</tessellate>
            <altitudeMode>absolute</altitudeMode>
            <coordinates>18.475227,-34.080894,487.68 18.475056,-34.079403,487.68</coordinates>
          </LineString>
        </MultiGeometry>
        <name>P-400</name>
        <description><![CDATA[<div><div><span><b>Altitude:</b></span> <span>1,600 ft</span></div>
<div><span><b>Speed:</b></span> <span>134 kt</span></div>
<div><span><b>Timestamp:</b></span><br/><span>2025-11-02 07:37:23 UTC<br/>2025-11-02 07:37:26 UTC</span></div>
</div>]]></description>
      </Placemark>
      <Placemark>
        <Style>
          <LineStyle>
            <color>ffccff00</color>
            <width>2</width>
          </LineStyle>
        </Style>
        <MultiGeometry>
          <LineString>
            <tessellate>1</tessellate>
            <altitudeMode>absolute</altitudeMode>
            <coordinates>18.475056,-34.079403,487.68 18.474426,-34.075352,457.2</coordinates>
          </LineString>
        </MultiGeometry>
        <name>P-401</name>
        <description><![CDATA[<div><div><span><b>Altitude:</b></span> <span>1,600 ft - 1,500 ft</span></div>
<div><span><b>Speed:</b></span> <span>134 kt</span></div>
<div><span><b>Timestamp:</b></span><br/><span>2025-11-02 07:37:26 UTC<br/>2025-11-02 07:37:32 UTC</span></div>
</div>]]></description>
      </Placemark>
      <Placemark>
        <Style>
          <LineStyle>
            <color>ffccff00</color>
            <width>2</width>
          </LineStyle>
        </Style>
        <MultiGeometry>
          <LineString>
            <tessellate>1</tessellate>
            <altitudeMode>absolute</altitudeMode>
            <coordinates>18.474426,-34.075352,457.2 18.474184,-34.074051,457.2</coordinates>
          </LineString>
        </MultiGeometry>
        <name>P-402</name>
        <description><![CDATA[<div><div><span><b>Altitude:</b></span> <span>1,500 ft</span></div>
<div><span><b>Speed:</b></span> <span>134 kt</span></div>
<div><span><b>Timestamp:</b></span><br/><span>2025-11-02 07:37:32 UTC<br/>2025-11-02 07:37:34 UTC</span></div>
</div>]]></description>
      </Placemark>
      <Placemark>
        <Style>
          <LineStyle>
            <color>ffccff00</color>
            <width>2</width>
          </LineStyle>
        </Style>
        <MultiGeometry>
          <LineString>
            <tessellate>1</tessellate>
            <altitudeMode>absolute</altitudeMode>
            <coordinates>18.474184,-34.074051,457.2 18.473396,-34.069767,457.2</coordinates>
          </LineString>
        </MultiGeometry>
        <name>P-403</name>
        <description><![CDATA[<div><div><span><b>Altitude:</b></span> <span>1,500 ft</span></div>
<div><span><b>Speed:</b></span> <span>134 kt - 135 kt</span></div>
<div><span><b>Timestamp:</b></span><br/><span>2025-11-02 07:37:34 UTC<br/>2025-11-02 07:37:41 UTC</span></div>
</div>]]></description>
      </Placemark>
      <Placemark>
        <Style>
          <LineStyle>
            <color>ffccff00</color>
            <width>2</width>
          </LineStyle>
        </Style>
        <MultiGeometry>
          <LineString>
            <tessellate>1</tessellate>
            <altitudeMode>absolute</altitudeMode>
            <coordinates>18.473396,-34.069767,457.2 18.47267,-34.065582,426.72</coordinates>
          </LineString>
        </MultiGeometry>
        <name>P-404</name>
        <description><![CDATA[<div><div><span><b>Altitude:</b></span> <span>1,500 ft - 1,400 ft</span></div>
<div><span><b>Speed:</b></span> <span>135 kt - 136 kt</span></div>
<div><span><b>Timestamp:</b></span><br/><span>2025-11-02 07:37:41 UTC<br/>2025-11-02 07:37:48 UTC</span></div>
</div>]]></description>
      </Placemark>
      <Placemark>
        <Style>
          <LineStyle>
            <color>ffccff00</color>
            <width>2</width>
          </LineStyle>
        </Style>
        <MultiGeometry>
          <LineString>
            <tessellate>1</tessellate>
            <altitudeMode>absolute</altitudeMode>
            <coordinates>18.47267,-34.065582,426.72 18.472538,-34.064274,426.72</coordinates>
          </LineString>
        </MultiGeometry>
        <name>P-405</name>
        <description><![CDATA[<div><div><span><b>Altitude:</b></span> <span>1,400 ft</span></div>
<div><span><b>Speed:</b></span> <span>136 kt</span></div>
<div><span><b>Timestamp:</b></span><br/><span>2025-11-02 07:37:48 UTC<br/>2025-11-02 07:37:50 UTC</span></div>
</div>]]></description>
      </Placemark>
      <Placemark>
        <Style>
          <LineStyle>
            <color>ffccff00</color>
            <width>2</width>
          </LineStyle>
        </Style>
        <MultiGeometry>
          <LineString>
            <tessellate>1</tessellate>
            <altitudeMode>absolute</altitudeMode>
            <coordinates>18.472538,-34.064274,426.72 18.472446,-34.062927,426.72</coordinates>
          </LineString>
        </MultiGeometry>
        <name>P-406</name>
        <description><![CDATA[<div><div><span><b>Altitude:</b></span> <span>1,400 ft</span></div>
<div><span><b>Speed:</b></span> <span>136 kt</span></div>
<div><span><b>Timestamp:</b></span><br/><span>2025-11-02 07:37:50 UTC<br/>2025-11-02 07:37:52 UTC</span></div>
</div>]]></description>
      </Placemark>
      <Placemark>
        <Style>
          <LineStyle>
            <color>ffccff00</color>
            <width>2</width>
          </LineStyle>
        </Style>
        <MultiGeometry>
          <LineString>
            <tessellate>1</tessellate>
            <altitudeMode>absolute</altitudeMode>
            <coordinates>18.472446,-34.062927,426.72 18.472309,-34.061668,426.72</coordinates>
          </LineString>
        </MultiGeometry>
        <name>P-407</name>
        <description><![CDATA[<div><div><span><b>Altitude:</b></span> <span>1,400 ft</span></div>
<div><span><b>Speed:</b></span> <span>136 kt</span></div>
<div><span><b>Timestamp:</b></span><br/><span>2025-11-02 07:37:52 UTC<br/>2025-11-02 07:37:54 UTC</span></div>
</div>]]></description>
      </Placemark>
      <Placemark>
        <Style>
          <LineStyle>
            <color>ffccff00</color>
            <width>2</width>
          </LineStyle>
        </Style>
        <MultiGeometry>
          <LineString>
            <tessellate>1</tessellate>
            <altitudeMode>absolute</altitudeMode>
            <coordinates>18.472309,-34.061668,426.72 18.472221,-34.060181,426.72</coordinates>
          </LineString>
        </MultiGeometry>
        <name>P-408</name>
        <description><![CDATA[<div><div><span><b>Altitude:</b></span> <span>1,400 ft</span></div>
<div><span><b>Speed:</b></span> <span>136 kt - 135 kt</span></div>
<div><span><b>Timestamp:</b></span><br/><span>2025-11-02 07:37:54 UTC<br/>2025-11-02 07:37:56 UTC</span></div>
</div>]]></description>
      </Placemark>
      <Placemark>
        <Style>
          <LineStyle>
            <color>ffccff00</color>
            <width>2</width>
          </LineStyle>
        </Style>
        <MultiGeometry>
          <LineString>
            <tessellate>1</tessellate>
            <altitudeMode>absolute</altitudeMode>
            <coordinates>18.472221,-34.060181,426.72 18.472137,-34.058872,426.72</coordinates>
          </LineString>
        </MultiGeometry>
        <name>P-409</name>
        <description><![CDATA[<div><div><span><b>Altitude:</b></span> <span>1,400 ft</span></div>
<div><span><b>Speed:</b></span> <span>135 kt</span></div>
<div><span><b>Timestamp:</b></span><br/><span>2025-11-02 07:37:56 UTC<br/>2025-11-02 07:37:59 UTC</span></div>
</div>]]></description>
      </Placemark>
      <Placemark>
        <Style>
          <LineStyle>
            <color>ffccff00</color>
            <width>2</width>
          </LineStyle>
        </Style>
        <MultiGeometry>
          <LineString>
            <tessellate>1</tessellate>
            <altitudeMode>absolute</altitudeMode>
            <coordinates>18.472137,-34.058872,426.72 18.47208,-34.057384,426.72</coordinates>
          </LineString>
        </MultiGeometry>
        <name>P-410</name>
        <description><![CDATA[<div><div><span><b>Altitude:</b></span> <span>1,400 ft</span></div>
<div><span><b>Speed:</b></span> <span>135 kt - 133 kt</span></div>
<div><span><b>Timestamp:</b></span><br/><span>2025-11-02 07:37:59 UTC<br/>2025-11-02 07:38:01 UTC</span></div>
</div>]]></description>
      </Placemark>
      <Placemark>
        <Style>
          <LineStyle>
            <color>ffccff00</color>
            <width>2</width>
          </LineStyle>
        </Style>
        <MultiGeometry>
          <LineString>
            <tessellate>1</tessellate>
            <altitudeMode>absolute</altitudeMode>
            <coordinates>18.47208,-34.057384,426.72 18.471998,-34.055969,426.72</coordinates>
          </LineString>
        </MultiGeometry>
        <name>P-411</name>
        <description><![CDATA[<div><div><span><b>Altitude:</b></span> <span>1,400 ft</span></div>
<div><span><b>Speed:</b></span> <span>133 kt</span></div>
<div><span><b>Timestamp:</b></span><br/><span>2025-11-02 07:38:01 UTC<br/>2025-11-02 07:38:04 UTC</span></div>
</div>]]></description>
      </Placemark>
      <Placemark>
        <Style>
          <LineStyle>
            <color>ffccff00</color>
            <width>2</width>
          </LineStyle>
        </Style>
        <MultiGeometry>
          <LineString>
            <tessellate>1</tessellate>
            <altitudeMode>absolute</altitudeMode>
            <coordinates>18.471998,-34.055969,426.72 18.471966,-34.054314,426.72</coordinates>
          </LineString>
        </MultiGeometry>
        <name>P-412</name>
        <description><![CDATA[<div><div><span><b>Altitude:</b></span> <span>1,400 ft</span></div>
<div><span><b>Speed:</b></span> <span>133 kt</span></div>
<div><span><b>Timestamp:</b></span><br/><span>2025-11-02 07:38:04 UTC<br/>2025-11-02 07:38:06 UTC</span></div>
</div>]]></description>
      </Placemark>
      <Placemark>
        <Style>
          <LineStyle>
            <color>ffccff00</color>
            <width>2</width>
          </LineStyle>
        </Style>
        <MultiGeometry>
          <LineString>
            <tessellate>1</tessellate>
            <altitudeMode>absolute</altitudeMode>
            <coordinates>18.471966,-34.054314,426.72 18.471909,-34.053009,396.24</coordinates>
          </LineString>
        </MultiGeometry>
        <name>P-413</name>
        <description><![CDATA[<div><div><span><b>Altitude:</b></span> <span>1,400 ft - 1,300 ft</span></div>
<div><span><b>Speed:</b></span> <span>133 kt</span></div>
<div><span><b>Timestamp:</b></span><br/><span>2025-11-02 07:38:06 UTC<br/>2025-11-02 07:38:08 UTC</span></div>
</div>]]></description>
      </Placemark>
      <Placemark>
        <Style>
          <LineStyle>
            <color>fff0ff00</color>
            <width>2</width>
          </LineStyle>
        </Style>
        <MultiGeometry>
          <LineString>
            <tessellate>1</tessellate>
            <altitudeMode>absolute</altitudeMode>
            <coordinates>18.471909,-34.053009,396.24 18.471909,-34.051472,396.24</coordinates>
          </LineString>
        </MultiGeometry>
        <name>P-414</name>
        <description><![CDATA[<div><div><span><b>Altitude:</b></span> <span>1,300 ft</span></div>
<div><span><b>Speed:</b></span> <span>133 kt - 132 kt</span></div>
<div><span><b>Timestamp:</b></span><br/><span>2025-11-02 07:38:08 UTC<br/>2025-11-02 07:38:10 UTC</span></div>
</div>]]></description>
      </Placemark>
      <Placemark>
        <Style>
          <LineStyle>
            <color>fff0ff00</color>
            <width>2</width>
          </LineStyle>
        </Style>
        <MultiGeometry>
          <LineString>
            <tessellate>1</tessellate>
            <altitudeMode>absolute</altitudeMode>
            <coordinates>18.471909,-34.051472,396.24 18.471886,-34.050293,426.72</coordinates>
          </LineString>
        </MultiGeometry>
        <name>P-415</name>
        <description><![CDATA[<div><div><span><b>Altitude:</b></span> <span>1,300 ft - 1,400 ft</span></div>
<div><span><b>Speed:</b></span> <span>132 kt - 133 kt</span></div>
<div><span><b>Timestamp:</b></span><br/><span>2025-11-02 07:38:10 UTC<br/>2025-11-02 07:38:13 UTC</span></div>
</div>]]></description>
      </Placemark>
      <Placemark>
        <Style>
          <LineStyle>
            <color>ffccff00</color>
            <width>2</width>
          </LineStyle>
        </Style>
        <MultiGeometry>
          <LineString>
            <tessellate>1</tessellate>
            <altitudeMode>absolute</altitudeMode>
            <coordinates>18.471886,-34.050293,426.72 18.471886,-34.04892,396.24</coordinates>
          </LineString>
        </MultiGeometry>
        <name>P-416</name>
        <description><![CDATA[<div><div><span><b>Altitude:</b></span> <span>1,400 ft - 1,300 ft</span></div>
<div><span><b>Speed:</b></span> <span>133 kt - 134 kt</span></div>
<div><span><b>Timestamp:</b></span><br/><span>2025-11-02 07:38:13 UTC<br/>2025-11-02 07:38:15 UTC</span></div>
</div>]]></description>
      </Placemark>
      <Placemark>
        <Style>
          <LineStyle>
            <color>fff0ff00</color>
            <width>2</width>
          </LineStyle>
        </Style>
        <MultiGeometry>
          <LineString>
            <tessellate>1</tessellate>
            <altitudeMode>absolute</altitudeMode>
            <coordinates>18.471886,-34.04892,396.24 18.471909,-34.047607,396.24</coordinates>
          </LineString>
        </MultiGeometry>
        <name>P-417</name>
        <description><![CDATA[<div><div><span><b>Altitude:</b></span> <span>1,300 ft</span></div>
<div><span><b>Speed:</b></span> <span>134 kt</span></div>
<div><span><b>Timestamp:</b></span><br/><span>2025-11-02 07:38:15 UTC<br/>2025-11-02 07:38:17 UTC</span></div>
</div>]]></description>
      </Placemark>
      <Placemark>
        <Style>
          <LineStyle>
            <color>fff0ff00</color>
            <width>2</width>
          </LineStyle>
        </Style>
        <MultiGeometry>
          <LineString>
            <tessellate>1</tessellate>
            <altitudeMode>absolute</altitudeMode>
            <coordinates>18.471909,-34.047607,396.24 18.471941,-34.04631,396.24</coordinates>
          </LineString>
        </MultiGeometry>
        <name>P-418</name>
        <description><![CDATA[<div><div><span><b>Altitude:</b></span> <span>1,300 ft</span></div>
<div><span><b>Speed:</b></span> <span>134 kt - 133 kt</span></div>
<div><span><b>Timestamp:</b></span><br/><span>2025-11-02 07:38:17 UTC<br/>2025-11-02 07:38:19 UTC</span></div>
</div>]]></description>
      </Placemark>
      <Placemark>
        <Style>
          <LineStyle>
            <color>fff0ff00</color>
            <width>2</width>
          </LineStyle>
        </Style>
        <MultiGeometry>
          <LineString>
            <tessellate>1</tessellate>
            <altitudeMode>absolute</altitudeMode>
            <coordinates>18.471941,-34.04631,396.24 18.471966,-34.040581,396.24</coordinates>
          </LineString>
        </MultiGeometry>
        <name>P-419</name>
        <description><![CDATA[<div><div><span><b>Altitude:</b></span> <span>1,300 ft</span></div>
<div><span><b>Speed:</b></span> <span>133 kt - 132 kt</span></div>
<div><span><b>Timestamp:</b></span><br/><span>2025-11-02 07:38:19 UTC<br/>2025-11-02 07:38:28 UTC</span></div>
</div>]]></description>
      </Placemark>
      <Placemark>
        <Style>
          <LineStyle>
            <color>fff0ff00</color>
            <width>2</width>
          </LineStyle>
        </Style>
        <MultiGeometry>
          <LineString>
            <tessellate>1</tessellate>
            <altitudeMode>absolute</altitudeMode>
            <coordinates>18.471966,-34.040581,396.24 18.471966,-34.035503,365.76</coordinates>
          </LineString>
        </MultiGeometry>
        <name>P-420</name>
        <description><![CDATA[<div><div><span><b>Altitude:</b></span> <span>1,300 ft - 1,200 ft</span></div>
<div><span><b>Speed:</b></span> <span>132 kt - 131 kt</span></div>
<div><span><b>Timestamp:</b></span><br/><span>2025-11-02 07:38:28 UTC<br/>2025-11-02 07:38:37 UTC</span></div>
</div>]]></description>
      </Placemark>
      <Placemark>
        <Style>
          <LineStyle>
            <color>fff0ff00</color>
            <width>2</width>
          </LineStyle>
        </Style>
        <MultiGeometry>
          <LineString>
            <tessellate>1</tessellate>
            <altitudeMode>absolute</altitudeMode>
            <coordinates>18.471966,-34.035503,365.76 18.471886,-34.031296,396.24</coordinates>
          </LineString>
        </MultiGeometry>
        <name>P-421</name>
        <description><![CDATA[<div><div><span><b>Altitude:</b></span> <span>1,200 ft - 1,300 ft</span></div>
<div><span><b>Speed:</b></span> <span>131 kt - 130 kt</span></div>
<div><span><b>Timestamp:</b></span><br/><span>2025-11-02 07:38:37 UTC<br/>2025-11-02 07:38:44 UTC</span></div>
</div>]]></description>
      </Placemark>
      <Placemark>
        <Style>
          <LineStyle>
            <color>fff0ff00</color>
            <width>2</width>
          </LineStyle>
        </Style>
        <MultiGeometry>
          <LineString>
            <tessellate>1</tessellate>
            <altitudeMode>absolute</altitudeMode>
            <coordinates>18.471886,-34.031296,396.24 18.471886,-34.027451,396.24</coordinates>
          </LineString>
        </MultiGeometry>
        <name>P-422</name>
        <description><![CDATA[<div><div><span><b>Altitude:</b></span> <span>1,300 ft</span></div>
<div><span><b>Speed:</b></span> <span>130 kt - 131 kt</span></div>
<div><span><b>Timestamp:</b></span><br/><span>2025-11-02 07:38:44 UTC<br/>2025-11-02 07:38:50 UTC</span></div>
</div>]]></description>
      </Placemark>
      <Placemark>
        <Style>
          <LineStyle>
            <color>fff0ff00</color>
            <width>2</width>
          </LineStyle>
        </Style>
        <MultiGeometry>
          <LineString>
            <tessellate>1</tessellate>
            <altitudeMode>absolute</altitudeMode>
            <coordinates>18.471886,-34.027451,396.24 18.471794,-34.022003,365.76</coordinates>
          </LineString>
        </MultiGeometry>
        <name>P-423</name>
        <description><![CDATA[<div><div><span><b>Altitude:</b></span> <span>1,300 ft - 1,200 ft</span></div>
<div><span><b>Speed:</b></span> <span>131 kt - 130 kt</span></div>
<div><span><b>Timestamp:</b></span><br/><span>2025-11-02 07:38:50 UTC<br/>2025-11-02 07:38:59 UTC</span></div>
</div>]]></description>
      </Placemark>
      <Placemark>
        <Style>
          <LineStyle>
            <color>fff0ff00</color>
            <width>2</width>
          </LineStyle>
        </Style>
        <MultiGeometry>
          <LineString>
            <tessellate>1</tessellate>
            <altitudeMode>absolute</altitudeMode>
            <coordinates>18.471794,-34.022003,365.76 18.471794,-34.018421,365.76</coordinates>
          </LineString>
        </MultiGeometry>
        <name>P-424</name>
        <description><![CDATA[<div><div><span><b>Altitude:</b></span> <span>1,200 ft</span></div>
<div><span><b>Speed:</b></span> <span>130 kt - 128 kt</span></div>
<div><span><b>Timestamp:</b></span><br/><span>2025-11-02 07:38:59 UTC<br/>2025-11-02 07:39:05 UTC</span></div>
</div>]]></description>
      </Placemark>
      <Placemark>
        <Style>
          <LineStyle>
            <color>fff0ff00</color>
            <width>2</width>
          </LineStyle>
        </Style>
        <MultiGeometry>
          <LineString>
            <tessellate>1</tessellate>
            <altitudeMode>absolute</altitudeMode>
            <coordinates>18.471794,-34.018421,365.76 18.471737,-34.013439,365.76</coordinates>
          </LineString>
        </MultiGeometry>
        <name>P-425</name>
        <description><![CDATA[<div><div><span><b>Altitude:</b></span> <span>1,200 ft</span></div>
<div><span><b>Speed:</b></span> <span>128 kt - 129 kt</span></div>
<div><span><b>Timestamp:</b></span><br/><span>2025-11-02 07:39:05 UTC<br/>2025-11-02 07:39:14 UTC</span></div>
</div>]]></description>
      </Placemark>
      <Placemark>
        <Style>
          <LineStyle>
            <color>fff0ff00</color>
            <width>2</width>
          </LineStyle>
        </Style>
        <MultiGeometry>
          <LineString>
            <tessellate>1</tessellate>
            <altitudeMode>absolute</altitudeMode>
            <coordinates>18.471737,-34.013439,365.76 18.471718,-34.012115,365.76</coordinates>
          </LineString>
        </MultiGeometry>
        <name>P-426</name>
        <description><![CDATA[<div><div><span><b>Altitude:</b></span> <span>1,200 ft</span></div>
<div><span><b>Speed:</b></span> <span>129 kt - 128 kt</span></div>
<div><span><b>Timestamp:</b></span><br/><span>2025-11-02 07:39:14 UTC<br/>2025-11-02 07:39:16 UTC</span></div>
</div>]]></description>
      </Placemark>
      <Placemark>
        <Style>
          <LineStyle>
            <color>fff0ff00</color>
            <width>2</width>
          </LineStyle>
        </Style>
        <MultiGeometry>
          <LineString>
            <tessellate>1</tessellate>
            <altitudeMode>absolute</altitudeMode>
            <coordinates>18.471718,-34.012115,365.76 18.471718,-34.010651,365.76</coordinates>
          </LineString>
        </MultiGeometry>
        <name>P-427</name>
        <description><![CDATA[<div><div><span><b>Altitude:</b></span> <span>1,200 ft</span></div>
<div><span><b>Speed:</b></span> <span>128 kt</span></div>
<div><span><b>Timestamp:</b></span><br/><span>2025-11-02 07:39:16 UTC<br/>2025-11-02 07:39:18 UTC</span></div>
</div>]]></description>
      </Placemark>
      <Placemark>
        <Style>
          <LineStyle>
            <color>fff0ff00</color>
            <width>2</width>
          </LineStyle>
        </Style>
        <MultiGeometry>
          <LineString>
            <tessellate>1</tessellate>
            <altitudeMode>absolute</altitudeMode>
            <coordinates>18.471718,-34.010651,365.76 18.471737,-34.009434,365.76</coordinates>
          </LineString>
        </MultiGeometry>
        <name>P-428</name>
        <description><![CDATA[<div><div><span><b>Altitude:</b></span> <span>1,200 ft</span></div>
<div><span><b>Speed:</b></span> <span>128 kt - 127 kt</span></div>
<div><span><b>Timestamp:</b></span><br/><span>2025-11-02 07:39:18 UTC<br/>2025-11-02 07:39:20 UTC</span></div>
</div>]]></description>
      </Placemark>
      <Placemark>
        <Style>
          <LineStyle>
            <color>fff0ff00</color>
            <width>2</width>
          </LineStyle>
        </Style>
        <MultiGeometry>
          <LineString>
            <tessellate>1</tessellate>
            <altitudeMode>absolute</altitudeMode>
            <coordinates>18.471737,-34.009434,365.76 18.471737,-34.008457,365.76</coordinates>
          </LineString>
        </MultiGeometry>
        <name>P-429</name>
        <description><![CDATA[<div><div><span><b>Altitude:</b></span> <span>1,200 ft</span></div>
<div><span><b>Speed:</b></span> <span>127 kt - 126 kt</span></div>
<div><span><b>Timestamp:</b></span><br/><span>2025-11-02 07:39:20 UTC<br/>2025-11-02 07:39:22 UTC</span></div>
</div>]]></description>
      </Placemark>
      <Placemark>
        <Style>
          <LineStyle>
            <color>fff0ff00</color>
            <width>2</width>
          </LineStyle>
        </Style>
        <MultiGeometry>
          <LineString>
            <tessellate>1</tessellate>
            <altitudeMode>absolute</altitudeMode>
            <coordinates>18.471737,-34.008457,365.76 18.471737,-34.007294,365.76</coordinates>
          </LineString>
        </MultiGeometry>
        <name>P-430</name>
        <description><![CDATA[<div><div><span><b>Altitude:</b></span> <span>1,200 ft</span></div>
<div><span><b>Speed:</b></span> <span>126 kt</span></div>
<div><span><b>Timestamp:</b></span><br/><span>2025-11-02 07:39:22 UTC<br/>2025-11-02 07:39:24 UTC</span></div>
</div>]]></description>
      </Placemark>
      <Placemark>
        <Style>
          <LineStyle>
            <color>fff0ff00</color>
            <width>2</width>
          </LineStyle>
        </Style>
        <MultiGeometry>
          <LineString>
            <tessellate>1</tessellate>
            <altitudeMode>absolute</altitudeMode>
            <coordinates>18.471737,-34.007294,365.76 18.471773,-34.005753,365.76</coordinates>
          </LineString>
        </MultiGeometry>
        <name>P-431</name>
        <description><![CDATA[<div><div><span><b>Altitude:</b></span> <span>1,200 ft</span></div>
<div><span><b>Speed:</b></span> <span>126 kt - 125 kt</span></div>
<div><span><b>Timestamp:</b></span><br/><span>2025-11-02 07:39:24 UTC<br/>2025-11-02 07:39:26 UTC</span></div>
</div>]]></description>
      </Placemark>
      <Placemark>
        <Style>
          <LineStyle>
            <color>fff0ff00</color>
            <width>2</width>
          </LineStyle>
        </Style>
        <MultiGeometry>
          <LineString>
            <tessellate>1</tessellate>
            <altitudeMode>absolute</altitudeMode>
            <coordinates>18.471773,-34.005753,365.76 18.471773,-34.004562,365.76</coordinates>
          </LineString>
        </MultiGeometry>
        <name>P-432</name>
        <description><![CDATA[<div><div><span><b>Altitude:</b></span> <span>1,200 ft</span></div>
<div><span><b>Speed:</b></span> <span>125 kt</span></div>
<div><span><b>Timestamp:</b></span><br/><span>2025-11-02 07:39:26 UTC<br/>2025-11-02 07:39:28 UTC</span></div>
</div>]]></description>
      </Placemark>
      <Placemark>
        <Style>
          <LineStyle>
            <color>fff0ff00</color>
            <width>2</width>
          </LineStyle>
        </Style>
        <MultiGeometry>
          <LineString>
            <tessellate>1</tessellate>
            <altitudeMode>absolute</altitudeMode>
            <coordinates>18.471773,-34.004562,365.76 18.471773,-34.003418,365.76</coordinates>
          </LineString>
        </MultiGeometry>
        <name>P-433</name>
        <description><![CDATA[<div><div><span><b>Altitude:</b></span> <span>1,200 ft</span></div>
<div><span><b>Speed:</b></span> <span>125 kt - 126 kt</span></div>
<div><span><b>Timestamp:</b></span><br/><span>2025-11-02 07:39:28 UTC<br/>2025-11-02 07:39:31 UTC</span></div>
</div>]]></description>
      </Placemark>
      <Placemark>
        <Style>
          <LineStyle>
            <color>fff0ff00</color>
            <width>2</width>
          </LineStyle>
        </Style>
        <MultiGeometry>
          <LineString>
            <tessellate>1</tessellate>
            <altitudeMode>absolute</altitudeMode>
            <coordinates>18.471773,-34.003418,365.76 18.471794,-34.001942,365.76</coordinates>
          </LineString>
        </MultiGeometry>
        <name>P-434</name>
        <description><![CDATA[<div><div><span><b>Altitude:</b></span> <span>1,200 ft</span></div>
<div><span><b>Speed:</b></span> <span>126 kt - 125 kt</span></div>
<div><span><b>Timestamp:</b></span><br/><span>2025-11-02 07:39:31 UTC<br/>2025-11-02 07:39:33 UTC</span></div>
</div>]]></description>
      </Placemark>
      <Placemark>
        <Style>
          <LineStyle>
            <color>fff0ff00</color>
            <width>2</width>
          </LineStyle>
        </Style>
        <MultiGeometry>
          <LineString>
            <tessellate>1</tessellate>
            <altitudeMode>absolute</altitudeMode>
            <coordinates>18.471794,-34.001942,365.76 18.471794,-33.998402,365.76</coordinates>
          </LineString>
        </MultiGeometry>
        <name>P-435</name>
        <description><![CDATA[<div><div><span><b>Altitude:</b></span> <span>1,200 ft</span></div>
<div><span><b>Speed:</b></span> <span>125 kt - 124 kt</span></div>
<div><span><b>Timestamp:</b></span><br/><span>2025-11-02 07:39:33 UTC<br/>2025-11-02 07:39:39 UTC</span></div>
</div>]]></description>
      </Placemark>
      <Placemark>
        <Style>
          <LineStyle>
            <color>fff0ff00</color>
            <width>2</width>
          </LineStyle>
        </Style>
        <MultiGeometry>
          <LineString>
            <tessellate>1</tessellate>
            <altitudeMode>absolute</altitudeMode>
            <coordinates>18.471794,-33.998402,365.76 18.471998,-33.993393,365.76</coordinates>
          </LineString>
        </MultiGeometry>
        <name>P-436</name>
        <description><![CDATA[<div><div><span><b>Altitude:</b></span> <span>1,200 ft</span></div>
<div><span><b>Speed:</b></span> <span>124 kt</span></div>
<div><span><b>Timestamp:</b></span><br/><span>2025-11-02 07:39:39 UTC<br/>2025-11-02 07:39:48 UTC</span></div>
</div>]]></description>
      </Placemark>
      <Placemark>
        <Style>
          <LineStyle>
            <color>fff0ff00</color>
            <width>2</width>
          </LineStyle>
        </Style>
        <MultiGeometry>
          <LineString>
            <tessellate>1</tessellate>
            <altitudeMode>absolute</altitudeMode>
            <coordinates>18.471998,-33.993393,365.76 18.47208,-33.992119,396.24</coordinates>
          </LineString>
        </MultiGeometry>
        <name>P-437</name>
        <description><![CDATA[<div><div><span><b>Altitude:</b></span> <span>1,200 ft - 1,300 ft</span></div>
<div><span><b>Speed:</b></span> <span>124 kt - 125 kt</span></div>
<div><span><b>Timestamp:</b></span><br/><span>2025-11-02 07:39:48 UTC<br/>2025-11-02 07:39:50 UTC</span></div>
</div>]]></description>
      </Placemark>
      <Placemark>
        <Style>
          <LineStyle>
            <color>fff0ff00</color>
            <width>2</width>
          </LineStyle>
        </Style>
        <MultiGeometry>
          <LineString>
            <tessellate>1</tessellate>
            <altitudeMode>absolute</altitudeMode>
            <coordinates>18.47208,-33.992119,396.24 18.472195,-33.991001,396.24</coordinates>
          </LineString>
        </MultiGeometry>
        <name>P-438</name>
        <description><![CDATA[<div><div><span><b>Altitude:</b></span> <span>1,300 ft</span></div>
<div><span><b>Speed:</b></span> <span>125 kt</span></div>
<div><span><b>Timestamp:</b></span><br/><span>2025-11-02 07:39:50 UTC<br/>2025-11-02 07:39:52 UTC</span></div>
</div>]]></description>
      </Placemark>
      <Placemark>
        <Style>
          <LineStyle>
            <color>fff0ff00</color>
            <width>2</width>
          </LineStyle>
        </Style>
        <MultiGeometry>
          <LineString>
            <tessellate>1</tessellate>
            <altitudeMode>absolute</altitudeMode>
            <coordinates>18.472195,-33.991001,396.24 18.472309,-33.989838,365.76</coordinates>
          </LineString>
        </MultiGeometry>
        <name>P-439</name>
        <description><![CDATA[<div><div><span><b>Altitude:</b></span> <span>1,300 ft - 1,200 ft</span></div>
<div><span><b>Speed:</b></span> <span>125 kt - 126 kt</span></div>
<div><span><b>Timestamp:</b></span><br/><span>2025-11-02 07:39:52 UTC<br/>2025-11-02 07:39:54 UTC</span></div>
</div>]]></description>
      </Placemark>
      <Placemark>
        <Style>
          <LineStyle>
            <color>fff0ff00</color>
            <width>2</width>
          </LineStyle>
        </Style>
        <MultiGeometry>
          <LineString>
            <tessellate>1</tessellate>
            <altitudeMode>absolute</altitudeMode>
            <coordinates>18.472309,-33.989838,365.76 18.472424,-33.988674,365.76</coordinates>
          </LineString>
        </MultiGeometry>
        <name>P-440</name>
        <description><![CDATA[<div><div><span><b>Altitude:</b></span> <span>1,200 ft</span></div>
<div><span><b>Speed:</b></span> <span>126 kt</span></div>
<div><span><b>Timestamp:</b></span><br/><span>2025-11-02 07:39:54 UTC<br/>2025-11-02 07:39:56 UTC</span></div>
</div>]]></description>
      </Placemark>
      <Placemark>
        <Style>
          <LineStyle>
            <color>fff0ff00</color>
            <width>2</width>
          </LineStyle>
        </Style>
        <MultiGeometry>
          <LineString>
            <tessellate>1</tessellate>
            <altitudeMode>absolute</altitudeMode>
            <coordinates>18.472424,-33.988674,365.76 18.472557,-33.987442,396.24</coordinates>
          </LineString>
        </MultiGeometry>
        <name>P-441</name>
        <description><![CDATA[<div><div><span><b>Altitude:</b></span> <span>1,200 ft - 1,300 ft</span></div>
<div><span><b>Speed:</b></span> <span>126 kt</span></div>
<div><span><b>Timestamp:</b></span><br/><span>2025-11-02 07:39:56 UTC<br/>2025-11-02 07:39:58 UTC</span></div>
</div>]]></description>
      </Placemark>
      <Placemark>
        <Style>
          <LineStyle>
            <color>fff0ff00</color>
            <width>2</width>
          </LineStyle>
        </Style>
        <MultiGeometry>
          <LineString>
            <tessellate>1</tessellate>
            <altitudeMode>absolute</altitudeMode>
            <coordinates>18.472557,-33.987442,396.24 18.47267,-33.986252,396.24</coordinates>
          </LineString>
        </MultiGeometry>
        <name>P-442</name>
        <description><![CDATA[<div><div><span><b>Altitude:</b></span> <span>1,300 ft</span></div>
<div><span><b>Speed:</b></span> <span>126 kt - 127 kt</span></div>
<div><span><b>Timestamp:</b></span><br/><span>2025-11-02 07:39:58 UTC<br/>2025-11-02 07:40:00 UTC</span></div>
</div>]]></description>
      </Placemark>
      <Placemark>
        <Style>
          <LineStyle>
            <color>fff0ff00</color>
            <width>2</width>
          </LineStyle>
        </Style>
        <MultiGeometry>
          <LineString>
            <tessellate>1</tessellate>
            <altitudeMode>absolute</altitudeMode>
            <coordinates>18.47267,-33.986252,396.24 18.472895,-33.98497,365.76</coordinates>
          </LineString>
        </MultiGeometry>
        <name>P-443</name>
        <description><![CDATA[<div><div><span><b>Altitude:</b></span> <span>1,300 ft - 1,200 ft</span></div>
<div><span><b>Speed:</b></span> <span>127 kt - 128 kt</span></div>
<div><span><b>Timestamp:</b></span><br/><span>2025-11-02 07:40:00 UTC<br/>2025-11-02 07:40:02 UTC</span></div>
</div>]]></description>
      </Placemark>
      <Placemark>
        <Style>
          <LineStyle>
            <color>fff0ff00</color>
            <width>2</width>
          </LineStyle>
        </Style>
        <MultiGeometry>
          <LineString>
            <tessellate>1</tessellate>
            <altitudeMode>absolute</altitudeMode>
            <coordinates>18.472895,-33.98497,365.76 18.473167,-33.983368,365.76</coordinates>
          </LineString>
        </MultiGeometry>
        <name>P-444</name>
        <description><![CDATA[<div><div><span><b>Altitude:</b></span> <span>1,200 ft</span></div>
<div><span><b>Speed:</b></span> <span>128 kt</span></div>
<div><span><b>Timestamp:</b></span><br/><span>2025-11-02 07:40:02 UTC<br/>2025-11-02 07:40:05 UTC</span></div>
</div>]]></description>
      </Placemark>
      <Placemark>
        <Style>
          <LineStyle>
            <color>fff0ff00</color>
            <width>2</width>
          </LineStyle>
        </Style>
        <MultiGeometry>
          <LineString>
            <tessellate>1</tessellate>
            <altitudeMode>absolute</altitudeMode>
            <coordinates>18.473167,-33.983368,365.76 18.473396,-33.982342,365.76</coordinates>
          </LineString>
        </MultiGeometry>
        <name>P-445</name>
        <description><![CDATA[<div><div><span><b>Altitude:</b></span> <span>1,200 ft</span></div>
<div><span><b>Speed:</b></span> <span>128 kt - 129 kt</span></div>
<div><span><b>Timestamp:</b></span><br/><span>2025-11-02 07:40:05 UTC<br/>2025-11-02 07:40:07 UTC</span></div>
</div>]]></description>
      </Placemark>
      <Placemark>
        <Style>
          <LineStyle>
            <color>fff0ff00</color>
            <width>2</width>
          </LineStyle>
        </Style>
        <MultiGeometry>
          <LineString>
            <tessellate>1</tessellate>
            <altitudeMode>absolute</altitudeMode>
            <coordinates>18.473396,-33.982342,365.76 18.473679,-33.981079,365.76</coordinates>
          </LineString>
        </MultiGeometry>
        <name>P-446</name>
        <description><![CDATA[<div><div><span><b>Altitude:</b></span> <span>1,200 ft</span></div>
<div><span><b>Speed:</b></span> <span>129 kt</span></div>
<div><span><b>Timestamp:</b></span><br/><span>2025-11-02 07:40:07 UTC<br/>2025-11-02 07:40:09 UTC</span></div>
</div>]]></description>
      </Placemark>
      <Placemark>
        <Style>
          <LineStyle>
            <color>fff0ff00</color>
            <width>2</width>
          </LineStyle>
        </Style>
        <MultiGeometry>
          <LineString>
            <tessellate>1</tessellate>
            <altitudeMode>absolute</altitudeMode>
            <coordinates>18.473679,-33.981079,365.76 18.474197,-33.979504,365.76</coordinates>
          </LineString>
        </MultiGeometry>
        <name>P-447</name>
        <description><![CDATA[<div><div><span><b>Altitude:</b></span> <span>1,200 ft</span></div>
<div><span><b>Speed:</b></span> <span>129 kt</span></div>
<div><span><b>Timestamp:</b></span><br/><span>2025-11-02 07:40:09 UTC<br/>2025-11-02 07:40:11 UTC</span></div>
</div>]]></description>
      </Placemark>
      <Placemark>
        <Style>
          <LineStyle>
            <color>fff0ff00</color>
            <width>2</width>
          </LineStyle>
        </Style>
        <MultiGeometry>
          <LineString>
            <tessellate>1</tessellate>
            <altitudeMode>absolute</altitudeMode>
            <coordinates>18.474197,-33.979504,365.76 18.474688,-33.978058,365.76</coordinates>
          </LineString>
        </MultiGeometry>
        <name>P-448</name>
        <description><![CDATA[<div><div><span><b>Altitude:</b></span> <span>1,200 ft</span></div>
<div><span><b>Speed:</b></span> <span>129 kt</span></div>
<div><span><b>Timestamp:</b></span><br/><span>2025-11-02 07:40:11 UTC<br/>2025-11-02 07:40:14 UTC</span></div>
</div>]]></description>
      </Placemark>
      <Placemark>
        <Style>
          <LineStyle>
            <color>fff0ff00</color>
            <width>2</width>
          </LineStyle>
        </Style>
        <MultiGeometry>
          <LineString>
            <tessellate>1</tessellate>
            <altitudeMode>absolute</altitudeMode>
            <coordinates>18.474688,-33.978058,365.76 18.475136,-33.976913,365.76</coordinates>
          </LineString>
        </MultiGeometry>
        <name>P-449</name>
        <description><![CDATA[<div><div><span><b>Altitude:</b></span> <span>1,200 ft</span></div>
<div><span><b>Speed:</b></span> <span>129 kt</span></div>
<div><span><b>Timestamp:</b></span><br/><span>2025-11-02 07:40:14 UTC<br/>2025-11-02 07:40:16 UTC</span></div>
</div>]]></description>
      </Placemark>
      <Placemark>
        <Style>
          <LineStyle>
            <color>fff0ff00</color>
            <width>2</width>
          </LineStyle>
        </Style>
        <MultiGeometry>
          <LineString>
            <tessellate>1</tessellate>
            <altitudeMode>absolute</altitudeMode>
            <coordinates>18.475136,-33.976913,365.76 18.475754,-33.975449,365.76</coordinates>
          </LineString>
        </MultiGeometry>
        <name>P-450</name>
        <description><![CDATA[<div><div><span><b>Altitude:</b></span> <span>1,200 ft</span></div>
<div><span><b>Speed:</b></span> <span>129 kt</span></div>
<div><span><b>Timestamp:</b></span><br/><span>2025-11-02 07:40:16 UTC<br/>2025-11-02 07:40:18 UTC</span></div>
</div>]]></description>
      </Placemark>
      <Placemark>
        <Style>
          <LineStyle>
            <color>fff0ff00</color>
            <width>2</width>
          </LineStyle>
        </Style>
        <MultiGeometry>
          <LineString>
            <tessellate>1</tessellate>
            <altitudeMode>absolute</altitudeMode>
            <coordinates>18.475754,-33.975449,365.76 18.476257,-33.974243,365.76</coordinates>
          </LineString>
        </MultiGeometry>
        <name>P-451</name>
        <description><![CDATA[<div><div><span><b>Altitude:</b></span> <span>1,200 ft</span></div>
<div><span><b>Speed:</b></span> <span>129 kt</span></div>
<div><span><b>Timestamp:</b></span><br/><span>2025-11-02 07:40:18 UTC<br/>2025-11-02 07:40:20 UTC</span></div>
</div>]]></description>
      </Placemark>
      <Placemark>
        <Style>
          <LineStyle>
            <color>fff0ff00</color>
            <width>2</width>
          </LineStyle>
        </Style>
        <MultiGeometry>
          <LineString>
            <tessellate>1</tessellate>
            <altitudeMode>absolute</altitudeMode>
            <coordinates>18.476257,-33.974243,365.76 18.476715,-33.973125,365.76</coordinates>
          </LineString>
        </MultiGeometry>
        <name>P-452</name>
        <description><![CDATA[<div><div><span><b>Altitude:</b></span> <span>1,200 ft</span></div>
<div><span><b>Speed:</b></span> <span>129 kt</span></div>
<div><span><b>Timestamp:</b></span><br/><span>2025-11-02 07:40:20 UTC<br/>2025-11-02 07:40:23 UTC</span></div>
</div>]]></description>
      </Placemark>
      <Placemark>
        <Style>
          <LineStyle>
            <color>fff0ff00</color>
            <width>2</width>
          </LineStyle>
        </Style>
        <MultiGeometry>
          <LineString>
            <tessellate>1</tessellate>
            <altitudeMode>absolute</altitudeMode>
            <coordinates>18.476715,-33.973125,365.76 18.477211,-33.971924,335.28</coordinates>
          </LineString>
        </MultiGeometry>
        <name>P-453</name>
        <description><![CDATA[<div><div><span><b>Altitude:</b></span> <span>1,200 ft - 1,100 ft</span></div>
<div><span><b>Speed:</b></span> <span>129 kt</span></div>
<div><span><b>Timestamp:</b></span><br/><span>2025-11-02 07:40:23 UTC<br/>2025-11-02 07:40:25 UTC</span></div>
</div>]]></description>
      </Placemark>
      <Placemark>
        <Style>
          <LineStyle>
            <color>fff0ff00</color>
            <width>2</width>
          </LineStyle>
        </Style>
        <MultiGeometry>
          <LineString>
            <tessellate>1</tessellate>
            <altitudeMode>absolute</altitudeMode>
            <coordinates>18.477211,-33.971924,335.28 18.477659,-33.970825,335.28</coordinates>
          </LineString>
        </MultiGeometry>
        <name>P-454</name>
        <description><![CDATA[<div><div><span><b>Altitude:</b></span> <span>1,100 ft</span></div>
<div><span><b>Speed:</b></span> <span>129 kt - 130 kt</span></div>
<div><span><b>Timestamp:</b></span><br/><span>2025-11-02 07:40:25 UTC<br/>2025-11-02 07:40:27 UTC</span></div>
</div>]]></description>
      </Placemark>
      <Placemark>
        <Style>
          <LineStyle>
            <color>fff0ff00</color>
            <width>2</width>
          </LineStyle>
        </Style>
        <MultiGeometry>
          <LineString>
            <tessellate>1</tessellate>
            <altitudeMode>absolute</altitudeMode>
            <coordinates>18.477659,-33.970825,335.28 18.47826,-33.969494,335.28</coordinates>
          </LineString>
        </MultiGeometry>
        <name>P-455</name>
        <description><![CDATA[<div><div><span><b>Altitude:</b></span> <span>1,100 ft</span></div>
<div><span><b>Speed:</b></span> <span>130 kt</span></div>
<div><span><b>Timestamp:</b></span><br/><span>2025-11-02 07:40:27 UTC<br/>2025-11-02 07:40:29 UTC</span></div>
</div>]]></description>
      </Placemark>
      <Placemark>
        <Style>
          <LineStyle>
            <color>fff0ff00</color>
            <width>2</width>
          </LineStyle>
        </Style>
        <MultiGeometry>
          <LineString>
            <tessellate>1</tessellate>
            <altitudeMode>absolute</altitudeMode>
            <coordinates>18.47826,-33.969494,335.28 18.478779,-33.96817,335.28</coordinates>
          </LineString>
        </MultiGeometry>
        <name>P-456</name>
        <description><![CDATA[<div><div><span><b>Altitude:</b></span> <span>1,100 ft</span></div>
<div><span><b>Speed:</b></span> <span>130 kt - 131 kt</span></div>
<div><span><b>Timestamp:</b></span><br/><span>2025-11-02 07:40:29 UTC<br/>2025-11-02 07:40:31 UTC</span></div>
</div>]]></description>
      </Placemark>
      <Placemark>
        <Style>
          <LineStyle>
            <color>fff0ff00</color>
            <width>2</width>
          </LineStyle>
        </Style>
        <MultiGeometry>
          <LineString>
            <tessellate>1</tessellate>
            <altitudeMode>absolute</altitudeMode>
            <coordinates>18.478779,-33.96817,335.28 18.47934,-33.966888,304.8</coordinates>
          </LineString>
        </MultiGeometry>
        <name>P-457</name>
        <description><![CDATA[<div><div><span><b>Altitude:</b></span> <span>1,100 ft - 1,000 ft</span></div>
<div><span><b>Speed:</b></span> <span>131 kt - 132 kt</span></div>
<div><span><b>Timestamp:</b></span><br/><span>2025-11-02 07:40:31 UTC<br/>2025-11-02 07:40:34 UTC</span></div>
</div>]]></description>
      </Placemark>
      <Placemark>
        <Style>
          <LineStyle>
            <color>fff0ff00</color>
            <width>2</width>
          </LineStyle>
        </Style>
        <MultiGeometry>
          <LineString>
            <tessellate>1</tessellate>
            <altitudeMode>absolute</altitudeMode>
            <coordinates>18.47934,-33.966888,304.8 18.479805,-33.965725,304.8</coordinates>
          </LineString>
        </MultiGeometry>
        <name>P-458</name>
        <description><![CDATA[<div><div><span><b>Altitude:</b></span> <span>1,000 ft</span></div>
<div><span><b>Speed:</b></span> <span>132 kt - 131 kt</span></div>
<div><span><b>Timestamp:</b></span><br/><span>2025-11-02 07:40:34 UTC<br/>2025-11-02 07:40:36 UTC</span></div>
</div>]]></description>
      </Placemark>
      <Placemark>
        <Style>
          <LineStyle>
            <color>fff0ff00</color>
            <width>2</width>
          </LineStyle>
        </Style>
        <MultiGeometry>
          <LineString>
            <tessellate>1</tessellate>
            <altitudeMode>absolute</altitudeMode>
            <coordinates>18.479805,-33.965725,304.8 18.480349,-33.964325,304.8</coordinates>
          </LineString>
        </MultiGeometry>
        <name>P-459</name>
        <description><![CDATA[<div><div><span><b>Altitude:</b></span> <span>1,000 ft</span></div>
<div><span><b>Speed:</b></span> <span>131 kt - 132 kt</span></div>
<div><span><b>Timestamp:</b></span><br/><span>2025-11-02 07:40:36 UTC<br/>2025-11-02 07:40:38 UTC</span></div>
</div>]]></description>
      </Placemark>
      <Placemark>
        <Style>
          <LineStyle>
            <color>fff0ff00</color>
            <width>2</width>
          </LineStyle>
        </Style>
        <MultiGeometry>
          <LineString>
            <tessellate>1</tessellate>
            <altitudeMode>absolute</altitudeMode>
            <coordinates>18.480349,-33.964325,304.8 18.480967,-33.962814,304.8</coordinates>
          </LineString>
        </MultiGeometry>
        <name>P-460</name>
        <description><![CDATA[<div><div><span><b>Altitude:</b></span> <span>1,000 ft</span></div>
<div><span><b>Speed:</b></span> <span>132 kt</span></div>
<div><span><b>Timestamp:</b></span><br/><span>2025-11-02 07:40:38 UTC<br/>2025-11-02 07:40:40 UTC</span></div>
</div>]]></description>
      </Placemark>
      <Placemark>
        <Style>
          <LineStyle>
            <color>fff0ff00</color>
            <width>2</width>
          </LineStyle>
        </Style>
        <MultiGeometry>
          <LineString>
            <tessellate>1</tessellate>
            <altitudeMode>absolute</altitudeMode>
            <coordinates>18.480967,-33.962814,304.8 18.481865,-33.960415,274.32</coordinates>
          </LineString>
        </MultiGeometry>
        <name>P-461</name>
        <description><![CDATA[<div><div><span><b>Altitude:</b></span> <span>1,000 ft - 900 ft</span></div>
<div><span><b>Speed:</b></span> <span>132 kt - 133 kt</span></div>
<div><span><b>Timestamp:</b></span><br/><span>2025-11-02 07:40:40 UTC<br/>2025-11-02 07:40:45 UTC</span></div>
</div>]]></description>
      </Placemark>
      <Placemark>
        <Style>
          <LineStyle>
            <color>ffffea00</color>
            <width>2</width>
          </LineStyle>
        </Style>
        <MultiGeometry>
          <LineString>
            <tessellate>1</tessellate>
            <altitudeMode>absolute</altitudeMode>
            <coordinates>18.481865,-33.960415,274.32 18.483152,-33.956635,274.32</coordinates>
          </LineString>
        </MultiGeometry>
        <name>P-462</name>
        <description><![CDATA[<div><div><span><b>Altitude:</b></span> <span>900 ft</span></div>
<div><span><b>Speed:</b></span> <span>133 kt - 134 kt</span></div>
<div><span><b>Timestamp:</b></span><br/><span>2025-11-02 07:40:45 UTC<br/>2025-11-02 07:40:51 UTC</span></div>
</div>]]></description>
      </Placemark>
      <Placemark>
        <Style>
          <LineStyle>
            <color>ffffea00</color>
            <width>2</width>
          </LineStyle>
        </Style>
        <MultiGeometry>
          <LineString>
            <tessellate>1</tessellate>
            <altitudeMode>absolute</altitudeMode>
            <coordinates>18.483152,-33.956635,274.32 18.483582,-33.955204,274.32</coordinates>
          </LineString>
        </MultiGeometry>
        <name>P-463</name>
        <description><![CDATA[<div><div><span><b>Altitude:</b></span> <span>900 ft</span></div>
<div><span><b>Speed:</b></span> <span>134 kt - 132 kt</span></div>
<div><span><b>Timestamp:</b></span><br/><span>2025-11-02 07:40:51 UTC<br/>2025-11-02 07:40:53 UTC</span></div>
</div>]]></description>
      </Placemark>
      <Placemark>
        <Style>
          <LineStyle>
            <color>ffffea00</color>
            <width>2</width>
          </LineStyle>
        </Style>
        <MultiGeometry>
          <LineString>
            <tessellate>1</tessellate>
            <altitudeMode>absolute</altitudeMode>
            <coordinates>18.483582,-33.955204,274.32 18.483994,-33.953888,243.84</coordinates>
          </LineString>
        </MultiGeometry>
        <name>P-464</name>
        <description><![CDATA[<div><div><span><b>Altitude:</b></span> <span>900 ft - 800 ft</span></div>
<div><span><b>Speed:</b></span> <span>132 kt</span></div>
<div><span><b>Timestamp:</b></span><br/><span>2025-11-02 07:40:53 UTC<br/>2025-11-02 07:40:55 UTC</span></div>
</div>]]></description>
      </Placemark>
      <Placemark>
        <Style>
          <LineStyle>
            <color>ffffea00</color>
            <width>2</width>
          </LineStyle>
        </Style>
        <MultiGeometry>
          <LineString>
            <tessellate>1</tessellate>
            <altitudeMode>absolute</altitudeMode>
            <coordinates>18.483994,-33.953888,243.84 18.484272,-33.952698,243.84</coordinates>
          </LineString>
        </MultiGeometry>
        <name>P-465</name>
        <description><![CDATA[<div><div><span><b>Altitude:</b></span> <span>800 ft</span></div>
<div><span><b>Speed:</b></span> <span>132 kt - 131 kt</span></div>
<div><span><b>Timestamp:</b></span><br/><span>2025-11-02 07:40:55 UTC<br/>2025-11-02 07:40:58 UTC</span></div>
</div>]]></description>
      </Placemark>
      <Placemark>
        <Style>
          <LineStyle>
            <color>ffffea00</color>
            <width>2</width>
          </LineStyle>
        </Style>
        <MultiGeometry>
          <LineString>
            <tessellate>1</tessellate>
            <altitudeMode>absolute</altitudeMode>
            <coordinates>18.484272,-33.952698,243.84 18.484669,-33.951431,243.84</coordinates>
          </LineString>
        </MultiGeometry>
        <name>P-466</name>
        <description><![CDATA[<div><div><span><b>Altitude:</b></span> <span>800 ft</span></div>
<div><span><b>Speed:</b></span> <span>131 kt</span></div>
<div><span><b>Timestamp:</b></span><br/><span>2025-11-02 07:40:58 UTC<br/>2025-11-02 07:41:00 UTC</span></div>
</div>]]></description>
      </Placemark>
      <Placemark>
        <Style>
          <LineStyle>
            <color>ffffea00</color>
            <width>2</width>
          </LineStyle>
        </Style>
        <MultiGeometry>
          <LineString>
            <tessellate>1</tessellate>
            <altitudeMode>absolute</altitudeMode>
            <coordinates>18.484669,-33.951431,243.84 18.484945,-33.950226,243.84</coordinates>
          </LineString>
        </MultiGeometry>
        <name>P-467</name>
        <description><![CDATA[<div><div><span><b>Altitude:</b></span> <span>800 ft</span></div>
<div><span><b>Speed:</b></span> <span>131 kt - 129 kt</span></div>
<div><span><b>Timestamp:</b></span><br/><span>2025-11-02 07:41:00 UTC<br/>2025-11-02 07:41:02 UTC</span></div>
</div>]]></description>
      </Placemark>
      <Placemark>
        <Style>
          <LineStyle>
            <color>ffffea00</color>
            <width>2</width>
          </LineStyle>
        </Style>
        <MultiGeometry>
          <LineString>
            <tessellate>1</tessellate>
            <altitudeMode>absolute</altitudeMode>
            <coordinates>18.484945,-33.950226,243.84 18.485281,-33.948807,243.84</coordinates>
          </LineString>
        </MultiGeometry>
        <name>P-468</name>
        <description><![CDATA[<div><div><span><b>Altitude:</b></span> <span>800 ft</span></div>
<div><span><b>Speed:</b></span> <span>129 kt</span></div>
<div><span><b>Timestamp:</b></span><br/><span>2025-11-02 07:41:02 UTC<br/>2025-11-02 07:41:04 UTC</span></div>
</div>]]></description>
      </Placemark>
      <Placemark>
        <Style>
          <LineStyle>
            <color>ffffea00</color>
            <width>2</width>
          </LineStyle>
        </Style>
        <MultiGeometry>
          <LineString>
            <tessellate>1</tessellate>
            <altitudeMode>absolute</altitudeMode>
            <coordinates>18.485281,-33.948807,243.84 18.485451,-33.947617,243.84</coordinates>
          </LineString>
        </MultiGeometry>
        <name>P-469</name>
        <description><![CDATA[<div><div><span><b>Altitude:</b></span> <span>800 ft</span></div>
<div><span><b>Speed:</b></span> <span>129 kt</span></div>
<div><span><b>Timestamp:</b></span><br/><span>2025-11-02 07:41:04 UTC<br/>2025-11-02 07:41:06 UTC</span></div>
</div>]]></description>
      </Placemark>
      <Placemark>
        <Style>
          <LineStyle>
            <color>ffffea00</color>
            <width>2</width>
          </LineStyle>
        </Style>
        <MultiGeometry>
          <LineString>
            <tessellate>1</tessellate>
            <altitudeMode>absolute</altitudeMode>
            <coordinates>18.485451,-33.947617,243.84 18.485641,-33.946125,243.84</coordinates>
          </LineString>
        </MultiGeometry>
        <name>P-470</name>
        <description><![CDATA[<div><div><span><b>Altitude:</b></span> <span>800 ft</span></div>
<div><span><b>Speed:</b></span> <span>129 kt</span></div>
<div><span><b>Timestamp:</b></span><br/><span>2025-11-02 07:41:06 UTC<br/>2025-11-02 07:41:08 UTC</span></div>
</div>]]></description>
      </Placemark>
      <Placemark>
        <Style>
          <LineStyle>
            <color>ffffea00</color>
            <width>2</width>
          </LineStyle>
        </Style>
        <MultiGeometry>
          <LineString>
            <tessellate>1</tessellate>
            <altitudeMode>absolute</altitudeMode>
            <coordinates>18.485641,-33.946125,243.84 18.485699,-33.944916,243.84</coordinates>
          </LineString>
        </MultiGeometry>
        <name>P-471</name>
        <description><![CDATA[<div><div><span><b>Altitude:</b></span> <span>800 ft</span></div>
<div><span><b>Speed:</b></span> <span>129 kt</span></div>
<div><span><b>Timestamp:</b></span><br/><span>2025-11-02 07:41:08 UTC<br/>2025-11-02 07:41:11 UTC</span></div>
</div>]]></description>
      </Placemark>
      <Placemark>
        <Style>
          <LineStyle>
            <color>ffffea00</color>
            <width>2</width>
          </LineStyle>
        </Style>
        <MultiGeometry>
          <LineString>
            <tessellate>1</tessellate>
            <altitudeMode>absolute</altitudeMode>
            <coordinates>18.485699,-33.944916,243.84 18.485699,-33.943703,213.36</coordinates>
          </LineString>
        </MultiGeometry>
        <name>P-472</name>
        <description><![CDATA[<div><div><span><b>Altitude:</b></span> <span>800 ft - 700 ft</span></div>
<div><span><b>Speed:</b></span> <span>129 kt</span></div>
<div><span><b>Timestamp:</b></span><br/><span>2025-11-02 07:41:11 UTC<br/>2025-11-02 07:41:13 UTC</span></div>
</div>]]></description>
      </Placemark>
      <Placemark>
        <Style>
          <LineStyle>
            <color>ffffea00</color>
            <width>2</width>
          </LineStyle>
        </Style>
        <MultiGeometry>
          <LineString>
            <tessellate>1</tessellate>
            <altitudeMode>absolute</altitudeMode>
            <coordinates>18.485699,-33.943703,213.36 18.485561,-33.942215,243.84</coordinates>
          </LineString>
        </MultiGeometry>
        <name>P-473</name>
        <description><![CDATA[<div><div><span><b>Altitude:</b></span> <span>700 ft - 800 ft</span></div>
<div><span><b>Speed:</b></span> <span>129 kt</span></div>
<div><span><b>Timestamp:</b></span><br/><span>2025-11-02 07:41:13 UTC<br/>2025-11-02 07:41:15 UTC</span></div>
</div>]]></description>
      </Placemark>
      <Placemark>
        <Style>
          <LineStyle>
            <color>ffffea00</color>
            <width>2</width>
          </LineStyle>
        </Style>
        <MultiGeometry>
          <LineString>
            <tessellate>1</tessellate>
            <altitudeMode>absolute</altitudeMode>
            <coordinates>18.485561,-33.942215,243.84 18.485355,-33.940956,243.84</coordinates>
          </LineString>
        </MultiGeometry>
        <name>P-474</name>
        <description><![CDATA[<div><div><span><b>Altitude:</b></span> <span>800 ft</span></div>
<div><span><b>Speed:</b></span> <span>129 kt</span></div>
<div><span><b>Timestamp:</b></span><br/><span>2025-11-02 07:41:15 UTC<br/>2025-11-02 07:41:17 UTC</span></div>
</div>]]></description>
      </Placemark>
      <Placemark>
        <Style>
          <LineStyle>
            <color>ffffea00</color>
            <width>2</width>
          </LineStyle>
        </Style>
        <MultiGeometry>
          <LineString>
            <tessellate>1</tessellate>
            <altitudeMode>absolute</altitudeMode>
            <coordinates>18.485355,-33.940956,243.84 18.485058,-33.939743,243.84</coordinates>
          </LineString>
        </MultiGeometry>
        <name>P-475</name>
        <description><![CDATA[<div><div><span><b>Altitude:</b></span> <span>800 ft</span></div>
<div><span><b>Speed:</b></span> <span>129 kt</span></div>
<div><span><b>Timestamp:</b></span><br/><span>2025-11-02 07:41:17 UTC<br/>2025-11-02 07:41:19 UTC</span></div>
</div>]]></description>
      </Placemark>
      <Placemark>
        <Style>
          <LineStyle>
            <color>ffffea00</color>
            <width>2</width>
          </LineStyle>
        </Style>
        <MultiGeometry>
          <LineString>
            <tessellate>1</tessellate>
            <altitudeMode>absolute</altitudeMode>
            <coordinates>18.485058,-33.939743,243.84 18.484669,-33.938492,243.84</coordinates>
          </LineString>
        </MultiGeometry>
        <name>P-476</name>
        <description><![CDATA[<div><div><span><b>Altitude:</b></span> <span>800 ft</span></div>
<div><span><b>Speed:</b></span> <span>129 kt</span></div>
<div><span><b>Timestamp:</b></span><br/><span>2025-11-02 07:41:19 UTC<br/>2025-11-02 07:41:22 UTC</span></div>
</div>]]></description>
      </Placemark>
      <Placemark>
        <Style>
          <LineStyle>
            <color>ffffea00</color>
            <width>2</width>
          </LineStyle>
        </Style>
        <MultiGeometry>
          <LineString>
            <tessellate>1</tessellate>
            <altitudeMode>absolute</altitudeMode>
            <coordinates>18.484669,-33.938492,243.84 18.484097,-33.937141,213.36</coordinates>
          </LineString>
        </MultiGeometry>
        <name>P-477</name>
        <description><![CDATA[<div><div><span><b>Altitude:</b></span> <span>800 ft - 700 ft</span></div>
<div><span><b>Speed:</b></span> <span>129 kt</span></div>
<div><span><b>Timestamp:</b></span><br/><span>2025-11-02 07:41:22 UTC<br/>2025-11-02 07:41:24 UTC</span></div>
</div>]]></description>
      </Placemark>
      <Placemark>
        <Style>
          <LineStyle>
            <color>ffffea00</color>
            <width>2</width>
          </LineStyle>
        </Style>
        <MultiGeometry>
          <LineString>
            <tessellate>1</tessellate>
            <altitudeMode>absolute</altitudeMode>
            <coordinates>18.484097,-33.937141,213.36 18.483488,-33.936035,213.36</coordinates>
          </LineString>
        </MultiGeometry>
        <name>P-478</name>
        <description><![CDATA[<div><div><span><b>Altitude:</b></span> <span>700 ft</span></div>
<div><span><b>Speed:</b></span> <span>129 kt - 128 kt</span></div>
<div><span><b>Timestamp:</b></span><br/><span>2025-11-02 07:41:24 UTC<br/>2025-11-02 07:41:26 UTC</span></div>
</div>]]></description>
      </Placemark>
      <Placemark>
        <Style>
          <LineStyle>
            <color>ffffea00</color>
            <width>2</width>
          </LineStyle>
        </Style>
        <MultiGeometry>
          <LineString>
            <tessellate>1</tessellate>
            <altitudeMode>absolute</altitudeMode>
            <coordinates>18.483488,-33.936035,213.36 18.482759,-33.934845,213.36</coordinates>
          </LineString>
        </MultiGeometry>
        <name>P-479</name>
        <description><![CDATA[<div><div><span><b>Altitude:</b></span> <span>700 ft</span></div>
<div><span><b>Speed:</b></span> <span>128 kt</span></div>
<div><span><b>Timestamp:</b></span><br/><span>2025-11-02 07:41:26 UTC<br/>2025-11-02 07:41:28 UTC</span></div>
</div>]]></description>
      </Placemark>
      <Placemark>
        <Style>
          <LineStyle>
            <color>ffffea00</color>
            <width>2</width>
          </LineStyle>
        </Style>
        <MultiGeometry>
          <LineString>
            <tessellate>1</tessellate>
            <altitudeMode>absolute</altitudeMode>
            <coordinates>18.482759,-33.934845,213.36 18.482031,-33.933838,213.36</coordinates>
          </LineString>
        </MultiGeometry>
        <name>P-480</name>
        <description><![CDATA[<div><div><span><b>Altitude:</b></span> <span>700 ft</span></div>
<div><span><b>Speed:</b></span> <span>128 kt - 126 kt</span></div>
<div><span><b>Timestamp:</b></span><br/><span>2025-11-02 07:41:28 UTC<br/>2025-11-02 07:41:30 UTC</span></div>
</div>]]></description>
      </Placemark>
      <Placemark>
        <Style>
          <LineStyle>
            <color>ffffea00</color>
            <width>2</width>
          </LineStyle>
        </Style>
        <MultiGeometry>
          <LineString>
            <tessellate>1</tessellate>
            <altitudeMode>absolute</altitudeMode>
            <coordinates>18.482031,-33.933838,213.36 18.481358,-33.932922,213.36</coordinates>
          </LineString>
        </MultiGeometry>
        <name>P-481</name>
        <description><![CDATA[<div><div><span><b>Altitude:</b></span> <span>700 ft</span></div>
<div><span><b>Speed:</b></span> <span>126 kt - 127 kt</span></div>
<div><span><b>Timestamp:</b></span><br/><span>2025-11-02 07:41:30 UTC<br/>2025-11-02 07:41:32 UTC</span></div>
</div>]]></description>
      </Placemark>
      <Placemark>
        <Style>
          <LineStyle>
            <color>ffffea00</color>
            <width>2</width>
          </LineStyle>
        </Style>
        <MultiGeometry>
          <LineString>
            <tessellate>1</tessellate>
            <altitudeMode>absolute</altitudeMode>
            <coordinates>18.481358,-33.932922,213.36 18.480377,-33.93174,213.36</coordinates>
          </LineString>
        </MultiGeometry>
        <name>P-482</name>
        <description><![CDATA[<div><div><span><b>Altitude:</b></span> <span>700 ft</span></div>
<div><span><b>Speed:</b></span> <span>127 kt - 126 kt</span></div>
<div><span><b>Timestamp:</b></span><br/><span>2025-11-02 07:41:32 UTC<br/>2025-11-02 07:41:34 UTC</span></div>
</div>]]></description>
      </Placemark>
      <Placemark>
        <Style>
          <LineStyle>
            <color>ffffea00</color>
            <width>2</width>
          </LineStyle>
        </Style>
        <MultiGeometry>
          <LineString>
            <tessellate>1</tessellate>
            <altitudeMode>absolute</altitudeMode>
            <coordinates>18.480377,-33.93174,213.36 18.479462,-33.930763,213.36</coordinates>
          </LineString>
        </MultiGeometry>
        <name>P-483</name>
        <description><![CDATA[<div><div><span><b>Altitude:</b></span> <span>700 ft</span></div>
<div><span><b>Speed:</b></span> <span>126 kt</span></div>
<div><span><b>Timestamp:</b></span><br/><span>2025-11-02 07:41:34 UTC<br/>2025-11-02 07:41:36 UTC</span></div>
</div>]]></description>
      </Placemark>
      <Placemark>
        <Style>
          <LineStyle>
            <color>ffffea00</color>
            <width>2</width>
          </LineStyle>
        </Style>
        <MultiGeometry>
          <LineString>
            <tessellate>1</tessellate>
            <altitudeMode>absolute</altitudeMode>
            <coordinates>18.479462,-33.930763,213.36 18.478603,-33.929878,213.36</coordinates>
          </LineString>
        </MultiGeometry>
        <name>P-484</name>
        <description><![CDATA[<div><div><span><b>Altitude:</b></span> <span>700 ft</span></div>
<div><span><b>Speed:</b></span> <span>126 kt - 125 kt</span></div>
<div><span><b>Timestamp:</b></span><br/><span>2025-11-02 07:41:36 UTC<br/>2025-11-02 07:41:39 UTC</span></div>
</div>]]></description>
      </Placemark>
      <Placemark>
        <Style>
          <LineStyle>
            <color>ffffea00</color>
            <width>2</width>
          </LineStyle>
        </Style>
        <MultiGeometry>
          <LineString>
            <tessellate>1</tessellate>
            <altitudeMode>absolute</altitudeMode>
            <coordinates>18.478603,-33.929878,213.36 18.477573,-33.928902,213.36</coordinates>
          </LineString>
        </MultiGeometry>
        <name>P-485</name>
        <description><![CDATA[<div><div><span><b>Altitude:</b></span> <span>700 ft</span></div>
<div><span><b>Speed:</b></span> <span>125 kt - 124 kt</span></div>
<div><span><b>Timestamp:</b></span><br/><span>2025-11-02 07:41:39 UTC<br/>2025-11-02 07:41:42 UTC</span></div>
</div>]]></description>
      </Placemark>
      <Placemark>
        <Style>
          <LineStyle>
            <color>ffffea00</color>
            <width>2</width>
          </LineStyle>
        </Style>
        <MultiGeometry>
          <LineString>
            <tessellate>1</tessellate>
            <altitudeMode>absolute</altitudeMode>
            <coordinates>18.477573,-33.928902,213.36 18.475399,-33.926945,213.36</coordinates>
          </LineString>
        </MultiGeometry>
        <name>P-486</name>
        <description><![CDATA[<div><div><span><b>Altitude:</b></span> <span>700 ft</span></div>
<div><span><b>Speed:</b></span> <span>124 kt - 125 kt</span></div>
<div><span><b>Timestamp:</b></span><br/><span>2025-11-02 07:41:42 UTC<br/>2025-11-02 07:41:45 UTC</span></div>
</div>]]></description>
      </Placemark>
      <Placemark>
        <Style>
          <LineStyle>
            <color>ffffea00</color>
            <width>2</width>
          </LineStyle>
        </Style>
        <MultiGeometry>
          <LineString>
            <tessellate>1</tessellate>
            <altitudeMode>absolute</altitudeMode>
            <coordinates>18.475399,-33.926945,213.36 18.474184,-33.925873,213.36</coordinates>
          </LineString>
        </MultiGeometry>
        <name>P-487</name>
        <description><![CDATA[<div><div><span><b>Altitude:</b></span> <span>700 ft</span></div>
<div><span><b>Speed:</b></span> <span>125 kt</span></div>
<div><span><b>Timestamp:</b></span><br/><span>2025-11-02 07:41:45 UTC<br/>2025-11-02 07:41:48 UTC</span></div>
</div>]]></description>
      </Placemark>
      <Placemark>
        <Style>
          <LineStyle>
            <color>ffffea00</color>
            <width>2</width>
          </LineStyle>
        </Style>
        <MultiGeometry>
          <LineString>
            <tessellate>1</tessellate>
            <altitudeMode>absolute</altitudeMode>
            <coordinates>18.474184,-33.925873,213.36 18.472727,-33.924683,213.36</coordinates>
          </LineString>
        </MultiGeometry>
        <name>P-488</name>
        <description><![CDATA[<div><div><span><b>Altitude:</b></span> <span>700 ft</span></div>
<div><span><b>Speed:</b></span> <span>125 kt</span></div>
<div><span><b>Timestamp:</b></span><br/><span>2025-11-02 07:41:48 UTC<br/>2025-11-02 07:41:51 UTC</span></div>
</div>]]></description>
      </Placemark>
      <Placemark>
        <Style>
          <LineStyle>
            <color>ffffea00</color>
            <width>2</width>
          </LineStyle>
        </Style>
        <MultiGeometry>
          <LineString>
            <tessellate>1</tessellate>
            <altitudeMode>absolute</altitudeMode>
            <coordinates>18.472727,-33.924683,213.36 18.471493,-33.923676,213.36</coordinates>
          </LineString>
        </MultiGeometry>
        <name>P-489</name>
        <description><![CDATA[<div><div><span><b>Altitude:</b></span> <span>700 ft</span></div>
<div><span><b>Speed:</b></span> <span>125 kt</span></div>
<div><span><b>Timestamp:</b></span><br/><span>2025-11-02 07:41:51 UTC<br/>2025-11-02 07:41:53 UTC</span></div>
</div>]]></description>
      </Placemark>
      <Placemark>
        <Style>
          <LineStyle>
            <color>ffffea00</color>
            <width>2</width>
          </LineStyle>
        </Style>
        <MultiGeometry>
          <LineString>
            <tessellate>1</tessellate>
            <altitudeMode>absolute</altitudeMode>
            <coordinates>18.471493,-33.923676,213.36 18.470709,-33.923035,213.36</coordinates>
          </LineString>
        </MultiGeometry>
        <name>P-490</name>
        <description><![CDATA[<div><div><span><b>Altitude:</b></span> <span>700 ft</span></div>
<div><span><b>Speed:</b></span> <span>125 kt</span></div>
<div><span><b>Timestamp:</b></span><br/><span>2025-11-02 07:41:53 UTC<br/>2025-11-02 07:41:55 UTC</span></div>
</div>]]></description>
      </Placemark>
      <Placemark>
        <Style>
          <LineStyle>
            <color>ffffea00</color>
            <width>2</width>
          </LineStyle>
        </Style>
        <MultiGeometry>
          <LineString>
            <tessellate>1</tessellate>
            <altitudeMode>absolute</altitudeMode>
            <coordinates>18.470709,-33.923035,213.36 18.469105,-33.92178,213.36</coordinates>
          </LineString>
        </MultiGeometry>
        <name>P-491</name>
        <description><![CDATA[<div><div><span><b>Altitude:</b></span> <span>700 ft</span></div>
<div><span><b>Speed:</b></span> <span>125 kt - 126 kt</span></div>
<div><span><b>Timestamp:</b></span><br/><span>2025-11-02 07:41:55 UTC<br/>2025-11-02 07:41:58 UTC</span></div>
</div>]]></description>
      </Placemark>
      <Placemark>
        <Style>
          <LineStyle>
            <color>ffffea00</color>
            <width>2</width>
          </LineStyle>
        </Style>
        <MultiGeometry>
          <LineString>
            <tessellate>1</tessellate>
            <altitudeMode>absolute</altitudeMode>
            <coordinates>18.469105,-33.92178,213.36 18.46796,-33.920895,213.36</coordinates>
          </LineString>
        </MultiGeometry>
        <name>P-492</name>
        <description><![CDATA[<div><div><span><b>Altitude:</b></span> <span>700 ft</span></div>
<div><span><b>Speed:</b></span> <span>126 kt - 127 kt</span></div>
<div><span><b>Timestamp:</b></span><br/><span>2025-11-02 07:41:58 UTC<br/>2025-11-02 07:42:00 UTC</span></div>
</div>]]></description>
      </Placemark>
      <Placemark>
        <Style>
          <LineStyle>
            <color>ffffea00</color>
            <width>2</width>
          </LineStyle>
        </Style>
        <MultiGeometry>
          <LineString>
            <tessellate>1</tessellate>
            <altitudeMode>absolute</altitudeMode>
            <coordinates>18.46796,-33.920895,213.36 18.466759,-33.919914,213.36</coordinates>
          </LineString>
        </MultiGeometry>
        <name>P-493</name>
        <description><![CDATA[<div><div><span><b>Altitude:</b></span> <span>700 ft</span></div>
<div><span><b>Speed:</b></span> <span>127 kt - 128 kt</span></div>
<div><span><b>Timestamp:</b></span><br/><span>2025-11-02 07:42:00 UTC<br/>2025-11-02 07:42:02 UTC</span></div>
</div>]]></description>
      </Placemark>
      <Placemark>
        <Style>
          <LineStyle>
            <color>ffffea00</color>
            <width>2</width>
          </LineStyle>
        </Style>
        <MultiGeometry>
          <LineString>
            <tessellate>1</tessellate>
            <altitudeMode>absolute</altitudeMode>
            <coordinates>18.466759,-33.919914,213.36 18.465672,-33.919079,213.36</coordinates>
          </LineString>
        </MultiGeometry>
        <name>P-494</name>
        <description><![CDATA[<div><div><span><b>Altitude:</b></span> <span>700 ft</span></div>
<div><span><b>Speed:</b></span> <span>128 kt - 129 kt</span></div>
<div><span><b>Timestamp:</b></span><br/><span>2025-11-02 07:42:02 UTC<br/>2025-11-02 07:42:05 UTC</span></div>
</div>]]></description>
      </Placemark>
      <Placemark>
        <Style>
          <LineStyle>
            <color>ffffea00</color>
            <width>2</width>
          </LineStyle>
        </Style>
        <MultiGeometry>
          <LineString>
            <tessellate>1</tessellate>
            <altitudeMode>absolute</altitudeMode>
            <coordinates>18.465672,-33.919079,213.36 18.464375,-33.918045,213.36</coordinates>
          </LineString>
        </MultiGeometry>
        <name>P-495</name>
        <description><![CDATA[<div><div><span><b>Altitude:</b></span> <span>700 ft</span></div>
<div><span><b>Speed:</b></span> <span>129 kt</span></div>
<div><span><b>Timestamp:</b></span><br/><span>2025-11-02 07:42:05 UTC<br/>2025-11-02 07:42:07 UTC</span></div>
</div>]]></description>
      </Placemark>
      <Placemark>
        <Style>
          <LineStyle>
            <color>ffffea00</color>
            <width>2</width>
          </LineStyle>
        </Style>
        <MultiGeometry>
          <LineString>
            <tessellate>1</tessellate>
            <altitudeMode>absolute</altitudeMode>
            <coordinates>18.464375,-33.918045,213.36 18.463253,-33.91713,182.88</coordinates>
          </LineString>
        </MultiGeometry>
        <name>P-496</name>
        <description><![CDATA[<div><div><span><b>Altitude:</b></span> <span>700 ft - 600 ft</span></div>
<div><span><b>Speed:</b></span> <span>129 kt</span></div>
<div><span><b>Timestamp:</b></span><br/><span>2025-11-02 07:42:07 UTC<br/>2025-11-02 07:42:09 UTC</span></div>
</div>]]></description>
      </Placemark>
      <Placemark>
        <Style>
          <LineStyle>
            <color>ffffe062</color>
            <width>2</width>
          </LineStyle>
        </Style>
        <MultiGeometry>
          <LineString>
            <tessellate>1</tessellate>
            <altitudeMode>absolute</altitudeMode>
            <coordinates>18.463253,-33.91713,182.88 18.461796,-33.915802,213.36</coordinates>
          </LineString>
        </MultiGeometry>
        <name>P-497</name>
        <description><![CDATA[<div><div><span><b>Altitude:</b></span> <span>600 ft - 700 ft</span></div>
<div><span><b>Speed:</b></span> <span>129 kt - 128 kt</span></div>
<div><span><b>Timestamp:</b></span><br/><span>2025-11-02 07:42:09 UTC<br/>2025-11-02 07:42:12 UTC</span></div>
</div>]]></description>
      </Placemark>
      <Placemark>
        <Style>
          <LineStyle>
            <color>ffffea00</color>
            <width>2</width>
          </LineStyle>
        </Style>
        <MultiGeometry>
          <LineString>
            <tessellate>1</tessellate>
            <altitudeMode>absolute</altitudeMode>
            <coordinates>18.461796,-33.915802,213.36 18.460787,-33.914932,213.36</coordinates>
          </LineString>
        </MultiGeometry>
        <name>P-498</name>
        <description><![CDATA[<div><div><span><b>Altitude:</b></span> <span>700 ft</span></div>
<div><span><b>Speed:</b></span> <span>128 kt</span></div>
<div><span><b>Timestamp:</b></span><br/><span>2025-11-02 07:42:12 UTC<br/>2025-11-02 07:42:14 UTC</span></div>
</div>]]></description>
      </Placemark>
      <Placemark>
        <Style>
          <LineStyle>
            <color>ffffea00</color>
            <width>2</width>
          </LineStyle>
        </Style>
        <MultiGeometry>
          <LineString>
            <tessellate>1</tessellate>
            <altitudeMode>absolute</altitudeMode>
            <coordinates>18.460787,-33.914932,213.36 18.459606,-33.913864,213.36</coordinates>
          </LineString>
        </MultiGeometry>
        <name>P-499</name>
        <description><![CDATA[<div><div><span><b>Altitude:</b></span> <span>700 ft</span></div>
<div><span><b>Speed:</b></span> <span>128 kt - 127 kt</span></div>
<div><span><b>Timestamp:</b></span><br/><span>2025-11-02 07:42:14 UTC<br/>2025-11-02 07:42:17 UTC</span></div>
</div>]]></description>
      </Placemark>
      <Placemark>
        <Style>
          <LineStyle>
            <color>ffffea00</color>
            <width>2</width>
          </LineStyle>
        </Style>
        <MultiGeometry>
          <LineString>
            <tessellate>1</tessellate>
            <altitudeMode>absolute</altitudeMode>
            <coordinates>18.459606,-33.913864,213.36 18.458748,-33.913071,213.36</coordinates>
          </LineString>
        </MultiGeometry>
        <name>P-500</name>
        <description><![CDATA[<div><div><span><b>Altitude:</b></span> <span>700 ft</span></div>
<div><span><b>Speed:</b></span> <span>127 kt</span></div>
<div><span><b>Timestamp:</b></span><br/><span>2025-11-02 07:42:17 UTC<br/>2025-11-02 07:42:19 UTC</span></div>
</div>]]></description>
      </Placemark>
      <Placemark>
        <Style>
          <LineStyle>
            <color>ffffea00</color>
            <width>2</width>
          </LineStyle>
        </Style>
        <MultiGeometry>
          <LineString>
            <tessellate>1</tessellate>
            <altitudeMode>absolute</altitudeMode>
            <coordinates>18.458748,-33.913071,213.36 18.457424,-33.911774,213.36</coordinates>
          </LineString>
        </MultiGeometry>
        <name>P-501</name>
        <description><![CDATA[<div><div><span><b>Altitude:</b></span> <span>700 ft</span></div>
<div><span><b>Speed:</b></span> <span>127 kt - 126 kt</span></div>
<div><span><b>Timestamp:</b></span><br/><span>2025-11-02 07:42:19 UTC<br/>2025-11-02 07:42:21 UTC</span></div>
</div>]]></description>
      </Placemark>
      <Placemark>
        <Style>
          <LineStyle>
            <color>ffffea00</color>
            <width>2</width>
          </LineStyle>
        </Style>
        <MultiGeometry>
          <LineString>
            <tessellate>1</tessellate>
            <altitudeMode>absolute</altitudeMode>
            <coordinates>18.457424,-33.911774,213.36 18.456528,-33.910858,213.36</coordinates>
          </LineString>
        </MultiGeometry>
        <name>P-502</name>
        <description><![CDATA[<div><div><span><b>Altitude:</b></span> <span>700 ft</span></div>
<div><span><b>Speed:</b></span> <span>126 kt</span></div>
<div><span><b>Timestamp:</b></span><br/><span>2025-11-02 07:42:21 UTC<br/>2025-11-02 07:42:24 UTC</span></div>
</div>]]></description>
      </Placemark>
      <Placemark>
        <Style>
          <LineStyle>
            <color>ffffea00</color>
            <width>2</width>
          </LineStyle>
        </Style>
        <MultiGeometry>
          <LineString>
            <tessellate>1</tessellate>
            <altitudeMode>absolute</altitudeMode>
            <coordinates>18.456528,-33.910858,213.36 18.455544,-33.909813,213.36</coordinates>
          </LineString>
        </MultiGeometry>
        <name>P-503</name>
        <description><![CDATA[<div><div><span><b>Altitude:</b></span> <span>700 ft</span></div>
<div><span><b>Speed:</b></span> <span>126 kt</span></div>
<div><span><b>Timestamp:</b></span><br/><span>2025-11-02 07:42:24 UTC<br/>2025-11-02 07:42:26 UTC</span></div>
</div>]]></description>
      </Placemark>
      <Placemark>
        <Style>
          <LineStyle>
            <color>ffffea00</color>
            <width>2</width>
          </LineStyle>
        </Style>
        <MultiGeometry>
          <LineString>
            <tessellate>1</tessellate>
            <altitudeMode>absolute</altitudeMode>
            <coordinates>18.455544,-33.909813,213.36 18.45434,-33.908432,182.88</coordinates>
          </LineString>
        </MultiGeometry>
        <name>P-504</name>
        <description><![CDATA[<div><div><span><b>Altitude:</b></span> <span>700 ft - 600 ft</span></div>
<div><span><b>Speed:</b></span> <span>126 kt - 124 kt</span></div>
<div><span><b>Timestamp:</b></span><br/><span>2025-11-02 07:42:26 UTC<br/>2025-11-02 07:42:28 UTC</span></div>
</div>]]></description>
      </Placemark>
      <Placemark>
        <Style>
          <LineStyle>
            <color>ffffe062</color>
            <width>2</width>
          </LineStyle>
        </Style>
        <MultiGeometry>
          <LineString>
            <tessellate>1</tessellate>
            <altitudeMode>absolute</altitudeMode>
            <coordinates>18.45434,-33.908432,182.88 18.453541,-33.90744,182.88</coordinates>
          </LineString>
        </MultiGeometry>
        <name>P-505</name>
        <description><![CDATA[<div><div><span><b>Altitude:</b></span> <span>600 ft</span></div>
<div><span><b>Speed:</b></span> <span>124 kt - 122 kt</span></div>
<div><span><b>Timestamp:</b></span><br/><span>2025-11-02 07:42:28 UTC<br/>2025-11-02 07:42:30 UTC</span></div>
</div>]]></description>
      </Placemark>
      <Placemark>
        <Style>
          <LineStyle>
            <color>ffffe062</color>
            <width>2</width>
          </LineStyle>
        </Style>
        <MultiGeometry>
          <LineString>
            <tessellate>1</tessellate>
            <altitudeMode>absolute</altitudeMode>
            <coordinates>18.453541,-33.90744,182.88 18.452772,-33.906464,182.88</coordinates>
          </LineString>
        </MultiGeometry>
        <name>P-506</name>
        <description><![CDATA[<div><div><span><b>Altitude:</b></span> <span>600 ft</span></div>
<div><span><b>Speed:</b></span> <span>122 kt - 119 kt</span></div>
<div><span><b>Timestamp:</b></span><br/><span>2025-11-02 07:42:30 UTC<br/>2025-11-02 07:42:33 UTC</span></div>
</div>]]></description>
      </Placemark>
      <Placemark>
        <Style>
          <LineStyle>
            <color>ffffe062</color>
            <width>2</width>
          </LineStyle>
        </Style>
        <MultiGeometry>
          <LineString>
            <tessellate>1</tessellate>
            <altitudeMode>absolute</altitudeMode>
            <coordinates>18.452772,-33.906464,182.88 18.452211,-33.905731,182.88</coordinates>
          </LineString>
        </MultiGeometry>
        <name>P-507</name>
        <description><![CDATA[<div><div><span><b>Altitude:</b></span> <span>600 ft</span></div>
<div><span><b>Speed:</b></span> <span>119 kt - 118 kt</span></div>
<div><span><b>Timestamp:</b></span><br/><span>2025-11-02 07:42:33 UTC<br/>2025-11-02 07:42:35 UTC</span></div>
</div>]]></description>
      </Placemark>
      <Placemark>
        <Style>
          <LineStyle>
            <color>ffffe062</color>
            <width>2</width>
          </LineStyle>
        </Style>
        <MultiGeometry>
          <LineString>
            <tessellate>1</tessellate>
            <altitudeMode>absolute</altitudeMode>
            <coordinates>18.452211,-33.905731,182.88 18.451258,-33.904541,182.88</coordinates>
          </LineString>
        </MultiGeometry>
        <name>P-508</name>
        <description><![CDATA[<div><div><span><b>Altitude:</b></span> <span>600 ft</span></div>
<div><span><b>Speed:</b></span> <span>118 kt - 117 kt</span></div>
<div><span><b>Timestamp:</b></span><br/><span>2025-11-02 07:42:35 UTC<br/>2025-11-02 07:42:37 UTC</span></div>
</div>]]></description>
      </Placemark>
      <Placemark>
        <Style>
          <LineStyle>
            <color>ffffe062</color>
            <width>2</width>
          </LineStyle>
        </Style>
        <MultiGeometry>
          <LineString>
            <tessellate>1</tessellate>
            <altitudeMode>absolute</altitudeMode>
            <coordinates>18.451258,-33.904541,182.88 18.450565,-33.903576,182.88</coordinates>
          </LineString>
        </MultiGeometry>
        <name>P-509</name>
        <description><![CDATA[<div><div><span><b>Altitude:</b></span> <span>600 ft</span></div>
<div><span><b>Speed:</b></span> <span>117 kt - 116 kt</span></div>
<div><span><b>Timestamp:</b></span><br/><span>2025-11-02 07:42:37 UTC<br/>2025-11-02 07:42:39 UTC</span></div>
</div>]]></description>
      </Placemark>
      <Placemark>
        <Style>
          <LineStyle>
            <color>ffffe062</color>
            <width>2</width>
          </LineStyle>
        </Style>
        <MultiGeometry>
          <LineString>
            <tessellate>1</tessellate>
            <altitudeMode>absolute</altitudeMode>
            <coordinates>18.450565,-33.903576,182.88 18.449936,-33.902645,182.88</coordinates>
          </LineString>
        </MultiGeometry>
        <name>P-510</name>
        <description><![CDATA[<div><div><span><b>Altitude:</b></span> <span>600 ft</span></div>
<div><span><b>Speed:</b></span> <span>116 kt - 114 kt</span></div>
<div><span><b>Timestamp:</b></span><br/><span>2025-11-02 07:42:39 UTC<br/>2025-11-02 07:42:41 UTC</span></div>
</div>]]></description>
      </Placemark>
      <Placemark>
        <Style>
          <LineStyle>
            <color>ffffe062</color>
            <width>2</width>
          </LineStyle>
        </Style>
        <MultiGeometry>
          <LineString>
            <tessellate>1</tessellate>
            <altitudeMode>absolute</altitudeMode>
            <coordinates>18.449936,-33.902645,182.88 18.449127,-33.901474,182.88</coordinates>
          </LineString>
        </MultiGeometry>
        <name>P-511</name>
        <description><![CDATA[<div><div><span><b>Altitude:</b></span> <span>600 ft</span></div>
<div><span><b>Speed:</b></span> <span>114 kt - 111 kt</span></div>
<div><span><b>Timestamp:</b></span><br/><span>2025-11-02 07:42:41 UTC<br/>2025-11-02 07:42:44 UTC</span></div>
</div>]]></description>
      </Placemark>
      <Placemark>
        <Style>
          <LineStyle>
            <color>ffffe062</color>
            <width>2</width>
          </LineStyle>
        </Style>
        <MultiGeometry>
          <LineString>
            <tessellate>1</tessellate>
            <altitudeMode>absolute</altitudeMode>
            <coordinates>18.449127,-33.901474,182.88 18.448563,-33.900597,182.88</coordinates>
          </LineString>
        </MultiGeometry>
        <name>P-512</name>
        <description><![CDATA[<div><div><span><b>Altitude:</b></span> <span>600 ft</span></div>
<div><span><b>Speed:</b></span> <span>111 kt - 110 kt</span></div>
<div><span><b>Timestamp:</b></span><br/><span>2025-11-02 07:42:44 UTC<br/>2025-11-02 07:42:46 UTC</span></div>
</div>]]></description>
      </Placemark>
      <Placemark>
        <Style>
          <LineStyle>
            <color>ffffe062</color>
            <width>2</width>
          </LineStyle>
        </Style>
        <MultiGeometry>
          <LineString>
            <tessellate>1</tessellate>
            <altitudeMode>absolute</altitudeMode>
            <coordinates>18.448563,-33.900597,182.88 18.447819,-33.899479,182.88</coordinates>
          </LineString>
        </MultiGeometry>
        <name>P-513</name>
        <description><![CDATA[<div><div><span><b>Altitude:</b></span> <span>600 ft</span></div>
<div><span><b>Speed:</b></span> <span>110 kt - 108 kt</span></div>
<div><span><b>Timestamp:</b></span><br/><span>2025-11-02 07:42:46 UTC<br/>2025-11-02 07:42:48 UTC</span></div>
</div>]]></description>
      </Placemark>
      <Placemark>
        <Style>
          <LineStyle>
            <color>ffffe062</color>
            <width>2</width>
          </LineStyle>
        </Style>
        <MultiGeometry>
          <LineString>
            <tessellate>1</tessellate>
            <altitudeMode>absolute</altitudeMode>
            <coordinates>18.447819,-33.899479,182.88 18.447222,-33.898544,182.88</coordinates>
          </LineString>
        </MultiGeometry>
        <name>P-514</name>
        <description><![CDATA[<div><div><span><b>Altitude:</b></span> <span>600 ft</span></div>
<div><span><b>Speed:</b></span> <span>108 kt - 107 kt</span></div>
<div><span><b>Timestamp:</b></span><br/><span>2025-11-02 07:42:48 UTC<br/>2025-11-02 07:42:50 UTC</span></div>
</div>]]></description>
      </Placemark>
      <Placemark>
        <Style>
          <LineStyle>
            <color>ffffe062</color>
            <width>2</width>
          </LineStyle>
        </Style>
        <MultiGeometry>
          <LineString>
            <tessellate>1</tessellate>
            <altitudeMode>absolute</altitudeMode>
            <coordinates>18.447222,-33.898544,182.88 18.446548,-33.897537,182.88</coordinates>
          </LineString>
        </MultiGeometry>
        <name>P-515</name>
        <description><![CDATA[<div><div><span><b>Altitude:</b></span> <span>600 ft</span></div>
<div><span><b>Speed:</b></span> <span>107 kt - 106 kt</span></div>
<div><span><b>Timestamp:</b></span><br/><span>2025-11-02 07:42:50 UTC<br/>2025-11-02 07:42:52 UTC</span></div>
</div>]]></description>
      </Placemark>
      <Placemark>
        <Style>
          <LineStyle>
            <color>ffffe062</color>
            <width>2</width>
          </LineStyle>
        </Style>
        <MultiGeometry>
          <LineString>
            <tessellate>1</tessellate>
            <altitudeMode>absolute</altitudeMode>
            <coordinates>18.446548,-33.897537,182.88 18.445873,-33.896641,152.4</coordinates>
          </LineString>
        </MultiGeometry>
        <name>P-516</name>
        <description><![CDATA[<div><div><span><b>Altitude:</b></span> <span>600 ft - 500 ft</span></div>
<div><span><b>Speed:</b></span> <span>106 kt - 105 kt</span></div>
<div><span><b>Timestamp:</b></span><br/><span>2025-11-02 07:42:52 UTC<br/>2025-11-02 07:42:54 UTC</span></div>
</div>]]></description>
      </Placemark>
      <Placemark>
        <Style>
          <LineStyle>
            <color>ffffe062</color>
            <width>2</width>
          </LineStyle>
        </Style>
        <MultiGeometry>
          <LineString>
            <tessellate>1</tessellate>
            <altitudeMode>absolute</altitudeMode>
            <coordinates>18.445873,-33.896641,152.4 18.445301,-33.895943,152.4</coordinates>
          </LineString>
        </MultiGeometry>
        <name>P-517</name>
        <description><![CDATA[<div><div><span><b>Altitude:</b></span> <span>500 ft</span></div>
<div><span><b>Speed:</b></span> <span>105 kt - 104 kt</span></div>
<div><span><b>Timestamp:</b></span><br/><span>2025-11-02 07:42:54 UTC<br/>2025-11-02 07:42:57 UTC</span></div>
</div>]]></description>
      </Placemark>
      <Placemark>
        <Style>
          <LineStyle>
            <color>ffffe062</color>
            <width>2</width>
          </LineStyle>
        </Style>
        <MultiGeometry>
          <LineString>
            <tessellate>1</tessellate>
            <altitudeMode>absolute</altitudeMode>
            <coordinates>18.445301,-33.895943,152.4 18.444588,-33.895157,152.4</coordinates>
          </LineString>
        </MultiGeometry>
        <name>P-518</name>
        <description><![CDATA[<div><div><span><b>Altitude:</b></span> <span>500 ft</span></div>
<div><span><b>Speed:</b></span> <span>104 kt - 101 kt</span></div>
<div><span><b>Timestamp:</b></span><br/><span>2025-11-02 07:42:57 UTC<br/>2025-11-02 07:42:59 UTC</span></div>
</div>]]></description>
      </Placemark>
      <Placemark>
        <Style>
          <LineStyle>
            <color>ffffe062</color>
            <width>2</width>
          </LineStyle>
        </Style>
        <MultiGeometry>
          <LineString>
            <tessellate>1</tessellate>
            <altitudeMode>absolute</altitudeMode>
            <coordinates>18.444588,-33.895157,152.4 18.443584,-33.894314,152.4</coordinates>
          </LineString>
        </MultiGeometry>
        <name>P-519</name>
        <description><![CDATA[<div><div><span><b>Altitude:</b></span> <span>500 ft</span></div>
<div><span><b>Speed:</b></span> <span>101 kt - 99 kt</span></div>
<div><span><b>Timestamp:</b></span><br/><span>2025-11-02 07:42:59 UTC<br/>2025-11-02 07:43:01 UTC</span></div>
</div>]]></description>
      </Placemark>
      <Placemark>
        <Style>
          <LineStyle>
            <color>ffffe062</color>
            <width>2</width>
          </LineStyle>
        </Style>
        <MultiGeometry>
          <LineString>
            <tessellate>1</tessellate>
            <altitudeMode>absolute</altitudeMode>
            <coordinates>18.443584,-33.894314,152.4 18.442898,-33.893894,152.4</coordinates>
          </LineString>
        </MultiGeometry>
        <name>P-520</name>
        <description><![CDATA[<div><div><span><b>Altitude:</b></span> <span>500 ft</span></div>
<div><span><b>Speed:</b></span> <span>99 kt - 96 kt</span></div>
<div><span><b>Timestamp:</b></span><br/><span>2025-11-02 07:43:01 UTC<br/>2025-11-02 07:43:03 UTC</span></div>
</div>]]></description>
      </Placemark>
      <Placemark>
        <Style>
          <LineStyle>
            <color>ffffe062</color>
            <width>2</width>
          </LineStyle>
        </Style>
        <MultiGeometry>
          <LineString>
            <tessellate>1</tessellate>
            <altitudeMode>absolute</altitudeMode>
            <coordinates>18.442898,-33.893894,152.4 18.441786,-33.893326,121.92</coordinates>
          </LineString>
        </MultiGeometry>
        <name>P-521</name>
        <description><![CDATA[<div><div><span><b>Altitude:</b></span> <span>500 ft - 400 ft</span></div>
<div><span><b>Speed:</b></span> <span>96 kt - 93 kt</span></div>
<div><span><b>Timestamp:</b></span><br/><span>2025-11-02 07:43:03 UTC<br/>2025-11-02 07:43:06 UTC</span></div>
</div>]]></description>
      </Placemark>
      <Placemark>
        <Style>
          <LineStyle>
            <color>ffffe062</color>
            <width>2</width>
          </LineStyle>
        </Style>
        <MultiGeometry>
          <LineString>
            <tessellate>1</tessellate>
            <altitudeMode>absolute</altitudeMode>
            <coordinates>18.441786,-33.893326,121.92 18.440495,-33.892914,121.92</coordinates>
          </LineString>
        </MultiGeometry>
        <name>P-522</name>
        <description><![CDATA[<div><div><span><b>Altitude:</b></span> <span>400 ft</span></div>
<div><span><b>Speed:</b></span> <span>93 kt - 91 kt</span></div>
<div><span><b>Timestamp:</b></span><br/><span>2025-11-02 07:43:06 UTC<br/>2025-11-02 07:43:08 UTC</span></div>
</div>]]></description>
      </Placemark>
      <Placemark>
        <Style>
          <LineStyle>
            <color>ffffe062</color>
            <width>2</width>
          </LineStyle>
        </Style>
        <MultiGeometry>
          <LineString>
            <tessellate>1</tessellate>
            <altitudeMode>absolute</altitudeMode>
            <coordinates>18.440495,-33.892914,121.92 18.439407,-33.892731,121.92</coordinates>
          </LineString>
        </MultiGeometry>
        <name>P-523</name>
        <description><![CDATA[<div><div><span><b>Altitude:</b></span> <span>400 ft</span></div>
<div><span><b>Speed:</b></span> <span>91 kt - 89 kt</span></div>
<div><span><b>Timestamp:</b></span><br/><span>2025-11-02 07:43:08 UTC<br/>2025-11-02 07:43:10 UTC</span></div>
</div>]]></description>
      </Placemark>
      <Placemark>
        <Style>
          <LineStyle>
            <color>ffffe062</color>
            <width>2</width>
          </LineStyle>
        </Style>
        <MultiGeometry>
          <LineString>
            <tessellate>1</tessellate>
            <altitudeMode>absolute</altitudeMode>
            <coordinates>18.439407,-33.892731,121.92 18.438663,-33.892681,121.92</coordinates>
          </LineString>
        </MultiGeometry>
        <name>P-524</name>
        <description><![CDATA[<div><div><span><b>Altitude:</b></span> <span>400 ft</span></div>
<div><span><b>Speed:</b></span> <span>89 kt - 85 kt</span></div>
<div><span><b>Timestamp:</b></span><br/><span>2025-11-02 07:43:10 UTC<br/>2025-11-02 07:43:12 UTC</span></div>
</div>]]></description>
      </Placemark>
      <Placemark>
        <Style>
          <LineStyle>
            <color>ffffe062</color>
            <width>2</width>
          </LineStyle>
        </Style>
        <MultiGeometry>
          <LineString>
            <tessellate>1</tessellate>
            <altitudeMode>absolute</altitudeMode>
            <coordinates>18.438663,-33.892681,121.92 18.43729,-33.892776,91.44</coordinates>
          </LineString>
        </MultiGeometry>
        <name>P-525</name>
        <description><![CDATA[<div><div><span><b>Altitude:</b></span> <span>400 ft - 300 ft</span></div>
<div><span><b>Speed:</b></span> <span>85 kt - 81 kt</span></div>
<div><span><b>Timestamp:</b></span><br/><span>2025-11-02 07:43:12 UTC<br/>2025-11-02 07:43:14 UTC</span></div>
</div>]]></description>
      </Placemark>
      <Placemark>
        <Style>
          <LineStyle>
            <color>ffffffff</color>
            <width>2</width>
          </LineStyle>
        </Style>
        <MultiGeometry>
          <LineString>
            <tessellate>1</tessellate>
            <altitudeMode>absolute</altitudeMode>
            <coordinates>18.43729,-33.892776,91.44 18.436909,-33.892914,91.44</coordinates>
          </LineString>
        </MultiGeometry>
        <name>P-526</name>
        <description><![CDATA[<div><div><span><b>Altitude:</b></span> <span>300 ft</span></div>
<div><span><b>Speed:</b></span> <span>81 kt - 74 kt</span></div>
<div><span><b>Timestamp:</b></span><br/><span>2025-11-02 07:43:14 UTC<br/>2025-11-02 07:43:17 UTC</span></div>
</div>]]></description>
      </Placemark>
      <Placemark>
        <Style>
          <LineStyle>
            <color>ffffffff</color>
            <width>2</width>
          </LineStyle>
        </Style>
        <MultiGeometry>
          <LineString>
            <tessellate>1</tessellate>
            <altitudeMode>absolute</altitudeMode>
            <coordinates>18.436909,-33.892914,91.44 18.435562,-33.893326,91.44</coordinates>
          </LineString>
        </MultiGeometry>
        <name>P-527</name>
        <description><![CDATA[<div><div><span><b>Altitude:</b></span> <span>300 ft</span></div>
<div><span><b>Speed:</b></span> <span>74 kt - 72 kt</span></div>
<div><span><b>Timestamp:</b></span><br/><span>2025-11-02 07:43:17 UTC<br/>2025-11-02 07:43:19 UTC</span></div>
</div>]]></description>
      </Placemark>
      <Placemark>
        <Style>
          <LineStyle>
            <color>ffffffff</color>
            <width>2</width>
          </LineStyle>
        </Style>
        <MultiGeometry>
          <LineString>
            <tessellate>1</tessellate>
            <altitudeMode>absolute</altitudeMode>
            <coordinates>18.435562,-33.893326,91.44 18.434944,-33.893661,60.96</coordinates>
          </LineString>
        </MultiGeometry>
        <name>P-528</name>
        <description><![CDATA[<div><div><span><b>Altitude:</b></span> <span>300 ft - 200 ft</span></div>
<div><span><b>Speed:</b></span> <span>72 kt - 68 kt</span></div>
<div><span><b>Timestamp:</b></span><br/><span>2025-11-02 07:43:19 UTC<br/>2025-11-02 07:43:21 UTC</span></div>
</div>]]></description>
      </Placemark>
      <Placemark>
        <Style>
          <LineStyle>
            <color>ffffffff</color>
            <width>2</width>
          </LineStyle>
        </Style>
        <MultiGeometry>
          <LineString>
            <tessellate>1</tessellate>
            <altitudeMode>absolute</altitudeMode>
            <coordinates>18.434944,-33.893661,60.96 18.434315,-33.894032,60.96</coordinates>
          </LineString>
        </MultiGeometry>
        <name>P-529</name>
        <description><![CDATA[<div><div><span><b>Altitude:</b></span> <span>200 ft</span></div>
<div><span><b>Speed:</b></span> <span>68 kt - 66 kt</span></div>
<div><span><b>Timestamp:</b></span><br/><span>2025-11-02 07:43:21 UTC<br/>2025-11-02 07:43:23 UTC</span></div>
</div>]]></description>
      </Placemark>
      <Placemark>
        <Style>
          <LineStyle>
            <color>ffffffff</color>
            <width>2</width>
          </LineStyle>
        </Style>
        <MultiGeometry>
          <LineString>
            <tessellate>1</tessellate>
            <altitudeMode>absolute</altitudeMode>
            <coordinates>18.434315,-33.894032,60.96 18.433571,-33.894547,30.48</coordinates>
          </LineString>
        </MultiGeometry>
        <name>P-530</name>
        <description><![CDATA[<div><div><span><b>Altitude:</b></span> <span>200 ft - 100 ft</span></div>
<div><span><b>Speed:</b></span> <span>66 kt - 65 kt</span></div>
<div><span><b>Timestamp:</b></span><br/><span>2025-11-02 07:43:23 UTC<br/>2025-11-02 07:43:25 UTC</span></div>
</div>]]></description>
      </Placemark>
      <Placemark>
        <Style>
          <LineStyle>
            <color>ffffffff</color>
            <width>2</width>
          </LineStyle>
        </Style>
        <MultiGeometry>
          <LineString>
            <tessellate>1</tessellate>
            <altitudeMode>absolute</altitudeMode>
            <coordinates>18.433571,-33.894547,30.48 18.433113,-33.894871,30.48</coordinates>
          </LineString>
        </MultiGeometry>
        <name>P-531</name>
        <description><![CDATA[<div><div><span><b>Altitude:</b></span> <span>100 ft</span></div>
<div><span><b>Speed:</b></span> <span>65 kt</span></div>
<div><span><b>Timestamp:</b></span><br/><span>2025-11-02 07:43:25 UTC<br/>2025-11-02 07:43:27 UTC</span></div>
</div>]]></description>
      </Placemark>
      <Placemark>
        <Style>
          <LineStyle>
            <color>ffffffff</color>
            <width>2</width>
          </LineStyle>
        </Style>
        <MultiGeometry>
          <LineString>
            <tessellate>1</tessellate>
            <altitudeMode>absolute</altitudeMode>
            <coordinates>18.433113,-33.894871,30.48 18.432884,-33.895058,30.48</coordinates>
          </LineString>
        </MultiGeometry>
        <name>P-532</name>
        <description><![CDATA[<div><div><span><b>Altitude:</b></span> <span>100 ft</span></div>
<div><span><b>Speed:</b></span> <span>65 kt</span></div>
<div><span><b>Timestamp:</b></span><br/><span>2025-11-02 07:43:27 UTC<br/>2025-11-02 07:43:28 UTC</span></div>
</div>]]></description>
      </Placemark>
      <Placemark>
        <Style>
          <LineStyle>
            <color>ffffffff</color>
            <width>2</width>
          </LineStyle>
        </Style>
        <MultiGeometry>
          <LineString>
            <tessellate>1</tessellate>
            <altitudeMode>absolute</altitudeMode>
            <coordinates>18.432884,-33.895058,30.48 18.432598,-33.89529,30.48</coordinates>
          </LineString>
        </MultiGeometry>
        <name>P-533</name>
        <description><![CDATA[<div><div><span><b>Altitude:</b></span> <span>100 ft</span></div>
<div><span><b>Speed:</b></span> <span>65 kt</span></div>
<div><span><b>Timestamp:</b></span><br/><span>2025-11-02 07:43:28 UTC<br/>2025-11-02 07:43:30 UTC</span></div>
</div>]]></description>
      </Placemark>
      <Placemark>
        <Style>
          <LineStyle>
            <color>ffffffff</color>
            <width>2</width>
          </LineStyle>
        </Style>
        <MultiGeometry>
          <LineString>
            <tessellate>1</tessellate>
            <altitudeMode>absolute</altitudeMode>
            <coordinates>18.432598,-33.89529,30.48 18.43214,-33.895615,30.48</coordinates>
          </LineString>
        </MultiGeometry>
        <name>P-534</name>
        <description><![CDATA[<div><div><span><b>Altitude:</b></span> <span>100 ft</span></div>
<div><span><b>Speed:</b></span> <span>65 kt</span></div>
<div><span><b>Timestamp:</b></span><br/><span>2025-11-02 07:43:30 UTC<br/>2025-11-02 07:43:31 UTC</span></div>
</div>]]></description>
      </Placemark>
      <Placemark>
        <Style>
          <LineStyle>
            <color>ffffffff</color>
            <width>2</width>
          </LineStyle>
        </Style>
        <MultiGeometry>
          <LineString>
            <tessellate>1</tessellate>
            <altitudeMode>absolute</altitudeMode>
            <coordinates>18.43214,-33.895615,30.48 18.431911,-33.895802,30.48</coordinates>
          </LineString>
        </MultiGeometry>
        <name>P-535</name>
        <description><![CDATA[<div><div><span><b>Altitude:</b></span> <span>100 ft</span></div>
<div><span><b>Speed:</b></span> <span>65 kt</span></div>
<div><span><b>Timestamp:</b></span><br/><span>2025-11-02 07:43:31 UTC<br/>2025-11-02 07:43:33 UTC</span></div>
</div>]]></description>
      </Placemark>
      <Placemark>
        <Style>
          <LineStyle>
            <color>ffffffff</color>
            <width>2</width>
          </LineStyle>
        </Style>
        <MultiGeometry>
          <LineString>
            <tessellate>1</tessellate>
            <altitudeMode>clampToGround</altitudeMode>
            <coordinates>18.431911,-33.895802,30.48 18.431248,-33.896301,0</coordinates>
          </LineString>
        </MultiGeometry>
        <name>P-536</name>
        <description><![CDATA[<div><div><span><b>Altitude:</b></span> <span>100 ft - 0 ft</span></div>
<div><span><b>Speed:</b></span> <span>65 kt - 63 kt</span></div>
<div><span><b>Timestamp:</b></span><br/><span>2025-11-02 07:43:33 UTC<br/>2025-11-02 07:43:34 UTC</span></div>
</div>]]></description>
      </Placemark>
      <Placemark>
        <Style>
          <LineStyle>
            <color>ffffffff</color>
            <width>2</width>
          </LineStyle>
        </Style>
        <MultiGeometry>
          <LineString>
            <tessellate>1</tessellate>
            <altitudeMode>clampToGround</altitudeMode>
            <coordinates>18.431248,-33.896301,0 18.430742,-33.896713,0</coordinates>
          </LineString>
        </MultiGeometry>
        <name>P-537</name>
        <description><![CDATA[<div><div><span><b>Altitude:</b></span> <span>0 ft</span></div>
<div><span><b>Speed:</b></span> <span>63 kt - 62 kt</span></div>
<div><span><b>Timestamp:</b></span><br/><span>2025-11-02 07:43:34 UTC<br/>2025-11-02 07:43:36 UTC</span></div>
</div>]]></description>
      </Placemark>
      <Placemark>
        <Style>
          <LineStyle>
            <color>ffffffff</color>
            <width>2</width>
          </LineStyle>
        </Style>
        <MultiGeometry>
          <LineString>
            <tessellate>1</tessellate>
            <altitudeMode>clampToGround</altitudeMode>
            <coordinates>18.430742,-33.896713,0 18.430519,-33.896942,0</coordinates>
          </LineString>
        </MultiGeometry>
        <name>P-538</name>
        <description><![CDATA[<div><div><span><b>Altitude:</b></span> <span>0 ft</span></div>
<div><span><b>Speed:</b></span> <span>62 kt - 60 kt</span></div>
<div><span><b>Timestamp:</b></span><br/><span>2025-11-02 07:43:36 UTC<br/>2025-11-02 07:43:38 UTC</span></div>
</div>]]></description>
      </Placemark>
      <Placemark>
        <Style>
          <LineStyle>
            <color>ffffffff</color>
            <width>2</width>
          </LineStyle>
        </Style>
        <MultiGeometry>
          <LineString>
            <tessellate>1</tessellate>
            <altitudeMode>clampToGround</altitudeMode>
            <coordinates>18.430519,-33.896942,0 18.430126,-33.897263,0</coordinates>
          </LineString>
        </MultiGeometry>
        <name>P-539</name>
        <description><![CDATA[<div><div><span><b>Altitude:</b></span> <span>0 ft</span></div>
<div><span><b>Speed:</b></span> <span>60 kt</span></div>
<div><span><b>Timestamp:</b></span><br/><span>2025-11-02 07:43:38 UTC<br/>2025-11-02 07:43:39 UTC</span></div>
</div>]]></description>
      </Placemark>
      <Placemark>
        <Style>
          <LineStyle>
            <color>ffffffff</color>
            <width>2</width>
          </LineStyle>
        </Style>
        <MultiGeometry>
          <LineString>
            <tessellate>1</tessellate>
            <altitudeMode>clampToGround</altitudeMode>
            <coordinates>18.430126,-33.897263,0 18.42979,-33.897537,0</coordinates>
          </LineString>
        </MultiGeometry>
        <name>P-540</name>
        <description><![CDATA[<div><div><span><b>Altitude:</b></span> <span>0 ft</span></div>
<div><span><b>Speed:</b></span> <span>60 kt - 58 kt</span></div>
<div><span><b>Timestamp:</b></span><br/><span>2025-11-02 07:43:39 UTC<br/>2025-11-02 07:43:40 UTC</span></div>
</div>]]></description>
      </Placemark>
      <Placemark>
        <Style>
          <LineStyle>
            <color>ffffffff</color>
            <width>2</width>
          </LineStyle>
        </Style>
        <MultiGeometry>
          <LineString>
            <tessellate>1</tessellate>
            <altitudeMode>clampToGround</altitudeMode>
            <coordinates>18.42979,-33.897537,0 18.429398,-33.897903,0</coordinates>
          </LineString>
        </MultiGeometry>
        <name>P-541</name>
        <description><![CDATA[<div><div><span><b>Altitude:</b></span> <span>0 ft</span></div>
<div><span><b>Speed:</b></span> <span>58 kt - 53 kt</span></div>
<div><span><b>Timestamp:</b></span><br/><span>2025-11-02 07:43:40 UTC<br/>2025-11-02 07:43:43 UTC</span></div>
</div>]]></description>
      </Placemark>
      <Placemark>
        <Style>
          <LineStyle>
            <color>ffffffff</color>
            <width>2</width>
          </LineStyle>
        </Style>
        <MultiGeometry>
          <LineString>
            <tessellate>1</tessellate>
            <altitudeMode>clampToGround</altitudeMode>
            <coordinates>18.429398,-33.897903,0 18.428724,-33.898499,0</coordinates>
          </LineString>
        </MultiGeometry>
        <name>P-542</name>
        <description><![CDATA[<div><div><span><b>Altitude:</b></span> <span>0 ft</span></div>
<div><span><b>Speed:</b></span> <span>53 kt - 51 kt</span></div>
<div><span><b>Timestamp:</b></span><br/><span>2025-11-02 07:43:43 UTC<br/>2025-11-02 07:43:46 UTC</span></div>
</div>]]></description>
      </Placemark>
      <Placemark>
        <Style>
          <LineStyle>
            <color>ffffffff</color>
            <width>2</width>
          </LineStyle>
        </Style>
        <MultiGeometry>
          <LineString>
            <tessellate>1</tessellate>
            <altitudeMode>clampToGround</altitudeMode>
            <coordinates>18.428724,-33.898499,0 18.428556,-33.898727,0</coordinates>
          </LineString>
        </MultiGeometry>
        <name>P-543</name>
        <description><![CDATA[<div><div><span><b>Altitude:</b></span> <span>0 ft</span></div>
<div><span><b>Speed:</b></span> <span>51 kt - 39 kt</span></div>
<div><span><b>Timestamp:</b></span><br/><span>2025-11-02 07:43:46 UTC<br/>2025-11-02 07:43:50 UTC</span></div>
</div>]]></description>
      </Placemark>
      <Placemark>
        <Style>
          <LineStyle>
            <color>ffffffff</color>
            <width>2</width>
          </LineStyle>
        </Style>
        <MultiGeometry>
          <LineString>
            <tessellate>1</tessellate>
            <altitudeMode>clampToGround</altitudeMode>
            <coordinates>18.428556,-33.898727,0 18.42794,-33.899323,0</coordinates>
          </LineString>
        </MultiGeometry>
        <name>P-544</name>
        <description><![CDATA[<div><div><span><b>Altitude:</b></span> <span>0 ft</span></div>
<div><span><b>Speed:</b></span> <span>39 kt - 38 kt</span></div>
<div><span><b>Timestamp:</b></span><br/><span>2025-11-02 07:43:50 UTC<br/>2025-11-02 07:43:51 UTC</span></div>
</div>]]></description>
      </Placemark>
      <Placemark>
        <Style>
          <LineStyle>
            <color>ffffffff</color>
            <width>2</width>
          </LineStyle>
        </Style>
        <MultiGeometry>
          <LineString>
            <tessellate>1</tessellate>
            <altitudeMode>clampToGround</altitudeMode>
            <coordinates>18.42794,-33.899323,0 18.427715,-33.899597,0</coordinates>
          </LineString>
        </MultiGeometry>
        <name>P-545</name>
        <description><![CDATA[<div><div><span><b>Altitude:</b></span> <span>0 ft</span></div>
<div><span><b>Speed:</b></span> <span>38 kt - 34 kt</span></div>
<div><span><b>Timestamp:</b></span><br/><span>2025-11-02 07:43:51 UTC<br/>2025-11-02 07:43:55 UTC</span></div>
</div>]]></description>
      </Placemark>
      <Placemark>
        <Style>
          <LineStyle>
            <color>ffffffff</color>
            <width>2</width>
          </LineStyle>
        </Style>
        <MultiGeometry>
          <LineString>
            <tessellate>1</tessellate>
            <altitudeMode>clampToGround</altitudeMode>
            <coordinates>18.427715,-33.899597,0 18.427435,-33.899826,0</coordinates>
          </LineString>
        </MultiGeometry>
        <name>P-546</name>
        <description><![CDATA[<div><div><span><b>Altitude:</b></span> <span>0 ft</span></div>
<div><span><b>Speed:</b></span> <span>34 kt - 27 kt</span></div>
<div><span><b>Timestamp:</b></span><br/><span>2025-11-02 07:43:55 UTC<br/>2025-11-02 07:43:56 UTC</span></div>
</div>]]></description>
      </Placemark>
      <Placemark>
        <Style>
          <LineStyle>
            <color>ffffffff</color>
            <width>2</width>
          </LineStyle>
        </Style>
        <MultiGeometry>
          <LineString>
            <tessellate>1</tessellate>
            <altitudeMode>clampToGround</altitudeMode>
            <coordinates>18.427435,-33.899826,0 18.427155,-33.900101,0</coordinates>
          </LineString>
        </MultiGeometry>
        <name>P-547</name>
        <description><![CDATA[<div><div><span><b>Altitude:</b></span> <span>0 ft</span></div>
<div><span><b>Speed:</b></span> <span>27 kt - 22 kt</span></div>
<div><span><b>Timestamp:</b></span><br/><span>2025-11-02 07:43:56 UTC<br/>2025-11-02 07:43:59 UTC</span></div>
</div>]]></description>
      </Placemark>
      <Placemark>
        <Style>
          <LineStyle>
            <color>ffffffff</color>
            <width>2</width>
          </LineStyle>
        </Style>
        <MultiGeometry>
          <LineString>
            <tessellate>1</tessellate>
            <altitudeMode>clampToGround</altitudeMode>
            <coordinates>18.427155,-33.900101,0 18.426819,-33.900455,0</coordinates>
          </LineString>
        </MultiGeometry>
        <name>P-548</name>
        <description><![CDATA[<div><div><span><b>Altitude:</b></span> <span>0 ft</span></div>
<div><span><b>Speed:</b></span> <span>22 kt - 15 kt</span></div>
<div><span><b>Timestamp:</b></span><br/><span>2025-11-02 07:43:59 UTC<br/>2025-11-02 07:44:04 UTC</span></div>
</div>]]></description>
      </Placemark>
      <Placemark>
        <Style>
          <LineStyle>
            <color>ffffffff</color>
            <width>2</width>
          </LineStyle>
        </Style>
        <MultiGeometry>
          <LineString>
            <tessellate>1</tessellate>
            <altitudeMode>clampToGround</altitudeMode>
            <coordinates>18.426819,-33.900455,0 18.426949,-33.900772,0</coordinates>
          </LineString>
        </MultiGeometry>
        <name>P-549</name>
        <description><![CDATA[<div><div><span><b>Altitude:</b></span> <span>0 ft</span></div>
<div><span><b>Speed:</b></span> <span>15 kt - 8 kt</span></div>
<div><span><b>Timestamp:</b></span><br/><span>2025-11-02 07:44:04 UTC<br/>2025-11-02 07:44:11 UTC</span></div>
</div>]]></description>
      </Placemark>
      <Placemark>
        <Style>
          <LineStyle>
            <color>ffffffff</color>
            <width>2</width>
          </LineStyle>
        </Style>
        <MultiGeometry>
          <LineString>
            <tessellate>1</tessellate>
            <altitudeMode>clampToGround</altitudeMode>
            <coordinates>18.426949,-33.900772,0 18.427162,-33.900982,0</coordinates>
          </LineString>
        </MultiGeometry>
        <name>P-550</name>
        <description><![CDATA[<div><div><span><b>Altitude:</b></span> <span>0 ft</span></div>
<div><span><b>Speed:</b></span> <span>8 kt - 6 kt</span></div>
<div><span><b>Timestamp:</b></span><br/><span>2025-11-02 07:44:11 UTC<br/>2025-11-02 07:44:19 UTC</span></div>
</div>]]></description>
      </Placemark>
    </Folder>
  </Document>
</kml>
