<?xml version="1.0" encoding="UTF-8"?>
<kml xmlns="http://www.opengis.net/kml/2.2">
  <Document>
    <name>FR24 ZSRTG 3dc43a6c</name>
    <Placemark>
      <name>FR24 ZSRTG 3dc43a6c</name>
      <description><![CDATA[Source: ADS-B
Start (SAST): 2026-01-04 12:59:02
End (SAST): 2026-01-04 17:47:44
Points: 3656]]></description>
      <Style><LineStyle><color>ff0000ff</color><width>4</width></LineStyle></Style>
      <LineString>
        <tessellate>1</tessellate>
        <altitudeMode>absolute</altitudeMode>
        <coordinates>18.42751,-33.90074,38.1 18.42773,-33.90078,53.34 18.42861,-33.90097,53.34 18.42905,-33.90111,53.34 18.42945,-33.9012,60.96 18.42996,-33.90134,68.58 18.43041,-33.90143,76.2 18.43091,-33.90152,83.82000000000001 18.43134,-33.90157,91.44 18.43208,-33.90167,99.06 18.43265,-33.90175,106.68 18.433,-33.90181,114.30000000000001 18.43377,-33.90189,121.92 18.43437,-33.90181,129.54000000000002 18.43506,-33.90162,137.16 18.43551,-33.90138,144.78 18.43607,-33.90097,152.4 18.43666,-33.90036,167.64000000000001 18.43708,-33.89978,175.26000000000002 18.43747,-33.89896,182.88 18.43775,-33.89813,198.12 18.43792,-33.89738,205.74 18.43803,-33.89662,213.36 18.43803,-33.89571,220.98000000000002 18.43792,-33.89488,228.60000000000002 18.43775,-33.89413,236.22 18.43746,-33.89291,243.84 18.43718,-33.89194,251.46 18.43695,-33.89119,259.08000000000004 18.4366,-33.89012,266.7 18.43637,-33.88947,274.32 18.43596,-33.88834,274.32 18.43557,-33.88737,281.94 18.43528,-33.8866,289.56 18.43495,-33.88582,297.18 18.4345,-33.88467,297.18 18.43409,-33.88379,304.8 18.43363,-33.88291,304.8 18.43304,-33.88184,312.42 18.43254,-33.88101,320.04 18.43181,-33.8801,335.28000000000003 18.43114,-33.87936,350.52000000000004 18.43029,-33.87859,358.14000000000004 18.42934,-33.87788,365.76 18.42842,-33.87727,381 18.42768,-33.87685,388.62 18.42653,-33.8763,396.24 18.42564,-33.87593,396.24 18.42469,-33.87561,403.86 18.42329,-33.87524,411.48 18.42217,-33.87502,419.1 18.42099,-33.87488,426.72 18.41984,-33.87481,434.34000000000003 18.41858,-33.87479,441.96000000000004 18.41763,-33.87479,449.58000000000004 18.41646,-33.87485,457.20000000000005 18.41549,-33.8749,464.82000000000005 18.41432,-33.87502,472.44 18.41337,-33.87515,480.06 18.41219,-33.87534,480.06 18.41107,-33.87552,487.68 18.40988,-33.87574,487.68 18.40899,-33.87598,495.3 18.40788,-33.8763,502.92 18.40647,-33.87671,502.92 18.40536,-33.87709,510.54 18.40462,-33.87732,518.1600000000001 18.40359,-33.87774,525.78 18.4025,-33.8782,541.02 18.40148,-33.87868,548.64 18.40087,-33.87895,556.26 18.40003,-33.87936,563.88 18.39902,-33.87991,571.5 18.39815,-33.88039,579.12 18.39712,-33.881,579.12 18.39633,-33.88147,579.12 18.39535,-33.88207,586.74 18.39431,-33.88271,594.36 18.39357,-33.88314,601.98 18.39263,-33.88371,609.6 18.39191,-33.88416,617.22 18.39111,-33.88467,617.22 18.39022,-33.88527,624.84 18.3894,-33.88584,632.46 18.38881,-33.88618,632.46 18.38786,-33.88692,640.08 18.38725,-33.88733,647.7 18.38635,-33.88802,655.32 18.38556,-33.88866,662.94 18.38488,-33.88924,670.5600000000001 18.38425,-33.88975,678.1800000000001 18.38343,-33.89044,678.1800000000001 18.38265,-33.89113,685.8000000000001 18.38213,-33.89157,685.8000000000001 18.38142,-33.89218,685.8000000000001 18.38052,-33.89291,693.4200000000001 18.37967,-33.89366,693.4200000000001 18.37881,-33.89445,693.4200000000001 18.37822,-33.89502,701.0400000000001 18.37732,-33.89594,708.6600000000001 18.37664,-33.89664,708.6600000000001 18.37598,-33.8974,716.2800000000001 18.37531,-33.89809,723.9000000000001 18.37469,-33.89883,723.9000000000001 18.374,-33.89952,723.9000000000001 18.37334,-33.90024,723.9000000000001 18.37257,-33.90106,731.52 18.37177,-33.90193,731.52 18.37114,-33.90265,731.52 18.37034,-33.90353,739.14 18.36964,-33.90436,739.14 18.36903,-33.90511,739.14 18.36847,-33.90582,739.14 18.36771,-33.9067,746.76 18.36708,-33.90744,746.76 18.36645,-33.90823,754.38 18.36589,-33.90903,754.38 18.36531,-33.90981,754.38 18.36456,-33.91079,762 18.36393,-33.91164,762 18.3633,-33.91256,769.62 18.36267,-33.91344,777.24 18.36222,-33.91424,777.24 18.36168,-33.91502,784.86 18.36102,-33.91596,784.86 18.36044,-33.91689,777.24 18.35987,-33.91768,777.24 18.35924,-33.91861,777.24 18.35861,-33.9195,777.24 18.35804,-33.92024,777.24 18.35731,-33.9213,777.24 18.35678,-33.9221,777.24 18.35614,-33.92303,777.24 18.35546,-33.92395,777.24 18.35472,-33.92499,769.62 18.35421,-33.92569,769.62 18.3534,-33.9268,762 18.35261,-33.92789,762 18.35106,-33.92992,754.38 18.35019,-33.931,746.76 18.34917,-33.93235,746.76 18.34846,-33.93324,746.76 18.34682,-33.93537,739.14 18.34608,-33.93621,739.14 18.34522,-33.93723,731.52 18.34453,-33.938,731.52 18.34352,-33.93919,731.52 18.34268,-33.94011,723.9000000000001 18.34179,-33.9411,723.9000000000001 18.34089,-33.94203,716.2800000000001 18.34016,-33.9429,716.2800000000001 18.33944,-33.94375,723.9000000000001 18.33858,-33.94505,731.52 18.33831,-33.94569,731.52 18.33807,-33.9471,746.76 18.33813,-33.94775,754.38 18.33853,-33.94864,762 18.33939,-33.94938,769.62 18.34039,-33.94977,769.62 18.34139,-33.94985,769.62 18.3424,-33.94972,762 18.34368,-33.94938,754.38 18.3447,-33.94894,754.38 18.34585,-33.94831,746.76 18.34672,-33.94775,739.14 18.34785,-33.94696,731.52 18.34896,-33.94606,723.9000000000001 18.34974,-33.94538,716.2800000000001 18.3507,-33.9445,708.6600000000001 18.35157,-33.94366,701.0400000000001 18.35255,-33.94272,693.4200000000001 18.35361,-33.94167,685.8000000000001 18.35485,-33.94048,678.1800000000001 18.35586,-33.93938,678.1800000000001 18.35675,-33.93846,670.5600000000001 18.35775,-33.93737,655.32 18.3586,-33.93649,655.32 18.35936,-33.93565,647.7 18.36023,-33.93471,632.46 18.36107,-33.93379,624.84 18.3623,-33.93242,617.22 18.36337,-33.93127,601.98 18.36415,-33.93036,601.98 18.3651,-33.92926,594.36 18.36589,-33.92834,586.74 18.36634,-33.92788,579.12 18.36757,-33.92624,563.88 18.36823,-33.92541,556.26 18.36891,-33.92453,556.26 18.36994,-33.92327,556.26 18.37088,-33.92216,556.26 18.37177,-33.92108,556.26 18.3725,-33.9202,556.26 18.37323,-33.91933,556.26 18.37412,-33.91824,548.64 18.37498,-33.91722,548.64 18.37572,-33.91633,541.02 18.37641,-33.91549,541.02 18.37873,-33.91264,525.78 18.3795,-33.91177,525.78 18.3803,-33.91088,533.4 18.38127,-33.90995,533.4 18.38202,-33.90921,541.02 18.38293,-33.90839,548.64 18.3839,-33.90744,548.64 18.38472,-33.90665,548.64 18.38562,-33.90577,548.64 18.38629,-33.90514,548.64 18.38745,-33.90404,556.26 18.3882,-33.9033,548.64 18.3891,-33.90244,556.26 18.39016,-33.90134,556.26 18.39083,-33.9007,556.26 18.39363,-33.89808,548.64 18.39655,-33.89529,541.02 18.39924,-33.89278,518.1600000000001 18.40003,-33.89204,510.54 18.40109,-33.89113,502.92 18.40187,-33.8905,495.3 18.40279,-33.88975,487.68 18.40378,-33.88902,472.44 18.40468,-33.88843,464.82000000000005 18.40557,-33.88783,449.58000000000004 18.40692,-33.8871,434.34000000000003 18.40805,-33.88663,419.1 18.40916,-33.88623,411.48 18.41034,-33.88598,388.62 18.41157,-33.88582,373.38 18.41291,-33.88584,350.52000000000004 18.41394,-33.88593,335.28000000000003 18.41486,-33.88617,327.66 18.41595,-33.88655,304.8 18.41675,-33.88696,297.18 18.4174,-33.88742,289.56 18.4183,-33.88815,266.7 18.41869,-33.88861,259.08000000000004 18.41932,-33.88929,243.84 18.4199,-33.88989,243.84 18.42032,-33.89044,236.22 18.42075,-33.89096,228.60000000000002 18.42115,-33.89157,213.36 18.42149,-33.89209,205.74 18.42183,-33.89264,198.12 18.42228,-33.89337,182.88 18.42262,-33.89397,175.26000000000002 18.42293,-33.89445,160.02 18.42318,-33.89488,152.4 18.42344,-33.89538,144.78 18.4239,-33.89603,129.54000000000002 18.42418,-33.89635,121.92 18.42458,-33.89685,114.30000000000001 18.42486,-33.89717,106.68 18.42522,-33.89757,99.06 18.42553,-33.8979,91.44 18.42581,-33.89818,83.82000000000001 18.42615,-33.89854,76.2 18.42648,-33.89896,68.58 18.42682,-33.89941,60.96 18.42699,-33.89967,53.34 18.4271,-33.89992,53.34 18.42727,-33.90015,53.34 18.42745,-33.90041,45.72 18.42756,-33.90069,45.72 18.42779,-33.90078,53.34 18.42928,-33.90102,60.96 18.43114,-33.9012,91.44 18.43186,-33.90125,106.68 18.43237,-33.90125,114.30000000000001 18.433,-33.9012,129.54000000000002 18.43382,-33.90106,144.78 18.43454,-33.90083,160.02 18.43517,-33.90056,167.64000000000001 18.43586,-33.90018,175.26000000000002 18.43626,-33.8999,182.88 18.43723,-33.89897,198.12 18.43769,-33.89832,213.36 18.43815,-33.89748,220.98000000000002 18.43848,-33.89676,228.60000000000002 18.43881,-33.89571,243.84 18.43889,-33.89506,251.46 18.43904,-33.89397,259.08000000000004 18.43901,-33.89305,266.7 18.43884,-33.89194,281.94 18.43859,-33.89085,289.56 18.43831,-33.88976,297.18 18.43809,-33.88882,297.18 18.43781,-33.88797,304.8 18.4374,-33.88677,320.04 18.437,-33.88589,320.04 18.4366,-33.88496,327.66 18.43603,-33.88379,335.28000000000003 18.43563,-33.88295,342.90000000000003 18.43517,-33.88207,350.52000000000004 18.4346,-33.88091,358.14000000000004 18.43403,-33.87974,365.76 18.43355,-33.87891,373.38 18.43294,-33.87783,381 18.43254,-33.87698,381 18.43186,-33.87584,388.62 18.4314,-33.87495,388.62 18.43082,-33.87397,396.24 18.43029,-33.87305,396.24 18.42962,-33.8719,396.24 18.42905,-33.87099,403.86 18.42839,-33.87003,403.86 18.42783,-33.86916,411.48 18.42688,-33.86796,411.48 18.42625,-33.86717,419.1 18.42553,-33.86632,419.1 18.4248,-33.86554,426.72 18.4239,-33.86457,426.72 18.4229,-33.86357,434.34000000000003 18.42201,-33.8627,441.96000000000004 18.42144,-33.86219,441.96000000000004 18.42048,-33.86133,441.96000000000004 18.41948,-33.86041,449.58000000000004 18.41846,-33.85949,449.58000000000004 18.41746,-33.85863,449.58000000000004 18.41651,-33.8578,449.58000000000004 18.41561,-33.85707,449.58000000000004 18.41438,-33.85611,457.20000000000005 18.41343,-33.85535,449.58000000000004 18.41253,-33.85469,449.58000000000004 18.41152,-33.85396,457.20000000000005 18.41034,-33.85309,457.20000000000005 18.40908,-33.85223,457.20000000000005 18.40805,-33.85158,457.20000000000005 18.4067,-33.85071,457.20000000000005 18.40563,-33.85007,457.20000000000005 18.40427,-33.8493,457.20000000000005 18.40319,-33.84864,464.82000000000005 18.4021,-33.84799,464.82000000000005 18.40078,-33.84725,464.82000000000005 18.39952,-33.84655,464.82000000000005 18.39823,-33.84586,464.82000000000005 18.39718,-33.84529,457.20000000000005 18.39616,-33.84471,457.20000000000005 18.39459,-33.84384,457.20000000000005 18.39352,-33.84329,457.20000000000005 18.3896,-33.84114,457.20000000000005 18.38614,-33.8392,457.20000000000005 18.38219,-33.83715,449.58000000000004 18.37716,-33.83455,449.58000000000004 18.37637,-33.83414,457.20000000000005 18.37481,-33.83328,457.20000000000005 18.37372,-33.83268,457.20000000000005 18.37217,-33.83176,449.58000000000004 18.37126,-33.83119,449.58000000000004 18.36981,-33.83029,449.58000000000004 18.36875,-33.82965,449.58000000000004 18.36785,-33.82906,449.58000000000004 18.36645,-33.82819,441.96000000000004 18.36505,-33.82736,441.96000000000004 18.36393,-33.82672,441.96000000000004 18.36241,-33.82585,434.34000000000003 18.36142,-33.82523,434.34000000000003 18.36028,-33.82452,426.72 18.35911,-33.82365,419.1 18.3581,-33.82285,411.48 18.35712,-33.82206,403.86 18.35625,-33.82123,396.24 18.35501,-33.81995,388.62 18.35423,-33.81908,388.62 18.35339,-33.81802,381 18.35249,-33.81683,373.38 18.35175,-33.81564,365.76 18.35094,-33.81443,358.14000000000004 18.35042,-33.8134,350.52000000000004 18.34997,-33.81235,342.90000000000003 18.34963,-33.81157,342.90000000000003 18.34929,-33.81038,335.28000000000003 18.34896,-33.80919,335.28000000000003 18.34874,-33.80823,327.66 18.34851,-33.80717,327.66 18.34843,-33.80624,327.66 18.34834,-33.8053,320.04 18.34826,-33.80428,320.04 18.34846,-33.80241,312.42 18.34879,-33.80127,304.8 18.34935,-33.80008,297.18 18.34991,-33.7993,297.18 18.35009,-33.79906,297.18 18.35104,-33.79802,281.94 18.35209,-33.79716,274.32 18.35318,-33.7965,266.7 18.35417,-33.79601,266.7 18.35506,-33.79576,259.08000000000004 18.35586,-33.79564,251.46 18.35686,-33.79568,236.22 18.35758,-33.7959,228.60000000000002 18.35838,-33.79623,220.98000000000002 18.35896,-33.79665,205.74 18.3595,-33.79706,198.12 18.36,-33.79747,198.12 18.36044,-33.79781,182.88 18.36085,-33.79816,182.88 18.36142,-33.7986,175.26000000000002 18.36185,-33.79893,167.64000000000001 18.36225,-33.79926,160.02 18.36275,-33.79962,152.4 18.36319,-33.8,144.78 18.36353,-33.80028,137.16 18.36393,-33.80058,129.54000000000002 18.36422,-33.80083,121.92 18.3646,-33.80113,114.30000000000001 18.36491,-33.8014,106.68 18.36519,-33.80163,99.06 18.36544,-33.80182,91.44 18.36583,-33.80214,83.82000000000001 18.36611,-33.80228,76.2 18.36639,-33.80251,68.58 18.36662,-33.80264,60.96 18.36685,-33.80279,60.96 18.3672,-33.80316,45.72 18.368,-33.80535,76.2 18.3683,-33.80782,106.68 18.36847,-33.80914,121.92 18.36864,-33.81116,137.16 18.36868,-33.8115,144.78 18.36886,-33.81258,152.4 18.36931,-33.8139,160.02 18.36966,-33.8148,167.64000000000001 18.36998,-33.81564,167.64000000000001 18.37015,-33.81619,175.26000000000002 18.37054,-33.8172,182.88 18.37071,-33.81775,190.5 18.37103,-33.81876,190.5 18.37127,-33.81944,190.5 18.37166,-33.82034,198.12 18.37194,-33.82114,198.12 18.37234,-33.82201,205.74 18.37273,-33.82283,205.74 18.37315,-33.82365,205.74 18.37351,-33.82443,205.74 18.37395,-33.82523,213.36 18.37441,-33.82608,213.36 18.37486,-33.82686,220.98000000000002 18.37519,-33.82736,220.98000000000002 18.37587,-33.82855,220.98000000000002 18.37635,-33.82933,228.60000000000002 18.37682,-33.83011,228.60000000000002 18.37749,-33.83114,228.60000000000002 18.37812,-33.83207,228.60000000000002 18.37864,-33.83286,228.60000000000002 18.37945,-33.83409,236.22 18.37984,-33.83468,236.22 18.38058,-33.83575,243.84 18.38114,-33.83656,243.84 18.38173,-33.83738,259.08000000000004 18.3823,-33.83812,259.08000000000004 18.38287,-33.83891,266.7 18.38343,-33.83958,274.32 18.38411,-33.8405,274.32 18.3847,-33.84124,281.94 18.38685,-33.84402,289.56 18.38741,-33.8448,297.18 18.38809,-33.84572,304.8 18.38865,-33.84645,304.8 18.38921,-33.84718,304.8 18.39167,-33.85057,304.8 18.39324,-33.85263,304.8 18.39392,-33.85358,312.42 18.39448,-33.85437,312.42 18.39588,-33.8562,312.42 18.39649,-33.85698,312.42 18.39718,-33.85777,312.42 18.39809,-33.85879,304.8 18.39879,-33.85963,304.8 18.39958,-33.86055,304.8 18.40031,-33.86142,297.18 18.40107,-33.86233,297.18 18.40171,-33.86311,297.18 18.40261,-33.86419,297.18 18.40302,-33.86475,297.18 18.4041,-33.86601,297.18 18.4049,-33.867,289.56 18.40569,-33.86792,289.56 18.40651,-33.86889,281.94 18.40731,-33.86989,274.32 18.40815,-33.8709,274.32 18.40891,-33.87178,266.7 18.40954,-33.87257,266.7 18.4104,-33.87369,259.08000000000004 18.41103,-33.87444,251.46 18.41246,-33.87625,243.84 18.41309,-33.87717,236.22 18.41365,-33.87813,220.98000000000002 18.41426,-33.87923,213.36 18.41471,-33.88023,205.74 18.41515,-33.88109,205.74 18.41555,-33.88197,198.12 18.41595,-33.8828,198.12 18.4164,-33.88351,190.5 18.41703,-33.88449,190.5 18.41761,-33.88533,182.88 18.41801,-33.88602,182.88 18.41852,-33.88672,182.88 18.41904,-33.88756,175.26000000000002 18.41949,-33.88831,175.26000000000002 18.41998,-33.88902,167.64000000000001 18.42058,-33.88998,160.02 18.42098,-33.89068,152.4 18.42144,-33.89133,144.78 18.42184,-33.89203,137.16 18.42253,-33.89315,121.92 18.42299,-33.89394,121.92 18.4234,-33.89456,114.30000000000001 18.42384,-33.89529,114.30000000000001 18.42418,-33.89584,114.30000000000001 18.42459,-33.89636,106.68 18.42493,-33.89687,106.68 18.42519,-33.89726,99.06 18.42556,-33.89776,91.44 18.42581,-33.89804,83.82000000000001 18.42619,-33.89855,76.2 18.42654,-33.89896,68.58 18.42676,-33.89929,60.96 18.42693,-33.89957,60.96 18.42715,-33.89992,53.34 18.42728,-33.90013,53.34 18.42745,-33.90041,53.34 18.42756,-33.90064,45.72 18.42796,-33.90083,53.34 18.42911,-33.90111,60.96 18.42962,-33.90125,68.58 18.43002,-33.90139,76.2 18.43048,-33.90157,76.2 18.43085,-33.9017,83.82000000000001 18.43157,-33.90185,91.44 18.43231,-33.90185,99.06 18.43315,-33.9017,106.68 18.4338,-33.90153,114.30000000000001 18.4345,-33.90125,121.92 18.43523,-33.90083,129.54000000000002 18.43596,-33.90033,144.78 18.43685,-33.8996,152.4 18.43752,-33.89886,160.02 18.43803,-33.89813,175.26000000000002 18.43843,-33.89724,175.26000000000002 18.43878,-33.89636,182.88 18.43889,-33.89529,198.12 18.43895,-33.89445,205.74 18.43878,-33.89333,213.36 18.43861,-33.89245,220.98000000000002 18.43842,-33.89168,228.60000000000002 18.43815,-33.89082,236.22 18.43775,-33.88989,243.84 18.43741,-33.88902,251.46 18.437,-33.88821,259.08000000000004 18.43632,-33.887,266.7 18.43575,-33.88593,274.32 18.43517,-33.88499,281.94 18.4345,-33.88408,289.56 18.43391,-33.88333,297.18 18.43332,-33.88266,312.42 18.43266,-33.88193,312.42 18.43174,-33.88109,327.66 18.43111,-33.88063,327.66 18.43007,-33.87991,335.28000000000003 18.42923,-33.87941,350.52000000000004 18.42839,-33.879,358.14000000000004 18.42732,-33.87854,373.38 18.42665,-33.87835,388.62 18.42558,-33.87799,396.24 18.42453,-33.87769,403.86 18.42361,-33.87751,411.48 18.4225,-33.8773,419.1 18.42167,-33.87718,426.72 18.4206,-33.87712,426.72 18.41953,-33.87708,441.96000000000004 18.4188,-33.87703,441.96000000000004 18.41755,-33.87709,449.58000000000004 18.41669,-33.87713,457.20000000000005 18.41538,-33.87721,464.82000000000005 18.41438,-33.8773,472.44 18.41343,-33.87741,480.06 18.41236,-33.87753,495.3 18.41143,-33.87765,502.92 18.41039,-33.87781,510.54 18.40931,-33.87802,518.1600000000001 18.40811,-33.87825,533.4 18.40736,-33.87844,533.4 18.40633,-33.87867,548.64 18.40529,-33.87891,556.26 18.40429,-33.87918,563.88 18.4035,-33.87936,571.5 18.40238,-33.87968,579.12 18.40153,-33.87993,586.74 18.40036,-33.88028,594.36 18.39935,-33.88067,601.98 18.39855,-33.88095,609.6 18.39778,-33.88129,617.22 18.39666,-33.88179,632.46 18.39599,-33.88206,640.08 18.39518,-33.88244,647.7 18.39442,-33.88284,662.94 18.39352,-33.88335,670.5600000000001 18.39289,-33.8837,678.1800000000001 18.39209,-33.88416,685.8000000000001 18.39117,-33.88472,693.4200000000001 18.39038,-33.88518,701.0400000000001 18.38963,-33.8857,708.6600000000001 18.38882,-33.88621,716.2800000000001 18.3882,-33.88664,723.9000000000001 18.38736,-33.88719,731.52 18.38682,-33.88756,731.52 18.3859,-33.8882,739.14 18.38516,-33.88873,739.14 18.38448,-33.88924,746.76 18.38371,-33.88976,754.38 18.38287,-33.89035,754.38 18.38214,-33.8909,762 18.38156,-33.89133,762 18.38074,-33.892,769.62 18.3799,-33.89264,769.62 18.37929,-33.89314,777.24 18.37847,-33.89384,784.86 18.37777,-33.89442,792.48 18.3771,-33.89507,800.1 18.37646,-33.89561,800.1 18.37566,-33.89636,807.72 18.37503,-33.89697,807.72 18.37418,-33.89776,815.34 18.37357,-33.89836,815.34 18.37267,-33.89923,815.34 18.372,-33.89994,822.96 18.37144,-33.90047,822.96 18.3706,-33.90134,822.96 18.37006,-33.90185,822.96 18.36897,-33.90279,822.96 18.36808,-33.9034,822.96 18.36729,-33.90385,815.34 18.36594,-33.90465,815.34 18.36477,-33.90527,815.34 18.36387,-33.90582,822.96 18.36314,-33.90628,822.96 18.3621,-33.90702,815.34 18.36118,-33.90765,815.34 18.36012,-33.90848,807.72 18.35936,-33.90911,807.72 18.35838,-33.90991,807.72 18.35754,-33.91063,807.72 18.35655,-33.91149,800.1 18.3558,-33.91219,800.1 18.35479,-33.91315,800.1 18.35395,-33.91393,792.48 18.35312,-33.9147,792.48 18.35238,-33.91545,792.48 18.35143,-33.91644,784.86 18.3507,-33.91722,777.24 18.34986,-33.91814,777.24 18.34917,-33.91889,769.62 18.34831,-33.91991,762 18.34739,-33.92102,754.38 18.34665,-33.92196,746.76 18.34588,-33.92299,739.14 18.34522,-33.92382,739.14 18.34442,-33.92494,731.52 18.34368,-33.92592,723.9000000000001 18.34282,-33.92709,716.2800000000001 18.34225,-33.92792,716.2800000000001 18.34139,-33.92908,716.2800000000001 18.3407,-33.93007,716.2800000000001 18.34011,-33.931,716.2800000000001 18.3395,-33.93193,716.2800000000001 18.33881,-33.93295,716.2800000000001 18.33807,-33.93407,723.9000000000001 18.33742,-33.93517,716.2800000000001 18.33674,-33.93622,723.9000000000001 18.33607,-33.93732,723.9000000000001 18.33549,-33.93826,731.52 18.33498,-33.93914,731.52 18.33456,-33.93997,739.14 18.33401,-33.94091,739.14 18.33355,-33.9418,739.14 18.33286,-33.94305,746.76 18.33235,-33.94394,746.76 18.33178,-33.94492,754.38 18.33119,-33.94588,754.38 18.33075,-33.94664,762 18.33006,-33.9478,769.62 18.32945,-33.94876,769.62 18.32901,-33.94954,769.62 18.3284,-33.95055,769.62 18.32771,-33.95171,769.62 18.3272,-33.95264,769.62 18.32674,-33.95343,769.62 18.32617,-33.9546,769.62 18.32564,-33.95563,769.62 18.32462,-33.95776,769.62 18.32417,-33.95879,762 18.32365,-33.95981,762 18.32323,-33.96066,762 18.32273,-33.96172,762 18.32233,-33.96256,754.38 18.32193,-33.96339,754.38 18.32138,-33.96455,754.38 18.32099,-33.96552,754.38 18.31902,-33.9701,762 18.31858,-33.97128,762 18.31827,-33.97219,762 18.31791,-33.97325,762 18.31752,-33.9744,762 18.31713,-33.97554,762 18.31679,-33.97659,769.62 18.31639,-33.97787,769.62 18.3161,-33.9789,769.62 18.31511,-33.98264,777.24 18.31484,-33.98365,777.24 18.31455,-33.985,777.24 18.31432,-33.98589,777.24 18.31404,-33.98714,792.48 18.31387,-33.9879,807.72 18.31375,-33.98858,838.2 18.31371,-33.98914,853.44 18.31409,-33.98979,868.6800000000001 18.31467,-33.99002,868.6800000000001 18.31547,-33.98997,853.44 18.31633,-33.9896,838.2 18.31718,-33.98895,830.58 18.31793,-33.98821,830.58 18.31841,-33.98767,830.58 18.3192,-33.9868,822.96 18.31987,-33.98598,807.72 18.32067,-33.985,792.48 18.32119,-33.98439,792.48 18.32222,-33.98318,784.86 18.32604,-33.97884,762 18.32839,-33.97641,754.38 18.3304,-33.97429,754.38 18.33248,-33.97183,746.76 18.33447,-33.96945,739.14 18.33658,-33.96679,731.52 18.33858,-33.96432,723.9000000000001 18.34167,-33.96048,708.6600000000001 18.3442,-33.95737,701.0400000000001 18.34655,-33.95435,701.0400000000001 18.34923,-33.95101,685.8000000000001 18.35182,-33.94775,678.1800000000001 18.35451,-33.94427,662.94 18.35701,-33.94101,647.7 18.35958,-33.93751,624.84 18.36208,-33.93402,601.98 18.36292,-33.93297,601.98 18.36382,-33.93179,594.36 18.36462,-33.93076,594.36 18.36539,-33.92972,594.36 18.36606,-33.92889,594.36 18.36684,-33.92784,601.98 18.36752,-33.92697,601.98 18.36819,-33.9261,601.98 18.36897,-33.92514,601.98 18.36966,-33.92429,601.98 18.37051,-33.92327,601.98 18.37144,-33.92226,601.98 18.37239,-33.92134,594.36 18.37346,-33.92038,594.36 18.37424,-33.91969,594.36 18.37515,-33.91885,586.74 18.37589,-33.91805,586.74 18.37675,-33.91722,586.74 18.37738,-33.91653,579.12 18.3785,-33.9153,579.12 18.37923,-33.91447,579.12 18.38024,-33.91328,571.5 18.38116,-33.91214,563.88 18.3819,-33.91126,556.26 18.3827,-33.91032,556.26 18.3836,-33.90921,548.64 18.38442,-33.90828,548.64 18.38528,-33.90715,548.64 18.38601,-33.90623,541.02 18.38696,-33.90504,533.4 18.38802,-33.90372,533.4 18.38871,-33.90283,525.78 18.38966,-33.9017,525.78 18.39209,-33.89864,510.54 18.39453,-33.89575,487.68 18.39722,-33.89287,472.44 18.39798,-33.89212,464.82000000000005 18.39885,-33.89131,457.20000000000005 18.39975,-33.8905,449.58000000000004 18.4009,-33.88952,434.34000000000003 18.40187,-33.88875,426.72 18.40277,-33.88811,419.1 18.40372,-33.88751,411.48 18.40485,-33.88686,403.86 18.40593,-33.88626,388.62 18.40675,-33.88582,381 18.40776,-33.88527,373.38 18.40868,-33.88482,365.76 18.4095,-33.88445,358.14000000000004 18.41045,-33.88412,358.14000000000004 18.41177,-33.88374,342.90000000000003 18.41281,-33.88362,335.28000000000003 18.41393,-33.88367,327.66 18.41477,-33.88376,320.04 18.41561,-33.88399,304.8 18.41623,-33.88426,297.18 18.41675,-33.88458,289.56 18.41723,-33.88504,281.94 18.41768,-33.88559,274.32 18.41808,-33.88618,266.7 18.41835,-33.88668,259.08000000000004 18.41858,-33.8871,251.46 18.41887,-33.88765,243.84 18.41915,-33.88817,228.60000000000002 18.41938,-33.88858,220.98000000000002 18.41972,-33.88914,213.36 18.41995,-33.88961,205.74 18.42018,-33.89003,205.74 18.42048,-33.89072,198.12 18.42076,-33.89113,190.5 18.42104,-33.89166,182.88 18.42127,-33.89208,175.26000000000002 18.42155,-33.89255,167.64000000000001 18.42178,-33.89301,152.4 18.42207,-33.89347,152.4 18.42228,-33.89378,144.78 18.42258,-33.89422,137.16 18.42293,-33.89459,129.54000000000002 18.42321,-33.89501,121.92 18.4235,-33.89538,114.30000000000001 18.42384,-33.89585,106.68 18.42413,-33.89621,106.68 18.42442,-33.89659,99.06 18.42475,-33.89708,91.44 18.42497,-33.89735,91.44 18.42533,-33.8978,83.82000000000001 18.42564,-33.89818,76.2 18.42592,-33.8985,68.58 18.4262,-33.89882,68.58 18.42642,-33.89906,60.96 18.42671,-33.89941,60.96 18.42699,-33.89973,53.34 18.42716,-33.89999,53.34 18.42727,-33.90019,53.34 18.42743,-33.90047,45.72 18.42755,-33.90074,45.72 18.42785,-33.90078,45.72 18.42878,-33.90097,53.34 18.42974,-33.90115,53.34 18.4306,-33.90134,68.58 18.43105,-33.90144,76.2 18.4318,-33.90153,91.44 18.43231,-33.90157,99.06 18.43315,-33.90161,106.68 18.43391,-33.90157,114.30000000000001 18.43456,-33.90152,121.92 18.43534,-33.90139,129.54000000000002 18.43596,-33.90115,137.16 18.43672,-33.90069,144.78 18.4373,-33.90015,152.4 18.43769,-33.8996,160.02 18.4382,-33.89868,167.64000000000001 18.43842,-33.8979,175.26000000000002 18.43861,-33.89682,182.88 18.43859,-33.89594,190.5 18.43855,-33.89496,198.12 18.43849,-33.89408,198.12 18.43837,-33.89291,205.74 18.43826,-33.89217,213.36 18.43809,-33.89115,220.98000000000002 18.43781,-33.88998,228.60000000000002 18.43752,-33.88911,236.22 18.43723,-33.88835,243.84 18.43674,-33.8871,251.46 18.4364,-33.88632,259.08000000000004 18.43584,-33.88509,266.7 18.43539,-33.88422,274.32 18.43483,-33.88314,281.94 18.43426,-33.88221,289.56 18.43363,-33.88132,289.56 18.43276,-33.88037,297.18 18.43198,-33.87959,304.8 18.43091,-33.87872,312.42 18.43014,-33.87816,320.04 18.42905,-33.87751,320.04 18.42794,-33.87694,327.66 18.42693,-33.87657,335.28000000000003 18.42553,-33.87607,342.90000000000003 18.42435,-33.87579,350.52000000000004 18.42327,-33.87555,358.14000000000004 18.42205,-33.87534,365.76 18.42081,-33.87518,365.76 18.41948,-33.87511,373.38 18.41864,-33.87504,373.38 18.41729,-33.87502,381 18.41617,-33.87502,388.62 18.41492,-33.87509,396.24 18.41398,-33.87515,403.86 18.41297,-33.87529,419.1 18.41163,-33.87547,426.72 18.41073,-33.87566,434.34000000000003 18.40961,-33.87589,441.96000000000004 18.40862,-33.87611,449.58000000000004 18.40742,-33.87639,449.58000000000004 18.40668,-33.87658,457.20000000000005 18.40542,-33.8769,472.44 18.40457,-33.87712,480.06 18.4035,-33.8774,487.68 18.40244,-33.87774,495.3 18.4013,-33.87811,502.92 18.40036,-33.87845,510.54 18.39947,-33.87877,518.1600000000001 18.39844,-33.87918,518.1600000000001 18.39739,-33.87964,533.4 18.39655,-33.88,533.4 18.39581,-33.88034,548.64 18.39498,-33.88078,556.26 18.39386,-33.88132,563.88 18.39312,-33.88174,571.5 18.39214,-33.88226,571.5 18.3914,-33.88268,586.74 18.39061,-33.88312,594.36 18.39005,-33.88339,601.98 18.38881,-33.88412,609.6 18.38809,-33.88458,617.22 18.38722,-33.88514,624.84 18.38652,-33.88559,632.46 18.38562,-33.88618,640.08 18.38488,-33.88668,640.08 18.384,-33.88724,647.7 18.38332,-33.88774,655.32 18.38242,-33.88835,662.94 18.38173,-33.88887,662.94 18.38093,-33.88942,670.5600000000001 18.38018,-33.88998,678.1800000000001 18.37938,-33.89059,678.1800000000001 18.37878,-33.89099,685.8000000000001 18.37811,-33.89154,685.8000000000001 18.37716,-33.89223,685.8000000000001 18.37635,-33.89287,685.8000000000001 18.37566,-33.89338,685.8000000000001 18.37475,-33.89408,685.8000000000001 18.37412,-33.89459,693.4200000000001 18.37329,-33.89525,693.4200000000001 18.37269,-33.89576,693.4200000000001 18.372,-33.89635,693.4200000000001 18.37138,-33.8969,701.0400000000001 18.37049,-33.89767,701.0400000000001 18.36987,-33.89827,708.6600000000001 18.36925,-33.89877,708.6600000000001 18.36847,-33.89951,716.2800000000001 18.36796,-33.89996,723.9000000000001 18.36714,-33.90074,731.52 18.36662,-33.9012,739.14 18.36588,-33.9019,746.76 18.36519,-33.9026,754.38 18.36462,-33.90316,754.38 18.36398,-33.90376,762 18.36325,-33.90454,769.62 18.36262,-33.9052,777.24 18.36187,-33.906,792.48 18.36113,-33.90678,800.1 18.36062,-33.90733,800.1 18.35995,-33.90807,807.72 18.35936,-33.90865,807.72 18.35877,-33.90926,815.34 18.3581,-33.90999,822.96 18.35737,-33.91077,822.96 18.35681,-33.91141,822.96 18.35614,-33.91214,830.58 18.35541,-33.91293,830.58 18.35472,-33.91377,830.58 18.35403,-33.91456,838.2 18.35352,-33.91526,838.2 18.353,-33.91589,838.2 18.35233,-33.91681,838.2 18.35182,-33.9175,845.82 18.35123,-33.91833,845.82 18.35072,-33.91903,845.82 18.35009,-33.91991,845.82 18.34946,-33.92085,845.82 18.34885,-33.92171,853.44 18.34837,-33.92238,853.44 18.3478,-33.92322,861.0600000000001 18.34717,-33.92413,861.0600000000001 18.34538,-33.92679,853.44 18.34305,-33.93025,853.44 18.34201,-33.93205,853.44 18.34156,-33.93288,853.44 18.341,-33.93388,853.44 18.34055,-33.93475,853.44 18.34007,-33.93565,845.82 18.33956,-33.93653,845.82 18.33904,-33.93745,845.82 18.33837,-33.93869,845.82 18.33778,-33.93975,845.82 18.3373,-33.94057,845.82 18.33663,-33.94185,845.82 18.33612,-33.94277,838.2 18.33573,-33.9435,838.2 18.33512,-33.9446,838.2 18.33461,-33.94551,838.2 18.334,-33.94656,830.58 18.33355,-33.94739,830.58 18.3331,-33.94821,822.96 18.33254,-33.94922,822.96 18.33074,-33.95229,807.72 18.33029,-33.9532,807.72 18.32972,-33.95432,800.1 18.32811,-33.9573,792.48 18.32626,-33.96066,769.62 18.32571,-33.96163,769.62 18.32514,-33.9627,769.62 18.32462,-33.96363,769.62 18.32394,-33.96489,769.62 18.32335,-33.96593,762 18.3215,-33.96927,754.38 18.31976,-33.97261,754.38 18.31861,-33.97508,754.38 18.31827,-33.97592,762 18.31781,-33.97694,754.38 18.31746,-33.97783,762 18.31684,-33.9792,754.38 18.31645,-33.98016,754.38 18.31615,-33.98099,754.38 18.3157,-33.98211,754.38 18.31535,-33.98299,754.38 18.31494,-33.9841,762 18.31466,-33.98497,762 18.31426,-33.98611,769.62 18.31387,-33.98737,762 18.31358,-33.98835,754.38 18.31337,-33.98923,754.38 18.31295,-33.99058,746.76 18.31261,-33.9917,746.76 18.31232,-33.99254,754.38 18.31203,-33.99333,769.62 18.31181,-33.99407,800.1 18.31169,-33.99472,815.34 18.31191,-33.99527,815.34 18.31255,-33.99561,815.34 18.31331,-33.99559,807.72 18.31398,-33.99536,800.1 18.31467,-33.99491,792.48 18.3155,-33.99408,784.86 18.31604,-33.99347,777.24 18.31668,-33.99275,777.24 18.31752,-33.99179,769.62 18.3183,-33.99092,769.62 18.31913,-33.98993,769.62 18.31982,-33.98919,762 18.32077,-33.98808,754.38 18.32172,-33.98703,754.38 18.32239,-33.98621,746.76 18.32312,-33.98534,746.76 18.32342,-33.98495,746.76 18.32691,-33.98029,739.14 18.3285,-33.97806,731.52 18.33018,-33.97559,723.9000000000001 18.33175,-33.97321,708.6600000000001 18.33495,-33.96849,685.8000000000001 18.33681,-33.96591,685.8000000000001 18.33865,-33.9635,670.5600000000001 18.34055,-33.96103,640.08 18.34386,-33.95686,632.46 18.34631,-33.95371,609.6 18.34846,-33.95082,609.6 18.35077,-33.9478,609.6 18.35226,-33.94594,609.6 18.35295,-33.94515,609.6 18.35363,-33.94426,609.6 18.3544,-33.94336,609.6 18.35507,-33.94258,609.6 18.35587,-33.94156,601.98 18.35649,-33.94077,601.98 18.3573,-33.93975,601.98 18.35804,-33.93882,594.36 18.3589,-33.93765,594.36 18.35978,-33.93649,594.36 18.36057,-33.93539,594.36 18.36147,-33.93435,586.74 18.36256,-33.93323,586.74 18.36342,-33.93239,579.12 18.36451,-33.93127,579.12 18.36525,-33.93034,579.12 18.36611,-33.92937,579.12 18.3669,-33.92834,579.12 18.36754,-33.92755,571.5 18.36841,-33.92642,571.5 18.36897,-33.92564,571.5 18.36981,-33.92455,571.5 18.37051,-33.92345,579.12 18.37121,-33.92249,579.12 18.37189,-33.92159,571.5 18.3725,-33.92075,571.5 18.37318,-33.91978,571.5 18.37379,-33.91891,571.5 18.37463,-33.91787,571.5 18.37536,-33.91685,563.88 18.37601,-33.9161,563.88 18.37693,-33.91507,556.26 18.37749,-33.91438,548.64 18.37833,-33.91342,548.64 18.37933,-33.91228,541.02 18.38001,-33.9115,548.64 18.38081,-33.91056,548.64 18.38173,-33.90949,548.64 18.38254,-33.90852,548.64 18.38327,-33.9077,548.64 18.38402,-33.90683,548.64 18.38472,-33.90596,548.64 18.38551,-33.90497,548.64 18.38648,-33.90381,548.64 18.38722,-33.90288,541.02 18.38792,-33.90202,541.02 18.38865,-33.9012,541.02 18.38938,-33.90038,533.4 18.39037,-33.89934,525.78 18.391,-33.89874,525.78 18.3919,-33.8979,518.1600000000001 18.39312,-33.89673,518.1600000000001 18.39386,-33.89599,510.54 18.39509,-33.89479,510.54 18.39588,-33.89401,510.54 18.39649,-33.89342,510.54 18.39752,-33.8924,502.92 18.39829,-33.89172,495.3 18.3993,-33.89082,487.68 18.40004,-33.89008,480.06 18.40087,-33.88934,472.44 18.40204,-33.8884,457.20000000000005 18.40296,-33.8877,449.58000000000004 18.40384,-33.88701,441.96000000000004 18.40457,-33.88651,434.34000000000003 18.40569,-33.88577,419.1 18.40662,-33.88523,411.48 18.40765,-33.88472,403.86 18.40857,-33.88426,396.24 18.40971,-33.88384,388.62 18.4108,-33.88351,373.38 18.41168,-33.88335,365.76 18.41263,-33.88319,358.14000000000004 18.41383,-33.88309,342.90000000000003 18.41469,-33.88309,327.66 18.41555,-33.88319,312.42 18.41669,-33.88333,297.18 18.41768,-33.88362,281.94 18.41847,-33.88399,274.32 18.41909,-33.8844,259.08000000000004 18.41959,-33.88486,251.46 18.42012,-33.8856,236.22 18.4203,-33.88621,220.98000000000002 18.4203,-33.88696,213.36 18.42048,-33.88792,198.12 18.4207,-33.88858,190.5 18.42088,-33.88911,182.88 18.4211,-33.88975,175.26000000000002 18.42144,-33.8905,167.64000000000001 18.42172,-33.89117,160.02 18.42205,-33.89191,144.78 18.42233,-33.8925,144.78 18.42273,-33.89319,137.16 18.42306,-33.89397,121.92 18.42339,-33.89459,121.92 18.42368,-33.89507,114.30000000000001 18.4239,-33.89548,114.30000000000001 18.42419,-33.89594,106.68 18.42447,-33.89635,99.06 18.42476,-33.89687,99.06 18.42503,-33.89722,91.44 18.42525,-33.89763,91.44 18.42556,-33.89813,83.82000000000001 18.42585,-33.8985,76.2 18.42615,-33.89882,68.58 18.42642,-33.89906,60.96 18.42671,-33.89937,60.96 18.42693,-33.89962,60.96 18.42715,-33.90001,53.34 18.4271,-33.90033,53.34 18.4271,-33.90056,53.34 18.42733,-33.90074,45.72 18.42755,-33.90079,45.72 18.42777,-33.90079,53.34 18.42917,-33.90102,53.34 18.43024,-33.90125,68.58 18.43071,-33.90134,76.2 18.43114,-33.90143,83.82000000000001 18.43163,-33.90153,91.44 18.43231,-33.90157,99.06 18.43306,-33.90153,106.68 18.43371,-33.90143,121.92 18.43444,-33.90125,121.92 18.43506,-33.90102,129.54000000000002 18.43563,-33.90078,137.16 18.43632,-33.90036,137.16 18.43683,-33.8999,144.78 18.43741,-33.89923,152.4 18.43786,-33.89841,167.64000000000001 18.43814,-33.89763,175.26000000000002 18.43825,-33.8969,182.88 18.43832,-33.89603,198.12 18.4382,-33.8952,205.74 18.43803,-33.89438,205.74 18.43775,-33.89328,213.36 18.43747,-33.89236,220.98000000000002 18.43718,-33.89147,228.60000000000002 18.43678,-33.8904,236.22 18.43635,-33.8893,243.84 18.43592,-33.88835,251.46 18.43552,-33.88742,251.46 18.43495,-33.88628,259.08000000000004 18.4345,-33.88531,259.08000000000004 18.43388,-33.88408,266.7 18.43332,-33.88298,266.7 18.43282,-33.88202,274.32 18.43226,-33.88097,274.32 18.43164,-33.87982,274.32 18.43108,-33.87872,274.32 18.43042,-33.87755,281.94 18.42979,-33.87653,289.56 18.42899,-33.87546,304.8 18.42831,-33.87471,320.04 18.42755,-33.87405,335.28000000000003 18.42665,-33.8735,358.14000000000004 18.42596,-33.87322,373.38 18.42522,-33.87313,388.62 18.42464,-33.87322,396.24 18.42419,-33.87336,403.86 18.42385,-33.8736,411.48 18.42362,-33.87396,411.48 18.42357,-33.87424,411.48 18.42374,-33.87465,411.48 18.42407,-33.8749,419.1 18.42453,-33.87504,426.72 18.42508,-33.87492,434.34000000000003 18.4255,-33.87467,441.96000000000004 18.42587,-33.87424,441.96000000000004 18.42598,-33.87341,441.96000000000004 18.42587,-33.87291,441.96000000000004 18.42545,-33.87201,441.96000000000004 18.42476,-33.87132,441.96000000000004 18.42402,-33.87085,441.96000000000004 18.42327,-33.87053,441.96000000000004 18.4223,-33.8702,441.96000000000004 18.42127,-33.86996,441.96000000000004 18.42041,-33.86987,441.96000000000004 18.41938,-33.86983,441.96000000000004 18.41835,-33.86984,449.58000000000004 18.41743,-33.86987,449.58000000000004 18.41645,-33.86998,457.20000000000005 18.41503,-33.87015,457.20000000000005 18.41409,-33.8703,464.82000000000005 18.4132,-33.87053,472.44 18.41194,-33.87085,472.44 18.41112,-33.87108,480.06 18.41011,-33.87141,480.06 18.40922,-33.87172,487.68 18.40827,-33.87204,487.68 18.40742,-33.87239,495.3 18.4067,-33.87268,495.3 18.40591,-33.873,502.92 18.40467,-33.8736,502.92 18.40378,-33.87405,510.54 18.40288,-33.87456,518.1600000000001 18.40221,-33.87492,518.1600000000001 18.4013,-33.87541,525.78 18.40055,-33.87588,525.78 18.39964,-33.87643,525.78 18.39895,-33.87685,533.4 18.3979,-33.87753,541.02 18.39711,-33.87799,541.02 18.39592,-33.87877,541.02 18.39515,-33.87923,541.02 18.39425,-33.87978,548.64 18.3934,-33.88034,548.64 18.39254,-33.88091,556.26 18.39151,-33.88165,563.88 18.39067,-33.88225,563.88 18.38985,-33.88281,563.88 18.38915,-33.88335,563.88 18.38837,-33.88398,571.5 18.38757,-33.88458,579.12 18.38674,-33.88527,579.12 18.38607,-33.88586,579.12 18.38539,-33.88644,586.74 18.38448,-33.88724,586.74 18.38373,-33.88789,594.36 18.38282,-33.8887,594.36 18.38209,-33.88934,601.98 18.38147,-33.88989,601.98 18.38058,-33.89077,609.6 18.37973,-33.89159,617.22 18.37884,-33.89246,617.22 18.37811,-33.89319,624.84 18.37744,-33.89388,624.84 18.37646,-33.89492,624.84 18.37576,-33.89566,624.84 18.37503,-33.89636,632.46 18.3744,-33.89711,632.46 18.37378,-33.8978,640.08 18.37315,-33.89855,640.08 18.3725,-33.89932,647.7 18.37177,-33.90019,647.7 18.37121,-33.90097,655.32 18.37054,-33.90198,655.32 18.37011,-33.90269,662.94 18.36943,-33.90381,662.94 18.3688,-33.90482,670.5600000000001 18.36824,-33.90569,670.5600000000001 18.3676,-33.90665,670.5600000000001 18.36701,-33.90742,670.5600000000001 18.36645,-33.9082,670.5600000000001 18.36589,-33.90898,670.5600000000001 18.36502,-33.91019,670.5600000000001 18.3646,-33.9109,678.1800000000001 18.36411,-33.91196,701.0400000000001 18.36398,-33.91269,716.2800000000001 18.36398,-33.91351,731.52 18.3641,-33.91406,739.14 18.36439,-33.91479,754.38 18.36479,-33.91531,762 18.36525,-33.91573,769.62 18.36572,-33.91603,777.24 18.36651,-33.91629,777.24 18.36724,-33.91635,784.86 18.36794,-33.91629,784.86 18.36868,-33.916,792.48 18.36942,-33.91553,800.1 18.36976,-33.91507,800.1 18.36983,-33.91456,800.1 18.36964,-33.91383,800.1 18.36909,-33.91319,800.1 18.36841,-33.91283,800.1 18.36757,-33.91251,807.72 18.36679,-33.91241,807.72 18.36599,-33.91251,807.72 18.36505,-33.91283,815.34 18.36416,-33.9133,807.72 18.36342,-33.91388,807.72 18.36281,-33.91443,807.72 18.36205,-33.91521,807.72 18.3614,-33.91589,807.72 18.36073,-33.9167,807.72 18.36,-33.91763,807.72 18.35947,-33.91843,807.72 18.35884,-33.91936,807.72 18.35832,-33.9202,815.34 18.35776,-33.92111,815.34 18.35731,-33.92194,822.96 18.35684,-33.92294,830.58 18.35642,-33.92368,838.2 18.35602,-33.92468,838.2 18.35569,-33.92542,845.82 18.35518,-33.92656,845.82 18.35485,-33.92743,853.44 18.35443,-33.92839,853.44 18.35409,-33.92941,861.0600000000001 18.35375,-33.93034,868.6800000000001 18.35346,-33.93118,868.6800000000001 18.35305,-33.93228,868.6800000000001 18.35277,-33.93315,868.6800000000001 18.35249,-33.93407,868.6800000000001 18.3521,-33.93521,868.6800000000001 18.35182,-33.93617,868.6800000000001 18.35154,-33.9369,861.0600000000001 18.35025,-33.9408,861.0600000000001 18.34935,-33.94386,845.82 18.34877,-33.94608,838.2 18.3486,-33.9471,838.2 18.34834,-33.94807,838.2 18.34814,-33.94915,830.58 18.34778,-33.95045,830.58 18.34763,-33.95115,830.58 18.34722,-33.95256,830.58 18.34682,-33.95371,830.58 18.34633,-33.9549,822.96 18.34577,-33.95595,822.96 18.34509,-33.95695,822.96 18.34431,-33.95805,822.96 18.34322,-33.95972,822.96 18.3427,-33.96074,822.96 18.34218,-33.96199,838.2 18.3419,-33.96295,838.2 18.34173,-33.96381,845.82 18.34156,-33.96478,845.82 18.34139,-33.96606,845.82 18.34133,-33.96666,845.82 18.34127,-33.96754,853.44 18.34117,-33.96881,853.44 18.3411,-33.96987,853.44 18.34105,-33.97098,861.0600000000001 18.34099,-33.97182,861.0600000000001 18.34093,-33.97313,861.0600000000001 18.34089,-33.97467,861.0600000000001 18.34089,-33.97559,861.0600000000001 18.34083,-33.97682,853.44 18.34083,-33.97787,853.44 18.34083,-33.97897,853.44 18.34083,-33.97971,853.44 18.34089,-33.98122,853.44 18.34099,-33.98215,853.44 18.34106,-33.98355,861.0600000000001 18.34117,-33.98442,861.0600000000001 18.34139,-33.98616,868.6800000000001 18.34156,-33.98732,868.6800000000001 18.34196,-33.98849,861.0600000000001 18.34235,-33.98964,861.0600000000001 18.34263,-33.99055,868.6800000000001 18.34296,-33.99152,868.6800000000001 18.34336,-33.99257,861.0600000000001 18.34379,-33.99361,861.0600000000001 18.34414,-33.99458,861.0600000000001 18.34459,-33.99566,861.0600000000001 18.34504,-33.99678,861.0600000000001 18.34549,-33.99797,861.0600000000001 18.34585,-33.99896,861.0600000000001 18.34631,-34.00008,861.0600000000001 18.34661,-34.00095,861.0600000000001 18.347,-34.00199,853.44 18.34728,-34.00278,853.44 18.34774,-34.00385,845.82 18.34812,-34.00488,845.82 18.3484,-34.00575,838.2 18.34879,-34.00685,822.96 18.34906,-34.00795,822.96 18.34929,-34.00911,830.58 18.3494,-34.00995,830.58 18.34947,-34.01074,830.58 18.34958,-34.01175,830.58 18.34974,-34.01288,830.58 18.34986,-34.01367,830.58 18.34997,-34.01469,830.58 18.35009,-34.01544,830.58 18.35025,-34.01628,830.58 18.35042,-34.01711,830.58 18.35072,-34.01814,838.2 18.35092,-34.01903,845.82 18.3512,-34.01985,845.82 18.35146,-34.0207,845.82 18.3518,-34.02163,845.82 18.35215,-34.02275,845.82 18.35238,-34.02354,845.82 18.35266,-34.0247,845.82 18.35283,-34.02567,845.82 18.353,-34.02663,845.82 18.35318,-34.02764,838.2 18.35329,-34.0289,838.2 18.3534,-34.02978,838.2 18.35352,-34.03104,838.2 18.35361,-34.03194,830.58 18.35367,-34.03308,838.2 18.35367,-34.03413,845.82 18.35367,-34.03514,853.44 18.35367,-34.03606,853.44 18.35367,-34.03716,853.44 18.35373,-34.03807,861.0600000000001 18.35378,-34.03899,861.0600000000001 18.35384,-34.04018,861.0600000000001 18.3539,-34.041,861.0600000000001 18.35403,-34.04211,868.6800000000001 18.35409,-34.04305,868.6800000000001 18.42756,-33.90078,53.34 18.42783,-33.90092,68.58 18.42859,-33.90139,99.06 18.42917,-33.90166,114.30000000000001 18.42968,-33.90179,114.30000000000001 18.43014,-33.90185,121.92 18.43069,-33.90193,129.54000000000002 18.43122,-33.90195,129.54000000000002 18.43174,-33.9019,137.16 18.43266,-33.90171,144.78 18.43327,-33.90157,152.4 18.43391,-33.90134,160.02 18.43461,-33.90106,160.02 18.43546,-33.90069,167.64000000000001 18.43609,-33.90036,167.64000000000001 18.43678,-33.89994,182.88 18.43769,-33.89929,190.5 18.43838,-33.89855,198.12 18.43895,-33.8979,213.36 18.43949,-33.89713,220.98000000000002 18.43998,-33.89613,228.60000000000002 18.44027,-33.89516,228.60000000000002 18.44049,-33.89408,236.22 18.44061,-33.89296,243.84 18.44055,-33.89163,251.46 18.44044,-33.89045,251.46 18.44022,-33.88934,259.08000000000004 18.43994,-33.88824,266.7 18.43952,-33.88686,274.32 18.43912,-33.8856,281.94 18.43878,-33.88454,289.56 18.43832,-33.88314,297.18 18.43798,-33.88216,304.8 18.43747,-33.88092,312.42 18.43708,-33.87982,320.04 18.43652,-33.87845,327.66 18.43615,-33.87755,335.28000000000003 18.43552,-33.87611,342.90000000000003 18.43506,-33.87502,350.52000000000004 18.43467,-33.8741,358.14000000000004 18.43405,-33.87286,365.76 18.43357,-33.87183,365.76 18.43288,-33.87066,373.38 18.4322,-33.86964,381 18.43119,-33.86838,388.62 18.43046,-33.86751,396.24 18.42968,-33.86659,403.86 18.42878,-33.86563,411.48 18.42791,-33.8647,419.1 18.42688,-33.86373,426.72 18.42609,-33.86302,434.34000000000003 18.42493,-33.86224,441.96000000000004 18.42418,-33.86188,441.96000000000004 18.42284,-33.86142,441.96000000000004 18.42144,-33.86121,449.58000000000004 18.42032,-33.86119,449.58000000000004 18.41932,-33.86126,457.20000000000005 18.41812,-33.8614,457.20000000000005 18.41709,-33.86154,464.82000000000005 18.41555,-33.86183,480.06 18.41463,-33.862,487.68 18.41337,-33.86229,495.3 18.41247,-33.86252,495.3 18.41131,-33.86284,510.54 18.41034,-33.86312,510.54 18.40905,-33.86357,518.1600000000001 18.40822,-33.86386,525.78 18.4072,-33.8643,525.78 18.40622,-33.8647,533.4 18.40518,-33.86522,541.02 18.40439,-33.86559,548.64 18.40344,-33.86604,556.26 18.40233,-33.86657,563.88 18.40147,-33.86699,571.5 18.40038,-33.8675,579.12 18.39958,-33.86787,586.74 18.39868,-33.86833,586.74 18.39752,-33.86889,594.36 18.39666,-33.86931,601.98 18.39571,-33.8698,601.98 18.39478,-33.8702,609.6 18.39369,-33.87076,609.6 18.39283,-33.87122,617.22 18.3919,-33.87167,617.22 18.39083,-33.87225,624.84 18.38977,-33.87282,632.46 18.38876,-33.87337,640.08 18.38774,-33.87392,647.7 18.38499,-33.87541,662.94 18.384,-33.87593,670.5600000000001 18.38287,-33.87657,685.8000000000001 18.38198,-33.87703,685.8000000000001 18.38121,-33.87755,693.4200000000001 18.38013,-33.87822,701.0400000000001 18.37929,-33.87872,708.6600000000001 18.37828,-33.87936,716.2800000000001 18.37727,-33.88005,723.9000000000001 18.37646,-33.88063,731.52 18.37587,-33.88106,731.52 18.37503,-33.88165,739.14 18.37407,-33.88239,739.14 18.37334,-33.88298,746.76 18.3724,-33.88374,746.76 18.37172,-33.88435,754.38 18.37082,-33.88522,754.38 18.3702,-33.88591,754.38 18.36931,-33.88678,754.38 18.36863,-33.88752,762 18.36796,-33.88824,762 18.36742,-33.88887,769.62 18.36667,-33.88976,769.62 18.36606,-33.89044,777.24 18.36548,-33.89119,777.24 18.36471,-33.89209,784.86 18.36405,-33.89287,784.86 18.36353,-33.89352,792.48 18.36292,-33.89429,792.48 18.36216,-33.8952,792.48 18.36142,-33.89608,800.1 18.36073,-33.89697,800.1 18.36021,-33.89766,807.72 18.35896,-33.89925,807.72 18.35686,-33.90193,815.34 18.3563,-33.90262,815.34 18.35563,-33.90349,822.96 18.35484,-33.90446,822.96 18.35426,-33.90525,822.96 18.3535,-33.90628,822.96 18.35294,-33.9071,822.96 18.35221,-33.90829,822.96 18.35163,-33.9093,830.58 18.35104,-33.91031,830.58 18.35054,-33.91121,830.58 18.34991,-33.91228,830.58 18.34934,-33.91335,830.58 18.34883,-33.91424,830.58 18.3482,-33.9154,822.96 18.3478,-33.91615,822.96 18.34717,-33.91731,822.96 18.34661,-33.91846,822.96 18.34614,-33.91931,822.96 18.34543,-33.92065,822.96 18.34499,-33.92154,822.96 18.34448,-33.92252,822.96 18.34391,-33.92359,822.96 18.34351,-33.92429,822.96 18.34296,-33.92542,822.96 18.34253,-33.92643,830.58 18.34207,-33.92752,830.58 18.34173,-33.92839,830.58 18.34133,-33.92941,838.2 18.34095,-33.93059,830.58 18.34061,-33.9315,830.58 18.3403,-33.93235,830.58 18.33977,-33.93352,830.58 18.33927,-33.93472,830.58 18.33893,-33.93567,822.96 18.33848,-33.93672,822.96 18.33807,-33.93784,822.96 18.33775,-33.93878,815.34 18.33753,-33.93979,815.34 18.33733,-33.94077,822.96 18.33725,-33.94176,822.96 18.33719,-33.94272,822.96 18.33715,-33.94352,822.96 18.33721,-33.94426,822.96 18.33736,-33.94528,822.96 18.3375,-33.94603,822.96 18.33775,-33.94684,815.34 18.3382,-33.9478,807.72 18.3387,-33.9485,800.1 18.33938,-33.94908,792.48 18.34013,-33.94943,784.86 18.34095,-33.94958,769.62 18.34184,-33.94945,746.76 18.34299,-33.94896,708.6600000000001 18.34396,-33.94827,685.8000000000001 18.34499,-33.94743,670.5600000000001 18.34614,-33.9464,655.32 18.34689,-33.94574,647.7 18.3479,-33.94482,640.08 18.34871,-33.94417,632.46 18.34974,-33.94324,624.84 18.35053,-33.94249,617.22 18.35152,-33.94156,609.6 18.35255,-33.94063,601.98 18.35322,-33.93993,601.98 18.35412,-33.93901,601.98 18.35506,-33.93793,609.6 18.35586,-33.937,601.98 18.35644,-33.93635,601.98 18.3573,-33.93533,601.98 18.35804,-33.93449,601.98 18.3589,-33.93351,594.36 18.35958,-33.93272,594.36 18.36034,-33.93178,586.74 18.36113,-33.93081,586.74 18.36182,-33.92992,586.74 18.36253,-33.92908,586.74 18.36313,-33.92825,586.74 18.36393,-33.92734,586.74 18.36471,-33.92642,579.12 18.36536,-33.92574,579.12 18.36623,-33.92491,571.5 18.36702,-33.92415,571.5 18.36808,-33.92322,556.26 18.36886,-33.92249,556.26 18.36953,-33.92184,548.64 18.37046,-33.92094,548.64 18.37137,-33.92001,548.64 18.37212,-33.91927,541.02 18.37306,-33.91832,541.02 18.37362,-33.91772,548.64 18.37458,-33.91675,541.02 18.37532,-33.91596,541.02 18.37641,-33.91489,541.02 18.37721,-33.91405,541.02 18.37811,-33.91315,541.02 18.37895,-33.91232,541.02 18.37961,-33.91158,541.02 18.38035,-33.91081,533.4 18.38136,-33.90981,533.4 18.38209,-33.90903,533.4 18.38287,-33.90823,533.4 18.38385,-33.9073,525.78 18.38456,-33.90665,525.78 18.38545,-33.90577,525.78 18.38614,-33.90511,525.78 18.38711,-33.90423,525.78 18.38803,-33.90344,525.78 18.38898,-33.90266,518.1600000000001 18.38982,-33.90193,518.1600000000001 18.39078,-33.90115,518.1600000000001 18.39162,-33.90047,518.1600000000001 18.3922,-33.89999,518.1600000000001 18.39329,-33.89911,525.78 18.3942,-33.89836,525.78 18.39509,-33.89763,518.1600000000001 18.39577,-33.89703,518.1600000000001 18.39672,-33.89627,518.1600000000001 18.3975,-33.89566,518.1600000000001 18.39846,-33.89493,518.1600000000001 18.39907,-33.89447,510.54 18.4001,-33.89375,510.54 18.4012,-33.89301,502.92 18.40232,-33.89232,502.92 18.40324,-33.8917,502.92 18.40422,-33.89115,502.92 18.40513,-33.89058,502.92 18.40622,-33.89003,502.92 18.40714,-33.88961,502.92 18.40815,-33.88921,502.92 18.40911,-33.88884,502.92 18.4104,-33.8884,510.54 18.41135,-33.88806,510.54 18.41228,-33.88779,510.54 18.41337,-33.88752,510.54 18.41434,-33.88724,510.54 18.41522,-33.88701,510.54 18.41646,-33.88668,502.92 18.41743,-33.88644,495.3 18.41858,-33.88618,495.3 18.41932,-33.88598,487.68 18.42037,-33.88577,480.06 18.42144,-33.88554,472.44 18.42256,-33.88536,464.82000000000005 18.42334,-33.88522,457.20000000000005 18.42436,-33.88519,449.58000000000004 18.42516,-33.88519,441.96000000000004 18.42596,-33.88537,441.96000000000004 18.42654,-33.88564,441.96000000000004 18.42699,-33.88598,434.34000000000003 18.42722,-33.8864,419.1 18.42716,-33.887,403.86 18.42688,-33.8877,381 18.42636,-33.88835,358.14000000000004 18.42587,-33.88893,342.90000000000003 18.42525,-33.88966,320.04 18.4248,-33.89012,312.42 18.42424,-33.89073,297.18 18.42367,-33.89143,281.94 18.42333,-33.89185,274.32 18.4229,-33.89246,266.7 18.42264,-33.89301,251.46 18.42258,-33.89352,243.84 18.42278,-33.89401,236.22 18.42323,-33.89433,220.98000000000002 18.42379,-33.89459,213.36 18.42424,-33.89478,205.74 18.4248,-33.89502,198.12 18.42519,-33.89534,190.5 18.42542,-33.89561,182.88 18.42558,-33.89598,175.26000000000002 18.42575,-33.8963,160.02 18.42585,-33.89669,160.02 18.42596,-33.89701,152.4 18.42607,-33.89738,144.78 18.42613,-33.89776,129.54000000000002 18.42626,-33.89813,121.92 18.42637,-33.89841,114.30000000000001 18.42648,-33.89868,99.06 18.42659,-33.89897,99.06 18.42682,-33.89925,91.44 18.42699,-33.89951,83.82000000000001 18.4271,-33.89973,76.2 18.42739,-33.90013,68.58 18.42751,-33.90041,68.58 18.4276,-33.90065,60.96 18.42779,-33.90088,68.58 18.42836,-33.90115,83.82000000000001 18.42876,-33.90129,91.44 18.42922,-33.90139,91.44 18.42968,-33.90153,99.06 18.43019,-33.90162,106.68 18.43085,-33.9017,114.30000000000001 18.43163,-33.90171,114.30000000000001 18.43231,-33.90166,129.54000000000002 18.4331,-33.90157,137.16 18.43399,-33.90143,137.16 18.43472,-33.9012,144.78 18.43545,-33.90097,152.4 18.43649,-33.90055,167.64000000000001 18.43736,-33.90005,175.26000000000002 18.4382,-33.89941,175.26000000000002 18.43889,-33.89869,182.88 18.43943,-33.89795,190.5 18.43998,-33.89692,198.12 18.44032,-33.8958,205.74 18.44049,-33.89473,205.74 18.44055,-33.89347,213.36 18.44044,-33.89208,220.98000000000002 18.44022,-33.89063,228.60000000000002 18.43982,-33.88921,236.22 18.43941,-33.88812,243.84 18.43889,-33.887,251.46 18.43815,-33.88556,266.7 18.43758,-33.88454,281.94 18.43685,-33.88326,297.18 18.43612,-33.88211,304.8 18.43551,-33.88115,320.04 18.43472,-33.87993,327.66 18.43397,-33.87881,342.90000000000003 18.43327,-33.87781,358.14000000000004 18.43254,-33.87676,365.76 18.43192,-33.87593,381 18.43117,-33.87485,388.62 18.43046,-33.87387,396.24 18.4299,-33.87318,403.86 18.429,-33.87218,419.1 18.42808,-33.87136,426.72 18.4271,-33.87071,426.72 18.42613,-33.87024,434.34000000000003 18.4248,-33.86984,441.96000000000004 18.42361,-33.86964,441.96000000000004 18.42239,-33.86952,449.58000000000004 18.42138,-33.86948,457.20000000000005 18.42012,-33.86945,464.82000000000005 18.41915,-33.86945,480.06 18.41812,-33.8695,487.68 18.41686,-33.86954,502.92 18.416,-33.86961,510.54 18.4151,-33.86971,518.1600000000001 18.41404,-33.86984,533.4 18.4132,-33.86996,541.02 18.4123,-33.87007,548.64 18.41135,-33.87021,563.88 18.41022,-33.87038,571.5 18.4095,-33.87048,579.12 18.40843,-33.87071,586.74 18.40759,-33.8709,594.36 18.40662,-33.87108,601.98 18.40586,-33.87126,601.98 18.40485,-33.8715,617.22 18.40412,-33.87167,624.84 18.40313,-33.87192,632.46 18.40233,-33.8721,640.08 18.4012,-33.87236,655.32 18.40036,-33.8725,662.94 18.39935,-33.87268,670.5600000000001 18.39867,-33.87281,678.1800000000001 18.39784,-33.873,685.8000000000001 18.39661,-33.87322,693.4200000000001 18.39571,-33.87341,701.0400000000001 18.39489,-33.8736,701.0400000000001 18.39397,-33.87383,716.2800000000001 18.39302,-33.87405,723.9000000000001 18.39218,-33.87428,731.52 18.39106,-33.87457,739.14 18.39016,-33.87479,739.14 18.38938,-33.87506,746.76 18.38837,-33.87537,754.38 18.38774,-33.87555,762 18.38674,-33.87589,769.62 18.38579,-33.87621,777.24 18.385,-33.87648,784.86 18.384,-33.87685,792.48 18.3831,-33.87718,807.72 18.38237,-33.87744,815.34 18.38142,-33.87781,822.96 18.38064,-33.87816,838.2 18.37985,-33.87849,845.82 18.37912,-33.87886,861.0600000000001 18.37847,-33.87914,868.6800000000001 18.37761,-33.87955,883.9200000000001 18.37671,-33.87996,899.1600000000001 18.37612,-33.88021,906.7800000000001 18.37526,-33.88063,922.0200000000001 18.37452,-33.881,929.6400000000001 18.37366,-33.88142,944.88 18.37278,-33.88188,960.12 18.37194,-33.88235,975.36 18.37116,-33.88275,982.98 18.37034,-33.88323,990.6 18.36964,-33.88367,998.22 18.36897,-33.88412,1013.46 18.36823,-33.88463,1021.08 18.36757,-33.88513,1036.3200000000002 18.36673,-33.88573,1051.56 18.36623,-33.88609,1059.18 18.36544,-33.88673,1074.42 18.36473,-33.88733,1082.04 18.36404,-33.88792,1089.66 18.36348,-33.8884,1097.28 18.3629,-33.88891,1104.9 18.36213,-33.88962,1120.14 18.36152,-33.89026,1127.76 18.36096,-33.89082,1135.38 18.36045,-33.89131,1143 18.35981,-33.89194,1150.6200000000001 18.35913,-33.89264,1158.24 18.35855,-33.89328,1173.48 18.35793,-33.89394,1181.1000000000001 18.35743,-33.89452,1188.72 18.35692,-33.89507,1188.72 18.35627,-33.89576,1196.3400000000001 18.35575,-33.89641,1196.3400000000001 18.35518,-33.89706,1203.96 18.35468,-33.89767,1211.5800000000002 18.35421,-33.89827,1211.5800000000002 18.35367,-33.89896,1219.2 18.35306,-33.89981,1219.2 18.35243,-33.90069,1219.2 18.35205,-33.90134,1226.8200000000002 18.35154,-33.90207,1226.8200000000002 18.351,-33.90292,1226.8200000000002 18.35037,-33.90395,1226.8200000000002 18.34986,-33.90477,1234.44 18.34941,-33.90555,1234.44 18.34888,-33.90637,1234.44 18.34829,-33.90738,1234.44 18.34784,-33.90816,1242.0600000000002 18.34723,-33.90921,1242.0600000000002 18.34678,-33.91003,1242.0600000000002 18.34625,-33.91098,1242.0600000000002 18.34562,-33.91214,1242.0600000000002 18.34528,-33.91279,1249.68 18.34471,-33.91396,1249.68 18.34442,-33.91457,1249.68 18.34391,-33.91568,1257.3 18.34358,-33.91644,1257.3 18.34311,-33.9175,1257.3 18.3427,-33.91852,1257.3 18.34235,-33.91928,1264.92 18.34196,-33.92029,1264.92 18.34145,-33.92143,1264.92 18.34117,-33.92212,1264.92 18.34076,-33.92322,1264.92 18.34027,-33.92432,1264.92 18.34002,-33.92499,1264.92 18.33956,-33.92616,1264.92 18.33921,-33.92694,1264.92 18.33784,-33.93011,1264.92 18.33742,-33.93105,1264.92 18.33704,-33.93197,1272.54 18.33664,-33.933,1272.54 18.3363,-33.93388,1272.54 18.33601,-33.93476,1272.54 18.33555,-33.93598,1272.54 18.33515,-33.93714,1272.54 18.33481,-33.93802,1272.54 18.33441,-33.93909,1272.54 18.33412,-33.94003,1264.92 18.33378,-33.94091,1264.92 18.33338,-33.94203,1257.3 18.33304,-33.94308,1257.3 18.33269,-33.94422,1249.68 18.33237,-33.94514,1249.68 18.33209,-33.94588,1249.68 18.33166,-33.9472,1242.0600000000002 18.33136,-33.94812,1242.0600000000002 18.33103,-33.94934,1234.44 18.33074,-33.95027,1234.44 18.33046,-33.95132,1226.8200000000002 18.33012,-33.9525,1226.8200000000002 18.32989,-33.95339,1226.8200000000002 18.32968,-33.95421,1226.8200000000002 18.32932,-33.95544,1226.8200000000002 18.32906,-33.95663,1219.2 18.32886,-33.95758,1219.2 18.32862,-33.95851,1219.2 18.32845,-33.95934,1219.2 18.32822,-33.96053,1219.2 18.32805,-33.9614,1219.2 18.32788,-33.96228,1219.2 18.32771,-33.96321,1219.2 18.32743,-33.96432,1226.8200000000002 18.3272,-33.9654,1226.8200000000002 18.32693,-33.96634,1226.8200000000002 18.32663,-33.96745,1226.8200000000002 18.3264,-33.96856,1234.44 18.32617,-33.96959,1234.44 18.32594,-33.97066,1242.0600000000002 18.32565,-33.97168,1249.68 18.32542,-33.9727,1249.68 18.3252,-33.97373,1257.3 18.32497,-33.97467,1257.3 18.32474,-33.97569,1257.3 18.32451,-33.97676,1257.3 18.32424,-33.97778,1264.92 18.32411,-33.97857,1257.3 18.32388,-33.9795,1257.3 18.32365,-33.98067,1257.3 18.32348,-33.98155,1257.3 18.32331,-33.98257,1257.3 18.32312,-33.98346,1257.3 18.32296,-33.98439,1257.3 18.32273,-33.98551,1257.3 18.32205,-33.98928,1242.0600000000002 18.32188,-33.99021,1242.0600000000002 18.32176,-33.99119,1242.0600000000002 18.32166,-33.99211,1249.68 18.32155,-33.99316,1242.0600000000002 18.32144,-33.99408,1242.0600000000002 18.32133,-33.99518,1242.0600000000002 18.32125,-33.99612,1242.0600000000002 18.32121,-33.99696,1234.44 18.32116,-33.99797,1234.44 18.32113,-33.99892,1234.44 18.32119,-34.00003,1234.44 18.32125,-34.00096,1234.44 18.32138,-34.00186,1234.44 18.32153,-34.00296,1234.44 18.32172,-34.00388,1234.44 18.32189,-34.00484,1234.44 18.32216,-34.0059,1234.44 18.32239,-34.00674,1234.44 18.32273,-34.00777,1226.8200000000002 18.32301,-34.00859,1226.8200000000002 18.32336,-34.00943,1226.8200000000002 18.32371,-34.01023,1219.2 18.32419,-34.0112,1219.2 18.32458,-34.01198,1211.5800000000002 18.32503,-34.01276,1203.96 18.32553,-34.01372,1203.96 18.32598,-34.01454,1196.3400000000001 18.32637,-34.01523,1196.3400000000001 18.32691,-34.01604,1196.3400000000001 18.32731,-34.01679,1196.3400000000001 18.32794,-34.01777,1196.3400000000001 18.3284,-34.01847,1196.3400000000001 18.32895,-34.0193,1196.3400000000001 18.32937,-34.02005,1196.3400000000001 18.32977,-34.02079,1188.72 18.33018,-34.02155,1181.1000000000001 18.33058,-34.02214,1181.1000000000001 18.33108,-34.02306,1173.48 18.33149,-34.02373,1165.8600000000001 18.33195,-34.02443,1165.8600000000001 18.33254,-34.02525,1158.24 18.33299,-34.02594,1158.24 18.33338,-34.02643,1158.24 18.334,-34.02722,1150.6200000000001 18.33458,-34.02778,1150.6200000000001 18.33506,-34.02832,1150.6200000000001 18.33561,-34.02899,1150.6200000000001 18.33601,-34.0295,1150.6200000000001 18.33657,-34.03024,1143 18.33698,-34.0309,1143 18.33742,-34.03166,1143 18.33775,-34.0323,1143 18.33809,-34.03299,1143 18.33842,-34.03363,1143 18.33887,-34.03453,1135.38 18.33927,-34.03537,1135.38 18.33966,-34.0361,1135.38 18.33994,-34.03665,1135.38 18.34033,-34.03748,1135.38 18.34064,-34.03825,1135.38 18.34087,-34.03881,1135.38 18.34111,-34.03958,1135.38 18.34133,-34.04035,1143 18.34156,-34.04128,1150.6200000000001 18.34173,-34.04202,1150.6200000000001 18.34196,-34.04286,1158.24 18.34212,-34.04356,1158.24 18.34235,-34.04443,1165.8600000000001 18.34248,-34.04523,1173.48 18.34268,-34.04617,1181.1000000000001 18.34282,-34.04691,1188.72 18.34291,-34.04764,1188.72 18.34302,-34.04837,1196.3400000000001 18.34316,-34.04929,1203.96 18.34324,-34.04997,1211.5800000000002 18.34336,-34.05084,1211.5800000000002 18.34345,-34.0517,1219.2 18.34352,-34.05258,1219.2 18.34356,-34.05329,1226.8200000000002 18.34362,-34.05408,1226.8200000000002 18.34364,-34.05496,1234.44 18.34368,-34.05576,1242.0600000000002 18.34364,-34.05656,1242.0600000000002 18.34364,-34.05753,1249.68 18.34362,-34.05836,1257.3 18.34358,-34.05917,1264.92 18.34356,-34.05999,1264.92 18.34345,-34.06111,1264.92 18.34324,-34.06206,1272.54 18.34302,-34.06306,1272.54 18.3427,-34.0639,1272.54 18.34236,-34.06474,1272.54 18.34196,-34.06567,1264.92 18.34145,-34.06679,1264.92 18.34106,-34.06764,1257.3 18.3405,-34.0687,1249.68 18.34011,-34.06956,1249.68 18.33961,-34.0707,1242.0600000000002 18.3391,-34.07186,1242.0600000000002 18.33864,-34.07284,1242.0600000000002 18.3383,-34.07372,1242.0600000000002 18.33796,-34.07452,1242.0600000000002 18.3375,-34.07568,1242.0600000000002 18.33698,-34.0768,1242.0600000000002 18.33664,-34.07768,1234.44 18.33612,-34.07889,1234.44 18.33579,-34.07973,1234.44 18.33549,-34.08066,1226.8200000000002 18.33517,-34.08147,1226.8200000000002 18.33484,-34.08261,1219.2 18.33467,-34.08353,1219.2 18.33441,-34.08462,1219.2 18.33429,-34.0855,1211.5800000000002 18.33429,-34.08667,1211.5800000000002 18.33435,-34.08755,1203.96 18.33452,-34.08862,1196.3400000000001 18.33481,-34.08955,1188.72 18.33504,-34.09034,1188.72 18.33545,-34.09126,1188.72 18.33596,-34.09232,1181.1000000000001 18.33646,-34.09314,1173.48 18.33693,-34.09388,1165.8600000000001 18.33747,-34.09465,1165.8600000000001 18.33813,-34.09551,1158.24 18.33864,-34.09621,1150.6200000000001 18.3391,-34.09677,1150.6200000000001 18.33988,-34.09772,1143 18.34047,-34.09835,1143 18.341,-34.09895,1143 18.34162,-34.0995,1135.38 18.34219,-34.10007,1135.38 18.34299,-34.10068,1127.76 18.34369,-34.10115,1127.76 18.34471,-34.10175,1120.14 18.34549,-34.1022,1112.52 18.34621,-34.10252,1104.9 18.34728,-34.10298,1097.28 18.34823,-34.10335,1097.28 18.34911,-34.1037,1089.66 18.35019,-34.10413,1089.66 18.35132,-34.10458,1089.66 18.35221,-34.1049,1082.04 18.35305,-34.10522,1082.04 18.35415,-34.10561,1074.42 18.35507,-34.10591,1074.42 18.35608,-34.10623,1066.8 18.35695,-34.1065,1066.8 18.35782,-34.10678,1059.18 18.35878,-34.10706,1059.18 18.35989,-34.10733,1051.56 18.36079,-34.10752,1051.56 18.36164,-34.10775,1051.56 18.36256,-34.10799,1043.94 18.36337,-34.1082,1036.3200000000002 18.36445,-34.10845,1028.7 18.36527,-34.10866,1028.7 18.36634,-34.10893,1021.08 18.36729,-34.10912,1013.46 18.36802,-34.1093,1005.84 18.36909,-34.10953,1005.84 18.37143,-34.11008,998.22 18.37435,-34.11081,990.6 18.37847,-34.11185,975.36 18.38276,-34.11306,952.5 18.38402,-34.11343,952.5 18.38736,-34.11447,929.6400000000001 18.39145,-34.11571,914.4000000000001 18.39455,-34.11674,891.5400000000001 18.3979,-34.1179,868.6800000000001 18.40104,-34.11896,853.44 18.40406,-34.12001,838.2 18.40759,-34.12125,815.34 18.41148,-34.12275,792.48 18.41421,-34.12386,784.86 18.41522,-34.12431,777.24 18.41606,-34.1247,769.62 18.41709,-34.12512,769.62 18.41778,-34.12544,762 18.41891,-34.12596,754.38 18.42161,-34.12721,739.14 18.42357,-34.12811,731.52 18.42424,-34.12839,731.52 18.42527,-34.12889,723.9000000000001 18.42609,-34.12921,716.2800000000001 18.42899,-34.13047,708.6600000000001 18.42985,-34.13077,701.0400000000001 18.43085,-34.13118,701.0400000000001 18.4317,-34.1315,693.4200000000001 18.43271,-34.13187,685.8000000000001 18.43357,-34.13219,685.8000000000001 18.43461,-34.1326,678.1800000000001 18.43546,-34.13289,678.1800000000001 18.43663,-34.13329,670.5600000000001 18.43752,-34.13361,662.94 18.43848,-34.13388,655.32 18.43977,-34.13425,655.32 18.44067,-34.13448,647.7 18.44195,-34.1347,647.7 18.44296,-34.1348,647.7 18.44408,-34.13489,640.08 18.4453,-34.1349,640.08 18.44666,-34.13475,640.08 18.44773,-34.13457,632.46 18.44896,-34.13429,632.46 18.45034,-34.13382,632.46 18.45142,-34.13336,632.46 18.45251,-34.13275,632.46 18.45356,-34.13214,640.08 18.45473,-34.13141,640.08 18.45566,-34.1308,632.46 18.45658,-34.13022,640.08 18.45783,-34.1294,640.08 18.45888,-34.12875,640.08 18.46006,-34.12802,640.08 18.46092,-34.12754,640.08 18.46213,-34.12688,640.08 18.46314,-34.12628,640.08 18.46449,-34.12555,640.08 18.46544,-34.12503,640.08 18.46667,-34.12436,640.08 18.46767,-34.12381,640.08 18.46882,-34.12321,640.08 18.46985,-34.1226,640.08 18.47116,-34.12189,640.08 18.47228,-34.12125,640.08 18.47312,-34.12079,640.08 18.47448,-34.12004,640.08 18.47547,-34.11946,640.08 18.47671,-34.11859,647.7 18.4776,-34.11786,647.7 18.47856,-34.11699,655.32 18.47935,-34.11604,655.32 18.48003,-34.11506,655.32 18.48069,-34.11388,655.32 18.48113,-34.11296,655.32 18.48158,-34.11176,647.7 18.48198,-34.11026,647.7 18.48225,-34.10861,647.7 18.48238,-34.10724,647.7 18.48238,-34.10566,640.08 18.48232,-34.10435,640.08 18.48221,-34.103,640.08 18.48209,-34.10142,640.08 18.48186,-34.09964,640.08 18.48175,-34.09818,640.08 18.48158,-34.09691,640.08 18.48146,-34.09533,640.08 18.48136,-34.09392,640.08 18.48125,-34.09259,640.08 18.48112,-34.09118,640.08 18.48097,-34.08939,640.08 18.48085,-34.08806,647.7 18.48069,-34.08673,647.7 18.48057,-34.0854,647.7 18.48009,-34.08071,647.7 18.47958,-34.07479,655.32 18.47917,-34.0687,655.32 18.479,-34.06284,632.46 18.47895,-34.05706,617.22 18.47889,-34.05276,609.6 18.47878,-34.04764,601.98 18.47861,-34.04343,586.74 18.47826,-34.03751,586.74 18.47788,-34.03326,579.12 18.47755,-34.02878,571.5 18.47693,-34.02237,563.88 18.47654,-34.01819,563.88 18.47614,-34.01344,563.88 18.47575,-34.00731,556.26 18.47563,-34.00259,563.88 18.47569,-33.99938,563.88 18.4757,-33.99806,556.26 18.47581,-33.99637,556.26 18.47597,-33.99505,548.64 18.47614,-33.99337,556.26 18.47631,-33.99184,556.26 18.47654,-33.99016,556.26 18.47676,-33.98872,556.26 18.47706,-33.987,556.26 18.47732,-33.98557,556.26 18.47766,-33.9841,556.26 18.47794,-33.98264,563.88 18.47832,-33.98122,563.88 18.47866,-33.98001,571.5 18.47906,-33.97852,579.12 18.47935,-33.97741,571.5 18.4798,-33.97596,571.5 18.48013,-33.97476,571.5 18.48057,-33.97343,571.5 18.48091,-33.97234,563.88 18.48135,-33.97098,556.26 18.48164,-33.97001,548.64 18.48209,-33.96847,533.4 18.48242,-33.9673,525.78 18.48278,-33.96605,518.1600000000001 18.48315,-33.9646,510.54 18.48335,-33.96377,502.92 18.48364,-33.96251,495.3 18.48398,-33.96111,480.06 18.48415,-33.96018,480.06 18.48444,-33.95883,472.44 18.48461,-33.95778,472.44 18.48483,-33.95654,464.82000000000005 18.48495,-33.95544,457.20000000000005 18.48511,-33.95435,449.58000000000004 18.48523,-33.95329,449.58000000000004 18.48528,-33.95224,441.96000000000004 18.48536,-33.95092,434.34000000000003 18.4853,-33.94985,434.34000000000003 18.48518,-33.94883,434.34000000000003 18.485,-33.94771,426.72 18.48478,-33.94654,426.72 18.48444,-33.94533,426.72 18.48416,-33.94432,419.1 18.48366,-33.94286,411.48 18.48318,-33.94161,411.48 18.48278,-33.94059,403.86 18.48225,-33.93951,396.24 18.48181,-33.93846,396.24 18.48108,-33.93713,388.62 18.48057,-33.93622,388.62 18.47998,-33.93514,381 18.47917,-33.93384,373.38 18.47856,-33.93283,365.76 18.47792,-33.93183,358.14000000000004 18.47717,-33.93072,350.52000000000004 18.47626,-33.92941,342.90000000000003 18.47569,-33.92857,342.90000000000003 18.47471,-33.92727,335.28000000000003 18.47403,-33.92639,335.28000000000003 18.47323,-33.92537,327.66 18.47239,-33.92427,327.66 18.47157,-33.92327,320.04 18.4706,-33.92207,327.66 18.46973,-33.92108,327.66 18.46869,-33.91988,327.66 18.46785,-33.91891,327.66 18.46682,-33.91777,327.66 18.46584,-33.91675,320.04 18.46482,-33.91571,320.04 18.46395,-33.91489,320.04 18.46275,-33.91377,320.04 18.46189,-33.91298,320.04 18.46107,-33.91214,312.42 18.45978,-33.91095,312.42 18.45892,-33.91014,312.42 18.45795,-33.90921,312.42 18.45692,-33.90814,304.8 18.456,-33.90725,304.8 18.45518,-33.90642,304.8 18.45406,-33.9053,304.8 18.45322,-33.90445,304.8 18.45249,-33.90372,297.18 18.45137,-33.90255,297.18 18.44823,-33.89937,297.18 18.44702,-33.89827,289.56 18.4461,-33.8974,289.56 18.44492,-33.89635,289.56 18.44375,-33.89543,289.56 18.44267,-33.89459,289.56 18.44139,-33.89374,281.94 18.44015,-33.89296,281.94 18.43926,-33.8925,281.94 18.43803,-33.89198,274.32 18.43607,-33.89127,266.7 18.43489,-33.89105,259.08000000000004 18.43346,-33.89091,251.46 18.43242,-33.89095,243.84 18.43157,-33.89105,236.22 18.43046,-33.89136,228.60000000000002 18.42951,-33.89168,220.98000000000002 18.42884,-33.89204,220.98000000000002 18.42825,-33.89245,213.36 18.42766,-33.89301,205.74 18.42727,-33.89351,198.12 18.42699,-33.89401,190.5 18.42682,-33.89441,175.26000000000002 18.42665,-33.89493,167.64000000000001 18.42659,-33.89529,160.02 18.42653,-33.8958,144.78 18.42654,-33.89621,137.16 18.42653,-33.8965,137.16 18.42659,-33.89706,129.54000000000002 18.42665,-33.89745,121.92 18.4267,-33.8978,114.30000000000001 18.42682,-33.89817,114.30000000000001 18.42688,-33.89841,106.68 18.42693,-33.89873,106.68 18.42705,-33.89906,99.06 18.42716,-33.89943,83.82000000000001 18.42721,-33.89964,83.82000000000001 18.42728,-33.89985,76.2 18.42732,-33.90005,76.2 18.42738,-33.90028,68.58 18.42743,-33.90051,60.96 18.42762,-33.90074,76.2 18.42848,-33.90125,91.44 18.42878,-33.90143,91.44 18.42911,-33.90157,91.44 18.42962,-33.90175,99.06 18.43007,-33.90184,106.68 18.43065,-33.90199,106.68 18.43125,-33.90211,114.30000000000001 18.43174,-33.90223,121.92 18.43243,-33.90227,129.54000000000002 18.43306,-33.90227,129.54000000000002 18.43357,-33.90223,129.54000000000002 18.43439,-33.90193,137.16 18.435,-33.90162,144.78 18.43573,-33.90111,152.4 18.43629,-33.90051,152.4 18.43685,-33.89987,160.02 18.43758,-33.89864,160.02 18.43803,-33.89763,167.64000000000001 18.43831,-33.89676,167.64000000000001 18.43853,-33.89539,175.26000000000002 18.43861,-33.89408,182.88 18.43861,-33.89287,182.88 18.43859,-33.89177,182.88 18.43842,-33.8903,190.5 18.43832,-33.88924,190.5 18.43815,-33.88821,198.12 18.43792,-33.88672,205.74 18.43758,-33.88528,205.74 18.43729,-33.88403,213.36 18.43691,-33.88266,220.98000000000002 18.43652,-33.88156,228.60000000000002 18.43609,-33.88034,236.22 18.43562,-33.879,243.84 18.43506,-33.87774,251.46 18.4346,-33.87672,251.46 18.43409,-33.87574,259.08000000000004 18.43343,-33.87451,266.7 18.4327,-33.87341,274.32 18.43203,-33.8725,281.94 18.43114,-33.87135,289.56 18.43048,-33.87066,289.56 18.42951,-33.86961,297.18 18.42867,-33.86874,304.8 18.42768,-33.86782,312.42 18.42653,-33.86675,320.04 18.4257,-33.86613,320.04 18.42458,-33.86536,327.66 18.42362,-33.86481,335.28000000000003 18.42236,-33.86428,335.28000000000003 18.42138,-33.86391,342.90000000000003 18.42032,-33.86366,350.52000000000004 18.41897,-33.86343,365.76 18.41812,-33.86335,365.76 18.41707,-33.86334,373.38 18.41595,-33.86339,381 18.41503,-33.86349,388.62 18.41394,-33.86368,403.86 18.41303,-33.8638,403.86 18.41223,-33.86401,411.48 18.41146,-33.86421,419.1 18.41056,-33.86449,426.72 18.4096,-33.86485,434.34000000000003 18.40891,-33.86508,441.96000000000004 18.40815,-33.86536,449.58000000000004 18.40719,-33.86573,457.20000000000005 18.40651,-33.86601,472.44 18.40593,-33.86624,480.06 18.40502,-33.86657,495.3 18.40416,-33.86689,502.92 18.40347,-33.86717,510.54 18.4025,-33.8675,510.54 18.40182,-33.86774,510.54 18.40107,-33.86796,510.54 18.40027,-33.86829,518.1600000000001 18.39952,-33.86861,518.1600000000001 18.39885,-33.86888,518.1600000000001 18.39804,-33.86931,525.78 18.39735,-33.86964,533.4 18.39689,-33.86992,533.4 18.39598,-33.87048,541.02 18.39535,-33.87085,541.02 18.39478,-33.87122,548.64 18.3942,-33.87163,548.64 18.3933,-33.87218,556.26 18.39268,-33.87259,556.26 18.39214,-33.87294,563.88 18.39134,-33.8735,571.5 18.39077,-33.87392,571.5 18.38999,-33.87447,586.74 18.38951,-33.87476,586.74 18.38877,-33.87527,594.36 18.38814,-33.87569,601.98 18.38758,-33.87607,609.6 18.38682,-33.87658,617.22 18.38612,-33.87703,617.22 18.38556,-33.87744,617.22 18.38478,-33.87794,624.84 18.38419,-33.87839,632.46 18.38333,-33.879,640.08 18.38259,-33.8795,640.08 18.38198,-33.87996,647.7 18.3813,-33.88046,647.7 18.38058,-33.88105,655.32 18.3799,-33.88156,662.94 18.3791,-33.88221,670.5600000000001 18.37844,-33.88271,670.5600000000001 18.37778,-33.88328,678.1800000000001 18.37698,-33.88398,685.8000000000001 18.37629,-33.88454,693.4200000000001 18.37549,-33.88519,693.4200000000001 18.37481,-33.88584,701.0400000000001 18.37419,-33.88637,701.0400000000001 18.37351,-33.88692,708.6600000000001 18.37275,-33.88765,716.2800000000001 18.37206,-33.88838,723.9000000000001 18.37155,-33.88884,731.52 18.37082,-33.88962,739.14 18.3702,-33.89026,746.76 18.3696,-33.89087,754.38 18.36903,-33.89147,762 18.36845,-33.89203,769.62 18.36777,-33.89278,784.86 18.36707,-33.89351,792.48 18.36656,-33.89415,800.1 18.36595,-33.89484,807.72 18.36539,-33.89552,822.96 18.36491,-33.89613,830.58 18.36439,-33.89673,830.58 18.36376,-33.89748,838.2 18.36325,-33.89808,838.2 18.36269,-33.89886,838.2 18.36205,-33.89971,845.82 18.36157,-33.90042,845.82 18.36096,-33.90129,853.44 18.36034,-33.90221,853.44 18.35976,-33.90302,861.0600000000001 18.35928,-33.90376,868.6800000000001 18.35873,-33.90451,868.6800000000001 18.35827,-33.90523,876.3000000000001 18.35781,-33.906,876.3000000000001 18.3573,-33.90674,876.3000000000001 18.35672,-33.90776,883.9200000000001 18.35636,-33.90843,883.9200000000001 18.35581,-33.90939,883.9200000000001 18.35541,-33.91017,883.9200000000001 18.35489,-33.91116,891.5400000000001 18.35457,-33.91187,891.5400000000001 18.35412,-33.91283,891.5400000000001 18.35369,-33.91363,891.5400000000001 18.35323,-33.91465,899.1600000000001 18.35283,-33.91563,899.1600000000001 18.35255,-33.91642,906.7800000000001 18.3521,-33.9174,914.4000000000001 18.3518,-33.9181,914.4000000000001 18.35135,-33.91922,922.0200000000001 18.35098,-33.92001,922.0200000000001 18.3507,-33.9207,922.0200000000001 18.35037,-33.92154,922.0200000000001 18.35003,-33.92229,922.0200000000001 18.34963,-33.92326,922.0200000000001 18.34934,-33.92411,922.0200000000001 18.349,-33.92494,922.0200000000001 18.34871,-33.92574,929.6400000000001 18.34837,-33.92653,929.6400000000001 18.34808,-33.92732,922.0200000000001 18.34763,-33.9283,922.0200000000001 18.34728,-33.92908,922.0200000000001 18.34689,-33.9299,922.0200000000001 18.34649,-33.93086,929.6400000000001 18.34608,-33.93165,929.6400000000001 18.34568,-33.93244,929.6400000000001 18.34532,-33.9332,922.0200000000001 18.34488,-33.93402,929.6400000000001 18.34436,-33.93495,929.6400000000001 18.34391,-33.93579,929.6400000000001 18.34347,-33.93658,929.6400000000001 18.34305,-33.93742,922.0200000000001 18.34248,-33.93844,929.6400000000001 18.34207,-33.93924,922.0200000000001 18.34167,-33.94006,922.0200000000001 18.34116,-33.9411,922.0200000000001 18.34067,-33.94199,914.4000000000001 18.34022,-33.94304,914.4000000000001 18.33979,-33.94389,914.4000000000001 18.33932,-33.94505,906.7800000000001 18.33882,-33.94624,914.4000000000001 18.33831,-33.9473,914.4000000000001 18.33786,-33.9483,914.4000000000001 18.33736,-33.94945,922.0200000000001 18.33675,-33.95059,929.6400000000001 18.3363,-33.95143,929.6400000000001 18.33585,-33.95224,929.6400000000001 18.33512,-33.95338,929.6400000000001 18.33461,-33.95421,929.6400000000001 18.33388,-33.95526,929.6400000000001 18.33321,-33.95623,937.26 18.33259,-33.95705,944.88 18.33189,-33.958,944.88 18.3312,-33.95893,944.88 18.33052,-33.95972,952.5 18.32996,-33.96043,960.12 18.32909,-33.96144,967.74 18.3285,-33.96222,975.36 18.32783,-33.96302,982.98 18.32731,-33.96372,990.6 18.32663,-33.96465,990.6 18.32611,-33.96535,990.6 18.32559,-33.96606,990.6 18.32503,-33.96675,990.6 18.32439,-33.96759,990.6 18.32379,-33.9684,990.6 18.32319,-33.96922,998.22 18.32256,-33.9701,998.22 18.32205,-33.97089,1005.84 18.32161,-33.9716,1005.84 18.32119,-33.97224,1005.84 18.3206,-33.97325,1005.84 18.32022,-33.97401,1005.84 18.31981,-33.97481,1005.84 18.31936,-33.97573,1005.84 18.31909,-33.97646,1013.46 18.31873,-33.97736,1013.46 18.31836,-33.97824,1013.46 18.3181,-33.97899,1021.08 18.3178,-33.9798,1021.08 18.31753,-33.98053,1021.08 18.31718,-33.98137,1021.08 18.3169,-33.98209,1021.08 18.31661,-33.98299,1021.08 18.31628,-33.98378,1021.08 18.31598,-33.98462,1021.08 18.31558,-33.98551,1013.46 18.31518,-33.98639,1021.08 18.3149,-33.98714,1021.08 18.31455,-33.98783,1028.7 18.31415,-33.98863,1028.7 18.31329,-33.99044,1036.3200000000002 18.31295,-33.99119,1036.3200000000002 18.31249,-33.99202,1036.3200000000002 18.31208,-33.99289,1036.3200000000002 18.31175,-33.99366,1036.3200000000002 18.31129,-33.99467,1028.7 18.31089,-33.99561,1028.7 18.31055,-33.99654,1028.7 18.31029,-33.99738,1021.08 18.30992,-33.99831,1028.7 18.30967,-33.9993,1028.7 18.30956,-33.99998,1036.3200000000002 18.3094,-34.00092,1036.3200000000002 18.30935,-34.00166,1043.94 18.30928,-34.00255,1051.56 18.30923,-34.00324,1051.56 18.30923,-34.00394,1051.56 18.30933,-34.00479,1059.18 18.30939,-34.00543,1059.18 18.30957,-34.0065,1059.18 18.3098,-34.00729,1059.18 18.31012,-34.00795,1059.18 18.31051,-34.00873,1059.18 18.31079,-34.00923,1059.18 18.31129,-34.01001,1066.8 18.3118,-34.0106,1066.8 18.31242,-34.01129,1066.8 18.31292,-34.0118,1074.42 18.31358,-34.01242,1074.42 18.3141,-34.01289,1074.42 18.31483,-34.01349,1082.04 18.3153,-34.0139,1082.04 18.316,-34.01445,1082.04 18.31656,-34.01484,1074.42 18.31718,-34.01527,1074.42 18.31785,-34.01578,1074.42 18.31861,-34.01628,1074.42 18.3192,-34.01669,1066.8 18.31981,-34.01715,1066.8 18.32038,-34.01752,1066.8 18.32082,-34.01784,1066.8 18.32153,-34.01833,1059.18 18.32217,-34.01875,1059.18 18.32278,-34.01917,1051.56 18.32331,-34.01949,1051.56 18.32396,-34.01985,1051.56 18.32469,-34.02036,1043.94 18.32525,-34.0207,1043.94 18.32598,-34.02113,1036.3200000000002 18.32651,-34.0214,1028.7 18.3272,-34.02172,1021.08 18.32789,-34.02205,1021.08 18.32856,-34.02228,1021.08 18.32912,-34.02242,1013.46 18.3299,-34.02255,1013.46 18.33052,-34.02266,1013.46 18.33115,-34.0227,1013.46 18.33183,-34.02275,1013.46 18.33248,-34.02269,1013.46 18.33327,-34.02255,1021.08 18.33384,-34.02242,1021.08 18.3345,-34.02214,1021.08 18.33506,-34.02187,1021.08 18.33573,-34.02127,1021.08 18.33601,-34.02072,1013.46 18.33607,-34.01995,1005.84 18.33585,-34.01898,990.6 18.33538,-34.01823,982.98 18.33475,-34.01749,975.36 18.33372,-34.01651,967.74 18.33298,-34.01581,967.74 18.33229,-34.01493,967.74 18.33187,-34.01418,960.12 18.33147,-34.01312,952.5 18.33136,-34.01189,952.5 18.33143,-34.0112,944.88 18.33164,-34.01001,937.26 18.33178,-34.0092,929.6400000000001 18.33203,-34.00827,914.4000000000001 18.33229,-34.00716,914.4000000000001 18.33254,-34.00621,906.7800000000001 18.33271,-34.00548,906.7800000000001 18.33304,-34.00424,899.1600000000001 18.33338,-34.00324,891.5400000000001 18.33372,-34.00214,883.9200000000001 18.33401,-34.00119,876.3000000000001 18.33433,-34.00003,868.6800000000001 18.33456,-33.9993,861.0600000000001 18.33484,-33.99806,861.0600000000001 18.33509,-33.99701,861.0600000000001 18.33534,-33.996,868.6800000000001 18.33551,-33.99509,876.3000000000001 18.33584,-33.99375,868.6800000000001 18.33601,-33.99277,861.0600000000001 18.33624,-33.99179,861.0600000000001 18.33652,-33.99046,853.44 18.33663,-33.98969,845.82 18.33691,-33.98845,853.44 18.33714,-33.9873,853.44 18.33744,-33.98616,853.44 18.33764,-33.98529,853.44 18.33809,-33.98387,853.44 18.33859,-33.98227,853.44 18.33893,-33.98127,861.0600000000001 18.33926,-33.98026,861.0600000000001 18.3396,-33.97929,876.3000000000001 18.34007,-33.97815,883.9200000000001 18.34042,-33.97727,899.1600000000001 18.34082,-33.97638,914.4000000000001 18.34122,-33.9755,922.0200000000001 18.34173,-33.97443,929.6400000000001 18.34225,-33.97345,937.26 18.34268,-33.97252,944.88 18.34313,-33.97174,944.88 18.34368,-33.9707,952.5 18.34408,-33.96991,960.12 18.34448,-33.96912,960.12 18.34499,-33.9681,960.12 18.34551,-33.96703,967.74 18.34582,-33.9662,967.74 18.34625,-33.96498,967.74 18.3466,-33.96414,967.74 18.34694,-33.963,960.12 18.34723,-33.96218,967.74 18.34757,-33.96111,960.12 18.3479,-33.9603,960.12 18.34868,-33.95819,967.74 18.34894,-33.95739,967.74 18.34935,-33.95631,967.74 18.34975,-33.95535,967.74 18.35009,-33.95441,967.74 18.35042,-33.95348,960.12 18.35087,-33.95238,960.12 18.35123,-33.95143,960.12 18.35171,-33.95032,960.12 18.35226,-33.94901,960.12 18.35266,-33.94803,960.12 18.35392,-33.94505,952.5 18.35529,-33.94189,937.26 18.3567,-33.93878,929.6400000000001 18.35872,-33.93475,906.7800000000001 18.35933,-33.9337,906.7800000000001 18.35995,-33.93274,914.4000000000001 18.36057,-33.93169,914.4000000000001 18.3613,-33.93048,914.4000000000001 18.36176,-33.92965,914.4000000000001 18.36236,-33.92867,914.4000000000001 18.36302,-33.9276,914.4000000000001 18.36359,-33.92667,906.7800000000001 18.36432,-33.92546,899.1600000000001 18.36494,-33.92445,899.1600000000001 18.36718,-33.92093,861.0600000000001 18.36992,-33.91713,830.58 18.37074,-33.916,822.96 18.37143,-33.91521,815.34 18.37211,-33.91434,807.72 18.37278,-33.91356,800.1 18.37351,-33.91269,792.48 18.37429,-33.91182,792.48 18.37492,-33.91112,784.86 18.37601,-33.91,784.86 18.37675,-33.90921,777.24 18.37766,-33.90825,769.62 18.37867,-33.90729,762 18.37951,-33.90646,762 18.38024,-33.90569,754.38 18.38097,-33.90504,746.76 18.38219,-33.9039,731.52 18.38304,-33.90317,723.9000000000001 18.38383,-33.90244,723.9000000000001 18.3847,-33.90162,716.2800000000001 18.38545,-33.90088,708.6600000000001 18.3864,-33.90001,701.0400000000001 18.38717,-33.89934,693.4200000000001 18.38797,-33.89864,685.8000000000001 18.38894,-33.89785,678.1800000000001 18.38994,-33.89703,678.1800000000001 18.39072,-33.89644,670.5600000000001 18.39179,-33.89566,662.94 18.39263,-33.89507,662.94 18.39347,-33.89452,655.32 18.39453,-33.89383,647.7 18.39554,-33.89323,647.7 18.39621,-33.89278,640.08 18.39706,-33.89231,640.08 18.39798,-33.8918,632.46 18.39907,-33.89131,624.84 18.40004,-33.89096,617.22 18.40096,-33.89063,609.6 18.4021,-33.8903,601.98 18.40311,-33.89008,594.36 18.40395,-33.88989,586.74 18.40485,-33.88971,579.12 18.40599,-33.88942,571.5 18.4072,-33.88911,563.88 18.40815,-33.88889,556.26 18.40942,-33.88854,548.64 18.41034,-33.88829,541.02 18.41131,-33.88803,541.02 18.41223,-33.88775,533.4 18.41303,-33.88751,533.4 18.41387,-33.88719,525.78 18.4151,-33.88687,510.54 18.416,-33.8866,502.92 18.41701,-33.88637,495.3 18.41789,-33.88617,495.3 18.41887,-33.88598,487.68 18.4197,-33.88586,480.06 18.42054,-33.88586,472.44 18.42127,-33.886,464.82000000000005 18.4219,-33.88626,457.20000000000005 18.42236,-33.88654,449.58000000000004 18.42278,-33.88705,434.34000000000003 18.42299,-33.88756,419.1 18.42304,-33.88794,411.48 18.42299,-33.88868,396.24 18.42287,-33.88942,381 18.42276,-33.88998,373.38 18.42267,-33.89063,358.14000000000004 18.42262,-33.89117,350.52000000000004 18.42258,-33.89161,342.90000000000003 18.42253,-33.89203,327.66 18.42241,-33.89259,320.04 18.42224,-33.89315,304.8 18.42205,-33.89365,297.18 18.4219,-33.89413,289.56 18.42189,-33.89447,281.94 18.42211,-33.89484,266.7 18.4225,-33.89497,259.08000000000004 18.42301,-33.89497,251.46 18.42379,-33.89482,236.22 18.4243,-33.8947,228.60000000000002 18.42493,-33.89455,220.98000000000002 18.42556,-33.8945,205.74 18.4259,-33.89459,198.12 18.42619,-33.89482,182.88 18.42636,-33.8952,160.02 18.42637,-33.89557,152.4 18.42637,-33.89594,144.78 18.42642,-33.89627,144.78 18.42643,-33.89667,137.16 18.42643,-33.89699,137.16 18.42648,-33.89743,129.54000000000002 18.42654,-33.89777,121.92 18.42659,-33.89799,114.30000000000001 18.42665,-33.89827,106.68 18.42676,-33.89859,99.06 18.42687,-33.89886,91.44 18.42699,-33.89915,91.44 18.4271,-33.89957,83.82000000000001 18.42732,-33.89992,76.2 18.42745,-33.90018,76.2 18.42749,-33.90047,68.58 18.4276,-33.9007,106.68 18.42854,-33.90125,91.44 18.429,-33.90147,106.68 18.42957,-33.90162,106.68 18.43048,-33.90167,121.92 18.4313,-33.90161,129.54000000000002 18.43203,-33.90148,129.54000000000002 18.43288,-33.90129,137.16 18.43374,-33.90106,137.16 18.43483,-33.90065,144.78 18.43569,-33.90027,152.4 18.43652,-33.89978,160.02 18.43758,-33.89891,182.88 18.43831,-33.89813,190.5 18.43898,-33.89713,198.12 18.43935,-33.89622,205.74 18.43971,-33.89493,220.98000000000002 18.43998,-33.89352,228.60000000000002 18.44009,-33.89203,236.22 18.4401,-33.89063,243.84 18.44005,-33.88916,259.08000000000004 18.43988,-33.88806,266.7 18.4396,-33.88646,281.94 18.43937,-33.88522,289.56 18.43893,-33.88362,304.8 18.43855,-33.88221,312.42 18.43821,-33.881,320.04 18.43781,-33.87974,327.66 18.43713,-33.87799,335.28000000000003 18.43655,-33.87676,350.52000000000004 18.43596,-33.87552,358.14000000000004 18.43528,-33.87442,373.38 18.43433,-33.87314,388.62 18.43388,-33.8725,388.62 18.43237,-33.87085,403.86 18.43136,-33.86998,411.48 18.43025,-33.86908,419.1 18.42856,-33.86806,426.72 18.42716,-33.8674,434.34000000000003 18.42564,-33.86682,441.96000000000004 18.42424,-33.86641,449.58000000000004 18.4227,-33.86615,464.82000000000005 18.42144,-33.86601,472.44 18.41998,-33.86586,487.68 18.41869,-33.86572,502.92 18.41729,-33.86563,510.54 18.41595,-33.86559,525.78 18.41457,-33.86559,533.4 18.41349,-33.86559,548.64 18.41247,-33.86563,556.26 18.41101,-33.86577,563.88 18.40994,-33.86587,571.5 18.40862,-33.86605,579.12 18.40782,-33.8662,586.74 18.4067,-33.86641,594.36 18.40553,-33.86671,601.98 18.40445,-33.86691,609.6 18.40322,-33.86723,624.84 18.40227,-33.8675,632.46 18.40136,-33.86773,632.46 18.4005,-33.86801,647.7 18.39947,-33.86833,655.32 18.39846,-33.8687,670.5600000000001 18.39775,-33.86894,678.1800000000001 18.39655,-33.86938,685.8000000000001 18.39581,-33.86964,701.0400000000001 18.39481,-33.87007,701.0400000000001 18.39397,-33.87043,716.2800000000001 18.39317,-33.87085,723.9000000000001 18.39243,-33.87122,731.52 18.39151,-33.87173,746.76 18.39078,-33.87213,754.38 18.39008,-33.87252,762 18.3894,-33.87294,777.24 18.38837,-33.87355,784.86 18.38753,-33.87405,792.48 18.38676,-33.87448,800.1 18.38596,-33.87499,815.34 18.38522,-33.87541,822.96 18.38436,-33.87592,830.58 18.38356,-33.87639,845.82 18.38293,-33.87685,853.44 18.38219,-33.87741,868.6800000000001 18.38156,-33.87788,876.3000000000001 18.38087,-33.87839,883.9200000000001 18.38024,-33.87886,891.5400000000001 18.3794,-33.87955,891.5400000000001 18.37884,-33.8801,899.1600000000001 18.37824,-33.88058,899.1600000000001 18.37749,-33.88132,906.7800000000001 18.37687,-33.88188,906.7800000000001 18.37629,-33.88244,906.7800000000001 18.37543,-33.88319,906.7800000000001 18.3748,-33.88385,914.4000000000001 18.37407,-33.88449,922.0200000000001 18.37349,-33.88505,922.0200000000001 18.37256,-33.88591,922.0200000000001 18.37189,-33.8866,922.0200000000001 18.37114,-33.88733,922.0200000000001 18.36948,-33.88898,929.6400000000001 18.36729,-33.89117,929.6400000000001 18.36639,-33.89198,944.88 18.36559,-33.89278,960.12 18.36485,-33.89347,982.98 18.36393,-33.89433,982.98 18.36336,-33.89492,982.98 18.36258,-33.89571,990.6 18.36197,-33.89635,990.6 18.36119,-33.89715,998.22 18.36057,-33.89781,998.22 18.35993,-33.89855,998.22 18.35933,-33.89919,1005.84 18.35873,-33.8999,1005.84 18.35798,-33.90069,1005.84 18.35752,-33.90125,1005.84 18.35675,-33.90207,1013.46 18.35598,-33.90292,1005.84 18.35535,-33.90358,1013.46 18.35443,-33.90442,1013.46 18.35375,-33.90506,1013.46 18.353,-33.90572,1013.46 18.35232,-33.90637,1005.84 18.35123,-33.90739,1005.84 18.35049,-33.90818,1005.84 18.34975,-33.90894,1005.84 18.34877,-33.90991,1005.84 18.34808,-33.91065,1005.84 18.3474,-33.91135,1005.84 18.34648,-33.91233,1005.84 18.34579,-33.91307,1005.84 18.34498,-33.91402,1005.84 18.34436,-33.91475,1005.84 18.34375,-33.91557,1013.46 18.34302,-33.91649,1013.46 18.34235,-33.91745,1013.46 18.34185,-33.91819,1013.46 18.34134,-33.91901,1021.08 18.34067,-33.92006,1013.46 18.34027,-33.9207,1021.08 18.33971,-33.92175,1021.08 18.33932,-33.92249,1013.46 18.33881,-33.92345,1013.46 18.33853,-33.92415,1013.46 18.33813,-33.92517,1005.84 18.33786,-33.92615,1005.84 18.33773,-33.92694,998.22 18.33764,-33.92766,998.22 18.33761,-33.92848,990.6 18.33761,-33.92937,990.6 18.33767,-33.93016,990.6 18.33775,-33.93082,982.98 18.33797,-33.93169,975.36 18.33824,-33.93239,967.74 18.33854,-33.9332,960.12 18.33893,-33.93388,960.12 18.33943,-33.93471,952.5 18.33988,-33.9353,944.88 18.34042,-33.93593,937.26 18.34099,-33.93644,937.26 18.34156,-33.93691,929.6400000000001 18.34253,-33.93742,922.0200000000001 18.3433,-33.93768,914.4000000000001 18.34431,-33.93784,906.7800000000001 18.34538,-33.93773,899.1600000000001 18.34621,-33.93745,891.5400000000001 18.34717,-33.93695,883.9200000000001 18.34784,-33.93645,876.3000000000001 18.34874,-33.93576,861.0600000000001 18.34963,-33.93491,845.82 18.35042,-33.93411,838.2 18.35112,-33.93346,830.58 18.35182,-33.93279,822.96 18.35243,-33.93216,815.34 18.35328,-33.93141,815.34 18.35395,-33.93077,807.72 18.3549,-33.9299,800.1 18.35563,-33.92926,792.48 18.35653,-33.92839,792.48 18.35724,-33.92774,792.48 18.35821,-33.9268,784.86 18.35894,-33.9261,777.24 18.35961,-33.92546,777.24 18.36113,-33.92397,769.62 18.36202,-33.92317,762 18.36269,-33.92249,754.38 18.36342,-33.92178,746.76 18.36428,-33.92089,739.14 18.36488,-33.92024,731.52 18.36571,-33.91936,723.9000000000001 18.36662,-33.91846,716.2800000000001 18.36748,-33.91754,716.2800000000001 18.36823,-33.91675,716.2800000000001 18.36897,-33.91599,708.6600000000001 18.36959,-33.91539,708.6600000000001 18.3706,-33.91443,701.0400000000001 18.37155,-33.91356,693.4200000000001 18.37222,-33.91292,693.4200000000001 18.3732,-33.91205,685.8000000000001 18.37419,-33.91118,685.8000000000001 18.37492,-33.91051,685.8000000000001 18.37592,-33.90962,693.4200000000001 18.37676,-33.90894,693.4200000000001 18.37755,-33.90823,693.4200000000001 18.37856,-33.90738,701.0400000000001 18.37955,-33.9066,708.6600000000001 18.38018,-33.90605,708.6600000000001 18.38127,-33.90516,708.6600000000001 18.38198,-33.90459,708.6600000000001 18.38276,-33.9039,708.6600000000001 18.38367,-33.90316,708.6600000000001 18.38551,-33.90167,701.0400000000001 18.38636,-33.90102,693.4200000000001 18.38736,-33.90028,693.4200000000001 18.38825,-33.89971,685.8000000000001 18.38904,-33.89919,685.8000000000001 18.39016,-33.8985,685.8000000000001 18.39083,-33.89809,678.1800000000001 18.39184,-33.89745,678.1800000000001 18.39294,-33.89678,678.1800000000001 18.3938,-33.89635,670.5600000000001 18.39498,-33.89571,670.5600000000001 18.39621,-33.89507,662.94 18.397,-33.89465,655.32 18.39812,-33.8941,640.08 18.3989,-33.89371,632.46 18.40004,-33.8931,617.22 18.40084,-33.89268,609.6 18.40221,-33.892,594.36 18.40311,-33.89149,586.74 18.40427,-33.89091,571.5 18.40513,-33.89049,563.88 18.40633,-33.88984,556.26 18.40748,-33.88933,548.64 18.40839,-33.88891,541.02 18.41045,-33.88794,518.1600000000001 18.41152,-33.88747,510.54 18.41246,-33.887,502.92 18.41359,-33.88655,502.92 18.41463,-33.88612,495.3 18.41555,-33.88577,487.68 18.41646,-33.88547,487.68 18.41715,-33.88523,487.68 18.41795,-33.885,487.68 18.41897,-33.88477,487.68 18.41987,-33.88467,480.06 18.42064,-33.88472,472.44 18.42144,-33.88491,464.82000000000005 18.4219,-33.88509,464.82000000000005 18.42236,-33.88547,457.20000000000005 18.42262,-33.88586,449.58000000000004 18.42281,-33.88649,434.34000000000003 18.4229,-33.88692,426.72 18.42295,-33.88751,419.1 18.42295,-33.88797,411.48 18.42293,-33.88849,396.24 18.42287,-33.88896,396.24 18.42278,-33.88943,388.62 18.4227,-33.88993,388.62 18.42264,-33.89026,381 18.42253,-33.89077,373.38 18.42247,-33.89119,365.76 18.42236,-33.89166,358.14000000000004 18.4223,-33.89208,342.90000000000003 18.42233,-33.89255,327.66 18.42245,-33.89291,320.04 18.42267,-33.89328,304.8 18.42301,-33.8936,289.56 18.42346,-33.89383,281.94 18.42402,-33.89403,266.7 18.42441,-33.89406,259.08000000000004 18.42503,-33.8941,243.84 18.42545,-33.89422,236.22 18.42581,-33.89442,228.60000000000002 18.42598,-33.89474,213.36 18.42602,-33.89515,198.12 18.42607,-33.89557,182.88 18.42615,-33.89594,175.26000000000002 18.4262,-33.89626,167.64000000000001 18.42626,-33.89667,160.02 18.4263,-33.89701,144.78 18.42642,-33.89729,137.16 18.42648,-33.89757,129.54000000000002 18.42665,-33.89804,121.92 18.42676,-33.89841,114.30000000000001 18.42688,-33.89874,106.68 18.42693,-33.89901,99.06 18.4271,-33.89951,91.44 18.4271,-33.89971,83.82000000000001 18.42715,-33.89992,83.82000000000001 18.42715,-33.90019,76.2 18.42722,-33.90046,68.58 18.42743,-33.9006,60.96 18.42766,-33.90079,76.2 18.42839,-33.90134,99.06 18.42861,-33.90152,99.06 18.42905,-33.90181,114.30000000000001 18.42939,-33.90199,121.92 18.42979,-33.90208,121.92 18.43054,-33.90208,129.54000000000002 18.43114,-33.90202,137.16 18.43192,-33.90179,144.78 18.43259,-33.90157,152.4 18.43363,-33.90111,152.4 18.43443,-33.90074,160.02 18.43512,-33.90036,167.64000000000001 18.43601,-33.89973,175.26000000000002 18.43666,-33.8992,190.5 18.43741,-33.89845,198.12 18.43814,-33.89749,205.74 18.43872,-33.89659,213.36 18.43912,-33.89576,228.60000000000002 18.43949,-33.89479,236.22 18.43964,-33.8938,251.46 18.4396,-33.89264,266.7 18.43937,-33.89117,274.32 18.43918,-33.89026,274.32 18.43889,-33.88919,281.94 18.43849,-33.88756,289.56 18.43809,-33.88617,304.8 18.43769,-33.88509,312.42 18.43719,-33.88371,327.66 18.43683,-33.88281,335.28000000000003 18.43632,-33.8816,350.52000000000004 18.4359,-33.88065,350.52000000000004 18.43529,-33.87937,365.76 18.43477,-33.87839,373.38 18.43403,-33.87704,381 18.43355,-33.87634,388.62 18.43259,-33.87492,403.86 18.43175,-33.87387,411.48 18.43088,-33.87276,426.72 18.43008,-33.87173,441.96000000000004 18.42928,-33.87085,449.58000000000004 18.42856,-33.86998,457.20000000000005 18.42779,-33.86913,472.44 18.42715,-33.86847,480.06 18.42592,-33.86723,487.68 18.42519,-33.86646,502.92 18.42436,-33.86568,510.54 18.42334,-33.86467,518.1600000000001 18.42256,-33.86398,533.4 18.42155,-33.86312,541.02 18.42075,-33.86247,556.26 18.41967,-33.86163,563.88 18.41875,-33.86103,571.5 18.41784,-33.86042,579.12 18.41663,-33.85977,579.12 18.41533,-33.85927,586.74 18.41409,-33.85895,586.74 18.41297,-33.85881,586.74 18.4116,-33.85879,586.74 18.41045,-33.85886,586.74 18.40897,-33.85912,594.36 18.40787,-33.85931,601.98 18.40679,-33.85958,609.6 18.40582,-33.85986,617.22 18.40456,-33.86024,632.46 18.40364,-33.86056,640.08 18.40296,-33.86079,647.7 18.40182,-33.86119,662.94 18.40081,-33.8616,670.5600000000001 18.39997,-33.86197,678.1800000000001 18.39896,-33.86243,685.8000000000001 18.39823,-33.86275,693.4200000000001 18.39752,-33.86312,701.0400000000001 18.39666,-33.86359,701.0400000000001 18.39592,-33.86396,708.6600000000001 18.39509,-33.8644,716.2800000000001 18.39425,-33.8649,716.2800000000001 18.39357,-33.86526,723.9000000000001 18.3926,-33.86587,723.9000000000001 18.39191,-33.86629,731.52 18.39117,-33.86673,739.14 18.39033,-33.86723,739.14 18.3896,-33.86769,746.76 18.38881,-33.86819,754.38 18.38814,-33.86865,754.38 18.38739,-33.86917,762 18.38668,-33.86971,762 18.38612,-33.87012,769.62 18.38551,-33.87062,777.24 18.38478,-33.87122,784.86 18.3843,-33.87159,784.86 18.3835,-33.87225,784.86 18.38287,-33.87273,792.48 18.38243,-33.87309,800.1 18.38164,-33.87369,800.1 18.3811,-33.87415,807.72 18.38029,-33.87469,815.34 18.37973,-33.87513,815.34 18.37901,-33.87566,822.96 18.37841,-33.87616,830.58 18.37767,-33.87672,830.58 18.37704,-33.87717,838.2 18.37555,-33.87835,838.2 18.3748,-33.879,845.82 18.37429,-33.87951,853.44 18.37366,-33.88021,853.44 18.3732,-33.88072,853.44 18.37262,-33.88142,861.0600000000001 18.37217,-33.88206,861.0600000000001 18.37172,-33.88271,868.6800000000001 18.37127,-33.88339,868.6800000000001 18.37069,-33.88435,876.3000000000001 18.37029,-33.885,883.9200000000001 18.36992,-33.88568,891.5400000000001 18.36931,-33.88677,891.5400000000001 18.36885,-33.88756,899.1600000000001 18.36841,-33.88829,899.1600000000001 18.368,-33.88887,906.7800000000001 18.36742,-33.8897,914.4000000000001 18.36695,-33.89035,914.4000000000001 18.36634,-33.89127,922.0200000000001 18.36582,-33.89189,922.0200000000001 18.36531,-33.89264,929.6400000000001 18.36479,-33.89338,929.6400000000001 18.36421,-33.89415,937.26 18.3637,-33.89484,937.26 18.36314,-33.89561,952.5 18.36264,-33.89626,952.5 18.36208,-33.8969,952.5 18.3613,-33.89785,960.12 18.36061,-33.89859,967.74 18.35993,-33.89934,967.74 18.35928,-33.89996,975.36 18.3586,-33.9006,975.36 18.35799,-33.9012,982.98 18.3573,-33.90195,982.98 18.3567,-33.90266,990.6 18.35621,-33.9033,998.22 18.35558,-33.90409,1013.46 18.35501,-33.90477,1021.08 18.35449,-33.90548,1028.7 18.3539,-33.90633,1036.3200000000002 18.35345,-33.90701,1036.3200000000002 18.35283,-33.90788,1043.94 18.35233,-33.90857,1051.56 18.35192,-33.90926,1051.56 18.35135,-33.91014,1059.18 18.35098,-33.91077,1066.8 18.3506,-33.91149,1074.42 18.35014,-33.91237,1082.04 18.34974,-33.91317,1089.66 18.34935,-33.91388,1089.66 18.34894,-33.9147,1097.28 18.3486,-33.9154,1104.9 18.34823,-33.91612,1104.9 18.34778,-33.91704,1112.52 18.34739,-33.91786,1120.14 18.34705,-33.91852,1120.14 18.34666,-33.91924,1120.14 18.34627,-33.91992,1127.76 18.34591,-33.92075,1127.76 18.34566,-33.92143,1135.38 18.34549,-33.92216,1135.38 18.34538,-33.9229,1135.38 18.34526,-33.92372,1143 18.34517,-33.92448,1143 18.34498,-33.92532,1143 18.34482,-33.92601,1150.6200000000001 18.34454,-33.92685,1158.24 18.34425,-33.92751,1165.8600000000001 18.34373,-33.92848,1181.1000000000001 18.34339,-33.92918,1188.72 18.34305,-33.92974,1196.3400000000001 18.34268,-33.9304,1196.3400000000001 18.34225,-33.93109,1203.96 18.34179,-33.93187,1211.5800000000002 18.34133,-33.93262,1219.2 18.34089,-33.93329,1226.8200000000002 18.34053,-33.93393,1234.44 18.33988,-33.93494,1242.0600000000002 18.33949,-33.93567,1242.0600000000002 18.33899,-33.93639,1242.0600000000002 18.33837,-33.93736,1249.68 18.33786,-33.93805,1257.3 18.33733,-33.93896,1264.92 18.33685,-33.93965,1272.54 18.33641,-33.94049,1280.16 18.33595,-33.94119,1287.78 18.33549,-33.94198,1287.78 18.33504,-33.94282,1295.4 18.33461,-33.94354,1295.4 18.33412,-33.94445,1295.4 18.33372,-33.9451,1295.4 18.33315,-33.94615,1303.02 18.33271,-33.94693,1303.02 18.33231,-33.94762,1303.02 18.33183,-33.94859,1295.4 18.33149,-33.94929,1295.4 18.33115,-33.95018,1303.02 18.3308,-33.95097,1303.02 18.33046,-33.95197,1303.02 18.33012,-33.95274,1303.02 18.32972,-33.95362,1295.4 18.32934,-33.95439,1295.4 18.32891,-33.9553,1295.4 18.32857,-33.95613,1295.4 18.32828,-33.95673,1295.4 18.32783,-33.95762,1295.4 18.32743,-33.95851,1287.78 18.32708,-33.95921,1280.16 18.32665,-33.96016,1272.54 18.32626,-33.96098,1272.54 18.32587,-33.96176,1272.54 18.32548,-33.9626,1264.92 18.32508,-33.96335,1264.92 18.32457,-33.96423,1264.92 18.32402,-33.96515,1264.92 18.32354,-33.96591,1264.92 18.32295,-33.96684,1264.92 18.32234,-33.96771,1264.92 18.32176,-33.96865,1264.92 18.32119,-33.96959,1264.92 18.32062,-33.97047,1264.92 18.32021,-33.97124,1264.92 18.31981,-33.97192,1257.3 18.31919,-33.97303,1257.3 18.31879,-33.97378,1257.3 18.3183,-33.97476,1257.3 18.31791,-33.97563,1257.3 18.31747,-33.97657,1257.3 18.31718,-33.97733,1257.3 18.31673,-33.97834,1264.92 18.31644,-33.97913,1264.92 18.316,-33.9803,1264.92 18.3157,-33.98113,1264.92 18.31533,-33.98204,1257.3 18.31511,-33.98273,1264.92 18.31472,-33.98374,1264.92 18.31438,-33.98462,1264.92 18.31404,-33.98561,1264.92 18.31369,-33.98644,1264.92 18.31331,-33.98744,1264.92 18.31303,-33.98822,1272.54 18.3127,-33.98909,1272.54 18.31247,-33.98978,1272.54 18.31225,-33.99055,1272.54 18.31203,-33.99147,1280.16 18.31192,-33.99226,1280.16 18.31186,-33.99321,1280.16 18.3118,-33.99403,1280.16 18.31174,-33.995,1280.16 18.31163,-33.9958,1280.16 18.31157,-33.9966,1272.54 18.31152,-33.99728,1272.54 18.31141,-33.99826,1272.54 18.31129,-33.99911,1280.16 18.31118,-33.99994,1280.16 18.31106,-34.00064,1280.16 18.31095,-34.00157,1280.16 18.31083,-34.00227,1280.16 18.31078,-34.00292,1280.16 18.31072,-34.00362,1280.16 18.31072,-34.00446,1280.16 18.31072,-34.00525,1280.16 18.31079,-34.0058,1280.16 18.3109,-34.00662,1280.16 18.31101,-34.00713,1280.16 18.31123,-34.0079,1272.54 18.31146,-34.0085,1272.54 18.31169,-34.00909,1264.92 18.31208,-34.00983,1264.92 18.31242,-34.01038,1264.92 18.31281,-34.01088,1264.92 18.31337,-34.01147,1257.3 18.31382,-34.01189,1257.3 18.31427,-34.01232,1249.68 18.31484,-34.01279,1249.68 18.31547,-34.01325,1242.0600000000002 18.316,-34.01367,1242.0600000000002 18.31668,-34.01408,1242.0600000000002 18.3174,-34.01445,1234.44 18.31796,-34.01472,1234.44 18.31867,-34.01498,1234.44 18.3193,-34.01516,1226.8200000000002 18.31993,-34.01535,1219.2 18.32056,-34.01549,1211.5800000000002 18.32127,-34.01564,1211.5800000000002 18.322,-34.01573,1203.96 18.32245,-34.01577,1196.3400000000001 18.32314,-34.01581,1196.3400000000001 18.32371,-34.01586,1188.72 18.32422,-34.01591,1188.72 18.32474,-34.01591,1181.1000000000001 18.32548,-34.01582,1181.1000000000001 18.32609,-34.01564,1173.48 18.32657,-34.0153,1165.8600000000001 18.32705,-34.01477,1158.24 18.32727,-34.01413,1150.6200000000001 18.32737,-34.01339,1135.38 18.32731,-34.0126,1120.14 18.32738,-34.01152,1104.9 18.32754,-34.01069,1097.28 18.32789,-34.00983,1082.04 18.32828,-34.00909,1066.8 18.32878,-34.00841,1059.18 18.32943,-34.00757,1051.56 18.32996,-34.00681,1043.94 18.33046,-34.00598,1043.94 18.33086,-34.0052,1036.3200000000002 18.33126,-34.00431,1028.7 18.33155,-34.00338,1021.08 18.33172,-34.00254,1021.08 18.33189,-34.00175,1021.08 18.33203,-34.00067,1005.84 18.33215,-33.99976,1005.84 18.33226,-33.99866,990.6 18.33243,-33.99728,982.98 18.33252,-33.99631,982.98 18.33259,-33.99532,975.36 18.33269,-33.99412,967.74 18.33281,-33.99291,967.74 18.33292,-33.99161,967.74 18.33304,-33.99065,967.74 18.33321,-33.98942,967.74 18.33338,-33.9883,975.36 18.33355,-33.98714,975.36 18.33378,-33.98602,975.36 18.334,-33.98497,982.98 18.33428,-33.98387,982.98 18.33458,-33.98262,982.98 18.33492,-33.98164,982.98 18.33527,-33.98067,990.6 18.33572,-33.97941,990.6 18.33607,-33.97843,990.6 18.33652,-33.97727,990.6 18.33702,-33.97609,998.22 18.33736,-33.97517,998.22 18.33781,-33.97403,998.22 18.33825,-33.97289,1005.84 18.33864,-33.97196,1005.84 18.33916,-33.9707,1013.46 18.3396,-33.96973,1021.08 18.34005,-33.96881,1021.08 18.34059,-33.96763,1021.08 18.3411,-33.96666,1021.08 18.34167,-33.96549,1021.08 18.34213,-33.96461,1028.7 18.34263,-33.96373,1028.7 18.34322,-33.96256,1028.7 18.34364,-33.96172,1028.7 18.34409,-33.96085,1028.7 18.34476,-33.95963,1028.7 18.34534,-33.9586,1036.3200000000002 18.34574,-33.95776,1036.3200000000002 18.34638,-33.95659,1036.3200000000002 18.34694,-33.95553,1036.3200000000002 18.3475,-33.95435,1036.3200000000002 18.34812,-33.95316,1036.3200000000002 18.34863,-33.95224,1043.94 18.34911,-33.95129,1043.94 18.34986,-33.94994,1043.94 18.35031,-33.94913,1043.94 18.35089,-33.94803,1043.94 18.35132,-33.9472,1043.94 18.353,-33.94412,1036.3200000000002 18.35457,-33.94116,1043.94 18.35598,-33.93844,1028.7 18.35804,-33.93443,1021.08 18.35855,-33.93361,1021.08 18.35911,-33.93274,1013.46 18.35984,-33.93164,1005.84 18.36056,-33.93058,998.22 18.36102,-33.92992,990.6 18.36164,-33.92899,990.6 18.36241,-33.92793,982.98 18.36314,-33.92693,975.36 18.36382,-33.92606,967.74 18.36449,-33.92519,952.5 18.36514,-33.92443,952.5 18.36594,-33.92331,937.26 18.36662,-33.92243,937.26 18.36729,-33.92143,937.26 18.368,-33.92038,937.26 18.36858,-33.91951,937.26 18.36926,-33.91856,937.26 18.36992,-33.91763,937.26 18.37057,-33.91675,937.26 18.37127,-33.9158,937.26 18.37194,-33.91498,929.6400000000001 18.37275,-33.91391,929.6400000000001 18.37368,-33.91278,922.0200000000001 18.37429,-33.912,914.4000000000001 18.37514,-33.91109,906.7800000000001 18.37578,-33.91037,899.1600000000001 18.3766,-33.90939,899.1600000000001 18.37721,-33.90866,899.1600000000001 18.37807,-33.90767,891.5400000000001 18.37867,-33.90697,891.5400000000001 18.3795,-33.90604,883.9200000000001 18.38036,-33.90511,876.3000000000001 18.38099,-33.90442,876.3000000000001 18.38179,-33.90358,868.6800000000001 18.38248,-33.90289,868.6800000000001 18.38332,-33.90207,853.44 18.38411,-33.90134,845.82 18.38506,-33.90047,830.58 18.38573,-33.89994,822.96 18.38654,-33.89929,815.34 18.38757,-33.89846,807.72 18.38825,-33.89786,807.72 18.38905,-33.8972,792.48 18.38988,-33.89662,792.48 18.391,-33.89576,792.48 18.39201,-33.89511,792.48 18.3928,-33.89456,784.86 18.39363,-33.89406,777.24 18.39464,-33.89351,769.62 18.3956,-33.89305,762 18.39655,-33.89259,754.38 18.39722,-33.89232,746.76 18.39832,-33.89198,731.52 18.39935,-33.89175,716.2800000000001 18.40038,-33.89161,708.6600000000001 18.4012,-33.89149,693.4200000000001 18.40215,-33.8914,678.1800000000001 18.40294,-33.89131,670.5600000000001 18.40387,-33.89124,662.94 18.40496,-33.8911,655.32 18.40574,-33.89099,647.7 18.40673,-33.89077,640.08 18.40776,-33.8905,624.84 18.40874,-33.89022,609.6 18.40954,-33.88993,601.98 18.41034,-33.88966,594.36 18.41129,-33.88916,579.12 18.41206,-33.88868,571.5 18.41286,-33.88806,556.26 18.41377,-33.88728,548.64 18.41446,-33.88663,541.02 18.41533,-33.88586,533.4 18.41623,-33.88514,525.78 18.41695,-33.88463,518.1600000000001 18.41774,-33.88422,510.54 18.41875,-33.88385,502.92 18.41944,-33.88365,495.3 18.42041,-33.88356,487.68 18.42121,-33.88356,487.68 18.422,-33.88371,472.44 18.42256,-33.8839,472.44 18.42312,-33.88417,457.20000000000005 18.42362,-33.88458,449.58000000000004 18.42385,-33.8849,434.34000000000003 18.42413,-33.88537,426.72 18.4243,-33.88591,411.48 18.42442,-33.8864,403.86 18.42447,-33.88673,388.62 18.42452,-33.88719,381 18.42459,-33.88765,365.76 18.42459,-33.88812,358.14000000000004 18.42463,-33.88843,350.52000000000004 18.42463,-33.88879,342.90000000000003 18.42464,-33.88924,327.66 18.4247,-33.88956,320.04 18.42475,-33.88994,312.42 18.42476,-33.89026,304.8 18.42482,-33.8905,297.18 18.42482,-33.89101,289.56 18.42486,-33.89131,281.94 18.42493,-33.89166,266.7 18.42493,-33.89203,259.08000000000004 18.42499,-33.89236,251.46 18.42503,-33.89278,243.84 18.42503,-33.8931,236.22 18.42508,-33.89355,236.22 18.42508,-33.89383,228.60000000000002 18.42514,-33.89424,220.98000000000002 18.42519,-33.89456,213.36 18.42525,-33.89502,198.12 18.42533,-33.89543,190.5 18.42539,-33.89566,182.88 18.4255,-33.89603,175.26000000000002 18.42562,-33.89641,167.64000000000001 18.42575,-33.89671,160.02 18.4259,-33.89706,152.4 18.42602,-33.89734,144.78 18.4262,-33.89763,137.16 18.42632,-33.89786,137.16 18.42642,-33.89813,129.54000000000002 18.42653,-33.89836,121.92 18.42665,-33.89864,114.30000000000001 18.42676,-33.89887,106.68 18.42693,-33.89919,99.06 18.42705,-33.89962,91.44 18.4271,-33.89996,83.82000000000001 18.42704,-33.90028,83.82000000000001 18.42676,-33.9006,76.2 18.42676,-33.90088,68.58</coordinates>
      </LineString>
    </Placemark>
  </Document>
</kml>
