<?xml version="1.0" encoding="UTF-8"?>
<kml xmlns="http://www.opengis.net/kml/2.2">
  <Document>
    <name>FR24 ZSRTG 3dfee34f</name>
    <Placemark>
      <name>FR24 ZSRTG 3dfee34f</name>
      <description><![CDATA[Source: ADS-B
Start (SAST): 2026-01-21 08:53:06
End (SAST): 2026-01-21 16:33:24
Points: 4096]]></description>
      <Style><LineStyle><color>ff0000ff</color><width>4</width></LineStyle></Style>
      <LineString>
        <tessellate>1</tessellate>
        <altitudeMode>absolute</altitudeMode>
        <coordinates>18.42751,-33.90074,30.48 18.42745,-33.90032,45.72 18.42728,-33.89948,45.72 18.42739,-33.89883,53.34 18.42762,-33.89832,60.96 18.42796,-33.89766,68.58 18.42836,-33.89701,91.44 18.42865,-33.89655,99.06 18.42905,-33.89585,121.92 18.42939,-33.89524,129.54000000000002 18.42973,-33.89465,144.78 18.43002,-33.89417,152.4 18.43046,-33.89337,167.64000000000001 18.4308,-33.89278,175.26000000000002 18.43119,-33.892,190.5 18.43158,-33.89127,205.74 18.43192,-33.89058,213.36 18.43231,-33.8898,228.60000000000002 18.43265,-33.88911,236.22 18.43294,-33.88812,243.84 18.43306,-33.88742,259.08000000000004 18.43306,-33.88649,266.7 18.43293,-33.88568,274.32 18.43265,-33.88477,289.56 18.43231,-33.88407,297.18 18.43185,-33.88314,304.8 18.43145,-33.88239,320.04 18.431,-33.8816,320.04 18.43054,-33.88091,327.66 18.43002,-33.88021,342.90000000000003 18.42928,-33.87946,350.52000000000004 18.42844,-33.87877,358.14000000000004 18.42766,-33.87831,365.76 18.42671,-33.87781,373.38 18.42585,-33.87751,381 18.42493,-33.87723,388.62 18.42374,-33.87698,396.24 18.42273,-33.87689,396.24 18.4215,-33.87681,403.86 18.42054,-33.87685,419.1 18.41936,-33.87694,426.72 18.41829,-33.87709,434.34000000000003 18.41718,-33.8773,441.96000000000004 18.41629,-33.87751,449.58000000000004 18.41515,-33.87778,457.20000000000005 18.41426,-33.87804,464.82000000000005 18.41303,-33.87844,472.44 18.41194,-33.87881,480.06 18.41103,-33.87909,480.06 18.40971,-33.87937,487.68 18.40866,-33.8795,495.3 18.40754,-33.87955,495.3 18.40642,-33.8795,502.92 18.40546,-33.87946,502.92 18.40417,-33.87936,510.54 18.40307,-33.87937,518.1600000000001 18.40204,-33.87946,525.78 18.4007,-33.87968,541.02 18.3997,-33.87997,548.64 18.39879,-33.88028,556.26 18.39767,-33.88069,563.88 18.39677,-33.8811,571.5 18.39569,-33.88165,579.12 18.39481,-33.88216,579.12 18.39386,-33.88272,594.36 18.39306,-33.88319,609.6 18.3922,-33.88374,617.22 18.3914,-33.8843,632.46 18.39066,-33.88482,640.08 18.38957,-33.8856,647.7 18.38894,-33.88607,655.32 18.38803,-33.88678,662.94 18.38736,-33.88737,670.5600000000001 18.38671,-33.88794,670.5600000000001 18.38602,-33.88849,678.1800000000001 18.38512,-33.8893,685.8000000000001 18.38439,-33.88989,693.4200000000001 18.3836,-33.89067,693.4200000000001 18.38264,-33.89152,701.0400000000001 18.38198,-33.89214,708.6600000000001 18.3811,-33.89296,716.2800000000001 18.38053,-33.89347,716.2800000000001 18.37955,-33.89445,723.9000000000001 18.37878,-33.89525,723.9000000000001 18.37811,-33.89598,731.52 18.37716,-33.89699,739.14 18.37646,-33.89766,739.14 18.37561,-33.89859,746.76 18.37492,-33.89934,746.76 18.374,-33.90032,746.76 18.37329,-33.90115,754.38 18.37267,-33.90184,754.38 18.372,-33.90265,754.38 18.37116,-33.90363,762 18.37051,-33.90442,762 18.36977,-33.90539,762 18.36897,-33.90633,762 18.36834,-33.90721,769.62 18.36763,-33.90807,769.62 18.36697,-33.90893,777.24 18.36645,-33.90968,777.24 18.36567,-33.91072,784.86 18.36496,-33.91167,784.86 18.36433,-33.91261,784.86 18.36353,-33.91365,792.48 18.3623,-33.91534,792.48 18.36174,-33.91617,792.48 18.35972,-33.91919,815.34 18.35911,-33.9202,815.34 18.35678,-33.92397,815.34 18.35495,-33.92694,822.96 18.35311,-33.93008,838.2 18.35249,-33.93123,838.2 18.35087,-33.93425,838.2 18.34917,-33.93756,838.2 18.34806,-33.93979,845.82 18.34762,-33.94066,845.82 18.34706,-33.9418,845.82 18.34661,-33.94281,845.82 18.34517,-33.94613,845.82 18.34425,-33.9483,853.44 18.34373,-33.94957,853.44 18.34333,-33.95064,853.44 18.34296,-33.95169,853.44 18.34259,-33.95283,853.44 18.34219,-33.9538,845.82 18.34179,-33.95485,845.82 18.34133,-33.95613,845.82 18.34078,-33.95782,838.2 18.34036,-33.95902,838.2 18.33996,-33.96009,830.58 18.33944,-33.96167,830.58 18.33893,-33.963,830.58 18.33837,-33.96465,830.58 18.3367,-33.96903,830.58 18.33532,-33.97275,838.2 18.33411,-33.97623,830.58 18.33282,-33.98021,830.58 18.33142,-33.98502,830.58 18.33108,-33.9863,830.58 18.3308,-33.98744,830.58 18.33052,-33.98877,830.58 18.33029,-33.98974,830.58 18.33007,-33.9911,830.58 18.32994,-33.99249,830.58 18.32985,-33.99362,830.58 18.32977,-33.99496,830.58 18.32973,-33.99632,830.58 18.32972,-33.99738,830.58 18.32977,-33.99896,830.58 18.32985,-34.00035,830.58 18.32989,-34.00143,830.58 18.47957,-33.92659,426.72 18.47486,-33.92331,411.48 18.47157,-33.91903,388.62 18.46968,-33.9168,373.38 18.46886,-33.91589,365.76 18.46779,-33.91475,358.14000000000004 18.46682,-33.91372,350.52000000000004 18.46601,-33.91289,342.90000000000003 18.46498,-33.91182,335.28000000000003 18.46381,-33.91068,327.66 18.46286,-33.90971,320.04 18.46196,-33.90889,312.42 18.46109,-33.90805,312.42 18.46001,-33.90702,304.8 18.45905,-33.90605,297.18 18.45823,-33.9053,297.18 18.45732,-33.90446,289.56 18.4564,-33.90367,281.94 18.45546,-33.90289,274.32 18.45468,-33.90234,266.7 18.4536,-33.90171,259.08000000000004 18.45274,-33.90125,251.46 18.45165,-33.90079,251.46 18.45075,-33.90047,243.84 18.44965,-33.90009,236.22 18.44879,-33.89987,236.22 18.44773,-33.89964,228.60000000000002 18.44662,-33.89943,228.60000000000002 18.44554,-33.89932,220.98000000000002 18.44464,-33.89923,213.36 18.44376,-33.89915,205.74 18.44274,-33.89905,198.12 18.44164,-33.89897,182.88 18.44078,-33.89897,175.26000000000002 18.43977,-33.89886,160.02 18.43898,-33.89873,152.4 18.43825,-33.89854,144.78 18.43719,-33.89827,129.54000000000002 18.43609,-33.89799,121.92 18.43523,-33.8979,121.92 18.43433,-33.89786,114.30000000000001 18.43357,-33.8979,114.30000000000001 18.43311,-33.89794,106.68 18.43231,-33.89808,106.68 18.43175,-33.89822,99.06 18.43114,-33.89841,91.44 18.43063,-33.89859,91.44 18.43002,-33.89887,83.82000000000001 18.42957,-33.89909,76.2 18.42905,-33.89929,68.58 18.42865,-33.89948,60.96 18.42825,-33.89962,53.34 18.42773,-33.89985,45.72 18.42738,-33.90001,45.72 18.42716,-33.90018,38.1 18.42693,-33.90042,38.1 18.42687,-33.90065,38.1 18.42693,-33.90088,38.1 18.42687,-33.90111,30.48 18.42688,-33.90088,38.1 18.42687,-33.90047,38.1 18.42705,-33.90013,45.72 18.42739,-33.89967,45.72 18.42772,-33.89923,45.72 18.42808,-33.89869,53.34 18.42856,-33.89809,76.2 18.42895,-33.89754,83.82000000000001 18.42929,-33.89708,99.06 18.4299,-33.89639,106.68 18.43035,-33.89589,121.92 18.43074,-33.89543,129.54000000000002 18.43119,-33.8947,152.4 18.43157,-33.89408,167.64000000000001 18.43197,-33.89347,182.88 18.43226,-33.89291,190.5 18.43265,-33.89209,205.74 18.43288,-33.89152,213.36 18.43323,-33.89073,228.60000000000002 18.43357,-33.88984,243.84 18.4338,-33.88919,251.46 18.43397,-33.8884,259.08000000000004 18.43405,-33.88742,274.32 18.43399,-33.88651,281.94 18.43382,-33.88559,289.56 18.43355,-33.88486,297.18 18.43317,-33.88393,312.42 18.43282,-33.88316,320.04 18.43231,-33.88226,327.66 18.43191,-33.88156,342.90000000000003 18.43125,-33.88055,350.52000000000004 18.43071,-33.87965,365.76 18.43024,-33.879,373.38 18.42957,-33.87802,388.62 18.42894,-33.87713,388.62 18.42839,-33.87639,403.86 18.42766,-33.87543,411.48 18.42699,-33.87474,426.72 18.42607,-33.87397,434.34000000000003 18.4255,-33.8736,441.96000000000004 18.42441,-33.87296,457.20000000000005 18.42339,-33.87252,464.82000000000005 18.42267,-33.87227,472.44 18.42149,-33.87195,480.06 18.42075,-33.87183,487.68 18.41915,-33.87169,502.92 18.41796,-33.87172,510.54 18.41698,-33.87178,518.1600000000001 18.41583,-33.8719,525.78 18.41486,-33.87206,541.02 18.4137,-33.87231,548.64 18.41286,-33.87252,556.26 18.4118,-33.87282,563.88 18.41068,-33.87318,586.74 18.40988,-33.8735,594.36 18.40902,-33.87383,601.98 18.40815,-33.87419,609.6 18.40725,-33.87457,624.84 18.40628,-33.87504,632.46 18.40541,-33.87547,640.08 18.40467,-33.87583,640.08 18.40364,-33.87634,647.7 18.40277,-33.87685,662.94 18.40199,-33.87721,662.94 18.40104,-33.87772,678.1800000000001 18.40025,-33.87817,678.1800000000001 18.39941,-33.87867,685.8000000000001 18.3984,-33.87923,693.4200000000001 18.39758,-33.87974,701.0400000000001 18.39678,-33.88025,708.6600000000001 18.39554,-33.8811,708.6600000000001 18.39481,-33.88161,716.2800000000001 18.39392,-33.88216,723.9000000000001 18.39312,-33.88272,723.9000000000001 18.39226,-33.88333,731.52 18.39117,-33.88408,739.14 18.39031,-33.88467,746.76 18.3894,-33.88533,754.38 18.3886,-33.88593,762 18.38779,-33.88649,769.62 18.38676,-33.88724,777.24 18.38596,-33.88784,784.86 18.385,-33.88857,792.48 18.38425,-33.88914,800.1 18.38332,-33.88989,800.1 18.38247,-33.8905,800.1 18.38139,-33.89138,807.72 18.38063,-33.89195,815.34 18.37973,-33.89273,822.96 18.37889,-33.89346,822.96 18.37816,-33.8941,830.58 18.37744,-33.89474,830.58 18.37671,-33.89543,838.2 18.37564,-33.89635,838.2 18.37491,-33.89703,845.82 18.37402,-33.8979,845.82 18.37332,-33.89859,845.82 18.37256,-33.89937,845.82 18.37166,-33.90032,845.82 18.37097,-33.90111,853.44 18.37046,-33.90162,853.44 18.36937,-33.90285,853.44 18.36863,-33.90376,853.44 18.36768,-33.90486,853.44 18.36691,-33.90581,861.0600000000001 18.36628,-33.90656,861.0600000000001 18.36555,-33.90747,861.0600000000001 18.36479,-33.90851,861.0600000000001 18.36421,-33.90921,861.0600000000001 18.36348,-33.91022,861.0600000000001 18.36267,-33.91126,861.0600000000001 18.36193,-33.91228,861.0600000000001 18.3613,-33.91312,868.6800000000001 18.36051,-33.91415,868.6800000000001 18.35989,-33.91498,868.6800000000001 18.35781,-33.91787,868.6800000000001 18.35569,-33.92079,876.3000000000001 18.35305,-33.9245,891.5400000000001 18.35042,-33.92825,883.9200000000001 18.3482,-33.93123,876.3000000000001 18.34597,-33.93421,876.3000000000001 18.34379,-33.93719,868.6800000000001 18.34179,-33.94003,868.6800000000001 18.33977,-33.94322,868.6800000000001 18.33773,-33.9465,868.6800000000001 18.33572,-33.94971,861.0600000000001 18.33366,-33.95311,853.44 18.33119,-33.95709,845.82 18.32869,-33.9613,853.44 18.32705,-33.96437,868.6800000000001 18.32594,-33.96647,876.3000000000001 18.32537,-33.96768,876.3000000000001 18.32475,-33.96881,876.3000000000001 18.3243,-33.96973,876.3000000000001 18.32391,-33.97046,876.3000000000001 18.32319,-33.97178,883.9200000000001 18.32273,-33.97271,883.9200000000001 18.32211,-33.97392,883.9200000000001 18.32161,-33.97499,891.5400000000001 18.32102,-33.97634,899.1600000000001 18.3205,-33.97741,899.1600000000001 18.3201,-33.97838,906.7800000000001 18.3197,-33.97936,899.1600000000001 18.31936,-33.98011,906.7800000000001 18.3189,-33.98127,906.7800000000001 18.31821,-33.98276,906.7800000000001 18.3178,-33.98373,906.7800000000001 18.3174,-33.9847,914.4000000000001 18.3169,-33.98588,914.4000000000001 18.31638,-33.98709,914.4000000000001 18.31589,-33.98827,914.4000000000001 18.31539,-33.98941,914.4000000000001 18.3145,-33.99161,914.4000000000001 18.31398,-33.99284,914.4000000000001 18.31238,-33.99659,899.1600000000001 18.31095,-34.00003,883.9200000000001 18.30939,-34.00388,868.6800000000001 18.30791,-34.00771,853.44 18.30643,-34.01176,845.82 18.30502,-34.01546,838.2 18.30357,-34.01898,830.58 18.30208,-34.02275,822.96 18.30168,-34.02415,822.96 18.30132,-34.02548,822.96 18.30115,-34.02667,822.96 18.30099,-34.02759,822.96 18.30087,-34.02914,822.96 18.30082,-34.0302,815.34 18.30093,-34.03159,815.34 18.30104,-34.03262,815.34 18.30126,-34.03381,815.34 18.3016,-34.035,815.34 18.3021,-34.03647,815.34 18.30261,-34.03748,815.34 18.30305,-34.03844,815.34 18.30379,-34.0397,815.34 18.30437,-34.04067,822.96 18.30502,-34.04178,822.96 18.3058,-34.04295,822.96 18.30647,-34.04402,822.96 18.30711,-34.045,822.96 18.30787,-34.04617,822.96 18.30849,-34.04714,822.96 18.30917,-34.04817,822.96 18.30995,-34.04929,830.58 18.31062,-34.05016,830.58 18.31129,-34.05103,830.58 18.31203,-34.05194,830.58 18.31292,-34.05304,830.58 18.31365,-34.05391,830.58 18.3145,-34.05501,830.58 18.31527,-34.05592,838.2 18.31595,-34.05684,830.58 18.31673,-34.05798,830.58 18.31736,-34.05897,830.58 18.31804,-34.06013,830.58 18.31873,-34.06153,830.58 18.31924,-34.06255,830.58 18.31976,-34.06367,830.58 18.32026,-34.06494,830.58 18.32066,-34.06595,830.58 18.32119,-34.06735,830.58 18.32159,-34.06837,830.58 18.322,-34.0697,822.96 18.32239,-34.07098,822.96 18.32267,-34.07208,815.34 18.32306,-34.0735,815.34 18.32335,-34.07474,807.72 18.32371,-34.07629,807.72 18.32385,-34.07712,807.72 18.32411,-34.07861,800.1 18.32435,-34.07977,800.1 18.32452,-34.08073,800.1 18.32474,-34.0821,800.1 18.32491,-34.08339,792.48 18.32508,-34.08485,792.48 18.32525,-34.0862,784.86 18.32542,-34.08764,777.24 18.32553,-34.08893,777.24 18.3256,-34.09007,769.62 18.32565,-34.09142,762 18.32565,-34.09286,762 18.32564,-34.09392,754.38 18.32559,-34.09538,754.38 18.32548,-34.09671,746.76 18.32531,-34.09774,746.76 18.32514,-34.09886,746.76 18.32486,-34.10033,746.76 18.32463,-34.10152,746.76 18.32435,-34.1028,739.14 18.32391,-34.1044,731.52 18.32363,-34.10541,731.52 18.32312,-34.10701,731.52 18.32279,-34.10808,731.52 18.32233,-34.10934,731.52 18.32195,-34.11044,731.52 18.32133,-34.112,723.9000000000001 18.32085,-34.1132,723.9000000000001 18.32015,-34.11479,716.2800000000001 18.31976,-34.11567,716.2800000000001 18.31914,-34.1169,716.2800000000001 18.31853,-34.11804,708.6600000000001 18.31796,-34.11905,708.6600000000001 18.3173,-34.12028,701.0400000000001 18.31673,-34.12129,701.0400000000001 18.31615,-34.12242,708.6600000000001 18.31578,-34.12317,701.0400000000001 18.31505,-34.12468,701.0400000000001 18.31461,-34.12572,701.0400000000001 18.31404,-34.12726,701.0400000000001 18.31364,-34.12833,701.0400000000001 18.31335,-34.12917,708.6600000000001 18.31297,-34.1304,708.6600000000001 18.31258,-34.13164,701.0400000000001 18.3123,-34.13264,701.0400000000001 18.31202,-34.1337,693.4200000000001 18.31169,-34.13513,693.4200000000001 18.31152,-34.13629,685.8000000000001 18.31141,-34.13754,685.8000000000001 18.31135,-34.13864,678.1800000000001 18.31129,-34.13992,678.1800000000001 18.31135,-34.14122,678.1800000000001 18.31152,-34.14262,678.1800000000001 18.31175,-34.14374,685.8000000000001 18.31203,-34.14476,685.8000000000001 18.31244,-34.14593,685.8000000000001 18.31284,-34.1469,685.8000000000001 18.31331,-34.14789,693.4200000000001 18.31376,-34.14885,693.4200000000001 18.31449,-34.15013,693.4200000000001 18.31505,-34.15105,693.4200000000001 18.31561,-34.15196,693.4200000000001 18.31638,-34.15333,693.4200000000001 18.31696,-34.15425,701.0400000000001 18.31753,-34.15524,701.0400000000001 18.31819,-34.15636,701.0400000000001 18.31875,-34.15723,708.6600000000001 18.31947,-34.15836,716.2800000000001 18.32016,-34.15938,716.2800000000001 18.32067,-34.16026,716.2800000000001 18.3213,-34.16124,723.9000000000001 18.32342,-34.16436,723.9000000000001 18.32548,-34.16734,716.2800000000001 18.32617,-34.16832,716.2800000000001 18.32703,-34.16948,716.2800000000001 18.32766,-34.17032,716.2800000000001 18.32851,-34.17144,716.2800000000001 18.3308,-34.17451,708.6600000000001 18.33326,-34.17768,708.6600000000001 18.33469,-34.17944,708.6600000000001 18.33727,-34.18266,708.6600000000001 18.33961,-34.18568,708.6600000000001 18.36863,-34.23764,480.06 18.36897,-34.24054,518.1600000000001 18.36937,-34.2431,541.02 18.36948,-34.24411,548.64 18.36966,-34.24522,556.26 18.36983,-34.24629,563.88 18.36994,-34.24718,571.5 18.37043,-34.25029,586.74 18.37099,-34.25359,594.36 18.37149,-34.2567,609.6 18.372,-34.25965,617.22 18.37269,-34.26352,632.46 18.37309,-34.26561,640.08 18.37362,-34.26778,640.08 18.37395,-34.26887,647.7 18.3743,-34.27002,647.7 18.37463,-34.27094,647.7 18.37503,-34.27194,655.32 18.37547,-34.27299,655.32 18.37584,-34.27381,655.32 18.37637,-34.27501,655.32 18.37669,-34.27576,655.32 18.37721,-34.27689,655.32 18.37772,-34.27794,662.94 18.37816,-34.27876,662.94 18.37867,-34.27959,662.94 18.37923,-34.28069,662.94 18.37984,-34.28176,662.94 18.38047,-34.28298,662.94 18.38108,-34.28403,670.5600000000001 18.3815,-34.28489,670.5600000000001 18.38202,-34.286,678.1800000000001 18.38243,-34.28691,678.1800000000001 18.38293,-34.28801,678.1800000000001 18.38333,-34.28907,685.8000000000001 18.38379,-34.29,685.8000000000001 18.38419,-34.29089,685.8000000000001 18.38465,-34.29192,685.8000000000001 18.38516,-34.29308,685.8000000000001 18.38556,-34.2941,685.8000000000001 18.38596,-34.29488,685.8000000000001 18.38654,-34.29625,685.8000000000001 18.38688,-34.29694,685.8000000000001 18.38745,-34.29811,685.8000000000001 18.38797,-34.29922,685.8000000000001 18.38842,-34.30011,685.8000000000001 18.38888,-34.30099,685.8000000000001 18.38938,-34.30193,685.8000000000001 18.38982,-34.3027,685.8000000000001 18.3905,-34.3038,685.8000000000001 18.39111,-34.30486,685.8000000000001 18.39169,-34.30569,685.8000000000001 18.39218,-34.3065,685.8000000000001 18.39294,-34.3076,685.8000000000001 18.39369,-34.30863,685.8000000000001 18.39432,-34.30951,693.4200000000001 18.39492,-34.3103,693.4200000000001 18.39563,-34.31119,693.4200000000001 18.39633,-34.31204,693.4200000000001 18.39712,-34.31296,693.4200000000001 18.39778,-34.31369,693.4200000000001 18.39879,-34.31474,685.8000000000001 18.39964,-34.31561,685.8000000000001 18.40053,-34.31648,678.1800000000001 18.4012,-34.31717,685.8000000000001 18.40227,-34.31822,678.1800000000001 18.40294,-34.31891,678.1800000000001 18.40359,-34.31956,678.1800000000001 18.40456,-34.32059,678.1800000000001 18.40536,-34.32138,678.1800000000001 18.40645,-34.32241,678.1800000000001 18.40709,-34.32303,678.1800000000001 18.40821,-34.32399,678.1800000000001 18.40885,-34.32455,678.1800000000001 18.40972,-34.32532,678.1800000000001 18.41068,-34.32614,678.1800000000001 18.4114,-34.32669,678.1800000000001 18.41234,-34.32743,678.1800000000001 18.41314,-34.32809,678.1800000000001 18.41417,-34.32897,670.5600000000001 18.41482,-34.32953,670.5600000000001 18.41572,-34.33035,662.94 18.41639,-34.33099,662.94 18.41721,-34.33172,655.32 18.41796,-34.33246,655.32 18.41886,-34.33337,655.32 18.4197,-34.33415,647.7 18.42035,-34.33474,647.7 18.42105,-34.33534,647.7 18.422,-34.33612,640.08 18.42293,-34.33684,640.08 18.42367,-34.33744,640.08 18.42447,-34.338,632.46 18.42531,-34.33859,632.46 18.42637,-34.33937,624.84 18.42722,-34.33996,624.84 18.42811,-34.34061,624.84 18.42884,-34.34116,617.22 18.42985,-34.34191,617.22 18.43074,-34.34262,617.22 18.43151,-34.34322,609.6 18.43248,-34.3439,609.6 18.43338,-34.34454,609.6 18.4341,-34.34509,609.6 18.435,-34.34578,601.98 18.43596,-34.34642,601.98 18.43655,-34.34689,601.98 18.43758,-34.34756,609.6 18.43837,-34.34811,609.6 18.43918,-34.34866,609.6 18.43994,-34.34917,601.98 18.44061,-34.34964,601.98 18.44152,-34.35034,601.98 18.44234,-34.35091,609.6 18.44324,-34.3515,609.6 18.44391,-34.35196,609.6 18.44484,-34.35252,609.6 18.44564,-34.35304,609.6 18.44633,-34.35347,609.6 18.44725,-34.35402,609.6 18.44788,-34.35439,609.6 18.44896,-34.35504,609.6 18.44969,-34.35548,609.6 18.45074,-34.35606,609.6 18.45142,-34.35644,609.6 18.45222,-34.35695,609.6 18.45305,-34.35741,609.6 18.45383,-34.35783,609.6 18.45486,-34.35839,609.6 18.458,-34.36012,601.98 18.46079,-34.36153,594.36 18.46167,-34.36198,594.36 18.46264,-34.3624,594.36 18.46384,-34.36295,586.74 18.46465,-34.36331,586.74 18.46561,-34.36368,586.74 18.46651,-34.364,586.74 18.46779,-34.3644,586.74 18.4687,-34.36468,586.74 18.46976,-34.36496,586.74 18.47099,-34.36533,579.12 18.47177,-34.36565,579.12 18.47261,-34.36606,586.74 18.47379,-34.3667,586.74 18.47454,-34.36728,579.12 18.47523,-34.36784,579.12 18.47603,-34.36863,579.12 18.47659,-34.36931,579.12 18.47732,-34.37041,579.12 18.4778,-34.3711,579.12 18.47839,-34.37224,579.12 18.47872,-34.37306,579.12 18.47928,-34.37407,571.5 18.47968,-34.37466,571.5 18.48041,-34.37553,571.5 18.48095,-34.37603,579.12 18.48198,-34.37659,586.74 18.48276,-34.37686,586.74 18.48349,-34.37695,586.74 18.48399,-34.37695,594.36 18.48478,-34.37682,594.36 18.48545,-34.37659,594.36 18.48627,-34.37603,601.98 18.4869,-34.37548,609.6 18.48752,-34.3748,609.6 18.48814,-34.37411,617.22 18.48885,-34.37338,624.84 18.48949,-34.3727,624.84 18.4901,-34.37219,624.84 18.49089,-34.37155,617.22 18.49159,-34.3711,617.22 18.49251,-34.37045,609.6 18.49347,-34.36977,601.98 18.49419,-34.36917,601.98 18.49487,-34.36858,601.98 18.49588,-34.36775,594.36 18.49663,-34.36705,594.36 18.49722,-34.36647,594.36 18.49794,-34.36561,594.36 18.49886,-34.3644,594.36 18.49929,-34.36382,594.36 18.5,-34.36277,594.36 18.50064,-34.36189,594.36 18.50114,-34.36089,594.36 18.50155,-34.35979,601.98 18.50183,-34.35876,601.98 18.50204,-34.35745,609.6 18.5021,-34.3564,609.6 18.50206,-34.35522,609.6 18.50201,-34.35402,609.6 18.50193,-34.35265,609.6 18.50183,-34.35136,609.6 18.50176,-34.35022,609.6 18.50161,-34.3488,609.6 18.50148,-34.34766,609.6 18.50137,-34.34665,609.6 18.5012,-34.3455,609.6 18.50103,-34.34415,609.6 18.5008,-34.3428,601.98 18.50064,-34.34161,601.98 18.50046,-34.34075,609.6 18.50029,-34.33968,609.6 18.50002,-34.33827,609.6 18.4998,-34.33708,617.22 18.49952,-34.33571,609.6 18.49929,-34.33438,609.6 18.49909,-34.33321,617.22 18.49851,-34.32953,617.22 18.49784,-34.32472,624.84 18.49743,-34.32138,617.22 18.49689,-34.31676,609.6 18.49644,-34.31264,609.6 18.4961,-34.30902,601.98 18.49576,-34.30559,594.36 18.49554,-34.30309,594.36 18.49543,-34.30202,594.36 18.49503,-34.29815,594.36 18.49464,-34.29414,594.36 18.49428,-34.29024,594.36 18.4938,-34.28618,601.98 18.49342,-34.28279,609.6 18.49302,-34.27872,609.6 18.49262,-34.27539,609.6 18.49205,-34.27129,617.22 18.49125,-34.26678,617.22 18.49096,-34.26547,617.22 18.49068,-34.26403,617.22 18.49038,-34.26288,609.6 18.4901,-34.26164,609.6 18.48982,-34.26041,609.6 18.48953,-34.25937,609.6 18.48919,-34.25803,609.6 18.4889,-34.25691,609.6 18.48848,-34.25546,609.6 18.48814,-34.25423,609.6 18.48775,-34.25276,609.6 18.48736,-34.25139,609.6 18.48696,-34.2502,601.98 18.48656,-34.24876,601.98 18.48604,-34.24741,601.98 18.48564,-34.24615,601.98 18.48528,-34.24516,601.98 18.48461,-34.2435,586.74 18.48404,-34.2421,586.74 18.4836,-34.24086,586.74 18.4831,-34.23972,579.12 18.48255,-34.23852,579.12 18.48198,-34.23722,571.5 18.4813,-34.23578,563.88 18.4808,-34.23459,563.88 18.48024,-34.2334,556.26 18.47969,-34.23219,556.26 18.47917,-34.23097,548.64 18.47856,-34.22955,548.64 18.47682,-34.22575,533.4 18.47506,-34.22176,518.1600000000001 18.47466,-34.2205,518.1600000000001 18.47448,-34.21934,510.54 18.47454,-34.21808,518.1600000000001 18.47486,-34.21701,518.1600000000001 18.47558,-34.21582,525.78 18.47631,-34.21515,533.4 18.47721,-34.21458,533.4 18.4782,-34.21422,533.4 18.47935,-34.21403,533.4 18.48029,-34.21408,525.78 18.48141,-34.21436,525.78 18.48225,-34.21481,518.1600000000001 18.4831,-34.21555,510.54 18.48364,-34.21636,495.3 18.48404,-34.21715,487.68 18.48433,-34.21808,480.06 18.48455,-34.21892,472.44 18.48473,-34.21994,457.20000000000005 18.48484,-34.22078,449.58000000000004 18.48495,-34.22177,441.96000000000004 18.48506,-34.22287,426.72 18.48513,-34.22385,419.1 18.48528,-34.22466,403.86 18.48579,-34.22552,396.24 18.48633,-34.226,388.62 18.48724,-34.22632,381 18.48787,-34.22628,373.38 18.48865,-34.22598,365.76 18.48925,-34.22548,365.76 18.48959,-34.22474,358.14000000000004 18.48953,-34.22385,350.52000000000004 18.48919,-34.22316,350.52000000000004 18.48839,-34.22237,342.90000000000003 18.48769,-34.22195,342.90000000000003 18.48618,-34.22141,342.90000000000003 18.48517,-34.22118,342.90000000000003 18.48392,-34.22102,335.28000000000003 18.48253,-34.22095,335.28000000000003 18.48153,-34.22095,335.28000000000003 18.48018,-34.22108,335.28000000000003 18.47928,-34.22131,335.28000000000003 18.47832,-34.22176,335.28000000000003 18.47763,-34.22237,327.66 18.47723,-34.22288,327.66 18.47706,-34.22343,327.66 18.47723,-34.22418,327.66 18.47755,-34.22456,327.66 18.47828,-34.22488,327.66 18.47895,-34.22488,327.66 18.47975,-34.22465,327.66 18.48035,-34.22429,335.28000000000003 18.48106,-34.22343,342.90000000000003 18.48147,-34.22264,342.90000000000003 18.4817,-34.22177,350.52000000000004 18.48186,-34.22083,350.52000000000004 18.48186,-34.21989,350.52000000000004 18.48164,-34.21855,358.14000000000004 18.48136,-34.2177,365.76 18.48078,-34.21645,365.76 18.48009,-34.21529,373.38 18.47923,-34.21413,373.38 18.4785,-34.21317,373.38 18.47766,-34.21216,381 18.47689,-34.21119,381 18.4757,-34.20992,381 18.47469,-34.20882,388.62 18.47385,-34.20795,388.62 18.47282,-34.20682,396.24 18.47174,-34.20565,396.24 18.47076,-34.20468,403.86 18.46991,-34.20379,403.86 18.46882,-34.20277,403.86 18.4679,-34.20188,403.86 18.46676,-34.20072,403.86 18.46566,-34.19962,403.86 18.4647,-34.19853,403.86 18.4637,-34.19728,411.48 18.46303,-34.19623,411.48 18.46236,-34.1949,411.48 18.46184,-34.19374,411.48 18.46146,-34.19247,411.48 18.46112,-34.19128,411.48 18.46087,-34.18978,419.1 18.46075,-34.18861,419.1 18.46069,-34.18717,419.1 18.46069,-34.18601,426.72 18.46081,-34.18475,419.1 18.46092,-34.18368,419.1 18.46107,-34.18236,419.1 18.46129,-34.18121,419.1 18.46152,-34.17998,426.72 18.4618,-34.17851,426.72 18.46196,-34.17737,434.34000000000003 18.46219,-34.17627,434.34000000000003 18.46241,-34.17511,434.34000000000003 18.4627,-34.17367,434.34000000000003 18.46292,-34.1727,441.96000000000004 18.46321,-34.1713,441.96000000000004 18.46348,-34.17023,434.34000000000003 18.46381,-34.16881,434.34000000000003 18.46413,-34.16753,434.34000000000003 18.46443,-34.16629,434.34000000000003 18.46533,-34.16283,434.34000000000003 18.46556,-34.16185,434.34000000000003 18.46678,-34.15686,426.72 18.46813,-34.1517,419.1 18.46945,-34.14667,419.1 18.47031,-34.14314,426.72 18.47065,-34.14174,426.72 18.47088,-34.14062,426.72 18.47105,-34.1395,426.72 18.47127,-34.13809,419.1 18.47145,-34.13704,426.72 18.47157,-34.13592,426.72 18.47172,-34.13452,426.72 18.47183,-34.13342,419.1 18.47194,-34.13228,419.1 18.47202,-34.13108,411.48 18.47225,-34.12973,411.48 18.47245,-34.12866,411.48 18.47282,-34.12726,411.48 18.47323,-34.12601,411.48 18.47362,-34.12495,403.86 18.47401,-34.12376,403.86 18.47443,-34.12265,411.48 18.4748,-34.12143,411.48 18.47517,-34.12041,411.48 18.47564,-34.11909,403.86 18.47598,-34.11804,403.86 18.47631,-34.11699,411.48 18.47659,-34.11598,411.48 18.47682,-34.11493,419.1 18.477,-34.11376,426.72 18.47712,-34.11259,426.72 18.47721,-34.11113,426.72 18.47717,-34.11013,426.72 18.47712,-34.10901,426.72 18.47693,-34.10765,426.72 18.47671,-34.1066,426.72 18.47654,-34.10573,426.72 18.47626,-34.10458,419.1 18.47586,-34.1033,426.72 18.47546,-34.10194,426.72 18.47508,-34.10092,426.72 18.4746,-34.09956,426.72 18.47414,-34.09844,419.1 18.47368,-34.09717,419.1 18.47329,-34.09602,411.48 18.47277,-34.09472,411.48 18.47222,-34.09323,411.48 18.47177,-34.09209,419.1 18.47127,-34.09076,419.1 18.47082,-34.08966,426.72 18.47036,-34.08862,426.72 18.46979,-34.08732,426.72 18.46933,-34.08625,426.72 18.4688,-34.0849,426.72 18.4683,-34.08371,426.72 18.4679,-34.08271,419.1 18.46746,-34.0816,426.72 18.46701,-34.08023,426.72 18.46664,-34.07922,426.72 18.4663,-34.07796,426.72 18.46611,-34.07684,426.72 18.46589,-34.07556,426.72 18.46566,-34.07437,426.72 18.4655,-34.07326,426.72 18.46533,-34.07213,426.72 18.4651,-34.07071,419.1 18.46493,-34.06958,419.1 18.46477,-34.06824,411.48 18.46465,-34.06737,411.48 18.46454,-34.06622,411.48 18.46441,-34.06483,403.86 18.46436,-34.06348,403.86 18.46424,-34.06237,396.24 18.46418,-34.0612,396.24 18.46407,-34.05981,388.62 18.46404,-34.05867,388.62 18.46398,-34.05725,381 18.46395,-34.05599,381 18.46395,-34.05506,381 18.46395,-34.05385,388.62 18.46395,-34.05245,381 18.46404,-34.0507,381 18.46404,-34.04956,381 18.46409,-34.04805,388.62 18.46409,-34.04663,388.62 18.46413,-34.04542,388.62 18.46415,-34.04434,388.62 18.46421,-34.04288,388.62 18.46436,-34.03932,396.24 18.46436,-34.03537,396.24 18.46447,-34.03024,403.86 18.46447,-34.02643,396.24 18.46447,-34.02182,396.24 18.46447,-34.01805,396.24 18.46449,-34.01564,396.24 18.4646,-34.0144,396.24 18.46476,-34.01335,396.24 18.46499,-34.01202,403.86 18.46516,-34.01102,411.48 18.46544,-34.00948,419.1 18.46561,-34.00846,419.1 18.46573,-34.00743,426.72 18.4659,-34.00636,419.1 18.46607,-34.00529,419.1 18.46628,-34.00383,419.1 18.46639,-34.00296,411.48 18.46653,-34.00166,403.86 18.46656,-34.00035,396.24 18.46651,-33.99898,388.62 18.46636,-33.9978,388.62 18.46619,-33.99664,381 18.46607,-33.9957,381 18.46583,-33.99449,373.38 18.46544,-33.9928,365.76 18.46516,-33.99161,358.14000000000004 18.46488,-33.99055,350.52000000000004 18.46458,-33.98909,350.52000000000004 18.46443,-33.98785,350.52000000000004 18.46426,-33.98657,342.90000000000003 18.46418,-33.98532,342.90000000000003 18.46418,-33.98425,342.90000000000003 18.46424,-33.98276,342.90000000000003 18.46443,-33.98154,342.90000000000003 18.46464,-33.98043,342.90000000000003 18.46499,-33.97906,350.52000000000004 18.4655,-33.97778,350.52000000000004 18.46611,-33.97655,350.52000000000004 18.46664,-33.97559,350.52000000000004 18.46739,-33.97429,342.90000000000003 18.4679,-33.9735,350.52000000000004 18.46863,-33.97229,350.52000000000004 18.46931,-33.97128,350.52000000000004 18.46979,-33.97057,350.52000000000004 18.47082,-33.96909,350.52000000000004 18.47166,-33.96799,358.14000000000004 18.47239,-33.96707,358.14000000000004 18.47334,-33.966,365.76 18.47446,-33.96483,365.76 18.47534,-33.964,365.76 18.47648,-33.96291,365.76 18.47717,-33.96228,365.76 18.4782,-33.96116,365.76 18.47918,-33.96009,365.76 18.47996,-33.95915,365.76 18.48066,-33.95818,365.76 18.48124,-33.95716,365.76 18.48181,-33.95595,358.14000000000004 18.48215,-33.95483,358.14000000000004 18.48248,-33.95343,358.14000000000004 18.48267,-33.95236,358.14000000000004 18.48284,-33.95101,358.14000000000004 18.48287,-33.94995,358.14000000000004 18.48295,-33.94845,358.14000000000004 18.48298,-33.9473,358.14000000000004 18.48298,-33.94629,358.14000000000004 18.48289,-33.94487,350.52000000000004 18.48284,-33.94389,350.52000000000004 18.48272,-33.94277,350.52000000000004 18.48249,-33.94128,342.90000000000003 18.48237,-33.94025,342.90000000000003 18.48209,-33.93877,342.90000000000003 18.48186,-33.93773,342.90000000000003 18.48158,-33.93663,335.28000000000003 18.48118,-33.93514,335.28000000000003 18.48072,-33.93379,327.66 18.48029,-33.93251,327.66 18.47996,-33.93164,327.66 18.4794,-33.93025,320.04 18.47889,-33.92899,320.04 18.47837,-33.92783,320.04 18.47763,-33.92643,320.04 18.47699,-33.92532,312.42 18.47631,-33.92427,312.42 18.47546,-33.92303,304.8 18.47477,-33.9221,304.8 18.47403,-33.92113,297.18 18.47306,-33.91992,297.18 18.47245,-33.91914,297.18 18.47121,-33.91772,297.18 18.47031,-33.91675,289.56 18.46931,-33.91576,289.56 18.46842,-33.91489,281.94 18.46722,-33.91372,274.32 18.46622,-33.91273,266.7 18.46533,-33.91187,266.7 18.46441,-33.91098,259.08000000000004 18.46337,-33.90985,251.46 18.46241,-33.90879,243.84 18.46157,-33.90784,236.22 18.46069,-33.90683,236.22 18.45989,-33.90591,236.22 18.45915,-33.90511,236.22 18.45823,-33.90395,228.60000000000002 18.45731,-33.90285,220.98000000000002 18.45663,-33.90195,220.98000000000002 18.45602,-33.90115,213.36 18.45501,-33.89987,213.36 18.45434,-33.89906,213.36 18.45339,-33.89804,205.74 18.4524,-33.89715,205.74 18.45142,-33.89641,198.12 18.45028,-33.89566,198.12 18.44913,-33.89501,190.5 18.44816,-33.89455,182.88 18.44644,-33.89401,182.88 18.44553,-33.89384,182.88 18.44421,-33.8938,175.26000000000002 18.4433,-33.89392,175.26000000000002 18.44257,-33.8941,167.64000000000001 18.44184,-33.89433,167.64000000000001 18.44084,-33.89473,160.02 18.44005,-33.89507,152.4 18.43929,-33.89538,152.4 18.43797,-33.89603,144.78 18.43723,-33.89636,137.16 18.43635,-33.89671,129.54000000000002 18.43567,-33.89699,129.54000000000002 18.435,-33.89729,121.92 18.43437,-33.89753,121.92 18.43346,-33.89794,114.30000000000001 18.43288,-33.89817,106.68 18.43214,-33.8985,91.44 18.43174,-33.89874,91.44 18.43105,-33.89911,76.2 18.43048,-33.89939,68.58 18.42996,-33.89969,60.96 18.42912,-33.90005,53.34 18.42831,-33.90041,38.1 18.42805,-33.90051,38.1 18.42783,-33.9006,38.1 18.4276,-33.9007,30.48 18.42743,-33.90033,45.72 18.42743,-33.89937,53.34 18.42762,-33.89869,60.96 18.42794,-33.89809,68.58 18.42833,-33.89754,76.2 18.42882,-33.89687,83.82000000000001 18.42929,-33.8963,91.44 18.42996,-33.89552,106.68 18.43042,-33.89496,121.92 18.43088,-33.89445,137.16 18.43134,-33.89394,144.78 18.43203,-33.89323,160.02 18.43248,-33.89273,175.26000000000002 18.433,-33.89217,182.88 18.4334,-33.89166,190.5 18.43382,-33.89095,205.74 18.4342,-33.89031,213.36 18.43443,-33.8898,228.60000000000002 18.43466,-33.88896,236.22 18.43483,-33.88826,251.46 18.43483,-33.88751,259.08000000000004 18.43472,-33.8866,274.32 18.43449,-33.8857,281.94 18.43409,-33.88482,297.18 18.43369,-33.88412,304.8 18.43311,-33.88323,312.42 18.4326,-33.88239,327.66 18.43209,-33.8817,335.28000000000003 18.43157,-33.88105,342.90000000000003 18.43097,-33.88023,350.52000000000004 18.43025,-33.87941,365.76 18.42973,-33.87877,373.38 18.42906,-33.87799,381 18.4285,-33.87744,388.62 18.42762,-33.87658,396.24 18.42687,-33.87589,403.86 18.42619,-33.87537,411.48 18.42553,-33.87488,419.1 18.42447,-33.87429,434.34000000000003 18.42367,-33.87392,441.96000000000004 18.42287,-33.87364,449.58000000000004 18.42172,-33.87337,457.20000000000005 18.42071,-33.87323,464.82000000000005 18.41978,-33.87313,480.06 18.41852,-33.87313,487.68 18.41746,-33.87314,495.3 18.41646,-33.87322,502.92 18.41549,-33.87332,518.1600000000001 18.4146,-33.87341,518.1600000000001 18.4136,-33.87355,525.78 18.4124,-33.87378,533.4 18.41125,-33.87406,548.64 18.41034,-33.87429,556.26 18.40919,-33.87462,563.88 18.40834,-33.8749,571.5 18.40736,-33.87527,579.12 18.40622,-33.87574,594.36 18.40541,-33.87611,594.36 18.40427,-33.87658,601.98 18.40333,-33.87703,609.6 18.40249,-33.87744,617.22 18.40153,-33.87793,624.84 18.40061,-33.87839,632.46 18.39952,-33.87895,632.46 18.39862,-33.87946,640.08 18.39773,-33.87996,640.08 18.39683,-33.88051,647.7 18.39582,-33.8811,647.7 18.39495,-33.8816,655.32 18.39386,-33.88226,655.32 18.39289,-33.88286,662.94 18.39173,-33.88353,670.5600000000001 18.39088,-33.88407,678.1800000000001 18.38994,-33.88463,678.1800000000001 18.38881,-33.88531,685.8000000000001 18.38786,-33.88596,693.4200000000001 18.38676,-33.88668,701.0400000000001 18.38601,-33.88715,701.0400000000001 18.38495,-33.88797,708.6600000000001 18.38411,-33.88857,716.2800000000001 18.38316,-33.88938,723.9000000000001 18.38231,-33.89003,723.9000000000001 18.3815,-33.89068,731.52 18.38058,-33.89147,739.14 18.37985,-33.89209,739.14 18.37887,-33.89291,746.76 18.37811,-33.8936,746.76 18.37721,-33.89442,754.38 18.37637,-33.89516,754.38 18.37561,-33.89589,754.38 18.3748,-33.89662,762 18.37406,-33.89734,769.62 18.37323,-33.89813,777.24 18.37234,-33.89897,784.86 18.37155,-33.89978,792.48 18.37099,-33.90033,792.48 18.37017,-33.90125,800.1 18.36931,-33.90213,807.72 18.36864,-33.90289,815.34 18.36782,-33.90381,822.96 18.36718,-33.9045,822.96 18.36639,-33.90546,830.58 18.36572,-33.90619,830.58 18.36499,-33.9071,830.58 18.36432,-33.90788,830.58 18.36376,-33.90857,838.2 18.36302,-33.90953,838.2 18.36222,-33.91056,838.2 18.36157,-33.91141,845.82 18.36101,-33.91219,845.82 18.36039,-33.91302,845.82 18.35964,-33.91401,853.44 18.35896,-33.91498,853.44 18.35703,-33.91759,853.44 18.35449,-33.92117,861.0600000000001 18.35233,-33.92427,853.44 18.3502,-33.92727,853.44 18.34745,-33.93146,822.96 18.34677,-33.93244,822.96 18.3461,-33.93347,815.34 18.34526,-33.93471,807.72 18.34476,-33.93556,800.1 18.34386,-33.93704,792.48 18.34296,-33.93855,784.86 18.34236,-33.93966,777.24 18.34179,-33.94068,769.62 18.34105,-33.94203,769.62 18.34027,-33.94331,762 18.3396,-33.94455,754.38 18.33904,-33.9456,754.38 18.33847,-33.94673,746.76 18.33778,-33.94799,739.14 18.33721,-33.94915,731.52 18.33663,-33.95027,731.52 18.33487,-33.95367,723.9000000000001 18.33315,-33.9572,716.2800000000001 18.33109,-33.96186,716.2800000000001 18.43257,-34.12492,617.22 18.43645,-34.12587,601.98 18.43906,-34.12628,586.74 18.44036,-34.1264,586.74 18.44172,-34.12646,579.12 18.44302,-34.12653,571.5 18.44464,-34.1265,563.88 18.44626,-34.1263,556.26 18.44754,-34.12603,563.88 18.44899,-34.12567,563.88 18.45026,-34.12533,571.5 18.45174,-34.12491,571.5 18.45275,-34.12451,571.5 18.45408,-34.124,571.5 18.45524,-34.12347,571.5 18.45645,-34.12289,571.5 18.45794,-34.12219,571.5 18.45906,-34.12162,579.12 18.46025,-34.12082,579.12 18.46145,-34.12008,579.12 18.46265,-34.11921,579.12 18.46362,-34.11849,579.12 18.46466,-34.11751,571.5 18.46556,-34.11657,571.5 18.46626,-34.11556,563.88 18.46693,-34.11435,556.26 18.46743,-34.11327,556.26 18.46785,-34.1122,556.26 18.46825,-34.11088,548.64 18.46861,-34.10984,541.02 18.46873,-34.10857,533.4 18.46871,-34.10721,533.4 18.46866,-34.10596,533.4 18.46836,-34.10453,533.4 18.46815,-34.10326,525.78 18.46777,-34.10209,525.78 18.46737,-34.10096,525.78 18.46752,-34.09955,518.1600000000001 18.46766,-34.09809,518.1600000000001 18.46719,-34.09659,518.1600000000001 18.46665,-34.09529,510.54 18.46659,-34.09396,510.54 18.46622,-34.09257,510.54 18.46591,-34.09168,510.54 18.4656,-34.08979,510.54 18.46564,-34.08867,518.1600000000001 18.46616,-34.08677,518.1600000000001 18.4661,-34.08509,518.1600000000001 18.4659,-34.08383,518.1600000000001 18.46549,-34.08272,518.1600000000001 18.46521,-34.08152,518.1600000000001 18.46498,-34.08036,518.1600000000001 18.46471,-34.07929,518.1600000000001 18.4643,-34.07809,510.54 18.464,-34.07681,510.54 18.46401,-34.07572,502.92 18.46382,-34.07426,502.92 18.46358,-34.07301,495.3 18.46347,-34.07177,495.3 18.46365,-34.07029,495.3 18.46377,-34.06899,502.92 18.46345,-34.06743,495.3 18.46305,-34.06641,495.3 18.46344,-34.06494,495.3 18.46349,-34.06362,487.68 18.46338,-34.06217,487.68 18.46321,-34.06115,487.68 18.46293,-34.05984,480.06 18.46277,-34.05865,480.06 18.46288,-34.05733,480.06 18.46315,-34.05591,480.06 18.46327,-34.05464,480.06 18.46331,-34.05333,480.06 18.4632,-34.05184,480.06 18.46303,-34.05065,480.06 18.46335,-34.04954,480.06 18.4634,-34.04832,480.06 18.46325,-34.04701,472.44 18.46291,-34.04587,472.44 18.46254,-34.04445,472.44 18.46276,-34.04325,472.44 18.46287,-34.04207,472.44 18.46273,-34.04074,472.44 18.46279,-34.03946,464.82000000000005 18.46295,-34.03804,464.82000000000005 18.46273,-34.03675,464.82000000000005 18.46263,-34.03559,464.82000000000005 18.46304,-34.03422,464.82000000000005 18.46347,-34.03295,464.82000000000005 18.46311,-34.03163,457.20000000000005 18.4631,-34.03025,449.58000000000004 18.4633,-34.02901,449.58000000000004 18.46346,-34.02773,449.58000000000004 18.46361,-34.02647,449.58000000000004 18.46369,-34.02526,449.58000000000004 18.46378,-34.02403,449.58000000000004 18.46413,-34.02269,441.96000000000004 18.46456,-34.02144,441.96000000000004 18.46487,-34.01976,441.96000000000004 18.46527,-34.01828,449.58000000000004 18.46554,-34.01704,457.20000000000005 18.46578,-34.01551,457.20000000000005 18.46646,-34.0143,464.82000000000005 18.46711,-34.0129,464.82000000000005 18.46762,-34.01159,464.82000000000005 18.46799,-34.01027,472.44 18.46874,-34.00886,472.44 18.46938,-34.00768,472.44 18.47011,-34.00628,472.44 18.47064,-34.00493,464.82000000000005 18.47087,-34.00359,472.44 18.47105,-34.00238,464.82000000000005 18.47107,-34.00111,464.82000000000005 18.47127,-33.99986,464.82000000000005 18.47129,-33.99873,464.82000000000005 18.47193,-33.99706,464.82000000000005 18.47185,-33.99643,464.82000000000005 18.47186,-33.99526,472.44 18.47207,-33.99405,472.44 18.47192,-33.99253,472.44 18.47309,-33.98735,472.44 18.47293,-33.98469,472.44 18.47311,-33.98373,472.44 18.47349,-33.98272,472.44 18.47394,-33.98167,464.82000000000005 18.47453,-33.98038,464.82000000000005 18.47511,-33.97912,464.82000000000005 18.47576,-33.97789,457.20000000000005 18.47637,-33.97688,457.20000000000005 18.4769,-33.97562,457.20000000000005 18.47743,-33.9746,457.20000000000005 18.478,-33.97352,457.20000000000005 18.47878,-33.97209,449.58000000000004 18.4802,-33.9696,449.58000000000004 18.48052,-33.96866,449.58000000000004 18.48114,-33.96713,449.58000000000004 18.48205,-33.96515,449.58000000000004 18.4822,-33.96439,449.58000000000004 18.48266,-33.96302,449.58000000000004 18.48188,-33.96203,449.58000000000004 18.48191,-33.9609,449.58000000000004 18.48198,-33.95976,449.58000000000004 18.48218,-33.95855,441.96000000000004 18.48247,-33.95734,441.96000000000004 18.48278,-33.9552,441.96000000000004 18.48299,-33.95401,441.96000000000004 18.48354,-33.95299,434.34000000000003 18.48371,-33.95153,434.34000000000003 18.48376,-33.95045,434.34000000000003 18.48397,-33.9491,419.1 18.48421,-33.94757,411.48 18.48452,-33.94679,403.86 18.48471,-33.9455,396.24 18.4851,-33.94289,388.62 18.48312,-33.94035,381 18.48265,-33.93901,373.38 18.48215,-33.93765,365.76 18.48175,-33.93668,365.76 18.48118,-33.93537,350.52000000000004 18.48074,-33.93434,350.52000000000004 18.48013,-33.93311,342.90000000000003 18.47958,-33.93197,342.90000000000003 18.479,-33.93086,335.28000000000003 18.47839,-33.92981,327.66 18.47746,-33.92825,320.04 18.47672,-33.92709,320.04 18.47597,-33.92601,312.42 18.47511,-33.92476,312.42 18.47452,-33.924,312.42 18.47357,-33.92271,304.8 18.47273,-33.92166,304.8 18.47185,-33.92066,297.18 18.47099,-33.91965,297.18 18.46985,-33.91838,297.18 18.46875,-33.91722,297.18 18.46785,-33.91635,297.18 18.46667,-33.91525,297.18 18.46567,-33.91433,289.56 18.46476,-33.91349,297.18 18.46393,-33.91269,297.18 18.46303,-33.91182,289.56 18.46213,-33.91095,289.56 18.46095,-33.90976,281.94 18.46012,-33.90898,281.94 18.4591,-33.90797,281.94 18.45829,-33.90711,281.94 18.45748,-33.90623,274.32 18.4567,-33.90546,266.7 18.4558,-33.9045,266.7 18.45491,-33.90367,259.08000000000004 18.45411,-33.90292,251.46 18.45322,-33.90221,243.84 18.45215,-33.90143,236.22 18.45097,-33.90064,228.60000000000002 18.45008,-33.90019,220.98000000000002 18.44913,-33.89983,213.36 18.44782,-33.89948,198.12 18.44713,-33.89934,190.5 18.4457,-33.8992,182.88 18.4447,-33.89914,167.64000000000001 18.44376,-33.89911,160.02 18.44246,-33.89914,152.4 18.44147,-33.89915,144.78 18.44055,-33.89925,137.16 18.43952,-33.89934,129.54000000000002 18.43866,-33.89943,121.92 18.43752,-33.89955,114.30000000000001 18.43655,-33.89971,106.68 18.43556,-33.89983,99.06 18.43478,-33.89996,91.44 18.43377,-33.9001,83.82000000000001 18.43283,-33.90022,76.2 18.43225,-33.90027,68.58 18.42985,-33.90051,53.34 18.42878,-33.90056,45.72 18.42842,-33.9006,38.1 18.42816,-33.9006,38.1 18.42788,-33.90065,38.1 18.42768,-33.90069,30.48 18.42749,-33.90047,38.1 18.42739,-33.89948,45.72 18.42751,-33.89892,45.72 18.42783,-33.89827,53.34 18.42844,-33.89754,68.58 18.42889,-33.89703,83.82000000000001 18.42934,-33.89659,91.44 18.42968,-33.89626,106.68 18.43042,-33.89543,129.54000000000002 18.43085,-33.89497,144.78 18.43117,-33.89455,160.02 18.43157,-33.89399,167.64000000000001 18.43192,-33.89346,182.88 18.43231,-33.89287,190.5 18.43265,-33.89236,205.74 18.43294,-33.89189,213.36 18.43327,-33.89131,220.98000000000002 18.4336,-33.89058,228.60000000000002 18.43391,-33.88989,243.84 18.43414,-33.88929,251.46 18.43431,-33.88854,259.08000000000004 18.43439,-33.88783,266.7 18.43439,-33.88683,281.94 18.43426,-33.88617,289.56 18.43405,-33.8855,297.18 18.43374,-33.88477,304.8 18.43334,-33.88393,312.42 18.43282,-33.88303,327.66 18.43237,-33.88234,335.28000000000003 18.4318,-33.88151,342.90000000000003 18.4313,-33.88092,350.52000000000004 18.43082,-33.88039,358.14000000000004 18.43001,-33.8795,373.38 18.42951,-33.87895,381 18.42884,-33.87831,388.62 18.42813,-33.87769,396.24 18.42727,-33.87703,403.86 18.42636,-33.87643,411.48 18.42553,-33.87598,419.1 18.42469,-33.87561,426.72 18.42356,-33.87523,434.34000000000003 18.42262,-33.87497,441.96000000000004 18.42155,-33.87471,449.58000000000004 18.42058,-33.87457,457.20000000000005 18.41959,-33.87451,464.82000000000005 18.41841,-33.87447,472.44 18.4174,-33.87447,480.06 18.41606,-33.87451,495.3 18.4151,-33.8746,502.92 18.41365,-33.87479,510.54 18.41257,-33.87499,518.1600000000001 18.4114,-33.87529,525.78 18.41017,-33.87561,533.4 18.40928,-33.87593,533.4 18.40811,-33.87634,541.02 18.40714,-33.87666,548.64 18.40611,-33.87709,556.26 18.40519,-33.87746,556.26 18.40427,-33.87783,563.88 18.40328,-33.87822,571.5 18.40221,-33.87868,586.74 18.40126,-33.87909,594.36 18.40036,-33.87955,601.98 18.3993,-33.88007,609.6 18.39832,-33.88058,624.84 18.39752,-33.881,632.46 18.39649,-33.88156,640.08 18.3954,-33.88221,647.7 18.39478,-33.88258,655.32 18.39386,-33.88314,670.5600000000001 18.39296,-33.88371,685.8000000000001 18.39226,-33.88421,693.4200000000001 18.39117,-33.88496,701.0400000000001 18.39038,-33.88545,708.6600000000001 18.38957,-33.88607,716.2800000000001 18.38871,-33.88668,723.9000000000001 18.38779,-33.88728,731.52 18.38702,-33.88783,731.52 18.38629,-33.88838,739.14 18.38534,-33.88907,746.76 18.38456,-33.88971,746.76 18.38383,-33.8903,746.76 18.3831,-33.8909,754.38 18.38198,-33.89182,754.38 18.38144,-33.89231,762 18.38047,-33.89315,762 18.37973,-33.8938,769.62 18.37878,-33.89461,769.62 18.37795,-33.89529,769.62 18.37704,-33.89608,777.24 18.37629,-33.89673,777.24 18.37547,-33.89745,777.24 18.37458,-33.89827,784.86 18.37374,-33.899,784.86 18.37295,-33.89969,792.48 18.37211,-33.90042,792.48 18.37116,-33.90138,792.48 18.37023,-33.90232,784.86 18.36942,-33.90312,784.86 18.36788,-33.90465,792.48 18.36712,-33.90536,792.48 18.36622,-33.90632,800.1 18.3655,-33.90706,800.1 18.36454,-33.90807,800.1 18.36382,-33.90884,800.1 18.36281,-33.90985,800.1 18.36205,-33.9107,800.1 18.36124,-33.9115,807.72 18.3605,-33.91233,807.72 18.35987,-33.91302,807.72 18.359,-33.91402,815.34 18.35815,-33.91494,815.34 18.35741,-33.91582,815.34 18.35675,-33.91663,815.34 18.35591,-33.91772,815.34 18.35524,-33.91855,815.34 18.35449,-33.91964,815.34 18.35375,-33.92066,815.34 18.35306,-33.92159,815.34 18.35249,-33.92244,815.34 18.35176,-33.92349,815.34 18.35117,-33.92443,815.34 18.3506,-33.92522,807.72 18.34986,-33.92633,807.72 18.34907,-33.92747,807.72 18.34843,-33.92844,807.72 18.3478,-33.92932,800.1 18.34678,-33.93073,800.1 18.34614,-33.9316,792.48 18.34528,-33.93267,792.48 18.34459,-33.93356,792.48 18.34368,-33.93472,792.48 18.34308,-33.93558,792.48 18.34252,-33.93631,792.48 18.34156,-33.93761,792.48 18.34072,-33.93874,784.86 18.34005,-33.93965,792.48 18.33915,-33.94089,792.48 18.33837,-33.94199,792.48 18.33764,-33.94295,792.48 18.33698,-33.94389,792.48 18.33629,-33.94496,792.48 18.33561,-33.94603,792.48 18.33517,-33.9467,792.48 18.33435,-33.94794,792.48 18.33377,-33.94881,792.48 18.33299,-33.95004,792.48 18.33237,-33.95096,784.86 18.3316,-33.95218,784.86 18.33097,-33.95306,784.86 18.3304,-33.95385,792.48 18.32985,-33.95471,800.1 18.32949,-33.95525,807.72 18.32822,-33.95718,861.0600000000001 18.32829,-33.95753,861.0600000000001 18.32863,-33.9579,861.0600000000001 18.32949,-33.95813,845.82 18.33023,-33.95813,838.2 18.33126,-33.95804,830.58 18.33231,-33.95792,822.96 18.3336,-33.95769,815.34 18.33461,-33.95746,815.34 18.33618,-33.95711,807.72 18.33744,-33.95678,800.1 18.33854,-33.95645,792.48 18.33949,-33.95613,784.86 18.34076,-33.95557,769.62 18.34224,-33.95485,762 18.34319,-33.9543,746.76 18.34397,-33.9538,739.14 18.34511,-33.95297,739.14 18.34585,-33.95246,731.52 18.34694,-33.95155,723.9000000000001 18.34808,-33.95064,716.2800000000001 18.34911,-33.94976,708.6600000000001 18.35008,-33.94899,701.0400000000001 18.35135,-33.9479,693.4200000000001 18.35205,-33.9472,685.8000000000001 18.35316,-33.94615,678.1800000000001 18.35406,-33.94528,670.5600000000001 18.35489,-33.94436,670.5600000000001 18.35591,-33.94331,662.94 18.35684,-33.94221,662.94 18.35765,-33.9413,655.32 18.35843,-33.94038,647.7 18.35953,-33.93905,640.08 18.36028,-33.9381,632.46 18.36102,-33.93723,624.84 18.36176,-33.9363,624.84 18.36247,-33.93544,617.22 18.36359,-33.93411,609.6 18.36454,-33.93288,601.98 18.36536,-33.93188,594.36 18.36599,-33.93113,586.74 18.36708,-33.92978,579.12 18.36964,-33.9267,556.26 18.37292,-33.92271,548.64 18.37538,-33.91945,548.64 18.37624,-33.91833,548.64 18.37699,-33.91736,541.02 18.37812,-33.91577,541.02 18.3787,-33.91503,533.4 18.37957,-33.91383,533.4 18.38121,-33.91163,525.78 18.38196,-33.9107,518.1600000000001 18.38522,-33.9066,502.92 18.38682,-33.90474,502.92 18.38762,-33.90385,495.3 18.38865,-33.90271,495.3 18.38968,-33.90162,487.68 18.39067,-33.9006,487.68 18.39197,-33.89939,480.06 18.393,-33.8985,480.06 18.39397,-33.89771,480.06 18.39504,-33.8968,480.06 18.39598,-33.89608,480.06 18.39724,-33.8951,472.44 18.39827,-33.89436,472.44 18.39924,-33.89361,472.44 18.40061,-33.89268,464.82000000000005 18.40164,-33.89198,464.82000000000005 18.40272,-33.89127,457.20000000000005 18.4041,-33.89035,441.96000000000004 18.40524,-33.88971,434.34000000000003 18.40651,-33.889,441.96000000000004 18.40765,-33.88843,441.96000000000004 18.40902,-33.88779,441.96000000000004 18.41051,-33.88719,441.96000000000004 18.41177,-33.88677,441.96000000000004 18.41292,-33.88641,434.34000000000003 18.414,-33.88612,434.34000000000003 18.4155,-33.88577,434.34000000000003 18.41675,-33.88551,426.72 18.41784,-33.88533,419.1 18.41921,-33.88514,419.1 18.42052,-33.885,411.48 18.42201,-33.88486,403.86 18.42351,-33.88486,403.86 18.42475,-33.88486,396.24 18.42592,-33.8849,396.24 18.42743,-33.88504,388.62 18.42848,-33.88514,388.62 18.43019,-33.88542,381 18.43151,-33.8857,373.38 18.4327,-33.88605,365.76 18.43386,-33.88635,358.14000000000004 18.435,-33.88673,342.90000000000003 18.43597,-33.8871,335.28000000000003 18.43735,-33.88756,320.04 18.43832,-33.88794,312.42 18.43941,-33.88845,304.8 18.44032,-33.88887,297.18 18.4413,-33.88938,289.56 18.44198,-33.8898,274.32 18.44268,-33.89049,274.32 18.44335,-33.89131,266.7 18.44369,-33.89209,259.08000000000004 18.44387,-33.89273,251.46 18.44393,-33.89366,243.84 18.44376,-33.8945,236.22 18.44347,-33.8951,228.60000000000002 18.44296,-33.8958,213.36 18.44255,-33.89627,205.74 18.4419,-33.8968,198.12 18.44134,-33.89717,190.5 18.44021,-33.89771,167.64000000000001 18.43964,-33.89794,160.02 18.43889,-33.89827,152.4 18.4382,-33.8985,144.78 18.43769,-33.89868,137.16 18.43689,-33.89892,129.54000000000002 18.43601,-33.89914,114.30000000000001 18.43523,-33.89925,106.68 18.43454,-33.89939,99.06 18.4338,-33.89948,91.44 18.43321,-33.8996,83.82000000000001 18.43237,-33.89976,76.2 18.43151,-33.89994,68.58 18.43094,-33.90004,60.96 18.43031,-33.90013,53.34 18.42962,-33.90024,45.72 18.42922,-33.90032,45.72 18.42867,-33.90042,38.1 18.42828,-33.90056,38.1 18.42794,-33.9006,30.48 18.42762,-33.90069,30.48 18.42745,-33.89981,45.72 18.42867,-33.89745,60.96 18.42899,-33.89701,68.58 18.42985,-33.89599,91.44 18.43025,-33.89557,99.06 18.43082,-33.89492,106.68 18.43122,-33.89445,114.30000000000001 18.43164,-33.89401,121.92 18.43231,-33.89346,137.16 18.43276,-33.89305,144.78 18.43315,-33.89268,152.4 18.43371,-33.89218,167.64000000000001 18.43414,-33.8917,175.26000000000002 18.43454,-33.89128,182.88 18.43495,-33.89081,190.5 18.43534,-33.89021,198.12 18.43569,-33.88961,205.74 18.4359,-33.88898,213.36 18.43601,-33.88834,220.98000000000002 18.43597,-33.88761,228.60000000000002 18.4358,-33.88672,243.84 18.43556,-33.88605,251.46 18.43523,-33.88533,259.08000000000004 18.43483,-33.88467,266.7 18.4345,-33.88403,274.32 18.43397,-33.88328,281.94 18.43349,-33.88261,289.56 18.433,-33.88188,297.18 18.43254,-33.88129,304.8 18.43203,-33.88063,304.8 18.4314,-33.87983,312.42 18.4308,-33.87923,320.04 18.43018,-33.87863,327.66 18.42951,-33.87807,335.28000000000003 18.42865,-33.87751,342.90000000000003 18.42779,-33.87704,350.52000000000004 18.42682,-33.87658,358.14000000000004 18.42579,-33.8762,365.76 18.42487,-33.87592,373.38 18.42379,-33.87564,381 18.42262,-33.87543,396.24 18.42138,-33.87523,403.86 18.42043,-33.87511,411.48 18.41932,-33.87504,419.1 18.41846,-33.87495,426.72 18.41732,-33.87495,441.96000000000004 18.41646,-33.87495,441.96000000000004 18.41537,-33.87499,449.58000000000004 18.41423,-33.87504,457.20000000000005 18.41309,-33.87511,464.82000000000005 18.41228,-33.87518,464.82000000000005 18.41137,-33.87532,472.44 18.4104,-33.87546,480.06 18.4095,-33.87566,480.06 18.40838,-33.87589,487.68 18.40748,-33.87616,495.3 18.40673,-33.87639,495.3 18.40542,-33.87676,502.92 18.40467,-33.87704,510.54 18.40376,-33.87737,510.54 18.40294,-33.87772,518.1600000000001 18.40187,-33.87817,525.78 18.40104,-33.87854,533.4 18.40031,-33.87895,541.02 18.39935,-33.87941,556.26 18.39862,-33.87982,563.88 18.39784,-33.88033,579.12 18.39718,-33.88076,579.12 18.39644,-33.8812,586.74 18.39563,-33.88174,586.74 18.39476,-33.88234,594.36 18.39403,-33.88281,594.36 18.39329,-33.88328,594.36 18.39237,-33.88393,601.98 18.39163,-33.88444,601.98 18.39072,-33.88509,609.6 18.39022,-33.88541,609.6 18.38915,-33.88618,617.22 18.38865,-33.88655,617.22 18.38775,-33.88724,624.84 18.38674,-33.88792,632.46 18.3859,-33.88852,640.08 18.38522,-33.889,647.7 18.38448,-33.88952,647.7 18.38299,-33.89063,670.5600000000001 18.38196,-33.89143,670.5600000000001 18.38136,-33.89186,678.1800000000001 18.38047,-33.89259,678.1800000000001 18.37978,-33.89315,685.8000000000001 18.37904,-33.89375,693.4200000000001 18.37755,-33.89502,701.0400000000001 18.37671,-33.89575,708.6600000000001 18.37587,-33.89653,716.2800000000001 18.37525,-33.89717,716.2800000000001 18.37463,-33.89785,723.9000000000001 18.37396,-33.89859,731.52 18.37329,-33.89932,731.52 18.37275,-33.89994,739.14 18.372,-33.90078,739.14 18.37149,-33.90143,746.76 18.37071,-33.9023,746.76 18.37011,-33.90302,754.38 18.36954,-33.90358,754.38 18.3688,-33.90442,762 18.36823,-33.90497,762 18.36752,-33.90578,762 18.36685,-33.90651,762 18.36617,-33.90725,762 18.36555,-33.90802,769.62 18.36479,-33.90884,769.62 18.36398,-33.90981,769.62 18.36337,-33.91054,777.24 18.36258,-33.91141,777.24 18.36199,-33.91214,777.24 18.36118,-33.9131,784.86 18.36056,-33.91382,784.86 18.35995,-33.91452,784.86 18.35911,-33.91557,777.24 18.35844,-33.91642,777.24 18.35781,-33.91722,777.24 18.35718,-33.91801,777.24 18.35653,-33.91887,784.86 18.35575,-33.91987,784.86 18.35501,-33.92085,792.48 18.3544,-33.92175,784.86 18.35378,-33.92258,784.86 18.353,-33.92359,792.48 18.35238,-33.92453,792.48 18.35163,-33.92564,792.48 18.34902,-33.92935,800.1 18.34837,-33.93025,800.1 18.34762,-33.93132,800.1 18.34689,-33.93233,800.1 18.34627,-33.9332,800.1 18.34179,-33.93937,777.24 18.34105,-33.94049,777.24 18.33825,-33.9445,762 18.33704,-33.94613,769.62 18.33635,-33.94698,777.24 18.3359,-33.94757,784.86 18.33551,-33.94803,800.1 18.33521,-33.94845,815.34 18.335,-33.94908,830.58 18.33509,-33.94948,838.2 18.33567,-33.94985,830.58 18.33624,-33.94989,822.96 18.33704,-33.94976,815.34 18.33747,-33.94954,815.34 18.33831,-33.94913,807.72 18.3391,-33.94867,800.1 18.3399,-33.94813,792.48 18.34055,-33.94771,777.24 18.3415,-33.9471,769.62 18.34229,-33.94656,762 18.34319,-33.94592,754.38 18.34402,-33.94533,746.76 18.34504,-33.9446,708.6600000000001 18.34591,-33.94403,693.4200000000001 18.34689,-33.94341,685.8000000000001 18.34801,-33.94263,662.94 18.34911,-33.94189,655.32 18.35019,-33.94116,655.32 18.35123,-33.9404,647.7 18.35233,-33.93951,640.08 18.35335,-33.93872,632.46 18.35421,-33.93802,632.46 18.35529,-33.93714,624.84 18.35609,-33.93644,624.84 18.35707,-33.93551,624.84 18.35799,-33.93462,624.84 18.35877,-33.93384,624.84 18.35933,-33.93324,624.84 18.36021,-33.93235,624.84 18.36102,-33.93151,624.84 18.36191,-33.93059,617.22 18.36267,-33.92978,601.98 18.36342,-33.92904,594.36 18.36432,-33.92825,594.36 18.36555,-33.92715,586.74 18.36645,-33.92642,571.5 18.36752,-33.92546,563.88 18.3684,-33.92462,563.88 18.36914,-33.92381,563.88 18.3702,-33.92258,556.26 18.37082,-33.92189,548.64 18.37183,-33.92061,548.64 18.37263,-33.91968,548.64 18.3734,-33.91873,548.64 18.37406,-33.91792,541.02 18.37497,-33.91681,533.4 18.37587,-33.91576,541.02 18.37658,-33.91498,541.02 18.37744,-33.91396,548.64 18.37801,-33.9133,548.64 18.37893,-33.91224,548.64 18.37985,-33.91122,556.26 18.38058,-33.91045,548.64 18.38136,-33.90962,548.64 18.38219,-33.90884,548.64 18.3831,-33.90793,541.02 18.38416,-33.90697,541.02 18.38511,-33.90604,541.02 18.38568,-33.90541,541.02 18.38671,-33.90432,533.4 18.38769,-33.90321,533.4 18.38842,-33.90232,533.4 18.38917,-33.90148,525.78 18.38988,-33.9006,525.78 18.39077,-33.89952,525.78 18.39156,-33.89859,518.1600000000001 18.39246,-33.89786,510.54 18.3934,-33.89724,510.54 18.3947,-33.89644,502.92 18.39588,-33.89548,487.68 18.39666,-33.89474,487.68 18.39764,-33.8938,472.44 18.39874,-33.89278,464.82000000000005 18.3997,-33.89198,464.82000000000005 18.40059,-33.89113,457.20000000000005 18.40171,-33.89021,457.20000000000005 18.40273,-33.88947,457.20000000000005 18.40387,-33.88877,457.20000000000005 18.40536,-33.88807,457.20000000000005 18.40651,-33.88761,449.58000000000004 18.40759,-33.88724,441.96000000000004 18.40894,-33.88687,449.58000000000004 18.41,-33.88664,449.58000000000004 18.41157,-33.88632,449.58000000000004 18.41297,-33.88602,449.58000000000004 18.41406,-33.88584,449.58000000000004 18.4155,-33.88564,441.96000000000004 18.41681,-33.88542,441.96000000000004 18.41858,-33.88518,441.96000000000004 18.41972,-33.88496,441.96000000000004 18.42133,-33.88477,434.34000000000003 18.42262,-33.88463,434.34000000000003 18.42362,-33.88454,426.72 18.42519,-33.88454,426.72 18.42636,-33.88458,419.1 18.42773,-33.88472,411.48 18.42906,-33.88495,403.86 18.43018,-33.88518,396.24 18.43142,-33.8855,388.62 18.4327,-33.88591,381 18.43386,-33.88631,373.38 18.4346,-33.88659,365.76 18.43584,-33.8871,350.52000000000004 18.43706,-33.8877,342.90000000000003 18.43792,-33.88815,327.66 18.43898,-33.88879,320.04 18.43992,-33.88947,304.8 18.44061,-33.89003,289.56 18.44139,-33.89076,274.32 18.44206,-33.89172,259.08000000000004 18.4425,-33.8924,251.46 18.44291,-33.89337,228.60000000000002 18.44307,-33.89403,220.98000000000002 18.44313,-33.89479,213.36 18.44302,-33.89552,205.74 18.44273,-33.89641,190.5 18.44246,-33.89703,175.26000000000002 18.44201,-33.89767,167.64000000000001 18.44162,-33.89813,160.02 18.4409,-33.89859,144.78 18.44021,-33.89883,137.16 18.43946,-33.89901,129.54000000000002 18.43866,-33.89906,121.92 18.43763,-33.89915,114.30000000000001 18.43678,-33.8992,106.68 18.43609,-33.89929,99.06 18.43517,-33.89941,99.06 18.43454,-33.89957,91.44 18.43382,-33.89973,83.82000000000001 18.43306,-33.89985,83.82000000000001 18.43248,-33.89994,76.2 18.43168,-33.90004,68.58 18.43117,-33.90013,60.96 18.43048,-33.90022,60.96 18.42991,-33.90032,53.34 18.42934,-33.90041,45.72 18.42894,-33.90046,45.72 18.42854,-33.90051,38.1 18.42828,-33.90056,38.1 18.42788,-33.90065,30.48 18.42768,-33.90069,30.48 18.42733,-33.90069,38.1 18.4271,-33.90055,45.72 18.42682,-33.90033,45.72 18.42653,-33.89994,53.34 18.42648,-33.89874,60.96 18.42665,-33.89832,68.58 18.42705,-33.89766,76.2 18.42755,-33.89699,83.82000000000001 18.42805,-33.89635,83.82000000000001 18.4285,-33.8958,83.82000000000001 18.42905,-33.89524,91.44 18.42968,-33.89456,91.44 18.43019,-33.89403,99.06 18.43085,-33.89337,106.68 18.43145,-33.89282,114.30000000000001 18.43198,-33.89232,114.30000000000001 18.43266,-33.89161,121.92 18.43338,-33.89081,129.54000000000002 18.43386,-33.89026,137.16 18.43444,-33.88953,144.78 18.43511,-33.88866,152.4 18.43569,-33.88784,160.02 18.43615,-33.88714,160.02 18.4366,-33.88631,167.64000000000001 18.43713,-33.88531,175.26000000000002 18.43747,-33.88449,182.88 18.43775,-33.88346,198.12 18.43792,-33.88268,205.74 18.43792,-33.88169,220.98000000000002 18.43775,-33.88069,236.22 18.43752,-33.87991,243.84 18.43719,-33.87918,251.46 18.43678,-33.87844,259.08000000000004 18.43607,-33.87749,274.32 18.43545,-33.87689,281.94 18.43483,-33.87634,281.94 18.43399,-33.87575,297.18 18.43294,-33.87513,304.8 18.43214,-33.87471,312.42 18.43114,-33.87433,320.04 18.43025,-33.87402,327.66 18.42945,-33.87383,335.28000000000003 18.42773,-33.87355,350.52000000000004 18.42688,-33.87346,358.14000000000004 18.42562,-33.87336,358.14000000000004 18.4247,-33.87332,365.76 18.42379,-33.87332,373.38 18.42256,-33.87337,373.38 18.42166,-33.87341,381 18.42064,-33.87346,381 18.41976,-33.87355,388.62 18.41858,-33.87364,396.24 18.41774,-33.87369,411.48 18.41686,-33.87378,419.1 18.41589,-33.87392,426.72 18.41488,-33.87405,434.34000000000003 18.41389,-33.8742,441.96000000000004 18.41292,-33.87433,449.58000000000004 18.41208,-33.87447,457.20000000000005 18.4112,-33.87467,464.82000000000005 18.41028,-33.87495,472.44 18.40954,-33.87532,480.06 18.40891,-33.87574,495.3 18.40839,-33.8763,502.92 18.40815,-33.8768,518.1600000000001 18.40805,-33.87741,533.4 18.40822,-33.87793,541.02 18.4086,-33.87854,548.64 18.40902,-33.8789,556.26 18.4096,-33.87928,556.26 18.41034,-33.87955,563.88 18.41118,-33.87982,571.5 18.41188,-33.87997,579.12 18.41269,-33.88016,586.74 18.41359,-33.88028,594.36 18.41426,-33.88033,601.98 18.41509,-33.88039,609.6 18.416,-33.88033,617.22 18.4169,-33.88005,632.46 18.41743,-33.8797,640.08 18.41789,-33.87914,647.7 18.41808,-33.87849,647.7 18.41802,-33.87785,647.7 18.41761,-33.87709,647.7 18.41709,-33.87653,647.7 18.41652,-33.87616,647.7 18.41544,-33.87575,640.08 18.41432,-33.87552,640.08 18.41309,-33.87532,640.08 18.41185,-33.87524,640.08 18.41051,-33.87518,640.08 18.40937,-33.87518,647.7 18.4086,-33.87524,647.7 18.40719,-33.87532,647.7 18.40608,-33.87543,655.32 18.4049,-33.87555,655.32 18.40384,-33.87575,655.32 18.40266,-33.87589,655.32 18.40182,-33.87602,655.32 18.40047,-33.8763,655.32 18.39924,-33.87653,655.32 18.39815,-33.87676,662.94 18.39683,-33.87703,662.94 18.39582,-33.87726,662.94 18.39453,-33.87758,670.5600000000001 18.39352,-33.87781,670.5600000000001 18.39237,-33.87807,670.5600000000001 18.39157,-33.8783,670.5600000000001 18.39014,-33.87862,678.1800000000001 18.38893,-33.87886,678.1800000000001 18.38791,-33.879,685.8000000000001 18.38671,-33.87914,693.4200000000001 18.38579,-33.87918,693.4200000000001 18.38488,-33.87918,701.0400000000001 18.38377,-33.87923,708.6600000000001 18.38293,-33.87932,708.6600000000001 18.38186,-33.87955,708.6600000000001 18.38102,-33.87987,701.0400000000001 18.38018,-33.88028,701.0400000000001 18.3794,-33.88083,693.4200000000001 18.37828,-33.88174,685.8000000000001 18.37761,-33.88235,678.1800000000001 18.37687,-33.88305,670.5600000000001 18.37592,-33.8839,670.5600000000001 18.37503,-33.88477,662.94 18.37435,-33.88542,662.94 18.37355,-33.88621,662.94 18.37263,-33.8871,655.32 18.37189,-33.88779,655.32 18.37086,-33.88882,655.32 18.37023,-33.88938,655.32 18.36931,-33.89031,655.32 18.36858,-33.89099,655.32 18.36763,-33.89191,662.94 18.36454,-33.89497,670.5600000000001 18.36146,-33.89813,678.1800000000001 18.35947,-33.90027,685.8000000000001 18.35793,-33.90207,693.4200000000001 18.3573,-33.90283,693.4200000000001 18.35664,-33.90372,693.4200000000001 18.35608,-33.9045,701.0400000000001 18.35546,-33.90544,701.0400000000001 18.3549,-33.90623,708.6600000000001 18.35417,-33.90729,708.6600000000001 18.35373,-33.90797,716.2800000000001 18.35306,-33.90898,716.2800000000001 18.3526,-33.90972,723.9000000000001 18.3521,-33.91049,723.9000000000001 18.35154,-33.91141,731.52 18.351,-33.91224,731.52 18.35053,-33.91306,739.14 18.34991,-33.91405,739.14 18.34951,-33.91484,746.76 18.34902,-33.91566,746.76 18.34848,-33.91666,754.38 18.34806,-33.91745,754.38 18.34767,-33.91823,754.38 18.34711,-33.91933,754.38 18.34672,-33.92015,754.38 18.34637,-33.92085,762 18.34591,-33.92192,762 18.34551,-33.9228,762 18.34515,-33.92358,769.62 18.34476,-33.92448,769.62 18.34437,-33.92551,777.24 18.34397,-33.92633,777.24 18.34364,-33.92725,777.24 18.34328,-33.9282,777.24 18.34282,-33.92927,777.24 18.34242,-33.9303,784.86 18.34207,-33.93105,792.48 18.34167,-33.93201,800.1 18.34128,-33.93297,807.72 18.34106,-33.93361,815.34 18.34082,-33.93444,815.34 18.34064,-33.93546,822.96 18.34059,-33.93621,830.58 18.34064,-33.93719,838.2 18.34078,-33.93814,845.82 18.341,-33.93887,861.0600000000001 18.34139,-33.93975,868.6800000000001 18.34167,-33.94026,876.3000000000001 18.34219,-33.94096,891.5400000000001 18.34291,-33.94157,906.7800000000001 18.34364,-33.94203,914.4000000000001 18.3442,-33.94231,929.6400000000001 18.34488,-33.94254,929.6400000000001 18.34579,-33.94273,944.88 18.34655,-33.94276,944.88 18.34745,-33.94268,952.5 18.3482,-33.94254,960.12 18.34911,-33.94221,967.74 18.34974,-33.94184,975.36 18.35036,-33.94144,982.98 18.35087,-33.94098,990.6 18.3514,-33.9403,998.22 18.35176,-33.93979,998.22 18.35205,-33.93906,1005.84 18.35226,-33.9384,1013.46 18.3522,-33.93765,1021.08 18.35197,-33.93705,1028.7 18.3516,-33.93658,1036.3200000000002 18.35092,-33.93617,1043.94 18.35003,-33.93608,1043.94 18.3494,-33.9363,1051.56 18.34874,-33.93677,1043.94 18.34829,-33.93732,1043.94 18.34785,-33.93802,1043.94 18.34739,-33.93892,1043.94 18.34711,-33.93965,1043.94 18.34666,-33.94066,1051.56 18.34631,-33.94147,1051.56 18.34599,-33.94226,1051.56 18.34568,-33.943,1059.18 18.34538,-33.94377,1059.18 18.34504,-33.94455,1066.8 18.34465,-33.94556,1066.8 18.34431,-33.94645,1074.42 18.34391,-33.94733,1082.04 18.34351,-33.94827,1082.04 18.34316,-33.94901,1089.66 18.34263,-33.95018,1089.66 18.3423,-33.95097,1097.28 18.34105,-33.95357,1104.9 18.3407,-33.95432,1104.9 18.34027,-33.95544,1112.52 18.34002,-33.95613,1112.52 18.33944,-33.95739,1104.9 18.33904,-33.95851,1104.9 18.33865,-33.95943,1104.9 18.33825,-33.96025,1104.9 18.3379,-33.96102,1104.9 18.33747,-33.96204,1104.9 18.33702,-33.96286,1097.28 18.33657,-33.96387,1097.28 18.33618,-33.96461,1104.9 18.33567,-33.96568,1097.28 18.33523,-33.96652,1097.28 18.33469,-33.96759,1097.28 18.33332,-33.9705,1097.28 18.33282,-33.97147,1097.28 18.332,-33.97336,1104.9 18.33063,-33.97655,1104.9 18.32943,-33.9796,1104.9 18.32906,-33.98048,1104.9 18.32869,-33.98155,1104.9 18.32833,-33.98241,1104.9 18.32761,-33.98442,1104.9 18.32721,-33.98566,1112.52 18.32691,-33.98667,1112.52 18.32677,-33.98735,1112.52 18.32913,-34.0741,1021.08 18.32742,-34.07792,1028.7 18.37938,-34.29961,868.6800000000001 18.38337,-34.30132,853.44 18.3852,-34.30324,853.44 18.38543,-34.30662,853.44 18.38589,-34.30994,853.44 18.38774,-34.31244,853.44 18.38806,-34.31346,853.44 18.38819,-34.31464,845.82 18.38846,-34.31564,845.82 18.38908,-34.31636,845.82 18.38959,-34.31716,845.82 18.39012,-34.31801,845.82 18.39054,-34.31893,853.44 18.39065,-34.31994,853.44 18.39115,-34.32062,853.44 18.39378,-34.32006,861.0600000000001 18.39499,-34.32053,861.0600000000001 18.39539,-34.32137,861.0600000000001 18.39594,-34.32214,861.0600000000001 18.39726,-34.32142,861.0600000000001 18.39874,-34.32075,853.44 18.40034,-34.32076,853.44 18.40118,-34.32129,853.44 18.40132,-34.32389,845.82 18.40163,-34.3251,845.82 18.40249,-34.32526,845.82 18.40324,-34.32578,845.82 18.40415,-34.32691,853.44 18.40714,-34.32939,853.44 18.41011,-34.33186,861.0600000000001 18.41286,-34.33418,876.3000000000001 18.41488,-34.33585,876.3000000000001 18.41692,-34.33763,883.9200000000001 18.41892,-34.33935,883.9200000000001 18.42144,-34.34157,891.5400000000001 18.42368,-34.34344,883.9200000000001 18.42436,-34.34396,883.9200000000001 18.42508,-34.34445,883.9200000000001 18.42581,-34.34496,876.3000000000001 18.4267,-34.34559,876.3000000000001 18.42739,-34.34605,868.6800000000001 18.42828,-34.34669,861.0600000000001 18.42884,-34.34711,861.0600000000001 18.4299,-34.34793,861.0600000000001 18.43063,-34.34853,853.44 18.43147,-34.34921,853.44 18.43214,-34.34983,853.44 18.43293,-34.35049,853.44 18.43351,-34.35108,861.0600000000001 18.43426,-34.35178,861.0600000000001 18.43494,-34.35248,861.0600000000001 18.43552,-34.35308,861.0600000000001 18.43615,-34.35369,861.0600000000001 18.43672,-34.35429,861.0600000000001 18.43758,-34.35513,861.0600000000001 18.43815,-34.35579,861.0600000000001 18.43895,-34.35653,861.0600000000001 18.43949,-34.35713,861.0600000000001 18.44033,-34.35786,868.6800000000001 18.44107,-34.35858,868.6800000000001 18.4417,-34.35918,876.3000000000001 18.44244,-34.35988,876.3000000000001 18.44301,-34.36044,883.9200000000001 18.44369,-34.36111,891.5400000000001 18.44442,-34.36185,891.5400000000001 18.44507,-34.36249,899.1600000000001 18.44756,-34.36491,914.4000000000001 18.44975,-34.36693,922.0200000000001 18.4524,-34.36914,937.26 18.45303,-34.36966,937.26 18.45367,-34.37009,937.26 18.45451,-34.37073,937.26 18.4552,-34.37119,937.26 18.45606,-34.37175,937.26 18.45686,-34.37224,937.26 18.45772,-34.37278,929.6400000000001 18.45846,-34.37324,929.6400000000001 18.45916,-34.37366,929.6400000000001 18.46,-34.37411,929.6400000000001 18.46109,-34.37468,922.0200000000001 18.46191,-34.37517,922.0200000000001 18.46281,-34.37566,914.4000000000001 18.46361,-34.37613,914.4000000000001 18.46441,-34.37654,906.7800000000001 18.46527,-34.37701,906.7800000000001 18.46613,-34.37748,899.1600000000001 18.46706,-34.37801,899.1600000000001 18.46802,-34.37846,891.5400000000001 18.46899,-34.37892,883.9200000000001 18.46979,-34.37925,883.9200000000001 18.47071,-34.37957,876.3000000000001 18.47155,-34.37988,868.6800000000001 18.47256,-34.3802,861.0600000000001 18.47357,-34.38048,853.44 18.4746,-34.38069,853.44 18.47563,-34.38092,845.82 18.47637,-34.38103,838.2 18.47729,-34.38111,838.2 18.47832,-34.3812,830.58 18.47934,-34.38121,822.96 18.48021,-34.3812,815.34 18.48112,-34.3812,815.34 18.48198,-34.38116,807.72 18.48301,-34.38106,800.1 18.48405,-34.38098,792.48 18.48513,-34.38087,784.86 18.4859,-34.3808,784.86 18.48702,-34.38071,777.24 18.4878,-34.38066,777.24 18.48879,-34.38055,769.62 18.48953,-34.38046,769.62 18.49051,-34.38032,769.62 18.49119,-34.38022,762 18.49199,-34.38008,762 18.49274,-34.37994,762 18.49348,-34.37981,754.38 18.49403,-34.3797,754.38 18.49487,-34.37952,754.38 18.49532,-34.37943,754.38 18.49623,-34.37915,746.76 18.4968,-34.37897,746.76 18.49731,-34.37873,746.76 18.49783,-34.3785,746.76 18.49823,-34.37831,739.14 18.4988,-34.37813,739.14 18.49935,-34.37796,739.14 18.4998,-34.37787,739.14 18.50029,-34.37776,731.52 18.50069,-34.37762,731.52 18.50109,-34.37743,731.52 18.50142,-34.37718,723.9000000000001 18.50172,-34.37692,716.2800000000001 18.50199,-34.37654,708.6600000000001 18.5021,-34.37617,701.0400000000001 18.50224,-34.37566,693.4200000000001 18.50238,-34.37512,685.8000000000001 18.50241,-34.37445,678.1800000000001 18.50241,-34.37389,670.5600000000001 18.50241,-34.37333,662.94 18.50229,-34.37259,662.94 18.50204,-34.37183,655.32 18.50166,-34.3711,655.32 18.50138,-34.37064,647.7 18.50075,-34.36986,640.08 18.50029,-34.36938,640.08 18.49955,-34.36872,632.46 18.49892,-34.36831,624.84 18.498,-34.3678,617.22 18.49689,-34.36739,609.6 18.49593,-34.36711,609.6 18.49491,-34.36677,609.6 18.49375,-34.36633,601.98 18.49274,-34.36592,601.98 18.49159,-34.36547,601.98 18.49049,-34.36501,601.98 18.48919,-34.36449,594.36 18.48814,-34.36409,594.36 18.48633,-34.36356,594.36 18.48518,-34.36337,594.36 18.48381,-34.36342,594.36 18.48281,-34.36372,594.36 18.48204,-34.36426,594.36 18.48175,-34.36491,594.36 18.48181,-34.36547,586.74 18.48209,-34.36592,586.74 18.48261,-34.36654,579.12 18.4833,-34.36705,571.5 18.48392,-34.36737,563.88 18.48444,-34.36752,563.88 18.48545,-34.36784,548.64 18.48635,-34.36798,541.02 18.48713,-34.36812,533.4 18.48816,-34.36821,525.78 18.48881,-34.3683,518.1600000000001 18.48999,-34.36835,510.54 18.49125,-34.36835,495.3 18.4919,-34.36835,495.3 18.49319,-34.36826,480.06 18.49411,-34.36812,472.44 18.49514,-34.36798,464.82000000000005 18.4964,-34.36761,457.20000000000005 18.49754,-34.36714,449.58000000000004 18.49862,-34.36652,441.96000000000004 18.49974,-34.36574,434.34000000000003 18.50063,-34.36486,426.72 18.50137,-34.364,419.1 18.50201,-34.363,419.1 18.50258,-34.36188,419.1 18.50299,-34.36075,411.48 18.50333,-34.35938,411.48 18.50344,-34.3582,403.86 18.50339,-34.35667,403.86 18.50309,-34.35509,403.86 18.50258,-34.35355,396.24 18.50193,-34.35228,396.24 18.50138,-34.35136,388.62 18.50029,-34.34983,388.62 18.4992,-34.34843,381 18.49851,-34.34747,388.62 18.49756,-34.34605,388.62 18.49672,-34.34468,396.24 18.496,-34.3434,396.24 18.4952,-34.34201,403.86 18.49474,-34.34103,403.86 18.49391,-34.33946,411.48 18.49331,-34.33819,411.48 18.49274,-34.33694,419.1 18.49206,-34.33543,426.72 18.4915,-34.33401,434.34000000000003 18.49102,-34.33279,441.96000000000004 18.49055,-34.33159,441.96000000000004 18.4901,-34.33022,449.58000000000004 18.48959,-34.32878,457.20000000000005 18.48915,-34.32733,464.82000000000005 18.4887,-34.32596,464.82000000000005 18.48831,-34.32458,472.44 18.48792,-34.32326,472.44 18.48764,-34.32211,472.44 18.48742,-34.3211,480.06 18.48707,-34.31966,480.06 18.48685,-34.31831,487.68 18.48667,-34.31724,487.68 18.48646,-34.31584,487.68 18.48635,-34.3147,487.68 18.48618,-34.31355,487.68 18.4861,-34.31235,487.68 18.48598,-34.31096,487.68 18.4859,-34.30948,487.68 18.4859,-34.30806,487.68 18.48584,-34.30678,495.3 18.48587,-34.30569,495.3 18.48593,-34.30458,502.92 18.48595,-34.30334,502.92 18.48601,-34.30211,510.54 18.48612,-34.30064,510.54 18.48621,-34.29918,502.92 18.48627,-34.29792,510.54 18.48633,-34.29676,510.54 18.4864,-34.29533,502.92 18.48652,-34.29391,510.54 18.48661,-34.29261,510.54 18.48674,-34.2914,510.54 18.48684,-34.29015,510.54 18.48691,-34.28906,510.54 18.48764,-34.28358,525.78 18.48814,-34.27982,533.4 18.48893,-34.2746,548.64 18.4893,-34.27115,563.88 18.4897,-34.26701,579.12 18.48999,-34.26184,594.36 18.4901,-34.25949,601.98 18.49022,-34.25388,609.6 18.49022,-34.25276,609.6 18.49016,-34.25107,609.6 18.49005,-34.24983,609.6 18.48999,-34.24876,609.6 18.48982,-34.24718,617.22 18.48971,-34.24594,617.22 18.48959,-34.24476,617.22 18.48937,-34.24324,617.22 18.48921,-34.24182,617.22 18.48902,-34.24066,624.84 18.4887,-34.23889,624.84 18.48845,-34.23759,624.84 18.48822,-34.23661,632.46 18.4878,-34.23509,632.46 18.48747,-34.2339,640.08 18.48713,-34.23267,640.08 18.48661,-34.23116,640.08 18.48629,-34.23001,640.08 18.48587,-34.22874,632.46 18.48545,-34.22745,632.46 18.48495,-34.22594,624.84 18.48461,-34.22483,624.84 18.48427,-34.22358,624.84 18.4837,-34.22176,617.22 18.4833,-34.2205,617.22 18.48293,-34.21916,617.22 18.48255,-34.21794,609.6 18.48209,-34.21627,609.6 18.48175,-34.21495,609.6 18.48072,-34.21096,609.6 18.47917,-34.20525,617.22 18.47775,-34.20007,609.6 18.47666,-34.19579,601.98 18.47574,-34.19146,594.36 18.47502,-34.18744,579.12 18.4748,-34.1862,579.12 18.47452,-34.18497,571.5 18.47414,-34.18354,571.5 18.47363,-34.18191,563.88 18.47322,-34.18066,563.88 18.47267,-34.17902,556.26 18.47233,-34.17773,556.26 18.47197,-34.17623,563.88 18.47172,-34.17503,563.88 18.47151,-34.1739,563.88 18.47139,-34.1727,563.88 18.47121,-34.17119,563.88 18.47116,-34.17,563.88 18.47111,-34.16855,563.88 18.47105,-34.16739,563.88 18.4711,-34.16592,563.88 18.47111,-34.16446,556.26 18.47116,-34.16336,556.26 18.47122,-34.16231,556.26 18.47139,-34.16045,548.64 18.47149,-34.15938,548.64 18.47161,-34.15796,541.02 18.47168,-34.15687,541.02 18.47183,-34.15581,541.02 18.47208,-34.15426,533.4 18.47225,-34.15314,533.4 18.47245,-34.1521,533.4 18.47273,-34.15063,533.4 18.47301,-34.14958,533.4 18.47334,-34.14803,533.4 18.47357,-34.14714,533.4 18.47391,-34.1456,525.78 18.47424,-34.14459,525.78 18.47454,-34.14351,525.78 18.47483,-34.14244,525.78 18.4753,-34.14102,525.78 18.47557,-34.14016,525.78 18.47598,-34.13892,525.78 18.47643,-34.13768,525.78 18.47682,-34.13663,518.1600000000001 18.47729,-34.13531,525.78 18.47766,-34.13425,518.1600000000001 18.4782,-34.13285,525.78 18.4786,-34.13182,525.78 18.47895,-34.13094,525.78 18.47952,-34.12959,525.78 18.47998,-34.12828,525.78 18.48038,-34.12726,518.1600000000001 18.48083,-34.12577,518.1600000000001 18.48119,-34.12482,525.78 18.48153,-34.12344,525.78 18.48175,-34.12242,518.1600000000001 18.48204,-34.12098,518.1600000000001 18.48225,-34.11983,518.1600000000001 18.48244,-34.11846,518.1600000000001 18.48267,-34.11702,518.1600000000001 18.48276,-34.11598,510.54 18.48293,-34.11465,510.54 18.48301,-34.11353,510.54 18.4831,-34.11209,502.92 18.48312,-34.11059,502.92 18.48312,-34.10943,502.92 18.48312,-34.10855,495.3 18.48307,-34.10729,502.92 18.4831,-34.10582,502.92 18.48304,-34.10468,495.3 18.48301,-34.10347,495.3 18.48301,-34.10231,495.3 18.48293,-34.10088,495.3 18.48295,-34.09937,487.68 18.48289,-34.09821,487.68 18.48293,-34.09676,487.68 18.48289,-34.09542,495.3 18.48287,-34.09428,495.3 18.48281,-34.09286,495.3 18.48281,-34.0919,495.3 18.48276,-34.09035,502.92 18.48255,-34.08769,502.92 18.48227,-34.08383,495.3 18.48215,-34.08099,487.68 18.48215,-34.07991,487.68 18.48221,-34.07866,487.68 18.48227,-34.07722,487.68 18.48238,-34.07591,487.68 18.48249,-34.07447,487.68 18.48265,-34.07318,495.3 18.48272,-34.07205,495.3 18.48293,-34.07071,495.3 18.4831,-34.06938,495.3 18.4833,-34.06791,495.3 18.48343,-34.06664,495.3 18.48364,-34.06539,495.3 18.48377,-34.0643,487.68 18.48404,-34.06283,487.68 18.48415,-34.06176,487.68 18.48438,-34.06022,487.68 18.48455,-34.05906,487.68 18.48473,-34.0579,480.06 18.485,-34.05606,480.06 18.48564,-34.0518,480.06 18.48595,-34.04929,480.06 18.48612,-34.048,480.06 18.48639,-34.04523,487.68 18.4865,-34.04393,480.06 18.48657,-34.04297,480.06 18.48668,-34.04146,480.06 18.48673,-34.04039,480.06 18.4868,-34.03917,480.06 18.48684,-34.03774,480.06 18.48684,-34.03685,480.06 18.4869,-34.0356,480.06 18.4869,-34.03411,487.68 18.48685,-34.03281,487.68 18.48684,-34.03159,487.68 18.4868,-34.03038,487.68 18.48679,-34.02927,480.06 18.48674,-34.02768,480.06 18.48674,-34.02672,480.06 18.48668,-34.02232,472.44 18.48667,-34.01833,464.82000000000005 18.4868,-34.01321,449.58000000000004 18.4868,-34.00768,449.58000000000004 18.48667,-34.00208,434.34000000000003 18.48646,-33.99646,419.1 18.48627,-33.99231,411.48 18.48635,-33.98648,388.62 18.4864,-33.9852,388.62 18.4864,-33.98424,388.62 18.4865,-33.98267,381 18.48652,-33.98145,373.38 18.48661,-33.97992,373.38 18.48667,-33.97866,373.38 18.48667,-33.97722,373.38 18.48668,-33.97604,365.76 18.48663,-33.97462,365.76 18.48661,-33.97336,358.14000000000004 18.48656,-33.97178,358.14000000000004 18.48656,-33.97057,350.52000000000004 18.48652,-33.96904,342.90000000000003 18.48646,-33.96794,335.28000000000003 18.48644,-33.96642,327.66 18.4864,-33.96515,320.04 18.48629,-33.96373,320.04 18.48627,-33.96246,320.04 18.48618,-33.96135,320.04 18.48607,-33.96016,312.42 18.48595,-33.95879,312.42 18.48579,-33.9575,312.42 18.48564,-33.95618,312.42 18.48545,-33.95494,312.42 18.48524,-33.95353,312.42 18.48495,-33.9519,320.04 18.48467,-33.95064,320.04 18.48433,-33.94917,320.04 18.48405,-33.94789,312.42 18.48375,-33.94682,312.42 18.48338,-33.94537,320.04 18.48301,-33.94431,320.04 18.48261,-33.94296,312.42 18.48227,-33.94184,312.42 18.48175,-33.9404,320.04 18.48129,-33.93928,320.04 18.48085,-33.93814,320.04 18.48032,-33.93691,320.04 18.47985,-33.9359,320.04 18.47929,-33.93476,320.04 18.47878,-33.93379,312.42 18.47792,-33.9323,312.42 18.47727,-33.93123,304.8 18.4766,-33.93016,304.8 18.47581,-33.92899,304.8 18.47517,-33.92806,312.42 18.4742,-33.9268,304.8 18.47345,-33.92587,304.8 18.47265,-33.92494,304.8 18.47185,-33.92406,304.8 18.47082,-33.92299,304.8 18.46987,-33.92207,304.8 18.46886,-33.9212,304.8 18.46773,-33.9202,304.8 18.46684,-33.91946,304.8 18.46594,-33.91873,312.42 18.46521,-33.91819,304.8 18.46376,-33.91708,304.8 18.46252,-33.91617,304.8 18.46152,-33.91544,297.18 18.46046,-33.91461,304.8 18.45955,-33.91391,304.8 18.45835,-33.91302,297.18 18.45755,-33.91242,297.18 18.45652,-33.91163,297.18 18.45535,-33.91063,297.18 18.4544,-33.90972,289.56 18.45348,-33.90856,297.18 18.45268,-33.9073,297.18 18.45217,-33.90641,297.18 18.45159,-33.90514,289.56 18.45114,-33.90385,289.56 18.45081,-33.90289,289.56 18.4503,-33.90134,289.56 18.45011,-33.9006,289.56 18.4498,-33.89951,289.56 18.44936,-33.89832,297.18 18.44896,-33.89738,297.18 18.44839,-33.89631,289.56 18.44782,-33.89557,289.56 18.44722,-33.89493,289.56 18.44633,-33.89424,289.56 18.44564,-33.89384,289.56 18.44487,-33.8936,281.94 18.44381,-33.89343,281.94 18.4433,-33.89342,274.32 18.44227,-33.89347,266.7 18.4413,-33.89366,251.46 18.44061,-33.8938,243.84 18.43971,-33.89406,236.22 18.43901,-33.89431,228.60000000000002 18.43821,-33.89459,213.36 18.43764,-33.89479,205.74 18.43689,-33.8951,198.12 18.43624,-33.89539,182.88 18.43551,-33.89571,167.64000000000001 18.43494,-33.89594,160.02 18.43427,-33.8963,152.4 18.43369,-33.89664,137.16 18.43321,-33.89694,129.54000000000002 18.43266,-33.89734,114.30000000000001 18.4322,-33.89766,106.68 18.4317,-33.89804,99.06 18.43117,-33.8985,91.44 18.43077,-33.89883,91.44 18.43042,-33.8992,83.82000000000001 18.43013,-33.89955,76.2 18.42997,-33.89976,68.58 18.42962,-33.90004,60.96 18.42895,-33.90038,53.34 18.42854,-33.90046,45.72 18.42825,-33.90051,45.72 18.42796,-33.9006,38.1 18.42772,-33.9007,38.1 18.42751,-33.90074,22.86 18.42766,-33.90042,53.34 18.42751,-33.89948,53.34 18.42756,-33.89892,60.96 18.42768,-33.89841,60.96 18.42788,-33.89795,68.58 18.42822,-33.89745,76.2 18.4285,-33.89694,76.2 18.42888,-33.89641,83.82000000000001 18.42934,-33.89584,91.44 18.42985,-33.89525,91.44 18.43031,-33.89468,99.06 18.43069,-33.89424,106.68 18.43122,-33.89357,114.30000000000001 18.43175,-33.89291,121.92 18.43225,-33.89231,129.54000000000002 18.4327,-33.89168,137.16 18.43304,-33.89122,144.78 18.4336,-33.89044,160.02 18.43399,-33.88985,167.64000000000001 18.43444,-33.88925,167.64000000000001 18.43483,-33.88861,182.88 18.43534,-33.88775,190.5 18.43552,-33.88719,198.12 18.43579,-33.88637,205.74 18.43586,-33.88537,213.36 18.43586,-33.88467,220.98000000000002 18.43567,-33.8839,228.60000000000002 18.43546,-33.88319,228.60000000000002 18.43495,-33.88229,243.84 18.43444,-33.88165,251.46 18.43371,-33.88087,266.7 18.4331,-33.88037,266.7 18.43242,-33.87991,274.32 18.43158,-33.87941,281.94 18.43052,-33.87891,289.56 18.42974,-33.87858,297.18 18.429,-33.87827,304.8 18.42825,-33.87807,312.42 18.42722,-33.87778,320.04 18.42636,-33.8776,327.66 18.42553,-33.87744,335.28000000000003 18.4235,-33.87718,350.52000000000004 18.42245,-33.87712,358.14000000000004 18.42138,-33.87709,365.76 18.42048,-33.87703,373.38 18.41964,-33.87703,381 18.41875,-33.87708,381 18.41791,-33.87712,388.62 18.41673,-33.87717,396.24 18.41543,-33.87727,403.86 18.41457,-33.87737,411.48 18.41342,-33.87749,419.1 18.41251,-33.8776,426.72 18.41154,-33.87774,434.34000000000003 18.41045,-33.87797,441.96000000000004 18.4095,-33.87813,449.58000000000004 18.40843,-33.8784,457.20000000000005 18.40737,-33.87868,464.82000000000005 18.40651,-33.87895,472.44 18.40563,-33.87918,480.06 18.40468,-33.87955,487.68 18.40364,-33.87993,495.3 18.40288,-33.88023,502.92 18.40176,-33.88074,510.54 18.40081,-33.88115,510.54 18.40014,-33.88147,518.1600000000001 18.39919,-33.88197,525.78 18.39832,-33.88244,533.4 18.39764,-33.88281,541.02 18.39677,-33.8833,548.64 18.39593,-33.8838,556.26 18.39529,-33.88421,556.26 18.39453,-33.88467,563.88 18.39369,-33.88522,571.5 18.39291,-33.88568,579.12 18.39191,-33.88635,594.36 18.39123,-33.88682,594.36 18.39038,-33.88733,601.98 18.38957,-33.88789,609.6 18.38894,-33.88831,609.6 18.38802,-33.88891,617.22 18.38728,-33.88938,624.84 18.38646,-33.88994,624.84 18.38573,-33.89044,632.46 18.38316,-33.89217,647.7 18.38158,-33.89328,655.32 18.38053,-33.89403,670.5600000000001 18.37978,-33.89455,678.1800000000001 18.37887,-33.8952,685.8000000000001 18.37687,-33.89678,708.6600000000001 18.37609,-33.8974,708.6600000000001 18.37538,-33.89794,716.2800000000001 18.37463,-33.89859,723.9000000000001 18.37378,-33.89929,731.52 18.37292,-33.89999,731.52 18.37229,-33.9006,739.14 18.37166,-33.90115,746.76 18.37091,-33.90181,746.76 18.37026,-33.90244,754.38 18.36942,-33.90317,762 18.36857,-33.9039,769.62 18.36791,-33.90454,777.24 18.36731,-33.90506,777.24 18.36662,-33.90572,784.86 18.36578,-33.90656,784.86 18.3651,-33.9072,792.48 18.36438,-33.90797,792.48 18.36376,-33.90862,800.1 18.36296,-33.90944,800.1 18.36213,-33.91035,807.72 18.3614,-33.91113,807.72 18.36057,-33.91209,807.72 18.35989,-33.91283,807.72 18.35913,-33.91377,807.72 18.35855,-33.91447,807.72 18.35775,-33.91554,807.72 18.35715,-33.91635,807.72 18.35647,-33.91731,807.72 18.35591,-33.91809,815.34 18.35529,-33.91894,815.34 18.35462,-33.91992,822.96 18.35403,-33.92075,822.96 18.35333,-33.9218,822.96 18.35266,-33.9228,830.58 18.35233,-33.9234,830.58 18.3516,-33.92464,830.58 18.35115,-33.92546,830.58 18.3506,-33.92653,830.58 18.35014,-33.92743,830.58 18.34958,-33.92853,830.58 18.34906,-33.9296,830.58 18.34868,-33.9304,830.58 18.34812,-33.9315,830.58 18.34774,-33.93235,838.2 18.34722,-33.93352,838.2 18.34683,-33.93439,838.2 18.34631,-33.93556,838.2 18.34588,-33.93645,838.2 18.34549,-33.93727,845.82 18.34494,-33.93835,845.82 18.34448,-33.93947,845.82 18.34425,-33.94038,845.82 18.34414,-33.94124,845.82 18.3442,-33.94235,845.82 18.34448,-33.94319,845.82 18.34505,-33.94426,838.2 18.34582,-33.9451,830.58 18.34677,-33.9458,822.96 18.34803,-33.94631,822.96 18.34923,-33.94654,815.34 18.35031,-33.94652,815.34 18.35152,-33.94631,807.72 18.35266,-33.94588,800.1 18.35375,-33.94519,800.1 18.35457,-33.94455,784.86 18.35518,-33.94384,784.86 18.35602,-33.94281,769.62 18.35675,-33.94185,762 18.35731,-33.94102,754.38 18.35793,-33.94007,746.76 18.35855,-33.93909,739.14 18.35924,-33.93807,731.52 18.36,-33.9369,723.9000000000001 18.36062,-33.93594,723.9000000000001 18.36119,-33.93514,716.2800000000001 18.36199,-33.93393,716.2800000000001 18.36258,-33.93311,708.6600000000001 18.36331,-33.93196,701.0400000000001 18.36399,-33.93085,693.4200000000001 18.36451,-33.92992,693.4200000000001 18.36514,-33.92885,685.8000000000001 18.36565,-33.92792,678.1800000000001 18.36617,-33.92704,678.1800000000001 18.36684,-33.92587,670.5600000000001 18.36748,-33.92476,670.5600000000001 18.36805,-33.92382,662.94 18.36863,-33.92294,655.32 18.36942,-33.92184,655.32 18.3702,-33.92084,647.7 18.3708,-33.92001,640.08 18.37177,-33.9188,632.46 18.37262,-33.91786,632.46 18.37326,-33.91703,632.46 18.37412,-33.91605,632.46 18.37498,-33.91507,632.46 18.37572,-33.91419,624.84 18.37641,-33.9134,632.46 18.3771,-33.91264,632.46 18.37795,-33.91163,632.46 18.37884,-33.91058,632.46 18.3794,-33.90994,632.46 18.38035,-33.90884,632.46 18.38097,-33.90816,632.46 18.38181,-33.90724,624.84 18.38276,-33.90618,632.46 18.3836,-33.90523,624.84 18.38425,-33.90437,624.84 18.38495,-33.90358,617.22 18.38573,-33.90269,617.22 18.38657,-33.9017,609.6 18.38734,-33.90097,601.98 18.38825,-33.90009,594.36 18.38911,-33.89934,586.74 18.39022,-33.89845,579.12 18.39117,-33.89777,571.5 18.39209,-33.89715,563.88 18.39302,-33.89658,556.26 18.39414,-33.89589,548.64 18.39529,-33.89524,541.02 18.39643,-33.89468,533.4 18.39767,-33.8941,525.78 18.39861,-33.89366,518.1600000000001 18.39958,-33.89324,510.54 18.40092,-33.89273,502.92 18.40193,-33.89232,495.3 18.4029,-33.89198,495.3 18.40429,-33.89154,487.68 18.40535,-33.89122,487.68 18.40656,-33.89082,480.06 18.40793,-33.89044,480.06 18.40914,-33.89008,480.06 18.41034,-33.88976,480.06 18.41168,-33.88943,472.44 18.41253,-33.88921,472.44 18.41383,-33.88891,464.82000000000005 18.41488,-33.88866,464.82000000000005 18.41612,-33.88835,457.20000000000005 18.41715,-33.88817,457.20000000000005 18.41824,-33.88798,449.58000000000004 18.41936,-33.88783,449.58000000000004 18.42012,-33.8877,441.96000000000004 18.42133,-33.8876,441.96000000000004 18.42247,-33.88756,434.34000000000003 18.42361,-33.88756,426.72 18.42463,-33.8876,419.1 18.42556,-33.88765,411.48 18.42676,-33.88779,403.86 18.4276,-33.88797,403.86 18.42856,-33.8882,396.24 18.42928,-33.8884,388.62 18.42997,-33.88858,388.62 18.43088,-33.88896,381 18.43164,-33.88921,373.38 18.43226,-33.88953,358.14000000000004 18.43293,-33.88985,350.52000000000004 18.43349,-33.89017,342.90000000000003 18.43431,-33.89068,327.66 18.43489,-33.8911,312.42 18.43545,-33.89154,297.18 18.43596,-33.89195,289.56 18.43649,-33.8925,281.94 18.43696,-33.89296,266.7 18.43736,-33.89342,259.08000000000004 18.43775,-33.89399,251.46 18.43803,-33.89447,243.84 18.43837,-33.8952,228.60000000000002 18.43843,-33.89571,220.98000000000002 18.43842,-33.89621,213.36 18.43832,-33.89664,205.74 18.43809,-33.89717,190.5 18.43775,-33.89763,182.88 18.43741,-33.89795,175.26000000000002 18.43691,-33.89822,167.64000000000001 18.43615,-33.8985,160.02 18.43552,-33.89869,152.4 18.43478,-33.89877,144.78 18.43433,-33.89882,129.54000000000002 18.43363,-33.89892,121.92 18.43293,-33.899,114.30000000000001 18.43248,-33.89911,106.68 18.43197,-33.8992,99.06 18.43151,-33.89929,91.44 18.431,-33.89943,83.82000000000001 18.43037,-33.89967,76.2 18.4299,-33.89987,68.58 18.4294,-33.90005,60.96 18.42871,-33.90032,53.34 18.42844,-33.90042,53.34 18.42811,-33.90051,45.72 18.42791,-33.9006,45.72 18.42762,-33.90069,38.1 18.42751,-33.90022,45.72 18.42743,-33.89941,53.34 18.42762,-33.89887,53.34 18.42796,-33.89846,60.96 18.42828,-33.89822,68.58 18.42911,-33.89766,68.58 18.42962,-33.89735,76.2 18.43007,-33.89717,76.2 18.4308,-33.89685,83.82000000000001 18.43145,-33.89659,91.44 18.43214,-33.89635,106.68 18.43293,-33.89603,114.30000000000001 18.43349,-33.8958,121.92 18.43409,-33.89552,129.54000000000002 18.43483,-33.8952,137.16 18.43534,-33.89487,137.16 18.43596,-33.89447,144.78 18.43657,-33.89397,152.4 18.43712,-33.89333,160.02 18.43775,-33.8924,167.64000000000001 18.43809,-33.89163,182.88 18.43838,-33.89077,182.88 18.43853,-33.88989,190.5 18.43855,-33.88905,190.5 18.43838,-33.88798,198.12 18.43809,-33.88686,205.74 18.43769,-33.88586,205.74 18.43724,-33.88504,213.36 18.43663,-33.88408,213.36 18.43601,-33.8833,220.98000000000002 18.43534,-33.88258,228.60000000000002 18.43461,-33.88193,236.22 18.43369,-33.88118,236.22 18.43288,-33.88067,243.84 18.43208,-33.88016,251.46 18.43085,-33.8795,251.46 18.42991,-33.87904,259.08000000000004 18.42884,-33.87854,259.08000000000004 18.42813,-33.87825,259.08000000000004 18.42665,-33.87765,266.7 18.42562,-33.87727,274.32 18.42458,-33.87694,281.94 18.42339,-33.87658,289.56 18.42241,-33.87634,289.56 18.42144,-33.87611,289.56 18.4203,-33.87583,297.18 18.41909,-33.8756,297.18 18.41784,-33.87541,304.8 18.41681,-33.87523,312.42 18.41555,-33.87506,312.42 18.41429,-33.8749,320.04 18.4132,-33.87481,320.04 18.41213,-33.87474,327.66 18.41108,-33.87471,327.66 18.41,-33.87474,327.66 18.4086,-33.87483,327.66 18.40736,-33.87499,335.28000000000003 18.40645,-33.87518,335.28000000000003 18.40525,-33.8755,342.90000000000003 18.4044,-33.87589,350.52000000000004 18.40353,-33.87648,365.76 18.4029,-33.87713,381 18.40261,-33.87769,388.62 18.4025,-33.87839,403.86 18.40261,-33.879,419.1 18.40288,-33.8795,419.1 18.40344,-33.8801,426.72 18.40393,-33.88044,434.34000000000003 18.40462,-33.88083,434.34000000000003 18.40529,-33.88115,441.96000000000004 18.40611,-33.88156,449.58000000000004 18.40675,-33.88193,457.20000000000005 18.40737,-33.88252,464.82000000000005 18.40771,-33.88307,464.82000000000005 18.40793,-33.88376,480.06 18.40782,-33.88444,480.06 18.40759,-33.885,487.68 18.40714,-33.8855,487.68 18.40642,-33.886,495.3 18.40563,-33.88637,495.3 18.40468,-33.8866,502.92 18.40384,-33.88673,502.92 18.403,-33.88683,510.54 18.40171,-33.88696,510.54 18.40084,-33.887,510.54 18.3998,-33.88715,518.1600000000001 18.39902,-33.88724,525.78 18.39787,-33.88737,525.78 18.39655,-33.88756,533.4 18.39554,-33.88774,541.02 18.39489,-33.88789,541.02 18.39369,-33.88815,548.64 18.39246,-33.88843,548.64 18.39156,-33.8887,556.26 18.3906,-33.88896,563.88 18.38938,-33.88934,571.5 18.38842,-33.88966,571.5 18.38762,-33.88993,579.12 18.38654,-33.89031,586.74 18.38568,-33.89067,594.36 18.38465,-33.8911,601.98 18.38383,-33.89149,609.6 18.38299,-33.89189,624.84 18.38236,-33.89222,624.84 18.38139,-33.89273,632.46 18.38069,-33.8931,640.08 18.37985,-33.8936,647.7 18.37906,-33.89406,655.32 18.37818,-33.89468,662.94 18.37755,-33.89511,662.94 18.37698,-33.89557,670.5600000000001 18.37612,-33.89618,678.1800000000001 18.37549,-33.89669,678.1800000000001 18.37486,-33.89722,685.8000000000001 18.37413,-33.89777,693.4200000000001 18.37323,-33.89854,701.0400000000001 18.37262,-33.89909,701.0400000000001 18.37189,-33.89976,708.6600000000001 18.37121,-33.90033,708.6600000000001 18.37063,-33.90092,716.2800000000001 18.37004,-33.90147,716.2800000000001 18.36937,-33.90207,716.2800000000001 18.36858,-33.90285,716.2800000000001 18.36794,-33.90348,716.2800000000001 18.36729,-33.90413,716.2800000000001 18.36645,-33.905,723.9000000000001 18.36589,-33.90559,723.9000000000001 18.36499,-33.90651,731.52 18.36439,-33.90721,739.14 18.36393,-33.90772,746.76 18.3632,-33.90857,746.76 18.36267,-33.90926,746.76 18.36216,-33.90995,754.38 18.36164,-33.91065,754.38 18.36101,-33.91159,762 18.36057,-33.91223,762 18.35999,-33.91312,769.62 18.35953,-33.91382,777.24 18.35888,-33.91484,784.86 18.35843,-33.91557,792.48 18.35782,-33.91658,800.1 18.35741,-33.91731,800.1 18.35695,-33.91815,800.1 18.35655,-33.91889,807.72 18.35615,-33.91954,807.72 18.35569,-33.92043,815.34 18.3553,-33.92116,822.96 18.35479,-33.92212,822.96 18.35445,-33.9229,830.58 18.35403,-33.92373,830.58 18.35358,-33.92466,838.2 18.35311,-33.92564,838.2 18.35277,-33.92642,845.82 18.35238,-33.92734,845.82 18.35197,-33.92825,853.44 18.35163,-33.92908,861.0600000000001 18.35115,-33.93008,861.0600000000001 18.35077,-33.93104,868.6800000000001 18.35032,-33.93211,868.6800000000001 18.35003,-33.933,868.6800000000001 18.34974,-33.93393,876.3000000000001 18.3494,-33.93504,876.3000000000001 18.34907,-33.93613,883.9200000000001 18.34883,-33.93709,883.9200000000001 18.34848,-33.93812,883.9200000000001 18.34826,-33.939,891.5400000000001 18.34791,-33.94012,891.5400000000001 18.34768,-33.94096,899.1600000000001 18.34734,-33.94203,906.7800000000001 18.347,-33.94304,906.7800000000001 18.34672,-33.94386,914.4000000000001 18.34566,-33.94698,937.26 18.34465,-33.94976,944.88 18.34425,-33.95078,952.5 18.34386,-33.95164,952.5 18.34352,-33.95247,944.88 18.34299,-33.95353,944.88 18.34246,-33.95457,944.88 18.34201,-33.95554,952.5 18.34167,-33.95618,952.5 18.3411,-33.9573,952.5 18.34061,-33.95828,952.5 18.33999,-33.95938,952.5 18.33944,-33.96041,952.5 18.33887,-33.96153,952.5 18.33854,-33.96217,944.88 18.33792,-33.96332,944.88 18.33742,-33.96437,944.88 18.33534,-33.96831,952.5 18.33344,-33.97215,960.12 18.33187,-33.97536,960.12 18.33035,-33.97843,960.12 18.32886,-33.98132,967.74 18.32726,-33.98434,967.74 18.32514,-33.98811,967.74 18.32411,-33.98993,967.74 18.32346,-33.99097,967.74 18.32285,-33.99212,960.12 18.32239,-33.99295,960.12 18.3217,-33.99421,960.12 18.32127,-33.995,960.12 18.32062,-33.99617,967.74 18.32015,-33.99701,967.74 18.31953,-33.99797,967.74 18.31896,-33.99887,967.74 18.31827,-33.99989,967.74 18.31768,-34.00072,967.74 18.31712,-34.00154,967.74 18.31645,-34.00246,967.74 18.31593,-34.00324,975.36 18.31524,-34.00418,975.36 18.31467,-34.00506,982.98 18.31398,-34.00604,975.36 18.31343,-34.0069,975.36 18.31264,-34.00804,975.36 18.31197,-34.00909,975.36 18.31135,-34.01004,967.74 18.3106,-34.0112,975.36 18.31006,-34.01216,982.98 18.30967,-34.0128,982.98 18.309,-34.01405,982.98 18.30844,-34.01509,975.36 18.30803,-34.016,975.36 18.30757,-34.01688,975.36 18.30715,-34.01779,975.36 18.30675,-34.01866,975.36 18.30625,-34.01971,975.36 18.30591,-34.02052,975.36 18.30541,-34.02159,967.74 18.30507,-34.02246,967.74 18.30462,-34.02356,967.74 18.30429,-34.02448,960.12 18.30397,-34.02559,960.12 18.30368,-34.02666,960.12 18.30345,-34.02755,967.74 18.30328,-34.02848,967.74 18.30317,-34.02973,967.74 18.30305,-34.03079,967.74 18.303,-34.03189,967.74 18.30299,-34.03281,960.12 18.30305,-34.03395,960.12 18.30305,-34.03473,960.12 18.30317,-34.03601,960.12 18.30334,-34.03697,960.12 18.30362,-34.03835,960.12 18.30384,-34.03922,960.12 18.30408,-34.04016,960.12 18.30437,-34.04114,952.5 18.30474,-34.04228,952.5 18.30511,-34.04328,952.5 18.3054,-34.04412,944.88 18.30574,-34.04494,944.88 18.3062,-34.04593,944.88 18.30683,-34.04719,937.26 18.30734,-34.04807,929.6400000000001 18.30774,-34.04877,937.26 18.30826,-34.04961,929.6400000000001 18.30877,-34.05048,937.26 18.30933,-34.05135,929.6400000000001 18.30986,-34.05208,929.6400000000001 18.31032,-34.05273,929.6400000000001 18.31083,-34.05343,929.6400000000001 18.31141,-34.05431,937.26 18.31191,-34.05496,929.6400000000001 18.31236,-34.05565,929.6400000000001 18.31289,-34.05641,929.6400000000001 18.31348,-34.05725,929.6400000000001 18.31393,-34.05789,929.6400000000001 18.31438,-34.05855,929.6400000000001 18.31488,-34.05927,922.0200000000001 18.31541,-34.06004,922.0200000000001 18.31583,-34.06068,922.0200000000001 18.31645,-34.06165,914.4000000000001 18.31707,-34.06256,914.4000000000001 18.31752,-34.06329,906.7800000000001 18.31802,-34.06421,906.7800000000001 18.31864,-34.06522,899.1600000000001 18.31902,-34.0659,899.1600000000001 18.31953,-34.06679,891.5400000000001 18.32004,-34.06773,883.9200000000001 18.3206,-34.06888,876.3000000000001 18.32113,-34.06991,868.6800000000001 18.32161,-34.07094,861.0600000000001 18.32199,-34.07177,853.44 18.32239,-34.07256,853.44 18.32284,-34.07359,845.82 18.32325,-34.07461,838.2 18.32365,-34.07535,822.96 18.32405,-34.07615,822.96 18.32451,-34.07708,815.34 18.32503,-34.07794,815.34 18.32553,-34.07877,807.72 18.32598,-34.07954,800.1 18.32651,-34.0802,792.48 18.32703,-34.08084,792.48 18.3276,-34.08159,784.86 18.32828,-34.08224,777.24 18.32897,-34.08294,777.24 18.32957,-34.08353,769.62 18.33035,-34.08415,769.62 18.33097,-34.08472,762 18.3317,-34.08531,754.38 18.33231,-34.08582,746.76 18.33321,-34.08648,739.14 18.33394,-34.08701,731.52 18.33472,-34.08755,723.9000000000001 18.33549,-34.08806,723.9000000000001 18.33612,-34.08848,716.2800000000001 18.33725,-34.08916,701.0400000000001 18.33803,-34.08961,693.4200000000001 18.33881,-34.09007,685.8000000000001 18.33979,-34.09067,678.1800000000001 18.3405,-34.09108,678.1800000000001 18.34162,-34.09177,662.94 18.34248,-34.09225,655.32 18.34341,-34.09282,655.32 18.34425,-34.09332,655.32 18.34494,-34.09365,647.7 18.34585,-34.09416,647.7 18.34677,-34.09463,647.7 18.34763,-34.09505,640.08 18.3486,-34.09551,647.7 18.34947,-34.09589,640.08 18.35026,-34.09626,647.7 18.35112,-34.09663,640.08 18.35182,-34.09694,640.08 18.35266,-34.09731,640.08 18.35352,-34.09765,647.7 18.35434,-34.09799,640.08 18.35512,-34.0983,647.7 18.35598,-34.09863,640.08 18.35698,-34.099,647.7 18.35775,-34.09928,640.08 18.35861,-34.09961,640.08 18.35922,-34.09982,647.7 18.36016,-34.10017,647.7 18.36107,-34.10049,640.08 18.36182,-34.10077,640.08 18.36262,-34.10105,640.08 18.36342,-34.10133,640.08 18.3669,-34.10248,640.08 18.36942,-34.1033,640.08 18.37303,-34.10454,647.7 18.37566,-34.10547,655.32 18.37929,-34.10678,655.32 18.3817,-34.1077,655.32 18.38467,-34.10889,647.7 18.38725,-34.10985,655.32 18.39014,-34.11092,662.94 18.39117,-34.11131,670.5600000000001 18.39201,-34.11163,662.94 18.39291,-34.112,662.94 18.39363,-34.11227,662.94 18.39442,-34.11264,662.94 18.3954,-34.11306,662.94 18.39633,-34.11346,662.94 18.39711,-34.11378,662.94 18.3979,-34.11415,662.94 18.3989,-34.11452,670.5600000000001 18.39947,-34.11479,670.5600000000001 18.40042,-34.11516,670.5600000000001 18.40272,-34.11612,670.5600000000001 18.40508,-34.11711,670.5600000000001 18.40805,-34.11846,670.5600000000001 18.41107,-34.11987,685.8000000000001 18.41337,-34.12097,678.1800000000001 18.4164,-34.12237,678.1800000000001 18.41887,-34.12358,685.8000000000001 18.42166,-34.125,678.1800000000001 18.42334,-34.12582,670.5600000000001 18.4243,-34.12628,670.5600000000001 18.42503,-34.12665,678.1800000000001 18.42613,-34.12712,670.5600000000001 18.42715,-34.12756,662.94 18.42796,-34.12796,662.94 18.42894,-34.12838,662.94 18.42979,-34.1288,662.94 18.43063,-34.12917,662.94 18.43197,-34.12973,662.94 18.43283,-34.13005,662.94 18.43371,-34.1304,662.94 18.43472,-34.13072,662.94 18.43569,-34.13099,655.32 18.4368,-34.13118,655.32 18.43809,-34.13136,655.32 18.43884,-34.13145,655.32 18.44044,-34.1315,662.94 18.44152,-34.13145,655.32 18.44263,-34.13136,655.32 18.44387,-34.13112,655.32 18.44515,-34.13081,655.32 18.44622,-34.13047,655.32 18.44739,-34.13004,655.32 18.44856,-34.12954,655.32 18.44982,-34.12889,662.94 18.45092,-34.12825,662.94 18.45194,-34.12763,655.32 18.45314,-34.12689,655.32 18.454,-34.12633,655.32 18.45513,-34.1255,662.94 18.45602,-34.12491,662.94 18.45714,-34.12413,655.32 18.45806,-34.12354,662.94 18.45905,-34.12289,662.94 18.46001,-34.12223,662.94 18.46095,-34.12152,662.94 18.46202,-34.1207,662.94 18.46327,-34.11981,670.5600000000001 18.4643,-34.11897,662.94 18.46516,-34.11827,662.94 18.46607,-34.11749,662.94 18.4671,-34.1166,662.94 18.46824,-34.11548,662.94 18.46905,-34.1146,662.94 18.46987,-34.11369,662.94 18.47059,-34.11269,655.32 18.47132,-34.11168,655.32 18.47208,-34.11041,655.32 18.47265,-34.10934,647.7 18.47318,-34.1082,640.08 18.47362,-34.10706,640.08 18.47407,-34.10568,632.46 18.47441,-34.10449,624.84 18.47474,-34.10289,617.22 18.47497,-34.10179,609.6 18.47519,-34.10028,601.98 18.47536,-34.09877,601.98 18.47547,-34.09776,594.36 18.47558,-34.09612,586.74 18.47564,-34.09483,579.12 18.47574,-34.09323,571.5 18.47574,-34.09207,571.5 18.47575,-34.09044,563.88 18.47574,-34.08904,556.26 18.47575,-34.08778,548.64 18.4757,-34.08604,548.64 18.47569,-34.0848,541.02 18.47563,-34.08345,533.4 18.47557,-34.08183,525.78 18.47551,-34.08029,525.78 18.47547,-34.07872,518.1600000000001 18.47547,-34.07698,510.54 18.47546,-34.07531,510.54 18.4754,-34.07056,502.92 18.47536,-34.0648,487.68 18.47536,-34.06018,495.3 18.47542,-34.05602,487.68 18.47546,-34.05436,487.68 18.47546,-34.05305,487.68 18.47551,-34.05124,487.68 18.47557,-34.0497,487.68 18.47558,-34.0486,487.68 18.47557,-34.04696,487.68 18.47558,-34.04539,487.68 18.47557,-34.0443,487.68 18.47557,-34.04291,487.68 18.47558,-34.0416,487.68 18.47553,-34.03981,487.68 18.47553,-34.03844,487.68 18.47542,-34.03404,487.68 18.4753,-34.02974,480.06 18.47534,-34.02717,487.68 18.47528,-34.02578,487.68 18.47528,-34.02424,487.68 18.4753,-34.02296,487.68 18.4753,-34.02141,487.68 18.47536,-34.01971,487.68 18.47542,-34.01843,480.06 18.47546,-34.01693,472.44 18.47551,-34.01558,472.44 18.47557,-34.01442,464.82000000000005 18.47558,-34.01303,464.82000000000005 18.47563,-34.01167,464.82000000000005 18.4757,-34.01019,457.20000000000005 18.47574,-34.0086,457.20000000000005 18.47581,-34.00699,457.20000000000005 18.47586,-34.00576,457.20000000000005 18.47597,-34.00422,457.20000000000005 18.47609,-34.00282,457.20000000000005 18.4762,-34.00148,457.20000000000005 18.47643,-33.99836,449.58000000000004 18.47654,-33.99733,441.96000000000004 18.47665,-33.99573,441.96000000000004 18.47682,-33.99422,434.34000000000003 18.47694,-33.99286,426.72 18.47704,-33.9917,426.72 18.47717,-33.99039,426.72 18.47738,-33.98914,426.72 18.47757,-33.98751,426.72 18.47771,-33.98625,411.48 18.47788,-33.9847,411.48 18.47805,-33.98346,403.86 18.47822,-33.98222,403.86 18.47839,-33.98062,396.24 18.47861,-33.97943,396.24 18.47878,-33.97824,388.62 18.47895,-33.97668,388.62 18.47918,-33.97513,381 18.47935,-33.97401,388.62 18.47958,-33.97256,381 18.4799,-33.9711,388.62 18.48013,-33.96982,373.38 18.48032,-33.96856,373.38 18.48055,-33.96754,365.76 18.48074,-33.96606,358.14000000000004 18.48091,-33.96501,350.52000000000004 18.48113,-33.96346,342.90000000000003 18.48186,-33.95851,320.04 18.48225,-33.95462,320.04 18.48227,-33.95353,320.04 18.48231,-33.95229,320.04 18.48225,-33.9511,320.04 18.4822,-33.94949,320.04 18.48209,-33.94835,320.04 18.48192,-33.94715,312.42 18.48169,-33.94589,312.42 18.48146,-33.94477,312.42 18.48119,-33.94368,304.8 18.48078,-33.94226,304.8 18.48038,-33.94096,304.8 18.48003,-33.93984,304.8 18.47962,-33.93864,304.8 18.47912,-33.93732,297.18 18.47866,-33.93616,297.18 18.47822,-33.93517,297.18 18.47763,-33.93379,297.18 18.47699,-33.93246,297.18 18.47631,-33.93118,289.56 18.47574,-33.9302,289.56 18.47497,-33.92908,297.18 18.4742,-33.92792,297.18 18.47334,-33.92674,304.8 18.47265,-33.92583,297.18 18.47202,-33.92499,304.8 18.47093,-33.92377,297.18 18.47015,-33.92285,297.18 18.46916,-33.92178,297.18 18.4683,-33.92089,289.56 18.4674,-33.92001,297.18 18.46619,-33.91894,289.56 18.46521,-33.91805,281.94 18.46415,-33.91718,289.56 18.4632,-33.9164,289.56 18.4623,-33.91562,281.94 18.46135,-33.91484,281.94 18.46012,-33.91377,281.94 18.4591,-33.91292,274.32 18.45798,-33.91191,274.32 18.45709,-33.91109,266.7 18.45617,-33.91028,274.32 18.45507,-33.90921,266.7 18.45411,-33.90833,266.7 18.45311,-33.90733,266.7 18.4503,-33.90454,266.7 18.44925,-33.90343,266.7 18.44845,-33.90255,266.7 18.44761,-33.90157,266.7 18.44679,-33.90055,266.7 18.4461,-33.89967,266.7 18.44532,-33.89864,259.08000000000004 18.4447,-33.89786,259.08000000000004 18.44408,-33.89699,251.46 18.44353,-33.89631,251.46 18.44273,-33.89548,251.46 18.44179,-33.8947,243.84 18.44106,-33.8942,236.22 18.44027,-33.8938,228.60000000000002 18.43918,-33.89333,220.98000000000002 18.43821,-33.89305,213.36 18.43729,-33.89291,205.74 18.43649,-33.89287,198.12 18.43563,-33.89296,190.5 18.43472,-33.8932,182.88 18.43405,-33.89342,167.64000000000001 18.43346,-33.89366,160.02 18.43277,-33.89408,152.4 18.4322,-33.89447,144.78 18.43168,-33.89492,129.54000000000002 18.43119,-33.89534,121.92 18.43082,-33.89576,121.92 18.43035,-33.89616,114.30000000000001 18.4299,-33.89667,99.06 18.42939,-33.89715,91.44 18.42906,-33.89754,91.44 18.42871,-33.8979,83.82000000000001 18.42848,-33.89817,76.2 18.42808,-33.89864,68.58 18.42777,-33.89905,60.96 18.4276,-33.89932,60.96 18.42743,-33.8996,53.34 18.42728,-33.89985,53.34 18.4271,-33.90013,45.72 18.42688,-33.90055,45.72 18.42715,-33.90079,38.1 18.42738,-33.90074,38.1 18.42762,-33.90069,45.72 18.42878,-33.90083,53.34 18.4306,-33.90102,76.2 18.43191,-33.90106,99.06 18.43254,-33.90106,106.68 18.43315,-33.90102,121.92 18.43391,-33.90088,129.54000000000002 18.43466,-33.90069,137.16 18.43529,-33.90041,144.78 18.4362,-33.89999,152.4 18.4368,-33.89955,152.4 18.43747,-33.899,160.02 18.43814,-33.89822,167.64000000000001 18.43859,-33.89749,175.26000000000002 18.43889,-33.89659,182.88 18.43912,-33.89566,190.5 18.43918,-33.89459,198.12 18.43918,-33.89394,205.74 18.43904,-33.89268,213.36 18.43884,-33.89185,220.98000000000002 18.43855,-33.89101,228.60000000000002 18.43803,-33.88989,236.22 18.43713,-33.88843,243.84 18.43666,-33.88765,251.46 18.43596,-33.88664,259.08000000000004 18.43546,-33.88593,259.08000000000004 18.43472,-33.88495,274.32 18.43414,-33.88416,274.32 18.4334,-33.88333,289.56 18.4326,-33.88239,297.18 18.43198,-33.88174,297.18 18.43105,-33.88095,304.8 18.43013,-33.88014,320.04 18.42934,-33.8796,320.04 18.42831,-33.879,327.66 18.42733,-33.87844,335.28000000000003 18.42643,-33.87799,342.90000000000003 18.42531,-33.87749,350.52000000000004 18.42413,-33.87703,358.14000000000004 18.42321,-33.87672,365.76 18.42183,-33.87634,373.38 18.42087,-33.8762,381 18.41949,-33.87606,388.62 18.41824,-33.87598,403.86 18.41712,-33.87598,411.48 18.416,-33.87602,411.48 18.41475,-33.87611,426.72 18.4136,-33.8763,434.34000000000003 18.41263,-33.87643,441.96000000000004 18.41157,-33.87666,441.96000000000004 18.41062,-33.87685,449.58000000000004 18.4096,-33.87709,457.20000000000005 18.40843,-33.87744,457.20000000000005 18.40742,-33.87776,464.82000000000005 18.4063,-33.87813,480.06 18.40536,-33.87844,487.68 18.40433,-33.87886,502.92 18.40342,-33.87923,510.54 18.40227,-33.87968,525.78 18.40154,-33.88,533.4 18.40053,-33.88051,541.02 18.3997,-33.88091,548.64 18.39857,-33.88147,563.88 18.39787,-33.88188,571.5 18.39717,-33.88229,579.12 18.3961,-33.88293,594.36 18.3954,-33.88337,601.98 18.39449,-33.88398,609.6 18.39397,-33.8844,617.22 18.39313,-33.88499,624.84 18.39246,-33.8855,632.46 18.3918,-33.88602,640.08 18.39095,-33.88669,655.32 18.39031,-33.88719,655.32 18.38932,-33.88806,670.5600000000001 18.38854,-33.88873,678.1800000000001 18.38781,-33.88934,685.8000000000001 18.38713,-33.88994,693.4200000000001 18.3864,-33.89058,693.4200000000001 18.38556,-33.89136,701.0400000000001 18.38482,-33.89198,708.6600000000001 18.384,-33.89273,716.2800000000001 18.38327,-33.89333,716.2800000000001 18.38259,-33.89399,723.9000000000001 18.38196,-33.89455,731.52 18.38104,-33.89538,739.14 18.38041,-33.89603,739.14 18.37968,-33.89667,746.76 18.37887,-33.89748,754.38 18.37812,-33.89822,762 18.37727,-33.89911,769.62 18.3766,-33.89987,777.24 18.37601,-33.9006,784.86 18.37531,-33.90138,792.48 18.37475,-33.90211,792.48 18.37412,-33.90292,807.72 18.3736,-33.90372,815.34 18.37306,-33.9044,815.34 18.37252,-33.90516,822.96 18.37189,-33.9061,822.96 18.37138,-33.90683,830.58 18.37082,-33.90756,830.58 18.37017,-33.90856,838.2 18.36964,-33.9093,845.82 18.3692,-33.90994,845.82 18.36868,-33.91074,853.44 18.368,-33.91177,853.44 18.36605,-33.91447,876.3000000000001 18.36382,-33.91768,906.7800000000001 18.36174,-33.92079,929.6400000000001 18.35953,-33.9242,952.5 18.35743,-33.92734,967.74 18.3558,-33.92995,975.36 18.35541,-33.93059,975.36 18.35472,-33.93174,982.98 18.35417,-33.9326,982.98 18.35363,-33.93341,982.98 18.35295,-33.93453,982.98 18.35233,-33.93544,982.98 18.35169,-33.93639,982.98 18.351,-33.93742,982.98 18.35042,-33.93828,982.98 18.34991,-33.93915,990.6 18.3493,-33.94006,990.6 18.34863,-33.94116,990.6 18.34803,-33.94217,998.22 18.3474,-33.94324,1005.84 18.34688,-33.94408,1005.84 18.34633,-33.94505,1005.84 18.34577,-33.94601,1005.84 18.34526,-33.94698,1013.46 18.34402,-33.94915,1013.46 18.34291,-33.9511,1013.46 18.34133,-33.9539,1021.08 18.33954,-33.957,1021.08 18.33904,-33.9579,1021.08 18.33864,-33.95883,1028.7 18.3382,-33.95966,1028.7 18.33769,-33.96085,1028.7 18.33725,-33.96176,1028.7 18.3368,-33.96291,1028.7 18.33629,-33.96414,1021.08 18.33579,-33.96538,1021.08 18.33538,-33.96637,1013.46 18.33489,-33.96739,1005.84 18.33422,-33.96895,1005.84 18.33377,-33.96996,1005.84 18.33315,-33.97142,1005.84 18.33271,-33.97243,1005.84 18.33226,-33.97348,1005.84 18.33183,-33.97466,998.22 18.33147,-33.97568,998.22 18.33109,-33.97694,1005.84 18.3308,-33.97792,1005.84 18.3304,-33.97955,1005.84 18.33024,-33.98053,998.22 18.32994,-33.98188,998.22 18.32977,-33.98267,998.22 18.32954,-33.98407,1005.84 18.32934,-33.98511,1005.84 18.32914,-33.98644,1005.84 18.42733,-33.90102,60.96 18.42842,-33.90144,60.96 18.42922,-33.90176,76.2 18.42973,-33.90198,83.82000000000001 18.43029,-33.90216,91.44 18.43088,-33.90227,99.06 18.43142,-33.90234,106.68 18.43226,-33.90239,114.30000000000001 18.43276,-33.90239,121.92 18.43377,-33.90221,129.54000000000002 18.4345,-33.90202,137.16 18.43546,-33.90167,144.78 18.4364,-33.90111,152.4 18.43718,-33.9006,160.02 18.43797,-33.89992,167.64000000000001 18.43859,-33.89928,175.26000000000002 18.43918,-33.8985,190.5 18.43969,-33.89743,205.74 18.43998,-33.89659,213.36 18.44022,-33.89552,228.60000000000002 18.44027,-33.89459,236.22 18.44022,-33.89342,243.84 18.44005,-33.89236,251.46 18.43988,-33.89154,259.08000000000004 18.43954,-33.89063,266.7 18.43909,-33.88953,274.32 18.43866,-33.88863,281.94 18.43831,-33.88779,297.18 18.43769,-33.88672,297.18 18.43718,-33.88579,304.8 18.43657,-33.8849,312.42 18.43612,-33.88422,320.04 18.43523,-33.88298,327.66 18.43454,-33.88211,335.28000000000003 18.43374,-33.88118,342.90000000000003 18.433,-33.88044,350.52000000000004 18.43214,-33.87965,358.14000000000004 18.43122,-33.87886,365.76 18.43024,-33.87817,373.38 18.42906,-33.87749,381 18.42796,-33.87695,388.62 18.42699,-33.87653,388.62 18.42562,-33.87611,396.24 18.42452,-33.87589,403.86 18.42346,-33.87575,403.86 18.42213,-33.87564,411.48 18.42104,-33.87564,411.48 18.41972,-33.87574,419.1 18.41841,-33.87584,426.72 18.41707,-33.87602,426.72 18.41583,-33.87625,434.34000000000003 18.41475,-33.87648,441.96000000000004 18.41381,-33.87671,449.58000000000004 18.41263,-33.877,457.20000000000005 18.41166,-33.87727,464.82000000000005 18.41051,-33.87765,472.44 18.40948,-33.87802,480.06 18.40868,-33.8783,487.68 18.40737,-33.87881,495.3 18.40633,-33.87923,502.92 18.40552,-33.87955,502.92 18.40467,-33.87988,502.92 18.40344,-33.88037,510.54 18.40256,-33.88076,510.54 18.4017,-33.88114,510.54 18.4005,-33.88169,518.1600000000001 18.39986,-33.88202,518.1600000000001 18.39857,-33.88266,525.78 18.39762,-33.88316,533.4 18.39655,-33.8837,533.4 18.39571,-33.88412,541.02 18.39455,-33.88482,541.02 18.39363,-33.88533,541.02 18.39249,-33.88602,541.02 18.39156,-33.8866,533.4 18.39089,-33.88696,541.02 18.38982,-33.88765,541.02 18.38848,-33.88849,548.64 18.38751,-33.88919,556.26 18.38682,-33.88966,563.88 18.38573,-33.89044,571.5 18.38488,-33.8911,579.12 18.38405,-33.89177,579.12 18.38333,-33.89245,586.74 18.38259,-33.89305,594.36 18.3817,-33.89388,601.98 18.38087,-33.89459,609.6 18.38024,-33.8952,617.22 18.3794,-33.89607,624.84 18.37881,-33.89673,632.46 18.37801,-33.89762,632.46 18.37733,-33.89836,640.08 18.37671,-33.89905,647.7 18.37612,-33.89971,655.32 18.37543,-33.90051,655.32 18.3748,-33.90115,662.94 18.374,-33.90204,662.94 18.37329,-33.90276,670.5600000000001 18.37273,-33.9034,670.5600000000001 18.37194,-33.90417,678.1800000000001 18.3711,-33.90504,693.4200000000001 18.37057,-33.90562,701.0400000000001 18.36992,-33.90637,708.6600000000001 18.36914,-33.90721,716.2800000000001 18.36691,-33.90977,723.9000000000001 18.36617,-33.91063,731.52 18.36533,-33.91159,731.52 18.36309,-33.91438,739.14 18.36185,-33.91594,739.14 18.35913,-33.9194,746.76 18.35638,-33.92294,739.14 18.35415,-33.92569,739.14 18.35188,-33.92844,739.14 18.34935,-33.9315,746.76 18.3466,-33.93486,769.62 18.34448,-33.9375,769.62 18.3423,-33.94007,769.62 18.3407,-33.94203,769.62 18.33994,-33.94304,769.62 18.33915,-33.94405,762 18.33841,-33.94501,769.62 18.33769,-33.94597,769.62 18.33697,-33.94698,777.24 18.33618,-33.94798,777.24 18.33561,-33.94883,777.24 18.33495,-33.94972,784.86 18.33412,-33.95078,784.86 18.33355,-33.95155,784.86 18.33265,-33.95297,784.86 18.33229,-33.95395,784.86 18.33223,-33.95502,792.48 18.33258,-33.95613,807.72 18.33349,-33.95711,815.34 18.33435,-33.95758,815.34 18.33568,-33.95792,815.34 18.33685,-33.95801,815.34 18.33809,-33.95787,807.72 18.33916,-33.95767,800.1 18.34053,-33.9572,792.48 18.34184,-33.95663,800.1 18.3433,-33.95567,792.48 18.34396,-33.95511,792.48 18.34487,-33.95425,792.48 18.34599,-33.95302,784.86 18.34682,-33.95204,784.86 18.34756,-33.95114,777.24 18.34829,-33.95027,769.62 18.34896,-33.9494,769.62 18.34991,-33.94812,762 18.35066,-33.9472,754.38 18.3516,-33.94606,754.38 18.35226,-33.94519,746.76 18.35329,-33.94403,739.14 18.35409,-33.94315,739.14 18.35524,-33.9418,731.52 18.35602,-33.94084,716.2800000000001 18.3572,-33.93951,708.6600000000001 18.3581,-33.93846,701.0400000000001 18.35911,-33.93732,693.4200000000001 18.36,-33.93631,685.8000000000001 18.3609,-33.93533,685.8000000000001 18.36187,-33.93421,678.1800000000001 18.36273,-33.93323,670.5600000000001 18.36365,-33.93214,662.94 18.36443,-33.93127,662.94 18.36539,-33.93018,655.32 18.36611,-33.92931,655.32 18.36684,-33.92844,647.7 18.36774,-33.92738,647.7 18.36863,-33.92629,647.7 18.36931,-33.92546,647.7 18.37026,-33.92422,647.7 18.37086,-33.92341,655.32 18.37144,-33.92262,655.32 18.37212,-33.92173,655.32 18.37297,-33.92066,655.32 18.3736,-33.91982,662.94 18.37429,-33.91903,655.32 18.37503,-33.91809,655.32 18.3757,-33.91727,655.32 18.3766,-33.91621,655.32 18.37738,-33.91531,662.94 18.37812,-33.91442,662.94 18.37893,-33.91349,655.32 18.38046,-33.91159,655.32 18.38116,-33.91084,655.32 18.38198,-33.9099,647.7 18.3827,-33.90907,647.7 18.3836,-33.90802,640.08 18.38442,-33.90711,640.08 18.38522,-33.90623,640.08 18.38591,-33.90539,640.08 18.38648,-33.90474,640.08 18.38725,-33.9039,640.08 18.38814,-33.90294,632.46 18.38923,-33.90176,632.46 18.38994,-33.90102,624.84 18.39088,-33.90004,624.84 18.39151,-33.89943,624.84 18.39249,-33.89855,624.84 18.39336,-33.89781,624.84 18.39443,-33.89692,624.84 18.39543,-33.89612,617.22 18.39632,-33.89538,617.22 18.39739,-33.89461,609.6 18.39855,-33.8938,594.36 18.3993,-33.89323,586.74 18.4005,-33.8924,571.5 18.40137,-33.89182,556.26 18.4025,-33.8911,556.26 18.40347,-33.8905,548.64 18.40473,-33.8897,533.4 18.4057,-33.88914,518.1600000000001 18.40668,-33.88854,510.54 18.40793,-33.88788,495.3 18.40899,-33.88728,480.06 18.41006,-33.88673,464.82000000000005 18.41091,-33.88635,457.20000000000005 18.41208,-33.88596,441.96000000000004 18.41331,-33.88559,419.1 18.4144,-33.88533,403.86 18.41538,-33.88527,388.62 18.41651,-33.88527,373.38 18.41778,-33.88547,358.14000000000004 18.41863,-33.88568,350.52000000000004 18.41959,-33.88605,327.66 18.42024,-33.88644,320.04 18.42087,-33.88691,304.8 18.4215,-33.88756,281.94 18.42183,-33.88829,266.7 18.422,-33.88893,251.46 18.422,-33.88962,236.22 18.42201,-33.8905,213.36 18.42207,-33.89115,205.74 18.42228,-33.89204,190.5 18.42241,-33.89254,182.88 18.42273,-33.89319,167.64000000000001 18.42304,-33.89389,152.4 18.42329,-33.89438,144.78 18.42356,-33.89482,137.16 18.4239,-33.89529,137.16 18.42413,-33.89566,121.92 18.42447,-33.89612,114.30000000000001 18.42475,-33.89644,106.68 18.42503,-33.89685,99.06 18.42525,-33.89717,91.44 18.42556,-33.89757,91.44 18.42581,-33.8979,83.82000000000001 18.42613,-33.89827,76.2 18.42653,-33.89887,68.58 18.42676,-33.8992,60.96 18.42693,-33.89943,60.96 18.42705,-33.89967,60.96 18.4271,-33.8999,53.34 18.4271,-33.90018,53.34 18.42699,-33.90042,45.72 18.42699,-33.90074,45.72 18.42705,-33.90097,45.72</coordinates>
      </LineString>
    </Placemark>
  </Document>
</kml>
