<?xml version="1.0" encoding="UTF-8"?>
<kml xmlns="http://www.opengis.net/kml/2.2">
  <Document>
    <name>FR24 ZSHMB 3e0cca6d</name>
    <Placemark>
      <name>FR24 ZSHMB 3e0cca6d</name>
      <description><![CDATA[Source: ADS-B
Start (SAST): 2026-01-25 10:01:44
End (SAST): 2026-01-25 18:42:35
Points: 4627]]></description>
      <Style><LineStyle><color>ff0000ff</color><width>4</width></LineStyle></Style>
      <LineString>
        <tessellate>1</tessellate>
        <altitudeMode>absolute</altitudeMode>
        <coordinates>18.4276,-33.89905,45.72 18.42844,-33.89745,68.58 18.42923,-33.89626,76.2 18.42973,-33.89557,76.2 18.43013,-33.89497,76.2 18.4306,-33.89431,83.82000000000001 18.43117,-33.89347,91.44 18.43175,-33.89264,91.44 18.43237,-33.8918,99.06 18.43288,-33.8911,99.06 18.43357,-33.89008,106.68 18.4341,-33.88925,114.30000000000001 18.43472,-33.88834,114.30000000000001 18.43523,-33.88751,121.92 18.43562,-33.88683,121.92 18.43609,-33.88593,129.54000000000002 18.43632,-33.88509,129.54000000000002 18.4364,-33.88412,144.78 18.43632,-33.88342,152.4 18.43601,-33.88243,160.02 18.43556,-33.88174,175.26000000000002 18.43494,-33.881,182.88 18.43405,-33.88033,198.12 18.43317,-33.87988,198.12 18.43226,-33.87955,213.36 18.43114,-33.87923,220.98000000000002 18.42997,-33.87904,228.60000000000002 18.42884,-33.87891,236.22 18.42768,-33.87881,243.84 18.42682,-33.87872,251.46 18.42607,-33.87867,259.08000000000004 18.42497,-33.87863,266.7 18.4239,-33.87863,274.32 18.42281,-33.87867,289.56 18.42144,-33.87872,297.18 18.42041,-33.87881,304.8 18.41936,-33.87891,312.42 18.41796,-33.879,320.04 18.41707,-33.87909,327.66 18.416,-33.87918,335.28000000000003 18.41527,-33.87923,342.90000000000003 18.41131,-33.87979,373.38 18.41022,-33.87997,388.62 18.40922,-33.88019,396.24 18.40816,-33.88039,403.86 18.40737,-33.8806,411.48 18.40625,-33.88083,419.1 18.40541,-33.88106,426.72 18.40439,-33.88132,434.34000000000003 18.40328,-33.88161,441.96000000000004 18.40249,-33.88184,449.58000000000004 18.40164,-33.88211,457.20000000000005 18.40059,-33.88248,464.82000000000005 18.39986,-33.88275,472.44 18.3989,-33.88314,487.68 18.39812,-33.88348,495.3 18.39741,-33.88374,502.92 18.39655,-33.88417,510.54 18.39582,-33.88449,525.78 18.39504,-33.88486,533.4 18.3942,-33.88528,541.02 18.39346,-33.8857,548.64 18.39283,-33.88602,556.26 18.39226,-33.88644,563.88 18.39156,-33.88687,571.5 18.39071,-33.88747,586.74 18.3901,-33.88792,594.36 18.38949,-33.88838,601.98 18.38881,-33.88884,609.6 18.38831,-33.88924,617.22 18.38762,-33.88975,624.84 18.38711,-33.89017,632.46 18.38657,-33.89053,640.08 18.38596,-33.89099,647.7 18.38533,-33.89152,662.94 18.3847,-33.89198,670.5600000000001 18.38411,-33.8925,678.1800000000001 18.38339,-33.8931,685.8000000000001 18.38287,-33.89357,693.4200000000001 18.38231,-33.8941,701.0400000000001 18.38161,-33.89468,708.6600000000001 18.38091,-33.89539,716.2800000000001 18.38036,-33.89589,723.9000000000001 18.37973,-33.89653,731.52 18.37921,-33.89711,731.52 18.37873,-33.89763,739.14 18.37805,-33.89836,739.14 18.37744,-33.89905,739.14 18.37675,-33.8999,746.76 18.3762,-33.90047,746.76 18.37572,-33.90106,754.38 18.37498,-33.9019,762 18.37446,-33.90255,762 18.37372,-33.90339,762 18.37306,-33.90417,762 18.37257,-33.90488,762 18.37189,-33.90578,762 18.37133,-33.90651,762 18.37065,-33.90747,762 18.36994,-33.90837,762 18.36943,-33.90911,769.62 18.36886,-33.9099,769.62 18.36817,-33.91079,769.62 18.36771,-33.91135,769.62 18.36684,-33.91251,769.62 18.36617,-33.91338,769.62 18.36536,-33.91438,769.62 18.36477,-33.91516,769.62 18.36416,-33.91596,769.62 18.36359,-33.91676,777.24 18.36286,-33.91777,777.24 18.36073,-33.92052,769.62 18.35867,-33.92322,762 18.35658,-33.92606,754.38 18.35535,-33.92778,746.76 18.35484,-33.92862,746.76 18.35415,-33.9296,746.76 18.35356,-33.93059,746.76 18.35305,-33.93141,746.76 18.35238,-33.93251,739.14 18.35186,-33.93351,739.14 18.35135,-33.93444,731.52 18.35077,-33.93546,731.52 18.35014,-33.93654,731.52 18.34957,-33.9377,731.52 18.34906,-33.93872,739.14 18.3486,-33.93975,739.14 18.34812,-33.9408,739.14 18.34768,-33.94175,746.76 18.34728,-33.94268,746.76 18.34688,-33.9437,746.76 18.34648,-33.94463,754.38 18.34616,-33.94551,754.38 18.34582,-33.94624,754.38 18.34545,-33.94729,754.38 18.34504,-33.94853,754.38 18.34465,-33.94957,762 18.34414,-33.95087,762 18.34369,-33.95219,762 18.34248,-33.95562,754.38 18.34106,-33.96007,746.76 18.33961,-33.9647,746.76 18.33807,-33.96964,746.76 18.33674,-33.97444,746.76 18.33562,-33.97929,746.76 18.33472,-33.98415,746.76 18.334,-33.98795,746.76 18.33332,-33.99282,731.52 18.33275,-33.99696,731.52 18.33258,-33.9992,731.52 18.33254,-33.99994,731.52 18.33252,-34.00106,739.14 18.33248,-34.00209,731.52 18.33248,-34.00296,739.14 18.33254,-34.0041,739.14 18.33258,-34.00497,739.14 18.33265,-34.00589,731.52 18.33276,-34.00708,731.52 18.33293,-34.00818,739.14 18.33304,-34.00905,731.52 18.33315,-34.00995,731.52 18.33338,-34.01116,731.52 18.3336,-34.01216,731.52 18.33384,-34.01321,723.9000000000001 18.33395,-34.0139,723.9000000000001 18.33422,-34.01514,723.9000000000001 18.33439,-34.01601,723.9000000000001 18.33461,-34.01711,716.2800000000001 18.33489,-34.0182,716.2800000000001 18.33517,-34.0193,716.2800000000001 18.33544,-34.02028,708.6600000000001 18.33578,-34.0214,708.6600000000001 18.33601,-34.02219,701.0400000000001 18.33641,-34.02347,701.0400000000001 18.33675,-34.02443,701.0400000000001 18.3371,-34.02554,701.0400000000001 18.33744,-34.02652,701.0400000000001 18.33781,-34.02759,701.0400000000001 18.33813,-34.02852,701.0400000000001 18.33841,-34.02941,693.4200000000001 18.3387,-34.03038,693.4200000000001 18.33904,-34.03136,693.4200000000001 18.33933,-34.0322,685.8000000000001 18.33966,-34.03313,685.8000000000001 18.34024,-34.03509,685.8000000000001 18.3405,-34.03601,685.8000000000001 18.34083,-34.0372,685.8000000000001 18.3411,-34.0383,678.1800000000001 18.34134,-34.03926,685.8000000000001 18.34162,-34.04031,678.1800000000001 18.34185,-34.04151,685.8000000000001 18.34207,-34.04251,685.8000000000001 18.34229,-34.04384,693.4200000000001 18.34246,-34.04471,693.4200000000001 18.34259,-34.0457,693.4200000000001 18.34268,-34.04672,693.4200000000001 18.3428,-34.04778,693.4200000000001 18.34291,-34.04883,693.4200000000001 18.34302,-34.04993,685.8000000000001 18.34311,-34.05096,693.4200000000001 18.34316,-34.05198,685.8000000000001 18.34324,-34.05313,685.8000000000001 18.34324,-34.054,685.8000000000001 18.3433,-34.05492,685.8000000000001 18.34333,-34.05613,685.8000000000001 18.34336,-34.05711,685.8000000000001 18.34336,-34.05807,685.8000000000001 18.34333,-34.05911,685.8000000000001 18.3433,-34.06023,685.8000000000001 18.34328,-34.0612,685.8000000000001 18.34322,-34.06209,678.1800000000001 18.34316,-34.06325,678.1800000000001 18.34313,-34.06421,678.1800000000001 18.34308,-34.06531,678.1800000000001 18.34299,-34.0666,678.1800000000001 18.34296,-34.06755,678.1800000000001 18.34291,-34.06865,670.5600000000001 18.34274,-34.07066,670.5600000000001 18.3427,-34.07172,670.5600000000001 18.34257,-34.07497,662.94 18.34257,-34.07721,655.32 18.34259,-34.07833,647.7 18.34265,-34.07927,655.32 18.34268,-34.08046,655.32 18.34274,-34.08165,647.7 18.34285,-34.08257,647.7 18.34291,-34.08348,647.7 18.34299,-34.08462,640.08 18.34305,-34.08555,640.08 18.34316,-34.08662,632.46 18.3433,-34.08806,624.84 18.34339,-34.08927,624.84 18.34345,-34.09016,617.22 18.34351,-34.09113,609.6 18.34352,-34.09204,609.6 18.34362,-34.09318,601.98 18.34369,-34.09612,594.36 18.34369,-34.09712,586.74 18.34368,-34.09798,586.74 18.34362,-34.09882,579.12 18.34358,-34.10019,571.5 18.34356,-34.10114,563.88 18.34347,-34.10216,556.26 18.34341,-34.1033,548.64 18.34336,-34.10426,556.26 18.34322,-34.10519,556.26 18.34308,-34.10619,556.26 18.34293,-34.10715,556.26 18.34274,-34.1082,563.88 18.34253,-34.10906,563.88 18.34219,-34.11027,556.26 18.3419,-34.11127,548.64 18.3415,-34.11227,533.4 18.34116,-34.1132,533.4 18.34082,-34.1139,525.78 18.34039,-34.11479,518.1600000000001 18.33988,-34.11575,518.1600000000001 18.33939,-34.11655,510.54 18.33882,-34.11749,502.92 18.33809,-34.1185,502.92 18.33738,-34.11948,495.3 18.33693,-34.12014,502.92 18.33618,-34.12111,495.3 18.3354,-34.12202,502.92 18.33456,-34.12289,502.92 18.33355,-34.12391,495.3 18.33287,-34.12454,487.68 18.33183,-34.1254,480.06 18.33086,-34.12624,480.06 18.3299,-34.12697,487.68 18.32834,-34.12819,480.06 18.32731,-34.12898,480.06 18.32643,-34.12962,480.06 18.32525,-34.13049,480.06 18.32451,-34.13103,480.06 18.32336,-34.13187,480.06 18.32233,-34.13252,472.44 18.32133,-34.13329,464.82000000000005 18.32045,-34.13391,464.82000000000005 18.31953,-34.13461,464.82000000000005 18.31847,-34.13548,464.82000000000005 18.31753,-34.13629,457.20000000000005 18.31679,-34.13699,449.58000000000004 18.31606,-34.13777,441.96000000000004 18.31535,-34.13871,441.96000000000004 18.31478,-34.13964,441.96000000000004 18.31444,-34.14039,441.96000000000004 18.31398,-34.14178,434.34000000000003 18.31381,-34.14244,434.34000000000003 18.31359,-34.14441,426.72 18.31358,-34.14523,419.1 18.31359,-34.14619,419.1 18.31371,-34.14693,419.1 18.31387,-34.14798,419.1 18.31404,-34.14877,419.1 18.31426,-34.14944,419.1 18.31455,-34.15035,419.1 18.3149,-34.15105,426.72 18.31522,-34.15173,426.72 18.31564,-34.15258,426.72 18.31606,-34.15329,426.72 18.31656,-34.15412,426.72 18.31696,-34.15477,426.72 18.31735,-34.15535,426.72 18.31785,-34.15613,426.72 18.31833,-34.15677,434.34000000000003 18.31886,-34.15755,434.34000000000003 18.31942,-34.15833,426.72 18.31999,-34.15915,426.72 18.32039,-34.15971,426.72 18.32088,-34.16034,426.72 18.32133,-34.16098,426.72 18.32205,-34.16194,426.72 18.3225,-34.16258,434.34000000000003 18.32301,-34.16327,434.34000000000003 18.32368,-34.16414,434.34000000000003 18.32417,-34.16478,434.34000000000003 18.32469,-34.16556,434.34000000000003 18.32514,-34.16615,434.34000000000003 18.32564,-34.16684,434.34000000000003 18.32617,-34.16753,426.72 18.32671,-34.16817,434.34000000000003 18.32731,-34.16892,426.72 18.32777,-34.16949,426.72 18.32839,-34.17023,426.72 18.32897,-34.17097,426.72 18.33017,-34.17246,419.1 18.33086,-34.17335,419.1 18.33155,-34.17414,411.48 18.33226,-34.17499,411.48 18.33282,-34.17572,411.48 18.33461,-34.17787,403.86 18.33652,-34.18002,396.24 18.33773,-34.1813,403.86 18.33904,-34.18266,411.48 18.33961,-34.18322,411.48 18.3403,-34.18391,411.48 18.34093,-34.18452,411.48 18.34162,-34.18512,411.48 18.34235,-34.18579,411.48 18.34296,-34.18643,411.48 18.34362,-34.18708,419.1 18.34431,-34.18776,419.1 18.34481,-34.18831,419.1 18.34562,-34.18917,419.1 18.34625,-34.18983,426.72 18.34688,-34.19053,426.72 18.3475,-34.19124,426.72 18.34814,-34.19188,426.72 18.34866,-34.19243,426.72 18.34923,-34.19308,426.72 18.34991,-34.1938,426.72 18.35053,-34.19453,434.34000000000003 18.35109,-34.19518,434.34000000000003 18.35165,-34.19582,434.34000000000003 18.35272,-34.19714,441.96000000000004 18.35322,-34.19778,441.96000000000004 18.35381,-34.19853,441.96000000000004 18.35429,-34.19916,449.58000000000004 18.35478,-34.19983,449.58000000000004 18.35524,-34.20044,449.58000000000004 18.35574,-34.20122,457.20000000000005 18.35625,-34.20204,457.20000000000005 18.35678,-34.20281,457.20000000000005 18.35718,-34.20356,457.20000000000005 18.3577,-34.20444,457.20000000000005 18.3581,-34.20525,457.20000000000005 18.35855,-34.20616,457.20000000000005 18.35884,-34.20682,457.20000000000005 18.35918,-34.20752,457.20000000000005 18.35956,-34.20827,457.20000000000005 18.35999,-34.20924,457.20000000000005 18.36039,-34.21012,457.20000000000005 18.36079,-34.21101,457.20000000000005 18.36113,-34.21198,457.20000000000005 18.36142,-34.21278,457.20000000000005 18.36157,-34.21367,472.44 18.36174,-34.2144,472.44 18.36191,-34.21523,472.44 18.3621,-34.21594,480.06 18.36233,-34.21687,472.44 18.36258,-34.21761,472.44 18.36286,-34.21857,472.44 18.3632,-34.21948,472.44 18.36359,-34.22064,464.82000000000005 18.36393,-34.22157,464.82000000000005 18.36416,-34.22237,464.82000000000005 18.36471,-34.22369,464.82000000000005 18.36494,-34.22429,457.20000000000005 18.36536,-34.22535,457.20000000000005 18.36572,-34.22612,457.20000000000005 18.36611,-34.22713,457.20000000000005 18.36645,-34.22795,449.58000000000004 18.36667,-34.2285,449.58000000000004 18.36707,-34.22964,449.58000000000004 18.36737,-34.23046,441.96000000000004 18.3676,-34.23121,441.96000000000004 18.36788,-34.23209,441.96000000000004 18.36819,-34.23308,441.96000000000004 18.36841,-34.23386,434.34000000000003 18.36868,-34.23498,434.34000000000003 18.36885,-34.23587,434.34000000000003 18.36909,-34.23688,426.72 18.36925,-34.23775,434.34000000000003 18.36937,-34.23853,426.72 18.36948,-34.23949,434.34000000000003 18.36954,-34.24038,426.72 18.36964,-34.24136,426.72 18.36977,-34.24238,419.1 18.36987,-34.24315,419.1 18.37006,-34.24424,411.48 18.3702,-34.24498,411.48 18.37034,-34.24597,411.48 18.37051,-34.2469,403.86 18.37069,-34.24783,396.24 18.37091,-34.24881,396.24 18.37105,-34.24965,396.24 18.37133,-34.25075,396.24 18.37155,-34.25153,396.24 18.37183,-34.25258,396.24 18.372,-34.25336,396.24 18.37223,-34.25416,396.24 18.37252,-34.25514,388.62 18.37278,-34.25597,388.62 18.37303,-34.25691,381 18.37334,-34.25789,381 18.3736,-34.25872,381 18.37389,-34.2597,388.62 18.37413,-34.2605,388.62 18.3744,-34.26147,388.62 18.37521,-34.26422,388.62 18.37615,-34.26727,388.62 18.37688,-34.26933,381 18.37716,-34.27007,381 18.37749,-34.2708,388.62 18.37788,-34.27171,396.24 18.38837,-34.28856,358.14000000000004 18.39117,-34.29259,358.14000000000004 18.39289,-34.29499,365.76 18.39455,-34.29741,365.76 18.39598,-34.29983,365.76 18.39734,-34.30289,365.76 18.39798,-34.30425,365.76 18.3984,-34.30527,373.38 18.40417,-34.3152,396.24 18.40616,-34.31705,403.86 18.40885,-34.31924,396.24 18.40956,-34.31978,396.24 18.41045,-34.32047,396.24 18.41224,-34.32175,388.62 18.41303,-34.32227,388.62 18.41406,-34.32292,388.62 18.4148,-34.32343,388.62 18.41578,-34.32404,388.62 18.41669,-34.32459,388.62 18.41768,-34.32527,381 18.41858,-34.32581,381 18.41953,-34.32642,381 18.42052,-34.32697,373.38 18.42138,-34.32756,373.38 18.42224,-34.32813,373.38 18.42293,-34.3286,373.38 18.42361,-34.32911,373.38 18.42527,-34.33027,365.76 18.42592,-34.33072,373.38 18.42687,-34.33136,373.38 18.42779,-34.33195,373.38 18.42867,-34.3326,373.38 18.42962,-34.33324,373.38 18.43046,-34.33374,365.76 18.4313,-34.33424,365.76 18.43225,-34.33474,365.76 18.43321,-34.3353,358.14000000000004 18.43405,-34.33575,358.14000000000004 18.43517,-34.3363,350.52000000000004 18.43609,-34.33679,342.90000000000003 18.43696,-34.33722,342.90000000000003 18.43803,-34.33772,342.90000000000003 18.43887,-34.33813,342.90000000000003 18.43998,-34.33865,342.90000000000003 18.44089,-34.3391,342.90000000000003 18.44179,-34.33955,350.52000000000004 18.44268,-34.34001,350.52000000000004 18.44341,-34.34042,358.14000000000004 18.44431,-34.34097,358.14000000000004 18.44526,-34.34152,365.76 18.44593,-34.34198,365.76 18.44683,-34.34253,373.38 18.44756,-34.34303,381 18.44816,-34.34345,381 18.44902,-34.34405,388.62 18.4498,-34.34468,388.62 18.45042,-34.34514,396.24 18.45102,-34.34563,396.24 18.4516,-34.3461,403.86 18.45232,-34.34669,411.48 18.45288,-34.3472,419.1 18.45356,-34.34775,419.1 18.45428,-34.34839,426.72 18.45513,-34.34912,434.34000000000003 18.45552,-34.34949,434.34000000000003 18.45625,-34.35013,441.96000000000004 18.45697,-34.3508,441.96000000000004 18.45759,-34.35132,449.58000000000004 18.4581,-34.35182,449.58000000000004 18.45881,-34.35248,457.20000000000005 18.45955,-34.35313,457.20000000000005 18.46011,-34.35365,457.20000000000005 18.46095,-34.35439,464.82000000000005 18.46161,-34.3549,464.82000000000005 18.46236,-34.35548,464.82000000000005 18.4631,-34.35606,472.44 18.46384,-34.35662,472.44 18.46464,-34.35718,472.44 18.46539,-34.35769,480.06 18.46611,-34.35814,480.06 18.46678,-34.35855,480.06 18.4675,-34.35895,480.06 18.46853,-34.35946,487.68 18.46928,-34.35983,487.68 18.47036,-34.3603,487.68 18.47138,-34.3607,487.68 18.47225,-34.361,487.68 18.47351,-34.36139,487.68 18.47435,-34.36166,487.68 18.47536,-34.36194,487.68 18.47665,-34.36226,487.68 18.47757,-34.36244,480.06 18.47895,-34.36277,480.06 18.48009,-34.363,472.44 18.48106,-34.36323,472.44 18.48203,-34.36345,472.44 18.48312,-34.36365,472.44 18.48461,-34.36395,472.44 18.48604,-34.36416,472.44 18.48719,-34.36435,464.82000000000005 18.48822,-34.36449,464.82000000000005 18.48943,-34.36469,464.82000000000005 18.49038,-34.36487,464.82000000000005 18.49159,-34.36514,464.82000000000005 18.49274,-34.36537,472.44 18.49394,-34.36565,472.44 18.49485,-34.36589,472.44 18.49594,-34.36612,472.44 18.49677,-34.36633,472.44 18.49823,-34.36663,472.44 18.49918,-34.36688,472.44 18.50023,-34.3671,472.44 18.50114,-34.36729,472.44 18.50201,-34.36752,480.06 18.50533,-34.36831,480.06 18.50876,-34.36905,472.44 18.51118,-34.36935,472.44 18.51213,-34.36931,480.06 18.51334,-34.369,487.68 18.51448,-34.36844,495.3 18.51517,-34.36779,495.3 18.51583,-34.36702,510.54 18.51622,-34.36629,518.1600000000001 18.51656,-34.36551,533.4 18.51683,-34.36449,533.4 18.517,-34.36342,541.02 18.517,-34.36253,548.64 18.51688,-34.3617,563.88 18.51665,-34.36076,571.5 18.51631,-34.36002,579.12 18.5158,-34.35909,594.36 18.51534,-34.35844,609.6 18.51471,-34.35777,617.22 18.51404,-34.35727,624.84 18.51311,-34.35672,632.46 18.51213,-34.35634,640.08 18.51123,-34.35617,647.7 18.51011,-34.35617,655.32 18.50927,-34.35635,655.32 18.50853,-34.35658,655.32 18.5075,-34.35695,655.32 18.50676,-34.35737,655.32 18.50607,-34.35783,655.32 18.50541,-34.35837,662.94 18.50452,-34.35923,662.94 18.50395,-34.35988,662.94 18.50332,-34.36076,662.94 18.50281,-34.36151,662.94 18.50246,-34.36221,662.94 18.5021,-34.36313,662.94 18.50178,-34.36407,655.32 18.50155,-34.36491,655.32 18.50132,-34.36584,655.32 18.50121,-34.36677,662.94 18.50115,-34.36752,662.94 18.50126,-34.36848,670.5600000000001 18.50143,-34.36914,670.5600000000001 18.50183,-34.36998,678.1800000000001 18.5026,-34.37105,685.8000000000001 18.50327,-34.3716,685.8000000000001 18.50406,-34.3721,693.4200000000001 18.50484,-34.37242,693.4200000000001 18.50602,-34.3727,701.0400000000001 18.5071,-34.37273,701.0400000000001 18.50804,-34.3726,701.0400000000001 18.5091,-34.37224,708.6600000000001 18.50972,-34.37187,708.6600000000001 18.51056,-34.37123,716.2800000000001 18.51122,-34.37059,716.2800000000001 18.5118,-34.36977,716.2800000000001 18.51236,-34.36863,708.6600000000001 18.51265,-34.36789,708.6600000000001 18.51297,-34.36665,701.0400000000001 18.51316,-34.36556,701.0400000000001 18.51325,-34.36436,693.4200000000001 18.51328,-34.36333,693.4200000000001 18.51322,-34.36235,693.4200000000001 18.51311,-34.36105,693.4200000000001 18.51299,-34.36007,693.4200000000001 18.51282,-34.35862,693.4200000000001 18.51265,-34.35774,693.4200000000001 18.51242,-34.35648,693.4200000000001 18.51213,-34.35526,685.8000000000001 18.51185,-34.35425,685.8000000000001 18.51157,-34.35329,678.1800000000001 18.51112,-34.35178,678.1800000000001 18.51079,-34.35077,670.5600000000001 18.51039,-34.34958,670.5600000000001 18.51,-34.34839,670.5600000000001 18.50961,-34.3472,670.5600000000001 18.50922,-34.34615,662.94 18.50882,-34.34489,662.94 18.50836,-34.34373,662.94 18.50796,-34.34261,655.32 18.50748,-34.34129,647.7 18.5071,-34.34024,647.7 18.50664,-34.33905,640.08 18.50619,-34.33777,640.08 18.50591,-34.33694,640.08 18.5047,-34.33321,624.84 18.5043,-34.332,624.84 18.50395,-34.3309,624.84 18.50361,-34.32962,617.22 18.50327,-34.32851,617.22 18.50299,-34.32742,617.22 18.50204,-34.32399,617.22 18.50103,-34.3201,617.22 18.50012,-34.31687,617.22 18.49892,-34.3124,624.84 18.49777,-34.3083,632.46 18.49674,-34.30458,632.46 18.49588,-34.30124,632.46 18.49492,-34.29753,632.46 18.49408,-34.29414,632.46 18.49347,-34.29117,632.46 18.49279,-34.28721,632.46 18.49262,-34.28609,624.84 18.49245,-34.28503,624.84 18.49229,-34.28394,624.84 18.49216,-34.28265,617.22 18.49201,-34.28169,617.22 18.49188,-34.28037,609.6 18.49173,-34.27917,609.6 18.49162,-34.27835,609.6 18.49119,-34.27451,609.6 18.49072,-34.27089,609.6 18.49027,-34.26764,609.6 18.48982,-34.26412,601.98 18.48926,-34.26036,594.36 18.48873,-34.25663,594.36 18.48814,-34.25308,586.74 18.4873,-34.24928,579.12 18.48702,-34.24805,579.12 18.48674,-34.2469,571.5 18.48644,-34.24559,563.88 18.48618,-34.24438,563.88 18.48587,-34.24318,556.26 18.485,-34.23967,548.64 18.48427,-34.23729,548.64 18.48388,-34.23615,548.64 18.48347,-34.23507,548.64 18.48298,-34.23381,541.02 18.48253,-34.23257,541.02 18.48204,-34.2313,533.4 18.48147,-34.23001,533.4 18.48112,-34.22916,533.4 18.48063,-34.22809,525.78 18.48013,-34.22685,525.78 18.47968,-34.2258,525.78 18.47912,-34.22461,518.1600000000001 18.47855,-34.2233,518.1600000000001 18.47799,-34.22227,518.1600000000001 18.47749,-34.22113,518.1600000000001 18.47694,-34.22009,510.54 18.47649,-34.2192,510.54 18.47597,-34.21817,510.54 18.47547,-34.21715,510.54 18.47483,-34.2159,510.54 18.47435,-34.21486,502.92 18.47379,-34.21376,502.92 18.47317,-34.21254,510.54 18.47254,-34.21138,502.92 18.47214,-34.21059,502.92 18.47151,-34.20933,502.92 18.47099,-34.20835,502.92 18.47042,-34.20737,502.92 18.46991,-34.2064,495.3 18.46916,-34.20514,495.3 18.46841,-34.20374,495.3 18.46768,-34.20245,487.68 18.46722,-34.20151,495.3 18.46662,-34.20049,487.68 18.46594,-34.19925,487.68 18.46409,-34.19609,480.06 18.4635,-34.19509,487.68 18.46191,-34.19229,495.3 18.46138,-34.19146,495.3 18.46079,-34.19032,495.3 18.46017,-34.18913,495.3 18.45967,-34.18813,495.3 18.45921,-34.18726,495.3 18.4586,-34.18616,502.92 18.45818,-34.18521,502.92 18.45776,-34.18423,502.92 18.45737,-34.18336,510.54 18.45709,-34.18247,510.54 18.45663,-34.18121,510.54 18.45634,-34.18028,510.54 18.456,-34.17912,518.1600000000001 18.45574,-34.17824,510.54 18.45546,-34.17723,518.1600000000001 18.45514,-34.17591,518.1600000000001 18.45497,-34.17498,518.1600000000001 18.45474,-34.17395,518.1600000000001 18.45457,-34.17283,525.78 18.45434,-34.17178,525.78 18.45423,-34.17105,518.1600000000001 18.45406,-34.16991,518.1600000000001 18.45389,-34.16876,518.1600000000001 18.45377,-34.1678,525.78 18.45361,-34.16679,518.1600000000001 18.4535,-34.16556,525.78 18.45339,-34.16464,518.1600000000001 18.45333,-34.16368,518.1600000000001 18.4532,-34.16259,518.1600000000001 18.45311,-34.16135,518.1600000000001 18.453,-34.16039,518.1600000000001 18.45268,-34.15691,510.54 18.45245,-34.15379,502.92 18.45243,-34.1515,510.54 18.45243,-34.15041,510.54 18.45251,-34.14923,510.54 18.45255,-34.1483,510.54 18.45271,-34.14697,510.54 18.45294,-34.14597,518.1600000000001 18.45311,-34.14505,518.1600000000001 18.45339,-34.14395,518.1600000000001 18.45371,-34.14295,518.1600000000001 18.45411,-34.14178,518.1600000000001 18.45445,-34.14084,518.1600000000001 18.4548,-34.14011,518.1600000000001 18.45535,-34.13887,525.78 18.4558,-34.138,525.78 18.4563,-34.13718,525.78 18.45686,-34.13615,525.78 18.45731,-34.13544,525.78 18.45795,-34.13433,525.78 18.4584,-34.13364,533.4 18.45905,-34.13264,533.4 18.45972,-34.13164,525.78 18.46023,-34.13081,525.78 18.46079,-34.12999,525.78 18.46155,-34.1288,525.78 18.46218,-34.12782,525.78 18.4627,-34.12703,518.1600000000001 18.46487,-34.12381,518.1600000000001 18.4669,-34.12088,518.1600000000001 18.46802,-34.11921,525.78 18.46852,-34.11832,533.4 18.46916,-34.11725,525.78 18.46962,-34.11637,533.4 18.47015,-34.1153,541.02 18.47054,-34.11446,541.02 18.47099,-34.11329,541.02 18.47138,-34.11214,548.64 18.47162,-34.11115,548.64 18.47191,-34.10994,548.64 18.47217,-34.1087,556.26 18.47237,-34.10766,556.26 18.47254,-34.10673,563.88 18.47273,-34.10555,556.26 18.47289,-34.10431,563.88 18.47301,-34.10353,563.88 18.47311,-34.1024,563.88 18.47317,-34.10114,563.88 18.47318,-34.10019,556.26 18.47306,-34.09886,548.64 18.47294,-34.09793,548.64 18.47267,-34.09653,548.64 18.47248,-34.09551,548.64 18.47222,-34.09442,548.64 18.47191,-34.09337,548.64 18.47168,-34.09248,548.64 18.47132,-34.09145,541.02 18.47088,-34.09035,541.02 18.47048,-34.08937,541.02 18.46987,-34.08815,541.02 18.46919,-34.08691,541.02 18.46863,-34.086,533.4 18.46807,-34.08508,533.4 18.46727,-34.08397,533.4 18.46653,-34.08299,541.02 18.46589,-34.0822,533.4 18.46488,-34.08105,541.02 18.46413,-34.08024,541.02 18.4635,-34.0795,541.02 18.46252,-34.07854,541.02 18.46196,-34.07794,541.02 18.46098,-34.07698,541.02 18.46018,-34.07619,541.02 18.45943,-34.07545,541.02 18.45869,-34.0747,541.02 18.45793,-34.07382,541.02 18.45709,-34.07284,548.64 18.45625,-34.07185,533.4 18.45563,-34.07103,533.4 18.4549,-34.06998,533.4 18.45434,-34.06921,533.4 18.45371,-34.06823,541.02 18.45314,-34.06744,541.02 18.45245,-34.06637,541.02 18.45204,-34.06567,541.02 18.45142,-34.06465,541.02 18.45085,-34.06372,541.02 18.45025,-34.06265,541.02 18.44975,-34.0616,541.02 18.44925,-34.0606,541.02 18.44885,-34.05963,541.02 18.44845,-34.05869,541.02 18.4481,-34.05762,533.4 18.44778,-34.05666,525.78 18.44742,-34.05552,533.4 18.44713,-34.05455,533.4 18.44689,-34.05377,525.78 18.4465,-34.05259,533.4 18.44616,-34.05152,525.78 18.44587,-34.05059,525.78 18.44559,-34.04966,525.78 18.44532,-34.04869,525.78 18.44496,-34.04742,525.78 18.44467,-34.04631,525.78 18.44444,-34.04533,525.78 18.44427,-34.04421,533.4 18.44416,-34.04323,533.4 18.4441,-34.04226,525.78 18.44403,-34.04114,525.78 18.44403,-34.0399,525.78 18.44403,-34.03885,518.1600000000001 18.44403,-34.03807,518.1600000000001 18.44404,-34.03709,525.78 18.44416,-34.03592,518.1600000000001 18.44419,-34.03491,518.1600000000001 18.44433,-34.03378,518.1600000000001 18.44444,-34.03285,518.1600000000001 18.44456,-34.03169,518.1600000000001 18.44476,-34.03047,510.54 18.44492,-34.02937,510.54 18.44513,-34.02848,510.54 18.44532,-34.02727,502.92 18.44548,-34.02649,502.92 18.44564,-34.02526,510.54 18.44587,-34.02415,518.1600000000001 18.44604,-34.02315,510.54 18.44621,-34.02223,518.1600000000001 18.44644,-34.02104,518.1600000000001 18.44662,-34.02005,518.1600000000001 18.44683,-34.01907,518.1600000000001 18.44742,-34.01586,510.54 18.44799,-34.0127,510.54 18.44812,-34.01175,518.1600000000001 18.44828,-34.01051,510.54 18.44839,-34.00925,510.54 18.44845,-34.00837,510.54 18.44856,-34.0072,510.54 18.44868,-34.00604,510.54 18.44873,-34.00525,502.92 18.44885,-34.00394,502.92 18.44891,-34.00296,495.3 18.44902,-34.00199,495.3 18.44913,-34.00081,487.68 18.44925,-33.99961,495.3 18.44976,-33.99514,502.92 18.44997,-33.99408,502.92 18.45019,-33.99303,502.92 18.45045,-33.99189,510.54 18.4507,-33.99083,510.54 18.45102,-33.98956,502.92 18.45131,-33.98849,510.54 18.45165,-33.98732,510.54 18.45193,-33.98634,502.92 18.45215,-33.98538,502.92 18.45249,-33.98438,495.3 18.45277,-33.98323,495.3 18.45314,-33.98202,495.3 18.45344,-33.9809,487.68 18.45378,-33.97966,495.3 18.45406,-33.9787,487.68 18.45428,-33.97774,495.3 18.45463,-33.97676,495.3 18.45496,-33.97563,495.3 18.45524,-33.97467,495.3 18.45569,-33.97343,502.92 18.45602,-33.97224,502.92 18.45629,-33.97131,502.92 18.45658,-33.97023,502.92 18.45697,-33.96889,510.54 18.4572,-33.96791,518.1600000000001 18.45749,-33.96675,518.1600000000001 18.45772,-33.96558,518.1600000000001 18.45793,-33.9646,525.78 18.45818,-33.96335,533.4 18.45835,-33.96237,533.4 18.45852,-33.96144,533.4 18.4586,-33.96039,541.02 18.45871,-33.95934,541.02 18.45881,-33.95823,541.02 18.45881,-33.95739,548.64 18.45882,-33.95618,548.64 18.45881,-33.95497,548.64 18.45869,-33.95395,548.64 18.45858,-33.95287,548.64 18.45843,-33.95183,548.64 18.45815,-33.95045,541.02 18.45787,-33.94945,541.02 18.45759,-33.94844,533.4 18.4572,-33.9472,533.4 18.45686,-33.9462,525.78 18.45647,-33.94514,525.78 18.45606,-33.94398,518.1600000000001 18.45574,-33.94318,518.1600000000001 18.45529,-33.94217,518.1600000000001 18.4548,-33.94101,518.1600000000001 18.4544,-33.94007,510.54 18.45383,-33.93886,518.1600000000001 18.45333,-33.93796,518.1600000000001 18.45283,-33.9369,510.54 18.45243,-33.93604,510.54 18.45187,-33.93494,502.92 18.45148,-33.93411,495.3 18.45108,-33.93328,495.3 18.4507,-33.93246,487.68 18.45014,-33.93141,487.68 18.44975,-33.93059,480.06 18.44925,-33.9295,472.44 18.44879,-33.92867,464.82000000000005 18.44828,-33.92764,449.58000000000004 18.4479,-33.92693,441.96000000000004 18.44733,-33.92587,426.72 18.447,-33.92519,419.1 18.44666,-33.92455,411.48 18.44604,-33.92327,396.24 18.4457,-33.92243,381 18.44526,-33.92139,373.38 18.4449,-33.92052,365.76 18.44444,-33.91954,358.14000000000004 18.44403,-33.9185,342.90000000000003 18.44376,-33.91768,320.04 18.44347,-33.91661,312.42 18.44318,-33.91563,289.56 18.44301,-33.91475,281.94 18.44284,-33.91382,266.7 18.44274,-33.91296,251.46 18.44263,-33.91191,243.84 18.44257,-33.91118,236.22 18.44251,-33.9104,220.98000000000002 18.44255,-33.90949,205.74 18.44255,-33.90865,190.5 18.44255,-33.90772,182.88 18.44263,-33.90692,167.64000000000001 18.44263,-33.90605,152.4 18.44261,-33.90516,144.78 18.44255,-33.90427,137.16 18.44234,-33.90335,121.92 18.44212,-33.90276,121.92 18.44173,-33.90198,106.68 18.44112,-33.90129,99.06 18.4405,-33.90083,91.44 18.43964,-33.90046,83.82000000000001 18.43881,-33.90028,83.82000000000001 18.43809,-33.90022,83.82000000000001 18.43706,-33.90027,76.2 18.43374,-33.90078,53.34 18.43108,-33.90138,30.48 18.43018,-33.90161,22.86 18.42802,-33.90185,7.62 18.42756,-33.90162,7.62 18.42733,-33.90139,0 18.42716,-33.90111,7.62 18.42704,-33.90088,15.24 18.42699,-33.90065,15.24 18.42705,-33.90032,22.86 18.42716,-33.90009,30.48 18.42721,-33.89987,30.48 18.42738,-33.89955,38.1 18.42768,-33.89906,45.72 18.428,-33.89845,53.34 18.42831,-33.89799,60.96 18.42871,-33.89734,60.96 18.42912,-33.89671,68.58 18.42957,-33.89608,76.2 18.42996,-33.89539,83.82000000000001 18.43037,-33.89478,83.82000000000001 18.4308,-33.8942,91.44 18.43119,-33.89355,91.44 18.43157,-33.89291,99.06 18.43208,-33.89217,99.06 18.43248,-33.89159,99.06 18.43306,-33.89068,106.68 18.4336,-33.88976,114.30000000000001 18.43403,-33.8891,114.30000000000001 18.43443,-33.88831,121.92 18.43483,-33.8876,121.92 18.43517,-33.88692,129.54000000000002 18.43546,-33.88617,129.54000000000002 18.43557,-33.88528,137.16 18.43552,-33.88444,137.16 18.43523,-33.88346,144.78 18.43489,-33.88281,160.02 18.43431,-33.88216,160.02 18.4338,-33.88169,175.26000000000002 18.43288,-33.88109,182.88 18.43197,-33.88063,190.5 18.43117,-33.88039,198.12 18.43024,-33.88019,213.36 18.42945,-33.8801,220.98000000000002 18.42848,-33.88007,228.60000000000002 18.42751,-33.88007,243.84 18.42728,-33.88007,243.84 18.42547,-33.88023,266.7 18.42333,-33.88049,289.56 18.42233,-33.88065,297.18 18.42138,-33.88083,304.8 18.4206,-33.88097,312.42 18.41987,-33.8811,320.04 18.41891,-33.88129,327.66 18.41806,-33.88142,335.28000000000003 18.41663,-33.88169,350.52000000000004 18.41566,-33.88193,358.14000000000004 18.41469,-33.88216,365.76 18.41372,-33.88235,373.38 18.41269,-33.88263,381 18.41163,-33.88289,381 18.41068,-33.88314,381 18.40994,-33.88337,388.62 18.40902,-33.88365,388.62 18.40788,-33.88398,388.62 18.40703,-33.88426,396.24 18.40588,-33.88463,403.86 18.40485,-33.88499,411.48 18.40399,-33.88533,411.48 18.40294,-33.88568,419.1 18.40193,-33.88612,426.72 18.40118,-33.8864,434.34000000000003 18.40015,-33.88682,434.34000000000003 18.39941,-33.88714,441.96000000000004 18.39823,-33.88765,449.58000000000004 18.39739,-33.88802,449.58000000000004 18.39644,-33.88843,457.20000000000005 18.39569,-33.88877,464.82000000000005 18.39492,-33.88916,464.82000000000005 18.39403,-33.88956,472.44 18.39312,-33.89003,480.06 18.39207,-33.89053,480.06 18.39134,-33.8909,487.68 18.39043,-33.89133,487.68 18.38951,-33.89185,487.68 18.38893,-33.89214,495.3 18.38797,-33.89264,495.3 18.38719,-33.8931,495.3 18.38624,-33.89365,502.92 18.38528,-33.89417,502.92 18.38442,-33.89468,510.54 18.38366,-33.89516,510.54 18.38287,-33.89561,518.1600000000001 18.38203,-33.89616,518.1600000000001 18.38116,-33.89673,518.1600000000001 18.38035,-33.89726,525.78 18.37968,-33.89777,525.78 18.3787,-33.89846,525.78 18.3779,-33.89906,533.4 18.37698,-33.89976,533.4 18.37624,-33.90041,533.4 18.37564,-33.90092,541.02 18.37481,-33.90171,541.02 18.37418,-33.90232,548.64 18.37357,-33.90294,548.64 18.37297,-33.90353,556.26 18.37228,-33.90436,556.26 18.37177,-33.90495,556.26 18.37127,-33.90555,563.88 18.37054,-33.90637,563.88 18.37006,-33.90702,571.5 18.3696,-33.90763,571.5 18.36914,-33.90816,579.12 18.36858,-33.90894,586.74 18.36805,-33.90953,586.74 18.36752,-33.91031,594.36 18.36708,-33.91088,594.36 18.36667,-33.9115,601.98 18.36611,-33.91228,601.98 18.36561,-33.91306,609.6 18.36522,-33.91365,609.6 18.36471,-33.91438,617.22 18.36433,-33.91489,617.22 18.36388,-33.91573,624.84 18.36342,-33.91638,632.46 18.36308,-33.91703,640.08 18.36264,-33.91768,640.08 18.36225,-33.91841,647.7 18.36187,-33.91903,647.7 18.36152,-33.91969,655.32 18.36113,-33.92047,662.94 18.36079,-33.92103,662.94 18.3604,-33.9218,670.5600000000001 18.35995,-33.92262,678.1800000000001 18.35956,-33.9234,678.1800000000001 18.35928,-33.92395,678.1800000000001 18.35782,-33.92674,693.4200000000001 18.35658,-33.92921,708.6600000000001 18.35558,-33.93142,716.2800000000001 18.35479,-33.93306,723.9000000000001 18.35445,-33.93379,723.9000000000001 18.35401,-33.93475,723.9000000000001 18.35369,-33.93551,723.9000000000001 18.35333,-33.9364,723.9000000000001 18.353,-33.93728,723.9000000000001 18.35261,-33.93828,716.2800000000001 18.35233,-33.93906,716.2800000000001 18.35188,-33.94029,716.2800000000001 18.35154,-33.9413,708.6600000000001 18.35126,-33.94244,708.6600000000001 18.35104,-33.94327,701.0400000000001 18.35077,-33.94431,701.0400000000001 18.35043,-33.94543,693.4200000000001 18.35014,-33.94654,693.4200000000001 18.34997,-33.94739,685.8000000000001 18.34969,-33.94844,685.8000000000001 18.34947,-33.94931,685.8000000000001 18.34924,-33.95018,685.8000000000001 18.34896,-33.95137,678.1800000000001 18.34874,-33.95242,678.1800000000001 18.34848,-33.95343,678.1800000000001 18.34791,-33.95585,670.5600000000001 18.3474,-33.9579,670.5600000000001 18.34608,-33.9626,678.1800000000001 18.34538,-33.96474,678.1800000000001 18.34471,-33.96698,685.8000000000001 18.34339,-33.97112,708.6600000000001 18.34213,-33.9749,731.52 18.3407,-33.97894,746.76 18.33939,-33.98285,754.38 18.33803,-33.98708,762 18.3359,-33.99366,754.38 18.335,-33.99678,746.76 18.33487,-33.99761,746.76 18.33458,-33.99892,739.14 18.33441,-33.99994,739.14 18.33424,-34.00096,739.14 18.33412,-34.00185,739.14 18.334,-34.00305,731.52 18.33388,-34.00392,723.9000000000001 18.33378,-34.00506,723.9000000000001 18.33372,-34.00599,723.9000000000001 18.33372,-34.00687,723.9000000000001 18.33378,-34.00799,716.2800000000001 18.33383,-34.00905,723.9000000000001 18.33395,-34.00995,723.9000000000001 18.33412,-34.01093,723.9000000000001 18.33429,-34.01171,731.52 18.33452,-34.0126,739.14 18.33469,-34.0133,731.52 18.33506,-34.01445,731.52 18.33529,-34.01532,731.52 18.33561,-34.01623,723.9000000000001 18.33585,-34.01697,723.9000000000001 18.33624,-34.018,723.9000000000001 18.33657,-34.01898,723.9000000000001 18.33685,-34.01976,723.9000000000001 18.33727,-34.0207,723.9000000000001 18.33758,-34.0215,716.2800000000001 18.33796,-34.02238,723.9000000000001 18.33837,-34.02333,716.2800000000001 18.3387,-34.0241,716.2800000000001 18.33904,-34.02484,716.2800000000001 18.33949,-34.02585,716.2800000000001 18.33979,-34.02657,723.9000000000001 18.34016,-34.02754,723.9000000000001 18.34044,-34.02827,716.2800000000001 18.34083,-34.02919,716.2800000000001 18.34117,-34.03011,716.2800000000001 18.3415,-34.03099,716.2800000000001 18.34184,-34.03185,716.2800000000001 18.34212,-34.03262,716.2800000000001 18.34248,-34.03355,716.2800000000001 18.34274,-34.03427,716.2800000000001 18.34311,-34.03532,716.2800000000001 18.34419,-34.03816,701.0400000000001 18.34521,-34.041,701.0400000000001 18.3461,-34.04398,693.4200000000001 18.34644,-34.04512,685.8000000000001 18.34665,-34.04602,678.1800000000001 18.34678,-34.04691,678.1800000000001 18.347,-34.04803,678.1800000000001 18.34717,-34.0491,670.5600000000001 18.34734,-34.0502,670.5600000000001 18.34745,-34.05144,662.94 18.34751,-34.05222,655.32 18.34763,-34.05338,655.32 18.34768,-34.05445,647.7 18.34774,-34.05566,647.7 18.3478,-34.05687,632.46 18.34785,-34.05785,632.46 18.34785,-34.0592,624.84 18.3479,-34.06036,624.84 18.3479,-34.06151,617.22 18.34784,-34.06247,609.6 18.34785,-34.06376,609.6 18.34778,-34.06494,609.6 18.34767,-34.06604,609.6 18.34751,-34.0673,601.98 18.3474,-34.06837,594.36 18.34728,-34.06949,594.36 18.34717,-34.07051,586.74 18.347,-34.07167,579.12 18.34689,-34.07245,571.5 18.34666,-34.07364,563.88 18.34649,-34.07437,571.5 18.34631,-34.07535,571.5 18.34591,-34.07717,563.88 18.34566,-34.07808,556.26 18.34534,-34.07903,556.26 18.34499,-34.08006,556.26 18.34459,-34.08113,556.26 18.3442,-34.0822,556.26 18.34375,-34.08334,556.26 18.34339,-34.08434,548.64 18.34296,-34.08559,556.26 18.34268,-34.08641,556.26 18.34225,-34.08755,548.64 18.34196,-34.08834,556.26 18.34162,-34.08927,556.26 18.34123,-34.09012,556.26 18.341,-34.09085,556.26 18.34067,-34.09181,556.26 18.3405,-34.09273,548.64 18.34042,-34.09351,556.26 18.34044,-34.09442,548.64 18.34064,-34.09551,541.02 18.34087,-34.09635,533.4 18.34127,-34.09723,525.78 18.34184,-34.09813,518.1600000000001 18.3423,-34.09877,510.54 18.34296,-34.09959,502.92 18.34364,-34.10033,495.3 18.34448,-34.1011,480.06 18.34521,-34.10179,472.44 18.34602,-34.1024,472.44 18.34694,-34.10307,464.82000000000005 18.3479,-34.10367,464.82000000000005 18.34911,-34.10435,464.82000000000005 18.35014,-34.1049,464.82000000000005 18.35132,-34.1055,464.82000000000005 18.35216,-34.10587,464.82000000000005 18.35318,-34.10631,464.82000000000005 18.35417,-34.10669,464.82000000000005 18.35518,-34.10706,464.82000000000005 18.35602,-34.10733,464.82000000000005 18.35684,-34.10761,464.82000000000005 18.35776,-34.10793,464.82000000000005 18.35901,-34.10831,457.20000000000005 18.36006,-34.10861,457.20000000000005 18.36102,-34.10892,464.82000000000005 18.36168,-34.10916,464.82000000000005 18.36281,-34.10948,464.82000000000005 18.36365,-34.10976,464.82000000000005 18.36449,-34.11003,464.82000000000005 18.36561,-34.1104,464.82000000000005 18.36651,-34.11064,464.82000000000005 18.36765,-34.11101,480.06 18.37051,-34.1119,480.06 18.3736,-34.11287,487.68 18.37646,-34.1139,487.68 18.37917,-34.11488,480.06 18.38029,-34.1153,480.06 18.3813,-34.11566,480.06 18.38248,-34.11603,480.06 18.3836,-34.11644,487.68 18.38456,-34.11671,480.06 18.38579,-34.11717,487.68 18.38685,-34.11754,487.68 18.38785,-34.11781,487.68 18.38894,-34.11818,487.68 18.38963,-34.11846,487.68 18.39083,-34.11888,487.68 18.39167,-34.11919,487.68 18.39285,-34.1196,495.3 18.39392,-34.12,495.3 18.395,-34.12041,502.92 18.39593,-34.1207,495.3 18.39724,-34.12116,502.92 18.39821,-34.12149,502.92 18.39913,-34.12184,502.92 18.40014,-34.12216,502.92 18.40126,-34.12257,510.54 18.40239,-34.12293,510.54 18.40324,-34.12321,510.54 18.40434,-34.12363,518.1600000000001 18.40529,-34.12395,518.1600000000001 18.40633,-34.12432,518.1600000000001 18.40719,-34.12465,518.1600000000001 18.40805,-34.12498,518.1600000000001 18.40937,-34.12544,525.78 18.41039,-34.12582,525.78 18.4114,-34.12619,518.1600000000001 18.41234,-34.12656,518.1600000000001 18.41331,-34.12693,518.1600000000001 18.41423,-34.12726,518.1600000000001 18.41526,-34.12768,525.78 18.41628,-34.12807,525.78 18.41738,-34.12852,525.78 18.41835,-34.12889,525.78 18.41936,-34.12935,525.78 18.42054,-34.12981,525.78 18.42161,-34.13028,525.78 18.42273,-34.13077,525.78 18.42367,-34.13112,533.4 18.42476,-34.13159,525.78 18.42558,-34.13191,525.78 18.42676,-34.13237,525.78 18.4276,-34.13269,533.4 18.42871,-34.13313,525.78 18.42991,-34.13359,533.4 18.43063,-34.13388,525.78 18.43181,-34.13429,533.4 18.43306,-34.13461,525.78 18.4342,-34.1349,533.4 18.43551,-34.13507,525.78 18.43643,-34.13517,533.4 18.43781,-34.13522,525.78 18.43884,-34.13517,525.78 18.44021,-34.13508,525.78 18.44141,-34.1349,533.4 18.4424,-34.1347,533.4 18.44347,-34.13443,533.4 18.44459,-34.13411,533.4 18.44599,-34.13359,533.4 18.44702,-34.13313,533.4 18.44818,-34.13255,533.4 18.4493,-34.132,533.4 18.4503,-34.13145,525.78 18.45131,-34.13086,525.78 18.45222,-34.13028,525.78 18.45331,-34.12963,525.78 18.45423,-34.12898,525.78 18.45507,-34.12839,525.78 18.45613,-34.12761,525.78 18.4568,-34.12707,525.78 18.45782,-34.12628,525.78 18.45877,-34.1255,533.4 18.45955,-34.12486,533.4 18.46035,-34.12414,533.4 18.46109,-34.12344,533.4 18.46191,-34.12276,525.78 18.46286,-34.12184,533.4 18.4637,-34.12097,525.78 18.46443,-34.12024,533.4 18.46516,-34.11948,533.4 18.46594,-34.11868,541.02 18.46664,-34.11786,541.02 18.46729,-34.11713,548.64 18.46813,-34.11612,556.26 18.4687,-34.11539,563.88 18.46925,-34.11456,563.88 18.46973,-34.1138,571.5 18.4702,-34.11296,571.5 18.47076,-34.11177,571.5 18.47121,-34.11072,571.5 18.47151,-34.10985,571.5 18.47183,-34.10893,571.5 18.47214,-34.10794,571.5 18.47239,-34.10683,579.12 18.4726,-34.10566,586.74 18.47265,-34.10463,579.12 18.47265,-34.10347,571.5 18.47261,-34.10252,563.88 18.47245,-34.10152,556.26 18.47225,-34.10021,548.64 18.47205,-34.09914,548.64 18.47174,-34.09779,541.02 18.47149,-34.09703,541.02 18.47111,-34.09565,541.02 18.47071,-34.09435,541.02 18.47042,-34.09337,533.4 18.46998,-34.09209,533.4 18.46962,-34.09104,533.4 18.46928,-34.09007,533.4 18.46891,-34.08916,533.4 18.46842,-34.08797,533.4 18.46802,-34.08678,541.02 18.46757,-34.08563,541.02 18.4671,-34.08434,541.02 18.46676,-34.08331,541.02 18.46639,-34.08234,541.02 18.46611,-34.08142,541.02 18.46572,-34.08028,541.02 18.46544,-34.07936,533.4 18.46516,-34.07829,541.02 18.46487,-34.07708,541.02 18.46464,-34.07615,533.4 18.46437,-34.07515,533.4 18.46415,-34.07405,533.4 18.4639,-34.07307,541.02 18.46367,-34.07191,533.4 18.46344,-34.07088,541.02 18.46325,-34.06979,541.02 18.46304,-34.0686,541.02 18.46287,-34.06767,541.02 18.46269,-34.06654,541.02 18.46252,-34.06553,541.02 18.46236,-34.06435,541.02 18.46189,-34.06139,533.4 18.46161,-34.05929,541.02 18.46146,-34.05812,541.02 18.46138,-34.05715,541.02 18.46127,-34.05603,541.02 18.46124,-34.05505,548.64 18.46115,-34.05417,541.02 18.46107,-34.05299,548.64 18.46095,-34.05203,548.64 18.46087,-34.05087,548.64 18.46081,-34.05003,541.02 18.46069,-34.04868,548.64 18.46062,-34.04778,548.64 18.46056,-34.04663,541.02 18.46045,-34.04549,541.02 18.46045,-34.04462,548.64 18.46035,-34.04337,541.02 18.46028,-34.04031,541.02 18.46012,-34.03597,533.4 18.46006,-34.03215,533.4 18.46006,-34.0291,533.4 18.46006,-34.02548,525.78 18.46017,-34.02136,525.78 18.46018,-34.01823,525.78 18.46017,-34.0172,525.78 18.46012,-34.01595,525.78 18.46012,-34.01479,525.78 18.46006,-34.01372,525.78 18.46006,-34.0127,518.1600000000001 18.46006,-34.01175,518.1600000000001 18.46006,-34.01074,518.1600000000001 18.46006,-34.00946,525.78 18.46001,-34.00664,518.1600000000001 18.46001,-34.0032,518.1600000000001 18.46012,-33.9991,518.1600000000001 18.46023,-33.99591,510.54 18.46035,-33.99277,502.92 18.46041,-33.99142,502.92 18.46045,-33.99005,502.92 18.46045,-33.98909,502.92 18.46045,-33.98799,502.92 18.46041,-33.98681,502.92 18.46039,-33.98589,502.92 18.46035,-33.98444,502.92 18.46029,-33.98327,502.92 18.46029,-33.98253,502.92 18.46023,-33.98131,502.92 18.46012,-33.98029,510.54 18.46006,-33.97913,502.92 18.45995,-33.97815,502.92 18.45984,-33.97704,510.54 18.45978,-33.9762,510.54 18.45972,-33.97503,510.54 18.45972,-33.97392,518.1600000000001 18.45972,-33.97298,510.54 18.45972,-33.97188,518.1600000000001 18.45972,-33.97089,518.1600000000001 18.45972,-33.96973,518.1600000000001 18.45972,-33.9687,525.78 18.45972,-33.96777,510.54 18.45967,-33.96671,510.54 18.45961,-33.96526,510.54 18.45955,-33.96432,510.54 18.4595,-33.96332,510.54 18.45944,-33.96231,510.54 18.45938,-33.96107,518.1600000000001 18.45933,-33.96002,518.1600000000001 18.45927,-33.95883,518.1600000000001 18.45922,-33.95787,525.78 18.45909,-33.9566,525.78 18.45898,-33.95544,533.4 18.45888,-33.95448,525.78 18.45869,-33.95334,525.78 18.45846,-33.95218,518.1600000000001 18.45827,-33.95123,525.78 18.458,-33.95027,518.1600000000001 18.45766,-33.94915,510.54 18.45732,-33.94808,518.1600000000001 18.45698,-33.94707,510.54 18.45663,-33.94613,510.54 18.45608,-33.94487,502.92 18.45572,-33.94398,510.54 18.45518,-33.94267,495.3 18.45473,-33.94171,502.92 18.45428,-33.9408,502.92 18.45378,-33.93979,495.3 18.4532,-33.93872,495.3 18.45274,-33.93789,495.3 18.45228,-33.937,487.68 18.45176,-33.93617,480.06 18.45137,-33.93542,472.44 18.45068,-33.9343,472.44 18.4503,-33.93356,464.82000000000005 18.44982,-33.93281,457.20000000000005 18.44936,-33.93193,457.20000000000005 18.4489,-33.93109,441.96000000000004 18.44845,-33.93034,449.58000000000004 18.44805,-33.9295,449.58000000000004 18.44759,-33.92867,434.34000000000003 18.44713,-33.92792,426.72 18.44662,-33.92704,419.1 18.44621,-33.92628,411.48 18.4457,-33.92546,396.24 18.44515,-33.9245,388.62 18.44479,-33.92382,381 18.44433,-33.92308,373.38 18.4438,-33.92207,358.14000000000004 18.44341,-33.92136,350.52000000000004 18.44296,-33.92033,335.28000000000003 18.44268,-33.91969,327.66 18.44233,-33.91866,312.42 18.44212,-33.91791,312.42 18.44184,-33.91681,297.18 18.44164,-33.91582,289.56 18.44151,-33.91493,281.94 18.44141,-33.91405,274.32 18.44134,-33.91319,259.08000000000004 18.4413,-33.91209,251.46 18.44135,-33.9113,243.84 18.44141,-33.91051,236.22 18.44147,-33.90949,228.60000000000002 18.44162,-33.90871,228.60000000000002 18.4417,-33.908,220.98000000000002 18.44179,-33.90729,213.36 18.44201,-33.90633,205.74 18.44221,-33.90544,190.5 18.4424,-33.90459,182.88 18.4425,-33.90395,175.26000000000002 18.44244,-33.90311,167.64000000000001 18.44221,-33.90241,160.02 18.44193,-33.90195,144.78 18.44117,-33.90125,129.54000000000002 18.44044,-33.90078,114.30000000000001 18.43954,-33.90051,99.06 18.43876,-33.90038,99.06 18.43781,-33.90036,83.82000000000001 18.43708,-33.90038,76.2 18.43624,-33.90047,60.96 18.43534,-33.90056,53.34 18.43369,-33.90083,45.72 18.43311,-33.90092,45.72 18.42951,-33.9012,22.86 18.42872,-33.9012,15.24 18.42848,-33.9012,7.62 18.42825,-33.9012,7.62 18.42777,-33.90125,7.62 18.42756,-33.90125,7.62 18.42733,-33.90129,7.62 18.42721,-33.90106,7.62 18.42699,-33.90083,15.24 18.42699,-33.9006,22.86 18.42704,-33.90028,30.48 18.42716,-33.89999,38.1 18.42732,-33.89964,38.1 18.42755,-33.89923,45.72 18.42773,-33.89883,53.34 18.42811,-33.89813,60.96 18.42839,-33.89767,68.58 18.42878,-33.89703,68.58 18.42912,-33.89648,76.2 18.42951,-33.89585,83.82000000000001 18.43008,-33.89501,83.82000000000001 18.43052,-33.89429,91.44 18.43105,-33.89357,99.06 18.43163,-33.89273,99.06 18.43214,-33.89195,106.68 18.4326,-33.89124,106.68 18.4331,-33.89053,106.68 18.43371,-33.88953,106.68 18.4342,-33.88882,106.68 18.43472,-33.88803,106.68 18.43512,-33.88733,106.68 18.43562,-33.88646,114.30000000000001 18.43603,-33.88551,114.30000000000001 18.43624,-33.88472,114.30000000000001 18.43626,-33.88379,129.54000000000002 18.43607,-33.88293,137.16 18.43584,-33.88239,137.16 18.43506,-33.88137,152.4 18.43439,-33.88078,160.02 18.43349,-33.88028,167.64000000000001 18.43266,-33.87997,175.26000000000002 18.43175,-33.87978,175.26000000000002 18.43077,-33.87965,182.88 18.43008,-33.8796,190.5 18.42911,-33.87955,198.12 18.42836,-33.87955,205.74 18.42813,-33.87955,213.36 18.42503,-33.87964,243.84 18.42396,-33.87968,259.08000000000004 18.4229,-33.87973,266.7 18.42205,-33.87978,274.32 18.42064,-33.87993,289.56 18.4178,-33.88028,327.66 18.41686,-33.88044,335.28000000000003 18.41611,-33.88055,350.52000000000004 18.41538,-33.88065,358.14000000000004 18.41452,-33.88081,365.76 18.4136,-33.881,373.38 18.41269,-33.8812,381 18.41174,-33.88142,396.24 18.41074,-33.88165,403.86 18.40995,-33.88188,411.48 18.40919,-33.88207,419.1 18.40851,-33.8823,426.72 18.40754,-33.88258,434.34000000000003 18.40698,-33.88275,441.96000000000004 18.40605,-33.88309,449.58000000000004 18.40553,-33.88333,457.20000000000005 18.40462,-33.88365,464.82000000000005 18.40401,-33.88394,472.44 18.40305,-33.88431,480.06 18.40221,-33.88467,487.68 18.4013,-33.88505,495.3 18.40061,-33.88533,502.92 18.3997,-33.8857,510.54 18.3989,-33.88605,518.1600000000001 18.39818,-33.88637,518.1600000000001 18.39729,-33.88672,525.78 18.39644,-33.88715,533.4 18.39563,-33.88752,541.02 18.39481,-33.88792,541.02 18.39319,-33.88875,556.26 18.39226,-33.88924,563.88 18.39156,-33.88966,563.88 18.39088,-33.89003,571.5 18.3902,-33.89045,579.12 18.3894,-33.89096,579.12 18.3886,-33.89143,586.74 18.38792,-33.89186,594.36 18.38728,-33.89231,601.98 18.38665,-33.89268,609.6 18.38596,-33.89314,617.22 18.38517,-33.89369,624.84 18.38453,-33.89408,632.46 18.38379,-33.89459,632.46 18.38315,-33.89502,640.08 18.38243,-33.89552,647.7 18.38181,-33.89589,647.7 18.38102,-33.89639,655.32 18.38024,-33.89692,662.94 18.37967,-33.89734,670.5600000000001 18.37895,-33.89781,678.1800000000001 18.3783,-33.89822,678.1800000000001 18.37761,-33.89877,685.8000000000001 18.37688,-33.89932,685.8000000000001 18.37612,-33.8999,693.4200000000001 18.37549,-33.90032,701.0400000000001 18.37334,-33.90202,716.2800000000001 18.37273,-33.90253,716.2800000000001 18.372,-33.90316,723.9000000000001 18.37149,-33.90358,723.9000000000001 18.37077,-33.90417,731.52 18.37,-33.90488,731.52 18.36925,-33.90555,731.52 18.36869,-33.90614,731.52 18.368,-33.90688,731.52 18.3674,-33.90747,739.14 18.36685,-33.90805,739.14 18.36628,-33.9087,746.76 18.36559,-33.90953,746.76 18.36496,-33.91019,746.76 18.36445,-33.91084,746.76 18.36393,-33.91154,746.76 18.36348,-33.91219,746.76 18.36279,-33.91307,746.76 18.36225,-33.91383,739.14 18.36176,-33.91452,739.14 18.36118,-33.91548,739.14 18.36056,-33.91638,739.14 18.36004,-33.91717,731.52 18.35961,-33.91791,731.52 18.35907,-33.9188,731.52 18.35861,-33.91959,731.52 18.35815,-33.92038,731.52 18.35759,-33.92143,731.52 18.3572,-33.92212,731.52 18.35678,-33.92299,731.52 18.35632,-33.92382,731.52 18.35591,-33.92468,731.52 18.35552,-33.92564,731.52 18.35513,-33.92651,731.52 18.35468,-33.92757,731.52 18.35432,-33.92857,731.52 18.35395,-33.92949,731.52 18.35361,-33.9304,731.52 18.35322,-33.93141,723.9000000000001 18.35294,-33.93224,723.9000000000001 18.35255,-33.93324,723.9000000000001 18.35226,-33.93421,716.2800000000001 18.35192,-33.93514,716.2800000000001 18.3516,-33.93626,708.6600000000001 18.3512,-33.93764,708.6600000000001 18.35092,-33.93851,708.6600000000001 18.3507,-33.93938,708.6600000000001 18.35037,-33.94035,701.0400000000001 18.35003,-33.94165,701.0400000000001 18.34974,-33.94277,708.6600000000001 18.34946,-33.9438,708.6600000000001 18.34929,-33.94459,716.2800000000001 18.34896,-33.94565,716.2800000000001 18.34874,-33.94643,723.9000000000001 18.3484,-33.94762,723.9000000000001 18.34808,-33.94868,723.9000000000001 18.34722,-33.95183,723.9000000000001 18.34694,-33.95278,716.2800000000001 18.34671,-33.9538,716.2800000000001 18.34599,-33.95668,716.2800000000001 18.34582,-33.9575,708.6600000000001 18.34551,-33.96163,701.0400000000001 18.3461,-33.964,701.0400000000001 18.34734,-33.96634,701.0400000000001 18.34923,-33.96805,701.0400000000001 18.35724,-33.96889,693.4200000000001 18.35976,-33.96772,693.4200000000001 18.36164,-33.966,693.4200000000001 18.36247,-33.96492,701.0400000000001 18.3629,-33.96409,701.0400000000001 18.36331,-33.96313,708.6600000000001 18.36359,-33.96237,708.6600000000001 18.36393,-33.9613,701.0400000000001 18.36411,-33.96046,693.4200000000001 18.36433,-33.95939,693.4200000000001 18.36443,-33.95865,685.8000000000001 18.36462,-33.95739,685.8000000000001 18.36466,-33.95663,685.8000000000001 18.36477,-33.95549,685.8000000000001 18.36482,-33.95453,685.8000000000001 18.36482,-33.95361,685.8000000000001 18.36485,-33.9525,685.8000000000001 18.36485,-33.95162,678.1800000000001 18.36482,-33.95073,685.8000000000001 18.36479,-33.9498,685.8000000000001 18.36479,-33.94901,685.8000000000001 18.36473,-33.94785,685.8000000000001 18.36471,-33.94675,685.8000000000001 18.3646,-33.94569,678.1800000000001 18.36456,-33.94487,678.1800000000001 18.36449,-33.94354,678.1800000000001 18.36454,-33.94267,678.1800000000001 18.3646,-33.94167,670.5600000000001 18.36477,-33.94075,670.5600000000001 18.36494,-33.93993,662.94 18.36519,-33.93858,655.32 18.3655,-33.93741,647.7 18.36583,-33.93613,632.46 18.36611,-33.93523,632.46 18.36645,-33.93398,617.22 18.3669,-33.93279,609.6 18.36742,-33.93142,609.6 18.36782,-33.93039,609.6 18.36845,-33.92913,601.98 18.36892,-33.92821,601.98 18.36937,-33.92736,601.98 18.36992,-33.92638,601.98 18.3706,-33.92528,601.98 18.37109,-33.92443,601.98 18.37166,-33.92354,594.36 18.37223,-33.92266,594.36 18.37295,-33.92166,586.74 18.37362,-33.92065,586.74 18.37418,-33.91991,586.74 18.37492,-33.91898,586.74 18.37553,-33.91814,586.74 18.37632,-33.91722,579.12 18.37715,-33.91619,579.12 18.3779,-33.91526,579.12 18.37856,-33.91452,571.5 18.37938,-33.91359,571.5 18.38013,-33.91273,571.5 18.38086,-33.91196,571.5 18.38173,-33.91098,563.88 18.38242,-33.91028,563.88 18.38327,-33.90935,563.88 18.38402,-33.90856,556.26 18.38476,-33.90772,556.26 18.38568,-33.90674,556.26 18.38646,-33.90591,556.26 18.38725,-33.90514,556.26 18.38814,-33.90423,556.26 18.38894,-33.90348,556.26 18.38977,-33.90271,556.26 18.3906,-33.9019,556.26 18.39134,-33.9012,548.64 18.39235,-33.90038,548.64 18.39308,-33.89973,548.64 18.39397,-33.899,548.64 18.39478,-33.89832,541.02 18.39592,-33.89743,541.02 18.39678,-33.89678,541.02 18.39784,-33.89603,533.4 18.3989,-33.89529,525.78 18.39991,-33.8947,518.1600000000001 18.40098,-33.89406,510.54 18.40215,-33.89342,502.92 18.40307,-33.89291,495.3 18.40433,-33.89227,487.68 18.40541,-33.89172,480.06 18.40647,-33.89122,472.44 18.40765,-33.89073,464.82000000000005 18.40891,-33.89022,457.20000000000005 18.41,-33.88976,449.58000000000004 18.41124,-33.88934,449.58000000000004 18.41228,-33.88896,449.58000000000004 18.41331,-33.88863,449.58000000000004 18.41438,-33.88834,449.58000000000004 18.41532,-33.88807,449.58000000000004 18.41658,-33.88775,449.58000000000004 18.41761,-33.88752,449.58000000000004 18.41886,-33.88724,441.96000000000004 18.41987,-33.88701,441.96000000000004 18.4211,-33.88673,434.34000000000003 18.4223,-33.88649,434.34000000000003 18.42333,-33.88631,426.72 18.42442,-33.88617,426.72 18.4257,-33.88605,419.1 18.42676,-33.88607,419.1 18.42779,-33.88612,411.48 18.42906,-33.88623,403.86 18.43018,-33.88641,396.24 18.43128,-33.88663,381 18.43225,-33.88691,373.38 18.43351,-33.88733,358.14000000000004 18.43433,-33.8877,350.52000000000004 18.43539,-33.88815,335.28000000000003 18.43612,-33.88857,327.66 18.43713,-33.88916,312.42 18.43792,-33.88975,297.18 18.43861,-33.89031,281.94 18.43935,-33.89101,274.32 18.43987,-33.89161,259.08000000000004 18.44038,-33.89236,251.46 18.44078,-33.89314,236.22 18.44106,-33.89397,220.98000000000002 18.44118,-33.89473,213.36 18.44112,-33.89561,190.5 18.44089,-33.89653,175.26000000000002 18.44038,-33.89745,160.02 18.43987,-33.89817,137.16 18.43904,-33.89891,129.54000000000002 18.43838,-33.89939,106.68 18.43746,-33.89985,99.06 18.43712,-33.89999,91.44 18.43539,-33.90047,60.96 18.43181,-33.90097,38.1 18.43054,-33.90115,30.48 18.43024,-33.90115,22.86 18.42962,-33.9012,22.86 18.42922,-33.90125,15.24 18.42889,-33.90125,15.24 18.4285,-33.90129,7.62 18.42785,-33.90125,7.62 18.42755,-33.90125,7.62 18.42733,-33.90106,15.24 18.4271,-33.90064,15.24 18.4271,-33.90038,22.86 18.42733,-33.89994,22.86 18.42745,-33.89971,22.86 18.42766,-33.89951,22.86 18.42794,-33.89928,30.48 18.42833,-33.899,30.48 18.42859,-33.89883,30.48 18.429,-33.8985,38.1 18.42973,-33.89795,38.1 18.43002,-33.89771,38.1 18.4306,-33.8972,45.72 18.43119,-33.89667,45.72 18.43191,-33.89599,53.34 18.43288,-33.89506,68.58 18.4336,-33.89438,76.2 18.43422,-33.89378,91.44 18.43483,-33.8931,99.06 18.43545,-33.8925,106.68 18.43586,-33.89208,114.30000000000001 18.43643,-33.89138,121.92 18.43689,-33.89082,129.54000000000002 18.43741,-33.89017,137.16 18.43781,-33.88966,152.4 18.4382,-33.88898,160.02 18.43842,-33.88843,167.64000000000001 18.43861,-33.88752,175.26000000000002 18.4387,-33.88669,190.5 18.43866,-33.88612,198.12 18.43861,-33.88533,205.74 18.43848,-33.88467,213.36 18.43837,-33.88412,220.98000000000002 18.43809,-33.88335,228.60000000000002 18.43775,-33.88258,236.22 18.43747,-33.88202,251.46 18.437,-33.88137,259.08000000000004 18.43652,-33.88078,266.7 18.43607,-33.88033,274.32 18.43523,-33.87965,281.94 18.43467,-33.87932,289.56 18.43369,-33.87877,297.18 18.43282,-33.8784,304.8 18.43192,-33.87808,312.42 18.43077,-33.87778,320.04 18.42985,-33.87755,327.66 18.42884,-33.8773,335.28000000000003 18.42779,-33.87713,350.52000000000004 18.42688,-33.87695,358.14000000000004 18.42613,-33.87685,365.76 18.42514,-33.87671,373.38 18.42463,-33.87666,381 18.42367,-33.87662,388.62 18.42258,-33.87658,396.24 18.42172,-33.87653,403.86 18.42081,-33.87648,419.1 18.41998,-33.87648,426.72 18.41931,-33.87648,434.34000000000003 18.41841,-33.87658,441.96000000000004 18.41763,-33.87662,449.58000000000004 18.41692,-33.87667,457.20000000000005 18.416,-33.87676,464.82000000000005 18.41497,-33.87685,472.44 18.41415,-33.87694,480.06 18.41314,-33.87703,487.68 18.41246,-33.87713,495.3 18.4116,-33.87723,502.92 18.4109,-33.8773,502.92 18.40994,-33.87746,510.54 18.40925,-33.87755,525.78 18.40839,-33.87765,533.4 18.40771,-33.87774,541.02 18.40698,-33.87781,548.64 18.40619,-33.8779,548.64 18.40524,-33.87804,563.88 18.40445,-33.87816,571.5 18.40361,-33.87831,579.12 18.40277,-33.87849,586.74 18.40193,-33.87867,594.36 18.40124,-33.87886,601.98 18.40059,-33.879,601.98 18.3998,-33.87923,609.6 18.39901,-33.87946,617.22 18.39823,-33.87978,624.84 18.39745,-33.8801,632.46 18.39672,-33.88034,640.08 18.39615,-33.88058,647.7 18.39565,-33.88078,655.32 18.39472,-33.88114,662.94 18.39415,-33.88142,670.5600000000001 18.3934,-33.88169,678.1800000000001 18.39274,-33.88197,685.8000000000001 18.39207,-33.88229,693.4200000000001 18.39146,-33.88253,701.0400000000001 18.39071,-33.88281,708.6600000000001 18.3901,-33.88307,716.2800000000001 18.38951,-33.88333,723.9000000000001 18.38894,-33.88356,731.52 18.38825,-33.88384,739.14 18.38762,-33.88412,739.14 18.38713,-33.8844,746.76 18.38659,-33.88463,754.38 18.38579,-33.88499,769.62 18.38528,-33.88522,769.62 18.38467,-33.8855,777.24 18.38394,-33.88586,784.86 18.38327,-33.88618,792.48 18.3827,-33.88649,800.1 18.38213,-33.88677,807.72 18.38136,-33.88719,807.72 18.38076,-33.88761,807.72 18.38018,-33.88789,800.1 18.37938,-33.8884,800.1 18.37858,-33.88891,800.1 18.37777,-33.88948,800.1 18.37687,-33.89003,800.1 18.37606,-33.89063,800.1 18.37525,-33.89122,792.48 18.37446,-33.89175,792.48 18.37368,-33.89236,784.86 18.37297,-33.89296,784.86 18.37217,-33.89365,784.86 18.37144,-33.8942,784.86 18.37069,-33.89492,784.86 18.36994,-33.89557,784.86 18.36914,-33.8963,784.86 18.36852,-33.89694,784.86 18.36791,-33.89754,784.86 18.36714,-33.89836,784.86 18.36639,-33.89911,777.24 18.36589,-33.89969,777.24 18.3651,-33.90047,777.24 18.36438,-33.90125,769.62 18.36387,-33.90179,769.62 18.36303,-33.90276,762 18.36219,-33.90367,762 18.36157,-33.90436,754.38 18.36079,-33.90527,746.76 18.36016,-33.90604,746.76 18.35939,-33.90692,746.76 18.35884,-33.90763,746.76 18.35821,-33.90851,746.76 18.35764,-33.90926,746.76 18.35712,-33.91,739.14 18.35661,-33.91074,746.76 18.35602,-33.91168,746.76 18.35546,-33.91265,746.76 18.3549,-33.91356,746.76 18.3544,-33.91447,754.38 18.35403,-33.91517,754.38 18.35358,-33.9161,762 18.35311,-33.91695,762 18.35266,-33.91782,762 18.35226,-33.9187,769.62 18.35186,-33.91959,769.62 18.35154,-33.92038,769.62 18.35129,-33.92099,769.62 18.35087,-33.92198,769.62 18.35059,-33.92276,769.62 18.35031,-33.92358,762 18.35003,-33.92448,762 18.34969,-33.92564,754.38 18.34947,-33.92638,754.38 18.34911,-33.92755,754.38 18.34888,-33.92844,746.76 18.34868,-33.92935,746.76 18.34843,-33.93072,746.76 18.34823,-33.93169,746.76 18.34803,-33.93258,746.76 18.34784,-33.93361,739.14 18.34768,-33.93453,739.14 18.3475,-33.93567,746.76 18.34739,-33.93645,746.76 18.34722,-33.93764,746.76 18.34705,-33.93854,746.76 18.34694,-33.93951,754.38 18.34682,-33.94035,754.38 18.34671,-33.94119,762 18.34655,-33.9424,762 18.34644,-33.94363,762 18.34614,-33.9464,777.24 18.34588,-33.94931,784.86 18.34562,-33.95139,784.86 18.34549,-33.95215,777.24 18.34526,-33.95325,777.24 18.34509,-33.95412,769.62 18.34482,-33.9552,769.62 18.34459,-33.95618,762 18.34436,-33.95707,762 18.34419,-33.95786,754.38 18.34392,-33.95901,746.76 18.34362,-33.96014,746.76 18.34336,-33.96126,746.76 18.34319,-33.96194,746.76 18.34219,-33.96582,739.14 18.34082,-33.97094,731.52 18.33949,-33.97554,739.14 18.33814,-33.98026,746.76 18.33681,-33.98486,746.76 18.3363,-33.98718,762 18.33601,-33.98831,762 18.33585,-33.98932,762 18.33567,-33.99054,762 18.33551,-33.99161,762 18.3354,-33.99266,762 18.33532,-33.99384,754.38 18.33527,-33.99491,754.38 18.33529,-33.99605,754.38 18.33532,-33.99738,746.76 18.3354,-33.99834,754.38 18.33551,-33.99944,754.38 18.33572,-34.00045,754.38 18.33596,-34.00131,754.38 18.3363,-34.00227,746.76 18.33681,-34.00329,746.76 18.33744,-34.00427,746.76 18.33807,-34.0052,739.14 18.33887,-34.00618,731.52 18.3395,-34.00697,739.14 18.34042,-34.0079,731.52 18.34111,-34.00854,731.52 18.34218,-34.00946,731.52 18.3428,-34.00996,731.52 18.34403,-34.01088,731.52 18.34482,-34.01144,731.52 18.34588,-34.01212,731.52 18.34677,-34.0127,731.52 18.34768,-34.01316,731.52 18.34896,-34.01372,731.52 18.34991,-34.01408,739.14 18.35104,-34.0145,739.14 18.35199,-34.01477,746.76 18.35318,-34.01507,746.76 18.35412,-34.01523,746.76 18.35552,-34.01546,746.76 18.35655,-34.01553,746.76 18.35776,-34.01564,746.76 18.35855,-34.01569,746.76 18.35956,-34.01569,746.76 18.36084,-34.01572,739.14 18.36208,-34.01569,739.14 18.36331,-34.01569,739.14 18.36449,-34.01559,746.76 18.36548,-34.01553,746.76 18.36674,-34.01544,746.76 18.3678,-34.01537,746.76 18.3688,-34.01527,746.76 18.37011,-34.01511,746.76 18.37116,-34.015,739.14 18.37217,-34.01486,739.14 18.37346,-34.01472,731.52 18.37452,-34.01463,731.52 18.37578,-34.01451,739.14 18.37688,-34.0144,739.14 18.3783,-34.01428,739.14 18.3794,-34.01418,731.52 18.38047,-34.01405,731.52 18.38156,-34.01395,723.9000000000001 18.38299,-34.01386,723.9000000000001 18.38408,-34.01376,723.9000000000001 18.38493,-34.01372,723.9000000000001 18.38739,-34.01358,716.2800000000001 18.38994,-34.01344,701.0400000000001 18.39249,-34.01335,708.6600000000001 18.39357,-34.01335,701.0400000000001 18.39466,-34.01335,701.0400000000001 18.39616,-34.0134,701.0400000000001 18.39722,-34.01344,701.0400000000001 18.39861,-34.01348,701.0400000000001 18.39958,-34.01353,693.4200000000001 18.4009,-34.01363,693.4200000000001 18.40204,-34.01367,693.4200000000001 18.40307,-34.01372,693.4200000000001 18.40451,-34.01381,693.4200000000001 18.4058,-34.0139,693.4200000000001 18.40692,-34.01395,693.4200000000001 18.40816,-34.014,693.4200000000001 18.40937,-34.01405,685.8000000000001 18.41039,-34.01408,693.4200000000001 18.41185,-34.01408,693.4200000000001 18.41292,-34.01408,693.4200000000001 18.41443,-34.01408,693.4200000000001 18.4156,-34.01405,693.4200000000001 18.41703,-34.01405,685.8000000000001 18.41819,-34.01404,685.8000000000001 18.41931,-34.01399,685.8000000000001 18.42065,-34.01395,685.8000000000001 18.422,-34.0139,685.8000000000001 18.42339,-34.01386,685.8000000000001 18.42458,-34.01376,685.8000000000001 18.42575,-34.01367,678.1800000000001 18.42687,-34.01358,678.1800000000001 18.42831,-34.01344,678.1800000000001 18.4294,-34.01331,670.5600000000001 18.43082,-34.01311,670.5600000000001 18.43226,-34.01294,670.5600000000001 18.43357,-34.01274,670.5600000000001 18.43467,-34.01262,670.5600000000001 18.4359,-34.01244,670.5600000000001 18.43702,-34.0123,670.5600000000001 18.43843,-34.01209,670.5600000000001 18.4396,-34.01193,670.5600000000001 18.44084,-34.01171,678.1800000000001 18.44223,-34.01147,678.1800000000001 18.44335,-34.01129,678.1800000000001 18.44498,-34.01097,685.8000000000001 18.44582,-34.01083,685.8000000000001 18.4473,-34.01051,685.8000000000001 18.44816,-34.01027,685.8000000000001 18.44975,-34.00987,693.4200000000001 18.45081,-34.0096,693.4200000000001 18.45227,-34.00919,685.8000000000001 18.45331,-34.00888,685.8000000000001 18.45451,-34.0085,685.8000000000001 18.45594,-34.00804,685.8000000000001 18.45698,-34.00768,685.8000000000001 18.45835,-34.00716,678.1800000000001 18.45938,-34.00676,678.1800000000001 18.46075,-34.00618,670.5600000000001 18.46191,-34.00571,670.5600000000001 18.46315,-34.00515,670.5600000000001 18.46441,-34.00459,670.5600000000001 18.46567,-34.00399,662.94 18.46676,-34.00348,662.94 18.46785,-34.00287,655.32 18.46886,-34.00227,655.32 18.47002,-34.00157,655.32 18.4711,-34.0009,647.7 18.47228,-34.00008,640.08 18.47351,-33.99924,632.46 18.47454,-33.99854,632.46 18.47528,-33.99798,632.46 18.47648,-33.9971,624.84 18.47738,-33.99637,632.46 18.47856,-33.99536,624.84 18.47934,-33.99454,624.84 18.48024,-33.99348,617.22 18.48078,-33.99282,617.22 18.48158,-33.99165,609.6 18.48215,-33.99063,609.6 18.48272,-33.98933,609.6 18.48312,-33.98821,609.6 18.48343,-33.98717,609.6 18.48375,-33.98588,594.36 18.48398,-33.98486,586.74 18.48427,-33.98346,579.12 18.4845,-33.98236,579.12 18.48466,-33.98135,571.5 18.4849,-33.98011,571.5 18.48511,-33.97884,563.88 18.48524,-33.97769,548.64 18.48541,-33.97638,548.64 18.48553,-33.97517,533.4 18.48562,-33.97403,525.78 18.48564,-33.97285,518.1600000000001 18.4857,-33.9714,510.54 18.48567,-33.97014,510.54 18.48573,-33.96904,502.92 18.4857,-33.96777,487.68 18.4857,-33.96633,480.06 18.48573,-33.96515,472.44 18.48573,-33.96405,464.82000000000005 18.48576,-33.96242,457.20000000000005 18.48579,-33.95865,434.34000000000003 18.48573,-33.9538,411.48 18.48541,-33.94906,381 18.4853,-33.94799,381 18.48511,-33.94661,381 18.48495,-33.94561,381 18.48478,-33.94427,381 18.48455,-33.943,388.62 18.48433,-33.94198,388.62 18.48405,-33.9407,388.62 18.48382,-33.93965,396.24 18.48347,-33.9384,396.24 18.48318,-33.93737,388.62 18.48272,-33.93616,381 18.48215,-33.93495,365.76 18.48158,-33.93379,365.76 18.48089,-33.93262,358.14000000000004 18.48035,-33.93173,365.76 18.47973,-33.93077,373.38 18.47895,-33.92969,373.38 18.47822,-33.92876,373.38 18.47732,-33.92766,373.38 18.47614,-33.92647,373.38 18.47536,-33.92569,381 18.47443,-33.9249,365.76 18.47317,-33.92397,365.76 18.47225,-33.92327,358.14000000000004 18.47088,-33.9223,358.14000000000004 18.46973,-33.92141,365.76 18.46888,-33.92075,358.14000000000004 18.46768,-33.91988,358.14000000000004 18.46676,-33.91917,365.76 18.46594,-33.91855,358.14000000000004 18.46481,-33.91773,350.52000000000004 18.46373,-33.91698,342.90000000000003 18.46281,-33.91629,342.90000000000003 18.46189,-33.91563,327.66 18.46056,-33.91461,327.66 18.45967,-33.91393,312.42 18.45871,-33.91315,304.8 18.45776,-33.91237,297.18 18.45675,-33.9115,297.18 18.45569,-33.91054,289.56 18.4548,-33.90972,281.94 18.45383,-33.90888,274.32 18.453,-33.90816,266.7 18.45204,-33.90729,259.08000000000004 18.45119,-33.90656,243.84 18.45039,-33.90586,236.22 18.44952,-33.90518,228.60000000000002 18.44873,-33.90455,220.98000000000002 18.44756,-33.90363,213.36 18.44677,-33.90303,198.12 18.44582,-33.90248,190.5 18.44464,-33.90202,175.26000000000002 18.44375,-33.90184,167.64000000000001 18.44268,-33.90175,152.4 18.44175,-33.90181,144.78 18.44072,-33.9019,137.16 18.43966,-33.90211,121.92 18.43876,-33.9023,114.30000000000001 18.43769,-33.90253,106.68 18.43663,-33.90266,99.06 18.43562,-33.9028,83.82000000000001 18.43444,-33.90294,76.2 18.43181,-33.90294,53.34 18.42928,-33.9025,30.48 18.429,-33.90239,30.48 18.42854,-33.90204,22.86 18.42825,-33.90171,15.24 18.428,-33.90143,15.24 18.42772,-33.90125,15.24 18.42749,-33.9012,15.24 18.43031,-33.87778,335.28000000000003 18.42777,-33.87662,358.14000000000004 18.42556,-33.87574,373.38 18.4248,-33.87547,381 18.4239,-33.87523,388.62 18.42278,-33.87492,403.86 18.42178,-33.87471,411.48 18.42105,-33.87456,419.1 18.42001,-33.87434,426.72 18.41881,-33.87411,441.96000000000004 18.41812,-33.87397,449.58000000000004 18.41703,-33.87378,457.20000000000005 18.41623,-33.87369,464.82000000000005 18.41509,-33.87355,487.68 18.41434,-33.87346,495.3 18.41359,-33.87337,502.92 18.41281,-33.87332,510.54 18.41196,-33.87323,525.78 18.41112,-33.87318,533.4 18.41017,-33.87314,541.02 18.40942,-33.87309,548.64 18.40849,-33.87309,563.88 18.40765,-33.87313,571.5 18.40686,-33.87318,571.5 18.40616,-33.87327,579.12 18.40524,-33.87337,586.74 18.4045,-33.8735,594.36 18.40339,-33.87369,601.98 18.40273,-33.87383,601.98 18.40182,-33.87405,609.6 18.40092,-33.87433,609.6 18.40003,-33.87465,617.22 18.39924,-33.8749,624.84 18.39849,-33.87518,632.46 18.39739,-33.87566,640.08 18.39666,-33.87598,647.7 18.39598,-33.8763,655.32 18.39512,-33.87667,662.94 18.39443,-33.877,670.5600000000001 18.39375,-33.87732,678.1800000000001 18.39289,-33.87769,685.8000000000001 18.39201,-33.87813,693.4200000000001 18.39117,-33.87854,701.0400000000001 18.39037,-33.8789,708.6600000000001 18.38977,-33.87923,716.2800000000001 18.3891,-33.87959,716.2800000000001 18.38814,-33.88014,723.9000000000001 18.38764,-33.88042,731.52 18.38674,-33.88083,731.52 18.38618,-33.8811,731.52 18.38522,-33.88156,739.14 18.38448,-33.88198,739.14 18.3836,-33.88248,746.76 18.38287,-33.88291,746.76 18.3822,-33.88335,754.38 18.38156,-33.88379,754.38 18.38087,-33.88421,762 18.38001,-33.88477,762 18.37929,-33.88518,762 18.37839,-33.88573,762 18.37755,-33.88626,762 18.3766,-33.88687,762 18.37584,-33.88737,762 18.37503,-33.88788,762 18.37396,-33.88857,762 18.37303,-33.88924,762 18.37217,-33.8898,754.38 18.37121,-33.89053,754.38 18.37046,-33.8911,754.38 18.36948,-33.89185,754.38 18.36864,-33.8925,754.38 18.36794,-33.89315,754.38 18.36712,-33.89383,754.38 18.36634,-33.8945,754.38 18.36555,-33.89525,754.38 18.36485,-33.89594,754.38 18.36411,-33.89669,746.76 18.36336,-33.89753,746.76 18.36273,-33.89817,746.76 18.36193,-33.89906,746.76 18.36124,-33.89981,746.76 18.36067,-33.90051,746.76 18.35995,-33.90138,754.38 18.35936,-33.90218,746.76 18.35883,-33.90289,746.76 18.35815,-33.90376,754.38 18.35754,-33.90463,754.38 18.35695,-33.90544,754.38 18.35638,-33.90628,754.38 18.35586,-33.90715,754.38 18.35524,-33.90802,754.38 18.35478,-33.90884,754.38 18.35426,-33.90968,754.38 18.35381,-33.91047,762 18.35335,-33.91135,762 18.35289,-33.91219,754.38 18.35233,-33.91328,754.38 18.35193,-33.91402,754.38 18.35152,-33.91489,754.38 18.35094,-33.91596,754.38 18.35059,-33.91672,754.38 18.35014,-33.91759,754.38 18.3498,-33.91847,754.38 18.34935,-33.9196,754.38 18.34907,-33.92029,754.38 18.34863,-33.92139,754.38 18.34831,-33.92234,762 18.34791,-33.92345,762 18.34762,-33.92436,762 18.34734,-33.92541,762 18.34711,-33.92639,769.62 18.34694,-33.92741,769.62 18.34672,-33.92848,769.62 18.34655,-33.92958,769.62 18.34637,-33.93067,762 18.3462,-33.93183,762 18.34602,-33.93286,754.38 18.34591,-33.93379,754.38 18.34585,-33.93463,754.38 18.34574,-33.93579,754.38 18.34562,-33.937,754.38 18.3456,-33.93819,754.38 18.34554,-33.93947,746.76 18.34557,-33.94175,754.38 18.34551,-33.94263,746.76 18.34545,-33.94366,746.76 18.34538,-33.94478,754.38 18.34532,-33.94588,746.76 18.34522,-33.94664,746.76 18.34509,-33.94798,746.76 18.34505,-33.94887,746.76 18.34492,-33.95009,746.76 18.34482,-33.95115,746.76 18.34453,-33.95439,754.38 18.34442,-33.95548,754.38 18.34425,-33.95663,754.38 18.34391,-33.95874,754.38 18.3433,-33.96208,754.38 18.34253,-33.96633,754.38 18.34145,-33.97122,754.38 18.3403,-33.97587,746.76 18.33893,-33.9808,746.76 18.33773,-33.98537,746.76 18.3371,-33.98858,746.76 18.33687,-33.99063,754.38 18.33674,-33.99348,746.76 18.3368,-33.99458,746.76 18.33693,-33.99575,754.38 18.33714,-33.99687,754.38 18.33744,-33.99789,754.38 18.33778,-33.99878,762 18.33825,-33.99989,762 18.3387,-34.00095,762 18.33921,-34.0019,762 18.33973,-34.00292,762 18.34022,-34.00378,754.38 18.34078,-34.00461,754.38 18.3415,-34.00562,746.76 18.34212,-34.00644,746.76 18.34299,-34.00739,754.38 18.34351,-34.00799,754.38 18.34448,-34.009,746.76 18.34528,-34.00972,746.76 18.34637,-34.01065,746.76 18.34751,-34.01144,739.14 18.34863,-34.01216,739.14 18.34963,-34.01271,731.52 18.3506,-34.01321,731.52 18.35146,-34.01358,731.52 18.35266,-34.01414,739.14 18.3535,-34.01445,731.52 18.35462,-34.01486,731.52 18.35564,-34.01511,731.52 18.3567,-34.01537,739.14 18.35759,-34.0155,739.14 18.35884,-34.01567,746.76 18.35984,-34.01582,746.76 18.3609,-34.01587,754.38 18.3618,-34.01596,746.76 18.36286,-34.01601,746.76 18.36405,-34.01609,746.76 18.36522,-34.01619,746.76 18.36634,-34.01628,746.76 18.36712,-34.01628,746.76 18.36817,-34.01633,739.14 18.36942,-34.01628,739.14 18.3706,-34.01624,739.14 18.37166,-34.01619,739.14 18.37269,-34.01609,746.76 18.37391,-34.01596,754.38 18.37491,-34.01587,754.38 18.37584,-34.01577,754.38 18.37721,-34.01563,762 18.37818,-34.01553,762 18.37921,-34.0154,769.62 18.38046,-34.01523,769.62 18.3815,-34.01507,762 18.38282,-34.01486,762 18.38388,-34.01472,754.38 18.38506,-34.0145,754.38 18.38631,-34.01432,754.38 18.38739,-34.01418,746.76 18.38877,-34.01405,746.76 18.38999,-34.01385,754.38 18.39106,-34.01376,754.38 18.39226,-34.01358,746.76 18.39363,-34.01344,754.38 18.39449,-34.01339,754.38 18.39592,-34.01325,746.76 18.39718,-34.01311,746.76 18.39815,-34.01307,746.76 18.39952,-34.01299,746.76 18.40064,-34.01294,739.14 18.40176,-34.01294,739.14 18.40322,-34.01289,731.52 18.40457,-34.01294,731.52 18.40569,-34.01294,723.9000000000001 18.40709,-34.01294,723.9000000000001 18.40838,-34.01294,716.2800000000001 18.40995,-34.01294,716.2800000000001 18.4112,-34.01293,708.6600000000001 18.4124,-34.01293,701.0400000000001 18.41406,-34.01293,701.0400000000001 18.41497,-34.01293,701.0400000000001 18.41658,-34.01283,693.4200000000001 18.41789,-34.01279,693.4200000000001 18.41909,-34.0127,685.8000000000001 18.42032,-34.01262,678.1800000000001 18.42177,-34.01248,670.5600000000001 18.42301,-34.01239,670.5600000000001 18.42447,-34.01221,655.32 18.42579,-34.01209,655.32 18.42693,-34.01193,647.7 18.42831,-34.01176,640.08 18.42985,-34.01157,640.08 18.4313,-34.01129,632.46 18.43288,-34.01102,632.46 18.43405,-34.01083,624.84 18.43523,-34.0106,624.84 18.43663,-34.01033,617.22 18.43803,-34.01004,617.22 18.43924,-34.00985,617.22 18.44067,-34.00981,624.84 18.44198,-34.01004,632.46 18.44302,-34.01038,640.08 18.44391,-34.01079,640.08 18.44473,-34.01125,647.7 18.4457,-34.01195,647.7 18.44649,-34.01257,640.08 18.44761,-34.01331,640.08 18.44862,-34.01376,632.46 18.44958,-34.01404,624.84 18.45092,-34.01431,617.22 18.45211,-34.01442,609.6 18.45361,-34.01436,594.36 18.45491,-34.01423,586.74 18.45623,-34.014,579.12 18.45765,-34.01358,563.88 18.45915,-34.01307,556.26 18.46029,-34.01255,541.02 18.46161,-34.0119,541.02 18.46281,-34.0113,533.4 18.46426,-34.01047,525.78 18.46527,-34.0099,518.1600000000001 18.46656,-34.00914,518.1600000000001 18.46751,-34.00845,510.54 18.46876,-34.00757,502.92 18.4697,-34.00681,495.3 18.47099,-34.00575,495.3 18.47179,-34.00501,487.68 18.47288,-34.00408,487.68 18.47379,-34.00328,480.06 18.47471,-34.00245,472.44 18.47551,-34.00161,472.44 18.47631,-34.00078,464.82000000000005 18.47727,-33.99971,457.20000000000005 18.47803,-33.99882,457.20000000000005 18.47867,-33.99802,457.20000000000005 18.47934,-33.9971,464.82000000000005 18.48013,-33.99591,464.82000000000005 18.48085,-33.99477,457.20000000000005 18.48146,-33.99361,449.58000000000004 18.48198,-33.99263,441.96000000000004 18.48249,-33.99147,449.58000000000004 18.48298,-33.9901,441.96000000000004 18.48332,-33.98904,434.34000000000003 18.48358,-33.98788,441.96000000000004 18.48381,-33.98648,434.34000000000003 18.48392,-33.98542,441.96000000000004 18.48405,-33.98438,441.96000000000004 18.48416,-33.98332,441.96000000000004 18.48427,-33.98197,434.34000000000003 18.48433,-33.9809,441.96000000000004 18.48438,-33.97966,441.96000000000004 18.48444,-33.97848,441.96000000000004 18.4845,-33.97736,449.58000000000004 18.48455,-33.976,449.58000000000004 18.48461,-33.97499,457.20000000000005 18.48466,-33.97408,457.20000000000005 18.48472,-33.97289,449.58000000000004 18.48478,-33.97165,457.20000000000005 18.485,-33.96739,441.96000000000004 18.48511,-33.9635,426.72 18.4853,-33.95837,411.48 18.48541,-33.95595,411.48 18.48551,-33.95476,403.86 18.48567,-33.95329,403.86 18.48581,-33.95222,396.24 18.4859,-33.95082,388.62 18.48601,-33.94945,381 18.48595,-33.94835,381 18.48584,-33.94688,365.76 18.48564,-33.9458,365.76 18.48545,-33.94464,358.14000000000004 18.48511,-33.94331,342.90000000000003 18.48483,-33.94221,342.90000000000003 18.48444,-33.94086,342.90000000000003 18.48398,-33.93956,342.90000000000003 18.48352,-33.93826,342.90000000000003 18.48307,-33.93709,350.52000000000004 18.4827,-33.93613,358.14000000000004 18.48225,-33.93507,342.90000000000003 18.48158,-33.93365,358.14000000000004 18.48112,-33.93272,358.14000000000004 18.48049,-33.93165,350.52000000000004 18.47973,-33.9305,350.52000000000004 18.47906,-33.92958,350.52000000000004 18.47833,-33.92871,358.14000000000004 18.47729,-33.92755,350.52000000000004 18.47648,-33.9267,342.90000000000003 18.47558,-33.92578,342.90000000000003 18.47497,-33.92523,342.90000000000003 18.47374,-33.92401,335.28000000000003 18.47284,-33.92317,335.28000000000003 18.47168,-33.9222,327.66 18.47048,-33.92117,335.28000000000003 18.46931,-33.92024,335.28000000000003 18.46802,-33.91931,327.66 18.46682,-33.91847,327.66 18.46577,-33.91768,320.04 18.46432,-33.91658,320.04 18.4635,-33.91591,312.42 18.46224,-33.91494,312.42 18.46121,-33.9141,304.8 18.46018,-33.91326,304.8 18.45926,-33.91251,297.18 18.4581,-33.91159,297.18 18.4572,-33.91093,289.56 18.45608,-33.90999,289.56 18.4552,-33.9093,274.32 18.45411,-33.90846,266.7 18.45322,-33.9077,251.46 18.45228,-33.90702,243.84 18.45115,-33.90614,236.22 18.45003,-33.90536,220.98000000000002 18.44896,-33.90463,213.36 18.44801,-33.90404,205.74 18.44677,-33.90335,198.12 18.44564,-33.90288,182.88 18.44433,-33.90241,175.26000000000002 18.44313,-33.90213,167.64000000000001 18.44179,-33.90193,152.4 18.44066,-33.90179,137.16 18.43964,-33.90176,137.16 18.43838,-33.90171,121.92 18.43752,-33.90175,114.30000000000001 18.4364,-33.90175,106.68 18.43528,-33.90184,91.44 18.43437,-33.90199,76.2 18.4336,-33.90207,68.58 18.43282,-33.90221,60.96 18.43198,-33.90225,45.72 18.43074,-33.90216,38.1 18.43025,-33.90204,38.1 18.42957,-33.90181,30.48 18.42911,-33.90167,30.48 18.42819,-33.90139,22.86 18.42779,-33.90125,15.24 18.42755,-33.9012,15.24 18.4271,-33.90024,38.1 18.42766,-33.89914,53.34 18.42819,-33.89822,68.58 18.42848,-33.8978,76.2 18.42871,-33.89734,83.82000000000001 18.429,-33.89662,91.44 18.42917,-33.89603,99.06 18.4294,-33.89529,106.68 18.42957,-33.89468,106.68 18.42968,-33.89401,106.68 18.42991,-33.89329,106.68 18.43013,-33.89241,114.30000000000001 18.43029,-33.89177,114.30000000000001 18.43046,-33.89108,121.92 18.43069,-33.89021,129.54000000000002 18.4308,-33.88971,129.54000000000002 18.43105,-33.88877,129.54000000000002 18.43136,-33.88788,129.54000000000002 18.43158,-33.88719,137.16 18.43175,-33.88632,137.16 18.43181,-33.88559,144.78 18.43174,-33.88472,152.4 18.43157,-33.88421,160.02 18.43114,-33.8833,167.64000000000001 18.43077,-33.88277,175.26000000000002 18.43013,-33.88206,182.88 18.42945,-33.88152,190.5 18.42865,-33.881,198.12 18.42796,-33.88063,198.12 18.4271,-33.88033,213.36 18.4263,-33.88011,220.98000000000002 18.42536,-33.87996,228.60000000000002 18.42447,-33.87988,236.22 18.42368,-33.87987,243.84 18.42211,-33.87991,259.08000000000004 18.42075,-33.88011,266.7 18.42001,-33.88021,274.32 18.41908,-33.88037,289.56 18.41818,-33.88058,297.18 18.4174,-33.88078,304.8 18.41652,-33.881,312.42 18.41561,-33.8812,320.04 18.41494,-33.88138,335.28000000000003 18.41426,-33.88156,335.28000000000003 18.41337,-33.88179,350.52000000000004 18.41253,-33.88202,358.14000000000004 18.41185,-33.8822,365.76 18.41108,-33.88244,381 18.41023,-33.88266,388.62 18.40944,-33.88289,396.24 18.40877,-33.88307,403.86 18.4081,-33.8833,411.48 18.40647,-33.8838,419.1 18.40576,-33.88407,426.72 18.40496,-33.88435,434.34000000000003 18.40427,-33.88458,441.96000000000004 18.40339,-33.8849,449.58000000000004 18.4026,-33.88522,457.20000000000005 18.40181,-33.88556,464.82000000000005 18.40118,-33.88584,472.44 18.40033,-33.88621,487.68 18.39963,-33.88651,487.68 18.39896,-33.88678,495.3 18.39838,-33.887,502.92 18.39762,-33.88733,518.1600000000001 18.39684,-33.8877,525.78 18.39543,-33.88834,541.02 18.39476,-33.88866,548.64 18.39403,-33.88902,556.26 18.39323,-33.88942,571.5 18.39272,-33.8897,579.12 18.39203,-33.89008,586.74 18.39128,-33.89045,594.36 18.39044,-33.8909,601.98 18.38988,-33.89122,601.98 18.38917,-33.89161,609.6 18.38848,-33.89198,617.22 18.38785,-33.89236,624.84 18.38722,-33.89273,632.46 18.38646,-33.89319,640.08 18.38573,-33.8936,647.7 18.385,-33.89401,655.32 18.38439,-33.89442,662.94 18.38367,-33.89487,662.94 18.38287,-33.89539,670.5600000000001 18.38224,-33.8958,678.1800000000001 18.38156,-33.89627,685.8000000000001 18.3808,-33.89676,685.8000000000001 18.38018,-33.89717,693.4200000000001 18.3794,-33.89767,693.4200000000001 18.37867,-33.89818,701.0400000000001 18.37801,-33.89864,708.6600000000001 18.37738,-33.89905,716.2800000000001 18.37641,-33.89976,723.9000000000001 18.37581,-33.90015,723.9000000000001 18.37509,-33.90074,723.9000000000001 18.37441,-33.90125,731.52 18.37383,-33.90171,723.9000000000001 18.37303,-33.90237,731.52 18.37246,-33.90288,731.52 18.37177,-33.9034,731.52 18.37116,-33.90399,731.52 18.37037,-33.90472,739.14 18.36971,-33.90535,739.14 18.36914,-33.90596,739.14 18.36841,-33.90669,746.76 18.36785,-33.90729,746.76 18.36731,-33.90791,746.76 18.36673,-33.90848,754.38 18.36611,-33.90916,754.38 18.36555,-33.90976,762 18.36491,-33.91051,762 18.36445,-33.91103,762 18.36388,-33.91172,762 18.3632,-33.91255,769.62 18.36262,-33.91326,769.62 18.36208,-33.91388,769.62 18.36146,-33.9147,777.24 18.36085,-33.91544,777.24 18.36045,-33.91594,777.24 18.35993,-33.91666,784.86 18.35944,-33.91727,784.86 18.35872,-33.91818,784.86 18.35827,-33.91882,792.48 18.35775,-33.9195,792.48 18.35726,-33.92015,792.48 18.35681,-33.92084,792.48 18.35638,-33.92145,792.48 18.35581,-33.92234,792.48 18.35524,-33.92322,792.48 18.35484,-33.92392,792.48 18.35432,-33.92471,792.48 18.35381,-33.92559,792.48 18.35335,-33.92639,792.48 18.35289,-33.92715,792.48 18.35244,-33.92793,792.48 18.35192,-33.92885,792.48 18.35152,-33.9296,792.48 18.35112,-33.93034,792.48 18.3506,-33.93132,792.48 18.35019,-33.93214,792.48 18.34974,-33.93304,792.48 18.34935,-33.93384,784.86 18.34894,-33.93481,784.86 18.34851,-33.93571,784.86 18.3482,-33.93649,784.86 18.3478,-33.93747,777.24 18.34745,-33.93828,777.24 18.34706,-33.93919,777.24 18.34661,-33.94016,777.24 18.3462,-33.94119,777.24 18.34591,-33.94194,769.62 18.34549,-33.9429,769.62 18.34511,-33.9438,777.24 18.34465,-33.94492,769.62 18.34345,-33.9478,769.62 18.34196,-33.95148,769.62 18.34087,-33.9546,754.38 18.34055,-33.95581,754.38 18.34019,-33.96046,731.52 18.34083,-33.96281,723.9000000000001 18.34208,-33.96498,716.2800000000001 18.34397,-33.9668,708.6600000000001 18.34621,-33.96808,693.4200000000001 18.34894,-33.96898,678.1800000000001 18.3518,-33.96926,678.1800000000001 18.35429,-33.96899,685.8000000000001 18.35675,-33.96817,685.8000000000001 18.35907,-33.96675,678.1800000000001 18.36062,-33.9651,678.1800000000001 18.36124,-33.96419,678.1800000000001 18.3621,-33.96279,670.5600000000001 18.36262,-33.96167,678.1800000000001 18.36303,-33.96071,678.1800000000001 18.36336,-33.9599,678.1800000000001 18.36365,-33.95906,670.5600000000001 18.36398,-33.9581,670.5600000000001 18.36428,-33.95716,662.94 18.36454,-33.95627,655.32 18.36479,-33.95525,655.32 18.36502,-33.95413,655.32 18.36522,-33.95316,655.32 18.36539,-33.95215,647.7 18.3655,-33.95128,647.7 18.36565,-33.95022,647.7 18.36583,-33.94931,647.7 18.36599,-33.94822,640.08 18.36617,-33.94707,632.46 18.36628,-33.94611,632.46 18.36645,-33.94505,632.46 18.36656,-33.944,632.46 18.36667,-33.9429,632.46 18.36702,-33.93998,640.08 18.36735,-33.93681,640.08 18.36757,-33.93512,640.08 18.36768,-33.93416,640.08 18.3678,-33.93343,640.08 18.36805,-33.93235,640.08 18.36828,-33.93127,640.08 18.36852,-33.93045,640.08 18.3688,-33.92944,640.08 18.36908,-33.92844,640.08 18.36942,-33.92757,640.08 18.36964,-33.92693,640.08 18.37006,-33.92587,640.08 18.37037,-33.92505,632.46 18.3708,-33.92401,632.46 18.37121,-33.92308,632.46 18.37166,-33.92212,632.46 18.37217,-33.92111,624.84 18.37273,-33.92006,624.84 18.37329,-33.91905,617.22 18.37379,-33.91823,617.22 18.37452,-33.91713,617.22 18.37515,-33.91624,617.22 18.37566,-33.91554,617.22 18.37641,-33.91452,609.6 18.37698,-33.91372,601.98 18.37772,-33.91283,594.36 18.37841,-33.91205,594.36 18.37927,-33.91107,594.36 18.37978,-33.91051,594.36 18.38064,-33.90958,594.36 18.3813,-33.90894,594.36 18.38214,-33.90811,594.36 18.38304,-33.90729,586.74 18.38377,-33.90665,586.74 18.38459,-33.90595,579.12 18.38551,-33.90516,579.12 18.38635,-33.9045,579.12 18.38734,-33.90367,571.5 18.38825,-33.90294,571.5 18.38888,-33.90241,571.5 18.38982,-33.9017,571.5 18.39078,-33.90097,571.5 18.39167,-33.90033,571.5 18.39272,-33.89962,571.5 18.39347,-33.89909,563.88 18.39449,-33.89846,563.88 18.39535,-33.89794,556.26 18.39627,-33.89735,556.26 18.39741,-33.89664,548.64 18.39832,-33.89613,541.02 18.39952,-33.89543,533.4 18.40053,-33.89488,525.78 18.40132,-33.89447,518.1600000000001 18.40244,-33.89389,510.54 18.40356,-33.89333,510.54 18.40473,-33.89278,502.92 18.40582,-33.89231,502.92 18.40675,-33.89191,495.3 18.40782,-33.89145,495.3 18.40914,-33.89091,487.68 18.41006,-33.89053,487.68 18.41129,-33.89003,472.44 18.41223,-33.8897,472.44 18.4132,-33.88933,464.82000000000005 18.41426,-33.88893,464.82000000000005 18.41533,-33.88857,457.20000000000005 18.41635,-33.88817,449.58000000000004 18.41751,-33.88779,449.58000000000004 18.41852,-33.88742,441.96000000000004 18.41976,-33.88705,434.34000000000003 18.42075,-33.88677,426.72 18.42205,-33.88637,419.1 18.42306,-33.88609,411.48 18.42402,-33.88589,411.48 18.42522,-33.88565,403.86 18.42659,-33.88551,396.24 18.42739,-33.88542,396.24 18.42867,-33.88541,388.62 18.42997,-33.88547,381 18.43134,-33.88556,365.76 18.43259,-33.88573,365.76 18.43351,-33.88593,358.14000000000004 18.43477,-33.88621,350.52000000000004 18.43586,-33.88659,342.90000000000003 18.43663,-33.88687,342.90000000000003 18.43786,-33.88752,335.28000000000003 18.43866,-33.88798,335.28000000000003 18.43929,-33.88845,327.66 18.43994,-33.88893,320.04 18.44061,-33.88961,320.04 18.44107,-33.89017,312.42 18.44145,-33.89076,304.8 18.44184,-33.8914,297.18 18.44212,-33.892,281.94 18.44234,-33.89291,274.32 18.44244,-33.89352,259.08000000000004 18.44251,-33.89415,251.46 18.4425,-33.89492,243.84 18.44238,-33.89576,228.60000000000002 18.44218,-33.89648,220.98000000000002 18.44195,-33.89713,213.36 18.44158,-33.8978,213.36 18.44112,-33.8985,190.5 18.44066,-33.899,190.5 18.43981,-33.89976,167.64000000000001 18.43926,-33.90015,167.64000000000001 18.43843,-33.9006,160.02 18.43763,-33.90088,152.4 18.437,-33.90111,144.78 18.43612,-33.90143,121.92 18.43551,-33.90157,114.30000000000001 18.43495,-33.9017,106.68 18.43403,-33.9019,91.44 18.4331,-33.90202,76.2 18.43248,-33.90204,68.58 18.4318,-33.90204,60.96 18.43125,-33.90198,53.34 18.43074,-33.90198,53.34 18.42917,-33.90166,38.1 18.42895,-33.90161,30.48 18.42805,-33.90134,22.86 18.42772,-33.90125,22.86 18.42749,-33.9012,7.62 18.42716,-33.90092,30.48 18.42699,-33.90047,45.72 18.4271,-33.90004,45.72 18.42728,-33.89971,53.34 18.42749,-33.89928,68.58 18.42773,-33.89883,68.58 18.428,-33.89836,76.2 18.42828,-33.8979,83.82000000000001 18.42861,-33.8974,83.82000000000001 18.42916,-33.89659,99.06 18.42951,-33.89607,99.06 18.4299,-33.89548,106.68 18.43018,-33.89507,114.30000000000001 18.43069,-33.89429,121.92 18.43105,-33.89371,121.92 18.43157,-33.89296,129.54000000000002 18.43192,-33.89241,137.16 18.43231,-33.89172,137.16 18.43282,-33.8909,144.78 18.43317,-33.89031,144.78 18.43366,-33.88948,152.4 18.43403,-33.88882,160.02 18.43443,-33.88807,167.64000000000001 18.43489,-33.8871,182.88 18.43523,-33.88641,190.5 18.43562,-33.88536,198.12 18.4359,-33.88445,205.74 18.43618,-33.88358,205.74 18.43624,-33.88271,220.98000000000002 18.43626,-33.88169,228.60000000000002 18.43612,-33.88087,243.84 18.43586,-33.87988,251.46 18.43556,-33.87914,266.7 18.43506,-33.87827,274.32 18.43444,-33.87735,289.56 18.43382,-33.87666,297.18 18.43304,-33.87598,304.8 18.43237,-33.8755,312.42 18.43136,-33.87488,320.04 18.43041,-33.87442,320.04 18.42962,-33.8741,327.66 18.42856,-33.87373,335.28000000000003 18.42773,-33.8735,335.28000000000003 18.42676,-33.87336,342.90000000000003 18.42609,-33.87328,342.90000000000003 18.42487,-33.87318,350.52000000000004 18.42321,-33.87322,358.14000000000004 18.42178,-33.87327,365.76 18.42058,-33.87336,365.76 18.41938,-33.8735,373.38 18.41852,-33.8736,373.38 18.41732,-33.87374,388.62 18.41611,-33.87392,388.62 18.41505,-33.8741,388.62 18.41394,-33.87429,403.86 18.41281,-33.87456,403.86 18.41183,-33.87476,403.86 18.4109,-33.87502,411.48 18.40967,-33.87538,419.1 18.40857,-33.87569,426.72 18.40759,-33.87598,434.34000000000003 18.4067,-33.8763,441.96000000000004 18.40593,-33.87658,449.58000000000004 18.40507,-33.87685,449.58000000000004 18.40405,-33.87723,457.20000000000005 18.40324,-33.87751,464.82000000000005 18.40221,-33.8779,464.82000000000005 18.40132,-33.87827,480.06 18.40044,-33.87862,480.06 18.39969,-33.87895,487.68 18.39885,-33.87932,495.3 18.39787,-33.87983,502.92 18.39712,-33.88021,510.54 18.39615,-33.88072,518.1600000000001 18.3956,-33.88101,518.1600000000001 18.3947,-33.88152,533.4 18.3938,-33.88207,541.02 18.39296,-33.88257,548.64 18.39218,-33.88312,556.26 18.39151,-33.88353,563.88 18.39072,-33.88412,563.88 18.38994,-33.88472,571.5 18.38905,-33.88537,571.5 18.38837,-33.88596,579.12 18.38758,-33.88655,586.74 18.38699,-33.8871,586.74 18.38631,-33.88765,594.36 18.38573,-33.88817,601.98 18.38495,-33.88884,609.6 18.38425,-33.88952,617.22 18.38356,-33.89012,617.22 18.38304,-33.89058,624.84 18.3823,-33.89133,624.84 18.3817,-33.89195,632.46 18.38102,-33.89259,632.46 18.38013,-33.89347,640.08 18.37973,-33.89388,640.08 18.37912,-33.89452,640.08 18.37847,-33.89515,647.7 18.37767,-33.89599,647.7 18.37716,-33.89653,647.7 18.37641,-33.89734,647.7 18.37584,-33.89794,647.7 18.37509,-33.89878,647.7 18.37452,-33.89946,647.7 18.37389,-33.90022,647.7 18.37329,-33.90092,640.08 18.37273,-33.90161,640.08 18.37194,-33.90265,640.08 18.37132,-33.90339,640.08 18.37086,-33.9039,640.08 18.37023,-33.90474,647.7 18.36971,-33.90544,655.32 18.36903,-33.90628,655.32 18.3684,-33.90707,662.94 18.36777,-33.90795,662.94 18.36731,-33.90851,670.5600000000001 18.36684,-33.90912,678.1800000000001 18.36617,-33.90994,678.1800000000001 18.36571,-33.91056,685.8000000000001 18.36508,-33.91135,685.8000000000001 18.36454,-33.912,685.8000000000001 18.3641,-33.91264,693.4200000000001 18.36348,-33.91344,693.4200000000001 18.36302,-33.9141,701.0400000000001 18.36256,-33.9147,701.0400000000001 18.3621,-33.91535,708.6600000000001 18.36163,-33.91603,708.6600000000001 18.36096,-33.91698,716.2800000000001 18.36073,-33.91736,716.2800000000001 18.36006,-33.91846,723.9000000000001 18.35956,-33.91919,723.9000000000001 18.35918,-33.91987,723.9000000000001 18.35861,-33.9208,723.9000000000001 18.35821,-33.9215,723.9000000000001 18.3577,-33.92243,731.52 18.35726,-33.92317,731.52 18.35692,-33.92381,731.52 18.35621,-33.92508,739.14 18.3558,-33.92587,739.14 18.35535,-33.92671,746.76 18.35489,-33.9276,746.76 18.3544,-33.92853,746.76 18.35403,-33.92932,746.76 18.35361,-33.93008,746.76 18.35323,-33.93095,746.76 18.35283,-33.93178,746.76 18.35238,-33.9326,746.76 18.35203,-33.93341,754.38 18.3516,-33.93434,754.38 18.3512,-33.93512,754.38 18.35072,-33.9363,754.38 18.35032,-33.93709,754.38 18.34986,-33.93802,754.38 18.34934,-33.939,754.38 18.34896,-33.93974,754.38 18.34857,-33.94057,746.76 18.34814,-33.94156,746.76 18.34756,-33.94276,739.14 18.34722,-33.94363,731.52 18.34678,-33.94473,731.52 18.34638,-33.94569,723.9000000000001 18.34605,-33.94656,723.9000000000001 18.34562,-33.94766,723.9000000000001 18.34521,-33.94862,723.9000000000001 18.34482,-33.94971,723.9000000000001 18.34453,-33.9505,723.9000000000001 18.34425,-33.95119,723.9000000000001 18.34392,-33.95224,716.2800000000001 18.34345,-33.95339,716.2800000000001 18.34311,-33.95441,716.2800000000001 18.34151,-33.95901,701.0400000000001 18.33979,-33.96372,685.8000000000001 18.33801,-33.96852,678.1800000000001 18.33618,-33.97334,678.1800000000001 18.33456,-33.97783,678.1800000000001 18.33281,-33.98253,670.5600000000001 18.33126,-33.98714,685.8000000000001 18.33006,-33.99147,685.8000000000001 18.32957,-33.99376,693.4200000000001 18.32918,-33.99605,685.8000000000001 18.32884,-33.99774,685.8000000000001 18.3288,-33.99817,693.4200000000001 18.32857,-33.99947,693.4200000000001 18.32851,-34.00031,701.0400000000001 18.32839,-34.0015,708.6600000000001 18.32833,-34.00227,708.6600000000001 18.32833,-34.00305,708.6600000000001 18.32833,-34.00406,708.6600000000001 18.32839,-34.00484,716.2800000000001 18.3285,-34.00575,716.2800000000001 18.32863,-34.00655,723.9000000000001 18.3288,-34.00729,723.9000000000001 18.32901,-34.00818,723.9000000000001 18.32932,-34.00925,723.9000000000001 18.32951,-34.00996,731.52 18.3299,-34.01093,739.14 18.33023,-34.01167,739.14 18.33063,-34.01242,739.14 18.33103,-34.01311,746.76 18.3317,-34.01404,746.76 18.33237,-34.01495,754.38 18.33299,-34.01559,754.38 18.33355,-34.01619,754.38 18.3345,-34.01697,754.38 18.33521,-34.01749,762 18.33618,-34.01816,762 18.33714,-34.01866,762 18.3382,-34.01917,762 18.33932,-34.01962,762 18.3403,-34.01995,754.38 18.34139,-34.02026,762 18.3423,-34.02047,769.62 18.34339,-34.0207,762 18.34459,-34.0209,769.62 18.34566,-34.021,769.62 18.34654,-34.02107,769.62 18.34756,-34.02113,769.62 18.34866,-34.02117,769.62 18.34958,-34.02118,769.62 18.35083,-34.02112,769.62 18.35209,-34.02112,769.62 18.35306,-34.02107,769.62 18.35429,-34.021,777.24 18.35518,-34.02098,777.24 18.3563,-34.02095,777.24 18.35752,-34.02094,784.86 18.35833,-34.02094,784.86 18.3595,-34.021,784.86 18.3605,-34.02103,784.86 18.36163,-34.02113,784.86 18.36279,-34.02126,784.86 18.36382,-34.02141,784.86 18.36479,-34.02154,784.86 18.36572,-34.02173,784.86 18.36662,-34.02191,784.86 18.36777,-34.02214,784.86 18.36897,-34.02242,784.86 18.36998,-34.02269,777.24 18.37103,-34.02298,784.86 18.37211,-34.02328,784.86 18.37323,-34.02365,784.86 18.37418,-34.02396,784.86 18.37508,-34.02429,784.86 18.37609,-34.02461,784.86 18.3771,-34.02498,784.86 18.37822,-34.02544,784.86 18.37929,-34.02585,777.24 18.38047,-34.02633,784.86 18.38133,-34.02671,777.24 18.38224,-34.02708,784.86 18.38327,-34.02754,784.86 18.38436,-34.02806,792.48 18.38512,-34.02841,792.48 18.38607,-34.02887,792.48 18.38717,-34.02941,784.86 18.38808,-34.02983,784.86 18.38911,-34.03034,777.24 18.39027,-34.03084,792.48 18.39111,-34.03125,792.48 18.39223,-34.03171,800.1 18.39294,-34.03197,792.48 18.39392,-34.03226,800.1 18.39518,-34.03257,792.48 18.39644,-34.03276,800.1 18.39778,-34.03285,800.1 18.39902,-34.03285,800.1 18.40033,-34.03267,800.1 18.40137,-34.03244,800.1 18.4026,-34.03207,807.72 18.40342,-34.03178,792.48 18.40467,-34.03122,807.72 18.40541,-34.03079,807.72 18.40645,-34.03011,815.34 18.40731,-34.02951,815.34 18.40834,-34.02876,815.34 18.40908,-34.02815,807.72 18.40989,-34.02745,807.72 18.41063,-34.0268,807.72 18.41135,-34.02612,807.72 18.41211,-34.0254,800.1 18.41309,-34.02448,800.1 18.41376,-34.02383,792.48 18.4146,-34.02292,792.48 18.41533,-34.02214,784.86 18.41629,-34.02112,777.24 18.41701,-34.02026,769.62 18.41763,-34.01953,769.62 18.41835,-34.01865,762 18.41909,-34.01777,762 18.41978,-34.01693,762 18.42064,-34.01586,762 18.42121,-34.01509,754.38 18.42194,-34.01418,754.38 18.42267,-34.01321,746.76 18.42329,-34.01239,746.76 18.42396,-34.01144,746.76 18.42453,-34.01069,746.76 18.42519,-34.00974,746.76 18.42579,-34.00888,739.14 18.42779,-34.00604,731.52 18.42844,-34.00511,723.9000000000001 18.42906,-34.0042,723.9000000000001 18.42945,-34.00356,716.2800000000001 18.43014,-34.0025,716.2800000000001 18.43085,-34.00136,708.6600000000001 18.43153,-34.00031,701.0400000000001 18.43328,-33.99733,693.4200000000001 18.43511,-33.9944,685.8000000000001 18.43683,-33.99161,678.1800000000001 18.43901,-33.9883,670.5600000000001 18.44084,-33.98555,662.94 18.44274,-33.98273,655.32 18.44509,-33.97902,640.08 18.44745,-33.97522,624.84 18.44976,-33.97117,609.6 18.45086,-33.96909,594.36 18.45131,-33.96828,594.36 18.45305,-33.96487,586.74 18.45354,-33.96391,586.74 18.45406,-33.96281,586.74 18.45451,-33.96177,579.12 18.45497,-33.9606,571.5 18.45535,-33.95966,571.5 18.45574,-33.95847,571.5 18.45606,-33.95749,563.88 18.45634,-33.95618,563.88 18.45647,-33.95526,556.26 18.45658,-33.95398,556.26 18.45657,-33.95325,556.26 18.45658,-33.95206,556.26 18.45652,-33.95115,548.64 18.45634,-33.94989,541.02 18.45617,-33.94896,541.02 18.45589,-33.94775,533.4 18.45563,-33.94698,525.78 18.45529,-33.94611,525.78 18.4548,-33.94492,518.1600000000001 18.4544,-33.94403,510.54 18.45384,-33.94295,502.92 18.4535,-33.94226,495.3 18.45291,-33.94124,495.3 18.45238,-33.94029,487.68 18.45194,-33.93956,487.68 18.45142,-33.93858,495.3 18.45097,-33.93779,495.3 18.45051,-33.93691,487.68 18.45008,-33.93608,480.06 18.44969,-33.93535,472.44 18.44918,-33.93443,464.82000000000005 18.44885,-33.93388,457.20000000000005 18.44839,-33.933,457.20000000000005 18.44793,-33.93216,449.58000000000004 18.44765,-33.93151,441.96000000000004 18.4473,-33.93076,434.34000000000003 18.44685,-33.92983,419.1 18.44645,-33.92899,411.48 18.44621,-33.92834,403.86 18.44582,-33.92751,403.86 18.44554,-33.9267,388.62 18.44509,-33.9256,388.62 18.44481,-33.92473,373.38 18.44448,-33.92377,365.76 18.44416,-33.92289,350.52000000000004 18.44381,-33.92192,342.90000000000003 18.44358,-33.92116,335.28000000000003 18.4433,-33.92033,335.28000000000003 18.44302,-33.91924,327.66 18.44285,-33.91859,320.04 18.44263,-33.9175,312.42 18.44238,-33.91642,304.8 18.44223,-33.91548,304.8 18.4421,-33.91442,289.56 18.44195,-33.91342,281.94 18.44193,-33.91256,266.7 18.44184,-33.91154,259.08000000000004 18.44184,-33.91077,251.46 18.44179,-33.90981,236.22 18.44175,-33.90884,236.22 18.44175,-33.90786,228.60000000000002 18.44179,-33.9071,220.98000000000002 18.44184,-33.90601,213.36 18.44187,-33.90506,213.36 18.44195,-33.90436,205.74 18.44201,-33.90344,205.74 18.4419,-33.90257,198.12 18.44158,-33.90162,182.88 18.44117,-33.90106,182.88 18.44066,-33.90056,167.64000000000001 18.43969,-33.89999,160.02 18.43901,-33.89976,152.4 18.43843,-33.89967,144.78 18.437,-33.89952,137.16 18.43545,-33.8996,114.30000000000001 18.43456,-33.89964,99.06 18.43374,-33.89976,91.44 18.43088,-33.90041,53.34 18.42968,-33.90083,38.1 18.42899,-33.9012,30.48 18.42819,-33.90129,22.86 18.42785,-33.90125,22.86 18.4276,-33.90125,15.24 18.42739,-33.90111,22.86 18.42721,-33.90083,30.48 18.42716,-33.90055,30.48 18.42733,-33.90004,38.1 18.42768,-33.89962,38.1 18.42816,-33.89932,45.72 18.42882,-33.89897,53.34 18.42934,-33.89874,53.34 18.43013,-33.89836,68.58 18.43088,-33.89799,76.2 18.43134,-33.89776,83.82000000000001 18.43214,-33.89734,99.06 18.43271,-33.89701,99.06 18.43346,-33.89659,106.68 18.43405,-33.89621,114.30000000000001 18.43472,-33.89571,121.92 18.43528,-33.89525,121.92 18.43584,-33.89479,144.78 18.43646,-33.89424,144.78 18.43702,-33.89365,152.4 18.43735,-33.89305,160.02 18.43764,-33.8925,175.26000000000002 18.43792,-33.89166,190.5 18.43809,-33.89099,198.12 18.4382,-33.89017,213.36 18.43826,-33.88933,220.98000000000002 18.43825,-33.88843,228.60000000000002 18.4382,-33.8876,243.84 18.43809,-33.88687,251.46 18.43798,-33.88612,266.7 18.43781,-33.88528,281.94 18.43758,-33.88463,297.18 18.43736,-33.8839,304.8 18.43702,-33.88326,320.04 18.4366,-33.88263,335.28000000000003 18.43615,-33.88198,335.28000000000003 18.43557,-33.88128,342.90000000000003 18.435,-33.88069,350.52000000000004 18.43426,-33.88007,350.52000000000004 18.43349,-33.87941,358.14000000000004 18.43283,-33.87895,365.76 18.43168,-33.8782,381 18.43094,-33.87778,396.24 18.43025,-33.87741,403.86 18.42939,-33.877,411.48 18.42867,-33.87666,419.1 18.42777,-33.87639,426.72 18.42693,-33.87611,434.34000000000003 18.42602,-33.87588,449.58000000000004 18.42499,-33.87564,457.20000000000005 18.4243,-33.8755,464.82000000000005 18.4234,-33.87529,472.44 18.42239,-33.87515,480.06 18.42138,-33.87506,487.68 18.4207,-33.87499,495.3 18.4199,-33.87495,502.92 18.41891,-33.87492,510.54 18.41819,-33.87488,510.54 18.41707,-33.87488,518.1600000000001 18.41629,-33.8749,525.78 18.41549,-33.8749,533.4 18.41446,-33.8749,541.02 18.4137,-33.87492,548.64 18.41292,-33.87492,556.26 18.41217,-33.87495,563.88 18.41129,-33.87497,563.88 18.41056,-33.87502,571.5 18.40984,-33.87511,579.12 18.40885,-33.87518,586.74 18.40805,-33.87532,594.36 18.4072,-33.87552,601.98 18.40664,-33.87566,601.98 18.40574,-33.87593,609.6 18.40496,-33.87621,617.22 18.40412,-33.87648,624.84 18.40324,-33.87681,632.46 18.4026,-33.87703,640.08 18.40181,-33.87732,647.7 18.4009,-33.87765,655.32 18.40019,-33.87785,662.94 18.39941,-33.87813,670.5600000000001 18.39868,-33.8784,670.5600000000001 18.39787,-33.87872,678.1800000000001 18.39706,-33.87904,693.4200000000001 18.39633,-33.87936,701.0400000000001 18.39565,-33.87959,716.2800000000001 18.39498,-33.87987,723.9000000000001 18.3942,-33.88014,731.52 18.39357,-33.88039,739.14 18.3928,-33.88069,746.76 18.3922,-33.88095,754.38 18.39145,-33.88124,762 18.39083,-33.88151,762 18.39016,-33.88179,762 18.38923,-33.88221,762 18.38837,-33.88266,769.62 18.38757,-33.88309,769.62 18.38668,-33.88362,777.24 18.38608,-33.88398,777.24 18.38522,-33.88458,777.24 18.38433,-33.88518,769.62 18.38356,-33.8857,769.62 18.38287,-33.88618,762 18.3819,-33.88686,769.62 18.3811,-33.88742,762 18.38036,-33.88798,762 18.37944,-33.88858,762 18.37889,-33.88898,762 18.37772,-33.8898,762 18.37698,-33.8904,762 18.37618,-33.89105,762 18.37526,-33.89175,754.38 18.37441,-33.89255,754.38 18.37372,-33.8931,754.38 18.37284,-33.89388,754.38 18.37229,-33.89436,754.38 18.37149,-33.89506,754.38 18.37054,-33.89589,746.76 18.36988,-33.89641,746.76 18.36914,-33.89708,746.76 18.36819,-33.8979,746.76 18.36735,-33.89864,746.76 18.36645,-33.89948,746.76 18.36565,-33.90027,746.76 18.36505,-33.90088,746.76 18.36422,-33.90171,746.76 18.36359,-33.90241,754.38 18.36281,-33.90335,754.38 18.36225,-33.90404,754.38 18.36163,-33.90491,754.38 18.36107,-33.90573,762 18.36057,-33.90646,769.62 18.36004,-33.9073,769.62 18.35958,-33.90805,777.24 18.35911,-33.90889,784.86 18.35878,-33.90944,792.48 18.35827,-33.91037,800.1 18.35787,-33.91112,807.72 18.35741,-33.91214,822.96 18.35709,-33.91283,830.58 18.35681,-33.91351,838.2 18.35655,-33.91419,845.82 18.35632,-33.91484,853.44 18.35597,-33.9158,861.0600000000001 18.35575,-33.91652,868.6800000000001 18.35558,-33.91713,868.6800000000001 18.35529,-33.91796,876.3000000000001 18.35506,-33.9188,883.9200000000001 18.35485,-33.91956,891.5400000000001 18.35462,-33.92047,891.5400000000001 18.35434,-33.92139,899.1600000000001 18.35417,-33.92207,906.7800000000001 18.35395,-33.92281,906.7800000000001 18.35367,-33.92377,914.4000000000001 18.3534,-33.92466,922.0200000000001 18.35322,-33.92542,922.0200000000001 18.35294,-33.92624,929.6400000000001 18.35272,-33.92699,937.26 18.35249,-33.92774,937.26 18.35216,-33.92862,944.88 18.35188,-33.9294,944.88 18.3516,-33.93027,952.5 18.35129,-33.93109,952.5 18.35098,-33.93187,960.12 18.35072,-33.93267,967.74 18.35048,-33.93338,975.36 18.35019,-33.93416,975.36 18.34986,-33.93504,982.98 18.34963,-33.93567,982.98 18.34929,-33.93672,990.6 18.34906,-33.93747,998.22 18.34871,-33.93844,1005.84 18.34846,-33.93919,1005.84 18.34818,-33.93997,1005.84 18.34795,-33.9407,1013.46 18.34773,-33.94144,1013.46 18.34734,-33.94277,1021.08 18.34711,-33.94368,1021.08 18.34689,-33.94446,1028.7 18.34665,-33.94533,1028.7 18.34642,-33.94626,1028.7 18.34616,-33.94716,1028.7 18.34554,-33.94963,1036.3200000000002 18.3447,-33.95247,1036.3200000000002 18.34373,-33.95534,1043.94 18.34341,-33.95618,1043.94 18.34311,-33.95697,1043.94 18.34274,-33.95782,1051.56 18.34242,-33.95865,1051.56 18.34201,-33.95956,1059.18 18.34151,-33.96053,1059.18 18.34117,-33.9613,1066.8 18.34082,-33.962,1066.8 18.34024,-33.96312,1066.8 18.33979,-33.96405,1066.8 18.33926,-33.96501,1066.8 18.33876,-33.96597,1066.8 18.33837,-33.96684,1066.8 18.33786,-33.96776,1066.8 18.3375,-33.96847,1074.42 18.33693,-33.96945,1074.42 18.33641,-33.97037,1082.04 18.33601,-33.97112,1082.04 18.33551,-33.97202,1082.04 18.335,-33.97293,1082.04 18.33456,-33.97366,1082.04 18.33401,-33.97461,1074.42 18.33349,-33.97545,1074.42 18.33303,-33.97624,1074.42 18.33246,-33.97718,1074.42 18.33092,-33.97997,1074.42 18.32926,-33.9829,1074.42 18.32789,-33.98557,1074.42 18.32587,-33.98959,1059.18 18.32553,-33.99051,1059.18 18.32514,-33.99165,1059.18 18.32474,-33.99282,1059.18 18.32451,-33.99375,1059.18 18.32422,-33.99491,1051.56 18.32407,-33.99605,1051.56 18.32399,-33.99705,1051.56 18.32399,-33.99836,1043.94 18.32399,-33.99938,1043.94 18.32411,-34.00059,1036.3200000000002 18.32422,-34.00157,1036.3200000000002 18.32441,-34.00301,1036.3200000000002 18.32458,-34.00401,1036.3200000000002 18.3248,-34.00497,1043.94 18.32503,-34.00616,1051.56 18.32525,-34.00731,1051.56 18.32548,-34.00846,1051.56 18.32564,-34.00932,1051.56 18.32594,-34.01065,1043.94 18.32626,-34.0117,1043.94 18.32663,-34.01297,1043.94 18.32705,-34.01404,1036.3200000000002 18.32737,-34.01498,1036.3200000000002 18.32789,-34.01624,1036.3200000000002 18.32822,-34.0172,1036.3200000000002 18.32873,-34.01839,1028.7 18.32918,-34.01953,1036.3200000000002 18.3296,-34.0207,1036.3200000000002 18.32996,-34.02155,1036.3200000000002 18.3303,-34.02246,1043.94 18.33057,-34.02345,1036.3200000000002 18.33086,-34.02457,1036.3200000000002 18.33115,-34.02578,1036.3200000000002 18.33125,-34.02663,1036.3200000000002 18.33147,-34.02805,1036.3200000000002 18.33153,-34.02878,1043.94 18.33164,-34.02988,1043.94 18.33164,-34.0307,1043.94 18.3317,-34.0318,1043.94 18.33172,-34.03285,1043.94 18.3317,-34.03372,1043.94 18.33166,-34.0349,1043.94 18.33164,-34.03596,1043.94 18.3316,-34.0369,1043.94 18.33155,-34.03765,1043.94 18.33149,-34.03895,1043.94 18.33142,-34.04041,1043.94 18.33142,-34.04141,1043.94 18.33147,-34.04219,1043.94 18.3316,-34.04323,1043.94 18.33187,-34.04434,1043.94 18.33215,-34.04544,1043.94 18.33252,-34.04668,1043.94 18.33282,-34.04755,1043.94 18.33332,-34.04874,1043.94 18.33377,-34.0497,1043.94 18.33424,-34.05077,1043.94 18.33469,-34.05166,1043.94 18.33549,-34.05296,1043.94 18.33613,-34.054,1043.94 18.33674,-34.05492,1043.94 18.33738,-34.05585,1043.94 18.3379,-34.05659,1043.94 18.33864,-34.05766,1043.94 18.33926,-34.05849,1043.94 18.34002,-34.05943,1043.94 18.34078,-34.06041,1051.56 18.34162,-34.06139,1051.56 18.34229,-34.0621,1051.56 18.34336,-34.0632,1059.18 18.34408,-34.06395,1059.18 18.34459,-34.06448,1059.18 18.34545,-34.06539,1066.8 18.34633,-34.06631,1066.8 18.34711,-34.06707,1066.8 18.34801,-34.06796,1074.42 18.34871,-34.06865,1074.42 18.34963,-34.06958,1074.42 18.35049,-34.07047,1074.42 18.35129,-34.07126,1074.42 18.35197,-34.072,1074.42 18.35283,-34.07291,1066.8 18.3535,-34.07368,1066.8 18.35426,-34.07452,1066.8 18.35506,-34.07545,1066.8 18.35574,-34.07629,1066.8 18.35644,-34.07717,1059.18 18.35724,-34.07819,1059.18 18.35804,-34.07927,1051.56 18.35884,-34.08038,1036.3200000000002 18.35953,-34.08126,1028.7 18.3605,-34.08252,1021.08 18.36107,-34.08336,1005.84 18.36216,-34.0849,998.22 18.36281,-34.08591,990.6 18.36359,-34.08705,982.98 18.36422,-34.08802,975.36 18.36491,-34.08908,967.74 18.36565,-34.09034,960.12 18.36628,-34.09127,952.5 18.36679,-34.09218,952.5 18.36754,-34.09346,944.88 18.36817,-34.09458,937.26 18.36868,-34.09556,937.26 18.36937,-34.09685,929.6400000000001 18.36988,-34.09774,922.0200000000001 18.37043,-34.09882,922.0200000000001 18.37093,-34.09987,922.0200000000001 18.37149,-34.10096,914.4000000000001 18.37194,-34.10179,914.4000000000001 18.37263,-34.10305,906.7800000000001 18.3732,-34.10394,906.7800000000001 18.37391,-34.10504,899.1600000000001 18.37469,-34.10612,899.1600000000001 18.37547,-34.10715,899.1600000000001 18.37632,-34.10811,891.5400000000001 18.37704,-34.10893,891.5400000000001 18.37778,-34.10971,883.9200000000001 18.3787,-34.11064,876.3000000000001 18.37945,-34.11145,868.6800000000001 18.38018,-34.11213,861.0600000000001 18.38119,-34.1131,853.44 18.38198,-34.11383,853.44 18.38316,-34.11492,845.82 18.38413,-34.11576,845.82 18.38499,-34.1165,845.82 18.38601,-34.11731,845.82 18.38694,-34.11809,838.2 18.38769,-34.11868,838.2 18.38877,-34.11944,838.2 18.38945,-34.1199,838.2 18.39061,-34.12061,830.58 18.39156,-34.12111,822.96 18.39277,-34.12172,822.96 18.39386,-34.12223,815.34 18.39492,-34.12267,815.34 18.39621,-34.12326,815.34 18.39741,-34.12372,807.72 18.39846,-34.12418,800.1 18.3998,-34.12473,800.1 18.40081,-34.12514,800.1 18.40187,-34.12558,792.48 18.403,-34.12605,784.86 18.40423,-34.12656,784.86 18.40529,-34.12697,777.24 18.4063,-34.12743,762 18.40782,-34.12805,762 18.40862,-34.12842,754.38 18.40977,-34.12889,754.38 18.41097,-34.12945,754.38 18.41224,-34.12999,754.38 18.41331,-34.13042,754.38 18.41429,-34.13089,754.38 18.41527,-34.13132,746.76 18.41639,-34.13182,746.76 18.41757,-34.13237,739.14 18.41835,-34.13274,739.14 18.41961,-34.13327,731.52 18.42088,-34.13383,731.52 18.4219,-34.13433,731.52 18.42287,-34.1348,723.9000000000001 18.42407,-34.13539,723.9000000000001 18.42516,-34.13592,716.2800000000001 18.42636,-34.13648,716.2800000000001 18.42739,-34.13694,708.6600000000001 18.42871,-34.13755,708.6600000000001 18.42962,-34.138,708.6600000000001 18.43074,-34.1385,708.6600000000001 18.43209,-34.13905,701.0400000000001 18.43315,-34.13956,708.6600000000001 18.43416,-34.13997,701.0400000000001 18.43546,-34.14048,693.4200000000001 18.43657,-34.14093,693.4200000000001 18.43758,-34.14139,685.8000000000001 18.43866,-34.14183,685.8000000000001 18.43988,-34.1423,678.1800000000001 18.44095,-34.14272,678.1800000000001 18.4419,-34.14313,678.1800000000001 18.44324,-34.14368,678.1800000000001 18.44439,-34.14416,678.1800000000001 18.4456,-34.14459,678.1800000000001 18.44667,-34.14495,678.1800000000001 18.44778,-34.14528,685.8000000000001 18.44885,-34.1456,685.8000000000001 18.45008,-34.14592,685.8000000000001 18.45115,-34.14615,693.4200000000001 18.45234,-34.14639,693.4200000000001 18.45348,-34.14658,701.0400000000001 18.45485,-34.14679,701.0400000000001 18.45591,-34.14688,708.6600000000001 18.4572,-34.14686,716.2800000000001 18.45854,-34.1467,716.2800000000001 18.45955,-34.14648,716.2800000000001 18.46118,-34.14587,716.2800000000001 18.46212,-34.14542,708.6600000000001 18.46333,-34.14462,708.6600000000001 18.46421,-34.14395,701.0400000000001 18.46516,-34.14308,701.0400000000001 18.46589,-34.14226,701.0400000000001 18.46659,-34.14137,701.0400000000001 18.46746,-34.14015,693.4200000000001 18.46825,-34.13904,693.4200000000001 18.46893,-34.13797,693.4200000000001 18.46968,-34.13685,685.8000000000001 18.47043,-34.13571,685.8000000000001 18.47082,-34.13507,685.8000000000001 18.47174,-34.13359,678.1800000000001 18.47233,-34.1326,678.1800000000001 18.47306,-34.13145,670.5600000000001 18.47374,-34.13028,670.5600000000001 18.47446,-34.12912,678.1800000000001 18.47514,-34.12802,678.1800000000001 18.47569,-34.12717,670.5600000000001 18.47643,-34.12592,670.5600000000001 18.47694,-34.12498,670.5600000000001 18.47766,-34.12363,670.5600000000001 18.4782,-34.1227,670.5600000000001 18.47884,-34.12152,662.94 18.47935,-34.12051,662.94 18.47979,-34.11955,662.94 18.48024,-34.11859,670.5600000000001 18.48063,-34.11758,662.94 18.48106,-34.11655,655.32 18.48158,-34.11511,647.7 18.48198,-34.11401,647.7 18.48227,-34.11301,640.08 18.48272,-34.11143,632.46 18.48287,-34.11063,632.46 18.48315,-34.10925,632.46 18.48332,-34.10783,632.46 18.48341,-34.10645,617.22 18.48352,-34.10515,617.22 18.48358,-34.10403,609.6 18.48364,-34.10258,609.6 18.48371,-34.10156,609.6 18.48377,-34.10033,601.98 18.48387,-34.09919,601.98 18.48394,-34.09799,601.98 18.48398,-34.09686,601.98 18.48404,-34.09579,609.6 18.48405,-34.09447,609.6 18.48405,-34.09309,609.6 18.48404,-34.09193,609.6 18.48398,-34.0909,609.6 18.48398,-34.08988,609.6 18.48398,-34.08867,617.22 18.48394,-34.0876,617.22 18.48392,-34.08652,609.6 18.48392,-34.08546,609.6 18.48394,-34.08449,601.98 18.48399,-34.08307,594.36 18.4841,-34.08197,594.36 18.48427,-34.08069,594.36 18.48444,-34.07945,586.74 18.48466,-34.07813,579.12 18.48495,-34.07689,571.5 18.48528,-34.07542,571.5 18.48553,-34.07452,563.88 18.48584,-34.07309,556.26 18.48612,-34.07199,556.26 18.48652,-34.07053,556.26 18.4868,-34.06943,548.64 18.48713,-34.068,533.4 18.48736,-34.06691,533.4 18.48759,-34.06548,533.4 18.4878,-34.0643,533.4 18.48799,-34.06297,525.78 18.48816,-34.06157,518.1600000000001 18.48827,-34.06018,510.54 18.48839,-34.05892,502.92 18.48845,-34.05776,502.92 18.4885,-34.05659,495.3 18.48856,-34.05543,495.3 18.48867,-34.0538,487.68 18.48876,-34.05235,480.06 18.4889,-34.05115,480.06 18.48902,-34.04975,472.44 18.48921,-34.04855,472.44 18.48942,-34.04747,464.82000000000005 18.48965,-34.04608,472.44 18.48993,-34.04482,472.44 18.49022,-34.04361,472.44 18.49044,-34.0426,472.44 18.49066,-34.04141,464.82000000000005 18.49094,-34.0399,457.20000000000005 18.49113,-34.03848,457.20000000000005 18.49122,-34.03734,449.58000000000004 18.49133,-34.03587,449.58000000000004 18.49139,-34.03473,449.58000000000004 18.49139,-34.03363,449.58000000000004 18.49136,-34.03225,449.58000000000004 18.49128,-34.03098,449.58000000000004 18.49119,-34.02983,449.58000000000004 18.49102,-34.02824,457.20000000000005 18.49091,-34.02717,449.58000000000004 18.49073,-34.02582,457.20000000000005 18.49056,-34.02457,457.20000000000005 18.49039,-34.02354,457.20000000000005 18.49022,-34.02224,457.20000000000005 18.49005,-34.02127,457.20000000000005 18.48982,-34.01999,457.20000000000005 18.48959,-34.01875,457.20000000000005 18.48942,-34.01749,457.20000000000005 18.48921,-34.01624,457.20000000000005 18.48902,-34.01525,457.20000000000005 18.48873,-34.01386,457.20000000000005 18.48782,-34.00934,457.20000000000005 18.48719,-34.00571,449.58000000000004 18.48701,-34.00446,449.58000000000004 18.48685,-34.00333,449.58000000000004 18.48673,-34.00222,449.58000000000004 18.48656,-34.00064,449.58000000000004 18.4865,-33.99975,457.20000000000005 18.4864,-33.99843,449.58000000000004 18.48633,-33.99738,449.58000000000004 18.48623,-33.99623,449.58000000000004 18.48621,-33.99468,457.20000000000005 18.48612,-33.99335,457.20000000000005 18.4861,-33.99244,457.20000000000005 18.48604,-33.99105,457.20000000000005 18.48601,-33.98982,457.20000000000005 18.48601,-33.98895,457.20000000000005 18.48601,-33.9879,457.20000000000005 18.4861,-33.9842,457.20000000000005 18.4861,-33.98016,449.58000000000004 18.48598,-33.97652,449.58000000000004 18.48567,-33.97151,449.58000000000004 18.48562,-33.97018,441.96000000000004 18.48562,-33.96895,449.58000000000004 18.48558,-33.96777,441.96000000000004 18.48551,-33.96625,434.34000000000003 18.48545,-33.9651,434.34000000000003 18.48536,-33.96391,426.72 18.48523,-33.96245,426.72 18.48513,-33.96102,419.1 18.48501,-33.95972,411.48 18.48495,-33.95837,403.86 18.48483,-33.95682,403.86 18.48478,-33.95572,403.86 18.48467,-33.95432,396.24 18.48455,-33.95292,396.24 18.4845,-33.9519,388.62 18.48433,-33.95036,388.62 18.48427,-33.9494,388.62 18.4841,-33.94789,381 18.48394,-33.94688,373.38 18.48377,-33.94547,365.76 18.48358,-33.94436,365.76 18.48335,-33.94305,350.52000000000004 18.48307,-33.94165,358.14000000000004 18.48276,-33.94048,358.14000000000004 18.48242,-33.93933,358.14000000000004 18.48204,-33.93793,358.14000000000004 18.4817,-33.93681,350.52000000000004 18.48136,-33.93558,350.52000000000004 18.48091,-33.9343,350.52000000000004 18.48049,-33.93323,350.52000000000004 18.48007,-33.9321,342.90000000000003 18.47952,-33.93085,350.52000000000004 18.47889,-33.92958,350.52000000000004 18.47826,-33.92848,350.52000000000004 18.47769,-33.92751,350.52000000000004 18.47689,-33.9262,350.52000000000004 18.47614,-33.92527,350.52000000000004 18.47525,-33.92413,342.90000000000003 18.47431,-33.92313,342.90000000000003 18.47329,-33.92207,350.52000000000004 18.47231,-33.92126,350.52000000000004 18.47144,-33.92052,342.90000000000003 18.4702,-33.9196,335.28000000000003 18.46893,-33.91875,327.66 18.46802,-33.91809,320.04 18.46645,-33.91708,320.04 18.46527,-33.91633,312.42 18.46418,-33.91573,312.42 18.46304,-33.91507,304.8 18.46202,-33.91447,304.8 18.46052,-33.91363,297.18 18.45938,-33.91292,297.18 18.45827,-33.91219,297.18 18.45731,-33.91154,289.56 18.45612,-33.9107,289.56 18.45513,-33.90999,281.94 18.45423,-33.90939,266.7 18.4532,-33.90865,259.08000000000004 18.45199,-33.90779,251.46 18.45103,-33.90715,243.84 18.44971,-33.90618,228.60000000000002 18.44879,-33.90558,213.36 18.44767,-33.90477,205.74 18.44694,-33.90431,198.12 18.44599,-33.90367,190.5 18.44456,-33.90279,167.64000000000001 18.4433,-33.90225,160.02 18.44212,-33.90189,144.78 18.44111,-33.9017,129.54000000000002 18.44015,-33.90162,121.92 18.43912,-33.90157,121.92 18.43798,-33.90157,114.30000000000001 18.43723,-33.90157,106.68 18.43635,-33.90157,99.06 18.43265,-33.90207,68.58 18.43203,-33.90216,68.58 18.43125,-33.90225,60.96 18.43025,-33.90223,53.34 18.42917,-33.90175,45.72 18.42888,-33.90162,38.1 18.42828,-33.90138,30.48 18.42794,-33.90129,30.48 18.42768,-33.9012,22.86 18.42745,-33.9012,22.86 18.42715,-33.90047,30.48 18.42722,-33.90018,38.1 18.42749,-33.89969,38.1 18.42768,-33.89948,38.1 18.42816,-33.899,45.72 18.42871,-33.89855,38.1 18.42899,-33.89836,38.1 18.42973,-33.89777,45.72 18.43052,-33.89713,45.72 18.431,-33.89673,53.34 18.4318,-33.89594,68.58 18.43225,-33.89543,83.82000000000001 18.43287,-33.89479,91.44 18.43332,-33.89424,99.06 18.43386,-33.89371,106.68 18.43444,-33.89301,114.30000000000001 18.43495,-33.89246,121.92 18.43557,-33.89175,129.54000000000002 18.43612,-33.89104,129.54000000000002 18.43674,-33.89026,144.78 18.43712,-33.88966,152.4 18.43758,-33.88875,160.02 18.43781,-33.88806,167.64000000000001 18.43797,-33.88733,175.26000000000002 18.43803,-33.88678,182.88 18.43809,-33.88589,198.12 18.43803,-33.88504,205.74 18.43792,-33.8843,213.36 18.43775,-33.88358,213.36 18.43752,-33.88291,220.98000000000002 18.43713,-33.88206,228.60000000000002 18.43668,-33.88138,236.22 18.43609,-33.88058,243.84 18.43539,-33.87987,251.46 18.43483,-33.87932,251.46 18.43399,-33.87868,259.08000000000004 18.43323,-33.87816,266.7 18.43248,-33.87772,274.32 18.43175,-33.87726,281.94 18.43085,-33.8768,289.56 18.43013,-33.87643,297.18 18.42916,-33.87602,304.8 18.42813,-33.87564,312.42 18.42721,-33.87529,320.04 18.42636,-33.87504,327.66 18.42539,-33.87481,335.28000000000003 18.42441,-33.87456,342.90000000000003 18.42351,-33.87442,350.52000000000004 18.42258,-33.87429,358.14000000000004 18.42167,-33.8742,365.76 18.42082,-33.87415,373.38 18.4199,-33.87411,381 18.41909,-33.87411,388.62 18.41766,-33.87411,396.24 18.41681,-33.8742,403.86 18.416,-33.87425,411.48 18.41505,-33.87433,419.1 18.41398,-33.87447,426.72 18.41348,-33.87451,426.72 18.41251,-33.87467,434.34000000000003 18.41135,-33.87488,441.96000000000004 18.41051,-33.87504,449.58000000000004 18.40944,-33.87529,449.58000000000004 18.40857,-33.8755,457.20000000000005 18.40765,-33.87579,464.82000000000005 18.40691,-33.87597,472.44 18.40605,-33.87625,480.06 18.40525,-33.87648,480.06 18.40429,-33.87671,487.68 18.40361,-33.87694,487.68 18.4026,-33.87726,495.3 18.40181,-33.87755,502.92 18.40124,-33.87774,502.92 18.40038,-33.87811,518.1600000000001 18.39952,-33.87848,525.78 18.39884,-33.87877,533.4 18.39812,-33.87904,541.02 18.39739,-33.87936,541.02 18.39666,-33.87968,548.64 18.39581,-33.88007,556.26 18.39509,-33.88037,556.26 18.39437,-33.88067,563.88 18.39358,-33.88106,571.5 18.39289,-33.88137,571.5 18.39207,-33.88179,579.12 18.3914,-33.88211,579.12 18.39072,-33.88248,579.12 18.38985,-33.88295,579.12 18.38905,-33.88346,579.12 18.38814,-33.88403,586.74 18.38747,-33.88449,594.36 18.38674,-33.88495,594.36 18.38585,-33.88551,601.98 18.38522,-33.88593,609.6 18.38444,-33.88641,617.22 18.38385,-33.88682,624.84 18.38316,-33.88728,632.46 18.38248,-33.88779,647.7 18.38196,-33.88812,655.32 18.38127,-33.88863,662.94 18.38074,-33.88902,670.5600000000001 18.38007,-33.88947,678.1800000000001 18.37951,-33.8898,685.8000000000001 18.37881,-33.89026,693.4200000000001 18.37824,-33.89073,708.6600000000001 18.37772,-33.8911,708.6600000000001 18.37727,-33.89149,716.2800000000001 18.37658,-33.89203,731.52 18.37606,-33.89245,739.14 18.37549,-33.89291,746.76 18.37498,-33.89333,754.38 18.37452,-33.89371,754.38 18.37391,-33.8942,762 18.37332,-33.89473,762 18.37292,-33.89506,762 18.37212,-33.89576,762 18.37143,-33.89631,762 18.37091,-33.89673,762 18.37015,-33.89735,762 18.3696,-33.8978,769.62 18.36891,-33.89841,769.62 18.36819,-33.89905,769.62 18.36765,-33.89962,769.62 18.36712,-33.90019,769.62 18.36639,-33.90102,777.24 18.36589,-33.90157,777.24 18.36539,-33.90207,777.24 18.36462,-33.90288,777.24 18.3641,-33.9034,769.62 18.36337,-33.90417,769.62 18.36275,-33.90477,769.62 18.36199,-33.90553,762 18.36142,-33.90614,762 18.36079,-33.90683,762 18.36006,-33.90761,754.38 18.35953,-33.90818,762 18.35878,-33.90902,754.38 18.35827,-33.90958,762 18.35759,-33.9104,762 18.35701,-33.91107,762 18.35632,-33.91191,762 18.35581,-33.91261,754.38 18.35529,-33.9133,754.38 18.35468,-33.91415,754.38 18.35426,-33.91484,762 18.35373,-33.91571,762 18.35339,-33.9164,762 18.353,-33.91713,762 18.35266,-33.91786,762 18.35226,-33.9188,769.62 18.35197,-33.91954,769.62 18.35163,-33.92043,769.62 18.35123,-33.92154,769.62 18.35094,-33.92248,769.62 18.3507,-33.92336,769.62 18.35053,-33.92404,762 18.35025,-33.925,762 18.35008,-33.92578,769.62 18.3498,-33.92667,769.62 18.34963,-33.92747,769.62 18.34934,-33.92844,769.62 18.34907,-33.92944,769.62 18.34891,-33.93022,769.62 18.3486,-33.93123,769.62 18.34837,-33.93211,769.62 18.34757,-33.93481,769.62 18.34683,-33.93745,762 18.34631,-33.9397,754.38 18.34614,-33.94068,754.38 18.34605,-33.94148,746.76 18.34599,-33.94281,754.38 18.34608,-33.94347,754.38 18.34633,-33.94446,762 18.34671,-33.94533,762 18.34734,-33.94622,769.62 18.34797,-33.94682,769.62 18.349,-33.94748,762 18.34997,-33.94794,762 18.35115,-33.94826,762 18.35277,-33.94844,762 18.35384,-33.94835,762 18.35489,-33.94817,762 18.35621,-33.94771,762 18.35709,-33.9472,762 18.35799,-33.94656,754.38 18.35883,-33.94569,754.38 18.3595,-33.94478,762 18.36006,-33.94377,769.62 18.36057,-33.94276,769.62 18.36107,-33.94157,769.62 18.36147,-33.94068,769.62 18.36187,-33.93979,777.24 18.3623,-33.93869,777.24 18.36279,-33.93761,769.62 18.3632,-33.93649,769.62 18.36359,-33.93551,769.62 18.36404,-33.93439,769.62 18.36443,-33.93329,769.62 18.36477,-33.93242,769.62 18.36502,-33.93174,769.62 18.36542,-33.93067,777.24 18.36582,-33.9296,777.24 18.36708,-33.92667,769.62 18.36748,-33.92574,762 18.36847,-33.92363,762 18.36897,-33.92266,762 18.36953,-33.92157,769.62 18.36994,-33.92071,769.62 18.37051,-33.91978,769.62 18.37126,-33.91847,769.62 18.37172,-33.91763,769.62 18.37234,-33.91667,762 18.37286,-33.91587,762 18.37374,-33.91461,746.76 18.37446,-33.91368,739.14 18.37525,-33.91269,723.9000000000001 18.37595,-33.91186,723.9000000000001 18.37704,-33.91072,716.2800000000001 18.37783,-33.9099,708.6600000000001 18.37873,-33.90898,708.6600000000001 18.37979,-33.90802,701.0400000000001 18.38087,-33.90702,693.4200000000001 18.3817,-33.90628,685.8000000000001 18.38259,-33.90553,678.1800000000001 18.38379,-33.90451,670.5600000000001 18.3847,-33.90376,670.5600000000001 18.38562,-33.90302,662.94 18.3868,-33.90211,662.94 18.38797,-33.90129,655.32 18.38898,-33.90056,640.08 18.38999,-33.89987,632.46 18.39123,-33.89906,617.22 18.39252,-33.89822,609.6 18.39363,-33.89757,594.36 18.39478,-33.89692,586.74 18.39616,-33.89616,579.12 18.39739,-33.89557,571.5 18.39862,-33.89493,563.88 18.39981,-33.89441,556.26 18.40092,-33.89392,548.64 18.40249,-33.89333,541.02 18.40367,-33.89287,533.4 18.40496,-33.89236,525.78 18.40616,-33.89189,518.1600000000001 18.40765,-33.89136,518.1600000000001 18.40874,-33.89096,510.54 18.41023,-33.89049,502.92 18.4112,-33.89022,502.92 18.41269,-33.8898,495.3 18.41426,-33.88939,487.68 18.4155,-33.88907,480.06 18.41663,-33.88877,472.44 18.41819,-33.88843,464.82000000000005 18.41967,-33.88807,457.20000000000005 18.42088,-33.88783,449.58000000000004 18.4223,-33.88761,441.96000000000004 18.4239,-33.88737,434.34000000000003 18.42536,-33.88724,426.72 18.42632,-33.88715,426.72 18.428,-33.88705,411.48 18.42939,-33.88705,403.86 18.43091,-33.8871,388.62 18.43237,-33.88724,373.38 18.43355,-33.88737,365.76 18.43466,-33.88756,358.14000000000004 18.43579,-33.88783,335.28000000000003 18.43713,-33.88829,327.66 18.43826,-33.88891,320.04 18.43912,-33.88947,304.8 18.43988,-33.89012,289.56 18.4405,-33.89081,281.94 18.44106,-33.89172,259.08000000000004 18.44139,-33.89255,243.84 18.4417,-33.89357,228.60000000000002 18.44173,-33.89447,213.36 18.44164,-33.89561,198.12 18.44134,-33.89644,182.88 18.44101,-33.89724,175.26000000000002 18.44044,-33.89822,160.02 18.43998,-33.89892,152.4 18.43941,-33.89957,144.78 18.43876,-33.90024,137.16 18.43809,-33.90083,121.92 18.43735,-33.90134,114.30000000000001 18.43603,-33.90199,91.44 18.43506,-33.9023,83.82000000000001 18.43288,-33.90279,76.2 18.43174,-33.90288,60.96 18.43119,-33.90294,60.96 18.43002,-33.90288,53.34 18.42934,-33.90276,45.72 18.42894,-33.9026,45.72 18.42859,-33.90241,38.1 18.42825,-33.90213,38.1 18.42808,-33.90185,30.48 18.428,-33.90157,30.48 18.42779,-33.90129,22.86 18.42751,-33.9012,22.86 18.42727,-33.90125,22.86 18.42722,-33.90097,38.1 18.42749,-33.89992,53.34 18.42766,-33.89946,53.34 18.42791,-33.89892,53.34 18.42833,-33.89832,68.58 18.42884,-33.89767,68.58 18.42922,-33.89715,76.2 18.42968,-33.89648,83.82000000000001 18.42996,-33.89603,91.44 18.43052,-33.89529,106.68 18.43105,-33.8945,114.30000000000001 18.43136,-33.89401,121.92 18.43185,-33.8931,144.78 18.43231,-33.89232,160.02 18.4326,-33.89161,167.64000000000001 18.43294,-33.89077,182.88 18.43317,-33.88998,190.5 18.4334,-33.88914,213.36 18.43351,-33.8884,220.98000000000002 18.43366,-33.88756,236.22 18.43377,-33.88669,243.84 18.43388,-33.88577,259.08000000000004 18.43397,-33.885,266.7 18.43397,-33.88407,274.32 18.43388,-33.88339,289.56 18.43377,-33.88261,297.18 18.43357,-33.88188,312.42 18.43321,-33.88092,320.04 18.43287,-33.88019,327.66 18.43237,-33.87937,342.90000000000003 18.43186,-33.87859,350.52000000000004 18.43128,-33.87783,365.76 18.43074,-33.8773,373.38 18.42997,-33.87653,381 18.4294,-33.87602,388.62 18.4285,-33.87529,403.86 18.42788,-33.87479,411.48 18.4271,-33.87425,419.1 18.42636,-33.87374,426.72 18.42575,-33.87332,434.34000000000003 18.42499,-33.87285,449.58000000000004 18.42402,-33.87234,457.20000000000005 18.4234,-33.87199,472.44 18.42273,-33.87167,480.06 18.4219,-33.87132,487.68 18.42116,-33.87103,502.92 18.42032,-33.87076,518.1600000000001 18.41953,-33.87044,525.78 18.41846,-33.87011,541.02 18.41795,-33.86996,548.64 18.41726,-33.86973,563.88 18.41646,-33.86954,571.5 18.41572,-33.86943,586.74 18.41509,-33.86931,594.36 18.41423,-33.86922,609.6 18.41342,-33.86916,617.22 18.41269,-33.8692,624.84 18.412,-33.86922,624.84 18.41135,-33.86929,632.46 18.4104,-33.86941,640.08 18.40942,-33.86954,647.7 18.40871,-33.86966,655.32 18.40793,-33.86984,662.94 18.40714,-33.87006,662.94 18.4063,-33.87025,678.1800000000001 18.40535,-33.87053,685.8000000000001 18.40456,-33.87076,693.4200000000001 18.40376,-33.87104,701.0400000000001 18.403,-33.87126,708.6600000000001 18.40221,-33.8715,716.2800000000001 18.40136,-33.87178,731.52 18.40067,-33.87197,739.14 18.39998,-33.8722,746.76 18.39924,-33.87241,754.38 18.39838,-33.87271,762 18.39762,-33.87296,769.62 18.39672,-33.87328,769.62 18.39598,-33.87355,769.62 18.39512,-33.87387,769.62 18.39431,-33.87424,769.62 18.39352,-33.87456,769.62 18.39246,-33.87502,769.62 18.39163,-33.87537,769.62 18.39078,-33.87575,769.62 18.38994,-33.87621,769.62 18.38894,-33.87667,777.24 18.38814,-33.87709,777.24 18.38713,-33.87762,777.24 18.38652,-33.87794,777.24 18.38551,-33.87853,777.24 18.38439,-33.87923,777.24 18.38345,-33.87983,777.24 18.3827,-33.88034,777.24 18.38203,-33.88087,777.24 18.38102,-33.88165,777.24 18.38024,-33.88226,777.24 18.37951,-33.88289,769.62 18.3787,-33.88351,769.62 18.37807,-33.88403,769.62 18.37733,-33.88467,769.62 18.37652,-33.88537,762 18.37584,-33.88598,769.62 18.37508,-33.88664,769.62 18.37412,-33.88756,762 18.3734,-33.88824,762 18.37275,-33.88887,762 18.37211,-33.88957,762 18.37126,-33.8905,762 18.37054,-33.89127,762 18.37004,-33.89191,762 18.36931,-33.89287,762 18.36875,-33.89355,762 18.36811,-33.89441,762 18.36754,-33.8952,762 18.36684,-33.89607,762 18.36634,-33.89669,762 18.36571,-33.89753,769.62 18.3651,-33.89827,762 18.36445,-33.89911,762 18.36376,-33.90001,762 18.36319,-33.90069,762 18.36273,-33.90125,762 18.36073,-33.90395,762 18.35961,-33.90555,769.62 18.35913,-33.90628,769.62 18.35855,-33.90716,769.62 18.35798,-33.90795,769.62 18.35743,-33.90889,769.62 18.35698,-33.90953,769.62 18.35642,-33.91045,769.62 18.35609,-33.91103,769.62 18.35552,-33.91205,762 18.35506,-33.91279,762 18.35455,-33.91386,762 18.35415,-33.91465,762 18.35378,-33.91553,762 18.35329,-33.91656,762 18.35289,-33.91754,769.62 18.35249,-33.91829,769.62 18.35193,-33.91951,769.62 18.35146,-33.92048,769.62 18.35106,-33.92136,762 18.35054,-33.92238,762 18.35014,-33.92331,762 18.3498,-33.92409,762 18.34923,-33.92532,769.62 18.349,-33.92606,769.62 18.3486,-33.92713,777.24 18.34834,-33.92798,784.86 18.34814,-33.92885,784.86 18.34785,-33.92988,792.48 18.34763,-33.93085,800.1 18.34745,-33.93155,800.1 18.34723,-33.93272,800.1 18.347,-33.9337,807.72 18.34677,-33.93467,807.72 18.34655,-33.93544,807.72 18.34633,-33.93649,800.1 18.3461,-33.93732,800.1 18.34585,-33.93816,784.86 18.34562,-33.93924,784.86 18.34539,-33.94035,777.24 18.34494,-33.94254,777.24 18.34482,-33.94361,769.62 18.34487,-33.9446,769.62 18.34509,-33.94556,777.24 18.34543,-33.94666,777.24 18.34585,-33.94738,769.62 18.34655,-33.94839,762 18.34751,-33.94925,769.62 18.34843,-33.9498,762 18.34923,-33.95018,762 18.35064,-33.95055,762 18.35205,-33.95068,762 18.35384,-33.95045,769.62 18.35496,-33.95013,769.62 18.35619,-33.94954,769.62 18.35724,-33.94883,769.62 18.35804,-33.94803,777.24 18.35855,-33.94743,777.24 18.35944,-33.94629,777.24 18.3601,-33.94529,777.24 18.36061,-33.94436,769.62 18.3613,-33.94305,769.62 18.36164,-33.94231,769.62 18.36213,-33.94107,762 18.36258,-33.94011,762 18.36314,-33.93887,762 18.36353,-33.93787,762 18.36404,-33.93668,762 18.36451,-33.93537,769.62 18.36482,-33.93448,769.62 18.36522,-33.93333,769.62 18.36554,-33.9323,769.62 18.36595,-33.93118,769.62 18.36623,-33.93022,762 18.36662,-33.92894,762 18.3669,-33.92798,762 18.36725,-33.92694,762 18.3676,-33.92597,762 18.36802,-33.92477,762 18.36845,-33.92364,762 18.36891,-33.92271,769.62 18.36954,-33.92154,769.62 18.37023,-33.92048,769.62 18.37103,-33.91936,769.62 18.37166,-33.91852,769.62 18.37263,-33.91731,769.62 18.3734,-33.91644,769.62 18.37423,-33.91554,762 18.37503,-33.91475,762 18.37589,-33.91391,762 18.37688,-33.91292,762 18.37784,-33.91205,762 18.37878,-33.91118,769.62 18.37945,-33.91058,762 18.38052,-33.90958,762 18.38136,-33.90884,762 18.3822,-33.90807,762 18.38327,-33.90716,762 18.38419,-33.90632,754.38 18.38482,-33.90577,754.38 18.38585,-33.90491,739.14 18.38682,-33.904,723.9000000000001 18.38791,-33.90311,701.0400000000001 18.38915,-33.90202,685.8000000000001 18.39003,-33.90125,670.5600000000001 18.39128,-33.90027,662.94 18.39229,-33.89951,655.32 18.39352,-33.89868,640.08 18.39459,-33.89804,632.46 18.39599,-33.89722,617.22 18.397,-33.89671,609.6 18.39823,-33.89607,594.36 18.39941,-33.89548,579.12 18.40087,-33.89484,571.5 18.40193,-33.89436,563.88 18.40342,-33.8938,548.64 18.40462,-33.89333,533.4 18.40586,-33.89291,525.78 18.40748,-33.89245,510.54 18.40874,-33.89208,495.3 18.40994,-33.89175,480.06 18.41183,-33.89124,464.82000000000005 18.41275,-33.89099,457.20000000000005 18.41438,-33.89058,441.96000000000004 18.41561,-33.89026,426.72 18.41679,-33.88994,419.1 18.41806,-33.88961,411.48 18.41955,-33.88929,396.24 18.42105,-33.88893,381 18.42205,-33.8887,373.38 18.42346,-33.88838,365.76 18.4248,-33.88815,350.52000000000004 18.42632,-33.88792,342.90000000000003 18.42733,-33.88789,335.28000000000003 18.42911,-33.88784,320.04 18.43025,-33.88794,312.42 18.43168,-33.88817,304.8 18.43282,-33.88838,297.18 18.43409,-33.88877,281.94 18.43523,-33.88924,266.7 18.43615,-33.8897,251.46 18.43712,-33.8904,243.84 18.43775,-33.89096,236.22 18.43848,-33.89168,228.60000000000002 18.43893,-33.89236,213.36 18.43949,-33.89328,198.12 18.43975,-33.89403,190.5 18.43992,-33.89478,175.26000000000002 18.43994,-33.89548,167.64000000000001 18.43987,-33.89627,160.02 18.4396,-33.89713,137.16 18.43924,-33.89785,129.54000000000002 18.43866,-33.89855,121.92 18.43798,-33.89915,114.30000000000001 18.43735,-33.89952,106.68 18.43626,-33.89994,91.44 18.43472,-33.90013,76.2 18.43374,-33.90018,76.2 18.433,-33.90018,68.58 18.43203,-33.90013,60.96 18.43041,-33.90005,45.72 18.42974,-33.89999,45.72 18.42945,-33.90004,38.1 18.42848,-33.90013,30.48 18.42816,-33.90024,30.48 18.42796,-33.90032,30.48 18.42773,-33.90055,30.48 18.42749,-33.90079,22.86 18.42733,-33.90111,22.86</coordinates>
      </LineString>
    </Placemark>
  </Document>
</kml>
