<?xml version="1.0" encoding="UTF-8"?>
<kml xmlns="http://www.opengis.net/kml/2.2">
  <Document>
    <name>FR24 ZSHMB 3dc3cebf</name>
    <Placemark>
      <name>FR24 ZSHMB 3dc3cebf</name>
      <description><![CDATA[Source: ADS-B
Start (SAST): 2026-01-04 09:18:09
End (SAST): 2026-01-04 18:15:25
Points: 3650]]></description>
      <Style><LineStyle><color>ff0000ff</color><width>4</width></LineStyle></Style>
      <LineString>
        <tessellate>1</tessellate>
        <altitudeMode>absolute</altitudeMode>
        <coordinates>18.42722,-33.90129,30.48 18.42751,-33.90139,53.34 18.42808,-33.90144,68.58 18.4285,-33.90147,68.58 18.42912,-33.90147,76.2 18.42974,-33.90144,83.82000000000001 18.43013,-33.90143,91.44 18.4308,-33.90143,99.06 18.43145,-33.90139,99.06 18.43225,-33.90134,106.68 18.43294,-33.90129,114.30000000000001 18.43388,-33.90115,114.30000000000001 18.43472,-33.90097,114.30000000000001 18.43562,-33.90056,121.92 18.43632,-33.90009,121.92 18.43691,-33.89946,129.54000000000002 18.43747,-33.89859,137.16 18.43775,-33.89799,144.78 18.43809,-33.89703,144.78 18.43821,-33.89589,144.78 18.43821,-33.89464,144.78 18.43814,-33.89374,152.4 18.43798,-33.89245,152.4 18.43781,-33.89124,152.4 18.43764,-33.89008,160.02 18.43741,-33.88898,160.02 18.43729,-33.88835,167.64000000000001 18.43702,-33.88692,167.64000000000001 18.4368,-33.88582,175.26000000000002 18.43643,-33.88454,182.88 18.43603,-33.88361,190.5 18.4354,-33.88263,198.12 18.43494,-33.88207,198.12 18.43371,-33.88097,205.74 18.4326,-33.88025,213.36 18.43147,-33.87968,228.60000000000002 18.43029,-33.87914,236.22 18.4294,-33.87872,243.84 18.42816,-33.87827,251.46 18.42722,-33.87793,259.08000000000004 18.42602,-33.8776,274.32 18.42469,-33.87726,297.18 18.42362,-33.87703,304.8 18.42276,-33.8769,320.04 18.4215,-33.87672,327.66 18.42071,-33.87662,335.28000000000003 18.41976,-33.87648,342.90000000000003 18.41886,-33.87639,350.52000000000004 18.4178,-33.8763,358.14000000000004 18.41684,-33.87621,373.38 18.41566,-33.87611,381 18.41477,-33.87602,388.62 18.41393,-33.87593,396.24 18.41269,-33.87588,403.86 18.41124,-33.87584,419.1 18.41056,-33.87584,426.72 18.40925,-33.87588,434.34000000000003 18.40782,-33.87598,449.58000000000004 18.40691,-33.87602,457.20000000000005 18.40611,-33.87611,464.82000000000005 18.40519,-33.8762,472.44 18.4041,-33.8763,480.06 18.40333,-33.87639,487.68 18.40232,-33.87653,495.3 18.40126,-33.87666,510.54 18.40038,-33.87681,518.1600000000001 18.39924,-33.877,525.78 18.39846,-33.87717,533.4 18.39752,-33.87737,541.02 18.39672,-33.87753,548.64 18.39592,-33.87778,556.26 18.39476,-33.87808,563.88 18.39397,-33.87835,571.5 18.39313,-33.87863,586.74 18.39223,-33.87891,594.36 18.39145,-33.87918,594.36 18.39067,-33.87946,601.98 18.38963,-33.87983,609.6 18.38865,-33.88023,617.22 18.38769,-33.8806,624.84 18.3868,-33.88097,632.46 18.38585,-33.88133,640.08 18.38511,-33.88165,647.7 18.38405,-33.88216,655.32 18.38338,-33.88252,662.94 18.38254,-33.88293,670.5600000000001 18.38173,-33.88333,678.1800000000001 18.38074,-33.8839,685.8000000000001 18.37996,-33.8843,693.4200000000001 18.37921,-33.88472,701.0400000000001 18.37828,-33.88522,708.6600000000001 18.37732,-33.88575,716.2800000000001 18.37658,-33.88621,723.9000000000001 18.37576,-33.88673,731.52 18.37503,-33.88719,739.14 18.37413,-33.88774,754.38 18.37355,-33.88821,762 18.3728,-33.88877,769.62 18.37223,-33.88919,777.24 18.37155,-33.88966,777.24 18.37071,-33.8903,792.48 18.37006,-33.89077,800.1 18.36948,-33.89119,800.1 18.36869,-33.89182,807.72 18.368,-33.8924,815.34 18.3672,-33.8931,815.34 18.36651,-33.89365,822.96 18.36589,-33.89415,822.96 18.36527,-33.89465,830.58 18.36451,-33.89534,830.58 18.36388,-33.89585,838.2 18.36325,-33.89644,838.2 18.36247,-33.89708,845.82 18.36157,-33.8979,853.44 18.36102,-33.89846,853.44 18.36034,-33.89914,861.0600000000001 18.35967,-33.89973,861.0600000000001 18.35911,-33.90033,868.6800000000001 18.35844,-33.90097,868.6800000000001 18.3577,-33.90176,876.3000000000001 18.35715,-33.90234,876.3000000000001 18.35644,-33.90316,883.9200000000001 18.35575,-33.9039,891.5400000000001 18.35512,-33.90469,891.5400000000001 18.35451,-33.90536,899.1600000000001 18.3539,-33.90619,899.1600000000001 18.35328,-33.90692,906.7800000000001 18.35266,-33.90775,906.7800000000001 18.35205,-33.90862,914.4000000000001 18.35135,-33.90953,914.4000000000001 18.35087,-33.91022,914.4000000000001 18.35019,-33.91113,914.4000000000001 18.34963,-33.91196,922.0200000000001 18.34907,-33.91269,922.0200000000001 18.3486,-33.91344,922.0200000000001 18.34785,-33.91452,922.0200000000001 18.3475,-33.91512,922.0200000000001 18.34683,-33.91617,922.0200000000001 18.34633,-33.91699,922.0200000000001 18.34588,-33.91782,929.6400000000001 18.34526,-33.91891,929.6400000000001 18.34476,-33.91978,929.6400000000001 18.34425,-33.92075,929.6400000000001 18.34362,-33.92187,929.6400000000001 18.34313,-33.92285,937.26 18.3427,-33.92378,937.26 18.34229,-33.92468,937.26 18.3419,-33.92555,944.88 18.34134,-33.92674,944.88 18.34087,-33.92788,944.88 18.34042,-33.92899,937.26 18.34007,-33.92992,944.88 18.33971,-33.93091,937.26 18.33933,-33.93202,937.26 18.3391,-33.93279,937.26 18.33859,-33.9343,937.26 18.33825,-33.93517,944.88 18.33786,-33.93636,937.26 18.33744,-33.93737,937.26 18.33708,-33.93842,944.88 18.3367,-33.93937,944.88 18.33624,-33.94049,944.88 18.3359,-33.94139,944.88 18.33545,-33.94249,944.88 18.33495,-33.94368,952.5 18.33461,-33.94441,944.88 18.33418,-33.94556,944.88 18.33378,-33.94645,952.5 18.33338,-33.94743,944.88 18.33192,-33.9511,944.88 18.33069,-33.95418,944.88 18.32934,-33.9575,944.88 18.32811,-33.96079,944.88 18.32685,-33.96423,937.26 18.32559,-33.96771,929.6400000000001 18.32411,-33.97187,929.6400000000001 18.32291,-33.97508,937.26 18.32178,-33.97806,929.6400000000001 18.32133,-33.97911,929.6400000000001 18.3201,-33.98213,929.6400000000001 18.31856,-33.98555,937.26 18.31718,-33.98858,929.6400000000001 18.31668,-33.98973,929.6400000000001 18.31623,-33.99083,922.0200000000001 18.31572,-33.99193,922.0200000000001 18.31522,-33.99312,922.0200000000001 18.31477,-33.99417,922.0200000000001 18.31421,-33.99541,914.4000000000001 18.31382,-33.99632,906.7800000000001 18.31337,-33.99747,906.7800000000001 18.31289,-33.99863,906.7800000000001 18.31247,-33.99976,906.7800000000001 18.31208,-34.00067,906.7800000000001 18.31163,-34.00191,906.7800000000001 18.31123,-34.00287,906.7800000000001 18.31085,-34.00397,906.7800000000001 18.31049,-34.00483,906.7800000000001 18.31003,-34.00604,906.7800000000001 18.30969,-34.00692,899.1600000000001 18.30935,-34.00785,899.1600000000001 18.3081,-34.01115,891.5400000000001 18.30703,-34.01431,883.9200000000001 18.30603,-34.01744,876.3000000000001 18.30502,-34.02054,868.6800000000001 18.30425,-34.02289,861.0600000000001 18.30395,-34.02388,861.0600000000001 18.30356,-34.02525,853.44 18.30289,-34.02763,838.2 18.30259,-34.02866,838.2 18.30236,-34.02969,830.58 18.30214,-34.03104,815.34 18.30196,-34.03215,815.34 18.30182,-34.03322,822.96 18.30177,-34.03423,830.58 18.30173,-34.03625,822.96 18.30182,-34.03729,822.96 18.30196,-34.03853,822.96 18.30221,-34.03976,815.34 18.30249,-34.04105,815.34 18.30289,-34.04219,815.34 18.30322,-34.04315,822.96 18.30373,-34.04439,815.34 18.30414,-34.04528,815.34 18.30465,-34.04631,815.34 18.30511,-34.04719,822.96 18.30569,-34.04814,815.34 18.30626,-34.04919,815.34 18.30675,-34.05006,815.34 18.30723,-34.05087,815.34 18.30786,-34.05194,815.34 18.30838,-34.05281,807.72 18.30894,-34.05377,815.34 18.30957,-34.05478,800.1 18.31023,-34.05574,800.1 18.31085,-34.0567,800.1 18.31146,-34.05762,800.1 18.31214,-34.05858,792.48 18.31272,-34.05939,792.48 18.31331,-34.06018,784.86 18.31398,-34.0611,777.24 18.31455,-34.06186,777.24 18.31539,-34.06288,769.62 18.31598,-34.06367,769.62 18.31661,-34.06441,769.62 18.31729,-34.06535,769.62 18.31793,-34.06609,762 18.31847,-34.06677,754.38 18.31919,-34.06767,754.38 18.31982,-34.06846,746.76 18.32056,-34.06935,739.14 18.32113,-34.07,739.14 18.32285,-34.07196,739.14 18.32351,-34.07277,739.14 18.32434,-34.07372,739.14 18.32497,-34.07455,739.14 18.32559,-34.07529,746.76 18.32623,-34.0761,739.14 18.32693,-34.07703,739.14 18.32754,-34.07792,739.14 18.32822,-34.07886,739.14 18.3289,-34.07991,723.9000000000001 18.32945,-34.08083,731.52 18.33017,-34.08187,739.14 18.3308,-34.08275,739.14 18.33158,-34.08398,731.52 18.3322,-34.08495,731.52 18.33293,-34.08591,731.52 18.33361,-34.08685,731.52 18.33444,-34.08801,731.52 18.33509,-34.0889,731.52 18.33579,-34.0898,723.9000000000001 18.33635,-34.09058,723.9000000000001 18.33697,-34.09135,723.9000000000001 18.33753,-34.09209,723.9000000000001 18.3382,-34.093,716.2800000000001 18.33887,-34.09383,716.2800000000001 18.33961,-34.09472,716.2800000000001 18.34019,-34.09542,708.6600000000001 18.34076,-34.09602,716.2800000000001 18.34145,-34.09677,708.6600000000001 18.34202,-34.09737,708.6600000000001 18.34293,-34.09821,701.0400000000001 18.34347,-34.09868,701.0400000000001 18.34436,-34.09942,701.0400000000001 18.34509,-34.10001,701.0400000000001 18.34591,-34.10063,701.0400000000001 18.34661,-34.1011,701.0400000000001 18.34745,-34.10175,701.0400000000001 18.34818,-34.10225,693.4200000000001 18.34911,-34.10296,693.4200000000001 18.3498,-34.10347,685.8000000000001 18.35043,-34.10389,693.4200000000001 18.3514,-34.1045,685.8000000000001 18.35216,-34.105,685.8000000000001 18.35311,-34.10564,685.8000000000001 18.3539,-34.10614,685.8000000000001 18.35462,-34.1066,685.8000000000001 18.35535,-34.10706,685.8000000000001 18.35627,-34.10761,685.8000000000001 18.35686,-34.10797,685.8000000000001 18.35764,-34.10841,685.8000000000001 18.35855,-34.10889,678.1800000000001 18.35928,-34.1093,678.1800000000001 18.3601,-34.10976,670.5600000000001 18.36101,-34.11031,670.5600000000001 18.3617,-34.11069,670.5600000000001 18.36262,-34.1112,670.5600000000001 18.36331,-34.11154,662.94 18.36405,-34.11199,662.94 18.36477,-34.11237,662.94 18.36554,-34.11274,662.94 18.36651,-34.11324,662.94 18.36729,-34.1136,655.32 18.36823,-34.11404,655.32 18.36909,-34.11438,647.7 18.36988,-34.11474,647.7 18.37065,-34.11507,647.7 18.3716,-34.11553,640.08 18.3724,-34.11585,647.7 18.3732,-34.11623,640.08 18.37407,-34.11667,632.46 18.37508,-34.11708,632.46 18.37604,-34.11754,624.84 18.37693,-34.11795,624.84 18.37772,-34.11837,624.84 18.37858,-34.11869,624.84 18.3795,-34.11911,624.84 18.38046,-34.11951,617.22 18.38125,-34.11983,617.22 18.38207,-34.12018,617.22 18.38282,-34.12047,617.22 18.3839,-34.12088,609.6 18.38488,-34.12125,609.6 18.38568,-34.12158,601.98 18.3891,-34.12294,594.36 18.39179,-34.1239,579.12 18.39448,-34.12486,571.5 18.39741,-34.12582,556.26 18.39941,-34.12651,548.64 18.40042,-34.12688,548.64 18.40126,-34.12715,548.64 18.40307,-34.12786,541.02 18.4041,-34.12824,541.02 18.40502,-34.12861,541.02 18.40614,-34.12907,541.02 18.40685,-34.1294,541.02 18.40799,-34.1299,533.4 18.40891,-34.13033,541.02 18.40972,-34.13068,541.02 18.41051,-34.13108,541.02 18.41143,-34.13145,541.02 18.41219,-34.13182,541.02 18.41314,-34.13224,541.02 18.41394,-34.13266,541.02 18.41452,-34.13289,548.64 18.41549,-34.13336,548.64 18.41634,-34.13374,548.64 18.41729,-34.13425,548.64 18.41791,-34.13457,548.64 18.41897,-34.13525,548.64 18.41953,-34.13557,548.64 18.42041,-34.1361,548.64 18.4211,-34.13649,548.64 18.42201,-34.13699,548.64 18.42301,-34.13745,556.26 18.42396,-34.13787,556.26 18.42458,-34.13814,556.26 18.42562,-34.13852,556.26 18.42632,-34.13873,563.88 18.4271,-34.13899,563.88 18.42813,-34.13927,563.88 18.42889,-34.13947,571.5 18.42974,-34.13964,571.5 18.43063,-34.13979,571.5 18.4314,-34.13992,571.5 18.43248,-34.14001,571.5 18.43346,-34.14011,571.5 18.43433,-34.14015,571.5 18.43517,-34.14016,571.5 18.43618,-34.1402,571.5 18.43724,-34.1402,579.12 18.43803,-34.1402,571.5 18.43926,-34.1402,571.5 18.44016,-34.14011,571.5 18.44112,-34.13997,571.5 18.4421,-34.13978,571.5 18.44296,-34.1396,563.88 18.44386,-34.13933,563.88 18.44492,-34.13896,563.88 18.44571,-34.13864,563.88 18.44673,-34.1382,563.88 18.4475,-34.13777,563.88 18.44823,-34.13731,563.88 18.44913,-34.13676,563.88 18.44986,-34.13631,556.26 18.45074,-34.13568,548.64 18.45159,-34.13507,548.64 18.45232,-34.13457,548.64 18.45311,-34.13397,541.02 18.454,-34.13329,541.02 18.45469,-34.13271,541.02 18.45546,-34.1321,533.4 18.45608,-34.13159,533.4 18.45692,-34.13089,533.4 18.4577,-34.13022,525.78 18.45843,-34.12953,525.78 18.45903,-34.12894,518.1600000000001 18.45989,-34.1281,518.1600000000001 18.46046,-34.12745,518.1600000000001 18.46124,-34.1266,518.1600000000001 18.4618,-34.12596,525.78 18.46241,-34.12526,525.78 18.4631,-34.12442,525.78 18.46359,-34.12376,525.78 18.46426,-34.12285,525.78 18.46498,-34.12186,525.78 18.46539,-34.1213,525.78 18.46607,-34.12037,533.4 18.46656,-34.11955,533.4 18.46706,-34.11882,533.4 18.46762,-34.11786,533.4 18.46807,-34.11707,533.4 18.46852,-34.11612,533.4 18.46893,-34.1153,533.4 18.46936,-34.11424,541.02 18.46973,-34.11316,541.02 18.47002,-34.11232,548.64 18.47025,-34.11143,548.64 18.47048,-34.11058,548.64 18.47071,-34.10944,556.26 18.47082,-34.10834,556.26 18.47088,-34.10743,556.26 18.47088,-34.10637,556.26 18.47082,-34.10529,556.26 18.47071,-34.1044,563.88 18.47054,-34.10324,563.88 18.47043,-34.10243,563.88 18.47019,-34.10119,571.5 18.46998,-34.10019,563.88 18.46979,-34.09914,563.88 18.46956,-34.09807,563.88 18.46939,-34.09714,571.5 18.46914,-34.09589,571.5 18.46899,-34.09481,579.12 18.46882,-34.09402,571.5 18.46863,-34.09286,579.12 18.46852,-34.09195,579.12 18.46842,-34.09109,579.12 18.4683,-34.09011,579.12 18.46819,-34.08916,579.12 18.46807,-34.0881,579.12 18.46796,-34.08691,579.12 18.46785,-34.08609,579.12 18.46779,-34.08517,579.12 18.46768,-34.08403,579.12 18.46762,-34.08302,579.12 18.46751,-34.08105,579.12 18.46745,-34.0801,579.12 18.46733,-34.0781,579.12 18.46723,-34.07712,579.12 18.46712,-34.07602,579.12 18.46701,-34.07492,579.12 18.46687,-34.07405,579.12 18.4667,-34.07284,579.12 18.46659,-34.07214,579.12 18.46639,-34.07098,579.12 18.46622,-34.07007,579.12 18.46607,-34.06911,586.74 18.46596,-34.06818,579.12 18.46583,-34.06732,586.74 18.46567,-34.06623,586.74 18.46556,-34.06502,579.12 18.46544,-34.06409,579.12 18.46539,-34.06311,586.74 18.46527,-34.06197,586.74 18.46516,-34.06119,586.74 18.4651,-34.06004,594.36 18.46504,-34.05915,594.36 18.46498,-34.05827,594.36 18.46493,-34.05738,594.36 18.46481,-34.05622,594.36 18.46477,-34.05542,594.36 18.46471,-34.0545,594.36 18.46464,-34.05343,594.36 18.46458,-34.05254,601.98 18.46453,-34.05147,601.98 18.46447,-34.05068,609.6 18.46443,-34.04979,609.6 18.46436,-34.04887,609.6 18.46426,-34.04773,601.98 18.46401,-34.04477,609.6 18.46384,-34.04156,617.22 18.46378,-34.03862,609.6 18.46376,-34.03555,609.6 18.46384,-34.03439,609.6 18.46393,-34.03326,617.22 18.46404,-34.03221,617.22 18.46409,-34.0313,617.22 18.46426,-34.03006,617.22 18.46436,-34.02908,624.84 18.46447,-34.02824,624.84 18.4646,-34.02727,624.84 18.46476,-34.02615,624.84 18.46494,-34.02498,617.22 18.4651,-34.02374,617.22 18.46521,-34.02284,617.22 18.46539,-34.02163,624.84 18.46556,-34.0207,624.84 18.46573,-34.01954,624.84 18.46594,-34.01857,624.84 18.46607,-34.01767,624.84 18.46636,-34.01637,624.84 18.46659,-34.01535,624.84 18.46684,-34.01413,624.84 18.4671,-34.01307,632.46 18.46729,-34.01216,624.84 18.46757,-34.01093,624.84 18.46773,-34.01018,624.84 18.46802,-34.00874,624.84 18.46824,-34.00772,624.84 18.46853,-34.0065,617.22 18.46925,-34.00342,609.6 18.46979,-34.00096,609.6 18.47004,-33.99989,601.98 18.4702,-33.99889,594.36 18.47042,-33.99784,594.36 18.47065,-33.99678,594.36 18.47094,-33.99533,586.74 18.47111,-33.9943,586.74 18.47127,-33.99321,579.12 18.47145,-33.99179,571.5 18.47161,-33.99092,571.5 18.47189,-33.98964,556.26 18.47205,-33.98877,556.26 18.47228,-33.98749,548.64 18.47294,-33.98425,533.4 18.47317,-33.98309,525.78 18.4734,-33.98213,518.1600000000001 18.47368,-33.98099,510.54 18.47397,-33.97992,510.54 18.47477,-33.97666,495.3 18.47569,-33.97317,480.06 18.47597,-33.97187,480.06 18.4762,-33.97092,472.44 18.47643,-33.96991,472.44 18.47665,-33.96886,472.44 18.47689,-33.96786,464.82000000000005 18.47712,-33.96679,464.82000000000005 18.47734,-33.96582,464.82000000000005 18.47763,-33.96456,457.20000000000005 18.47786,-33.96358,457.20000000000005 18.47805,-33.96254,457.20000000000005 18.47826,-33.96135,457.20000000000005 18.47844,-33.96039,457.20000000000005 18.47861,-33.95943,457.20000000000005 18.47895,-33.95795,449.58000000000004 18.47912,-33.95707,449.58000000000004 18.47928,-33.95595,441.96000000000004 18.4794,-33.95494,441.96000000000004 18.47956,-33.95366,434.34000000000003 18.47969,-33.95259,434.34000000000003 18.4798,-33.95157,426.72 18.47985,-33.95059,426.72 18.47992,-33.94943,419.1 18.4799,-33.94807,419.1 18.47986,-33.94701,419.1 18.4798,-33.94575,411.48 18.47969,-33.94459,419.1 18.47958,-33.9437,419.1 18.47935,-33.94235,426.72 18.47906,-33.94102,426.72 18.47884,-33.9402,426.72 18.47844,-33.93901,426.72 18.47803,-33.93802,426.72 18.47757,-33.93695,434.34000000000003 18.4771,-33.93613,441.96000000000004 18.47648,-33.93498,441.96000000000004 18.47597,-33.93411,449.58000000000004 18.4754,-33.93323,449.58000000000004 18.47483,-33.93248,457.20000000000005 18.47429,-33.93173,457.20000000000005 18.47346,-33.93063,457.20000000000005 18.47265,-33.92969,457.20000000000005 18.47202,-33.92895,464.82000000000005 18.47134,-33.92811,464.82000000000005 18.47048,-33.92718,464.82000000000005 18.46964,-33.92628,464.82000000000005 18.46893,-33.92559,472.44 18.46802,-33.92468,472.44 18.4671,-33.92378,472.44 18.46651,-33.92317,472.44 18.46556,-33.92229,472.44 18.4647,-33.9215,472.44 18.46376,-33.92061,472.44 18.46303,-33.91992,472.44 18.46224,-33.91917,472.44 18.46135,-33.91837,464.82000000000005 18.46035,-33.9175,464.82000000000005 18.45943,-33.91666,464.82000000000005 18.45772,-33.91521,464.82000000000005 18.45597,-33.9137,457.20000000000005 18.45518,-33.91301,457.20000000000005 18.45423,-33.91214,457.20000000000005 18.45305,-33.911,449.58000000000004 18.45227,-33.91022,449.58000000000004 18.45143,-33.90935,441.96000000000004 18.45047,-33.90834,441.96000000000004 18.44958,-33.90742,441.96000000000004 18.44885,-33.90665,441.96000000000004 18.44793,-33.90567,441.96000000000004 18.44717,-33.90477,441.96000000000004 18.44656,-33.90409,449.58000000000004 18.44588,-33.90321,441.96000000000004 18.44515,-33.90221,441.96000000000004 18.4447,-33.90147,441.96000000000004 18.44408,-33.90038,441.96000000000004 18.44352,-33.89932,449.58000000000004 18.44302,-33.89822,441.96000000000004 18.44268,-33.89731,441.96000000000004 18.44244,-33.8965,441.96000000000004 18.44221,-33.89543,434.34000000000003 18.44206,-33.89461,434.34000000000003 18.44193,-33.89375,434.34000000000003 18.44181,-33.89264,434.34000000000003 18.44175,-33.8918,434.34000000000003 18.44175,-33.89096,434.34000000000003 18.44173,-33.89008,434.34000000000003 18.44162,-33.88889,434.34000000000003 18.44151,-33.88806,426.72 18.44134,-33.8871,419.1 18.44106,-33.88609,419.1 18.44078,-33.88542,411.48 18.44027,-33.88444,403.86 18.43992,-33.88388,403.86 18.43924,-33.88305,396.24 18.43865,-33.88239,388.62 18.43803,-33.88179,381 18.43712,-33.88114,373.38 18.43635,-33.88065,373.38 18.43534,-33.88025,365.76 18.43426,-33.88002,365.76 18.43315,-33.87991,358.14000000000004 18.4322,-33.88002,358.14000000000004 18.43108,-33.88028,342.90000000000003 18.43048,-33.88049,342.90000000000003 18.42945,-33.88106,335.28000000000003 18.42882,-33.88151,327.66 18.42816,-33.88202,320.04 18.42762,-33.88253,312.42 18.4271,-33.88314,304.8 18.42671,-33.88371,304.8 18.4263,-33.8843,297.18 18.42598,-33.88481,297.18 18.4257,-33.8855,289.56 18.42536,-33.88618,281.94 18.4251,-33.88691,274.32 18.42487,-33.88761,274.32 18.4247,-33.88831,266.7 18.42459,-33.88887,259.08000000000004 18.42447,-33.88948,251.46 18.42441,-33.8903,236.22 18.42442,-33.89087,228.60000000000002 18.42453,-33.89166,213.36 18.42458,-33.89214,213.36 18.42475,-33.89278,198.12 18.42487,-33.89338,190.5 18.42499,-33.89384,182.88 18.4251,-33.89441,175.26000000000002 18.42522,-33.89487,167.64000000000001 18.42542,-33.89539,152.4 18.42553,-33.8958,144.78 18.42567,-33.89631,129.54000000000002 18.42579,-33.89669,121.92 18.42598,-33.89713,114.30000000000001 18.42609,-33.89749,106.68 18.42626,-33.89786,99.06 18.42643,-33.89822,91.44 18.42659,-33.89859,76.2 18.42671,-33.89882,76.2 18.42687,-33.89919,68.58 18.42704,-33.89951,60.96 18.42715,-33.89992,45.72 18.42699,-33.90027,45.72 18.42688,-33.90055,38.1 18.42699,-33.90078,38.1 18.42716,-33.90102,38.1 18.42721,-33.90125,38.1 18.42745,-33.90115,45.72 18.42772,-33.90129,53.34 18.42884,-33.90166,60.96 18.43057,-33.90211,76.2 18.43142,-33.90234,91.44 18.43203,-33.90246,99.06 18.4327,-33.90257,114.30000000000001 18.4334,-33.90269,121.92 18.43399,-33.90276,129.54000000000002 18.4346,-33.90283,137.16 18.43529,-33.90292,152.4 18.43592,-33.90292,160.02 18.43652,-33.90294,167.64000000000001 18.43718,-33.90279,175.26000000000002 18.43775,-33.90244,190.5 18.43821,-33.90195,190.5 18.43859,-33.90138,205.74 18.43898,-33.9007,213.36 18.43929,-33.89981,220.98000000000002 18.43943,-33.89919,228.60000000000002 18.4396,-33.89845,236.22 18.43971,-33.89795,243.84 18.43994,-33.89703,251.46 18.44009,-33.89627,266.7 18.44022,-33.89552,266.7 18.44033,-33.89461,281.94 18.44038,-33.89388,289.56 18.44044,-33.89315,304.8 18.44044,-33.89227,312.42 18.44038,-33.8914,320.04 18.44038,-33.89072,327.66 18.44027,-33.88993,327.66 18.44015,-33.88929,335.28000000000003 18.43998,-33.88826,342.90000000000003 18.43977,-33.88751,350.52000000000004 18.43958,-33.88672,358.14000000000004 18.43932,-33.88596,365.76 18.43906,-33.88523,373.38 18.43866,-33.8844,381 18.43814,-33.88367,381 18.43769,-33.88312,388.62 18.43696,-33.88243,388.62 18.4362,-33.88184,396.24 18.43529,-33.88132,403.86 18.43439,-33.88092,403.86 18.43327,-33.88051,411.48 18.43214,-33.88021,426.72 18.43122,-33.87997,426.72 18.43031,-33.87974,441.96000000000004 18.42928,-33.87955,457.20000000000005 18.42842,-33.87941,464.82000000000005 18.42772,-33.87932,472.44 18.42648,-33.87918,487.68 18.42581,-33.87918,495.3 18.42497,-33.87918,502.92 18.42379,-33.87923,510.54 18.42299,-33.87932,525.78 18.42196,-33.87941,533.4 18.42087,-33.87955,541.02 18.42007,-33.87965,548.64 18.4192,-33.87978,556.26 18.41824,-33.87988,563.88 18.41718,-33.88005,571.5 18.41606,-33.88019,579.12 18.41533,-33.88033,579.12 18.41432,-33.88046,586.74 18.41354,-33.88058,594.36 18.41269,-33.88069,601.98 18.41157,-33.88083,609.6 18.40845,-33.88132,632.46 18.40602,-33.8817,655.32 18.40412,-33.88211,662.94 18.40307,-33.88235,670.5600000000001 18.40221,-33.88257,670.5600000000001 18.40137,-33.88275,678.1800000000001 18.40038,-33.883,685.8000000000001 18.39935,-33.88333,693.4200000000001 18.39861,-33.88356,701.0400000000001 18.39784,-33.88376,708.6600000000001 18.39672,-33.88412,716.2800000000001 18.39592,-33.88435,716.2800000000001 18.39506,-33.88463,723.9000000000001 18.39409,-33.88496,731.52 18.39334,-33.88523,739.14 18.39263,-33.88554,746.76 18.39186,-33.88584,754.38 18.39095,-33.88623,762 18.39016,-33.8866,762 18.38926,-33.88705,769.62 18.38854,-33.88742,777.24 18.38757,-33.88798,784.86 18.38688,-33.88835,792.48 18.38614,-33.88877,792.48 18.38534,-33.8893,800.1 18.38442,-33.88984,800.1 18.3836,-33.89035,800.1 18.38264,-33.89096,800.1 18.3819,-33.89147,800.1 18.38087,-33.89227,807.72 18.38013,-33.89282,807.72 18.37938,-33.89343,815.34 18.37867,-33.89397,815.34 18.37777,-33.89474,822.96 18.3771,-33.89529,822.96 18.37635,-33.89594,822.96 18.37553,-33.89658,830.58 18.37469,-33.89731,830.58 18.37383,-33.89804,830.58 18.37309,-33.89864,830.58 18.37222,-33.89941,830.58 18.37166,-33.89992,830.58 18.37074,-33.90078,830.58 18.37011,-33.90134,838.2 18.36926,-33.90223,838.2 18.36864,-33.90285,838.2 18.36785,-33.90363,838.2 18.3672,-33.90437,838.2 18.36651,-33.90514,838.2 18.36589,-33.90587,838.2 18.36519,-33.9067,838.2 18.3646,-33.90747,838.2 18.36399,-33.90823,838.2 18.36331,-33.90907,838.2 18.36267,-33.90986,838.2 18.36213,-33.91054,838.2 18.36152,-33.91145,830.58 18.36079,-33.91237,830.58 18.36012,-33.91333,830.58 18.35967,-33.91393,838.2 18.35901,-33.91489,838.2 18.3585,-33.91563,838.2 18.35799,-33.91644,838.2 18.35748,-33.91722,838.2 18.35698,-33.91818,838.2 18.35653,-33.91896,838.2 18.35591,-33.91997,838.2 18.35546,-33.92079,838.2 18.35496,-33.92166,838.2 18.35449,-33.92248,838.2 18.35398,-33.92331,838.2 18.35345,-33.92427,845.82 18.35305,-33.92505,853.44 18.35266,-33.92578,853.44 18.35227,-33.92651,861.0600000000001 18.35182,-33.92734,861.0600000000001 18.35148,-33.92798,861.0600000000001 18.35037,-33.93039,876.3000000000001 18.34997,-33.93123,883.9200000000001 18.34963,-33.9321,883.9200000000001 18.34934,-33.93286,891.5400000000001 18.34913,-33.93338,891.5400000000001 18.34871,-33.93435,899.1600000000001 18.3484,-33.93521,899.1600000000001 18.34812,-33.9359,906.7800000000001 18.3478,-33.93677,914.4000000000001 18.3475,-33.9375,914.4000000000001 18.34717,-33.9384,922.0200000000001 18.34688,-33.93909,922.0200000000001 18.34654,-33.94007,929.6400000000001 18.34625,-33.94077,929.6400000000001 18.34534,-33.94319,952.5 18.34459,-33.94542,960.12 18.34368,-33.94794,967.74 18.34252,-33.95119,982.98 18.34162,-33.95353,990.6 18.34055,-33.95618,1005.84 18.3396,-33.9586,1013.46 18.33836,-33.96181,1021.08 18.33738,-33.96428,1021.08 18.33635,-33.96689,1021.08 18.33484,-33.97037,1021.08 18.33366,-33.97284,1021.08 18.3322,-33.97618,1028.7 18.33097,-33.97916,1028.7 18.32973,-33.98199,1028.7 18.3285,-33.98451,1028.7 18.32811,-33.98538,1028.7 18.32688,-33.98772,1036.3200000000002 18.32654,-33.9884,1036.3200000000002 18.3262,-33.98914,1036.3200000000002 18.32587,-33.98982,1036.3200000000002 18.32548,-33.99058,1036.3200000000002 18.32508,-33.99142,1036.3200000000002 18.32463,-33.99234,1036.3200000000002 18.32428,-33.99305,1036.3200000000002 18.32402,-33.99376,1036.3200000000002 18.32359,-33.99459,1036.3200000000002 18.32331,-33.99529,1036.3200000000002 18.32284,-33.99628,1036.3200000000002 18.32245,-33.99696,1036.3200000000002 18.322,-33.99792,1036.3200000000002 18.32165,-33.99863,1036.3200000000002 18.32125,-33.99938,1036.3200000000002 18.32085,-34.00008,1036.3200000000002 18.32039,-34.00096,1036.3200000000002 18.32005,-34.00166,1028.7 18.31959,-34.00241,1028.7 18.31907,-34.00329,1028.7 18.31869,-34.00401,1028.7 18.31821,-34.00483,1021.08 18.3177,-34.00566,1021.08 18.31707,-34.00667,1021.08 18.31662,-34.0074,1013.46 18.31604,-34.00827,1013.46 18.31561,-34.00896,1013.46 18.31505,-34.00987,1013.46 18.3145,-34.01065,1005.84 18.31392,-34.01153,1005.84 18.31341,-34.01237,1005.84 18.31292,-34.01308,998.22 18.31226,-34.014,998.22 18.31174,-34.01472,998.22 18.31095,-34.01591,990.6 18.31045,-34.0166,990.6 18.30992,-34.0174,990.6 18.30946,-34.01814,990.6 18.30877,-34.01917,990.6 18.30826,-34.01991,990.6 18.30776,-34.02063,990.6 18.3072,-34.02145,982.98 18.3067,-34.02214,982.98 18.30603,-34.02303,975.36 18.30534,-34.02387,975.36 18.30474,-34.02466,975.36 18.30401,-34.02557,967.74 18.30356,-34.02617,960.12 18.30294,-34.02704,960.12 18.30236,-34.02782,960.12 18.30171,-34.02873,952.5 18.30116,-34.02959,952.5 18.30064,-34.03038,944.88 18.30019,-34.03113,944.88 18.29962,-34.03201,944.88 18.2991,-34.03285,937.26 18.29868,-34.03358,937.26 18.29813,-34.03457,937.26 18.29773,-34.03528,929.6400000000001 18.29727,-34.03616,929.6400000000001 18.29672,-34.0372,929.6400000000001 18.29638,-34.03802,929.6400000000001 18.2961,-34.03908,922.0200000000001 18.29601,-34.03988,914.4000000000001 18.29596,-34.04081,914.4000000000001 18.29605,-34.04173,906.7800000000001 18.29627,-34.04279,906.7800000000001 18.29653,-34.04374,899.1600000000001 18.29683,-34.04462,899.1600000000001 18.29721,-34.04542,891.5400000000001 18.29767,-34.0464,891.5400000000001 18.29813,-34.04719,883.9200000000001 18.29863,-34.04814,883.9200000000001 18.29907,-34.04887,883.9200000000001 18.29958,-34.04961,876.3000000000001 18.30013,-34.05054,876.3000000000001 18.3007,-34.05138,868.6800000000001 18.30111,-34.05194,876.3000000000001 18.30162,-34.05273,868.6800000000001 18.30227,-34.05373,868.6800000000001 18.30272,-34.05441,868.6800000000001 18.30322,-34.05515,868.6800000000001 18.30378,-34.05602,861.0600000000001 18.30418,-34.05656,861.0600000000001 18.30462,-34.0573,861.0600000000001 18.30519,-34.05812,861.0600000000001 18.30677,-34.0605,853.44 18.30816,-34.06261,845.82 18.30963,-34.06479,838.2 18.31135,-34.06718,838.2 18.31169,-34.0676,838.2 18.31247,-34.06837,838.2 18.3132,-34.06883,838.2 18.31415,-34.06921,838.2 18.31505,-34.06934,838.2 18.31583,-34.06934,830.58 18.31673,-34.06916,830.58 18.31757,-34.06883,822.96 18.31827,-34.06837,815.34 18.31875,-34.06783,815.34 18.31914,-34.06696,807.72 18.31924,-34.06628,807.72 18.31909,-34.06526,815.34 18.31881,-34.06467,807.72 18.31808,-34.06389,800.1 18.3173,-34.06339,800.1 18.3165,-34.06311,800.1 18.31533,-34.06302,807.72 18.31427,-34.06316,800.1 18.31324,-34.06343,792.48 18.31242,-34.0638,792.48 18.31101,-34.06448,784.86 18.3102,-34.06493,784.86 18.3094,-34.06539,784.86 18.30854,-34.06604,784.86 18.30782,-34.06696,777.24 18.30746,-34.06767,784.86 18.30726,-34.06842,777.24 18.30723,-34.06939,777.24 18.30737,-34.07016,777.24 18.30765,-34.07094,769.62 18.30799,-34.07181,769.62 18.30843,-34.07275,762 18.30889,-34.07349,762 18.30929,-34.07419,762 18.30989,-34.0751,762 18.31032,-34.07577,754.38 18.31112,-34.07684,754.38 18.31163,-34.07754,754.38 18.31225,-34.07835,762 18.31275,-34.07899,762 18.31341,-34.07978,769.62 18.3141,-34.08055,769.62 18.31466,-34.08115,769.62 18.31533,-34.08188,769.62 18.31606,-34.08261,769.62 18.31673,-34.08325,769.62 18.31753,-34.08401,762 18.31824,-34.08467,769.62 18.31884,-34.08522,777.24 18.31948,-34.08577,777.24 18.32033,-34.08657,777.24 18.32094,-34.0871,784.86 18.32178,-34.08783,777.24 18.32239,-34.08842,777.24 18.32314,-34.08904,784.86 18.32382,-34.08969,784.86 18.32468,-34.09044,792.48 18.32542,-34.09108,792.48 18.32754,-34.093,800.1 18.3304,-34.09556,807.72 18.33181,-34.0968,807.72 18.33254,-34.0974,807.72 18.33326,-34.09793,807.72 18.33394,-34.0984,807.72 18.33481,-34.099,807.72 18.33555,-34.09947,800.1 18.33635,-34.09991,800.1 18.33733,-34.1004,800.1 18.33807,-34.10077,800.1 18.33887,-34.10114,800.1 18.33982,-34.10161,800.1 18.34059,-34.10198,800.1 18.34162,-34.10245,792.48 18.34248,-34.10277,792.48 18.3433,-34.10316,792.48 18.34414,-34.10347,792.48 18.34526,-34.10394,784.86 18.34602,-34.10426,792.48 18.34678,-34.10454,792.48 18.34785,-34.10496,792.48 18.34854,-34.10524,792.48 18.34934,-34.10552,800.1 18.35026,-34.10585,800.1 18.35081,-34.10605,800.1 18.35171,-34.10637,800.1 18.35238,-34.1066,800.1 18.35305,-34.10683,800.1 18.35373,-34.10706,800.1 18.35462,-34.10733,792.48 18.3553,-34.10756,784.86 18.35592,-34.10775,784.86 18.35661,-34.10799,777.24 18.35731,-34.1082,777.24 18.3581,-34.10841,769.62 18.35884,-34.10868,777.24 18.35944,-34.10884,777.24 18.36021,-34.10915,777.24 18.36067,-34.10934,777.24 18.36142,-34.10962,769.62 18.36202,-34.10985,769.62 18.36247,-34.11003,769.62 18.36313,-34.11031,762 18.3637,-34.11058,762 18.36422,-34.11078,762 18.36496,-34.11106,762 18.36555,-34.11127,762 18.36634,-34.11159,762 18.36695,-34.11177,762 18.36768,-34.11205,762 18.36845,-34.11232,762 18.3692,-34.11255,762 18.37006,-34.11283,762 18.37074,-34.11301,762 18.3716,-34.11325,762 18.37234,-34.11348,754.38 18.37343,-34.11376,746.76 18.3743,-34.11401,746.76 18.37509,-34.11418,746.76 18.37615,-34.11443,746.76 18.37693,-34.11461,739.14 18.37805,-34.11484,739.14 18.37895,-34.11497,739.14 18.38001,-34.1152,739.14 18.38093,-34.11534,731.52 18.38203,-34.11552,723.9000000000001 18.38316,-34.11567,723.9000000000001 18.38408,-34.11581,716.2800000000001 18.38495,-34.11589,716.2800000000001 18.38601,-34.11603,716.2800000000001 18.38702,-34.11617,708.6600000000001 18.38791,-34.11627,708.6600000000001 18.389,-34.11641,708.6600000000001 18.38991,-34.11655,701.0400000000001 18.39095,-34.11667,701.0400000000001 18.39186,-34.11683,701.0400000000001 18.3928,-34.11699,701.0400000000001 18.39369,-34.11711,701.0400000000001 18.39459,-34.11726,701.0400000000001 18.39569,-34.11744,693.4200000000001 18.39735,-34.11772,693.4200000000001 18.40036,-34.11823,693.4200000000001 18.40141,-34.11842,685.8000000000001 18.40239,-34.11855,685.8000000000001 18.40313,-34.11869,685.8000000000001 18.40423,-34.11891,685.8000000000001 18.40529,-34.11905,685.8000000000001 18.40925,-34.11972,678.1800000000001 18.41213,-34.12019,678.1800000000001 18.41533,-34.12065,670.5600000000001 18.41915,-34.12111,670.5600000000001 18.42105,-34.12134,670.5600000000001 18.42218,-34.12149,662.94 18.4231,-34.12163,662.94 18.42407,-34.1218,655.32 18.42514,-34.12202,655.32 18.42607,-34.12218,662.94 18.42699,-34.12233,662.94 18.42808,-34.12251,670.5600000000001 18.42884,-34.12257,655.32 18.43007,-34.12267,662.94 18.43108,-34.12267,662.94 18.43203,-34.12267,662.94 18.43282,-34.12267,655.32 18.43377,-34.12262,655.32 18.43494,-34.1226,655.32 18.43596,-34.12257,655.32 18.43691,-34.12257,647.7 18.43803,-34.12253,655.32 18.43904,-34.12253,655.32 18.43999,-34.12248,655.32 18.44111,-34.12239,655.32 18.44204,-34.12233,655.32 18.44318,-34.12218,655.32 18.44419,-34.12207,655.32 18.44548,-34.12189,655.32 18.44649,-34.12175,655.32 18.44745,-34.12157,655.32 18.44862,-34.12135,662.94 18.44986,-34.12102,655.32 18.45091,-34.12079,662.94 18.45204,-34.12042,655.32 18.45337,-34.11995,662.94 18.45434,-34.1196,655.32 18.45554,-34.11906,655.32 18.4564,-34.11865,655.32 18.45748,-34.11809,655.32 18.45852,-34.11744,655.32 18.45921,-34.11692,647.7 18.46028,-34.11617,655.32 18.46101,-34.11557,655.32 18.46202,-34.11465,647.7 18.46275,-34.11392,655.32 18.46348,-34.1131,655.32 18.46413,-34.11227,655.32 18.46498,-34.11106,662.94 18.46544,-34.11031,662.94 18.46596,-34.10929,662.94 18.4663,-34.10845,662.94 18.46678,-34.10724,670.5600000000001 18.46701,-34.10641,662.94 18.46727,-34.10547,662.94 18.46751,-34.10435,662.94 18.46767,-34.10329,662.94 18.46779,-34.10229,662.94 18.4679,-34.10138,662.94 18.46802,-34.10026,662.94 18.46813,-34.09924,655.32 18.46819,-34.09831,655.32 18.4683,-34.09714,655.32 18.46835,-34.09602,655.32 18.46841,-34.09511,655.32 18.46852,-34.09383,655.32 18.46858,-34.09286,647.7 18.46869,-34.0919,647.7 18.46882,-34.09072,640.08 18.46893,-34.08965,640.08 18.46899,-34.08862,640.08 18.46908,-34.0876,640.08 18.46916,-34.08657,640.08 18.46922,-34.08564,640.08 18.46931,-34.08467,640.08 18.46939,-34.08355,647.7 18.46942,-34.08261,647.7 18.46945,-34.07968,647.7 18.46951,-34.07582,655.32 18.46953,-34.0719,670.5600000000001 18.46959,-34.06902,670.5600000000001 18.4697,-34.06613,670.5600000000001 18.4697,-34.06403,678.1800000000001 18.46968,-34.06292,670.5600000000001 18.46964,-34.06197,678.1800000000001 18.46964,-34.06105,678.1800000000001 18.46964,-34.05991,678.1800000000001 18.46962,-34.05897,678.1800000000001 18.46962,-34.05785,670.5600000000001 18.46962,-34.05711,678.1800000000001 18.46964,-34.05588,678.1800000000001 18.46962,-34.05515,670.5600000000001 18.46959,-34.05391,670.5600000000001 18.46959,-34.05295,670.5600000000001 18.46959,-34.05176,678.1800000000001 18.46959,-34.05084,678.1800000000001 18.46959,-34.05006,678.1800000000001 18.46956,-34.04891,678.1800000000001 18.46959,-34.04805,678.1800000000001 18.46956,-34.04686,678.1800000000001 18.46956,-34.04593,685.8000000000001 18.46956,-34.04486,685.8000000000001 18.46953,-34.04398,693.4200000000001 18.46953,-34.04315,693.4200000000001 18.46947,-34.04196,693.4200000000001 18.46951,-34.03997,693.4200000000001 18.46951,-34.03913,693.4200000000001 18.46956,-34.03802,701.0400000000001 18.46962,-34.03695,701.0400000000001 18.4697,-34.03601,701.0400000000001 18.46976,-34.0351,701.0400000000001 18.46987,-34.03386,693.4200000000001 18.46996,-34.03299,693.4200000000001 18.47009,-34.03203,693.4200000000001 18.47019,-34.03099,693.4200000000001 18.47031,-34.02996,693.4200000000001 18.47042,-34.02908,701.0400000000001 18.47054,-34.02824,701.0400000000001 18.47065,-34.02708,693.4200000000001 18.47082,-34.02621,701.0400000000001 18.47094,-34.02536,693.4200000000001 18.47116,-34.02415,701.0400000000001 18.47132,-34.02324,701.0400000000001 18.47151,-34.02229,701.0400000000001 18.47174,-34.0214,701.0400000000001 18.47202,-34.02033,701.0400000000001 18.47228,-34.01944,701.0400000000001 18.4726,-34.01828,701.0400000000001 18.47282,-34.01735,693.4200000000001 18.47305,-34.01665,693.4200000000001 18.4734,-34.01558,693.4200000000001 18.47362,-34.01463,693.4200000000001 18.47391,-34.01358,693.4200000000001 18.47413,-34.01276,685.8000000000001 18.47435,-34.01189,685.8000000000001 18.47463,-34.01088,685.8000000000001 18.47519,-34.00891,678.1800000000001 18.4754,-34.00813,670.5600000000001 18.47626,-34.00525,662.94 18.47729,-34.00138,647.7 18.47792,-33.99915,624.84 18.47811,-33.99834,617.22 18.47856,-33.99701,609.6 18.47884,-33.996,601.98 18.47917,-33.99504,594.36 18.47962,-33.99371,586.74 18.47998,-33.99268,586.74 18.48029,-33.99165,579.12 18.48069,-33.99046,571.5 18.48215,-33.9863,556.26 18.48332,-33.98282,541.02 18.48444,-33.97955,525.78 18.48567,-33.97559,510.54 18.48604,-33.97457,502.92 18.48652,-33.97325,495.3 18.4869,-33.97233,495.3 18.4873,-33.97117,487.68 18.48758,-33.97037,487.68 18.48799,-33.96912,480.06 18.48833,-33.96796,480.06 18.48859,-33.96698,480.06 18.48885,-33.96605,480.06 18.48915,-33.96506,472.44 18.48949,-33.96378,472.44 18.48971,-33.96268,464.82000000000005 18.48988,-33.96163,457.20000000000005 18.49005,-33.96034,449.58000000000004 18.4901,-33.95929,449.58000000000004 18.4901,-33.95818,441.96000000000004 18.4901,-33.95709,434.34000000000003 18.4901,-33.95609,434.34000000000003 18.48999,-33.9548,426.72 18.48982,-33.95375,419.1 18.48965,-33.95241,411.48 18.48942,-33.95148,403.86 18.48913,-33.95022,396.24 18.48873,-33.94896,388.62 18.48845,-33.94813,388.62 18.48797,-33.94675,373.38 18.48752,-33.94574,365.76 18.48707,-33.94482,365.76 18.48663,-33.94386,365.76 18.48607,-33.94272,358.14000000000004 18.48551,-33.94171,350.52000000000004 18.48484,-33.94049,350.52000000000004 18.48421,-33.93947,342.90000000000003 18.48366,-33.9386,342.90000000000003 18.48304,-33.93768,342.90000000000003 18.48231,-33.93658,335.28000000000003 18.48141,-33.93537,335.28000000000003 18.4808,-33.93452,327.66 18.48015,-33.9337,327.66 18.47934,-33.93265,327.66 18.47855,-33.93165,320.04 18.4778,-33.93072,320.04 18.47693,-33.92967,320.04 18.47637,-33.92903,320.04 18.47564,-33.92816,312.42 18.47477,-33.92713,312.42 18.47403,-33.92629,312.42 18.47305,-33.92536,312.42 18.47231,-33.92457,312.42 18.47151,-33.92378,304.8 18.47065,-33.92299,304.8 18.46945,-33.92187,304.8 18.46847,-33.92097,304.8 18.46739,-33.92001,304.8 18.46659,-33.91927,304.8 18.46556,-33.91838,297.18 18.46477,-33.91768,297.18 18.46378,-33.91684,289.56 18.4628,-33.91599,289.56 18.46195,-33.91526,289.56 18.46092,-33.91438,281.94 18.46011,-33.91365,281.94 18.45926,-33.91279,281.94 18.45812,-33.91182,281.94 18.45731,-33.91109,281.94 18.45629,-33.91009,281.94 18.45535,-33.9093,281.94 18.45445,-33.90848,274.32 18.45331,-33.90739,281.94 18.45238,-33.90656,274.32 18.45154,-33.90578,274.32 18.45092,-33.90514,274.32 18.44994,-33.90418,266.7 18.4489,-33.90312,266.7 18.4481,-33.90227,266.7 18.44728,-33.90138,259.08000000000004 18.44661,-33.9006,259.08000000000004 18.44593,-33.89983,259.08000000000004 18.44513,-33.89887,259.08000000000004 18.44427,-33.8979,259.08000000000004 18.44364,-33.8972,259.08000000000004 18.44273,-33.89613,259.08000000000004 18.4421,-33.89538,259.08000000000004 18.44141,-33.89468,259.08000000000004 18.44078,-33.89399,251.46 18.44009,-33.89329,251.46 18.43904,-33.89236,243.84 18.43831,-33.89182,236.22 18.43752,-33.89131,228.60000000000002 18.43652,-33.89085,220.98000000000002 18.43539,-33.89058,205.74 18.43456,-33.89063,190.5 18.43374,-33.89082,175.26000000000002 18.43294,-33.89124,160.02 18.43225,-33.89166,152.4 18.4317,-33.892,144.78 18.43117,-33.8924,129.54000000000002 18.43041,-33.89296,121.92 18.4299,-33.89337,114.30000000000001 18.42934,-33.89383,106.68 18.42861,-33.89438,99.06 18.42805,-33.89488,91.44 18.42751,-33.89534,91.44 18.42705,-33.8958,91.44 18.42602,-33.89729,76.2 18.42602,-33.89762,76.2 18.4262,-33.89818,76.2 18.42637,-33.8985,68.58 18.42659,-33.89883,68.58 18.42676,-33.89914,68.58 18.42687,-33.89946,60.96 18.42699,-33.89973,60.96 18.42704,-33.90001,60.96 18.42716,-33.90051,60.96 18.42721,-33.90083,53.34 18.42739,-33.90111,53.34 18.42743,-33.90143,68.58 18.42816,-33.90152,83.82000000000001 18.42882,-33.90157,83.82000000000001 18.42945,-33.90153,91.44 18.43019,-33.90148,99.06 18.4308,-33.90138,106.68 18.43119,-33.90134,114.30000000000001 18.43203,-33.9012,129.54000000000002 18.43265,-33.90106,144.78 18.43317,-33.90097,144.78 18.43377,-33.90088,152.4 18.43454,-33.90069,160.02 18.4354,-33.90046,167.64000000000001 18.43607,-33.90024,167.64000000000001 18.4368,-33.89992,175.26000000000002 18.43764,-33.89946,182.88 18.43832,-33.89901,190.5 18.43884,-33.89859,198.12 18.43958,-33.89776,205.74 18.43998,-33.89706,213.36 18.44033,-33.89616,220.98000000000002 18.44055,-33.89529,228.60000000000002 18.44067,-33.89422,228.60000000000002 18.44067,-33.89333,236.22 18.44055,-33.89223,243.84 18.44027,-33.8911,251.46 18.43999,-33.89021,251.46 18.43966,-33.88925,259.08000000000004 18.43915,-33.88824,266.7 18.43855,-33.88719,274.32 18.43803,-33.88646,281.94 18.43729,-33.8856,289.56 18.4366,-33.88486,297.18 18.43552,-33.88398,312.42 18.43489,-33.88353,320.04 18.43391,-33.88291,327.66 18.43306,-33.88249,335.28000000000003 18.43185,-33.88193,350.52000000000004 18.43074,-33.88147,350.52000000000004 18.42962,-33.88109,358.14000000000004 18.42872,-33.88083,365.76 18.42762,-33.88053,373.38 18.42659,-33.88034,381 18.42547,-33.88019,388.62 18.42436,-33.88011,396.24 18.42351,-33.88005,403.86 18.42224,-33.88002,411.48 18.42127,-33.87997,411.48 18.41998,-33.87996,419.1 18.41875,-33.87997,426.72 18.41774,-33.88,434.34000000000003 18.41681,-33.88007,434.34000000000003 18.41589,-33.88014,441.96000000000004 18.41499,-33.88019,441.96000000000004 18.41412,-33.88025,449.58000000000004 18.41303,-33.88033,457.20000000000005 18.41211,-33.88044,457.20000000000005 18.4112,-33.88053,464.82000000000005 18.41034,-33.88067,464.82000000000005 18.40937,-33.88081,472.44 18.40832,-33.88097,480.06 18.40754,-33.88106,487.68 18.40662,-33.88118,495.3 18.40552,-33.88133,502.92 18.40473,-33.88146,510.54 18.40378,-33.88161,525.78 18.40302,-33.88174,533.4 18.40204,-33.88188,541.02 18.40132,-33.88202,548.64 18.40044,-33.88221,563.88 18.39947,-33.88239,571.5 18.39885,-33.88252,579.12 18.39809,-33.88268,586.74 18.39718,-33.88291,594.36 18.39627,-33.88316,601.98 18.39563,-33.88333,609.6 18.39498,-33.88348,624.84 18.39414,-33.88371,632.46 18.39313,-33.88403,647.7 18.39243,-33.88421,655.32 18.39173,-33.88445,662.94 18.39088,-33.88472,670.5600000000001 18.39027,-33.88495,678.1800000000001 18.3894,-33.88528,685.8000000000001 18.38848,-33.88565,693.4200000000001 18.38785,-33.88593,701.0400000000001 18.38711,-33.88626,708.6600000000001 18.38631,-33.88663,716.2800000000001 18.38556,-33.887,716.2800000000001 18.3847,-33.88742,723.9000000000001 18.38396,-33.88784,731.52 18.38333,-33.88826,739.14 18.38248,-33.88875,746.76 18.38184,-33.88924,754.38 18.38104,-33.88984,762 18.38052,-33.8903,762 18.37996,-33.89077,769.62 18.37929,-33.8914,777.24 18.37861,-33.89209,784.86 18.37795,-33.89268,792.48 18.37738,-33.89329,800.1 18.37676,-33.89397,815.34 18.37629,-33.8945,822.96 18.37572,-33.8952,830.58 18.37538,-33.89566,838.2 18.37497,-33.89626,845.82 18.37452,-33.8969,853.44 18.37406,-33.89766,861.0600000000001 18.37374,-33.89818,868.6800000000001 18.37329,-33.899,876.3000000000001 18.37286,-33.89976,876.3000000000001 18.37252,-33.90051,883.9200000000001 18.37223,-33.90115,891.5400000000001 18.37194,-33.90166,891.5400000000001 18.37155,-33.90244,899.1600000000001 18.37116,-33.90321,906.7800000000001 18.3708,-33.9039,906.7800000000001 18.37037,-33.90459,914.4000000000001 18.36998,-33.90523,914.4000000000001 18.36948,-33.90605,922.0200000000001 18.36908,-33.9067,922.0200000000001 18.36868,-33.90734,929.6400000000001 18.36819,-33.90811,937.26 18.3678,-33.90871,937.26 18.36737,-33.90939,944.88 18.36695,-33.91003,952.5 18.36662,-33.91058,960.12 18.36611,-33.91135,967.74 18.36572,-33.912,967.74 18.36527,-33.91269,975.36 18.36479,-33.91349,982.98 18.36432,-33.91425,982.98 18.36388,-33.91498,990.6 18.36348,-33.91558,998.22 18.36297,-33.91644,1005.84 18.36264,-33.91699,1013.46 18.36129,-33.91928,1028.7 18.35953,-33.9221,1051.56 18.35798,-33.92466,1074.42 18.35667,-33.92694,1097.28 18.35535,-33.92923,1104.9 18.35409,-33.93142,1120.14 18.35233,-33.93471,1135.38 18.35066,-33.93789,1150.6200000000001 18.35031,-33.9386,1158.24 18.349,-33.94119,1173.48 18.3475,-33.94423,1181.1000000000001 18.3461,-33.94688,1188.72 18.34482,-33.94948,1196.3400000000001 18.34333,-33.95255,1203.96 18.34202,-33.95539,1211.5800000000002 18.34064,-33.95837,1211.5800000000002 18.33926,-33.96117,1211.5800000000002 18.33742,-33.96474,1219.2 18.33607,-33.9674,1219.2 18.33461,-33.97028,1226.8200000000002 18.33309,-33.97336,1226.8200000000002 18.33229,-33.97517,1234.44 18.33195,-33.97601,1234.44 18.33149,-33.97708,1234.44 18.33109,-33.97792,1226.8200000000002 18.33069,-33.97879,1226.8200000000002 18.33007,-33.98003,1234.44 18.32962,-33.98103,1226.8200000000002 18.32912,-33.98204,1226.8200000000002 18.32878,-33.98286,1226.8200000000002 18.32823,-33.98407,1219.2 18.32788,-33.98486,1219.2 18.32744,-33.98602,1219.2 18.32703,-33.98705,1219.2 18.3266,-33.98817,1219.2 18.32623,-33.98933,1219.2 18.32587,-33.99037,1211.5800000000002 18.32559,-33.99129,1211.5800000000002 18.32531,-33.99226,1211.5800000000002 18.32491,-33.99339,1211.5800000000002 18.32462,-33.99459,1211.5800000000002 18.32435,-33.99536,1203.96 18.32407,-33.99641,1203.96 18.32382,-33.99738,1203.96 18.32354,-33.99854,1196.3400000000001 18.32319,-33.99998,1188.72 18.32295,-34.00099,1188.72 18.32267,-34.00204,1181.1000000000001 18.32193,-34.0052,1173.48 18.32144,-34.0074,1173.48 18.32127,-34.00845,1173.48 18.3211,-34.00951,1173.48 18.32099,-34.01065,1165.8600000000001 18.3209,-34.01158,1165.8600000000001 18.32096,-34.01279,1165.8600000000001 18.32102,-34.01405,1165.8600000000001 18.32113,-34.01502,1165.8600000000001 18.32127,-34.0161,1165.8600000000001 18.32148,-34.0173,1158.24 18.32172,-34.01839,1158.24 18.32199,-34.0194,1150.6200000000001 18.32245,-34.02054,1143 18.32291,-34.02149,1143 18.32359,-34.02247,1135.38 18.32447,-34.02347,1127.76 18.32548,-34.02438,1120.14 18.32634,-34.02508,1112.52 18.32731,-34.02568,1112.52 18.32839,-34.02631,1104.9 18.32972,-34.02689,1097.28 18.33086,-34.02731,1089.66 18.33271,-34.02782,1089.66 18.33384,-34.02801,1082.04 18.3354,-34.02827,1074.42 18.3367,-34.02838,1066.8 18.33786,-34.0285,1066.8 18.33956,-34.02857,1059.18 18.34083,-34.02855,1051.56 18.34242,-34.02852,1051.56 18.34391,-34.02838,1051.56 18.34505,-34.02829,1043.94 18.34649,-34.02814,1036.3200000000002 18.34768,-34.02796,1036.3200000000002 18.34906,-34.02778,1028.7 18.35048,-34.02759,1021.08 18.35157,-34.0274,1021.08 18.35306,-34.02717,1021.08 18.35434,-34.02695,1021.08 18.35541,-34.02675,1013.46 18.3569,-34.02647,1005.84 18.3581,-34.02621,1013.46 18.35928,-34.02599,1013.46 18.36062,-34.02571,1013.46 18.3617,-34.0255,1013.46 18.36308,-34.02526,1013.46 18.36456,-34.02494,1013.46 18.36576,-34.02466,998.22 18.36695,-34.02438,990.6 18.36836,-34.02402,982.98 18.36983,-34.02359,975.36 18.37126,-34.02317,967.74 18.37252,-34.0228,960.12 18.37362,-34.02242,952.5 18.37509,-34.02191,944.88 18.37654,-34.02145,937.26 18.3779,-34.02103,929.6400000000001 18.37904,-34.02066,929.6400000000001 18.38029,-34.02026,929.6400000000001 18.38158,-34.01985,929.6400000000001 18.38315,-34.01939,922.0200000000001 18.38425,-34.01902,922.0200000000001 18.38585,-34.01851,922.0200000000001 18.38691,-34.0182,914.4000000000001 18.38876,-34.0177,906.7800000000001 18.38988,-34.01743,906.7800000000001 18.39128,-34.01707,899.1600000000001 18.3926,-34.01679,899.1600000000001 18.39369,-34.01651,891.5400000000001 18.39504,-34.01624,891.5400000000001 18.39616,-34.01601,883.9200000000001 18.39741,-34.01572,868.6800000000001 18.39868,-34.01541,861.0600000000001 18.39997,-34.01509,853.44 18.40126,-34.01472,845.82 18.4026,-34.01436,838.2 18.40361,-34.01404,830.58 18.40502,-34.01348,822.96 18.40611,-34.01302,815.34 18.40742,-34.01234,807.72 18.40838,-34.0118,800.1 18.40942,-34.01116,800.1 18.4104,-34.01041,792.48 18.41137,-34.00967,792.48 18.41241,-34.00882,784.86 18.41343,-34.0079,784.86 18.41432,-34.00703,784.86 18.41526,-34.00599,784.86 18.41606,-34.00502,784.86 18.41675,-34.00408,777.24 18.41735,-34.00319,777.24 18.41818,-34.00199,777.24 18.41891,-34.00072,777.24 18.41955,-33.99957,777.24 18.42012,-33.99845,777.24 18.4207,-33.99733,777.24 18.42121,-33.99626,777.24 18.42178,-33.99505,777.24 18.4223,-33.99398,777.24 18.42278,-33.99289,769.62 18.42329,-33.99184,769.62 18.4239,-33.99063,762 18.42452,-33.98932,762 18.42508,-33.98827,762 18.42579,-33.987,762 18.4262,-33.98625,762 18.42682,-33.98518,762 18.4276,-33.98396,762 18.42822,-33.983,754.38 18.42917,-33.98177,754.38 18.4299,-33.98085,746.76 18.43065,-33.97997,739.14 18.43174,-33.97881,731.52 18.43254,-33.97792,731.52 18.4334,-33.97699,723.9000000000001 18.43454,-33.97578,716.2800000000001 18.43546,-33.9748,716.2800000000001 18.4362,-33.9741,708.6600000000001 18.43758,-33.97275,701.0400000000001 18.43881,-33.97174,685.8000000000001 18.43992,-33.97084,678.1800000000001 18.44111,-33.97005,670.5600000000001 18.44251,-33.96922,655.32 18.4437,-33.96865,647.7 18.44526,-33.96799,640.08 18.44667,-33.96754,632.46 18.44828,-33.96712,617.22 18.44976,-33.96684,609.6 18.4512,-33.96661,601.98 18.453,-33.96643,586.74 18.4544,-33.96633,586.74 18.45566,-33.96628,579.12 18.45737,-33.9662,571.5 18.45892,-33.96609,563.88 18.46041,-33.966,556.26 18.46213,-33.96584,548.64 18.46348,-33.96565,541.02 18.46544,-33.96526,548.64 18.46678,-33.96492,533.4 18.46802,-33.96456,533.4 18.46939,-33.96405,533.4 18.47082,-33.96344,533.4 18.47189,-33.96291,533.4 18.47328,-33.96214,533.4 18.47452,-33.9614,533.4 18.47564,-33.96057,533.4 18.47659,-33.95975,525.78 18.47757,-33.95888,525.78 18.47866,-33.95776,525.78 18.4794,-33.95686,525.78 18.48026,-33.95567,525.78 18.48085,-33.95471,525.78 18.48141,-33.9537,525.78 18.48186,-33.95265,525.78 18.48232,-33.95129,525.78 18.48259,-33.94991,525.78 18.48278,-33.9485,518.1600000000001 18.48278,-33.94738,518.1600000000001 18.48267,-33.94626,518.1600000000001 18.48249,-33.94492,518.1600000000001 18.48231,-33.94386,518.1600000000001 18.48198,-33.94258,510.54 18.48169,-33.94161,510.54 18.48129,-33.94054,518.1600000000001 18.48069,-33.93901,518.1600000000001 18.48021,-33.93774,518.1600000000001 18.47968,-33.93663,510.54 18.47895,-33.9353,510.54 18.47837,-33.93435,502.92 18.47766,-33.93333,502.92 18.47689,-33.93235,502.92 18.47597,-33.93113,502.92 18.4753,-33.93036,502.92 18.4742,-33.92908,502.92 18.4734,-33.92825,495.3 18.47278,-33.92761,495.3 18.47127,-33.92615,495.3 18.47036,-33.92536,487.68 18.46947,-33.92455,487.68 18.46865,-33.92378,487.68 18.46756,-33.92289,487.68 18.46664,-33.9221,487.68 18.4655,-33.92116,487.68 18.46426,-33.9202,487.68 18.4632,-33.91937,487.68 18.46224,-33.91864,487.68 18.46112,-33.91772,480.06 18.45995,-33.91684,487.68 18.45894,-33.91612,480.06 18.45783,-33.91521,480.06 18.45681,-33.91443,487.68 18.45594,-33.91377,480.06 18.45513,-33.91301,480.06 18.45412,-33.91214,480.06 18.45331,-33.91135,480.06 18.45257,-33.91065,480.06 18.4516,-33.90972,480.06 18.45086,-33.90903,464.82000000000005 18.44986,-33.90802,472.44 18.4489,-33.9071,464.82000000000005 18.44812,-33.90637,472.44 18.44711,-33.90532,480.06 18.44616,-33.90427,472.44 18.4456,-33.90363,472.44 18.44464,-33.90257,472.44 18.44391,-33.9017,472.44 18.44307,-33.90069,472.44 18.44244,-33.89985,472.44 18.44162,-33.89882,472.44 18.44094,-33.8979,472.44 18.44038,-33.89711,472.44 18.43969,-33.89608,472.44 18.43918,-33.8952,472.44 18.43865,-33.89429,472.44 18.43792,-33.8931,464.82000000000005 18.4374,-33.89231,464.82000000000005 18.43678,-33.89133,457.20000000000005 18.4362,-33.89054,457.20000000000005 18.43563,-33.88984,449.58000000000004 18.43489,-33.8891,449.58000000000004 18.43403,-33.8884,441.96000000000004 18.43323,-33.88794,434.34000000000003 18.4322,-33.8876,426.72 18.43122,-33.88752,411.48 18.43024,-33.8876,403.86 18.42934,-33.88783,396.24 18.42856,-33.88824,381 18.42796,-33.88873,373.38 18.42751,-33.88919,358.14000000000004 18.4271,-33.88989,335.28000000000003 18.42688,-33.8904,320.04 18.42671,-33.89099,312.42 18.42665,-33.89147,297.18 18.42659,-33.89204,281.94 18.42654,-33.8925,274.32 18.42654,-33.89296,259.08000000000004 18.42648,-33.89342,251.46 18.42648,-33.89389,236.22 18.42648,-33.89438,220.98000000000002 18.42642,-33.89482,213.36 18.42643,-33.89529,198.12 18.42643,-33.89571,190.5 18.42642,-33.89622,175.26000000000002 18.42642,-33.89659,160.02 18.42648,-33.89715,144.78 18.42659,-33.89753,129.54000000000002 18.42665,-33.8979,114.30000000000001 18.42676,-33.89832,99.06 18.42688,-33.89869,91.44 18.42699,-33.89906,83.82000000000001 18.42704,-33.89937,76.2 18.4271,-33.89964,68.58 18.4271,-33.89992,68.58 18.42705,-33.90013,68.58 18.42693,-33.90056,60.96 18.42699,-33.90079,53.34 18.42721,-33.90106,53.34 18.42721,-33.90129,60.96 18.42766,-33.90152,76.2 18.42865,-33.90157,91.44 18.42922,-33.90157,99.06 18.43013,-33.90152,106.68 18.43085,-33.90143,114.30000000000001 18.43153,-33.90134,121.92 18.43242,-33.9012,121.92 18.43334,-33.90097,129.54000000000002 18.4341,-33.90079,137.16 18.435,-33.90051,144.78 18.43597,-33.90018,144.78 18.43695,-33.89976,152.4 18.43758,-33.89934,167.64000000000001 18.43809,-33.89887,175.26000000000002 18.43866,-33.89804,190.5 18.43904,-33.89722,198.12 18.43918,-33.89641,205.74 18.43932,-33.89543,213.36 18.43935,-33.89455,213.36 18.43929,-33.89375,220.98000000000002 18.43921,-33.89282,228.60000000000002 18.43906,-33.89175,236.22 18.43881,-33.89076,236.22 18.43859,-33.88985,236.22 18.43831,-33.8887,251.46 18.43797,-33.88765,259.08000000000004 18.43763,-33.88672,266.7 18.43723,-33.8857,266.7 18.43678,-33.88491,274.32 18.43601,-33.88394,281.94 18.43528,-33.88316,289.56 18.43439,-33.88243,297.18 18.4336,-33.88184,312.42 18.43266,-33.88123,320.04 18.43175,-33.88074,335.28000000000003 18.431,-33.88034,350.52000000000004 18.43007,-33.87991,358.14000000000004 18.42922,-33.8796,373.38 18.42828,-33.87927,381 18.42727,-33.879,396.24 18.42648,-33.87881,403.86 18.42542,-33.87859,411.48 18.42452,-33.87845,419.1 18.42368,-33.87836,426.72 18.42295,-33.87827,434.34000000000003 18.42189,-33.87817,441.96000000000004 18.42104,-33.87811,449.58000000000004 18.42018,-33.87807,457.20000000000005 18.41931,-33.87804,464.82000000000005 18.41829,-33.87797,472.44 18.41723,-33.87799,480.06 18.41623,-33.87799,487.68 18.41515,-33.87807,487.68 18.41429,-33.87816,495.3 18.41303,-33.87831,502.92 18.41219,-33.87845,510.54 18.41101,-33.87868,525.78 18.41017,-33.87881,533.4 18.40916,-33.879,541.02 18.4081,-33.87918,556.26 18.40726,-33.87936,563.88 18.40628,-33.8796,571.5 18.40548,-33.87974,579.12 18.40451,-33.87991,594.36 18.40367,-33.8801,601.98 18.40284,-33.88025,609.6 18.40204,-33.88039,609.6 18.40109,-33.8806,617.22 18.4001,-33.88081,632.46 18.39919,-33.88106,640.08 18.3984,-33.88129,647.7 18.39767,-33.88152,655.32 18.39694,-33.88174,655.32 18.39615,-33.88207,662.94 18.3952,-33.88243,670.5600000000001 18.3946,-33.88268,678.1800000000001 18.39375,-33.88312,685.8000000000001 18.39302,-33.88344,693.4200000000001 18.39226,-33.88384,693.4200000000001 18.39139,-33.88431,701.0400000000001 18.39066,-33.88472,708.6600000000001 18.38988,-33.88513,716.2800000000001 18.38917,-33.88556,723.9000000000001 18.38831,-33.88605,731.52 18.38757,-33.88654,739.14 18.38682,-33.88705,746.76 18.38614,-33.88742,754.38 18.38533,-33.88798,762 18.38467,-33.88843,762 18.384,-33.88889,769.62 18.38327,-33.88939,769.62 18.38253,-33.88993,777.24 18.38181,-33.89049,784.86 18.38116,-33.89101,792.48 18.38041,-33.89159,800.1 18.37967,-33.89217,807.72 18.3791,-33.89264,815.34 18.37833,-33.89323,822.96 18.37772,-33.89378,830.58 18.37709,-33.89436,838.2 18.37641,-33.89496,845.82 18.37598,-33.89539,853.44 18.37521,-33.89608,861.0600000000001 18.37452,-33.89673,868.6800000000001 18.374,-33.89724,876.3000000000001 18.37332,-33.89794,883.9200000000001 18.37278,-33.89845,899.1600000000001 18.37229,-33.89897,906.7800000000001 18.37166,-33.8996,914.4000000000001 18.3712,-33.90013,922.0200000000001 18.37065,-33.90079,929.6400000000001 18.37004,-33.90152,937.26 18.3696,-33.90204,944.88 18.36914,-33.90255,952.5 18.36836,-33.9034,960.12 18.36782,-33.90404,975.36 18.36724,-33.90472,982.98 18.36668,-33.90535,990.6 18.36606,-33.90601,998.22 18.36555,-33.9066,998.22 18.36505,-33.9072,1005.84 18.36337,-33.90912,1028.7 18.3617,-33.91112,1043.94 18.35941,-33.91386,1066.8 18.35821,-33.91544,1074.42 18.35724,-33.91675,1082.04 18.35678,-33.9175,1089.66 18.35621,-33.91829,1097.28 18.3558,-33.91896,1097.28 18.35518,-33.92001,1104.9 18.35479,-33.92075,1104.9 18.35415,-33.92187,1104.9 18.35369,-33.92271,1104.9 18.35323,-33.92364,1104.9 18.35272,-33.92464,1104.9 18.35238,-33.92546,1104.9 18.35197,-33.92629,1112.52 18.35157,-33.92713,1112.52 18.35106,-33.9283,1112.52 18.35059,-33.92953,1112.52 18.35019,-33.93036,1112.52 18.3498,-33.93146,1112.52 18.34951,-33.93211,1112.52 18.34907,-33.9332,1112.52 18.34866,-33.9343,1112.52 18.34831,-33.93523,1112.52 18.34797,-33.9363,1112.52 18.34757,-33.93732,1112.52 18.34723,-33.9383,1112.52 18.34644,-33.94052,1120.14 18.3461,-33.94139,1120.14 18.34571,-33.94231,1112.52 18.34448,-33.94538,1112.52 18.3433,-33.94826,1112.52 18.34299,-33.9492,1112.52 18.34263,-33.95032,1112.52 18.34236,-33.9512,1112.52 18.34208,-33.95232,1112.52 18.3419,-33.95334,1104.9 18.34185,-33.95432,1112.52 18.34201,-33.95526,1120.14 18.34236,-33.95618,1120.14 18.34313,-33.95732,1112.52 18.34402,-33.95809,1112.52 18.34488,-33.95865,1112.52 18.34614,-33.95921,1112.52 18.3474,-33.95948,1120.14 18.34877,-33.95963,1120.14 18.35014,-33.95956,1120.14 18.35117,-33.95939,1120.14 18.35255,-33.95897,1112.52 18.35395,-33.95833,1104.9 18.35513,-33.9576,1104.9 18.35592,-33.95697,1097.28 18.35686,-33.95618,1097.28 18.35782,-33.95522,1097.28 18.35872,-33.95416,1089.66 18.35939,-33.95325,1082.04 18.36006,-33.95224,1082.04 18.36073,-33.95111,1074.42 18.36136,-33.95004,1066.8 18.36185,-33.94917,1066.8 18.3623,-33.94826,1059.18 18.36297,-33.94702,1051.56 18.36359,-33.94583,1043.94 18.36399,-33.94492,1036.3200000000002 18.36456,-33.94375,1036.3200000000002 18.36514,-33.94249,1028.7 18.36555,-33.94162,1021.08 18.36617,-33.94017,1013.46 18.36662,-33.93909,1005.84 18.36712,-33.93791,998.22 18.36752,-33.93695,990.6 18.36813,-33.93553,975.36 18.36858,-33.93452,967.74 18.36914,-33.93324,960.12 18.36953,-33.93224,952.5 18.37015,-33.93091,937.26 18.37161,-33.92743,906.7800000000001 18.37326,-33.92392,876.3000000000001 18.37379,-33.92285,868.6800000000001 18.3743,-33.92184,853.44 18.37491,-33.9207,838.2 18.37572,-33.91927,822.96 18.37629,-33.91824,815.34 18.37704,-33.91708,807.72 18.37766,-33.91603,800.1 18.37824,-33.91512,792.48 18.37901,-33.91402,784.86 18.37985,-33.91273,777.24 18.38052,-33.91191,769.62 18.38142,-33.91072,754.38 18.38243,-33.90953,739.14 18.38315,-33.90871,731.52 18.38396,-33.90776,723.9000000000001 18.38499,-33.90674,708.6600000000001 18.38579,-33.90591,701.0400000000001 18.3868,-33.90491,693.4200000000001 18.38774,-33.904,685.8000000000001 18.3887,-33.90312,670.5600000000001 18.38985,-33.90208,670.5600000000001 18.39106,-33.90111,655.32 18.39212,-33.90024,647.7 18.39336,-33.89937,647.7 18.39432,-33.89869,632.46 18.39535,-33.89804,640.08 18.39672,-33.89717,624.84 18.39781,-33.89645,617.22 18.39901,-33.89576,609.6 18.40044,-33.89496,609.6 18.40137,-33.89447,594.36 18.40273,-33.8938,594.36 18.40387,-33.89329,586.74 18.40507,-33.89273,586.74 18.40619,-33.89227,579.12 18.40765,-33.8917,571.5 18.40902,-33.89115,571.5 18.41011,-33.89068,563.88 18.41125,-33.89026,556.26 18.41263,-33.8897,556.26 18.41432,-33.88907,556.26 18.41543,-33.88863,548.64 18.41695,-33.88802,548.64 18.41806,-33.88756,541.02 18.41904,-33.88719,533.4 18.42037,-33.88664,533.4 18.42161,-33.88617,533.4 18.42267,-33.88573,533.4 18.42374,-33.88531,525.78 18.42476,-33.88496,518.1600000000001 18.4259,-33.88458,510.54 18.42716,-33.88435,510.54 18.42813,-33.88421,510.54 18.42923,-33.88426,510.54 18.43001,-33.8844,502.92 18.43108,-33.88481,495.3 18.43174,-33.88528,487.68 18.43226,-33.88591,472.44 18.43254,-33.88659,464.82000000000005 18.43254,-33.88742,441.96000000000004 18.43237,-33.88817,426.72 18.43209,-33.88879,411.48 18.43153,-33.88957,388.62 18.43102,-33.89012,381 18.43057,-33.89063,373.38 18.43008,-33.8911,365.76 18.42968,-33.89152,342.90000000000003 18.42939,-33.89189,335.28000000000003 18.42889,-33.89241,312.42 18.42848,-33.89287,289.56 18.42811,-33.89342,266.7 18.42783,-33.89388,251.46 18.42756,-33.89441,228.60000000000002 18.42739,-33.89487,213.36 18.42722,-33.89552,190.5 18.4271,-33.89616,167.64000000000001 18.42705,-33.89673,152.4 18.42699,-33.89724,129.54000000000002 18.42699,-33.89776,114.30000000000001 18.42699,-33.89818,106.68 18.42705,-33.89855,91.44 18.4271,-33.89906,83.82000000000001 18.42715,-33.89946,76.2 18.42715,-33.89969,76.2 18.42705,-33.90013,60.96 18.42699,-33.90041,60.96 18.42705,-33.90074,60.96 18.42722,-33.90106,53.34 18.42722,-33.90129,60.96 18.42743,-33.90147,68.58 18.42819,-33.90176,76.2 18.42865,-33.90195,83.82000000000001 18.42916,-33.90204,91.44 18.42979,-33.90218,91.44 18.43031,-33.90227,99.06 18.43091,-33.9023,114.30000000000001 18.43158,-33.90234,144.78 18.43203,-33.9023,152.4 18.43243,-33.90223,160.02 18.43287,-33.90216,167.64000000000001 18.43355,-33.90207,182.88 18.43403,-33.90195,190.5 18.4346,-33.90185,205.74 18.43517,-33.9017,213.36 18.43575,-33.90153,220.98000000000002 18.43626,-33.90129,236.22 18.4368,-33.90097,243.84 18.43736,-33.90051,251.46 18.43792,-33.89992,266.7 18.43837,-33.89932,274.32 18.43878,-33.8985,281.94 18.43909,-33.89786,289.56 18.43941,-33.89701,304.8 18.43964,-33.89631,312.42 18.43981,-33.8958,320.04 18.43999,-33.89479,335.28000000000003 18.44009,-33.89408,342.90000000000003 18.4401,-33.89337,342.90000000000003 18.44015,-33.8925,350.52000000000004 18.44009,-33.89161,365.76 18.44005,-33.89081,373.38 18.43998,-33.89003,381 18.43988,-33.88925,388.62 18.43969,-33.88845,396.24 18.43952,-33.88779,403.86 18.43932,-33.88683,411.48 18.43906,-33.88598,419.1 18.43878,-33.88519,426.72 18.43837,-33.88426,434.34000000000003 18.43803,-33.88353,441.96000000000004 18.43764,-33.8828,449.58000000000004 18.43712,-33.88198,457.20000000000005 18.43649,-33.88118,464.82000000000005 18.43592,-33.88049,472.44 18.43539,-33.87991,480.06 18.43467,-33.87923,487.68 18.43397,-33.87867,502.92 18.43334,-33.87825,502.92 18.4322,-33.87762,510.54 18.43111,-33.87727,525.78 18.43042,-33.87709,525.78 18.42928,-33.87685,533.4 18.42844,-33.87675,541.02 18.4271,-33.87657,541.02 18.42607,-33.87648,548.64 18.42522,-33.87643,548.64 18.4243,-33.87639,548.64 18.4234,-33.87639,556.26 18.4225,-33.87643,556.26 18.42138,-33.87643,556.26 18.42081,-33.87648,556.26 18.41967,-33.87653,563.88 18.4188,-33.87657,563.88 18.41749,-33.87662,571.5 18.41669,-33.87667,579.12 18.41566,-33.87675,579.12 18.4146,-33.8768,586.74 18.41342,-33.87685,594.36 18.4123,-33.87694,601.98 18.41146,-33.87703,594.36 18.41062,-33.87712,601.98 18.40956,-33.87726,609.6 18.40877,-33.8774,609.6 18.40794,-33.87755,609.6 18.40708,-33.87769,617.22 18.40588,-33.87793,617.22 18.40513,-33.87804,624.84 18.40427,-33.8782,632.46 18.40322,-33.8784,640.08 18.40215,-33.87863,640.08 18.40154,-33.87872,647.7 18.4005,-33.87895,655.32 18.39975,-33.87909,662.94 18.39872,-33.87932,670.5600000000001 18.39773,-33.8795,670.5600000000001 18.39695,-33.8797,678.1800000000001 18.39582,-33.87991,685.8000000000001 18.39498,-33.88014,685.8000000000001 18.39403,-33.88034,693.4200000000001 18.39319,-33.8806,693.4200000000001 18.39212,-33.88087,701.0400000000001 18.39134,-33.8811,701.0400000000001 18.39031,-33.88146,701.0400000000001 18.38957,-33.88174,708.6600000000001 18.3886,-33.88211,708.6600000000001 18.38764,-33.88257,716.2800000000001 18.38691,-33.88293,723.9000000000001 18.38614,-33.88333,723.9000000000001 18.38522,-33.88384,731.52 18.38436,-33.8843,739.14 18.38366,-33.88467,739.14 18.38299,-33.88504,754.38 18.3822,-33.8855,754.38 18.38156,-33.88584,762 18.38076,-33.88626,769.62 18.38007,-33.88663,769.62 18.37934,-33.88701,777.24 18.3787,-33.88742,777.24 18.37805,-33.88779,784.86 18.37727,-33.88829,792.48 18.37652,-33.88877,792.48 18.37589,-33.88919,800.1 18.37531,-33.88962,800.1 18.37463,-33.89012,807.72 18.37413,-33.89058,807.72 18.37343,-33.89115,815.34 18.37292,-33.89161,815.34 18.37229,-33.89222,822.96 18.37172,-33.89273,830.58 18.37126,-33.89324,830.58 18.37077,-33.89378,838.2 18.37029,-33.89426,845.82 18.3696,-33.89496,853.44 18.3692,-33.89543,861.0600000000001 18.36869,-33.89598,868.6800000000001 18.36819,-33.89653,868.6800000000001 18.36782,-33.89701,876.3000000000001 18.36742,-33.89753,883.9200000000001 18.36701,-33.89804,883.9200000000001 18.36645,-33.89882,891.5400000000001 18.366,-33.89946,899.1600000000001 18.36561,-33.90005,906.7800000000001 18.36519,-33.90064,906.7800000000001 18.36485,-33.90115,914.4000000000001 18.36438,-33.90184,922.0200000000001 18.36399,-33.90246,922.0200000000001 18.36359,-33.90306,929.6400000000001 18.36319,-33.90358,929.6400000000001 18.36279,-33.90413,937.26 18.3623,-33.90486,944.88 18.36191,-33.90532,952.5 18.36147,-33.906,960.12 18.36101,-33.90669,960.12 18.36067,-33.90721,967.74 18.36016,-33.90791,975.36 18.35984,-33.90839,975.36 18.35939,-33.90907,982.98 18.35896,-33.90977,990.6 18.35737,-33.91219,990.6 18.35608,-33.9142,982.98 18.35421,-33.91703,990.6 18.353,-33.91919,990.6 18.35249,-33.9201,990.6 18.3521,-33.92097,990.6 18.35175,-33.92164,990.6 18.35143,-33.92235,990.6 18.35112,-33.92308,998.22 18.35077,-33.92387,998.22 18.35042,-33.92459,1005.84 18.35014,-33.92537,1005.84 18.3498,-33.9262,1005.84 18.34947,-33.92706,1005.84 18.34911,-33.92778,1005.84 18.34879,-33.92862,1005.84 18.34834,-33.92953,1013.46 18.34803,-33.93025,1013.46 18.34774,-33.9309,1013.46 18.34728,-33.93179,1013.46 18.34689,-33.9326,1013.46 18.3466,-33.93328,1013.46 18.34614,-33.9343,1013.46 18.34577,-33.93517,1013.46 18.34476,-33.93737,1013.46 18.34364,-33.93997,1021.08 18.3427,-33.94221,1013.46 18.34162,-33.94454,1013.46 18.34022,-33.94771,1013.46 18.33984,-33.94854,1013.46 18.33887,-33.95078,1021.08 18.33859,-33.95142,1021.08 18.33755,-33.95371,1005.84 18.33681,-33.9553,998.22 18.33641,-33.95599,1005.84 18.33601,-33.95677,998.22 18.33555,-33.95758,998.22 18.33512,-33.95828,998.22 18.33464,-33.95916,990.6 18.33418,-33.9599,990.6 18.33377,-33.96062,990.6 18.33327,-33.96153,990.6 18.33292,-33.96204,982.98 18.3322,-33.96341,982.98 18.33114,-33.96524,967.74 18.3304,-33.96647,967.74 18.33007,-33.96698,960.12 18.32954,-33.96782,960.12 18.32906,-33.96844,960.12 18.32867,-33.96909,967.74 18.32794,-33.9701,967.74 18.32743,-33.97089,960.12 18.32699,-33.97151,967.74 18.32592,-33.97298,960.12 18.32536,-33.97375,967.74 18.32491,-33.97443,967.74 18.32435,-33.97522,960.12 18.32382,-33.97592,960.12 18.32325,-33.97676,960.12 18.32268,-33.97764,952.5 18.32217,-33.97838,952.5 18.32172,-33.97916,952.5 18.32121,-33.97993,960.12 18.32077,-33.98067,960.12 18.32027,-33.98141,960.12 18.31987,-33.98211,967.74 18.31947,-33.98272,967.74 18.31892,-33.98373,967.74 18.31856,-33.98434,967.74 18.31802,-33.9852,967.74 18.31763,-33.98593,967.74 18.31713,-33.98672,967.74 18.31638,-33.98816,975.36 18.31595,-33.989,975.36 18.31561,-33.98973,982.98 18.31524,-33.99044,975.36 18.31484,-33.99128,982.98 18.3145,-33.99193,975.36 18.31404,-33.99294,975.36 18.31371,-33.99358,975.36 18.31326,-33.99449,982.98 18.31295,-33.9951,975.36 18.31238,-33.99617,982.98 18.31198,-33.99701,990.6 18.31163,-33.99775,990.6 18.3104,-34.00026,990.6 18.30917,-34.00273,982.98 18.30765,-34.00584,982.98 18.30643,-34.00837,990.6 18.30507,-34.01106,982.98 18.30362,-34.01381,975.36 18.30225,-34.01651,967.74 18.30092,-34.01898,967.74 18.29963,-34.02136,967.74 18.29813,-34.02396,960.12 18.29659,-34.02643,960.12 18.29527,-34.02857,960.12 18.29475,-34.02941,952.5 18.29441,-34.03011,952.5 18.29397,-34.03088,960.12 18.29358,-34.03162,952.5 18.29327,-34.03225,952.5 18.29291,-34.03294,960.12 18.29263,-34.03377,952.5 18.29235,-34.03459,952.5 18.29218,-34.03528,952.5 18.29207,-34.03619,952.5 18.29207,-34.03693,944.88 18.29212,-34.03788,944.88 18.29224,-34.03853,937.26 18.29241,-34.03932,944.88 18.29258,-34.03993,937.26 18.2928,-34.04068,937.26 18.29304,-34.04128,937.26 18.2933,-34.04201,944.88 18.29353,-34.04256,937.26 18.29386,-34.04324,937.26 18.29412,-34.04374,937.26 18.29453,-34.04449,937.26 18.29487,-34.04507,929.6400000000001 18.29521,-34.04575,929.6400000000001 18.29561,-34.0464,929.6400000000001 18.29588,-34.04691,929.6400000000001 18.29627,-34.04759,929.6400000000001 18.29664,-34.04826,929.6400000000001 18.297,-34.04887,929.6400000000001 18.29734,-34.04961,937.26 18.29773,-34.05029,937.26 18.29801,-34.05089,937.26 18.2983,-34.05147,937.26 18.29865,-34.05212,937.26 18.29907,-34.05295,937.26 18.29945,-34.05366,929.6400000000001 18.29979,-34.05426,937.26 18.3002,-34.05487,929.6400000000001 18.3007,-34.05565,929.6400000000001 18.30111,-34.05627,929.6400000000001 18.30154,-34.05693,929.6400000000001 18.30196,-34.05748,922.0200000000001 18.30248,-34.05822,922.0200000000001 18.30305,-34.05897,922.0200000000001 18.30356,-34.05963,914.4000000000001 18.30406,-34.06027,914.4000000000001 18.30462,-34.06087,914.4000000000001 18.30507,-34.06142,906.7800000000001 18.30563,-34.0621,906.7800000000001 18.30614,-34.0627,899.1600000000001 18.30659,-34.06325,899.1600000000001 18.30709,-34.0638,899.1600000000001 18.30774,-34.0646,891.5400000000001 18.30826,-34.0653,891.5400000000001 18.30889,-34.066,883.9200000000001 18.3094,-34.06665,883.9200000000001 18.30984,-34.06723,883.9200000000001 18.31141,-34.06915,876.3000000000001 18.31335,-34.07158,853.44 18.31483,-34.07332,845.82 18.31638,-34.07507,838.2 18.31684,-34.07556,838.2 18.31729,-34.07607,830.58 18.31768,-34.07652,830.58 18.31819,-34.07712,830.58 18.31873,-34.07773,822.96 18.31913,-34.07819,822.96 18.31959,-34.07858,822.96 18.32026,-34.07918,822.96 18.32079,-34.07959,822.96 18.32142,-34.08015,815.34 18.32195,-34.08055,815.34 18.32245,-34.08092,815.34 18.32308,-34.08145,815.34 18.32368,-34.08192,815.34 18.32435,-34.08247,822.96 18.32485,-34.08289,822.96 18.32537,-34.08331,830.58 18.32582,-34.08373,830.58 18.32643,-34.08426,830.58 18.3271,-34.08485,830.58 18.32766,-34.08531,838.2 18.32823,-34.08583,830.58 18.33,-34.08732,838.2 18.33046,-34.08778,838.2 18.33109,-34.08839,830.58 18.33149,-34.08876,838.2 18.33237,-34.08957,838.2 18.33287,-34.09003,838.2 18.3336,-34.09062,830.58 18.33418,-34.09109,830.58 18.33489,-34.09163,822.96 18.33551,-34.09209,822.96 18.33624,-34.09262,822.96 18.33681,-34.09304,807.72 18.33758,-34.0936,800.1 18.3383,-34.09416,800.1 18.33893,-34.0947,800.1 18.3396,-34.0952,792.48 18.34024,-34.0957,800.1 18.34099,-34.09616,800.1 18.34162,-34.09657,792.48 18.34235,-34.09703,792.48 18.34299,-34.09737,784.86 18.34362,-34.0977,784.86 18.34437,-34.09813,784.86 18.34526,-34.09854,777.24 18.34608,-34.09891,777.24 18.34678,-34.09923,769.62 18.34734,-34.09951,769.62 18.34818,-34.09987,769.62 18.34902,-34.10019,762 18.34969,-34.10046,762 18.35049,-34.10077,762 18.35123,-34.10105,762 18.35188,-34.10129,762 18.35249,-34.10152,754.38 18.35322,-34.10184,754.38 18.3539,-34.10207,746.76 18.35466,-34.10235,746.76 18.35524,-34.10262,746.76 18.35592,-34.10287,746.76 18.35653,-34.10312,746.76 18.35731,-34.10349,739.14 18.3581,-34.10384,739.14 18.35867,-34.10408,739.14 18.35941,-34.1044,739.14 18.3601,-34.10468,739.14 18.36067,-34.10492,739.14 18.3614,-34.10518,739.14 18.36199,-34.10538,739.14 18.36273,-34.10571,739.14 18.36337,-34.10591,739.14 18.36398,-34.10614,739.14 18.36471,-34.10641,739.14 18.36536,-34.10664,739.14 18.36611,-34.10687,731.52 18.36685,-34.10715,739.14 18.36823,-34.10766,739.14 18.36908,-34.10794,739.14 18.3697,-34.1082,739.14 18.37057,-34.1085,739.14 18.37133,-34.10884,739.14 18.37194,-34.10907,739.14 18.37269,-34.10938,739.14 18.3732,-34.10962,739.14 18.37396,-34.10989,746.76 18.37469,-34.11021,746.76 18.37525,-34.11049,746.76 18.37604,-34.11086,746.76 18.37675,-34.11115,746.76 18.37749,-34.11153,746.76 18.37805,-34.11177,746.76 18.37887,-34.11213,754.38 18.37951,-34.11241,754.38 18.38024,-34.11274,754.38 18.38081,-34.11301,754.38 18.38139,-34.11325,762 18.38219,-34.11357,762 18.38276,-34.1138,762 18.38338,-34.11401,769.62 18.38425,-34.11432,769.62 18.38506,-34.11461,769.62 18.38568,-34.11478,769.62 18.38648,-34.11497,762 18.38734,-34.1152,762 18.3882,-34.11539,762 18.38876,-34.11552,754.38 18.38968,-34.11572,754.38 18.39078,-34.11594,754.38 18.39173,-34.11617,754.38 18.39252,-34.1163,746.76 18.39329,-34.11646,746.76 18.3942,-34.11665,746.76 18.39515,-34.11685,739.14 18.39592,-34.11702,739.14 18.39861,-34.11758,731.52 18.40124,-34.11818,723.9000000000001 18.40387,-34.11874,716.2800000000001 18.40714,-34.11951,708.6600000000001 18.4096,-34.12009,701.0400000000001 18.41028,-34.12029,701.0400000000001 18.41129,-34.12051,693.4200000000001 18.41191,-34.1207,693.4200000000001 18.41291,-34.12098,693.4200000000001 18.41359,-34.12111,693.4200000000001 18.41454,-34.12138,693.4200000000001 18.4155,-34.12161,685.8000000000001 18.41623,-34.1218,685.8000000000001 18.41701,-34.12202,685.8000000000001 18.41806,-34.12228,685.8000000000001 18.41892,-34.12246,685.8000000000001 18.41961,-34.12265,685.8000000000001 18.42035,-34.12288,678.1800000000001 18.42299,-34.12358,685.8000000000001 18.42562,-34.12437,678.1800000000001 18.42626,-34.12459,670.5600000000001 18.42716,-34.12489,670.5600000000001 18.42788,-34.12514,670.5600000000001 18.42888,-34.12544,670.5600000000001 18.42985,-34.12578,670.5600000000001 18.43077,-34.12609,670.5600000000001 18.43168,-34.12642,670.5600000000001 18.43254,-34.12665,670.5600000000001 18.43311,-34.12684,670.5600000000001 18.4341,-34.12711,662.94 18.43512,-34.1274,662.94 18.43596,-34.12761,662.94 18.43674,-34.12784,662.94 18.43769,-34.12811,662.94 18.43855,-34.12833,655.32 18.43932,-34.12852,662.94 18.44015,-34.1287,662.94 18.441,-34.12889,662.94 18.4421,-34.12912,662.94 18.44291,-34.1293,670.5600000000001 18.44375,-34.12944,670.5600000000001 18.44456,-34.12963,670.5600000000001 18.4456,-34.12981,670.5600000000001 18.44645,-34.12996,678.1800000000001 18.44725,-34.1301,678.1800000000001 18.44801,-34.13022,678.1800000000001 18.44902,-34.13038,678.1800000000001 18.45011,-34.13042,678.1800000000001 18.45091,-34.13042,678.1800000000001 18.45187,-34.13036,685.8000000000001 18.45297,-34.13019,685.8000000000001 18.45389,-34.12999,685.8000000000001 18.45474,-34.12973,685.8000000000001 18.4556,-34.12945,685.8000000000001 18.45642,-34.12917,685.8000000000001 18.45759,-34.12862,685.8000000000001 18.45866,-34.12807,685.8000000000001 18.45932,-34.12772,685.8000000000001 18.46052,-34.12703,685.8000000000001 18.4614,-34.12651,685.8000000000001 18.46236,-34.12587,678.1800000000001 18.46338,-34.12516,678.1800000000001 18.46404,-34.12468,678.1800000000001 18.46521,-34.12381,670.5600000000001 18.46613,-34.12307,670.5600000000001 18.46687,-34.12242,670.5600000000001 18.46757,-34.1218,670.5600000000001 18.46848,-34.12093,678.1800000000001 18.46897,-34.12038,678.1800000000001 18.46987,-34.11942,678.1800000000001 18.47065,-34.11846,678.1800000000001 18.47149,-34.11749,678.1800000000001 18.47239,-34.1163,685.8000000000001 18.47322,-34.11506,685.8000000000001 18.4738,-34.11422,685.8000000000001 18.47443,-34.11306,693.4200000000001 18.47502,-34.11195,693.4200000000001 18.47547,-34.11104,693.4200000000001 18.47598,-34.10989,693.4200000000001 18.47631,-34.10893,693.4200000000001 18.47665,-34.10797,693.4200000000001 18.4771,-34.1066,693.4200000000001 18.47734,-34.10566,693.4200000000001 18.47757,-34.1045,693.4200000000001 18.4778,-34.10347,685.8000000000001 18.47799,-34.10216,685.8000000000001 18.47809,-34.10105,685.8000000000001 18.47837,-34.09956,685.8000000000001 18.4786,-34.09854,678.1800000000001 18.479,-34.09728,678.1800000000001 18.47934,-34.09621,678.1800000000001 18.47973,-34.09488,670.5600000000001 18.48013,-34.09378,670.5600000000001 18.48035,-34.09296,670.5600000000001 18.48061,-34.09165,670.5600000000001 18.48063,-34.09062,678.1800000000001 18.48055,-34.08923,670.5600000000001 18.48029,-34.08788,662.94 18.48015,-34.0869,662.94 18.4799,-34.08572,655.32 18.47968,-34.08435,655.32 18.47946,-34.08299,655.32 18.47929,-34.08164,662.94 18.47918,-34.08052,662.94 18.47906,-34.07945,662.94 18.479,-34.07817,662.94 18.47889,-34.07703,662.94 18.47884,-34.07556,662.94 18.47878,-34.07437,662.94 18.47872,-34.07302,662.94 18.47872,-34.07196,662.94 18.47872,-34.07076,670.5600000000001 18.47872,-34.06963,670.5600000000001 18.47872,-34.0686,670.5600000000001 18.47878,-34.06737,670.5600000000001 18.47878,-34.06599,670.5600000000001 18.47878,-34.06144,678.1800000000001 18.47889,-34.05803,678.1800000000001 18.479,-34.05345,678.1800000000001 18.47906,-34.04882,670.5600000000001 18.47912,-34.04535,670.5600000000001 18.47912,-34.04067,662.94 18.47928,-34.03606,662.94 18.47951,-34.03276,662.94 18.47985,-34.02892,662.94 18.48029,-34.02567,662.94 18.48043,-34.02447,662.94 18.48061,-34.02303,662.94 18.48074,-34.02196,670.5600000000001 18.48083,-34.02098,670.5600000000001 18.48101,-34.01972,670.5600000000001 18.48112,-34.0187,670.5600000000001 18.48125,-34.01765,670.5600000000001 18.48146,-34.01623,670.5600000000001 18.48192,-34.01297,662.94 18.48238,-34.0093,662.94 18.48293,-34.00433,655.32 18.48349,-33.99939,640.08 18.48382,-33.99541,632.46 18.48375,-33.99421,624.84 18.48364,-33.99333,624.84 18.48321,-33.99188,617.22 18.48261,-33.99026,609.6 18.48209,-33.98909,609.6 18.48147,-33.9879,601.98 18.48101,-33.98695,601.98 18.48024,-33.98557,601.98 18.47969,-33.98448,601.98 18.47884,-33.98314,601.98 18.47822,-33.98199,594.36 18.47752,-33.98085,594.36 18.47689,-33.97964,594.36 18.4762,-33.97829,601.98 18.47553,-33.97691,609.6 18.47506,-33.97592,609.6 18.47466,-33.97485,617.22 18.47425,-33.97373,624.84 18.47391,-33.97256,624.84 18.47363,-33.97163,624.84 18.47328,-33.97028,609.6 18.473,-33.96917,601.98 18.47277,-33.96805,601.98 18.47254,-33.96689,594.36 18.47237,-33.96577,594.36 18.47214,-33.96442,601.98 18.47189,-33.963,594.36 18.47177,-33.9619,594.36 18.47162,-33.96083,586.74 18.47145,-33.95972,586.74 18.47128,-33.95846,586.74 18.47104,-33.95705,571.5 18.47076,-33.95567,571.5 18.47054,-33.9545,563.88 18.47015,-33.95302,556.26 18.46979,-33.9519,556.26 18.46931,-33.95032,548.64 18.46891,-33.94926,548.64 18.46835,-33.94766,548.64 18.46785,-33.94656,541.02 18.46739,-33.94561,533.4 18.46664,-33.94417,525.78 18.46607,-33.94305,525.78 18.46539,-33.94198,518.1600000000001 18.46458,-33.94059,502.92 18.46395,-33.93951,502.92 18.46333,-33.93844,502.92 18.46247,-33.93723,495.3 18.46178,-33.93626,487.68 18.46095,-33.93521,480.06 18.46006,-33.93407,472.44 18.45915,-33.93286,464.82000000000005 18.45815,-33.93169,457.20000000000005 18.45753,-33.93095,457.20000000000005 18.45647,-33.92976,449.58000000000004 18.45569,-33.92894,434.34000000000003 18.4548,-33.92802,426.72 18.45384,-33.92702,411.48 18.45274,-33.92592,403.86 18.45182,-33.925,396.24 18.45097,-33.92411,388.62 18.44994,-33.92289,381 18.44896,-33.92166,365.76 18.44833,-33.92075,358.14000000000004 18.44756,-33.9196,350.52000000000004 18.447,-33.91869,350.52000000000004 18.44639,-33.91754,335.28000000000003 18.44576,-33.91617,335.28000000000003 18.44524,-33.91498,327.66 18.44481,-33.9137,327.66 18.4445,-33.91261,320.04 18.44421,-33.91158,320.04 18.44387,-33.91019,312.42 18.44364,-33.90916,304.8 18.44335,-33.90784,304.8 18.44313,-33.9066,297.18 18.44296,-33.9055,297.18 18.44273,-33.90423,289.56 18.4425,-33.9032,289.56 18.44229,-33.90193,281.94 18.44212,-33.90088,281.94 18.44193,-33.89962,274.32 18.44167,-33.89836,266.7 18.44141,-33.8972,266.7 18.44118,-33.89622,259.08000000000004 18.4409,-33.89515,251.46 18.44055,-33.89401,251.46 18.44009,-33.89291,243.84 18.43966,-33.89204,243.84 18.43898,-33.89104,243.84 18.43832,-33.89026,236.22 18.43763,-33.88961,236.22 18.43663,-33.88893,228.60000000000002 18.43511,-33.88834,220.98000000000002 18.43426,-33.88826,213.36 18.43366,-33.88834,205.74 18.43265,-33.8887,190.5 18.43203,-33.8891,175.26000000000002 18.43153,-33.88962,160.02 18.43105,-33.89017,160.02 18.43071,-33.89063,160.02 18.43035,-33.89108,160.02 18.43008,-33.89147,152.4 18.42979,-33.89198,144.78 18.42945,-33.89255,137.16 18.42923,-33.8931,129.54000000000002 18.42889,-33.89374,121.92 18.42871,-33.89422,121.92 18.4285,-33.89474,106.68 18.42836,-33.8952,106.68 18.42813,-33.89576,99.06 18.428,-33.89626,99.06 18.42785,-33.89673,99.06 18.42773,-33.8972,91.44 18.42762,-33.89766,83.82000000000001 18.42749,-33.89799,83.82000000000001 18.42743,-33.89841,83.82000000000001 18.42733,-33.89874,76.2 18.42728,-33.89911,76.2 18.42722,-33.89943,76.2 18.42721,-33.89973,68.58 18.42716,-33.90004,68.58 18.42715,-33.90038,68.58 18.42715,-33.90065,60.96 18.42727,-33.90097,60.96 18.42727,-33.9012,60.96 18.42745,-33.90144,68.58 18.42802,-33.90181,76.2 18.42876,-33.90218,83.82000000000001 18.42922,-33.90237,99.06 18.42968,-33.90257,99.06 18.43031,-33.90283,106.68 18.43119,-33.90312,121.92 18.43191,-33.90334,129.54000000000002 18.43237,-33.90344,137.16 18.433,-33.90358,144.78 18.43343,-33.90363,152.4 18.43409,-33.90362,160.02 18.43472,-33.90353,167.64000000000001 18.4354,-33.90339,175.26000000000002 18.43592,-33.9032,182.88 18.43657,-33.90298,182.88 18.4373,-33.90266,190.5 18.43803,-33.9023,198.12 18.43872,-33.90195,198.12 18.43952,-33.90144,220.98000000000002 18.4401,-33.90092,220.98000000000002 18.44061,-33.90038,228.60000000000002 18.44106,-33.89973,228.60000000000002 18.44147,-33.89911,243.84 18.44195,-33.89804,259.08000000000004 18.44223,-33.89726,266.7 18.44257,-33.89621,266.7 18.44274,-33.89539,274.32 18.4429,-33.89431,281.94 18.44296,-33.89351,289.56 18.44296,-33.8924,304.8 18.4429,-33.89152,312.42 18.44273,-33.89059,320.04 18.44251,-33.88953,327.66 18.44223,-33.88857,335.28000000000003 18.44179,-33.88733,342.90000000000003 18.44128,-33.88637,350.52000000000004 18.44083,-33.88564,358.14000000000004 18.44015,-33.88463,358.14000000000004 18.43958,-33.88388,365.76 18.43887,-33.88303,373.38 18.4382,-33.88234,373.38 18.43746,-33.88165,381 18.43668,-33.88101,388.62 18.43556,-33.88037,396.24 18.43478,-33.88,403.86 18.43363,-33.87965,403.86 18.43248,-33.87937,411.48 18.43157,-33.87923,419.1 18.43037,-33.87909,419.1 18.4294,-33.87904,426.72 18.42854,-33.879,434.34000000000003 18.42768,-33.87895,441.96000000000004 18.4263,-33.87895,449.58000000000004 18.4255,-33.87895,457.20000000000005 18.42447,-33.87895,457.20000000000005 18.42323,-33.87895,464.82000000000005 18.42217,-33.879,472.44 18.42127,-33.87904,480.06 18.42035,-33.87904,487.68 18.41925,-33.87909,495.3 18.41858,-33.87914,495.3 18.41743,-33.87918,510.54 18.41639,-33.87927,518.1600000000001 18.41555,-33.87932,525.78 18.41457,-33.87937,525.78 18.41188,-33.87951,548.64 18.40888,-33.87978,556.26 18.40828,-33.87983,563.88 18.40731,-33.87996,563.88 18.40651,-33.88007,571.5 18.40553,-33.88021,579.12 18.40473,-33.8803,586.74 18.40387,-33.88049,594.36 18.40296,-33.88067,601.98 18.4021,-33.88087,609.6 18.40143,-33.88106,609.6 18.40092,-33.88124,617.22 18.40003,-33.88152,624.84 18.39935,-33.88179,632.46 18.39879,-33.88202,632.46 18.39795,-33.88234,640.08 18.39724,-33.88263,647.7 18.39655,-33.88289,655.32 18.39592,-33.88319,655.32 18.39526,-33.88344,662.94 18.3946,-33.88374,670.5600000000001 18.39403,-33.88403,678.1800000000001 18.39324,-33.88445,685.8000000000001 18.39254,-33.88482,693.4200000000001 18.3918,-33.88519,693.4200000000001 18.391,-33.88564,708.6600000000001 18.39038,-33.886,716.2800000000001 18.38963,-33.88644,723.9000000000001 18.38905,-33.88682,723.9000000000001 18.38831,-33.88728,723.9000000000001 18.38768,-33.8877,739.14 18.38694,-33.88817,739.14 18.3864,-33.88857,746.76 18.38562,-33.88905,754.38 18.38495,-33.88953,754.38 18.38428,-33.89003,754.38 18.3835,-33.89059,762 18.38287,-33.89108,769.62 18.38214,-33.89172,769.62 18.38133,-33.8925,777.24 18.3808,-33.89296,784.86 18.38007,-33.89361,784.86 18.37934,-33.89429,784.86 18.3787,-33.89492,792.48 18.37828,-33.89534,792.48 18.37755,-33.89599,800.1 18.37698,-33.89655,800.1 18.37629,-33.8972,807.72 18.37572,-33.8978,807.72 18.37491,-33.89864,807.72 18.3744,-33.89915,807.72 18.37378,-33.89981,807.72 18.37326,-33.90041,815.34 18.37245,-33.90129,815.34 18.37183,-33.90195,815.34 18.37127,-33.90262,822.96 18.37069,-33.9033,822.96 18.37015,-33.90385,822.96 18.36948,-33.90472,822.96 18.3688,-33.90553,822.96 18.36823,-33.90628,822.96 18.3678,-33.90683,830.58 18.36714,-33.90767,830.58 18.36657,-33.90846,830.58 18.36611,-33.90916,838.2 18.3655,-33.91008,838.2 18.36505,-33.91086,838.2 18.36451,-33.91158,838.2 18.36393,-33.91242,838.2 18.36336,-33.91326,838.2 18.3629,-33.91396,838.2 18.36245,-33.91465,838.2 18.36199,-33.91535,838.2 18.36152,-33.91617,838.2 18.3609,-33.91713,838.2 18.3604,-33.91791,838.2 18.35984,-33.91869,838.2 18.35928,-33.91956,845.82 18.3586,-33.92047,845.82 18.35815,-33.92111,845.82 18.35649,-33.92359,845.82 18.35619,-33.92413,845.82 18.35569,-33.92491,845.82 18.35512,-33.92583,845.82 18.35468,-33.92651,845.82 18.35417,-33.92734,838.2 18.35361,-33.92821,838.2 18.35318,-33.92895,838.2 18.35261,-33.92995,830.58 18.35216,-33.93059,830.58 18.35165,-33.93141,830.58 18.35104,-33.93233,838.2 18.35048,-33.93311,838.2 18.34896,-33.93553,838.2 18.34846,-33.93649,838.2 18.34818,-33.93745,838.2 18.34826,-33.9383,853.44 18.34863,-33.93896,853.44 18.34923,-33.93942,853.44 18.35025,-33.93974,853.44 18.35132,-33.93974,845.82 18.3521,-33.93947,845.82 18.35305,-33.93878,830.58 18.35369,-33.93802,815.34 18.35421,-33.93728,807.72 18.35484,-33.9363,807.72 18.35529,-33.93546,800.1 18.35586,-33.93452,792.48 18.35636,-33.93365,792.48 18.35698,-33.93265,784.86 18.35747,-33.93179,777.24 18.35798,-33.931,769.62 18.35855,-33.92999,769.62 18.35911,-33.92899,769.62 18.35967,-33.92807,762 18.36027,-33.92718,762 18.36079,-33.92639,762 18.3614,-33.92537,754.38 18.36205,-33.92448,746.76 18.36262,-33.92364,754.38 18.3633,-33.92276,746.76 18.36393,-33.92192,739.14 18.36454,-33.92116,739.14 18.36531,-33.92024,739.14 18.36605,-33.9194,731.52 18.36673,-33.91855,731.52 18.36735,-33.91786,739.14 18.36794,-33.91712,723.9000000000001 18.36868,-33.91624,716.2800000000001 18.36937,-33.91549,716.2800000000001 18.36998,-33.91484,708.6600000000001 18.37086,-33.91386,701.0400000000001 18.37149,-33.91317,701.0400000000001 18.37229,-33.91237,693.4200000000001 18.3729,-33.91177,685.8000000000001 18.37378,-33.91088,685.8000000000001 18.37446,-33.91023,678.1800000000001 18.37514,-33.90967,670.5600000000001 18.37595,-33.90893,670.5600000000001 18.37669,-33.90828,662.94 18.37761,-33.90749,662.94 18.37841,-33.90688,655.32 18.37915,-33.90628,655.32 18.38041,-33.90536,647.7 18.38102,-33.90486,640.08 18.38192,-33.90427,632.46 18.38299,-33.90353,624.84 18.38396,-33.90288,609.6 18.38489,-33.9023,601.98 18.38596,-33.90162,594.36 18.38711,-33.90097,586.74 18.38775,-33.90056,579.12 18.38887,-33.89992,571.5 18.38974,-33.89943,563.88 18.39083,-33.89886,556.26 18.39191,-33.89827,556.26 18.39274,-33.89781,548.64 18.39375,-33.89729,541.02 18.39464,-33.8968,541.02 18.39569,-33.89631,533.4 18.39661,-33.89589,525.78 18.39778,-33.89534,525.78 18.39878,-33.89487,525.78 18.39975,-33.89447,518.1600000000001 18.40087,-33.89401,510.54 18.40193,-33.8936,510.54 18.40279,-33.89324,510.54 18.40393,-33.89278,502.92 18.40485,-33.89241,502.92 18.40569,-33.89204,495.3 18.40658,-33.89168,487.68 18.40771,-33.89115,472.44 18.40874,-33.89068,464.82000000000005 18.40977,-33.89026,457.20000000000005 18.41085,-33.8898,449.58000000000004 18.41163,-33.88943,441.96000000000004 18.41247,-33.88907,434.34000000000003 18.41331,-33.88868,419.1 18.41438,-33.88824,411.48 18.41789,-33.88672,365.76 18.42043,-33.88577,335.28000000000003 18.42133,-33.88565,320.04 18.4219,-33.88579,312.42 18.42236,-33.88617,297.18 18.42258,-33.88659,281.94 18.42273,-33.8871,274.32 18.42295,-33.8877,266.7 18.42306,-33.88806,266.7 18.42323,-33.88866,251.46 18.42334,-33.88911,243.84 18.4235,-33.88961,236.22 18.42361,-33.89008,236.22 18.42373,-33.8904,228.60000000000002 18.4239,-33.89081,220.98000000000002 18.42407,-33.8914,205.74 18.42424,-33.89185,198.12 18.42442,-33.89222,190.5 18.42453,-33.89259,182.88 18.42475,-33.89301,175.26000000000002 18.42487,-33.89343,167.64000000000001 18.42499,-33.89375,152.4 18.42519,-33.8942,152.4 18.42531,-33.89465,144.78 18.42547,-33.89507,137.16 18.42564,-33.89539,129.54000000000002 18.42581,-33.89571,129.54000000000002 18.4259,-33.89594,121.92 18.42603,-33.89639,121.92 18.4262,-33.89671,114.30000000000001 18.42626,-33.89703,106.68 18.42643,-33.8974,106.68 18.42654,-33.89777,99.06 18.42665,-33.89808,99.06 18.42671,-33.89841,91.44 18.42682,-33.89869,91.44 18.42693,-33.8992,83.82000000000001 18.42699,-33.89952,83.82000000000001 18.4271,-33.89992,76.2 18.4271,-33.90018,76.2 18.42716,-33.90055,68.58 18.42721,-33.90088,68.58 18.42722,-33.90111,60.96 18.42749,-33.90125,83.82000000000001 18.42794,-33.90129,76.2 18.42839,-33.90143,91.44 18.42884,-33.90152,106.68 18.42934,-33.90161,106.68 18.43013,-33.90175,121.92 18.43082,-33.90181,144.78 18.43117,-33.90181,152.4 18.43163,-33.90181,160.02 18.43191,-33.90176,167.64000000000001 18.43231,-33.90175,167.64000000000001 18.4327,-33.90175,182.88 18.43315,-33.90179,198.12 18.43346,-33.90181,213.36 18.43394,-33.90179,228.60000000000002 18.43433,-33.9017,236.22 18.43494,-33.90134,243.84 18.43539,-33.90092,251.46 18.43592,-33.90027,259.08000000000004 18.43646,-33.89941,266.7 18.43672,-33.89883,266.7 18.43724,-33.89777,266.7 18.43758,-33.89694,274.32 18.43786,-33.89613,281.94 18.4382,-33.8952,297.18 18.43848,-33.89438,304.8 18.4387,-33.89355,312.42 18.43904,-33.89236,320.04 18.43924,-33.89133,335.28000000000003 18.43943,-33.89058,350.52000000000004 18.43958,-33.88956,358.14000000000004 18.43964,-33.88868,365.76 18.43975,-33.88775,381 18.43975,-33.887,381 18.43977,-33.88614,388.62 18.43977,-33.88495,403.86 18.43969,-33.88416,411.48 18.43952,-33.883,419.1 18.43937,-33.8822,426.72 18.43915,-33.88124,434.34000000000003 18.43893,-33.88042,441.96000000000004 18.43853,-33.87941,449.58000000000004 18.43821,-33.87862,457.20000000000005 18.43769,-33.87758,464.82000000000005 18.43723,-33.87681,472.44 18.43657,-33.87593,480.06 18.43596,-33.87524,487.68 18.435,-33.87434,502.92 18.4341,-33.87364,510.54 18.43328,-33.87313,518.1600000000001 18.43186,-33.87259,525.78 18.43077,-33.87239,533.4 18.42985,-33.87227,541.02 18.42884,-33.87227,541.02 18.42751,-33.87229,556.26 18.42642,-33.87234,563.88 18.42533,-33.87239,571.5 18.42436,-33.87252,579.12 18.4235,-33.87262,586.74 18.42247,-33.87276,594.36 18.42161,-33.8729,594.36 18.42071,-33.87309,601.98 18.41953,-33.87332,609.6 18.41858,-33.8735,617.22 18.41755,-33.87369,624.84 18.41651,-33.87392,640.08 18.41538,-33.87415,647.7 18.41454,-33.87433,655.32 18.41366,-33.87453,662.94 18.41246,-33.87481,678.1800000000001 18.41174,-33.87497,685.8000000000001 18.41074,-33.87518,701.0400000000001 18.40894,-33.87561,716.2800000000001 18.40805,-33.87583,723.9000000000001 18.40748,-33.87602,723.9000000000001 18.40574,-33.87648,739.14 18.4049,-33.87672,746.76 18.40302,-33.87723,762 18.40233,-33.87746,769.62 18.40143,-33.87772,777.24 18.40053,-33.87799,784.86 18.39986,-33.87822,784.86 18.3993,-33.8784,792.48 18.39823,-33.87881,792.48 18.39746,-33.87904,792.48 18.39649,-33.87941,792.48 18.3956,-33.87973,800.1 18.39492,-33.87996,800.1 18.39415,-33.88021,807.72 18.39324,-33.88051,815.34 18.39249,-33.88076,822.96 18.39157,-33.88109,830.58 18.39083,-33.88132,845.82 18.39016,-33.88156,845.82 18.38934,-33.88179,861.0600000000001 18.38865,-33.88202,868.6800000000001 18.38785,-33.8823,876.3000000000001 18.38722,-33.88249,876.3000000000001 18.38654,-33.88277,883.9200000000001 18.38591,-33.883,891.5400000000001 18.38517,-33.8833,891.5400000000001 18.38461,-33.88353,899.1600000000001 18.3839,-33.88384,899.1600000000001 18.38322,-33.88412,906.7800000000001 18.38242,-33.88454,906.7800000000001 18.38181,-33.88481,914.4000000000001 18.38116,-33.88514,914.4000000000001 18.38058,-33.88542,922.0200000000001 18.37979,-33.88582,929.6400000000001 18.3794,-33.886,929.6400000000001 18.37864,-33.8864,944.88 18.37794,-33.88678,952.5 18.37738,-33.8871,960.12 18.37665,-33.88756,975.36 18.37595,-33.88798,990.6 18.37532,-33.88845,998.22 18.37475,-33.88887,1005.84 18.37419,-33.8893,1013.46 18.37346,-33.8898,1028.7 18.37297,-33.89022,1036.3200000000002 18.37217,-33.89081,1051.56 18.37161,-33.89127,1059.18 18.37103,-33.89175,1066.8 18.37049,-33.89223,1074.42 18.36988,-33.89273,1082.04 18.3692,-33.89328,1089.66 18.36868,-33.89371,1097.28 18.36817,-33.89413,1104.9 18.36748,-33.89473,1104.9 18.36691,-33.8952,1112.52 18.36639,-33.89571,1112.52 18.36572,-33.89626,1120.14 18.36502,-33.89687,1127.76 18.36451,-33.89738,1127.76 18.36399,-33.8979,1135.38 18.3633,-33.8985,1135.38 18.36262,-33.89915,1150.6200000000001 18.36202,-33.89973,1150.6200000000001 18.36152,-33.90019,1158.24 18.36017,-33.90147,1165.8600000000001 18.3581,-33.90348,1181.1000000000001 18.35644,-33.9052,1188.72 18.35512,-33.90665,1188.72 18.35451,-33.90729,1196.3400000000001 18.35398,-33.90795,1196.3400000000001 18.35345,-33.90857,1203.96 18.35278,-33.90935,1203.96 18.35227,-33.91003,1211.5800000000002 18.35169,-33.91084,1203.96 18.35126,-33.9115,1211.5800000000002 18.35083,-33.91237,1211.5800000000002 18.3507,-33.91347,1219.2 18.35083,-33.91424,1219.2 18.35129,-33.91517,1219.2 18.35199,-33.91589,1211.5800000000002 18.35289,-33.91647,1203.96 18.35384,-33.91676,1196.3400000000001 18.35479,-33.91681,1188.72 18.3558,-33.91672,1181.1000000000001 18.35698,-33.91635,1173.48 18.35804,-33.91577,1165.8600000000001 18.35884,-33.91521,1158.24 18.35976,-33.91447,1158.24 18.36057,-33.91383,1150.6200000000001 18.36107,-33.91335,1135.38 18.36225,-33.91232,1127.76 18.36296,-33.91172,1112.52 18.3637,-33.911,1112.52 18.36443,-33.91031,1097.28 18.36533,-33.90948,1089.66 18.36628,-33.90857,1074.42 18.36702,-33.90791,1074.42 18.36782,-33.90716,1066.8 18.3688,-33.90623,1051.56 18.36937,-33.90567,1043.94 18.37034,-33.90479,1036.3200000000002 18.3711,-33.90408,1028.7 18.37189,-33.9034,1021.08 18.3728,-33.9026,1013.46 18.37362,-33.90189,1005.84 18.37441,-33.90125,998.22 18.37536,-33.90051,990.6 18.37615,-33.89987,982.98 18.37698,-33.89929,967.74 18.37794,-33.89864,960.12 18.37895,-33.89795,944.88 18.37996,-33.89724,937.26 18.38086,-33.89671,937.26 18.38173,-33.89618,929.6400000000001 18.38271,-33.89561,914.4000000000001 18.3836,-33.89511,899.1600000000001 18.38459,-33.8945,876.3000000000001 18.38551,-33.89397,861.0600000000001 18.38624,-33.8936,845.82 18.38722,-33.89301,830.58 18.3882,-33.8925,815.34 18.38923,-33.89194,800.1 18.39014,-33.89143,784.86 18.39111,-33.8909,769.62 18.3919,-33.89049,754.38 18.39313,-33.88985,731.52 18.39593,-33.88843,685.8000000000001 18.39792,-33.88747,655.32 18.3989,-33.8871,640.08 18.3997,-33.88677,624.84 18.40053,-33.88646,617.22 18.40176,-33.88602,594.36 18.4026,-33.88577,586.74 18.40364,-33.88547,571.5 18.40433,-33.88528,563.88 18.40559,-33.88496,548.64 18.40642,-33.88477,541.02 18.40719,-33.88458,533.4 18.40815,-33.8844,525.78 18.40902,-33.88421,518.1600000000001 18.41011,-33.88403,510.54 18.41091,-33.88388,502.92 18.41168,-33.88376,495.3 18.41251,-33.88361,487.68 18.41359,-33.88348,472.44 18.41423,-33.88342,464.82000000000005 18.41522,-33.88335,449.58000000000004 18.41595,-33.88333,441.96000000000004 18.41662,-33.88335,434.34000000000003 18.41732,-33.88337,426.72 18.41829,-33.88346,411.48 18.41886,-33.88353,403.86 18.41949,-33.88365,396.24 18.4202,-33.8838,381 18.42088,-33.88403,365.76 18.42138,-33.88426,358.14000000000004 18.42205,-33.88463,350.52000000000004 18.42245,-33.88495,342.90000000000003 18.42284,-33.88527,335.28000000000003 18.42312,-33.88559,327.66 18.4235,-33.88598,327.66 18.42379,-33.88623,320.04 18.42419,-33.88672,312.42 18.42442,-33.887,304.8 18.42463,-33.88728,297.18 18.42491,-33.88765,289.56 18.42514,-33.88802,274.32 18.42536,-33.88834,266.7 18.42558,-33.8887,259.08000000000004 18.42579,-33.88914,259.08000000000004 18.42592,-33.88953,243.84 18.42613,-33.88998,236.22 18.42626,-33.89044,236.22 18.42637,-33.89085,228.60000000000002 18.42648,-33.89119,220.98000000000002 18.42654,-33.89154,213.36 18.42665,-33.89195,213.36 18.42671,-33.89227,205.74 18.42676,-33.89268,198.12 18.42682,-33.89301,190.5 18.42687,-33.89342,182.88 18.42687,-33.89383,175.26000000000002 18.42693,-33.89413,175.26000000000002 18.42693,-33.8945,167.64000000000001 18.42699,-33.89492,160.02 18.42705,-33.89524,160.02 18.42705,-33.89557,152.4 18.4271,-33.89594,144.78 18.4271,-33.89627,137.16 18.42716,-33.89655,129.54000000000002 18.42716,-33.89678,137.16 18.42721,-33.89722,129.54000000000002 18.42721,-33.89754,121.92 18.42722,-33.8979,121.92 18.42722,-33.89817,114.30000000000001 18.42721,-33.8985,106.68 18.42722,-33.89874,106.68 18.42728,-33.89901,99.06 18.42727,-33.89937,99.06 18.42727,-33.8996,99.06 18.42727,-33.89983,99.06 18.42733,-33.9006,83.82000000000001 18.42743,-33.90092,83.82000000000001 18.42755,-33.9012,76.2 18.42791,-33.90129,83.82000000000001 18.4294,-33.90157,91.44 18.43054,-33.90176,114.30000000000001 18.43105,-33.90181,121.92 18.43157,-33.90185,121.92 18.43203,-33.90189,121.92 18.4326,-33.90185,137.16 18.4331,-33.90184,144.78 18.4336,-33.90179,160.02 18.43409,-33.90171,175.26000000000002 18.4345,-33.90166,182.88 18.43494,-33.90162,190.5 18.43545,-33.90157,205.74 18.4358,-33.90148,205.74 18.43632,-33.90139,220.98000000000002 18.43678,-33.90125,236.22 18.43723,-33.90106,243.84 18.43764,-33.90088,251.46 18.43803,-33.90065,259.08000000000004 18.43861,-33.90018,266.7 18.43909,-33.89951,266.7 18.43943,-33.89882,274.32 18.43964,-33.89813,274.32 18.43982,-33.89735,281.94 18.43999,-33.89612,289.56 18.44004,-33.89506,297.18 18.44005,-33.89415,312.42 18.43994,-33.89301,320.04 18.43982,-33.89186,327.66 18.43971,-33.89081,335.28000000000003 18.43949,-33.8898,342.90000000000003 18.43929,-33.88887,350.52000000000004 18.43898,-33.88765,365.76 18.43861,-33.88663,373.38 18.43821,-33.88556,381 18.43769,-33.88449,396.24 18.43712,-33.88346,403.86 18.4366,-33.88258,419.1 18.4359,-33.88152,426.72 18.43523,-33.88074,441.96000000000004 18.43431,-33.8797,457.20000000000005 18.43349,-33.879,464.82000000000005 18.43266,-33.87825,480.06 18.43157,-33.87751,487.68 18.43071,-33.877,495.3 18.42968,-33.87648,502.92 18.42872,-33.87607,510.54 18.42788,-33.87575,518.1600000000001 18.42682,-33.87538,525.78 18.42575,-33.87511,533.4 18.42486,-33.87492,541.02 18.42351,-33.87465,556.26 18.42264,-33.87448,563.88 18.42161,-33.87433,571.5 18.42052,-33.8742,579.12 18.41967,-33.87406,586.74 18.41864,-33.87402,594.36 18.41768,-33.87392,601.98 18.41675,-33.87387,601.98 18.41561,-33.87383,617.22 18.41443,-33.87378,624.84 18.41354,-33.87374,632.46 18.41246,-33.87369,640.08 18.41152,-33.87369,647.7 18.41062,-33.87369,655.32 18.4095,-33.87373,662.94 18.40883,-33.87378,670.5600000000001 18.40771,-33.87392,678.1800000000001 18.40702,-33.87402,685.8000000000001 18.40597,-33.87415,693.4200000000001 18.40513,-33.87433,701.0400000000001 18.40401,-33.87456,716.2800000000001 18.40311,-33.87474,723.9000000000001 18.4021,-33.87504,739.14 18.40132,-33.8752,746.76 18.40027,-33.87546,754.38 18.39941,-33.8757,762 18.39855,-33.87592,769.62 18.39764,-33.87616,784.86 18.39689,-33.87639,784.86 18.39581,-33.87667,792.48 18.39506,-33.8769,807.72 18.39432,-33.87713,807.72 18.39357,-33.87737,815.34 18.39268,-33.87762,822.96 18.39195,-33.87785,830.58 18.39128,-33.87808,838.2 18.39043,-33.87839,845.82 18.38971,-33.87863,853.44 18.38893,-33.87895,853.44 18.38809,-33.87927,868.6800000000001 18.38753,-33.8795,876.3000000000001 18.38665,-33.87988,891.5400000000001 18.38608,-33.88011,883.9200000000001 18.38517,-33.88046,899.1600000000001 18.38459,-33.88076,906.7800000000001 18.38367,-33.88114,914.4000000000001 18.38293,-33.88142,922.0200000000001 18.3823,-33.88169,929.6400000000001 18.38184,-33.88193,937.26 18.38104,-33.8823,937.26 18.38041,-33.88263,944.88 18.37973,-33.88295,952.5 18.37901,-33.88335,960.12 18.37839,-33.88367,960.12 18.37772,-33.88403,967.74 18.37698,-33.88444,975.36 18.37615,-33.8849,982.98 18.37542,-33.88531,982.98 18.37486,-33.8857,990.6 18.37407,-33.88618,998.22 18.37349,-33.88654,1005.84 18.37262,-33.88715,1013.46 18.372,-33.88756,1013.46 18.37133,-33.88802,1013.46 18.37046,-33.88868,1021.08 18.36976,-33.88921,1028.7 18.36914,-33.88966,1028.7 18.36852,-33.89017,1036.3200000000002 18.36782,-33.89068,1043.94 18.3672,-33.89119,1051.56 18.36662,-33.89166,1051.56 18.36567,-33.89246,1059.18 18.36508,-33.89296,1059.18 18.36428,-33.89366,1066.8 18.3637,-33.8942,1066.8 18.36313,-33.89473,1074.42 18.36247,-33.89534,1074.42 18.3617,-33.89599,1082.04 18.36113,-33.89653,1082.04 18.36057,-33.89703,1082.04 18.35989,-33.89763,1082.04 18.35918,-33.89822,1089.66 18.3586,-33.89873,1089.66 18.35776,-33.89946,1089.66 18.35707,-33.90009,1097.28 18.35636,-33.9007,1097.28 18.35581,-33.9012,1097.28 18.35524,-33.90176,1104.9 18.35472,-33.90227,1104.9 18.35409,-33.90292,1112.52 18.35345,-33.90363,1112.52 18.35294,-33.90417,1112.52 18.35238,-33.90482,1112.52 18.35176,-33.90555,1112.52 18.35132,-33.9061,1112.52 18.35077,-33.90679,1112.52 18.35032,-33.90739,1120.14 18.34986,-33.90797,1120.14 18.34935,-33.90871,1120.14 18.34894,-33.9093,1112.52 18.34854,-33.90991,1120.14 18.3482,-33.91065,1120.14 18.34801,-33.91118,1112.52 18.34784,-33.91205,1112.52 18.34784,-33.91278,1112.52 18.3479,-33.91347,1112.52 18.34808,-33.91414,1112.52 18.34846,-33.91493,1104.9 18.349,-33.91568,1097.28 18.34963,-33.91624,1089.66 18.35042,-33.91681,1089.66 18.35126,-33.91713,1082.04 18.35216,-33.91731,1074.42 18.35305,-33.91736,1066.8 18.35417,-33.91718,1059.18 18.35518,-33.9168,1043.94 18.35602,-33.91635,1028.7 18.3569,-33.91582,1013.46 18.35771,-33.91525,998.22 18.35861,-33.91456,982.98 18.35936,-33.91396,967.74 18.36028,-33.91324,952.5 18.3613,-33.91237,944.88 18.36208,-33.91177,929.6400000000001 18.36309,-33.91095,914.4000000000001 18.36387,-33.91031,906.7800000000001 18.36485,-33.90949,891.5400000000001 18.36555,-33.90889,883.9200000000001 18.36645,-33.9082,876.3000000000001 18.36735,-33.90742,861.0600000000001 18.36811,-33.90679,853.44 18.36892,-33.90614,838.2 18.36983,-33.90539,822.96 18.3706,-33.90477,807.72 18.37222,-33.90344,784.86 18.37332,-33.9026,777.24 18.37601,-33.90055,754.38 18.37676,-33.90001,746.76 18.37783,-33.89928,731.52 18.37867,-33.89873,723.9000000000001 18.37945,-33.89818,708.6600000000001 18.38053,-33.89753,701.0400000000001 18.3815,-33.89687,670.5600000000001 18.38253,-33.89618,670.5600000000001 18.3835,-33.89557,662.94 18.38444,-33.89497,655.32 18.38516,-33.89455,655.32 18.38624,-33.89392,647.7 18.38696,-33.89346,640.08 18.38786,-33.89296,632.46 18.38854,-33.89254,617.22 18.38932,-33.89209,609.6 18.3902,-33.89157,594.36 18.39111,-33.89104,579.12 18.39184,-33.89063,563.88 18.3926,-33.89022,556.26 18.39363,-33.8897,541.02 18.39436,-33.88934,533.4 18.39518,-33.88896,518.1600000000001 18.39609,-33.88854,502.92 18.39683,-33.8882,495.3 18.39746,-33.88794,487.68 18.39823,-33.88765,480.06 18.3993,-33.88724,464.82000000000005 18.39997,-33.88696,457.20000000000005 18.4007,-33.88673,449.58000000000004 18.4016,-33.88641,434.34000000000003 18.40233,-33.88612,434.34000000000003 18.40311,-33.88586,426.72 18.40382,-33.8856,419.1 18.40457,-33.88531,403.86 18.40525,-33.88509,403.86 18.40593,-33.88491,396.24 18.40681,-33.88467,388.62 18.40754,-33.88449,381 18.40834,-33.88435,381 18.40902,-33.88421,373.38 18.41006,-33.88403,365.76 18.41085,-33.88388,358.14000000000004 18.41157,-33.8838,342.90000000000003 18.4123,-33.88371,335.28000000000003 18.41314,-33.88365,335.28000000000003 18.41406,-33.88361,335.28000000000003 18.41515,-33.88356,327.66 18.41595,-33.88351,320.04 18.41686,-33.88351,312.42 18.41766,-33.88351,312.42 18.41841,-33.88348,312.42 18.41921,-33.88346,312.42 18.42024,-33.88351,312.42 18.42088,-33.88353,312.42 18.42166,-33.88367,304.8 18.42217,-33.8838,297.18 18.42258,-33.88398,289.56 18.42304,-33.88426,289.56 18.42346,-33.88458,289.56 18.42379,-33.88491,281.94 18.42402,-33.88522,274.32 18.42424,-33.88564,274.32 18.42441,-33.88591,274.32 18.42458,-33.88623,266.7 18.42476,-33.88663,266.7 18.42487,-33.887,266.7 18.42503,-33.88728,259.08000000000004 18.42514,-33.88774,251.46 18.42525,-33.88806,243.84 18.42536,-33.88847,236.22 18.42542,-33.88879,236.22 18.42556,-33.88919,220.98000000000002 18.4257,-33.88957,220.98000000000002 18.42579,-33.88998,213.36 18.4259,-33.8904,205.74 18.42596,-33.89077,190.5 18.42602,-33.89115,190.5 18.42609,-33.89159,182.88 18.42615,-33.892,182.88 18.42625,-33.89254,175.26000000000002 18.4263,-33.89296,160.02 18.42637,-33.89346,160.02 18.42648,-33.89389,152.4 18.42653,-33.89436,160.02 18.42659,-33.89478,152.4 18.42665,-33.8951,144.78 18.42676,-33.89557,144.78 18.42682,-33.89584,137.16 18.42688,-33.89618,129.54000000000002 18.42693,-33.89658,121.92 18.42699,-33.89701,121.92 18.42699,-33.89734,121.92 18.42704,-33.89767,114.30000000000001 18.42705,-33.89794,114.30000000000001 18.42715,-33.89836,106.68 18.42716,-33.89864,106.68 18.42721,-33.89891,106.68 18.42728,-33.89915,106.68 18.42739,-33.89957,106.68 18.42745,-33.89981,99.06 18.42751,-33.90013,99.06 18.42755,-33.90047,91.44 18.42755,-33.90088,83.82000000000001 18.42743,-33.90111,76.2 18.42727,-33.90134,76.2</coordinates>
      </LineString>
    </Placemark>
  </Document>
</kml>
