<?xml version="1.0" encoding="UTF-8"?>
<kml xmlns="http://www.opengis.net/kml/2.2">
  <Document>
    <name>FR24 ZSHIE 3e1a1a65</name>
    <Placemark>
      <name>Table Mountain National Park (restricted airspace)</name>
      <description><![CDATA[Park boundary / NP17 restricted airspace. Red track segments show flight inside this area.]]></description>
      <Style><LineStyle><color>ff0000ff</color><width>2</width></LineStyle><PolyStyle><fill>1</fill><color>300000ff</color></PolyStyle></Style>
      <MultiGeometry>
        <Polygon>
          <altitudeMode>clampToGround</altitudeMode>
          <outerBoundaryIs><LinearRing><coordinates>18.3372931,-34.061,0 18.3373312,-34.0610115,0 18.33748,-34.0609604,0 18.337584,-34.0609349,0 18.337643,-34.0608349,0 18.3377047,-34.0607954,0 18.337822,-34.060791,0 18.33828,-34.06084,0 18.33989,-34.0615,0 18.34028,-34.06159,0 18.34074,-34.06154,0 18.34247,-34.06097,0 18.34331,-34.06049,0 18.34394,-34.05989,0 18.3445738,-34.0592562,0 18.3438884,-34.05886,0 18.3437539,-34.0588641,0 18.3432111,-34.0588807,0 18.342605,-34.058101,0 18.3416281,-34.0572562,0 18.3404302,-34.0564823,0 18.3394783,-34.0561367,0 18.338587,-34.0557882,0 18.33787,-34.0553536,0 18.3362683,-34.0551951,0 18.3359405,-34.0533504,0 18.3331816,-34.0378218,0 18.3447775,-34.0339999,0 18.3447441,-34.0338245,0 18.3446628,-34.0337835,0 18.3445515,-34.0331381,0 18.3445085,-34.0330475,0 18.3443974,-34.0329792,0 18.3442894,-34.0327888,0 18.3441703,-34.0324089,0 18.343792,-34.0321964,0 18.3435592,-34.031967,0 18.3434127,-34.0318987,0 18.3431965,-34.0316242,0 18.343113,-34.0314519,0 18.3431407,-34.0313275,0 18.3432721,-34.0311559,0 18.3433538,-34.0311019,0 18.3434408,-34.0311066,0 18.3435671,-34.0308535,0 18.3437061,-34.0307725,0 18.3436523,-34.0306365,0 18.3435203,-34.0304024,0 18.3434941,-34.0301381,0 18.3436468,-34.0294663,0 18.3436451,-34.0292468,0 18.3434703,-34.028814,0 18.343506,-34.0287484,0 18.3437607,-34.0286886,0 18.3436151,-34.0285034,0 18.3434507,-34.0284467,0 18.3420651,-34.0274497,0 18.3421784,-34.0273405,0 18.3418729,-34.0271207,0 18.3406638,-34.0266193,0 18.339764,-34.0261216,0 18.339515,-34.0258079,0 18.3394726,-34.0256233,0 18.3396621,-34.0252188,0 18.340095,-34.0249914,0 18.3324781,-34.0226673,0 18.3317822,-34.0224601,0 18.3317096,-34.0224384,0 18.331583,-34.0226256,0 18.3313295,-34.0229669,0 18.3310814,-34.0232781,0 18.330777,-34.0237027,0 18.3304766,-34.0241106,0 18.3301212,-34.0244941,0 18.3295485,-34.0247631,0 18.3291408,-34.0250143,0 18.32853,-34.02537,0 18.32802,-34.02549,0 18.32751,-34.02562,0 18.32701,-34.02574,0 18.32698,-34.02574,0 18.32679,-34.02584,0 18.3265,-34.02586,0 18.32587,-34.02592,0 18.32567,-34.02594,0 18.32542,-34.02612,0 18.3249,-34.02624,0 18.32441,-34.02642,0 18.32418,-34.02644,0 18.32391,-34.02662,0 18.32229,-34.02718,0 18.32177,-34.0272,0 18.32124,-34.02725,0 18.32057,-34.02723,0 18.32012,-34.0273,0 18.32003,-34.0274,0 18.31933,-34.02738,0 18.31884,-34.02753,0 18.31877,-34.0276,0 18.31819,-34.02765,0 18.31767,-34.02772,0 18.31716,-34.02779,0 18.31682,-34.02779,0 18.3167,-34.02762,0 18.3162,-34.02766,0 18.31568,-34.02767,0 18.31529,-34.02784,0 18.31514,-34.02784,0 18.31492,-34.02782,0 18.31461,-34.02794,0 18.31456,-34.02812,0 18.31449,-34.02821,0 18.31428,-34.02818,0 18.31412,-34.02824,0 18.31408,-34.02834,0 18.31385,-34.02829,0 18.31342,-34.02787,0 18.31312,-34.0277,0 18.31295,-34.02775,0 18.31244,-34.02767,0 18.31228,-34.02759,0 18.3112,-34.02753,0 18.31076,-34.0277,0 18.31075,-34.02778,0 18.31089,-34.02787,0 18.3111,-34.02843,0 18.31134,-34.02862,0 18.31196,-34.02864,0 18.31248,-34.02868,0 18.31266,-34.02874,0 18.31312,-34.02867,0 18.31375,-34.0288,0 18.31424,-34.02878,0 18.31477,-34.02883,0 18.31521,-34.02879,0 18.31554,-34.02888,0 18.31571,-34.02898,0 18.31577,-34.02924,0 18.31613,-34.02957,0 18.31665,-34.02983,0 18.31743,-34.03003,0 18.31745,-34.03017,0 18.31719,-34.0303,0 18.31721,-34.03041,0 18.31677,-34.03111,0 18.31672,-34.03147,0 18.31654,-34.03175,0 18.31584,-34.03211,0 18.31581,-34.03229,0 18.31573,-34.03242,0 18.3153,-34.03255,0 18.31519,-34.03271,0 18.31524,-34.03297,0 18.31506,-34.03317,0 18.31523,-34.03343,0 18.31526,-34.03371,0 18.31517,-34.03386,0 18.31493,-34.03425,0 18.3146,-34.0346,0 18.3142,-34.03487,0 18.31397,-34.03511,0 18.31397,-34.03525,0 18.31394,-34.03542,0 18.31369,-34.03554,0 18.31362,-34.03567,0 18.31392,-34.03609,0 18.31387,-34.0362,0 18.31351,-34.03628,0 18.31323,-34.03674,0 18.31253,-34.0369,0 18.31224,-34.03698,0 18.31203,-34.03695,0 18.31177,-34.03709,0 18.31154,-34.0371,0 18.31101,-34.03714,0 18.3108,-34.03726,0 18.31053,-34.03729,0 18.31029,-34.03736,0 18.3101,-34.03753,0 18.3100411,-34.0376335,0 18.3097621,-34.037609,0 18.30937,-34.03746,0 18.30905,-34.03744,0 18.30872,-34.03756,0 18.30851,-34.03758,0 18.30831,-34.03778,0 18.30788,-34.03805,0 18.30764,-34.03844,0 18.3075,-34.03871,0 18.30754,-34.03886,0 18.3075,-34.03908,0 18.30733,-34.03925,0 18.30722,-34.03951,0 18.30725,-34.0397,0 18.30736,-34.03985,0 18.30766,-34.03999,0 18.30759,-34.04015,0 18.30776,-34.04045,0 18.30818,-34.04069,0 18.30809,-34.04098,0 18.30814,-34.04112,0 18.3084,-34.04128,0 18.30856,-34.04121,0 18.30866,-34.04114,0 18.3088,-34.04117,0 18.30885,-34.04122,0 18.30876,-34.04134,0 18.30882,-34.04154,0 18.30904,-34.04164,0 18.30922,-34.0416,0 18.30954,-34.04171,0 18.3099,-34.04202,0 18.3098,-34.04225,0 18.30995,-34.04239,0 18.31023,-34.04257,0 18.31024,-34.04272,0 18.31026,-34.04291,0 18.31051,-34.04306,0 18.31063,-34.04329,0 18.31083,-34.04338,0 18.3113,-34.04358,0 18.31143,-34.04368,0 18.31178,-34.04371,0 18.31228,-34.04388,0 18.31294,-34.04396,0 18.31346,-34.04408,0 18.31393,-34.04425,0 18.31446,-34.04432,0 18.31493,-34.04451,0 18.31508,-34.04466,0 18.31538,-34.0447,0 18.31588,-34.04486,0 18.31638,-34.04498,0 18.31664,-34.04498,0 18.31688,-34.04507,0 18.31767,-34.04507,0 18.3191657,-34.0455434,0 18.3197397,-34.0458368,0 18.3201393,-34.0460757,0 18.3204089,-34.0462746,0 18.3206892,-34.0465457,0 18.3207911,-34.0466646,0 18.3207931,-34.0466755,0 18.3207898,-34.046688,0 18.3207509,-34.0467213,0 18.3207187,-34.0467446,0 18.3207113,-34.0467602,0 18.320708,-34.0467846,0 18.3207254,-34.046818,0 18.3208139,-34.0468558,0 18.3209856,-34.0468769,0 18.3211398,-34.0469302,0 18.3213437,-34.0470124,0 18.3214805,-34.0470291,0 18.321518,-34.0470424,0 18.3215287,-34.0470591,0 18.3215247,-34.0470736,0 18.3214275,-34.0471336,0 18.3213484,-34.0471797,0 18.321284,-34.0471991,0 18.3212317,-34.0472308,0 18.3212183,-34.0472519,0 18.3212203,-34.0472647,0 18.3212391,-34.0472758,0 18.3213209,-34.047288,0 18.3213872,-34.047288,0 18.3214127,-34.0472897,0 18.3214241,-34.0472997,0 18.3214248,-34.0473119,0 18.3214054,-34.0473302,0 18.3213893,-34.0473525,0 18.3213883,-34.0473822,0 18.3213946,-34.0474514,0 18.321459,-34.0475614,0 18.3215891,-34.0476658,0 18.321691,-34.0477169,0 18.3218747,-34.0477647,0 18.3220075,-34.0478125,0 18.3220799,-34.047867,0 18.3221175,-34.0479381,0 18.3221993,-34.048087,0 18.3223039,-34.0482759,0 18.3224273,-34.0484281,0 18.3225077,-34.0485181,0 18.3226874,-34.0486059,0 18.3227961,-34.0486492,0 18.3228886,-34.048677,0 18.3230267,-34.0487248,0 18.3231472,-34.0488055,0 18.3232118,-34.0489537,0 18.323193,-34.0490782,0 18.3231649,-34.0492348,0 18.3231555,-34.0493159,0 18.3231769,-34.0493859,0 18.3232132,-34.049466,0 18.3232802,-34.0495704,0 18.3233634,-34.0496549,0 18.32348,-34.0497426,0 18.3236007,-34.0498115,0 18.3236624,-34.0498471,0 18.3237027,-34.0499093,0 18.3237335,-34.0500538,0 18.3237677,-34.0502193,0 18.3237597,-34.050251,0 18.3237402,-34.0502638,0 18.3236893,-34.0502904,0 18.3236671,-34.0503188,0 18.323653,-34.0503638,0 18.3236571,-34.0504116,0 18.3236745,-34.0504816,0 18.3236799,-34.0505949,0 18.323645,-34.0507471,0 18.3236088,-34.0508727,0 18.3236262,-34.051006,0 18.3236718,-34.0511149,0 18.3237872,-34.0512894,0 18.3239561,-34.0515238,0 18.3241063,-34.0516883,0 18.3241868,-34.0518327,0 18.3242002,-34.0519905,0 18.3241841,-34.0521038,0 18.3241519,-34.0522194,0 18.3240554,-34.0523661,0 18.3239762,-34.052435,0 18.3239521,-34.0524916,0 18.3239561,-34.0525383,0 18.3239776,-34.0525583,0 18.3241278,-34.0525972,0 18.3242834,-34.052635,0 18.3245194,-34.0527639,0 18.3246347,-34.0528616,0 18.3247367,-34.0529705,0 18.3247715,-34.0530572,0 18.324793,-34.0531839,0 18.3247715,-34.0533572,0 18.3247581,-34.053515,0 18.3247715,-34.0536217,0 18.3248761,-34.0537639,0 18.325088,-34.0539083,0 18.3253053,-34.0540239,0 18.32551,-34.05415,0 18.32573,-34.05454,0 18.3261764,-34.0548167,0 18.3266166,-34.0549344,0 18.3271964,-34.0551,0 18.32764,-34.05526,0 18.3281293,-34.0554344,0 18.3287,-34.05582,0 18.32913,-34.05608,0 18.32928,-34.05624,0 18.3295841,-34.0569072,0 18.3294606,-34.0571666,0 18.32923,-34.05735,0 18.32908,-34.05744,0 18.32876,-34.05731,0 18.32864,-34.05734,0 18.32853,-34.05775,0 18.32836,-34.05765,0 18.32827,-34.05779,0 18.32831,-34.05785,0 18.32847,-34.05782,0 18.32845,-34.05794,0 18.3286,-34.05803,0 18.32885,-34.05825,0 18.32901,-34.0583,0 18.32946,-34.05829,0 18.32949,-34.05814,0 18.32966,-34.05798,0 18.32944,-34.05774,0 18.3295,-34.05765,0 18.3297,-34.0576,0 18.33004,-34.05742,0 18.33023,-34.05749,0 18.33106,-34.05777,0 18.33153,-34.058,0 18.33192,-34.05831,0 18.3326869,-34.0585672,0 18.3329102,-34.0585322,0 18.3330819,-34.0585434,0 18.3332093,-34.058615,0 18.3332938,-34.0586639,0 18.3334306,-34.0587067,0 18.3335312,-34.0587872,0 18.333623,-34.0588789,0 18.3337001,-34.0589733,0 18.3338188,-34.0590444,0 18.3338879,-34.0590505,0 18.3339355,-34.059,0 18.3339731,-34.0590122,0 18.3339757,-34.0590622,0 18.3340133,-34.0591472,0 18.3340884,-34.0592355,0 18.3343063,-34.0593216,0 18.33483,-34.0597,0 18.3350734,-34.0599577,0 18.3352035,-34.0602016,0 18.3352478,-34.0602083,0 18.3352746,-34.060146,0 18.3353376,-34.0601194,0 18.3353497,-34.0600672,0 18.3353323,-34.0600094,0 18.3353463,-34.0599888,0 18.3354127,-34.0599483,0 18.3355468,-34.0599588,0 18.3357628,-34.060011,0 18.3358801,-34.0601221,0 18.3359069,-34.0602855,0 18.3359679,-34.0603305,0 18.3360565,-34.0603999,0 18.3361336,-34.0604566,0 18.3362697,-34.0605088,0 18.3362952,-34.0605705,0 18.3363408,-34.0606966,0 18.3365942,-34.0607799,0 18.3369081,-34.0608832,0 18.3371508,-34.0609571,0 18.3372931,-34.061,0</coordinates></LinearRing></outerBoundaryIs>
          <innerBoundaryIs><LinearRing><coordinates>18.3372762,-34.0608595,0 18.3364312,-34.0561086,0 18.340832,-34.0575262,0 18.3372762,-34.0608595,0</coordinates></LinearRing></innerBoundaryIs>
        </Polygon>
        <Polygon>
          <altitudeMode>clampToGround</altitudeMode>
          <outerBoundaryIs><LinearRing><coordinates>18.3430442,-34.0178672,0 18.3474544,-34.0204755,0 18.3477289,-34.0196971,0 18.3480144,-34.0161855,0 18.3480412,-34.0152413,0 18.3482653,-34.0146526,0 18.3483081,-34.0141531,0 18.3483832,-34.0138886,0 18.3485582,-34.0137808,0 18.3495747,-34.0138899,0 18.3497898,-34.0129811,0 18.3495168,-34.0111325,0 18.3494324,-34.0110059,0 18.3488507,-34.0101154,0 18.3483343,-34.0092447,0 18.3482545,-34.0089948,0 18.3480677,-34.0089815,0 18.3479972,-34.0096712,0 18.3476102,-34.0102081,0 18.3463529,-34.0108405,0 18.3454883,-34.0110706,0 18.3442612,-34.0110641,0 18.3439032,-34.0111571,0 18.3424065,-34.0113463,0 18.3408095,-34.0120133,0 18.3388947,-34.0129583,0 18.3378471,-34.0138054,0 18.3372822,-34.014465,0 18.3381163,-34.0149576,0 18.3404443,-34.0163325,0 18.3430442,-34.0178672,0</coordinates></LinearRing></outerBoundaryIs>
        </Polygon>
        <Polygon>
          <altitudeMode>clampToGround</altitudeMode>
          <outerBoundaryIs><LinearRing><coordinates>18.4030554,-34.0197731,0 18.4046753,-34.0164165,0 18.4047409,-34.0161739,0 18.4048001,-34.0159539,0 18.404815,-34.015899,0 18.4047473,-34.0158941,0 18.4044652,-34.0158689,0 18.4043921,-34.0161298,0 18.4042277,-34.0170635,0 18.4027851,-34.0174588,0 18.4023109,-34.0177782,0 18.4017514,-34.0184208,0 18.4022043,-34.0198143,0 18.3992519,-34.0199518,0 18.3987222,-34.0156783,0 18.396555,-34.0137189,0 18.3965212,-34.0136884,0 18.3962078,-34.0138339,0 18.3957397,-34.0141709,0 18.3953019,-34.0143384,0 18.3948348,-34.01453,0 18.393814,-34.0148159,0 18.3934345,-34.0149837,0 18.3930816,-34.0154909,0 18.3923536,-34.0161379,0 18.3969134,-34.0178986,0 18.3940582,-34.0214038,0 18.3931554,-34.0217008,0 18.3882574,-34.0183216,0 18.3877276,-34.0185594,0 18.386443,-34.0191728,0 18.3853264,-34.0193673,0 18.3843915,-34.0196279,0 18.3848292,-34.0203631,0 18.3844425,-34.0205359,0 18.3841424,-34.0207333,0 18.3836123,-34.0212214,0 18.3833909,-34.0214789,0 18.3830873,-34.0220234,0 18.3827603,-34.0232005,0 18.3837458,-34.024448,0 18.3839587,-34.0247193,0 18.3835805,-34.0248453,0 18.3834653,-34.0262846,0 18.3761443,-34.0258751,0 18.3759445,-34.0254562,0 18.3755238,-34.0256075,0 18.3754262,-34.0256426,0 18.3741736,-34.0260931,0 18.373167,-34.0264535,0 18.372839,-34.0258046,0 18.3726503,-34.02544,0 18.3717196,-34.0257858,0 18.3702885,-34.0264278,0 18.3669098,-34.0279665,0 18.366966,-34.0280214,0 18.3670572,-34.0281105,0 18.3670579,-34.0281112,0 18.367225,-34.0279596,0 18.3678582,-34.0284435,0 18.3676437,-34.0286846,0 18.367277,-34.0288938,0 18.3670504,-34.0286626,0 18.3668469,-34.0287998,0 18.3667765,-34.0287334,0 18.3664942,-34.0289003,0 18.3662203,-34.0292446,0 18.3656443,-34.0297995,0 18.364167,-34.0308355,0 18.3635854,-34.0312882,0 18.3634322,-34.0313989,0 18.3633839,-34.0322132,0 18.3633414,-34.0329146,0 18.3628722,-34.0329064,0 18.3633073,-34.0339053,0 18.3635626,-34.0338948,0 18.3635752,-34.0341069,0 18.3633199,-34.0341174,0 18.363504,-34.03454,0 18.3660166,-34.0371516,0 18.3670699,-34.0381842,0 18.3679591,-34.0395819,0 18.3716762,-34.0390374,0 18.3779435,-34.038129,0 18.3798465,-34.039796,0 18.3798733,-34.0398194,0 18.3763533,-34.0426248,0 18.3758363,-34.0430273,0 18.3732586,-34.0421189,0 18.3730275,-34.0420629,0 18.3729845,-34.0420176,0 18.3729089,-34.0419902,0 18.3728328,-34.0420258,0 18.3727462,-34.0420254,0 18.3727031,-34.0419981,0 18.3724868,-34.041952,0 18.3720897,-34.0420999,0 18.3709607,-34.0431149,0 18.3704327,-34.0436514,0 18.3700747,-34.0440036,0 18.3693801,-34.0447796,0 18.3691767,-34.0451598,0 18.3691261,-34.0457842,0 18.3689337,-34.0459166,0 18.3685455,-34.0461838,0 18.3678228,-34.0460601,0 18.3674946,-34.0461051,0 18.3669246,-34.0462951,0 18.3664167,-34.0465927,0 18.3662281,-34.0467621,0 18.3659616,-34.0467725,0 18.3656397,-34.0468706,0 18.3652829,-34.0471067,0 18.3680737,-34.049195,0 18.365932,-34.0486908,0 18.3644649,-34.0474673,0 18.3643316,-34.0476261,0 18.3641963,-34.0478276,0 18.3641225,-34.0479872,0 18.3639737,-34.0484731,0 18.3637769,-34.0489881,0 18.3638949,-34.0496063,0 18.3631191,-34.0507666,0 18.3631536,-34.0508472,0 18.3633395,-34.051016,0 18.363522,-34.0516523,0 18.3636901,-34.0522765,0 18.3638302,-34.0525686,0 18.3636241,-34.0527324,0 18.3629173,-34.0532865,0 18.36275,-34.05341,0 18.36294,-34.05351,0 18.36326,-34.05393,0 18.36312,-34.05437,0 18.3628,-34.05442,0 18.36279,-34.05467,0 18.36249,-34.05478,0 18.36252,-34.05483,0 18.36271,-34.05479,0 18.363,-34.05486,0 18.36297,-34.05494,0 18.3628,-34.05499,0 18.36245,-34.05511,0 18.36248,-34.05519,0 18.36263,-34.05521,0 18.36272,-34.05528,0 18.36263,-34.05538,0 18.36277,-34.05544,0 18.36275,-34.05553,0 18.36284,-34.0557,0 18.36314,-34.05583,0 18.36322,-34.05589,0 18.36325,-34.05607,0 18.36352,-34.05614,0 18.36355,-34.05635,0 18.36391,-34.05642,0 18.36413,-34.05709,0 18.36407,-34.05716,0 18.3642,-34.05734,0 18.36417,-34.0576,0 18.36463,-34.05766,0 18.3643,-34.05773,0 18.3642,-34.05785,0 18.36425,-34.05801,0 18.36421,-34.05844,0 18.36473,-34.05848,0 18.36493,-34.05853,0 18.36479,-34.05857,0 18.36479,-34.05865,0 18.36503,-34.05869,0 18.36502,-34.05877,0 18.36483,-34.05884,0 18.36478,-34.05909,0 18.36474,-34.05923,0 18.36535,-34.05923,0 18.36532,-34.05931,0 18.36516,-34.05945,0 18.36512,-34.05958,0 18.36521,-34.0597,0 18.36586,-34.05972,0 18.36593,-34.05976,0 18.36592,-34.06004,0 18.36655,-34.06008,0 18.36685,-34.06028,0 18.36695,-34.06064,0 18.36689,-34.06074,0 18.36682,-34.06078,0 18.3668,-34.06085,0 18.36694,-34.06094,0 18.36681,-34.06111,0 18.36693,-34.06117,0 18.36706,-34.0612,0 18.36718,-34.06158,0 18.36719,-34.06168,0 18.36705,-34.06178,0 18.36732,-34.06193,0 18.36718,-34.06202,0 18.36721,-34.06207,0 18.36768,-34.06208,0 18.36789,-34.06203,0 18.367959,-34.0620725,0 18.36802,-34.06211,0 18.36802,-34.06224,0 18.36812,-34.06232,0 18.36829,-34.06242,0 18.36817,-34.0626,0 18.36829,-34.06264,0 18.36877,-34.06271,0 18.36879,-34.06285,0 18.36864,-34.06298,0 18.36845,-34.06313,0 18.36858,-34.06329,0 18.36849,-34.0635,0 18.3684,-34.06373,0 18.36839,-34.06429,0 18.36821,-34.06462,0 18.36738,-34.06565,0 18.36726,-34.066,0 18.36732,-34.06625,0 18.36704,-34.06657,0 18.36711,-34.06682,0 18.367,-34.06715,0 18.36692,-34.06735,0 18.36659,-34.06747,0 18.36644,-34.06765,0 18.36605,-34.0677,0 18.36589,-34.06769,0 18.36572,-34.06796,0 18.36558,-34.06818,0 18.36567,-34.06834,0 18.36585,-34.06835,0 18.36588,-34.06851,0 18.36544,-34.06872,0 18.36545,-34.06923,0 18.36542,-34.06941,0 18.36523,-34.06963,0 18.36519,-34.06977,0 18.36544,-34.06996,0 18.36541,-34.07006,0 18.36511,-34.07014,0 18.36496,-34.07021,0 18.36509,-34.07036,0 18.365,-34.07052,0 18.36505,-34.07071,0 18.36499,-34.07087,0 18.36458,-34.07098,0 18.36418,-34.07149,0 18.36403,-34.0718,0 18.36408,-34.0719,0 18.36407,-34.07249,0 18.36395,-34.07269,0 18.36372,-34.0728,0 18.36349,-34.07308,0 18.3633,-34.07318,0 18.36288,-34.07348,0 18.36273,-34.07379,0 18.36245,-34.07395,0 18.36209,-34.074,0 18.36189,-34.07395,0 18.36164,-34.07401,0 18.36136,-34.07391,0 18.36112,-34.07398,0 18.361,-34.07419,0 18.36082,-34.07436,0 18.36069,-34.07436,0 18.3601,-34.07449,0 18.35977,-34.07455,0 18.35961,-34.07446,0 18.35943,-34.07449,0 18.35939,-34.07462,0 18.35971,-34.07473,0 18.3598,-34.07493,0 18.35959,-34.07502,0 18.35908,-34.07477,0 18.35902,-34.07494,0 18.3593,-34.07502,0 18.35924,-34.07515,0 18.35896,-34.07506,0 18.35885,-34.07523,0 18.35888,-34.07543,0 18.35852,-34.07542,0 18.35838,-34.0753,0 18.35813,-34.07544,0 18.35784,-34.07522,0 18.35768,-34.07529,0 18.35759,-34.07558,0 18.35728,-34.07549,0 18.35701,-34.07557,0 18.35704,-34.07571,0 18.3571,-34.07623,0 18.35662,-34.07618,0 18.35634,-34.07626,0 18.35614,-34.07651,0 18.35587,-34.0765,0 18.35555,-34.07669,0 18.35541,-34.07667,0 18.35523,-34.07676,0 18.35516,-34.07701,0 18.35531,-34.07741,0 18.35555,-34.0778,0 18.3555,-34.07884,0 18.3554,-34.0789,0 18.35513,-34.07885,0 18.35499,-34.079,0 18.35508,-34.07915,0 18.3554,-34.0792,0 18.35567,-34.07942,0 18.35583,-34.07958,0 18.3559,-34.07983,0 18.35583,-34.08058,0 18.35563,-34.08095,0 18.35541,-34.08115,0 18.35524,-34.08158,0 18.35538,-34.08242,0 18.35529,-34.08312,0 18.35507,-34.08354,0 18.35461,-34.08395,0 18.35428,-34.08423,0 18.35404,-34.08489,0 18.35318,-34.08541,0 18.35318,-34.0856,0 18.35343,-34.08581,0 18.35351,-34.08611,0 18.35362,-34.0862,0 18.35414,-34.08634,0 18.35458,-34.08676,0 18.35506,-34.08693,0 18.35519,-34.08704,0 18.35522,-34.08716,0 18.35462,-34.0879,0 18.3543,-34.08826,0 18.35335,-34.08858,0 18.35263,-34.08871,0 18.35175,-34.08906,0 18.35133,-34.08935,0 18.35136,-34.0895,0 18.35175,-34.0896,0 18.35181,-34.08973,0 18.35171,-34.0898,0 18.35156,-34.08975,0 18.35113,-34.08985,0 18.35091,-34.08995,0 18.35064,-34.08989,0 18.35045,-34.09002,0 18.35058,-34.09037,0 18.35049,-34.09051,0 18.35021,-34.09066,0 18.35,-34.09064,0 18.34972,-34.09076,0 18.34969,-34.09095,0 18.34995,-34.09102,0 18.35003,-34.09128,0 18.34995,-34.09143,0 18.34981,-34.09148,0 18.34979,-34.09161,0 18.35011,-34.0918,0 18.35041,-34.0926,0 18.3507,-34.09297,0 18.3511,-34.09326,0 18.35142,-34.09357,0 18.35189,-34.09431,0 18.35272,-34.09492,0 18.35287,-34.09529,0 18.3529,-34.09566,0 18.35276,-34.09606,0 18.3525981,-34.0964658,0 18.3526186,-34.096588,0 18.3526491,-34.0967084,0 18.3526737,-34.0968412,0 18.352683,-34.0970299,0 18.3526551,-34.0972919,0 18.3526649,-34.0974939,0 18.3527178,-34.0978021,0 18.3527619,-34.0980433,0 18.3527524,-34.0982573,0 18.3526828,-34.0988175,0 18.3526664,-34.0993534,0 18.3526776,-34.0999769,0 18.3527789,-34.1006534,0 18.3529474,-34.101453,0 18.3530849,-34.1020994,0 18.3532003,-34.1024215,0 18.3533048,-34.1027279,0 18.3533477,-34.1030411,0 18.3533102,-34.1034409,0 18.3532241,-34.103769,0 18.3532061,-34.1040563,0 18.3532435,-34.1043212,0 18.3532832,-34.1046805,0 18.3533037,-34.1049611,0 18.3533184,-34.1052499,0 18.3533039,-34.1054634,0 18.3532653,-34.1056171,0 18.3531414,-34.1058545,0 18.3529518,-34.106223,0 18.3528588,-34.1064206,0 18.3528538,-34.1066569,0 18.3528857,-34.1069702,0 18.3529033,-34.1075126,0 18.3529473,-34.1080468,0 18.3528704,-34.1084819,0 18.3527174,-34.1089065,0 18.3527282,-34.109224,0 18.3528167,-34.1096282,0 18.3527684,-34.1099569,0 18.3526128,-34.1102012,0 18.3523446,-34.1105165,0 18.3521837,-34.1107519,0 18.3521461,-34.1110006,0 18.3522803,-34.1114892,0 18.3523554,-34.1119156,0 18.3522803,-34.1125152,0 18.352114,-34.112906,0 18.3517975,-34.1133324,0 18.3516365,-34.1135722,0 18.3516473,-34.1137987,0 18.3517867,-34.1142073,0 18.3518672,-34.1146248,0 18.3518082,-34.1151711,0 18.3516902,-34.1155575,0 18.3514595,-34.1158773,0 18.3512342,-34.1162858,0 18.3509445,-34.1167788,0 18.3507943,-34.1171386,0 18.350805,-34.1175249,0 18.3507755,-34.1179024,0 18.3506092,-34.1182466,0 18.3503491,-34.1185753,0 18.3500004,-34.1190527,0 18.3497778,-34.1195212,0 18.3496222,-34.1200297,0 18.3493915,-34.1204516,0 18.3490965,-34.1207403,0 18.3489999,-34.1208957,0 18.3489758,-34.1210711,0 18.3490026,-34.1213131,0 18.3489919,-34.1215974,0 18.3488792,-34.1218993,0 18.34867,-34.1221547,0 18.3482263,-34.1225902,0 18.3481115,-34.1227223,0 18.3480182,-34.1229562,0 18.3479632,-34.1231939,0 18.347868,-34.1234159,0 18.3477004,-34.123598,0 18.3474941,-34.1237435,0 18.3472484,-34.1239666,0 18.3471063,-34.1241375,0 18.3469614,-34.1243751,0 18.3466879,-34.1247393,0 18.3465135,-34.1250013,0 18.3463284,-34.1253188,0 18.3461326,-34.1255564,0 18.3459154,-34.1257229,0 18.345674,-34.1258694,0 18.3455211,-34.125996,0 18.3453709,-34.1262469,0 18.3452582,-34.1264934,0 18.3451308,-34.1266276,0 18.3448814,-34.1267775,0 18.3445783,-34.1269519,0 18.3442631,-34.127115,0 18.3439353,-34.1272437,0 18.3434772,-34.1273526,0 18.3430132,-34.1274792,0 18.3427812,-34.1275602,0 18.3426239,-34.1275745,0 18.3424642,-34.1275649,0 18.3420345,-34.1273605,0 18.3419111,-34.1272665,0 18.3416843,-34.1271286,0 18.3412017,-34.1269373,0 18.3411925,-34.1272849,0 18.3411818,-34.1277045,0 18.3409637,-34.1278771,0 18.3408448,-34.1279362,0 18.3406092,-34.1279099,0 18.3406259,-34.128137,0 18.3407301,-34.1283686,0 18.3410048,-34.1286095,0 18.3411708,-34.1287309,0 18.3412433,-34.128756,0 18.3410878,-34.1290589,0 18.3413075,-34.1291191,0 18.3411598,-34.1293168,0 18.341328,-34.1293815,0 18.342118,-34.1296854,0 18.3422146,-34.1298218,0 18.3428821,-34.1304344,0 18.3425567,-34.1306762,0 18.3427034,-34.1308462,0 18.342907,-34.1310789,0 18.343321,-34.1310743,0 18.3432896,-34.1312849,0 18.3428767,-34.1313257,0 18.3429252,-34.1316194,0 18.343048,-34.1318047,0 18.3433161,-34.1319435,0 18.3436886,-34.1317401,0 18.3437668,-34.1318025,0 18.3437292,-34.131835,0 18.3437682,-34.1318662,0 18.3438058,-34.1318337,0 18.3440281,-34.1320112,0 18.3435433,-34.1320287,0 18.3435673,-34.1324349,0 18.3433591,-34.1328015,0 18.3428879,-34.1327407,0 18.3428299,-34.1330529,0 18.3428511,-34.1332015,0 18.3428502,-34.1335204,0 18.342395,-34.1334622,0 18.3422867,-34.1334484,0 18.3417668,-34.1333817,0 18.3404088,-34.1336806,0 18.3404067,-34.1343786,0 18.34117,-34.1349485,0 18.3412359,-34.1350721,0 18.3412294,-34.1368701,0 18.341078,-34.1373184,0 18.3415137,-34.1382439,0 18.3415689,-34.1382127,0 18.3415881,-34.1382536,0 18.3415276,-34.1382732,0 18.3416401,-34.1385123,0 18.3416894,-34.1385306,0 18.3417302,-34.1385179,0 18.3418769,-34.1385584,0 18.3427637,-34.1397102,0 18.3427082,-34.1401877,0 18.3425389,-34.1402572,0 18.3425217,-34.1402995,0 18.343038,-34.1411696,0 18.3431489,-34.1414268,0 18.3431144,-34.1415114,0 18.3417972,-34.1420518,0 18.3416613,-34.1420135,0 18.3415814,-34.1418789,0 18.3412297,-34.1420234,0 18.3405301,-34.1426536,0 18.3449274,-34.1431433,0 18.3451115,-34.1407952,0 18.3457998,-34.1403238,0 18.3458416,-34.14025,0 18.3458403,-34.1397148,0 18.3457985,-34.1396409,0 18.3456294,-34.1395238,0 18.3455876,-34.1394498,0 18.3455788,-34.1357234,0 18.3461084,-34.1350724,0 18.3462174,-34.1351337,0 18.3464805,-34.1352816,0 18.3466983,-34.1354041,0 18.347856,-34.1360553,0 18.3488441,-34.1364356,0 18.349573,-34.1370446,0 18.3503195,-34.1375973,0 18.3509319,-34.1382555,0 18.3538496,-34.1377568,0 18.3536457,-34.1373337,0 18.3540914,-34.1371447,0 18.3543318,-34.1370758,0 18.3550523,-34.1369789,0 18.3559713,-34.1367869,0 18.3567315,-34.1368617,0 18.3578553,-34.136769,0 18.3583908,-34.1368205,0 18.3586337,-34.1368139,0 18.3596813,-34.1366524,0 18.3610518,-34.1361662,0 18.3616698,-34.1359783,0 18.3619817,-34.1358162,0 18.3623725,-34.1354945,0 18.3632191,-34.1353192,0 18.3633722,-34.1355351,0 18.3634936,-34.1354756,0 18.3635927,-34.1356154,0 18.3636578,-34.1355836,0 18.3637831,-34.1308908,0 18.3646338,-34.1309508,0 18.3672295,-34.1311342,0 18.367251,-34.1280751,0 18.3682094,-34.1280797,0 18.3695231,-34.1289202,0 18.371171,-34.1284663,0 18.3710603,-34.1279858,0 18.3709066,-34.1269024,0 18.371597,-34.1268376,0 18.3718357,-34.1249719,0 18.3720893,-34.1232809,0 18.3692196,-34.1219125,0 18.3798282,-34.1140216,0 18.3772279,-34.1120892,0 18.3781463,-34.1096352,0 18.3705679,-34.1049606,0 18.368882,-34.1114273,0 18.3582136,-34.1064461,0 18.3591308,-34.1012769,0 18.3569797,-34.0973893,0 18.3572588,-34.0964074,0 18.3596103,-34.0884234,0 18.3754395,-34.0794175,0 18.3858202,-34.0777998,0 18.3930463,-34.0822655,0 18.3972585,-34.0851115,0 18.3956705,-34.0869434,0 18.3962174,-34.0910827,0 18.3918033,-34.0944078,0 18.3909221,-34.0950372,0 18.3897281,-34.0959289,0 18.3898786,-34.0967971,0 18.3900123,-34.0971778,0 18.3906881,-34.0976004,0 18.3908229,-34.097848,0 18.3908972,-34.0983591,0 18.3909311,-34.098592,0 18.3916797,-34.0992771,0 18.3923979,-34.0987819,0 18.3939936,-34.1013935,0 18.3982479,-34.0988714,0 18.3990394,-34.0984002,0 18.4019522,-34.1003189,0 18.3986193,-34.1041487,0 18.3992882,-34.1041812,0 18.3999014,-34.1044057,0 18.4008846,-34.1049942,0 18.4025013,-34.105468,0 18.4029458,-34.105598,0 18.4029453,-34.1056019,0 18.4029295,-34.1057056,0 18.4028846,-34.1060001,0 18.4028722,-34.1060814,0 18.4028373,-34.1063097,0 18.402807,-34.1065078,0 18.4027899,-34.1066197,0 18.4027602,-34.1068147,0 18.4026521,-34.1068987,0 18.402495,-34.1070208,0 18.4022254,-34.1072302,0 18.4021345,-34.1073008,0 18.4019201,-34.1074674,0 18.4017884,-34.1075697,0 18.4017051,-34.1076345,0 18.4014672,-34.1078192,0 18.4014053,-34.1078673,0 18.4012643,-34.1079769,0 18.4012479,-34.1079896,0 18.4009561,-34.1082162,0 18.4006753,-34.1084344,0 18.4002253,-34.1087839,0 18.4001174,-34.1088678,0 18.3999086,-34.10903,0 18.3998237,-34.109096,0 18.3996631,-34.1092207,0 18.3984591,-34.1101563,0 18.3984625,-34.1107062,0 18.3981697,-34.1107712,0 18.3940485,-34.1091566,0 18.3934419,-34.1091104,0 18.3933773,-34.1087413,0 18.3931702,-34.1084464,0 18.3922465,-34.1082927,0 18.3917287,-34.1084637,0 18.3912011,-34.1086977,0 18.3906691,-34.1087909,0 18.3905634,-34.1083444,0 18.389588,-34.1077211,0 18.3888073,-34.1076464,0 18.3887398,-34.1075231,0 18.388137,-34.1075815,0 18.3875017,-34.1078133,0 18.3870807,-34.1082253,0 18.3866298,-34.1087876,0 18.3858763,-34.1088611,0 18.3858547,-34.1091787,0 18.3865006,-34.109116,0 18.3877138,-34.1097796,0 18.3883483,-34.1102549,0 18.3880459,-34.1110405,0 18.3882836,-34.1110124,0 18.3885239,-34.1110119,0 18.3887622,-34.1110379,0 18.3889943,-34.1110892,0 18.3892163,-34.1111657,0 18.3904105,-34.1116568,0 18.390651,-34.1117453,0 18.3909011,-34.1118119,0 18.3911577,-34.1118577,0 18.3933026,-34.1121466,0 18.3936093,-34.1121763,0 18.393919,-34.1121806,0 18.3941853,-34.1121661,0 18.3946869,-34.1121207,0 18.3949698,-34.1121086,0 18.3952519,-34.1121201,0 18.3955321,-34.1121569,0 18.3958056,-34.1122186,0 18.3981084,-34.1128462,0 18.3982934,-34.112886,0 18.3984829,-34.112905,0 18.3986739,-34.1129031,0 18.3988629,-34.1128803,0 18.3990467,-34.1128373,0 18.399222,-34.1127744,0 18.3993861,-34.112693,0 18.3995358,-34.1125946,0 18.3996687,-34.1124808,0 18.3997824,-34.1123529,0 18.3998914,-34.1121797,0 18.4002043,-34.1123043,0 18.4002859,-34.1123366,0 18.403141,-34.113473,0 18.4027282,-34.1164311,0 18.4016391,-34.1191603,0 18.4021065,-34.1249921,0 18.4041446,-34.1256489,0 18.4066001,-34.1233637,0 18.4068622,-34.1234583,0 18.4137007,-34.1259933,0 18.4140684,-34.1253065,0 18.4142712,-34.1249281,0 18.4166129,-34.1256921,0 18.4187459,-34.126542,0 18.4190787,-34.1265817,0 18.4192079,-34.1265196,0 18.4193757,-34.1265756,0 18.4195481,-34.1266942,0 18.4211513,-34.1264034,0 18.4221141,-34.1265044,0 18.423608,-34.126369,0 18.4242675,-34.126264,0 18.4249499,-34.1263122,0 18.4253621,-34.1263776,0 18.4249614,-34.1261194,0 18.4197513,-34.1227044,0 18.4204518,-34.1218619,0 18.4194025,-34.1211198,0 18.4173874,-34.1191133,0 18.4173715,-34.1190975,0 18.4156861,-34.1185287,0 18.4145911,-34.118051,0 18.4135398,-34.1171603,0 18.4134228,-34.1170601,0 18.4135096,-34.1169889,0 18.4136596,-34.1168657,0 18.4137441,-34.1167979,0 18.415331,-34.1155238,0 18.4154867,-34.115399,0 18.4241104,-34.120056,0 18.4325668,-34.1226205,0 18.435072,-34.1243469,0 18.4351659,-34.1244238,0 18.4355366,-34.1245146,0 18.4355731,-34.1250671,0 18.4354071,-34.1254096,0 18.4340955,-34.1260925,0 18.4340361,-34.1265672,0 18.4339794,-34.1267147,0 18.4348908,-34.1284192,0 18.4356117,-34.1289724,0 18.4357841,-34.1291023,0 18.4352333,-34.1297041,0 18.4369982,-34.1302828,0 18.4377628,-34.1305345,0 18.4390206,-34.1310376,0 18.4391736,-34.131103,0 18.4400949,-34.13122,0 18.4401972,-34.131228,0 18.4405349,-34.1312558,0 18.443234,-34.1317685,0 18.4442333,-34.1319583,0 18.4449153,-34.13202,0 18.4457091,-34.1319299,0 18.4456859,-34.1317894,0 18.4457955,-34.1317769,0 18.4458141,-34.1316961,0 18.4459825,-34.1315008,0 18.4460371,-34.131451,0 18.4459182,-34.131403,0 18.4460862,-34.131227,0 18.4461679,-34.1312068,0 18.4462362,-34.1312138,0 18.4467377,-34.1305298,0 18.4465453,-34.1303449,0 18.4466074,-34.1299186,0 18.4464291,-34.1294677,0 18.4463017,-34.1294808,0 18.445379,-34.1281153,0 18.4452874,-34.1287434,0 18.4451254,-34.1285714,0 18.4449149,-34.128348,0 18.4437574,-34.127119,0 18.4436598,-34.1270153,0 18.4438164,-34.1269582,0 18.4442493,-34.1267937,0 18.4441909,-34.1265666,0 18.4442913,-34.1264444,0 18.4443695,-34.1263921,0 18.4445288,-34.1263411,0 18.4446881,-34.1262903,0 18.445228,-34.1261178,0 18.4453874,-34.1260669,0 18.4455148,-34.1260262,0 18.4459446,-34.125879,0 18.4460201,-34.1258565,0 18.4465482,-34.1256065,0 18.4468333,-34.125465,0 18.447278,-34.1252442,0 18.4474466,-34.1251444,0 18.4482669,-34.1245183,0 18.4486391,-34.1242127,0 18.4488715,-34.1240442,0 18.4490084,-34.1239505,0 18.4493113,-34.1237562,0 18.4494066,-34.1237075,0 18.4496258,-34.1236086,0 18.4499045,-34.1234761,0 18.4502701,-34.1232913,0 18.4503026,-34.1232743,0 18.4503339,-34.1232517,0 18.4504021,-34.1231888,0 18.4504566,-34.1231285,0 18.4505579,-34.1230033,0 18.450648,-34.1228724,0 18.4507265,-34.1227363,0 18.4507775,-34.1226315,0 18.4508081,-34.1225585,0 18.4509972,-34.1219642,0 18.4510345,-34.1218843,0 18.45109,-34.1217846,0 18.4511488,-34.1217056,0 18.4511821,-34.1216679,0 18.4512649,-34.121584,0 18.4513539,-34.1215046,0 18.4514204,-34.1214559,0 18.4514827,-34.1214186,0 18.4516461,-34.1213351,0 18.4518165,-34.1212683,0 18.4519283,-34.1212192,0 18.4520738,-34.1211445,0 18.4522141,-34.1210594,0 18.4522781,-34.1210156,0 18.4524529,-34.1208842,0 18.4526138,-34.1207548,0 18.4527698,-34.1206214,0 18.4530049,-34.1204022,0 18.4531406,-34.1202564,0 18.4532037,-34.1201807,0 18.4533228,-34.1200253,0 18.453512,-34.1197388,0 18.4536454,-34.1195567,0 18.4537394,-34.1194385,0 18.4539534,-34.1191893,0 18.4539693,-34.1191689,0 18.4541367,-34.1189712,0 18.4541993,-34.1188974,0 18.4543621,-34.1187055,0 18.4543891,-34.1186875,0 18.4545801,-34.118561,0 18.4546594,-34.1185085,0 18.4548767,-34.1183646,0 18.4548916,-34.1183547,0 18.4549682,-34.1183234,0 18.4550204,-34.1183011,0 18.4550642,-34.1182824,0 18.4550373,-34.118256,0 18.455093,-34.1182213,0 18.4551684,-34.1181791,0 18.455208,-34.1182196,0 18.455254,-34.1182011,0 18.4553259,-34.1181742,0 18.4557706,-34.1179338,0 18.4558143,-34.1179791,0 18.456094,-34.1177902,0 18.4564531,-34.117549,0 18.4567309,-34.1173604,0 18.4568128,-34.117311,0 18.4571184,-34.117095,0 18.4570241,-34.1169978,0 18.4572583,-34.116842,0 18.4573121,-34.1168064,0 18.457668,-34.1165567,0 18.4578047,-34.1164596,0 18.457818,-34.1164493,0 18.457798,-34.1164282,0 18.4579189,-34.1162938,0 18.4580721,-34.1161829,0 18.4582247,-34.1161236,0 18.4582325,-34.1161306,0 18.4583045,-34.1160726,0 18.4583111,-34.1160618,0 18.4583632,-34.1159841,0 18.4584236,-34.1158832,0 18.4585091,-34.1157978,0 18.458568,-34.115749,0 18.4586009,-34.1157281,0 18.4587146,-34.1157005,0 18.4587388,-34.1156983,0 18.4588152,-34.1156986,0 18.4590065,-34.1157106,0 18.4591046,-34.1157068,0 18.4591599,-34.1156895,0 18.4593517,-34.1156151,0 18.4596053,-34.1154974,0 18.4601523,-34.1152165,0 18.4602338,-34.1151703,0 18.4604092,-34.1150544,0 18.461182,-34.1145436,0 18.4613292,-34.114416,0 18.4618067,-34.1140348,0 18.4623379,-34.1136597,0 18.4624301,-34.1135889,0 18.4625177,-34.1135142,0 18.4626006,-34.1134356,0 18.4626783,-34.1133537,0 18.4627508,-34.1132684,0 18.4628653,-34.1131106,0 18.4629246,-34.1130154,0 18.4629945,-34.1128886,0 18.4630384,-34.1127998,0 18.4630685,-34.1127495,0 18.4631033,-34.1126713,0 18.4631506,-34.1125921,0 18.4631918,-34.1125371,0 18.4632086,-34.1125185,0 18.4632503,-34.1124724,0 18.4633168,-34.1124102,0 18.4636165,-34.1121907,0 18.4636981,-34.1121198,0 18.4639096,-34.1119187,0 18.464102,-34.1117154,0 18.4642927,-34.1114912,0 18.4646208,-34.1110627,0 18.4651089,-34.1103471,0 18.4651525,-34.1102721,0 18.4651796,-34.1102068,0 18.465241,-34.1099967,0 18.4652608,-34.109904,0 18.4652746,-34.1098106,0 18.4652826,-34.1097167,0 18.4652847,-34.1096226,0 18.4652807,-34.1095285,0 18.4652311,-34.1090679,0 18.4652299,-34.1089412,0 18.4652399,-34.1087843,0 18.4653538,-34.1079242,0 18.4653539,-34.1079089,0 18.4653536,-34.1078777,0 18.4651959,-34.1068939,0 18.4641057,-34.106879,0 18.4641142,-34.106768,0 18.4641445,-34.1062774,0 18.4641515,-34.106164,0 18.4641742,-34.1057951,0 18.4641899,-34.1055397,0 18.4642249,-34.1049724,0 18.4642319,-34.1048589,0 18.4643707,-34.1048646,0 18.4648796,-34.1048863,0 18.4649148,-34.1043183,0 18.4649244,-34.1042072,0 18.4650915,-34.1042135,0 18.4651017,-34.1040513,0 18.4652757,-34.1036974,0 18.4652973,-34.1036537,0 18.4653518,-34.1035438,0 18.4654072,-34.1035459,0 18.4654512,-34.1029795,0 18.4654544,-34.1028662,0 18.4654864,-34.1022992,0 18.4655027,-34.1021866,0 18.4655076,-34.1021137,0 18.4655118,-34.1020448,0 18.4655161,-34.101974,0 18.465521,-34.1019031,0 18.4655301,-34.1017614,0 18.465533,-34.1016194,0 18.4655347,-34.1015343,0 18.465538,-34.1013496,0 18.4655417,-34.1011604,0 18.4655079,-34.100065,0 18.4654836,-34.0998694,0 18.4654833,-34.0998665,0 18.4654593,-34.0996735,0 18.465435,-34.0994775,0 18.4654106,-34.0992785,0 18.4654016,-34.0992366,0 18.4653224,-34.0990698,0 18.4652517,-34.0989187,0 18.465248,-34.098911,0 18.465174,-34.0987524,0 18.4651022,-34.0986016,0 18.4650983,-34.0985939,0 18.4650487,-34.0984949,0 18.4650336,-34.0984232,0 18.4649928,-34.0982562,0 18.4649507,-34.0980895,0 18.4649085,-34.0979228,0 18.4648663,-34.097756,0 18.4648374,-34.0976416,0 18.4648218,-34.0975898,0 18.4647475,-34.0974108,0 18.4643345,-34.0968298,0 18.4641249,-34.0964139,0 18.4639276,-34.0961023,0 18.4636794,-34.0957445,0 18.4633992,-34.0954039,0 18.4625903,-34.0946646,0 18.4624613,-34.0945599,0 18.4623187,-34.0944682,0 18.4614302,-34.0939631,0 18.4611449,-34.0938509,0 18.4608429,-34.0937537,0 18.460533,-34.0936751,0 18.4602171,-34.0936153,0 18.459704,-34.0935347,0 18.4593019,-34.0935012,0 18.4589015,-34.0933294,0 18.4586587,-34.0931493,0 18.4584793,-34.0929839,0 18.4583882,-34.0928933,0 18.4582309,-34.0927052,0 18.458107,-34.0925104,0 18.4579339,-34.0921834,0 18.4578435,-34.0920196,0 18.457689,-34.0917635,0 18.4574679,-34.0914471,0 18.4572797,-34.0912421,0 18.4570359,-34.0909998,0 18.4568472,-34.0908598,0 18.4564803,-34.0906819,0 18.4560128,-34.0905406,0 18.4557377,-34.090467,0 18.4545641,-34.0902471,0 18.4543699,-34.0902179,0 18.4541748,-34.0901936,0 18.4537571,-34.0901471,0 18.4535829,-34.0901182,0 18.4534146,-34.0900714,0 18.4532548,-34.0900073,0 18.4531059,-34.0899269,0 18.4529703,-34.0898316,0 18.4527108,-34.0896244,0 18.4521908,-34.0893309,0 18.4510668,-34.0890477,0 18.4489172,-34.0877897,0 18.448728,-34.0879084,0 18.4469322,-34.0890318,0 18.4416938,-34.0889657,0 18.4417921,-34.0893186,0 18.4398764,-34.089302,0 18.4395209,-34.0889379,0 18.4372531,-34.0889095,0 18.4267417,-34.0832431,0 18.4262371,-34.0832114,0 18.4256434,-34.0831116,0 18.4250631,-34.0829285,0 18.4248085,-34.0832623,0 18.4215252,-34.0813727,0 18.4221114,-34.0806354,0 18.4189395,-34.0787741,0 18.4183137,-34.0793884,0 18.4171094,-34.0784261,0 18.4164235,-34.0775745,0 18.4155977,-34.0771019,0 18.4151636,-34.0763095,0 18.4140921,-34.0750771,0 18.4114308,-34.0767546,0 18.4118672,-34.0671709,0 18.4123413,-34.0669803,0 18.4126967,-34.0668377,0 18.4136679,-34.066449,0 18.4139577,-34.0663326,0 18.4143604,-34.0661715,0 18.4146245,-34.0660657,0 18.4147933,-34.065998,0 18.4149991,-34.0659156,0 18.4154618,-34.0657301,0 18.4159936,-34.065517,0 18.4159955,-34.0655163,0 18.4165469,-34.0652953,0 18.4175808,-34.0648819,0 18.4181074,-34.0646705,0 18.4182053,-34.0646311,0 18.4186857,-34.0644385,0 18.4191224,-34.0642633,0 18.4191839,-34.0642387,0 18.4192303,-34.0642202,0 18.4192789,-34.0642007,0 18.4309662,-34.0594154,0 18.4323523,-34.0590161,0 18.432561,-34.058956,0 18.4326535,-34.0589293,0 18.43312,-34.0587949,0 18.4331875,-34.0587607,0 18.4336119,-34.0585465,0 18.4336798,-34.0585122,0 18.4338793,-34.0584115,0 18.4338813,-34.0584105,0 18.4352546,-34.0577174,0 18.4359053,-34.057389,0 18.4419688,-34.0543289,0 18.4424106,-34.054106,0 18.442465,-34.0540785,0 18.4424885,-34.0540667,0 18.4429579,-34.0538307,0 18.4429942,-34.0538124,0 18.443054,-34.0537822,0 18.4432471,-34.0536848,0 18.4432622,-34.0536772,0 18.4433398,-34.053638,0 18.4435766,-34.0535174,0 18.4435698,-34.0535094,0 18.4429836,-34.0528213,0 18.4429645,-34.0528234,0 18.4429066,-34.0528293,0 18.4419618,-34.0529263,0 18.4410879,-34.0530163,0 18.4396293,-34.0531663,0 18.4388736,-34.0532438,0 18.4388183,-34.0532498,0 18.4375109,-34.0533843,0 18.4372792,-34.053408,0 18.4372758,-34.0534085,0 18.4370465,-34.0534321,0 18.4370401,-34.0534328,0 18.4370124,-34.0534358,0 18.4367706,-34.0534618,0 18.4367693,-34.0534619,0 18.4369374,-34.0518854,0 18.4360069,-34.0516321,0 18.4341272,-34.0511035,0 18.4332859,-34.0504884,0 18.432801,-34.0501339,0 18.4307472,-34.050428,0 18.4307143,-34.0504327,0 18.4306748,-34.0504387,0 18.4305349,-34.0504599,0 18.4296942,-34.0505869,0 18.429014,-34.0509107,0 18.4282014,-34.0523004,0 18.4274602,-34.0535743,0 18.4267707,-34.0532998,0 18.426315,-34.0531186,0 18.4258452,-34.0529319,0 18.4258462,-34.0529306,0 18.4259668,-34.0527788,0 18.4260857,-34.0526299,0 18.4269154,-34.0515896,0 18.4238268,-34.0501177,0 18.4235843,-34.0500036,0 18.4226794,-34.0495726,0 18.4223298,-34.050182,0 18.4206364,-34.0531343,0 18.4205385,-34.0533049,0 18.420328,-34.053672,0 18.4201421,-34.0539961,0 18.4198759,-34.0544601,0 18.4199115,-34.0546533,0 18.4199297,-34.0547516,0 18.4199572,-34.0549007,0 18.4200168,-34.055224,0 18.4200422,-34.0553615,0 18.420055,-34.0554309,0 18.4200674,-34.0554984,0 18.4200994,-34.055672,0 18.4201284,-34.0558288,0 18.4201642,-34.0560231,0 18.4203783,-34.0571837,0 18.4204169,-34.0572017,0 18.4217435,-34.0578232,0 18.4215501,-34.0580933,0 18.4214109,-34.0582878,0 18.4213246,-34.0584084,0 18.4213185,-34.0584087,0 18.4213147,-34.0584088,0 18.4213097,-34.058409,0 18.4206773,-34.0584338,0 18.4201659,-34.0584538,0 18.4191565,-34.0584933,0 18.4189444,-34.0585015,0 18.41866,-34.0585122,0 18.418656,-34.0585126,0 18.4186528,-34.058513,0 18.4185881,-34.0585147,0 18.418553,-34.058516,0 18.4185117,-34.0585177,0 18.4185072,-34.0585178,0 18.4184622,-34.0585198,0 18.4184201,-34.0585215,0 18.4182608,-34.0585277,0 18.418153,-34.0585318,0 18.4180233,-34.0585369,0 18.4176674,-34.0586693,0 18.4175964,-34.0597711,0 18.4190628,-34.0597491,0 18.4202082,-34.0598169,0 18.4195324,-34.0602966,0 18.4188286,-34.0603795,0 18.4182612,-34.0605106,0 18.4182039,-34.0605358,0 18.4181079,-34.060619,0 18.418078,-34.0606662,0 18.4180548,-34.0607268,0 18.4180387,-34.0609318,0 18.4180105,-34.0609993,0 18.4179445,-34.0610486,0 18.4176979,-34.0611736,0 18.4174039,-34.0612917,0 18.4161179,-34.0619667,0 18.4160398,-34.0612659,0 18.4161904,-34.0603315,0 18.4162825,-34.0600894,0 18.4165612,-34.0601061,0 18.41659,-34.0597162,0 18.4157316,-34.0596619,0 18.4158247,-34.0585211,0 18.4151371,-34.058466,0 18.4147028,-34.0585045,0 18.4143406,-34.0584965,0 18.4140851,-34.0584553,0 18.4136663,-34.0583481,0 18.4127492,-34.0582745,0 18.4127568,-34.0582241,0 18.4128473,-34.0576238,0 18.4129702,-34.0568084,0 18.4129973,-34.0555004,0 18.4130291,-34.0539672,0 18.413032,-34.0538244,0 18.413117,-34.0497211,0 18.4029704,-34.0501096,0 18.4056832,-34.0472945,0 18.4008182,-34.0358541,0 18.3999381,-34.033815,0 18.400979,-34.0313474,0 18.4012476,-34.0307054,0 18.4028616,-34.026849,0 18.4033263,-34.0257383,0 18.4083101,-34.0292092,0 18.4091152,-34.028161,0 18.4094335,-34.0274551,0 18.4099924,-34.0267511,0 18.410618,-34.0263771,0 18.413107,-34.0273113,0 18.4133558,-34.0271978,0 18.4138063,-34.0269922,0 18.414369,-34.0274669,0 18.4153317,-34.0274418,0 18.414853,-34.0264989,0 18.4156957,-34.0255057,0 18.4142441,-34.026199,0 18.4140092,-34.0258574,0 18.4143959,-34.0256725,0 18.4151202,-34.0246835,0 18.4151,-34.0244564,0 18.4138928,-34.0249455,0 18.4135946,-34.0245148,0 18.4134597,-34.0244983,0 18.4135004,-34.0242661,0 18.4134708,-34.0240459,0 18.412565,-34.0233614,0 18.4107247,-34.0228881,0 18.4063077,-34.0222911,0 18.4040236,-34.0200057,0 18.4038501,-34.019964,0 18.4030554,-34.0197731,0</coordinates></LinearRing></outerBoundaryIs>
        </Polygon>
        <Polygon>
          <altitudeMode>clampToGround</altitudeMode>
          <outerBoundaryIs><LinearRing><coordinates>18.35107,-33.98757,0 18.35105,-33.98736,0 18.35122,-33.98724,0 18.35125,-33.9871,0 18.35112,-33.98686,0 18.35094,-33.98681,0 18.35065,-33.98707,0 18.35051,-33.98696,0 18.35057,-33.98675,0 18.35061,-33.98659,0 18.35031,-33.9865,0 18.34977,-33.98639,0 18.34969,-33.98646,0 18.34975,-33.98656,0 18.34976,-33.98683,0 18.35004,-33.987,0 18.34997,-33.98715,0 18.3500364,-33.9872638,0 18.3499412,-33.9873191,0 18.3497886,-33.9873705,0 18.3495939,-33.9873633,0 18.3495027,-33.9872804,0 18.34955,-33.98717,0 18.34919,-33.98673,0 18.34857,-33.98686,0 18.3485,-33.98708,0 18.34851,-33.98735,0 18.34868,-33.98746,0 18.34863,-33.98753,0 18.34842,-33.98747,0 18.34845,-33.98759,0 18.34857,-33.98776,0 18.34853,-33.98787,0 18.34844,-33.9879,0 18.34823,-33.9878,0 18.34803,-33.98771,0 18.34777,-33.98781,0 18.34774,-33.98801,0 18.34796,-33.98814,0 18.34846,-33.9882,0 18.34855,-33.98828,0 18.34851,-33.98837,0 18.3480934,-33.9887099,0 18.3479017,-33.9888677,0 18.3476439,-33.988961,0 18.347142,-33.988961,0 18.3470979,-33.9891788,0 18.3469249,-33.9893889,0 18.3466379,-33.9895566,0 18.3462837,-33.9897799,0 18.3458249,-33.9899277,0 18.3455614,-33.9898987,0 18.3452737,-33.9901522,0 18.3451791,-33.9904721,0 18.3447498,-33.9907377,0 18.3443923,-33.9909389,0 18.3441674,-33.9910554,0 18.3437833,-33.9916032,0 18.3437938,-33.9920078,0 18.3438389,-33.9925033,0 18.3435582,-33.9932488,0 18.3436206,-33.9938111,0 18.3437633,-33.9943434,0 18.3439664,-33.9947635,0 18.3440823,-33.9950277,0 18.3442235,-33.9952889,0 18.3442786,-33.9955089,0 18.3442387,-33.9958056,0 18.3444857,-33.9960568,0 18.344545,-33.9962401,0 18.3444823,-33.9964623,0 18.3442581,-33.9969199,0 18.3443918,-33.9973977,0 18.3442291,-33.99786,0 18.3437303,-33.9980543,0 18.3426981,-33.9985832,0 18.3422815,-33.9989843,0 18.3419911,-33.99942,0 18.3419647,-33.99976,0 18.3419562,-34.0003001,0 18.3418347,-34.0005778,0 18.3416818,-34.0009324,0 18.3416167,-34.0012457,0 18.3415108,-34.001539,0 18.3415845,-34.0018978,0 18.341773,-34.0023,0 18.3421807,-34.0028505,0 18.3423903,-34.0031274,0 18.3426,-34.00344,0 18.34292,-34.00383,0 18.34294,-34.00414,0 18.3423389,-34.0044322,0 18.3418125,-34.0045666,0 18.3419227,-34.0048644,0 18.3419588,-34.0050621,0 18.3417149,-34.0053133,0 18.3417653,-34.0056122,0 18.3417634,-34.005858,0 18.3418807,-34.0066684,0 18.3416397,-34.0071459,0 18.342269,-34.0069672,0 18.3424047,-34.0066602,0 18.3433216,-34.0065525,0 18.344387,-34.0063465,0 18.3445815,-34.0063057,0 18.3456768,-34.0059065,0 18.3467965,-34.0053974,0 18.346935,-34.0053784,0 18.3473382,-34.0053269,0 18.3474644,-34.0053108,0 18.3475127,-34.0053046,0 18.3475844,-34.0052954,0 18.3475837,-34.0054029,0 18.3475614,-34.0055104,0 18.3475445,-34.005554,0 18.3475501,-34.0056542,0 18.3475421,-34.0061338,0 18.3475133,-34.0061683,0 18.3475132,-34.0061843,0 18.3475168,-34.0065768,0 18.347529,-34.0066991,0 18.3475559,-34.0067853,0 18.34844,-34.0079823,0 18.3487566,-34.0078536,0 18.3489484,-34.0083828,0 18.3489406,-34.0085902,0 18.3581492,-34.0090091,0 18.3645365,-34.0089273,0 18.3647204,-34.0094263,0 18.3678119,-34.0094204,0 18.3687326,-34.0116483,0 18.370187,-34.0118002,0 18.3701836,-34.0104159,0 18.3709043,-34.0102979,0 18.3710978,-34.010354,0 18.3719599,-34.0103713,0 18.3727129,-34.0105292,0 18.3734638,-34.0105239,0 18.3742828,-34.010588,0 18.3746082,-34.0105024,0 18.3750373,-34.010114,0 18.3748157,-34.0094076,0 18.3780936,-34.0083214,0 18.3784497,-34.0082038,0 18.3788196,-34.0080817,0 18.379862,-34.0092943,0 18.3816405,-34.0078605,0 18.3817157,-34.0078028,0 18.3817302,-34.0077606,0 18.3819378,-34.0075102,0 18.3822411,-34.0072204,0 18.3827108,-34.0069724,0 18.3827225,-34.0069844,0 18.3836169,-34.006257,0 18.3848166,-34.0070247,0 18.3858586,-34.0076987,0 18.3858961,-34.007723,0 18.3885896,-34.0100237,0 18.3887084,-34.010125,0 18.3923711,-34.010134,0 18.3938618,-34.0113437,0 18.3944886,-34.0118574,0 18.3988376,-34.0086289,0 18.4014296,-34.0090364,0 18.405129,-34.0118296,0 18.4051858,-34.011816,0 18.4053477,-34.0117586,0 18.4054026,-34.0117575,0 18.4055357,-34.0117692,0 18.4055722,-34.0117563,0 18.4061182,-34.0097748,0 18.4061186,-34.0097733,0 18.4063146,-34.0098083,0 18.4064588,-34.0098261,0 18.4074827,-34.0092474,0 18.4075046,-34.0090507,0 18.4075634,-34.0088363,0 18.4076329,-34.0087222,0 18.4077767,-34.008637,0 18.4079261,-34.0085709,0 18.4080808,-34.0085717,0 18.408304,-34.0085918,0 18.4085164,-34.0086631,0 18.408624,-34.0087126,0 18.4087783,-34.0087563,0 18.4089558,-34.0087667,0 18.4091394,-34.0087342,0 18.4093227,-34.0087351,0 18.4095574,-34.0087505,0 18.4097232,-34.008799,0 18.4098776,-34.0088379,0 18.4100721,-34.0088818,0 18.4102036,-34.0089062,0 18.4105931,-34.0089129,0 18.4108739,-34.0088999,0 18.4110292,-34.0088148,0 18.4111292,-34.0087051,0 18.4102071,-34.0077104,0 18.4127782,-34.0072682,0 18.4153868,-34.0068148,0 18.4159102,-34.0073561,0 18.4160548,-34.00753,0 18.4161528,-34.0076839,0 18.4164095,-34.0079486,0 18.4165734,-34.0080537,0 18.41667,-34.008075,0 18.4167845,-34.0080756,0 18.4169351,-34.0080465,0 18.4170499,-34.0080082,0 18.4171363,-34.0079341,0 18.4172015,-34.007836,0 18.4172416,-34.0077199,0 18.4173222,-34.007452,0 18.4173803,-34.007333,0 18.4174922,-34.0071964,0 18.417586,-34.0071014,0 18.4177011,-34.0070244,0 18.4178412,-34.0069535,0 18.4181173,-34.0068803,0 18.4184149,-34.0068221,0 18.4194368,-34.0065854,0 18.4196559,-34.0064791,0 18.4198394,-34.0063458,0 18.4202211,-34.0060286,0 18.4211099,-34.0053619,0 18.4226792,-34.0041289,0 18.4232334,-34.0036992,0 18.4235752,-34.0034444,0 18.4245146,-34.0026944,0 18.4246227,-34.0026025,0 18.4247021,-34.0025075,0 18.4247313,-34.0024212,0 18.4247899,-34.0021694,0 18.4247877,-34.0020855,0 18.4247391,-34.0018162,0 18.4247332,-34.0016616,0 18.424709,-34.0015126,0 18.4247257,-34.0014211,0 18.4247812,-34.0013374,0 18.4248826,-34.0012501,0 18.4249619,-34.0011913,0 18.4255346,-34.0009273,0 18.4258619,-34.0008096,0 18.4262152,-34.0006562,0 18.4263304,-34.0005637,0 18.4264112,-34.0004711,0 18.4264806,-34.0003688,0 18.4265649,-34.0001903,0 18.4270772,-33.9989619,0 18.4271097,-33.9988046,0 18.4271038,-33.9987489,0 18.427075,-33.9986641,0 18.4270188,-33.9985877,0 18.4269498,-33.9985323,0 18.4265782,-33.9983401,0 18.4262816,-33.9981575,0 18.4261875,-33.9980855,0 18.4257185,-33.9975348,0 18.4255317,-33.9972033,0 18.4254851,-33.9971139,0 18.4254698,-33.9970404,0 18.4254672,-33.9969669,0 18.4254945,-33.9968279,0 18.4218818,-33.992984,0 18.4221331,-33.9915027,0 18.4219164,-33.988224,0 18.4222041,-33.9881555,0 18.4258726,-33.9872824,0 18.4231341,-33.985712,0 18.4308244,-33.9774268,0 18.4342653,-33.9744282,0 18.4388712,-33.9775482,0 18.4396737,-33.9780918,0 18.4413901,-33.9792544,0 18.4455811,-33.9749023,0 18.445815,-33.9750738,0 18.4462521,-33.9753943,0 18.4471792,-33.9760741,0 18.4473358,-33.9758986,0 18.4475835,-33.9760869,0 18.4478181,-33.9760895,0 18.4477811,-33.9759432,0 18.4475413,-33.9749941,0 18.4474638,-33.9745106,0 18.4476223,-33.9738089,0 18.4476612,-33.9736364,0 18.4478637,-33.9734185,0 18.4481949,-33.9730819,0 18.4482726,-33.9729697,0 18.4484392,-33.9727291,0 18.4490105,-33.9721981,0 18.4498127,-33.9714912,0 18.4502796,-33.9710515,0 18.4507628,-33.9707638,0 18.4513491,-33.9705357,0 18.4524621,-33.9697648,0 18.4534569,-33.9690484,0 18.4543313,-33.968312,0 18.4555394,-33.9672305,0 18.4556035,-33.9671824,0 18.4567681,-33.9663042,0 18.4568908,-33.9661639,0 18.4572046,-33.9659163,0 18.4577303,-33.9654802,0 18.4578762,-33.9653727,0 18.4579385,-33.9650729,0 18.4584482,-33.9643184,0 18.4585854,-33.9641223,0 18.4588744,-33.9637825,0 18.4589724,-33.9635382,0 18.4586883,-33.963458,0 18.4586411,-33.9634272,0 18.4586544,-33.9633933,0 18.4586705,-33.9633582,0 18.4587343,-33.9633331,0 18.4588908,-33.9630447,0 18.4591252,-33.9628785,0 18.4593352,-33.9628483,0 18.4594973,-33.9627354,0 18.4595114,-33.9627187,0 18.459651,-33.962424,0 18.4597921,-33.9620103,0 18.4599994,-33.9615334,0 18.4600304,-33.9614622,0 18.4593466,-33.9612596,0 18.4596392,-33.960603,0 18.4560306,-33.958928,0 18.4586559,-33.955168,0 18.4586747,-33.9551082,0 18.4589198,-33.9543281,0 18.4589297,-33.9542967,0 18.4589398,-33.9542646,0 18.4603961,-33.9546172,0 18.4606253,-33.9536221,0 18.4613089,-33.9532367,0 18.4621716,-33.9533265,0 18.4630799,-33.9536148,0 18.4631937,-33.9533262,0 18.4632397,-33.9529737,0 18.4633231,-33.9527768,0 18.4634843,-33.9526233,0 18.4638125,-33.9525723,0 18.4638447,-33.9525803,0 18.4640146,-33.9526261,0 18.4642167,-33.9527814,0 18.4643226,-33.9529667,0 18.4643375,-33.9531047,0 18.4643555,-33.9532175,0 18.4644335,-33.953308,0 18.4645719,-33.9533756,0 18.4647533,-33.9533775,0 18.4648613,-33.9533422,0 18.4649444,-33.9532591,0 18.4650204,-33.9531452,0 18.4653219,-33.9526133,0 18.4654933,-33.9523242,0 18.4657721,-33.9520448,0 18.4659042,-33.951773,0 18.4665773,-33.9503876,0 18.4667129,-33.9500959,0 18.4667942,-33.9499208,0 18.4668654,-33.9495523,0 18.4668613,-33.9494553,0 18.4668507,-33.9492059,0 18.4663797,-33.9471698,0 18.4662452,-33.9468411,0 18.4655641,-33.9451762,0 18.4652279,-33.9447352,0 18.4649521,-33.9443782,0 18.4646037,-33.9440946,0 18.464185,-33.9437993,0 18.4638101,-33.9436378,0 18.46356,-33.9435473,0 18.4631506,-33.9434654,0 18.4626076,-33.9434137,0 18.4608536,-33.9435085,0 18.4599874,-33.943543,0 18.4594228,-33.9434999,0 18.4590096,-33.9433879,0 18.4584873,-33.9430808,0 18.4581514,-33.9427439,0 18.4579403,-33.9424397,0 18.4576386,-33.9417976,0 18.4574576,-33.9413882,0 18.4571172,-33.9410176,0 18.4567121,-33.9407978,0 18.4560182,-33.9405435,0 18.4553675,-33.9403367,0 18.4549796,-33.9402462,0 18.4544366,-33.9402375,0 18.4539582,-33.9402893,0 18.4525533,-33.9405047,0 18.4516354,-33.9404487,0 18.4511857,-33.9404086,0 18.4506829,-33.9404272,0 18.4498253,-33.9406254,0 18.4491013,-33.9405823,0 18.4487781,-33.9404229,0 18.4481575,-33.9397506,0 18.4478084,-33.9394446,0 18.4473732,-33.9391731,0 18.4468431,-33.9389921,0 18.4459467,-33.938699,0 18.4449555,-33.9383801,0 18.4445245,-33.9382896,0 18.4440375,-33.938281,0 18.4432403,-33.9383629,0 18.4428136,-33.9384922,0 18.4422103,-33.9387464,0 18.4419991,-33.9389188,0 18.4418181,-33.9390524,0 18.4415768,-33.9390912,0 18.4413656,-33.9390869,0 18.4411242,-33.9390352,0 18.4408872,-33.9389403,0 18.4405511,-33.9387292,0 18.4402451,-33.9384965,0 18.4399219,-33.9383284,0 18.4396245,-33.9382379,0 18.4392884,-33.9381948,0 18.4381765,-33.9381086,0 18.4374611,-33.9380138,0 18.4372197,-33.9379362,0 18.4365601,-33.9375677,0 18.4363182,-33.9375528,0 18.4361245,-33.9374581,0 18.4359357,-33.9373925,0 18.4358359,-33.9373642,0 18.4357354,-33.9373416,0 18.4355493,-33.9373094,0 18.4354624,-33.9373021,0 18.43522,-33.9372945,0 18.4350698,-33.9372775,0 18.4349218,-33.9372448,0 18.4347725,-33.9371936,0 18.4346303,-33.9371233,0 18.4344878,-33.9370299,0 18.4343746,-33.9369378,0 18.4343509,-33.9369124,0 18.4337751,-33.9372231,0 18.4337037,-33.9372616,0 18.4333232,-33.9375528,0 18.4328643,-33.9382584,0 18.4333525,-33.938614,0 18.4335104,-33.9387289,0 18.4323497,-33.9392132,0 18.4317413,-33.9406296,0 18.4316569,-33.9407185,0 18.4313676,-33.9409259,0 18.4312428,-33.9409711,0 18.4285579,-33.9414306,0 18.4282422,-33.9415267,0 18.4277175,-33.9418553,0 18.4272134,-33.9422677,0 18.4265257,-33.9425931,0 18.4262239,-33.9426555,0 18.4256806,-33.9427677,0 18.4247525,-33.9432456,0 18.4244594,-33.943502,0 18.4244255,-33.9434894,0 18.4243228,-33.9435379,0 18.4242719,-33.9439572,0 18.4238282,-33.9443441,0 18.4234729,-33.9448359,0 18.4233841,-33.9453468,0 18.4229064,-33.9456461,0 18.4225246,-33.9461631,0 18.421719,-33.9468488,0 18.4211869,-33.9471459,0 18.420908,-33.9477806,0 18.420194,-33.946833,0 18.4201258,-33.9467425,0 18.4200957,-33.9467023,0 18.4196522,-33.9453854,0 18.417542,-33.9453435,0 18.4170315,-33.9453334,0 18.4170185,-33.9453368,0 18.4169829,-33.945346,0 18.4170419,-33.9455091,0 18.4171061,-33.9464531,0 18.4172192,-33.9473346,0 18.4171911,-33.9476566,0 18.4171864,-33.9476544,0 18.4165141,-33.9472618,0 18.4164078,-33.9472045,0 18.4163327,-33.9470644,0 18.4165042,-33.9469826,0 18.4154213,-33.946737,0 18.4154077,-33.9467901,0 18.4154859,-33.9469183,0 18.415429,-33.9469822,0 18.4124353,-33.9468249,0 18.4121835,-33.9465648,0 18.4120967,-33.946483,0 18.4120005,-33.9464082,0 18.4118503,-33.9463791,0 18.4104351,-33.9460418,0 18.41032,-33.9460238,0 18.4102033,-33.9460223,0 18.4098375,-33.946047,0 18.409642,-33.9460273,0 18.4094469,-33.9459264,0 18.4092449,-33.9457564,0 18.409148,-33.9456837,0 18.4090401,-33.9456218,0 18.4088848,-33.9455535,0 18.4084695,-33.9454038,0 18.4072414,-33.9449597,0 18.4070179,-33.9448795,0 18.4072866,-33.944284,0 18.4072406,-33.944276,0 18.4068795,-33.9442151,0 18.4055606,-33.9439343,0 18.4056338,-33.9436854,0 18.4043811,-33.9435436,0 18.4042019,-33.9435402,0 18.4039181,-33.9434147,0 18.4036513,-33.9430683,0 18.4024283,-33.9422842,0 18.4015763,-33.9422763,0 18.4011584,-33.9420826,0 18.4009403,-33.9412828,0 18.3997055,-33.9414364,0 18.3988325,-33.9417322,0 18.3977187,-33.9421921,0 18.3977372,-33.9422962,0 18.3965587,-33.942231,0 18.3966434,-33.9416639,0 18.3962821,-33.9417512,0 18.3958645,-33.9417955,0 18.395944,-33.9418545,0 18.3958912,-33.9418799,0 18.3956157,-33.94188,0 18.3954649,-33.9420199,0 18.3952936,-33.9418924,0 18.395276,-33.9418815,0 18.3951836,-33.9418245,0 18.3951513,-33.9418046,0 18.3954538,-33.9415299,0 18.3957863,-33.9412037,0 18.3962442,-33.9407036,0 18.3964124,-33.9404986,0 18.3964594,-33.9404261,0 18.3964866,-33.9403685,0 18.3965119,-33.9402887,0 18.3965238,-33.9402068,0 18.3965239,-33.9401449,0 18.3965075,-33.9400428,0 18.3964183,-33.9397387,0 18.3964088,-33.9396562,0 18.3964106,-33.9395942,0 18.3964247,-33.9395123,0 18.396452,-33.9394328,0 18.3965038,-33.9393389,0 18.3965586,-33.9392699,0 18.3966419,-33.9391933,0 18.396719,-33.9391412,0 18.3968039,-33.9390982,0 18.3969184,-33.9390587,0 18.3969904,-33.9390429,0 18.397064,-33.9390333,0 18.3974596,-33.9390161,0 18.3975917,-33.9389891,0 18.3976929,-33.9389555,0 18.3978109,-33.9388994,0 18.3979173,-33.9388288,0 18.3980094,-33.9387454,0 18.398085,-33.9386511,0 18.3981422,-33.9385483,0 18.3981798,-33.9384393,0 18.398195,-33.9383495,0 18.3981953,-33.9382362,0 18.3981852,-33.9381687,0 18.3981395,-33.9380404,0 18.3980693,-33.9378978,0 18.3980296,-33.9378468,0 18.3979666,-33.9377216,0 18.3979522,-33.9376671,0 18.3979585,-33.9376139,0 18.3979826,-33.9375683,0 18.3980378,-33.9375215,0 18.3981169,-33.9374625,0 18.3981989,-33.9374085,0 18.3984662,-33.937272,0 18.3993586,-33.936971,0 18.3994536,-33.9369313,0 18.3995449,-33.9368863,0 18.3996885,-33.9368002,0 18.3998456,-33.9366824,0 18.4005388,-33.936215,0 18.4002465,-33.9359883,0 18.4001842,-33.9352455,0 18.4001353,-33.9352469,0 18.4000899,-33.935242,0 18.4000317,-33.9352264,0 18.3999786,-33.9352012,0 18.3999371,-33.9351707,0 18.3999004,-33.935132,0 18.3998487,-33.9350627,0 18.3997343,-33.9349584,0 18.3994044,-33.9350501,0 18.3986415,-33.9351336,0 18.3980677,-33.9351965,0 18.3974823,-33.9338838,0 18.397909,-33.9329131,0 18.3979391,-33.932761,0 18.3978882,-33.9324408,0 18.3971973,-33.9312656,0 18.3970851,-33.9308577,0 18.3969943,-33.9300717,0 18.3978676,-33.9283976,0 18.3983446,-33.9278796,0 18.3987244,-33.927662,0 18.39886,-33.9275843,0 18.3996244,-33.9271463,0 18.3998444,-33.9264457,0 18.3997419,-33.9260049,0 18.3998351,-33.9258954,0 18.4000573,-33.9256343,0 18.4006106,-33.9255968,0 18.4006768,-33.9255754,0 18.4011987,-33.9254069,0 18.4015783,-33.9252858,0 18.4019605,-33.9251627,0 18.4023511,-33.9246969,0 18.4023823,-33.9243,0 18.4023051,-33.9239797,0 18.4030771,-33.9244317,0 18.4032975,-33.9241636,0 18.4045651,-33.9226498,0 18.4050444,-33.9235896,0 18.4052927,-33.9238175,0 18.4053423,-33.923958,0 18.4052995,-33.9240957,0 18.405356,-33.9241896,0 18.4053751,-33.9241837,0 18.4054603,-33.924321,0 18.4055106,-33.9244254,0 18.406265,-33.9246394,0 18.406699,-33.9238524,0 18.407556,-33.9235925,0 18.4075857,-33.9235834,0 18.4080391,-33.9234458,0 18.4085805,-33.9236542,0 18.408711,-33.923735,0 18.4088318,-33.9238099,0 18.4090174,-33.9238455,0 18.4091328,-33.9238679,0 18.4091973,-33.923844,0 18.409777,-33.9234,0 18.4098736,-33.9231101,0 18.4100568,-33.9225604,0 18.4101577,-33.9224688,0 18.4107719,-33.9226379,0 18.410761,-33.922483,0 18.4107858,-33.9223462,0 18.4105926,-33.9218681,0 18.4104722,-33.9216315,0 18.4102234,-33.9212688,0 18.4100524,-33.9210497,0 18.4099793,-33.920953,0 18.4101012,-33.9209357,0 18.4098127,-33.9203945,0 18.4096438,-33.9199104,0 18.409479,-33.9195439,0 18.4099471,-33.9192184,0 18.4102451,-33.9189479,0 18.4104308,-33.9186479,0 18.4104276,-33.9185084,0 18.4104172,-33.9180607,0 18.4104198,-33.9175232,0 18.410249,-33.9171451,0 18.4100296,-33.9168716,0 18.4107054,-33.9163886,0 18.4110704,-33.915894,0 18.4107818,-33.9158762,0 18.4092547,-33.915773,0 18.4093547,-33.9147445,0 18.4093549,-33.9147426,0 18.4093783,-33.9145017,0 18.4093785,-33.9144998,0 18.4101318,-33.9145508,0 18.4102981,-33.9145621,0 18.4103036,-33.9145625,0 18.4107163,-33.9145903,0 18.4107179,-33.9145904,0 18.4109055,-33.9146032,0 18.41107,-33.9146141,0 18.4121895,-33.9146901,0 18.4126482,-33.9147213,0 18.412833,-33.9160037,0 18.4129026,-33.9161141,0 18.4133549,-33.9157843,0 18.413504,-33.91568,0 18.4147568,-33.9173161,0 18.415187,-33.9178091,0 18.4155666,-33.9182408,0 18.4157716,-33.918017,0 18.4163612,-33.9174816,0 18.4162203,-33.9173816,0 18.4164648,-33.9171804,0 18.4165071,-33.9171608,0 18.4161463,-33.9168008,0 18.4159419,-33.9165303,0 18.4152137,-33.9154349,0 18.4144131,-33.9142615,0 18.4140815,-33.9138465,0 18.414119,-33.9137864,0 18.4138617,-33.9133513,0 18.4136295,-33.9130789,0 18.4133045,-33.9127886,0 18.4123405,-33.9133138,0 18.4114798,-33.9137827,0 18.4114048,-33.9138619,0 18.4096455,-33.9133943,0 18.4095881,-33.9134747,0 18.4094943,-33.9134556,0 18.4094695,-33.9133407,0 18.4089572,-33.9132307,0 18.4074665,-33.9127998,0 18.4074737,-33.9127124,0 18.4052697,-33.9120999,0 18.40486,-33.9119901,0 18.4045884,-33.9119258,0 18.4043524,-33.9119069,0 18.4043567,-33.9118711,0 18.404071,-33.9118023,0 18.4038626,-33.9117887,0 18.4036544,-33.9117846,0 18.4034461,-33.9117905,0 18.4023729,-33.9119037,0 18.4009298,-33.9124199,0 18.3998904,-33.9132145,0 18.3998067,-33.9132403,0 18.3997438,-33.9132599,0 18.3996674,-33.9132495,0 18.399657,-33.9132477,0 18.3995898,-33.9132387,0 18.3993157,-33.9133579,0 18.3992215,-33.913399,0 18.3991101,-33.9134476,0 18.39892,-33.9135301,0 18.3987498,-33.9136047,0 18.3987258,-33.9136151,0 18.3986852,-33.9136328,0 18.3984165,-33.9137502,0 18.3983844,-33.9137642,0 18.3983771,-33.9137672,0 18.3983679,-33.9137712,0 18.398308,-33.9137976,0 18.398284,-33.9137838,0 18.3981509,-33.9137077,0 18.3976823,-33.9134404,0 18.3972976,-33.9137413,0 18.3972831,-33.9137489,0 18.3972513,-33.913748,0 18.3967571,-33.9141306,0 18.3963346,-33.9144637,0 18.396207,-33.9145799,0 18.3960948,-33.9147067,0 18.3960353,-33.9147873,0 18.395982,-33.9148707,0 18.3959351,-33.9149568,0 18.3958865,-33.9150659,0 18.3955475,-33.916113,0 18.3955311,-33.916154,0 18.3955053,-33.9162007,0 18.3954677,-33.9162985,0 18.3961425,-33.9166759,0 18.3963929,-33.9168155,0 18.3958697,-33.9174678,0 18.3929569,-33.9210337,0 18.3931714,-33.9212059,0 18.3929361,-33.9236118,0 18.3929644,-33.9236267,0 18.3929412,-33.92387,0 18.3929131,-33.9238564,0 18.3928827,-33.924183,0 18.3928384,-33.9246701,0 18.3919115,-33.9257224,0 18.3918177,-33.9258422,0 18.3909767,-33.9267892,0 18.3906165,-33.9271988,0 18.3903712,-33.9274777,0 18.389442,-33.9285341,0 18.389369,-33.92853,0 18.3893105,-33.9285018,0 18.3890587,-33.9285432,0 18.3889083,-33.9285683,0 18.3879387,-33.9287278,0 18.3877021,-33.9287666,0 18.3876021,-33.9287831,0 18.386916,-33.9290431,0 18.3863939,-33.9292409,0 18.3860058,-33.9293879,0 18.3858542,-33.9294454,0 18.3857516,-33.9294843,0 18.3853014,-33.9294491,0 18.3851832,-33.9294399,0 18.3848081,-33.9297254,0 18.3845301,-33.9299341,0 18.3841891,-33.9300798,0 18.3831856,-33.9305084,0 18.3830756,-33.9305554,0 18.3826021,-33.9306368,0 18.3823573,-33.9306817,0 18.3816263,-33.9317367,0 18.3810596,-33.9317677,0 18.3809347,-33.9317745,0 18.3795844,-33.931333,0 18.3792988,-33.9312252,0 18.3791965,-33.9311866,0 18.3783873,-33.9308811,0 18.3783049,-33.93085,0 18.3782802,-33.9308408,0 18.3779467,-33.9307168,0 18.3776604,-33.9306103,0 18.3770417,-33.9303803,0 18.3770503,-33.9306437,0 18.3772171,-33.9309192,0 18.3772847,-33.9310596,0 18.3774983,-33.9314139,0 18.3780465,-33.9317973,0 18.3790166,-33.9322308,0 18.379789,-33.9323985,0 18.3798973,-33.9324329,0 18.3800003,-33.932505,0 18.3801167,-33.9326529,0 18.3801424,-33.9327481,0 18.380201,-33.9328342,0 18.3802262,-33.9329343,0 18.3801679,-33.9329794,0 18.3805228,-33.9331648,0 18.3812755,-33.9371596,0 18.3796742,-33.9370345,0 18.3796168,-33.9372257,0 18.3792135,-33.9379209,0 18.3791002,-33.9380762,0 18.3786043,-33.9386156,0 18.3785368,-33.9387524,0 18.3784639,-33.9389639,0 18.3784625,-33.9391186,0 18.3785354,-33.9392787,0 18.3786523,-33.9394203,0 18.3788931,-33.9396008,0 18.379088,-33.9398141,0 18.3794274,-33.9398862,0 18.3792973,-33.940134,0 18.3791331,-33.940157,0 18.3789338,-33.9401586,0 18.3786092,-33.9402336,0 18.3783775,-33.9403685,0 18.3782759,-33.9404862,0 18.3782101,-33.9406017,0 18.3781772,-33.9407414,0 18.3786224,-33.9409182,0 18.3790586,-33.940961,0 18.379084,-33.9411344,0 18.379231,-33.9433243,0 18.3796762,-33.9435358,0 18.3802045,-33.9437255,0 18.3803661,-33.9437614,0 18.3805443,-33.943761,0 18.3802044,-33.9442914,0 18.3795568,-33.9453799,0 18.3787186,-33.9460456,0 18.3787851,-33.9461286,0 18.3796121,-33.9455651,0 18.3804398,-33.9453587,0 18.3805347,-33.9456908,0 18.3809585,-33.9455929,0 18.3812952,-33.9453659,0 18.3818335,-33.9452724,0 18.3818765,-33.9453759,0 18.3825111,-33.9453347,0 18.3825182,-33.9453343,0 18.3825988,-33.945329,0 18.3827352,-33.94532,0 18.3829205,-33.945308,0 18.3830718,-33.9452938,0 18.3845288,-33.9452945,0 18.3857556,-33.9454214,0 18.3875187,-33.945597,0 18.3876028,-33.9456182,0 18.3876794,-33.9456379,0 18.3880949,-33.9457448,0 18.388201,-33.9457721,0 18.3882268,-33.9457787,0 18.388258,-33.9458491,0 18.388707,-33.945711,0 18.388865,-33.9457795,0 18.3892303,-33.9459365,0 18.3893715,-33.9459973,0 18.3895331,-33.9460666,0 18.3895803,-33.9460278,0 18.3896299,-33.9459871,0 18.3896704,-33.945955,0 18.3899466,-33.9457318,0 18.3903813,-33.9460147,0 18.390596,-33.9461544,0 18.3908645,-33.9463291,0 18.3913421,-33.9466398,0 18.3915305,-33.9467624,0 18.3915739,-33.9467906,0 18.3915883,-33.9468004,0 18.3915116,-33.9469262,0 18.3906297,-33.9483678,0 18.3902876,-33.9483677,0 18.3898156,-33.9485868,0 18.3897226,-33.9491208,0 18.3895436,-33.9494838,0 18.3890415,-33.9500498,0 18.3888876,-33.9504488,0 18.3886265,-33.9507648,0 18.388573,-33.9508537,0 18.3891373,-33.951148,0 18.3900327,-33.951688,0 18.3898778,-33.9520149,0 18.3897107,-33.9519542,0 18.3896751,-33.9521481,0 18.3895648,-33.9528175,0 18.3894322,-33.953254,0 18.3888072,-33.9539719,0 18.3886483,-33.9542664,0 18.3885993,-33.9544597,0 18.3884875,-33.9553301,0 18.388576,-33.9558073,0 18.388485,-33.9561617,0 18.3883857,-33.9567201,0 18.388398,-33.9568996,0 18.3887849,-33.9580284,0 18.3888103,-33.958315,0 18.3887401,-33.9586099,0 18.3886159,-33.9588307,0 18.3881546,-33.9587781,0 18.3879203,-33.9589237,0 18.3877666,-33.9594769,0 18.3878534,-33.9597124,0 18.3877593,-33.959967,0 18.3868442,-33.9603263,0 18.3865799,-33.9601257,0 18.3862108,-33.9602862,0 18.3863953,-33.9606421,0 18.3861972,-33.960763,0 18.3858798,-33.9613234,0 18.3856774,-33.9615017,0 18.3855278,-33.9618668,0 18.3855325,-33.9621504,0 18.3852396,-33.9627257,0 18.3847954,-33.9629107,0 18.3842945,-33.9629249,0 18.3837689,-33.9635691,0 18.3835447,-33.9639624,0 18.3835755,-33.9643883,0 18.3833057,-33.9649551,0 18.3827766,-33.9655798,0 18.3825699,-33.9659109,0 18.3824874,-33.9664696,0 18.3826064,-33.9669753,0 18.3824251,-33.9680585,0 18.3819766,-33.9679003,0 18.3819041,-33.9680081,0 18.3822459,-33.9683276,0 18.3819685,-33.9685045,0 18.3811348,-33.9688613,0 18.3809924,-33.9690898,0 18.3837316,-33.9702753,0 18.3845936,-33.9706483,0 18.3841449,-33.9735088,0 18.3815129,-33.9763719,0 18.3774891,-33.9774321,0 18.3715448,-33.9855048,0 18.3697293,-33.992095,0 18.3636072,-33.9927278,0 18.361901,-33.9949222,0 18.3584313,-33.9963991,0 18.3578144,-33.995735,0 18.3494561,-33.9882149,0 18.3509357,-33.9883362,0 18.35158,-33.9880464,0 18.3511372,-33.9876306,0 18.35107,-33.98757,0</coordinates></LinearRing></outerBoundaryIs>
        </Polygon>
        <Polygon>
          <altitudeMode>clampToGround</altitudeMode>
          <outerBoundaryIs><LinearRing><coordinates>18.3190958,-34.1490138,0 18.31933,-34.14952,0 18.31958,-34.14982,0 18.3200909,-34.1503309,0 18.3208367,-34.1501713,0 18.3218221,-34.1499605,0 18.32394,-34.1495075,0 18.3240151,-34.1494927,0 18.3244777,-34.1498789,0 18.32482,-34.1502684,0 18.3256756,-34.1512435,0 18.3260839,-34.1516581,0 18.3262586,-34.1519295,0 18.3265937,-34.1525033,0 18.3266882,-34.1526435,0 18.3267969,-34.1527689,0 18.3269556,-34.1528957,0 18.3271659,-34.153027,0 18.3274048,-34.1531406,0 18.327649,-34.1532158,0 18.3282711,-34.1533796,0 18.3285171,-34.1534666,0 18.3287168,-34.1535699,0 18.3288754,-34.153679,0 18.3297025,-34.1545523,0 18.3304209,-34.155228,0 18.3309521,-34.155731,0 18.331093,-34.1558859,0 18.3312409,-34.1561042,0 18.3313354,-34.1562915,0 18.3314049,-34.1564907,0 18.3314762,-34.1567872,0 18.3315582,-34.1570822,0 18.3319985,-34.1581649,0 18.3321714,-34.1586104,0 18.3322677,-34.1587948,0 18.3325672,-34.159255,0 18.3329576,-34.1597285,0 18.3330645,-34.1598671,0 18.3332535,-34.1601769,0 18.3335761,-34.160733,0 18.3336706,-34.1609203,0 18.3338096,-34.1612891,0 18.3339059,-34.161531,0 18.334102,-34.1618053,0 18.3344585,-34.16218,0 18.3346831,-34.1623599,0 18.3349345,-34.1625384,0 18.3352767,-34.1627198,0 18.3370664,-34.1634942,0 18.3372679,-34.1635812,0 18.3374551,-34.1636963,0 18.337603,-34.1638202,0 18.3377224,-34.1639338,0 18.3378169,-34.1640591,0 18.3379542,-34.164273,0 18.3380629,-34.1644087,0 18.3381984,-34.1645164,0 18.3383464,-34.1646078,0 18.33848,-34.1646712,0 18.3386601,-34.1647273,0 18.3387991,-34.1647568,0 18.339243,-34.164801,0 18.3398794,-34.1648556,0 18.3400933,-34.1648689,0 18.3403179,-34.1648659,0 18.3405158,-34.1648453,0 18.3414338,-34.164658,0 18.3417992,-34.164599,0 18.3419632,-34.164599,0 18.3421575,-34.1646122,0 18.3423625,-34.1646521,0 18.3425194,-34.1646919,0 18.3426834,-34.1647701,0 18.3429615,-34.1649176,0 18.3447191,-34.1660872,0 18.3452486,-34.1664589,0 18.3454464,-34.1666167,0 18.3456015,-34.1667671,0 18.3457299,-34.1669191,0 18.34586,-34.1671079,0 18.3459438,-34.1672627,0 18.3460293,-34.1674427,0 18.3460935,-34.1676226,0 18.3461417,-34.1678379,0 18.3461702,-34.1680872,0 18.3462486,-34.1689294,0 18.3462771,-34.1691226,0 18.3463253,-34.1692981,0 18.3463948,-34.1694308,0 18.346491,-34.1695621,0 18.3466016,-34.1696904,0 18.3467139,-34.1697937,0 18.347008,-34.1700267,0 18.3471649,-34.1701461,0 18.3472486,-34.170242,0 18.3472968,-34.1703231,0 18.3473253,-34.1704013,0 18.3473574,-34.1706196,0 18.3473806,-34.1708393,0 18.3474037,-34.1709853,0 18.3474768,-34.1711594,0 18.3476105,-34.1713895,0 18.3478601,-34.1716933,0 18.3480776,-34.1719219,0 18.3484323,-34.1722655,0 18.3488138,-34.172621,0 18.3491132,-34.1728672,0 18.3494555,-34.1731829,0 18.3499118,-34.1736091,0 18.3501668,-34.1738465,0 18.3504056,-34.174081,0 18.3507033,-34.1743922,0 18.3510188,-34.174665,0 18.3512755,-34.1748656,0 18.3516231,-34.175137,0 18.3518353,-34.1753272,0 18.3520527,-34.1755897,0 18.3522114,-34.1758168,0 18.3523807,-34.1759879,0 18.3527337,-34.1762534,0 18.3531348,-34.1765469,0 18.3534111,-34.1767283,0 18.3537979,-34.176945,0 18.3540831,-34.1770851,0 18.3543487,-34.1771899,0 18.3546339,-34.1773167,0 18.3548247,-34.1774347,0 18.3552365,-34.1777385,0 18.3556304,-34.1780142,0 18.3558586,-34.1781558,0 18.3559691,-34.1782472,0 18.3561224,-34.178405,0 18.3563078,-34.1786425,0 18.3564789,-34.1788696,0 18.3566233,-34.1790097,0 18.3567962,-34.1791277,0 18.3572775,-34.1794137,0 18.3579995,-34.1798739,0 18.3585574,-34.1802543,0 18.3587571,-34.18039,0 18.3589282,-34.1805522,0 18.3590566,-34.180713,0 18.3591261,-34.1808501,0 18.3592331,-34.1810964,0 18.3593525,-34.1813264,0 18.3595272,-34.1815226,0 18.3597771,-34.1817284,0 18.3609827,-34.1798944,0 18.3638845,-34.1754993,0 18.3647967,-34.1763355,0 18.3666652,-34.1780306,0 18.3594578,-34.1822141,0 18.3605278,-34.1823303,0 18.361307,-34.1824149,0 18.3647487,-34.1827885,0 18.3680838,-34.1831504,0 18.3691837,-34.1832698,0 18.3701679,-34.1833681,0 18.3712398,-34.1834754,0 18.3712496,-34.1834764,0 18.3712578,-34.1834773,0 18.3783233,-34.1843195,0 18.3828192,-34.1862099,0 18.3837514,-34.1869403,0 18.3811601,-34.188818,0 18.3846151,-34.1912383,0 18.3868369,-34.1927946,0 18.3947942,-34.1983671,0 18.3967258,-34.1971039,0 18.3979171,-34.1980372,0 18.3996287,-34.200715,0 18.4025801,-34.2019456,0 18.4027128,-34.2019962,0 18.4032109,-34.2004028,0 18.403737,-34.2005465,0 18.3993245,-34.1968023,0 18.400187,-34.1949565,0 18.4040907,-34.1899935,0 18.4053722,-34.1905278,0 18.4077228,-34.1914763,0 18.4076794,-34.1937866,0 18.4076229,-34.1954033,0 18.4080456,-34.1955759,0 18.4080549,-34.1955797,0 18.4080939,-34.1960948,0 18.4083703,-34.1971037,0 18.4093118,-34.198397,0 18.4102332,-34.1993041,0 18.4104442,-34.1996331,0 18.4105644,-34.1999947,0 18.4107585,-34.2017403,0 18.4108883,-34.2022664,0 18.4111473,-34.2027787,0 18.4114141,-34.203233,0 18.4136615,-34.2048783,0 18.4139444,-34.2166839,0 18.4140071,-34.2192872,0 18.4118008,-34.2242254,0 18.4086417,-34.2237161,0 18.4085343,-34.2236987,0 18.4084955,-34.2236925,0 18.4084672,-34.2236879,0 18.4083807,-34.2233299,0 18.4081723,-34.2223861,0 18.4080162,-34.2217252,0 18.4077534,-34.2205409,0 18.4074279,-34.2191349,0 18.4073388,-34.218728,0 18.4072725,-34.2183652,0 18.4072444,-34.2181055,0 18.4072211,-34.2178306,0 18.407196,-34.2171455,0 18.4071612,-34.215886,0 18.4071419,-34.2153649,0 18.4070708,-34.2143685,0 18.4069672,-34.2134178,0 18.4069041,-34.2129099,0 18.4068636,-34.2124594,0 18.4068579,-34.2122991,0 18.406865,-34.2119347,0 18.4068972,-34.2116009,0 18.4070123,-34.2109088,0 18.4070367,-34.2107009,0 18.40705,-34.2104434,0 18.4070467,-34.2102602,0 18.4070362,-34.210119,0 18.4070147,-34.2099147,0 18.4069813,-34.2097561,0 18.4069483,-34.2095556,0 18.4068181,-34.2091238,0 18.4067529,-34.208925,0 18.4065328,-34.2082084,0 18.4064163,-34.2078014,0 18.4063743,-34.2075607,0 18.4062953,-34.2070318,0 18.4062762,-34.2068066,0 18.4062187,-34.2058441,0 18.4061408,-34.2056984,0 18.4061021,-34.2056467,0 18.4060315,-34.2055643,0 18.4059332,-34.2055009,0 18.4058714,-34.2054662,0 18.4057958,-34.205441,0 18.4057247,-34.2054254,0 18.4056306,-34.2054116,0 18.4054722,-34.2054108,0 18.4053525,-34.205437,0 18.4052329,-34.2054669,0 18.4046488,-34.2056273,0 18.404087,-34.2057781,0 18.4034522,-34.2059401,0 18.4023108,-34.2062293,0 18.4014249,-34.2064635,0 18.4013075,-34.2064856,0 18.4013028,-34.2065333,0 18.401182,-34.2065492,0 18.4007446,-34.206436,0 18.4000034,-34.2059229,0 18.4000028,-34.2058649,0 18.4000027,-34.2058518,0 18.400002,-34.205789,0 18.39999,-34.2046273,0 18.3993199,-34.2044147,0 18.398771,-34.204976,0 18.3987691,-34.2049779,0 18.3987242,-34.2050237,0 18.3987198,-34.2050283,0 18.3986495,-34.2050193,0 18.3985715,-34.2050151,0 18.3983877,-34.2050199,0 18.398105,-34.2050472,0 18.3977648,-34.205097,0 18.3973186,-34.2051788,0 18.3968469,-34.2052723,0 18.3965705,-34.2053104,0 18.3964857,-34.205322,0 18.3964196,-34.2053232,0 18.3963209,-34.2053189,0 18.3962039,-34.2053088,0 18.3961955,-34.2053078,0 18.3961822,-34.2053638,0 18.3959831,-34.2062092,0 18.393005,-34.2055106,0 18.393118,-34.2046707,0 18.3931215,-34.2046448,0 18.3930301,-34.2046443,0 18.3928669,-34.2046531,0 18.3923752,-34.2046907,0 18.3922098,-34.2046975,0 18.3920858,-34.204695,0 18.3919229,-34.2046713,0 18.3918312,-34.2046479,0 18.3916616,-34.2045975,0 18.3915081,-34.2045414,0 18.391309,-34.2044564,0 18.3902813,-34.2039705,0 18.3899632,-34.2038124,0 18.3898143,-34.2037621,0 18.3896767,-34.2037271,0 18.3895551,-34.2037093,0 18.3894472,-34.2037107,0 18.3893185,-34.2037253,0 18.3891393,-34.2037358,0 18.3890681,-34.2037336,0 18.3889923,-34.2037256,0 18.3888731,-34.2037059,0 18.3881282,-34.2034885,0 18.3878921,-34.20343,0 18.387649,-34.203383,0 18.387165,-34.2033062,0 18.3870182,-34.2032768,0 18.3868853,-34.2032437,0 18.3867776,-34.2032089,0 18.3866081,-34.2031469,0 18.3849845,-34.2024958,0 18.3847874,-34.2024452,0 18.3843838,-34.2023611,0 18.3841821,-34.2023047,0 18.3839348,-34.2022138,0 18.3837447,-34.2021327,0 18.3835387,-34.2020524,0 18.3827102,-34.201769,0 18.3821819,-34.2018536,0 18.3793122,-34.2032567,0 18.3741166,-34.2021054,0 18.3739653,-34.2012593,0 18.373585,-34.2001694,0 18.3731671,-34.1989086,0 18.3730504,-34.1985565,0 18.3723063,-34.1963117,0 18.3735389,-34.1960248,0 18.3732981,-34.1952814,0 18.3729321,-34.1953653,0 18.3728311,-34.1950612,0 18.3731971,-34.1949772,0 18.3729433,-34.1942141,0 18.372914,-34.1940823,0 18.3727867,-34.1935095,0 18.3695574,-34.192834,0 18.3665829,-34.1900721,0 18.36665,-34.19028,0 18.36695,-34.19068,0 18.36727,-34.19102,0 18.36738,-34.19147,0 18.36781,-34.19226,0 18.36802,-34.19235,0 18.36818,-34.19256,0 18.36852,-34.19289,0 18.36895,-34.19315,0 18.3691,-34.19358,0 18.36909,-34.19385,0 18.36918,-34.19401,0 18.36945,-34.19435,0 18.3696,-34.19497,0 18.36978,-34.19524,0 18.3702,-34.19557,0 18.37044,-34.19594,0 18.37046,-34.19611,0 18.37019,-34.19672,0 18.37032,-34.19715,0 18.37044,-34.19734,0 18.37086,-34.1975,0 18.37091,-34.19761,0 18.37082,-34.19791,0 18.37088,-34.19821,0 18.371,-34.19831,0 18.37127,-34.19847,0 18.37139,-34.19887,0 18.37156,-34.19907,0 18.37161,-34.19926,0 18.37198,-34.19956,0 18.37197,-34.19978,0 18.3719096,-34.2000401,0 18.3719055,-34.2003663,0 18.3719584,-34.2010018,0 18.3718771,-34.2016877,0 18.3716372,-34.2020677,0 18.3713648,-34.2023266,0 18.3711814,-34.2024743,0 18.3708932,-34.2027065,0 18.37021,-34.2029,0 18.36977,-34.20312,0 18.36952,-34.20349,0 18.3695,-34.20368,0 18.36968,-34.2046,0 18.36976,-34.20484,0 18.3699,-34.2049713,0 18.36992,-34.20499,0 18.37014,-34.20606,0 18.37047,-34.2068,0 18.37025,-34.2074,0 18.37019,-34.20777,0 18.37014,-34.208,0 18.37028,-34.20817,0 18.3703,-34.20832,0 18.37012,-34.20865,0 18.37022,-34.20907,0 18.37017,-34.20923,0 18.37024,-34.2095,0 18.37035,-34.20993,0 18.37042,-34.21036,0 18.37056,-34.2108,0 18.37074,-34.21121,0 18.37097,-34.21135,0 18.37102,-34.21156,0 18.37108,-34.21187,0 18.3714,-34.21205,0 18.37205,-34.21265,0 18.37212,-34.21331,0 18.37257,-34.21428,0 18.37275,-34.21455,0 18.37284,-34.21494,0 18.37246,-34.21608,0 18.37247,-34.21635,0 18.37271,-34.21679,0 18.37357,-34.21767,0 18.3738,-34.2181,0 18.37395,-34.21856,0 18.37454,-34.21928,0 18.37462,-34.21998,0 18.37472,-34.22011,0 18.37483,-34.22053,0 18.37538,-34.22106,0 18.37546,-34.22129,0 18.3754,-34.22153,0 18.37548,-34.22197,0 18.37569,-34.22238,0 18.37551,-34.22259,0 18.37555,-34.22276,0 18.37577,-34.22298,0 18.37592,-34.22331,0 18.37612,-34.22372,0 18.3762,-34.22408,0 18.37643,-34.22423,0 18.37659,-34.22452,0 18.37676,-34.22464,0 18.3770732,-34.2260047,0 18.3771054,-34.2269184,0 18.3776096,-34.2281603,0 18.3775345,-34.2313625,0 18.3773951,-34.2324269,0 18.3774273,-34.2334559,0 18.3772878,-34.2342453,0 18.3772234,-34.234946,0 18.3770517,-34.2357798,0 18.3768372,-34.236241,0 18.3769445,-34.2367466,0 18.376923,-34.2372877,0 18.3768264,-34.2377045,0 18.3760969,-34.2392035,0 18.3758072,-34.2396913,0 18.3757643,-34.2408355,0 18.3758179,-34.2413587,0 18.376011,-34.2415361,0 18.3761183,-34.2421126,0 18.3759467,-34.2422989,0 18.3766548,-34.2431769,0 18.3777277,-34.2438155,0 18.3790366,-34.2456514,0 18.3794121,-34.246352,0 18.3804099,-34.248649,0 18.3803777,-34.2494028,0 18.3801953,-34.2498373,0 18.3805279,-34.2501034,0 18.3806137,-34.2504847,0 18.38062,-34.25079,0 18.3808283,-34.2513006,0 18.3807854,-34.2516465,0 18.3806674,-34.2518859,0 18.3805279,-34.2520633,0 18.3801631,-34.2522318,0 18.37938,-34.25225,0 18.37876,-34.25211,0 18.37829,-34.25212,0 18.37824,-34.25222,0 18.37835,-34.2524,0 18.37855,-34.2526,0 18.37855,-34.25294,0 18.37825,-34.25318,0 18.37832,-34.25335,0 18.37986,-34.25378,0 18.3807,-34.25417,0 18.38119,-34.25451,0 18.38202,-34.25485,0 18.38214,-34.25509,0 18.38207,-34.25537,0 18.38213,-34.25557,0 18.38253,-34.25588,0 18.38276,-34.25628,0 18.38256,-34.25647,0 18.38247,-34.25676,0 18.38243,-34.25686,0 18.38264,-34.25708,0 18.38273,-34.25735,0 18.3826724,-34.2577336,0 18.38224,-34.25818,0 18.38211,-34.25832,0 18.38163,-34.25835,0 18.38118,-34.2585,0 18.38098,-34.25846,0 18.3809,-34.25851,0 18.38087,-34.25852,0 18.38046,-34.25873,0 18.38022,-34.2591,0 18.38024,-34.25952,0 18.38054,-34.25992,0 18.3804,-34.26013,0 18.38057,-34.26037,0 18.38051,-34.26051,0 18.38045,-34.26092,0 18.38057,-34.26113,0 18.3805,-34.26133,0 18.38033,-34.26155,0 18.38069,-34.26185,0 18.38064,-34.26206,0 18.38081,-34.26259,0 18.38089,-34.26287,0 18.38102,-34.26299,0 18.38115,-34.2631,0 18.3812,-34.26338,0 18.38168,-34.26358,0 18.38186,-34.26379,0 18.3822,-34.26391,0 18.38235,-34.26405,0 18.38249,-34.26439,0 18.38287,-34.26446,0 18.38299,-34.26455,0 18.38305,-34.26483,0 18.38328,-34.26488,0 18.38342,-34.26495,0 18.38366,-34.26538,0 18.3836172,-34.265872,0 18.3835186,-34.2665085,0 18.3835309,-34.2670738,0 18.3834015,-34.2676187,0 18.3828716,-34.2681941,0 18.3822924,-34.2686321,0 18.3819103,-34.2688663,0 18.38157,-34.26914,0 18.38156,-34.26932,0 18.38176,-34.26961,0 18.38165,-34.26989,0 18.38126,-34.27025,0 18.38077,-34.27043,0 18.38052,-34.27039,0 18.38001,-34.27042,0 18.37971,-34.27045,0 18.37977,-34.27063,0 18.37968,-34.2707,0 18.37952,-34.27064,0 18.37948,-34.2709,0 18.37935,-34.27108,0 18.37922,-34.27107,0 18.37928,-34.27129,0 18.37956,-34.27173,0 18.37983,-34.27203,0 18.37982,-34.27213,0 18.37958,-34.27217,0 18.37945,-34.27226,0 18.3794,-34.27256,0 18.37946,-34.27298,0 18.37983,-34.27366,0 18.38005,-34.27363,0 18.37991,-34.27355,0 18.37997,-34.27351,0 18.38008,-34.27347,0 18.38,-34.27329,0 18.38023,-34.27331,0 18.38038,-34.27362,0 18.38054,-34.27371,0 18.38084,-34.27393,0 18.38097,-34.27392,0 18.38147,-34.27408,0 18.3816,-34.27413,0 18.38192,-34.27453,0 18.38206,-34.27457,0 18.38229,-34.27481,0 18.38241,-34.27493,0 18.38272,-34.27504,0 18.38285,-34.27513,0 18.38293,-34.27504,0 18.38304,-34.27518,0 18.38312,-34.27518,0 18.38316,-34.27509,0 18.38325,-34.27512,0 18.38335,-34.27542,0 18.38374,-34.27569,0 18.38392,-34.27568,0 18.38382,-34.2755,0 18.38393,-34.27546,0 18.38416,-34.27562,0 18.38444,-34.27564,0 18.38505,-34.27537,0 18.3856,-34.2756,0 18.38583,-34.276,0 18.38609,-34.27638,0 18.38623,-34.27648,0 18.38658,-34.27654,0 18.38673,-34.27645,0 18.38669,-34.27626,0 18.38688,-34.27609,0 18.3876,-34.27613,0 18.38835,-34.27633,0 18.38881,-34.2766,0 18.38927,-34.27712,0 18.38906,-34.278,0 18.38897,-34.27811,0 18.38916,-34.27834,0 18.3893,-34.27842,0 18.3893,-34.27855,0 18.38941,-34.27866,0 18.38978,-34.27899,0 18.38994,-34.27916,0 18.38995,-34.27942,0 18.39027,-34.27947,0 18.39029,-34.27979,0 18.38996,-34.28031,0 18.38968,-34.28055,0 18.38984,-34.28078,0 18.38997,-34.28121,0 18.38996,-34.28165,0 18.38999,-34.28178,0 18.38987,-34.2819,0 18.38991,-34.28202,0 18.38994,-34.28212,0 18.38984,-34.28227,0 18.38996,-34.28238,0 18.39011,-34.2824,0 18.39035,-34.28265,0 18.3908,-34.28289,0 18.3911,-34.28303,0 18.39132,-34.28299,0 18.39185,-34.28322,0 18.39203,-34.28337,0 18.39211,-34.28382,0 18.392,-34.28426,0 18.39174,-34.28443,0 18.39171,-34.28467,0 18.39189,-34.28479,0 18.39196,-34.28486,0 18.39187,-34.28495,0 18.39201,-34.28513,0 18.39221,-34.28555,0 18.39232,-34.28574,0 18.39233,-34.286,0 18.39242,-34.28605,0 18.39277,-34.28621,0 18.39287,-34.28617,0 18.39293,-34.28604,0 18.39348,-34.28608,0 18.39402,-34.28606,0 18.39426,-34.28614,0 18.39466,-34.28645,0 18.39681,-34.28843,0 18.397,-34.2888,0 18.39697,-34.28916,0 18.39692,-34.28933,0 18.39691,-34.28952,0 18.39674,-34.28973,0 18.39694,-34.29013,0 18.3973,-34.29046,0 18.39759,-34.29083,0 18.39796,-34.29116,0 18.39818,-34.29156,0 18.39808,-34.29206,0 18.39816,-34.2923,0 18.39847,-34.29249,0 18.39898,-34.29263,0 18.39915,-34.29284,0 18.39929,-34.29316,0 18.39956,-34.29347,0 18.3996193,-34.2935353,0 18.3996932,-34.2935116,0 18.4020947,-34.2927234,0 18.4031234,-34.2949009,0 18.4011808,-34.2954524,0 18.4006782,-34.2955953,0 18.40082,-34.29621,0 18.40109,-34.2965,0 18.40144,-34.29724,0 18.40205,-34.29844,0 18.40271,-34.29908,0 18.40315,-34.29986,0 18.40377,-34.30042,0 18.40384,-34.30064,0 18.40375,-34.30076,0 18.40349,-34.30126,0 18.40353,-34.30146,0 18.40389,-34.30179,0 18.40397,-34.30232,0 18.4045,-34.30273,0 18.40473,-34.30303,0 18.40488,-34.30341,0 18.40501,-34.30422,0 18.405,-34.30484,0 18.4047,-34.30592,0 18.4041687,-34.30655,0 18.404,-34.30675,0 18.40371,-34.30697,0 18.40336,-34.30718,0 18.40324,-34.30724,0 18.40294,-34.30721,0 18.40276,-34.30727,0 18.40261,-34.30717,0 18.40255,-34.30724,0 18.40234,-34.30727,0 18.40218,-34.30739,0 18.40194,-34.30736,0 18.40182,-34.3073,0 18.40163,-34.30744,0 18.40153,-34.30753,0 18.40156,-34.30769,0 18.40115,-34.30771,0 18.40105,-34.30778,0 18.40088,-34.30778,0 18.40085,-34.30778,0 18.40083,-34.30778,0 18.4008,-34.30778,0 18.40078,-34.30778,0 18.40076,-34.30779,0 18.40073,-34.30779,0 18.40071,-34.30779,0 18.40068,-34.30779,0 18.40066,-34.30779,0 18.40064,-34.30778,0 18.40062,-34.30778,0 18.4006,-34.30777,0 18.40058,-34.30776,0 18.40037,-34.30773,0 18.40025,-34.30786,0 18.40038,-34.30799,0 18.40046,-34.30806,0 18.40052,-34.30816,0 18.40066,-34.30813,0 18.40073,-34.30822,0 18.40067,-34.30829,0 18.40059,-34.30844,0 18.40076,-34.30847,0 18.40086,-34.30844,0 18.40101,-34.30852,0 18.40098,-34.30869,0 18.40108,-34.30871,0 18.40125,-34.30902,0 18.40134,-34.30902,0 18.40147,-34.30904,0 18.40167,-34.30923,0 18.40185,-34.30933,0 18.40211,-34.3096,0 18.4022,-34.30965,0 18.4026,-34.30976,0 18.40271,-34.30978,0 18.40291,-34.30988,0 18.4031,-34.30986,0 18.40329,-34.30985,0 18.40359,-34.31009,0 18.40369,-34.31006,0 18.40377,-34.30991,0 18.40367,-34.30977,0 18.40373,-34.30969,0 18.40392,-34.30973,0 18.40394,-34.30991,0 18.40395,-34.30999,0 18.40427,-34.31021,0 18.40435,-34.31027,0 18.4044,-34.31048,0 18.40466,-34.31053,0 18.40481,-34.31064,0 18.40512,-34.31063,0 18.40538,-34.31082,0 18.40535,-34.31101,0 18.40545,-34.31114,0 18.40563,-34.31117,0 18.40599,-34.31106,0 18.40613,-34.31121,0 18.40607,-34.31143,0 18.40624,-34.31158,0 18.40642,-34.31197,0 18.40646,-34.31217,0 18.40665,-34.31233,0 18.40696,-34.31253,0 18.40699,-34.31262,0 18.40707,-34.31292,0 18.40744,-34.31294,0 18.40783,-34.31323,0 18.40791,-34.31347,0 18.4081,-34.31357,0 18.40824,-34.31373,0 18.40817,-34.31397,0 18.40822,-34.31405,0 18.40834,-34.31406,0 18.40862,-34.3138,0 18.40871,-34.31385,0 18.40868,-34.31396,0 18.40862,-34.31408,0 18.40884,-34.31413,0 18.40884,-34.31423,0 18.40895,-34.31431,0 18.40943,-34.31431,0 18.40969,-34.31465,0 18.41013,-34.3149,0 18.41025,-34.31503,0 18.41057,-34.31509,0 18.41107,-34.31507,0 18.4113,-34.31527,0 18.41147,-34.31531,0 18.41167,-34.31551,0 18.41187,-34.31558,0 18.41225,-34.31589,0 18.41258,-34.31624,0 18.4132,-34.31648,0 18.41371,-34.31661,0 18.41424,-34.31664,0 18.41464,-34.31656,0 18.41479,-34.31665,0 18.41473,-34.3169,0 18.41496,-34.31701,0 18.41514,-34.31718,0 18.41514,-34.31739,0 18.41543,-34.31775,0 18.41557,-34.31783,0 18.41593,-34.31781,0 18.41627,-34.31791,0 18.41642,-34.31807,0 18.41626,-34.31867,0 18.41569,-34.31896,0 18.41516,-34.31897,0 18.41507,-34.31903,0 18.41505,-34.31943,0 18.41535,-34.31972,0 18.41521,-34.31995,0 18.41515,-34.32018,0 18.41521,-34.32037,0 18.41526,-34.32064,0 18.41516,-34.32079,0 18.41498,-34.3209,0 18.41505,-34.32111,0 18.41525,-34.32131,0 18.41546,-34.32137,0 18.41593,-34.32157,0 18.41604,-34.32141,0 18.41629,-34.32159,0 18.4167,-34.32188,0 18.4173,-34.32208,0 18.41746,-34.32218,0 18.41774,-34.32215,0 18.41795,-34.32222,0 18.41811,-34.32225,0 18.41812,-34.32241,0 18.41827,-34.32246,0 18.41877,-34.32262,0 18.41899,-34.32267,0 18.41972,-34.32264,0 18.42017,-34.32285,0 18.42051,-34.32337,0 18.42098,-34.32376,0 18.42113,-34.32378,0 18.42123,-34.3237,0 18.42116,-34.32336,0 18.42118,-34.32334,0 18.4212,-34.32333,0 18.42122,-34.32333,0 18.42125,-34.32333,0 18.42128,-34.32333,0 18.4213,-34.32333,0 18.42132,-34.32334,0 18.42134,-34.32335,0 18.42183,-34.32397,0 18.42201,-34.32434,0 18.42197,-34.32451,0 18.42183,-34.32479,0 18.42165,-34.32482,0 18.42163,-34.32491,0 18.42166,-34.32509,0 18.4215,-34.32518,0 18.42147,-34.32536,0 18.42129,-34.32576,0 18.4211,-34.3261,0 18.42134,-34.32621,0 18.42154,-34.32639,0 18.42159,-34.32658,0 18.42169,-34.32675,0 18.42195,-34.32689,0 18.4223,-34.32683,0 18.42246,-34.32687,0 18.42269,-34.32724,0 18.42303,-34.32718,0 18.4233,-34.3273,0 18.42346,-34.32739,0 18.42349,-34.32755,0 18.4236,-34.32762,0 18.42391,-34.32779,0 18.42394,-34.32792,0 18.42392,-34.32803,0 18.42428,-34.32816,0 18.42446,-34.32842,0 18.42446,-34.32856,0 18.42489,-34.32882,0 18.42541,-34.32893,0 18.42564,-34.32901,0 18.42575,-34.32922,0 18.42609,-34.32923,0 18.42618,-34.32935,0 18.42665,-34.32955,0 18.42717,-34.32996,0 18.42719,-34.33014,0 18.42717,-34.33027,0 18.42739,-34.33052,0 18.42752,-34.33078,0 18.42828,-34.33124,0 18.42867,-34.33141,0 18.42944,-34.33124,0 18.42956,-34.33114,0 18.42992,-34.33113,0 18.43044,-34.33112,0 18.43063,-34.33123,0 18.43093,-34.33126,0 18.43157,-34.33156,0 18.43208,-34.33167,0 18.43231,-34.33186,0 18.43248,-34.33228,0 18.4326,-34.33245,0 18.43287,-34.33256,0 18.43302,-34.33276,0 18.43323,-34.33288,0 18.43349,-34.33291,0 18.43402,-34.33268,0 18.4344,-34.33266,0 18.43473,-34.33277,0 18.43518,-34.33311,0 18.43562,-34.33335,0 18.43598,-34.33359,0 18.43654,-34.3336,0 18.43711,-34.33375,0 18.43729,-34.33384,0 18.43758,-34.33414,0 18.43799,-34.33458,0 18.43833,-34.33493,0 18.43854,-34.33519,0 18.43869,-34.33523,0 18.43915,-34.33546,0 18.43965,-34.33557,0 18.44012,-34.33538,0 18.44065,-34.33545,0 18.44082,-34.33554,0 18.4409,-34.3358,0 18.44096,-34.33593,0 18.4413,-34.336,0 18.44141,-34.33604,0 18.4415,-34.33587,0 18.44165,-34.33585,0 18.44221,-34.33616,0 18.44218,-34.3363,0 18.44238,-34.33654,0 18.44247,-34.33666,0 18.44267,-34.33668,0 18.44266,-34.33681,0 18.44334,-34.33724,0 18.44355,-34.33741,0 18.44369,-34.33741,0 18.4437,-34.33734,0 18.44377,-34.3372,0 18.44406,-34.33725,0 18.4441,-34.33705,0 18.44425,-34.33696,0 18.44455,-34.33709,0 18.44488,-34.33709,0 18.44559,-34.3366,0 18.44583,-34.33654,0 18.44612,-34.33658,0 18.44657,-34.33681,0 18.44682,-34.33671,0 18.44704,-34.33648,0 18.4472,-34.33634,0 18.44796,-34.33627,0 18.44846,-34.33641,0 18.4489,-34.33632,0 18.45045,-34.33648,0 18.45192,-34.33688,0 18.45263,-34.33683,0 18.45292,-34.33669,0 18.45322,-34.33667,0 18.45446,-34.33722,0 18.45531,-34.33766,0 18.45563,-34.33791,0 18.45588,-34.33828,0 18.4561,-34.33839,0 18.45652,-34.33845,0 18.4566455,-34.338528,0 18.4567443,-34.3386374,0 18.4569143,-34.3386474,0 18.4569912,-34.3387523,0 18.457257,-34.3388872,0 18.45709,-34.33902,0 18.45729,-34.33934,0 18.45773,-34.33958,0 18.45808,-34.33987,0 18.45817,-34.34022,0 18.45886,-34.34075,0 18.45908,-34.34095,0 18.45936,-34.34144,0 18.45962,-34.34177,0 18.45967,-34.34195,0 18.45949,-34.34278,0 18.45944,-34.34305,0 18.45907,-34.34335,0 18.45916,-34.34358,0 18.45909,-34.34377,0 18.45919,-34.34401,0 18.45912,-34.34417,0 18.45922,-34.34436,0 18.45949,-34.3444,0 18.46001,-34.34445,0 18.46018,-34.34462,0 18.46043,-34.34466,0 18.46078,-34.34488,0 18.46099,-34.34529,0 18.46123,-34.34552,0 18.46162,-34.34559,0 18.46196,-34.34591,0 18.46192,-34.3461,0 18.46217,-34.34619,0 18.46241,-34.3462,0 18.46235,-34.34642,0 18.46222,-34.34663,0 18.46228,-34.34673,0 18.4628,-34.34663,0 18.46292,-34.34664,0 18.46343,-34.34676,0 18.46364,-34.3468,0 18.4638,-34.34703,0 18.46394,-34.34727,0 18.46411,-34.3473,0 18.46421,-34.34733,0 18.4644,-34.34764,0 18.46465,-34.34781,0 18.46483,-34.34776,0 18.46552,-34.34766,0 18.46605,-34.34773,0 18.4664,-34.34785,0 18.46628,-34.34808,0 18.46634,-34.34825,0 18.46668,-34.34841,0 18.46678,-34.34863,0 18.4668,-34.3489,0 18.46667,-34.34903,0 18.46667,-34.34915,0 18.46694,-34.34939,0 18.46717,-34.34959,0 18.46718,-34.34976,0 18.46726,-34.34995,0 18.46747,-34.35011,0 18.46772,-34.35049,0 18.46812,-34.3505,0 18.4682,-34.35056,0 18.46831,-34.35065,0 18.46868,-34.35066,0 18.46884,-34.35077,0 18.46897,-34.351,0 18.46946,-34.35124,0 18.46951,-34.35154,0 18.46932,-34.35163,0 18.46927,-34.35176,0 18.46975,-34.35201,0 18.47007,-34.35192,0 18.47036,-34.35208,0 18.47116,-34.35281,0 18.47142,-34.3532,0 18.4716,-34.35361,0 18.47169,-34.35389,0 18.47181,-34.35399,0 18.47218,-34.35409,0 18.47225,-34.35418,0 18.47254,-34.35455,0 18.47257,-34.35497,0 18.47237,-34.35536,0 18.47257,-34.35551,0 18.4725,-34.3557,0 18.47266,-34.35592,0 18.47261,-34.3561,0 18.47221,-34.35654,0 18.47232,-34.35678,0 18.47236,-34.3569,0 18.47272,-34.35722,0 18.47282,-34.35738,0 18.4726,-34.35753,0 18.47238,-34.35767,0 18.47213,-34.35761,0 18.47195,-34.35761,0 18.47188,-34.35787,0 18.47193,-34.35811,0 18.47209,-34.35826,0 18.47236,-34.35833,0 18.47256,-34.35821,0 18.47286,-34.35793,0 18.47322,-34.35786,0 18.47374,-34.35783,0 18.47425,-34.3577,0 18.47498,-34.35791,0 18.4753,-34.35812,0 18.47541,-34.35818,0 18.4758,-34.35834,0 18.47588,-34.35829,0 18.47597,-34.35796,0 18.47627,-34.35769,0 18.47637,-34.35765,0 18.47678,-34.35761,0 18.47717,-34.35748,0 18.47729,-34.35742,0 18.47745,-34.35713,0 18.47752,-34.35693,0 18.47768,-34.35688,0 18.47776,-34.35691,0 18.47817,-34.35697,0 18.47858,-34.35692,0 18.47866,-34.35688,0 18.47905,-34.35676,0 18.47945,-34.35671,0 18.47957,-34.35665,0 18.47981,-34.35636,0 18.4799601,-34.3553576,0 18.4800433,-34.3552613,0 18.4801519,-34.3551827,0 18.4802458,-34.3551329,0 18.4804295,-34.3550665,0 18.4807326,-34.3549845,0 18.4810343,-34.3549115,0 18.4812824,-34.3548317,0 18.4815909,-34.3547542,0 18.4818618,-34.3546823,0 18.4821032,-34.3546347,0 18.4823365,-34.3545904,0 18.4826222,-34.3545538,0 18.4828623,-34.3545239,0 18.4833223,-34.354473,0 18.4836522,-34.3544553,0 18.483907,-34.3544619,0 18.4841269,-34.3544996,0 18.48576,-34.35508,0 18.48623,-34.3552,0 18.48643,-34.35509,0 18.48646,-34.35484,0 18.48686,-34.35448,0 18.48719,-34.35437,0 18.48754,-34.35442,0 18.48786,-34.35466,0 18.48804,-34.3547,0 18.48819,-34.35474,0 18.48845,-34.35495,0 18.48896,-34.35509,0 18.48919,-34.35511,0 18.48947,-34.35501,0 18.48978,-34.355,0 18.48995,-34.35512,0 18.49056,-34.35517,0 18.49128,-34.35503,0 18.49171,-34.3552,0 18.4924,-34.35552,0 18.49263,-34.35571,0 18.49292,-34.35594,0 18.49331,-34.35595,0 18.49408,-34.35639,0 18.49427,-34.35679,0 18.49455,-34.35688,0 18.49469,-34.35679,0 18.49485,-34.3568,0 18.49509,-34.35702,0 18.49537,-34.35713,0 18.4956,-34.35711,0 18.49559,-34.35694,0 18.49586,-34.35699,0 18.49611,-34.35706,0 18.49614,-34.35727,0 18.49614,-34.35738,0 18.49647,-34.35745,0 18.49648,-34.35759,0 18.4966738,-34.3576737,0 18.4968723,-34.3576394,0 18.4971365,-34.3576361,0 18.49751,-34.35763,0 18.4974168,-34.3575375,0 18.4973631,-34.3574357,0 18.4974061,-34.3573693,0 18.4974651,-34.3573482,0 18.4976381,-34.3573737,0 18.4977883,-34.3573947,0 18.4978473,-34.3571799,0 18.4979465,-34.3571379,0 18.4979771,-34.3569419,0 18.4976999,-34.3565399,0 18.4969099,-34.35625,0 18.49689,-34.35596,0 18.49706,-34.35571,0 18.49705,-34.35558,0 18.4968399,-34.35537,0 18.4966499,-34.3553,0 18.4965799,-34.3553,0 18.49666,-34.35511,0 18.49657,-34.3549599,0 18.49627,-34.3547299,0 18.4961899,-34.3546299,0 18.49597,-34.3545999,0 18.496,-34.35442,0 18.4959,-34.35419,0 18.49535,-34.3540399,0 18.49479,-34.3535499,0 18.49397,-34.3532199,0 18.49348,-34.3528999,0 18.4928699,-34.3527999,0 18.49246,-34.35274,0 18.49239,-34.3526699,0 18.4922799,-34.3525699,0 18.49196,-34.35261,0 18.49191,-34.3524599,0 18.4922399,-34.35239,0 18.49242,-34.35226,0 18.4923099,-34.35212,0 18.4918199,-34.35187,0 18.4913,-34.35176,0 18.49117,-34.35164,0 18.4908399,-34.35166,0 18.4906999,-34.3515499,0 18.49102,-34.35136,0 18.49124,-34.35121,0 18.49128,-34.3510899,0 18.49092,-34.35088,0 18.49059,-34.35094,0 18.49042,-34.35088,0 18.4904699,-34.35067,0 18.49023,-34.35068,0 18.4901,-34.35064,0 18.4900099,-34.35041,0 18.48986,-34.35032,0 18.48938,-34.3501699,0 18.48888,-34.35,0 18.48822,-34.3498099,0 18.48806,-34.34969,0 18.4881099,-34.34959,0 18.4883399,-34.34947,0 18.48879,-34.3496099,0 18.48895,-34.34949,0 18.48911,-34.34949,0 18.48917,-34.34939,0 18.48899,-34.34923,0 18.48865,-34.3490899,0 18.48839,-34.3489599,0 18.48835,-34.34881,0 18.4881099,-34.34857,0 18.48787,-34.3484999,0 18.48776,-34.34829,0 18.4878,-34.3481299,0 18.48763,-34.34801,0 18.4875899,-34.34779,0 18.48737,-34.34769,0 18.48688,-34.3475399,0 18.4866699,-34.34775,0 18.48649,-34.3477,0 18.48616,-34.3477099,0 18.48599,-34.3478,0 18.48586,-34.3478999,0 18.48551,-34.34795,0 18.48531,-34.34783,0 18.48515,-34.3479999,0 18.4847999,-34.34812,0 18.48467,-34.34808,0 18.484,-34.3478699,0 18.4836499,-34.3478699,0 18.4835099,-34.3477699,0 18.4832899,-34.34765,0 18.4830199,-34.34765,0 18.4827299,-34.3476099,0 18.4825299,-34.3475099,0 18.48232,-34.34739,0 18.4823299,-34.3471,0 18.4821399,-34.3470199,0 18.4818099,-34.34701,0 18.48172,-34.3470899,0 18.4817,-34.34693,0 18.48129,-34.3466599,0 18.4812,-34.3465599,0 18.48124,-34.34637,0 18.4810799,-34.3462999,0 18.48062,-34.3460999,0 18.4796399,-34.34542,0 18.4791799,-34.3451,0 18.4791499,-34.34493,0 18.4786199,-34.34464,0 18.47818,-34.3444,0 18.47811,-34.34427,0 18.47782,-34.3441999,0 18.4777699,-34.3440599,0 18.47755,-34.34399,0 18.47745,-34.34386,0 18.47727,-34.3438299,0 18.4770499,-34.3438999,0 18.4769499,-34.34371,0 18.47699,-34.3432799,0 18.47677,-34.34299,0 18.47653,-34.3428499,0 18.4761899,-34.3428,0 18.47618,-34.3427199,0 18.47632,-34.34264,0 18.47627,-34.34253,0 18.4761599,-34.3423299,0 18.47588,-34.34215,0 18.47594,-34.34202,0 18.47578,-34.34175,0 18.47556,-34.34149,0 18.47499,-34.3412699,0 18.47421,-34.3413699,0 18.4739599,-34.3413,0 18.47388,-34.3412099,0 18.47374,-34.34103,0 18.4734999,-34.3409099,0 18.47342,-34.3408,0 18.47306,-34.34074,0 18.4727799,-34.34051,0 18.47266,-34.34053,0 18.47253,-34.3405899,0 18.4721599,-34.34054,0 18.47177,-34.34037,0 18.4716899,-34.34021,0 18.47168,-34.3397999,0 18.47146,-34.33956,0 18.47122,-34.33939,0 18.47108,-34.33916,0 18.47083,-34.33903,0 18.47057,-34.33874,0 18.4704199,-34.3387099,0 18.47004,-34.33837,0 18.4698,-34.33808,0 18.47008,-34.33794,0 18.4701,-34.3378199,0 18.4698299,-34.33762,0 18.46968,-34.3375699,0 18.46962,-34.3372699,0 18.46975,-34.33703,0 18.4696999,-34.33687,0 18.4694999,-34.33647,0 18.46944,-34.33634,0 18.46951,-34.33614,0 18.46987,-34.3362,0 18.4699599,-34.3361499,0 18.47001,-34.33598,0 18.46978,-34.33581,0 18.46954,-34.33542,0 18.4695299,-34.3352299,0 18.46934,-34.3350399,0 18.4691999,-34.3346099,0 18.4689699,-34.3342199,0 18.46873,-34.33383,0 18.46853,-34.33355,0 18.4685799,-34.33338,0 18.4685099,-34.3332299,0 18.4683499,-34.33328,0 18.46813,-34.3331699,0 18.46785,-34.3328099,0 18.46748,-34.33242,0 18.4675299,-34.3321799,0 18.46745,-34.3320199,0 18.46739,-34.3318,0 18.4675299,-34.3316199,0 18.4675299,-34.3314899,0 18.46735,-34.3312599,0 18.4673999,-34.3309999,0 18.46725,-34.33081,0 18.4672699,-34.3306,0 18.46752,-34.3305399,0 18.4677599,-34.33049,0 18.46758,-34.3303399,0 18.46758,-34.33024,0 18.46777,-34.3302799,0 18.4676599,-34.3301099,0 18.4678,-34.3299499,0 18.46758,-34.3295,0 18.46772,-34.32924,0 18.46757,-34.3290599,0 18.4676899,-34.3288699,0 18.4675599,-34.32806,0 18.46726,-34.3275199,0 18.4669699,-34.3271599,0 18.4669699,-34.3269299,0 18.46679,-34.3266999,0 18.46675,-34.3264999,0 18.46653,-34.32635,0 18.4661622,-34.3259891,0 18.4661005,-34.3258274,0 18.4660482,-34.3256579,0 18.4659677,-34.325442,0 18.4658738,-34.3253234,0 18.4658457,-34.3251894,0 18.4658282,-34.3251352,0 18.4657612,-34.3250443,0 18.4656888,-34.3249192,0 18.4654769,-34.3247209,0 18.4653025,-34.3244529,0 18.4651765,-34.3242336,0 18.4650813,-34.3240276,0 18.4651014,-34.3238637,0 18.465092,-34.3238072,0 18.4650424,-34.3237562,0 18.4648908,-34.3236577,0 18.4647567,-34.3235602,0 18.4645542,-34.3234373,0 18.4643745,-34.3234229,0 18.4642283,-34.3234129,0 18.4641009,-34.3233398,0 18.4640137,-34.3232733,0 18.4639494,-34.3231271,0 18.4639427,-34.322961,0 18.4638676,-34.3228458,0 18.4637294,-34.3227029,0 18.4635001,-34.3225113,0 18.46338,-34.32244,0 18.46327,-34.32228,0 18.46314,-34.32231,0 18.4625099,-34.3221399,0 18.46209,-34.3218799,0 18.4617799,-34.32152,0 18.46154,-34.3214499,0 18.4616,-34.32127,0 18.46145,-34.32117,0 18.4614199,-34.32104,0 18.46117,-34.32093,0 18.461175,-34.3208398,0 18.46118,-34.32075,0 18.46148,-34.32078,0 18.46181,-34.3207599,0 18.46191,-34.32061,0 18.4619799,-34.32047,0 18.4617199,-34.32035,0 18.4618,-34.3200999,0 18.4617499,-34.31993,0 18.46138,-34.31962,0 18.4611599,-34.31933,0 18.46098,-34.3194499,0 18.46078,-34.3194499,0 18.4606999,-34.3192,0 18.4606699,-34.31857,0 18.46072,-34.31812,0 18.46071,-34.3177999,0 18.4609599,-34.31729,0 18.4611599,-34.3170199,0 18.46153,-34.3169,0 18.46206,-34.3168499,0 18.4627999,-34.31694,0 18.4630999,-34.3169,0 18.46373,-34.3163599,0 18.46376,-34.31622,0 18.4636899,-34.3161299,0 18.4637499,-34.3160599,0 18.46422,-34.3159299,0 18.4645699,-34.31594,0 18.46499,-34.31573,0 18.46514,-34.3155699,0 18.4651599,-34.31539,0 18.46498,-34.3152,0 18.46429,-34.3147899,0 18.4642,-34.31454,0 18.46391,-34.3143,0 18.46353,-34.31398,0 18.4634599,-34.31378,0 18.4632599,-34.31362,0 18.46281,-34.31339,0 18.46246,-34.3133,0 18.46225,-34.3131,0 18.4618199,-34.3128799,0 18.46154,-34.31251,0 18.46143,-34.3124199,0 18.4613899,-34.31211,0 18.46101,-34.31182,0 18.46089,-34.31139,0 18.46069,-34.3105199,0 18.46079,-34.3103199,0 18.4609999,-34.3102,0 18.46134,-34.31017,0 18.46157,-34.31,0 18.4618,-34.30941,0 18.4622399,-34.30908,0 18.46255,-34.30872,0 18.4627699,-34.30859,0 18.46289,-34.3083899,0 18.4630999,-34.30828,0 18.4629699,-34.30818,0 18.4629599,-34.30807,0 18.46285,-34.30765,0 18.46275,-34.30721,0 18.46281,-34.30676,0 18.46292,-34.30652,0 18.46288,-34.30634,0 18.4629299,-34.3062499,0 18.46312,-34.3061899,0 18.4632299,-34.3059599,0 18.46344,-34.3057899,0 18.46351,-34.3056,0 18.46344,-34.3051599,0 18.4637899,-34.30483,0 18.46387,-34.30457,0 18.46401,-34.3044499,0 18.46406,-34.30426,0 18.46393,-34.30403,0 18.46381,-34.3036,0 18.4638499,-34.3031599,0 18.4637899,-34.3029299,0 18.46387,-34.30273,0 18.4642499,-34.30242,0 18.4646699,-34.30216,0 18.4648099,-34.3021099,0 18.46501,-34.3018499,0 18.46518,-34.30167,0 18.4654299,-34.30161,0 18.4657599,-34.30153,0 18.46581,-34.3013899,0 18.46564,-34.30098,0 18.46565,-34.3005399,0 18.46577,-34.3004699,0 18.4658499,-34.30017,0 18.46583,-34.29993,0 18.4659899,-34.2997799,0 18.4660799,-34.29957,0 18.46629,-34.29943,0 18.46627,-34.29915,0 18.46637,-34.2990299,0 18.4665799,-34.2986299,0 18.4666799,-34.2983699,0 18.46686,-34.2983099,0 18.46721,-34.2979799,0 18.46731,-34.2975499,0 18.46718,-34.29711,0 18.4671999,-34.29632,0 18.46716,-34.29612,0 18.4670699,-34.2961,0 18.4669816,-34.2957333,0 18.4669399,-34.29556,0 18.4668,-34.29544,0 18.4667699,-34.29517,0 18.46666,-34.2945999,0 18.46653,-34.29429,0 18.4666,-34.2941999,0 18.46673,-34.29366,0 18.46669,-34.29336,0 18.4664,-34.2929599,0 18.4663399,-34.29277,0 18.4665,-34.29257,0 18.4668,-34.2922299,0 18.4667399,-34.29179,0 18.46715,-34.29152,0 18.46748,-34.2911799,0 18.4677299,-34.2910799,0 18.4680199,-34.29111,0 18.4681899,-34.29104,0 18.46824,-34.29088,0 18.46814,-34.29065,0 18.46783,-34.2902599,0 18.46785,-34.2900399,0 18.4679599,-34.28996,0 18.4681199,-34.28999,0 18.46823,-34.28993,0 18.46817,-34.28965,0 18.46823,-34.2895399,0 18.46839,-34.28949,0 18.4687099,-34.28959,0 18.46885,-34.28946,0 18.46873,-34.28923,0 18.46883,-34.28897,0 18.46856,-34.28825,0 18.4685499,-34.28795,0 18.4686499,-34.28785,0 18.46882,-34.28773,0 18.46889,-34.2874799,0 18.46915,-34.28739,0 18.46935,-34.2874799,0 18.4695999,-34.2876699,0 18.46977,-34.2876,0 18.46978,-34.28746,0 18.46978,-34.28733,0 18.4699199,-34.2872399,0 18.46997,-34.28697,0 18.4701499,-34.28673,0 18.47014,-34.2862599,0 18.47049,-34.2856399,0 18.47053,-34.28548,0 18.47044,-34.28532,0 18.47067,-34.28494,0 18.47113,-34.28481,0 18.47152,-34.28438,0 18.47172,-34.28402,0 18.4718299,-34.28343,0 18.47174,-34.28309,0 18.47179,-34.28284,0 18.47198,-34.2826499,0 18.4724499,-34.2824799,0 18.47274,-34.28223,0 18.4731699,-34.2814299,0 18.47316,-34.28103,0 18.47326,-34.28067,0 18.4733399,-34.28051,0 18.47351,-34.2804199,0 18.47368,-34.2802,0 18.4737299,-34.27974,0 18.4738599,-34.27942,0 18.47404,-34.27919,0 18.4743899,-34.2789699,0 18.47493,-34.2786,0 18.47499,-34.27824,0 18.4748,-34.27657,0 18.4748464,-34.2758167,0 18.4748499,-34.2757599,0 18.47466,-34.27542,0 18.47428,-34.2751299,0 18.47305,-34.2747,0 18.47188,-34.27399,0 18.4714299,-34.2736599,0 18.4707799,-34.27285,0 18.4704,-34.27262,0 18.4702199,-34.27258,0 18.4702,-34.27258,0 18.47018,-34.27259,0 18.4701599,-34.27258,0 18.47013,-34.27258,0 18.4701,-34.27258,0 18.47008,-34.27258,0 18.47005,-34.27258,0 18.47003,-34.27258,0 18.47001,-34.2725699,0 18.4699899,-34.2725699,0 18.46997,-34.27256,0 18.46994,-34.27256,0 18.4699199,-34.27255,0 18.46968,-34.27236,0 18.46968,-34.2723399,0 18.46967,-34.27232,0 18.4696599,-34.2723,0 18.46965,-34.2722799,0 18.46964,-34.27226,0 18.46962,-34.27225,0 18.4695999,-34.2722399,0 18.46958,-34.27223,0 18.46951,-34.2722099,0 18.4694999,-34.27219,0 18.46948,-34.2721799,0 18.4694699,-34.27216,0 18.46945,-34.2721499,0 18.4694299,-34.27213,0 18.46941,-34.27212,0 18.46939,-34.2721099,0 18.4693699,-34.2721099,0 18.46935,-34.2721,0 18.4693299,-34.2721,0 18.46931,-34.27209,0 18.46929,-34.27209,0 18.4692699,-34.2720799,0 18.4691099,-34.27207,0 18.46909,-34.27207,0 18.4690699,-34.27206,0 18.46905,-34.27204,0 18.46903,-34.27203,0 18.46902,-34.2719399,0 18.4690099,-34.2719199,0 18.469,-34.2719,0 18.46898,-34.27189,0 18.4689699,-34.27187,0 18.46896,-34.2718499,0 18.4689399,-34.27184,0 18.46893,-34.2718199,0 18.4689099,-34.27181,0 18.46889,-34.2718,0 18.4688799,-34.2717799,0 18.46886,-34.27177,0 18.4688399,-34.27176,0 18.46882,-34.2717499,0 18.4688099,-34.27173,0 18.46879,-34.2717199,0 18.4686799,-34.27167,0 18.46866,-34.27166,0 18.4686399,-34.2716499,0 18.46863,-34.27163,0 18.4686099,-34.2716199,0 18.46859,-34.27161,0 18.4685799,-34.2715899,0 18.46856,-34.2715899,0 18.4685499,-34.27157,0 18.46853,-34.2715599,0 18.4685099,-34.2715499,0 18.46849,-34.27154,0 18.4684799,-34.2715199,0 18.46846,-34.27151,0 18.46844,-34.2715,0 18.4684199,-34.27148,0 18.4684,-34.27148,0 18.46837,-34.2714599,0 18.46836,-34.27144,0 18.46834,-34.27143,0 18.4683199,-34.2714199,0 18.4683,-34.27141,0 18.4682799,-34.2714,0 18.46826,-34.27138,0 18.46824,-34.27137,0 18.4682199,-34.2713599,0 18.46821,-34.27134,0 18.4681899,-34.2713299,0 18.4681799,-34.27131,0 18.46817,-34.2712899,0 18.46816,-34.27127,0 18.4681499,-34.27125,0 18.46814,-34.2712299,0 18.46806,-34.27112,0 18.4680199,-34.2710299,0 18.46797,-34.27098,0 18.4679499,-34.27097,0 18.46793,-34.2709599,0 18.4679199,-34.27094,0 18.4679,-34.2709299,0 18.4678899,-34.27091,0 18.4678899,-34.27088,0 18.4678899,-34.27085,0 18.4678899,-34.27082,0 18.4678899,-34.27079,0 18.46788,-34.2707699,0 18.46788,-34.27074,0 18.46787,-34.27072,0 18.4678599,-34.2706999,0 18.4678599,-34.2706699,0 18.46785,-34.27065,0 18.46784,-34.27063,0 18.46783,-34.27061,0 18.46781,-34.27061,0 18.4678,-34.27059,0 18.4678,-34.27056,0 18.4678,-34.2705399,0 18.4677899,-34.27052,0 18.46778,-34.2704999,0 18.46777,-34.27048,0 18.46775,-34.2704699,0 18.46774,-34.27045,0 18.46772,-34.2704399,0 18.4677,-34.27043,0 18.46768,-34.27042,0 18.46767,-34.2704,0 18.46765,-34.27039,0 18.46764,-34.2703699,0 18.46762,-34.27036,0 18.46761,-34.2703399,0 18.4675999,-34.27032,0 18.46761,-34.2703,0 18.46761,-34.2702699,0 18.46761,-34.2702399,0 18.4675999,-34.27022,0 18.4675899,-34.2702,0 18.46757,-34.27019,0 18.46757,-34.27017,0 18.46757,-34.2701399,0 18.46757,-34.27012,0 18.46758,-34.2701,0 18.4675999,-34.27009,0 18.46761,-34.27007,0 18.46762,-34.2700499,0 18.46762,-34.27002,0 18.4675999,-34.2700099,0 18.4675899,-34.26999,0 18.46757,-34.26999,0 18.46755,-34.2699799,0 18.4675299,-34.2699799,0 18.46751,-34.26999,0 18.46749,-34.26999,0 18.46747,-34.2699799,0 18.46745,-34.2699699,0 18.46744,-34.2699499,0 18.46745,-34.26993,0 18.46744,-34.2699099,0 18.4674299,-34.26989,0 18.46742,-34.26987,0 18.46741,-34.2698499,0 18.46739,-34.26984,0 18.4673699,-34.26983,0 18.46735,-34.2698199,0 18.4673299,-34.2698099,0 18.46726,-34.26979,0 18.46724,-34.26979,0 18.46722,-34.2697799,0 18.4671999,-34.2697799,0 18.46719,-34.26976,0 18.4671699,-34.2697499,0 18.46716,-34.26973,0 18.46716,-34.2697,0 18.4671699,-34.2696799,0 18.46718,-34.26966,0 18.4671699,-34.26964,0 18.46716,-34.2696199,0 18.46715,-34.2696,0 18.4671299,-34.2695899,0 18.46712,-34.26957,0 18.46711,-34.2695499,0 18.46712,-34.26953,0 18.4671399,-34.26927,0 18.46709,-34.2690299,0 18.46693,-34.26888,0 18.4667699,-34.26846,0 18.46679,-34.2682099,0 18.4666399,-34.2680699,0 18.4667,-34.2676499,0 18.4665399,-34.26724,0 18.46682,-34.2669,0 18.466455,-34.2667004,0 18.4591464,-34.2630613,0 18.461764,-34.2590209,0 18.4662262,-34.2617197,0 18.4703548,-34.257738,0 18.4735956,-34.2546132,0 18.4748547,-34.2544997,0 18.4765903,-34.2542454,0 18.4767,-34.2542199,0 18.47631,-34.2541199,0 18.4761899,-34.2537299,0 18.4763599,-34.25331,0 18.4765599,-34.2530699,0 18.47654,-34.25292,0 18.47654,-34.25267,0 18.47638,-34.25246,0 18.4763599,-34.2522899,0 18.47655,-34.2520599,0 18.4764899,-34.25191,0 18.4762599,-34.25165,0 18.47637,-34.25129,0 18.47627,-34.2507799,0 18.47628,-34.25034,0 18.47653,-34.24994,0 18.47664,-34.2497299,0 18.47654,-34.24955,0 18.47667,-34.2491299,0 18.47667,-34.2486799,0 18.47657,-34.2485,0 18.47663,-34.24826,0 18.4766225,-34.2481658,0 18.4760139,-34.2483092,0 18.4751977,-34.2485035,0 18.4734186,-34.2485832,0 18.4707939,-34.2371813,0 18.4718031,-34.2367546,0 18.4746227,-34.2355624,0 18.4745961,-34.2353819,0 18.4745619,-34.2352563,0 18.4745221,-34.2351341,0 18.4744642,-34.234998,0 18.4743868,-34.2348524,0 18.4739308,-34.2341814,0 18.4738174,-34.2339846,0 18.4737511,-34.233845,0 18.4735284,-34.2332272,0 18.4731575,-34.2321511,0 18.47309,-34.2319929,0 18.4730278,-34.2318683,0 18.4729488,-34.2317472,0 18.4728434,-34.2316062,0 18.4727296,-34.2314733,0 18.4726267,-34.2313729,0 18.4724973,-34.2312632,0 18.4723247,-34.2311393,0 18.4721882,-34.2310528,0 18.4720753,-34.2309919,0 18.4718187,-34.2308793,0 18.4715663,-34.2307632,0 18.4713375,-34.2306646,0 18.4709792,-34.2304947,0 18.4708134,-34.2303871,0 18.4706617,-34.2302761,0 18.4705115,-34.230143,0 18.4703864,-34.2300193,0 18.4702823,-34.2298969,0 18.4701618,-34.2297117,0 18.4700706,-34.2295301,0 18.469988,-34.2293276,0 18.4699442,-34.2291741,0 18.4699129,-34.2290311,0 18.4698213,-34.2284755,0 18.4697275,-34.2280406,0 18.4696507,-34.2277987,0 18.4695792,-34.2276635,0 18.469448,-34.2274513,0 18.4692224,-34.2271893,0 18.4689446,-34.2268989,0 18.4687099,-34.2266342,0 18.468365,-34.22627,0 18.4681421,-34.2260574,0 18.4680003,-34.2259341,0 18.4678176,-34.2258148,0 18.4675891,-34.2256826,0 18.4673151,-34.2254994,0 18.4671883,-34.2254057,0 18.4671054,-34.2253012,0 18.4670091,-34.225102,0 18.466906,-34.2248733,0 18.4667524,-34.2245046,0 18.4635002,-34.2263373,0 18.4609572,-34.2280319,0 18.4603418,-34.2278305,0 18.4619129,-34.2251395,0 18.4575737,-34.2223043,0 18.4610149,-34.2219848,0 18.4610415,-34.221757,0 18.4606633,-34.2214765,0 18.4601178,-34.2208173,0 18.4600672,-34.2205722,0 18.4600246,-34.2204752,0 18.4594591,-34.219833,0 18.459656,-34.2195966,0 18.4598485,-34.219231,0 18.459983,-34.2186386,0 18.4571724,-34.2191812,0 18.4588987,-34.2168352,0 18.4592262,-34.216508,0 18.4595867,-34.2163943,0 18.4601082,-34.2164267,0 18.4609977,-34.2164643,0 18.4610601,-34.2164309,0 18.4613528,-34.216295,0 18.4604691,-34.214975,0 18.4611942,-34.2145822,0 18.459876,-34.2129018,0 18.4593911,-34.2106899,0 18.4590754,-34.2105521,0 18.4591873,-34.2103745,0 18.4590448,-34.2103133,0 18.4586458,-34.2098173,0 18.4579641,-34.2101959,0 18.4577837,-34.2099717,0 18.4573039,-34.210238,0 18.455673,-34.2077969,0 18.4553733,-34.2079512,0 18.4549566,-34.2080022,0 18.4546473,-34.2080054,0 18.4543602,-34.2079545,0 18.4540894,-34.2078632,0 18.4538597,-34.2077302,0 18.4538347,-34.2077129,0 18.4536413,-34.2075547,0 18.4534958,-34.2073826,0 18.4528313,-34.206394,0 18.4517232,-34.206029,0 18.4515261,-34.205837,0 18.4517876,-34.2055214,0 18.4517135,-34.2054455,0 18.4505103,-34.206256,0 18.4500489,-34.204925,0 18.4494606,-34.2046261,0 18.4476397,-34.20322,0 18.448482,-34.2023822,0 18.4472213,-34.2014957,0 18.4478224,-34.2009102,0 18.4471696,-34.2004496,0 18.4460185,-34.1997864,0 18.4444298,-34.1990901,0 18.4433902,-34.2005293,0 18.4427672,-34.2001498,0 18.4416302,-34.1994643,0 18.443037,-34.1973008,0 18.4422684,-34.1969419,0 18.4422539,-34.1969352,0 18.4424312,-34.1968808,0 18.4424553,-34.1967964,0 18.4416436,-34.1965869,0 18.4414154,-34.1969857,0 18.4411699,-34.1968881,0 18.4413962,-34.1964903,0 18.4408305,-34.196261,0 18.4407515,-34.1970431,0 18.4369208,-34.1963475,0 18.4368596,-34.1965665,0 18.4336571,-34.1960219,0 18.4336661,-34.196394,0 18.4336719,-34.1966341,0 18.4336882,-34.1973099,0 18.4314378,-34.1969076,0 18.4309163,-34.1967523,0 18.4308381,-34.1967288,0 18.4306295,-34.1966661,0 18.4303404,-34.1965791,0 18.4301096,-34.1965098,0 18.4299346,-34.1964692,0 18.4297415,-34.1964245,0 18.4297255,-34.1964208,0 18.4295165,-34.1963724,0 18.4293075,-34.196324,0 18.4290985,-34.1962756,0 18.4288895,-34.1962272,0 18.4286282,-34.1961667,0 18.4283852,-34.1961104,0 18.4281422,-34.1960541,0 18.4278993,-34.1959979,0 18.4276563,-34.1959417,0 18.4256263,-34.1941563,0 18.4254938,-34.1941741,0 18.4248905,-34.1943964,0 18.4247829,-34.1944467,0 18.4245699,-34.1945463,0 18.4244407,-34.1945826,0 18.4238441,-34.1946449,0 18.4238182,-34.1944784,0 18.4236344,-34.194491,0 18.4234604,-34.1945028,0 18.4231933,-34.1945209,0 18.4231526,-34.1944868,0 18.4231509,-34.1944854,0 18.4229067,-34.1942803,0 18.4227624,-34.1941593,0 18.4226183,-34.1940383,0 18.4224741,-34.1939173,0 18.4222371,-34.1937184,0 18.422232,-34.1937141,0 18.4223772,-34.1936038,0 18.4225851,-34.1934454,0 18.4230983,-34.193055,0 18.4230118,-34.192903,0 18.422179,-34.1925084,0 18.4224667,-34.1921565,0 18.4221515,-34.1920463,0 18.4216566,-34.1918741,0 18.4217902,-34.1915861,0 18.4219813,-34.1916473,0 18.4229499,-34.1919123,0 18.4234424,-34.1916104,0 18.4238796,-34.1913499,0 18.4240377,-34.1913844,0 18.4217863,-34.1899697,0 18.4213614,-34.1885987,0 18.4236129,-34.1882394,0 18.4233839,-34.1880105,0 18.4232363,-34.1879209,0 18.4231321,-34.1877934,0 18.4229475,-34.187574,0 18.4227219,-34.1873485,0 18.4225085,-34.1871351,0 18.4223731,-34.1869923,0 18.4220905,-34.1866942,0 18.4220182,-34.186618,0 18.4218504,-34.186441,0 18.4216736,-34.1862545,0 18.4216312,-34.1862098,0 18.4214805,-34.1860508,0 18.4212815,-34.1858896,0 18.4211761,-34.1858043,0 18.4209984,-34.1856604,0 18.4208758,-34.185561,0 18.4208145,-34.1855227,0 18.4204906,-34.1853204,0 18.4203531,-34.1852345,0 18.4202808,-34.1851638,0 18.4202032,-34.1851024,0 18.4201094,-34.1850485,0 18.4199814,-34.1849696,0 18.4198625,-34.1848985,0 18.4197848,-34.1848332,0 18.4196981,-34.1847546,0 18.4195887,-34.1846453,0 18.4194928,-34.1845647,0 18.4193968,-34.1845013,0 18.4193122,-34.1844417,0 18.4192345,-34.1843918,0 18.4191911,-34.1843534,0 18.4190976,-34.1842671,0 18.4189927,-34.184154,0 18.4188741,-34.1840466,0 18.4187508,-34.1839391,0 18.4187075,-34.1838912,0 18.418685,-34.1838301,0 18.4186922,-34.1837805,0 18.4187086,-34.1837386,0 18.4187387,-34.1837063,0 18.4187872,-34.1836607,0 18.4188241,-34.1836342,0 18.4189092,-34.1836079,0 18.4189967,-34.1835816,0 18.4191047,-34.1835611,0 18.4191714,-34.1835481,0 18.4192336,-34.1835216,0 18.4193096,-34.1834915,0 18.4193419,-34.1834592,0 18.4193836,-34.1834059,0 18.419495,-34.1832347,0 18.4195529,-34.1831549,0 18.4195923,-34.1831093,0 18.4196615,-34.1830619,0 18.4197146,-34.1830221,0 18.4197906,-34.1829824,0 18.4198735,-34.1829503,0 18.4199127,-34.1829238,0 18.4199589,-34.1828801,0 18.4199984,-34.1828135,0 18.4200172,-34.1827487,0 18.4200131,-34.18268,0 18.4200045,-34.1825998,0 18.4199712,-34.1824279,0 18.4199445,-34.1823,0 18.4199221,-34.1822159,0 18.4198836,-34.1821508,0 18.4198381,-34.1820877,0 18.4197879,-34.1820416,0 18.4197353,-34.1820051,0 18.4196667,-34.1819685,0 18.41955,-34.1819031,0 18.4194334,-34.1818396,0 18.4192848,-34.1817473,0 18.4192003,-34.1816801,0 18.4191318,-34.1816244,0 18.4190794,-34.181567,0 18.4190338,-34.181519,0 18.4189609,-34.1814252,0 18.4188973,-34.1813238,0 18.4188476,-34.1812129,0 18.4187868,-34.1810408,0 18.4187513,-34.1808651,0 18.4187498,-34.1807373,0 18.4187597,-34.1806438,0 18.4187677,-34.1804759,0 18.4187687,-34.1803347,0 18.4187696,-34.1801916,0 18.418759,-34.1800733,0 18.418739,-34.179972,0 18.4187144,-34.1798727,0 18.4186672,-34.179737,0 18.4186265,-34.1796376,0 18.4185221,-34.1794596,0 18.4182943,-34.1791971,0 18.4180437,-34.1789154,0 18.4174992,-34.1783042,0 18.4172782,-34.178057,0 18.417146,-34.177917,0 18.4170913,-34.17785,0 18.4170548,-34.1778193,0 18.4170067,-34.1778,0 18.4169608,-34.1777978,0 18.4169136,-34.1777884,0 18.4168779,-34.1777719,0 18.4168496,-34.1777354,0 18.4168271,-34.1776889,0 18.4168207,-34.177624,0 18.4167936,-34.1775513,0 18.416778,-34.1774807,0 18.4167783,-34.1774387,0 18.4167855,-34.1774006,0 18.416811,-34.1773568,0 18.4168503,-34.1773169,0 18.416976,-34.1772173,0 18.4164271,-34.1771087,0 18.4157781,-34.1768698,0 18.4149331,-34.1761896,0 18.4144202,-34.1756519,0 18.4136165,-34.1748093,0 18.4134206,-34.1746038,0 18.4128147,-34.1741875,0 18.4083456,-34.1711161,0 18.4068502,-34.1700886,0 18.4056045,-34.1692327,0 18.4012289,-34.1663538,0 18.3998752,-34.1655553,0 18.4001413,-34.1617248,0 18.4003297,-34.1611283,0 18.3953678,-34.1577306,0 18.3960076,-34.1571633,0 18.3998473,-34.1568247,0 18.3987459,-34.1554552,0 18.3971506,-34.1555292,0 18.3996331,-34.1511763,0 18.4104328,-34.1504573,0 18.4048247,-34.1463963,0 18.4039297,-34.1457482,0 18.4039836,-34.1457545,0 18.4055758,-34.1458116,0 18.4056832,-34.1458156,0 18.4066136,-34.1458496,0 18.4075173,-34.1460655,0 18.4100269,-34.1470168,0 18.4127739,-34.1485996,0 18.4137922,-34.1491863,0 18.4138311,-34.1492087,0 18.4163847,-34.1503998,0 18.4192117,-34.1519335,0 18.4215977,-34.1532279,0 18.4220287,-34.1533309,0 18.4256752,-34.1549051,0 18.4254424,-34.1541514,0 18.423957,-34.1493496,0 18.4238598,-34.1490353,0 18.4241241,-34.1489332,0 18.4242707,-34.1488747,0 18.4245555,-34.1487964,0 18.4248561,-34.1487568,0 18.4251653,-34.1487664,0 18.4252566,-34.1487298,0 18.4254882,-34.1488221,0 18.4267919,-34.1495484,0 18.4270601,-34.1496208,0 18.4274156,-34.1497167,0 18.4286666,-34.1506654,0 18.4297676,-34.1515018,0 18.4336833,-34.1544756,0 18.4345653,-34.1551426,0 18.4352154,-34.1556341,0 18.4355567,-34.1553541,0 18.4360479,-34.1548606,0 18.4362123,-34.1545999,0 18.4344036,-34.1532956,0 18.434757,-34.151686,0 18.4375929,-34.1532359,0 18.4390333,-34.1516974,0 18.4369418,-34.15098,0 18.4344281,-34.1467404,0 18.4325343,-34.1445115,0 18.4289787,-34.1435704,0 18.428761,-34.1435128,0 18.4261815,-34.1435747,0 18.4235151,-34.1415559,0 18.4182744,-34.1391128,0 18.4166134,-34.1384249,0 18.4165951,-34.1384174,0 18.4162111,-34.1381434,0 18.4160813,-34.1380508,0 18.4156789,-34.1377637,0 18.4153284,-34.1375136,0 18.4152374,-34.1374487,0 18.4144718,-34.1369024,0 18.4144301,-34.1369379,0 18.4141702,-34.1371583,0 18.4131087,-34.1367435,0 18.4127733,-34.1362651,0 18.4122599,-34.1355325,0 18.4118882,-34.1358477,0 18.4117908,-34.1357682,0 18.4113038,-34.1353707,0 18.4112058,-34.1352915,0 18.4109136,-34.1350531,0 18.4111235,-34.1348755,0 18.4096558,-34.1339735,0 18.4084213,-34.1338234,0 18.4069933,-34.1333968,0 18.4022674,-34.1316329,0 18.4019444,-34.1316259,0 18.4018712,-34.132503,0 18.4011941,-34.1329594,0 18.4014915,-34.1333644,0 18.4012787,-34.1338742,0 18.4003828,-34.1336236,0 18.4004335,-34.1334721,0 18.397646,-34.1353508,0 18.3976492,-34.1353599,0 18.3976501,-34.1353625,0 18.3977766,-34.1357273,0 18.3991136,-34.1395812,0 18.4003547,-34.1431587,0 18.3998607,-34.1435049,0 18.3993695,-34.1438493,0 18.3988784,-34.1433305,0 18.3981195,-34.1426533,0 18.3973193,-34.1421987,0 18.3958168,-34.1412133,0 18.3956154,-34.1414257,0 18.3926187,-34.1396312,0 18.3925206,-34.1397213,0 18.3916785,-34.1392024,0 18.391513,-34.1393829,0 18.3912763,-34.1393267,0 18.3910428,-34.1392094,0 18.3906902,-34.1392897,0 18.3902146,-34.1390957,0 18.3897273,-34.1390677,0 18.3895607,-34.1390143,0 18.3891345,-34.1386307,0 18.3887787,-34.1383401,0 18.3881389,-34.1380767,0 18.3879672,-34.1380398,0 18.3877611,-34.1381738,0 18.3863397,-34.1386101,0 18.3862583,-34.1384275,0 18.3864136,-34.1382138,0 18.3859698,-34.1383493,0 18.386056,-34.1384269,0 18.3858974,-34.1386451,0 18.3857612,-34.1387773,0 18.3849273,-34.1385897,0 18.3849162,-34.1386807,0 18.3813266,-34.1386211,0 18.3813393,-34.1385745,0 18.380148,-34.1386198,0 18.3796234,-34.1394288,0 18.3785481,-34.1394769,0 18.3778949,-34.1389518,0 18.3774805,-34.1394749,0 18.3762932,-34.1387333,0 18.3757002,-34.1383629,0 18.3750938,-34.1381283,0 18.3745434,-34.1383057,0 18.3744823,-34.1381217,0 18.3739698,-34.1382857,0 18.3738632,-34.1379613,0 18.3731239,-34.1381295,0 18.3729219,-34.1375147,0 18.370331,-34.1381036,0 18.3701636,-34.1395095,0 18.370066,-34.1395296,0 18.369735,-34.1396324,0 18.3695457,-34.1397475,0 18.3694441,-34.1398758,0 18.3692687,-34.1402584,0 18.3688116,-34.1410524,0 18.3683267,-34.1414759,0 18.3680611,-34.1415708,0 18.3677327,-34.1416245,0 18.3674754,-34.1416123,0 18.3668111,-34.141458,0 18.3666061,-34.14136,0 18.3663115,-34.1413021,0 18.3658049,-34.1412983,0 18.3652549,-34.1413854,0 18.3645073,-34.1417464,0 18.364384,-34.1418797,0 18.3644194,-34.1425842,0 18.3646747,-34.1437168,0 18.3644613,-34.1441766,0 18.363785,-34.1443724,0 18.3625413,-34.1445591,0 18.3618135,-34.1448382,0 18.3614963,-34.1452662,0 18.3614231,-34.145892,0 18.3617859,-34.146859,0 18.3626136,-34.147363,0 18.36297,-34.1487152,0 18.3618769,-34.1504421,0 18.3614926,-34.1508254,0 18.3606269,-34.1482963,0 18.3605241,-34.1487816,0 18.3601596,-34.1486829,0 18.3601121,-34.148907,0 18.3597476,-34.1488083,0 18.3597288,-34.1488969,0 18.3594686,-34.1488264,0 18.3594394,-34.1489645,0 18.3591726,-34.1488519,0 18.3591491,-34.1488906,0 18.3585653,-34.1493963,0 18.3591203,-34.150055,0 18.3589834,-34.1559234,0 18.3563047,-34.15723,0 18.3556947,-34.1567434,0 18.3541538,-34.1580864,0 18.3511196,-34.1556649,0 18.350758,-34.155978,0 18.3506815,-34.1559793,0 18.3477698,-34.1536559,0 18.3475797,-34.1535094,0 18.3474626,-34.1536109,0 18.3470116,-34.1532509,0 18.3468093,-34.1530947,0 18.3470545,-34.1527449,0 18.3472533,-34.1523874,0 18.3474117,-34.1520162,0 18.3475285,-34.1516345,0 18.3476027,-34.1512454,0 18.3476335,-34.1508524,0 18.3476207,-34.1504586,0 18.3475645,-34.1500675,0 18.3474653,-34.1496824,0 18.347323,-34.1493039,0 18.3469981,-34.1485535,0 18.3465979,-34.1476528,0 18.3462937,-34.1468695,0 18.3459843,-34.1461264,0 18.3458945,-34.1458277,0 18.3458147,-34.1454808,0 18.3457922,-34.1452116,0 18.3458056,-34.1449455,0 18.3458504,-34.1446146,0 18.3460469,-34.1436405,0 18.3459071,-34.1434816,0 18.3375257,-34.1425476,0 18.3367933,-34.144027,0 18.3344226,-34.1446912,0 18.3342106,-34.1447506,0 18.3325,-34.1452297,0 18.3270668,-34.1467552,0 18.3243613,-34.1475146,0 18.3242359,-34.1473643,0 18.3236504,-34.1469683,0 18.3231812,-34.1466516,0 18.3229853,-34.1468011,0 18.322851,-34.1469763,0 18.3227526,-34.1471124,0 18.3226276,-34.1473297,0 18.322602,-34.1475221,0 18.3225938,-34.1476323,0 18.3225282,-34.1475807,0 18.3222144,-34.1473341,0 18.3210882,-34.1464493,0 18.3195705,-34.1452568,0 18.3191023,-34.1448889,0 18.3189421,-34.1447673,0 18.31862,-34.14508,0 18.3185216,-34.1452809,0 18.31838,-34.14557,0 18.31833,-34.14591,0 18.31856,-34.1472,0 18.3187635,-34.1481087,0 18.3190977,-34.1480173,0 18.3201293,-34.1477388,0 18.3203683,-34.1478113,0 18.3210192,-34.1489003,0 18.3202583,-34.1491981,0 18.3201693,-34.1487511,0 18.3192997,-34.1489624,0 18.3190958,-34.1490138,0</coordinates></LinearRing></outerBoundaryIs>
          <innerBoundaryIs><LinearRing><coordinates>18.4150585,-34.1872932,0 18.4134456,-34.1883437,0 18.4133462,-34.188333,0 18.4133246,-34.1883307,0 18.4130575,-34.188302,0 18.4129111,-34.1882863,0 18.4128894,-34.188284,0 18.4128489,-34.1882796,0 18.413173,-34.1860472,0 18.4132066,-34.1858161,0 18.4160636,-34.1866233,0 18.4150585,-34.1872932,0</coordinates></LinearRing></innerBoundaryIs>
          <innerBoundaryIs><LinearRing><coordinates>18.4179739,-34.1801687,0 18.417275,-34.1805503,0 18.4170794,-34.1803035,0 18.4174051,-34.1801257,0 18.4177788,-34.1799215,0 18.4179739,-34.1801687,0</coordinates></LinearRing></innerBoundaryIs>
          <innerBoundaryIs><LinearRing><coordinates>18.4150487,-34.1820028,0 18.4155628,-34.182249,0 18.4150209,-34.1830164,0 18.4145048,-34.1827736,0 18.4150487,-34.1820028,0</coordinates></LinearRing></innerBoundaryIs>
          <innerBoundaryIs><LinearRing><coordinates>18.4078886,-34.1933627,0 18.4097714,-34.1931057,0 18.4102346,-34.1930418,0 18.4111241,-34.1929201,0 18.4097625,-34.1948029,0 18.4085973,-34.1946876,0 18.4083163,-34.1946598,0 18.4080835,-34.1946366,0 18.4078886,-34.1933627,0</coordinates></LinearRing></innerBoundaryIs>
          <innerBoundaryIs><LinearRing><coordinates>18.4684027,-34.2566167,0 18.4612449,-34.2524909,0 18.4574203,-34.2502985,0 18.4544036,-34.2539186,0 18.4606586,-34.2556718,0 18.4593665,-34.2578085,0 18.4591633,-34.2581435,0 18.4591495,-34.2581675,0 18.459045,-34.2583415,0 18.4590246,-34.2583754,0 18.4589264,-34.2583171,0 18.4587273,-34.2582277,0 18.4585597,-34.2581666,0 18.4584057,-34.258117,0 18.4582517,-34.2580786,0 18.4569714,-34.2577884,0 18.4562433,-34.2576194,0 18.4558701,-34.257531,0 18.4531222,-34.2569123,0 18.4530675,-34.2568997,0 18.4523964,-34.2567336,0 18.4519819,-34.2566017,0 18.4517668,-34.2565273,0 18.4515043,-34.2564262,0 18.4508322,-34.2561293,0 18.4497213,-34.255625,0 18.4491217,-34.2553434,0 18.4479859,-34.2548352,0 18.4472528,-34.2544965,0 18.4465343,-34.2541782,0 18.4463523,-34.2540967,0 18.4460175,-34.2539407,0 18.4456603,-34.2537843,0 18.4455174,-34.2537217,0 18.4450808,-34.2535181,0 18.4441803,-34.2531071,0 18.443506,-34.2528176,0 18.4427889,-34.2524827,0 18.4424989,-34.2523512,0 18.4423522,-34.2522847,0 18.4418386,-34.2520582,0 18.4411668,-34.2517404,0 18.4404724,-34.2514019,0 18.4393284,-34.2507692,0 18.4392581,-34.2507273,0 18.4392166,-34.2507855,0 18.4376136,-34.2498032,0 18.4338753,-34.2472182,0 18.4327867,-34.2464894,0 18.4300343,-34.2448966,0 18.4244221,-34.2419527,0 18.4229726,-34.2408464,0 18.4225924,-34.2404157,0 18.4218516,-34.2395091,0 18.4196929,-34.2375876,0 18.4183214,-34.2362646,0 18.4175214,-34.23522,0 18.419493,-34.2342718,0 18.4216852,-34.2332172,0 18.4257723,-34.230373,0 18.4408936,-34.2282058,0 18.4363959,-34.2230572,0 18.434252,-34.2236529,0 18.4310853,-34.2228779,0 18.4193547,-34.2146,0 18.4163121,-34.2122379,0 18.4191225,-34.2062993,0 18.4134338,-34.1995506,0 18.4173975,-34.1991733,0 18.4170166,-34.1946403,0 18.4169976,-34.1944138,0 18.4171773,-34.1936947,0 18.4172421,-34.1934301,0 18.4174997,-34.1923784,0 18.4183138,-34.1929748,0 18.4193104,-34.1937047,0 18.4216117,-34.1953902,0 18.4239453,-34.1970993,0 18.4243114,-34.1972539,0 18.4244248,-34.1973018,0 18.4244804,-34.1973252,0 18.4244902,-34.1973294,0 18.4245037,-34.1973351,0 18.4246594,-34.1974008,0 18.4256288,-34.1978101,0 18.4266617,-34.1982463,0 18.4272776,-34.1985063,0 18.4274689,-34.1985871,0 18.4277657,-34.1987106,0 18.4281918,-34.1988923,0 18.4297207,-34.1995378,0 18.4299785,-34.1996547,0 18.4300625,-34.1996927,0 18.4304358,-34.1998398,0 18.4304959,-34.1998651,0 18.430584,-34.1999023,0 18.4310055,-34.2000803,0 18.4312731,-34.2001968,0 18.4316027,-34.2003324,0 18.4337834,-34.2012531,0 18.4343829,-34.2015916,0 18.4346035,-34.2017161,0 18.43578,-34.2023804,0 18.4358769,-34.2024351,0 18.4361156,-34.2026307,0 18.4364391,-34.2028959,0 18.4387267,-34.2047707,0 18.4398844,-34.2057269,0 18.4407933,-34.2064776,0 18.4410685,-34.206754,0 18.4416659,-34.2073541,0 18.4425845,-34.2082769,0 18.4427332,-34.2084262,0 18.4431911,-34.2086758,0 18.4440074,-34.2091207,0 18.4449026,-34.2096086,0 18.4451302,-34.2097326,0 18.4455819,-34.2099788,0 18.4461433,-34.2102848,0 18.4467689,-34.210626,0 18.4476641,-34.2118641,0 18.4503762,-34.2156405,0 18.4504197,-34.2156835,0 18.4514325,-34.2166839,0 18.4530413,-34.2182732,0 18.4530957,-34.2184065,0 18.4567179,-34.2272823,0 18.4658036,-34.2430166,0 18.4659244,-34.2443044,0 18.4662206,-34.247461,0 18.4687165,-34.2507377,0 18.4684027,-34.2566167,0</coordinates></LinearRing></innerBoundaryIs>
        </Polygon>
        <Polygon>
          <altitudeMode>clampToGround</altitudeMode>
          <outerBoundaryIs><LinearRing><coordinates>18.4542003,-34.1982785,0 18.45408,-34.1982199,0 18.45373,-34.1981299,0 18.45382,-34.19808,0 18.4540399,-34.19811,0 18.45416,-34.19805,0 18.45409,-34.1978599,0 18.45399,-34.19782,0 18.4539699,-34.19782,0 18.45376,-34.19781,0 18.4536099,-34.19762,0 18.4535748,-34.197555,0 18.4533758,-34.1974934,0 18.4533352,-34.1973855,0 18.45323,-34.19735,0 18.45321,-34.1973399,0 18.45313,-34.1972399,0 18.4530616,-34.1972133,0 18.45298,-34.1972099,0 18.4528746,-34.197257,0 18.4528199,-34.19732,0 18.4527354,-34.1975448,0 18.4526946,-34.1976581,0 18.4526238,-34.1977199,0 18.4525062,-34.1978093,0 18.4524361,-34.197941,0 18.452335,-34.1980065,0 18.4522216,-34.1980522,0 18.4521299,-34.1980683,0 18.4520052,-34.1980645,0 18.4518919,-34.1980394,0 18.4518149,-34.1980086,0 18.4517733,-34.197992,0 18.4515126,-34.1978197,0 18.4514295,-34.1977389,0 18.4513014,-34.1975588,0 18.4512799,-34.19746,0 18.4512653,-34.1973388,0 18.4511965,-34.1972472,0 18.4510578,-34.197094,0 18.4509463,-34.196961,0 18.4508671,-34.1968569,0 18.4508128,-34.1967814,0 18.4507482,-34.1966862,0 18.45071,-34.19664,0 18.4505854,-34.1964997,0 18.4505271,-34.1963716,0 18.4504899,-34.1962112,0 18.4505232,-34.19606,0 18.4506038,-34.195926,0 18.450663,-34.1958587,0 18.4507107,-34.1958349,0 18.4507757,-34.1958047,0 18.4508395,-34.1957795,0 18.45086,-34.19575,0 18.4508543,-34.1956327,0 18.4508348,-34.1955221,0 18.4508133,-34.1954981,0 18.4507813,-34.1954811,0 18.4506899,-34.19546,0 18.4506586,-34.1953662,0 18.4506288,-34.1953264,0 18.45058,-34.19529,0 18.4505328,-34.1952849,0 18.4504825,-34.1953,0 18.4504599,-34.1953299,0 18.450414,-34.1953964,0 18.450363,-34.1954151,0 18.4503185,-34.1954003,0 18.450034,-34.1952785,0 18.4499635,-34.1952625,0 18.4498958,-34.195271,0 18.4497953,-34.1952778,0 18.449702,-34.1952444,0 18.4495398,-34.195065,0 18.4494272,-34.1950361,0 18.4492904,-34.1950162,0 18.4490014,-34.1950045,0 18.4489029,-34.1950104,0 18.4488141,-34.1950149,0 18.4486984,-34.1950176,0 18.4487079,-34.1950406,0 18.449058,-34.1952881,0 18.4492949,-34.195476,0 18.449087,-34.1957182,0 18.449008,-34.1958111,0 18.4493238,-34.1960233,0 18.4501421,-34.1967798,0 18.4506615,-34.1975124,0 18.4507923,-34.1974484,0 18.4510163,-34.1977647,0 18.4512206,-34.1979771,0 18.4514399,-34.1980864,0 18.4520051,-34.1983042,0 18.4520394,-34.1983071,0 18.4521702,-34.1983085,0 18.4522482,-34.1982825,0 18.4524625,-34.1982359,0 18.4526083,-34.1981821,0 18.4526357,-34.1982184,0 18.4528469,-34.1981004,0 18.4528574,-34.1981143,0 18.4529479,-34.1980846,0 18.4531309,-34.1982413,0 18.4532322,-34.1981801,0 18.4536356,-34.1985881,0 18.4538278,-34.1984706,0 18.4538373,-34.1984328,0 18.4539109,-34.1983854,0 18.453948,-34.1984284,0 18.4542003,-34.1982785,0</coordinates></LinearRing></outerBoundaryIs>
        </Polygon>
      </MultiGeometry>
    </Placemark>
    <Placemark>
      <name>FR24 ZSHIE 3e1a1a65</name>
      <description><![CDATA[Source: ADS-B
Start (SAST): 2026-01-29 11:08:41
End (SAST): 2026-01-29 15:40:01
Points: 3143]]></description>
      <Style><LineStyle><color>ffff0000</color><width>4</width></LineStyle></Style>
      <LineString>
        <tessellate>1</tessellate>
        <altitudeMode>absolute</altitudeMode>
        <coordinates>18.42876,-33.89766,45.72 18.4299,-33.89575,76.2 18.43108,-33.89397,106.68 18.4318,-33.89282,106.68 18.4322,-33.89223,114.30000000000001 18.43271,-33.89152,114.30000000000001 18.43304,-33.89095,121.92 18.43346,-33.89031,129.54000000000002 18.43388,-33.88966,129.54000000000002 18.43426,-33.88905,137.16 18.43472,-33.88829,144.78 18.43512,-33.88765,144.78 18.43539,-33.88705,152.4 18.43573,-33.88637,160.02 18.43592,-33.8857,167.64000000000001 18.43615,-33.88496,175.26000000000002 18.43612,-33.88426,182.88 18.43592,-33.88356,190.5 18.43563,-33.88314,198.12 18.43511,-33.88261,205.74 18.43444,-33.88216,213.36 18.43386,-33.88188,220.98000000000002 18.43306,-33.88165,228.60000000000002 18.43231,-33.88142,236.22 18.43164,-33.88129,243.84 18.43108,-33.88115,251.46 18.43025,-33.881,251.46 18.42957,-33.88092,259.08000000000004 18.42889,-33.88087,266.7 18.42805,-33.88078,266.7 18.42733,-33.88072,274.32 18.42659,-33.88072,281.94 18.42567,-33.88067,281.94 18.42493,-33.88067,289.56 18.42436,-33.88067,297.18 18.42344,-33.88067,304.8 18.42278,-33.88065,304.8 18.42177,-33.88069,312.42 18.42099,-33.88074,320.04 18.4203,-33.88076,320.04 18.41938,-33.88086,327.66 18.41858,-33.88091,335.28000000000003 18.41789,-33.88095,342.90000000000003 18.41698,-33.88105,350.52000000000004 18.416,-33.88118,358.14000000000004 18.41515,-33.88128,365.76 18.41454,-33.88133,365.76 18.4136,-33.88146,373.38 18.41297,-33.88152,381 18.41223,-33.8816,388.62 18.41129,-33.8817,396.24 18.41034,-33.88184,403.86 18.40956,-33.88197,411.48 18.4086,-33.88211,419.1 18.40771,-33.88226,419.1 18.40686,-33.88243,426.72 18.40593,-33.88258,441.96000000000004 18.40519,-33.88272,449.58000000000004 18.40445,-33.88284,449.58000000000004 18.40361,-33.88303,457.20000000000005 18.40284,-33.88323,464.82000000000005 18.40204,-33.88339,472.44 18.40124,-33.88361,480.06 18.40036,-33.88385,487.68 18.39958,-33.88412,495.3 18.39872,-33.8844,502.92 18.39809,-33.88458,510.54 18.39712,-33.88496,518.1600000000001 18.39638,-33.88518,525.78 18.39554,-33.8855,525.78 18.39464,-33.88586,533.4 18.39369,-33.88631,541.02 18.39306,-33.88663,548.64 18.3922,-33.88705,548.64 18.39134,-33.88752,563.88 18.39022,-33.88806,571.5 18.3894,-33.88849,579.12 18.38871,-33.88891,579.12 18.38791,-33.88933,586.74 18.38725,-33.88976,594.36 18.38629,-33.89026,601.98 18.38556,-33.89073,609.6 18.3847,-33.89124,617.22 18.38405,-33.89163,624.84 18.38338,-33.89204,632.46 18.38259,-33.89264,640.08 18.38186,-33.8931,647.7 18.38127,-33.89357,655.32 18.38058,-33.89403,662.94 18.37985,-33.89456,670.5600000000001 18.37927,-33.89501,685.8000000000001 18.37847,-33.89561,693.4200000000001 18.37795,-33.89603,701.0400000000001 18.37738,-33.89645,708.6600000000001 18.37675,-33.89697,716.2800000000001 18.37604,-33.89749,723.9000000000001 18.37538,-33.89804,731.52 18.37486,-33.8985,731.52 18.37429,-33.89897,739.14 18.37366,-33.89952,746.76 18.37297,-33.90013,746.76 18.37234,-33.90069,746.76 18.37154,-33.90153,746.76 18.3711,-33.90202,746.76 18.37026,-33.90294,754.38 18.36953,-33.90367,754.38 18.36885,-33.90446,754.38 18.36824,-33.90509,754.38 18.36754,-33.90581,762 18.36674,-33.9067,762 18.36588,-33.90763,762 18.36522,-33.90839,769.62 18.36445,-33.90921,769.62 18.36314,-33.91072,769.62 18.3617,-33.91237,777.24 18.35901,-33.91573,784.86 18.35838,-33.91652,784.86 18.35776,-33.91736,784.86 18.35707,-33.91829,784.86 18.35649,-33.91912,784.86 18.3558,-33.92024,784.86 18.35529,-33.92103,784.86 18.35461,-33.92225,784.86 18.35412,-33.92317,784.86 18.35367,-33.92413,784.86 18.35311,-33.92523,784.86 18.35278,-33.92601,784.86 18.35221,-33.9272,784.86 18.35188,-33.92802,784.86 18.3514,-33.92904,784.86 18.35092,-33.93022,784.86 18.35054,-33.93127,784.86 18.35014,-33.93228,784.86 18.34986,-33.93306,784.86 18.34934,-33.93439,784.86 18.34894,-33.93537,784.86 18.3486,-33.93635,777.24 18.3482,-33.93732,777.24 18.3478,-33.9383,777.24 18.34728,-33.93965,777.24 18.34694,-33.94052,777.24 18.34644,-33.94185,777.24 18.34605,-33.94281,777.24 18.3456,-33.944,777.24 18.34517,-33.9451,777.24 18.34471,-33.94631,777.24 18.34453,-33.94739,777.24 18.34453,-33.9483,777.24 18.34481,-33.94958,777.24 18.34521,-33.95036,777.24 18.34602,-33.95134,777.24 18.34711,-33.95208,777.24 18.34808,-33.9525,777.24 18.34919,-33.9527,769.62 18.35025,-33.95274,777.24 18.35126,-33.95256,769.62 18.35243,-33.95204,762 18.35318,-33.95143,762 18.35378,-33.95064,754.38 18.35429,-33.94963,746.76 18.35473,-33.94853,739.14 18.35512,-33.94757,731.52 18.35541,-33.94673,731.52 18.35586,-33.94551,723.9000000000001 18.35608,-33.94473,716.2800000000001 18.35655,-33.94319,708.6600000000001 18.35678,-33.94217,708.6600000000001 18.35715,-33.94089,701.0400000000001 18.35752,-33.93966,693.4200000000001 18.35781,-33.93872,693.4200000000001 18.35827,-33.93742,685.8000000000001 18.35861,-33.93644,685.8000000000001 18.35911,-33.93498,678.1800000000001 18.35956,-33.93388,670.5600000000001 18.35993,-33.9329,662.94 18.36045,-33.93169,662.94 18.36085,-33.93068,662.94 18.36142,-33.92955,655.32 18.3621,-33.92844,647.7 18.36281,-33.92734,632.46 18.36337,-33.92651,632.46 18.36422,-33.92541,632.46 18.36488,-33.92464,632.46 18.36578,-33.92363,632.46 18.36657,-33.9228,632.46 18.36746,-33.92184,632.46 18.36824,-33.92107,632.46 18.36897,-33.92029,624.84 18.36977,-33.91945,624.84 18.37105,-33.91818,624.84 18.372,-33.91722,617.22 18.37297,-33.91629,617.22 18.37378,-33.91549,609.6 18.3748,-33.91452,609.6 18.3757,-33.9137,609.6 18.37675,-33.91265,601.98 18.37772,-33.91172,601.98 18.37852,-33.91098,601.98 18.37955,-33.91005,594.36 18.38029,-33.9093,594.36 18.38116,-33.90851,586.74 18.38181,-33.90788,586.74 18.38287,-33.90688,586.74 18.38379,-33.90595,579.12 18.38461,-33.90514,579.12 18.38545,-33.90432,579.12 18.38635,-33.90344,579.12 18.38734,-33.90246,571.5 18.39071,-33.8992,556.26 18.39162,-33.89841,548.64 18.39266,-33.89748,548.64 18.39352,-33.89669,541.02 18.39442,-33.89594,541.02 18.39552,-33.89501,533.4 18.39661,-33.89417,525.78 18.39756,-33.89342,525.78 18.39874,-33.89264,525.78 18.39975,-33.89198,518.1600000000001 18.40115,-33.89122,510.54 18.40227,-33.89063,510.54 18.4037,-33.88993,502.92 18.40479,-33.88943,502.92 18.40591,-33.88893,495.3 18.40731,-33.88835,495.3 18.40849,-33.88788,487.68 18.40989,-33.88737,480.06 18.41107,-33.88696,472.44 18.41257,-33.88644,464.82000000000005 18.41377,-33.88607,457.20000000000005 18.41526,-33.8857,449.58000000000004 18.41645,-33.88545,449.58000000000004 18.41766,-33.88523,449.58000000000004 18.41897,-33.88499,441.96000000000004 18.42064,-33.88477,441.96000000000004 18.42178,-33.88467,434.34000000000003 18.42312,-33.88458,434.34000000000003 18.42452,-33.88458,426.72 18.42585,-33.88463,426.72 18.42721,-33.88472,419.1 18.42871,-33.88496,411.48 18.43008,-33.88519,403.86 18.43151,-33.88556,396.24 18.43277,-33.88589,396.24 18.43416,-33.88632,388.62 18.43546,-33.88686,388.62 18.43668,-33.88747,381 18.43752,-33.88792,381 18.43878,-33.88863,373.38 18.43988,-33.88939,365.76 18.44084,-33.89012,350.52000000000004 18.44193,-33.89101,342.90000000000003 18.44255,-33.89161,327.66 18.44358,-33.89259,312.42 18.44419,-33.89333,304.8 18.44492,-33.89429,289.56 18.44537,-33.89511,274.32 18.44571,-33.89639,259.08000000000004 18.44587,-33.89729,243.84 18.4457,-33.89822,236.22 18.44543,-33.89905,228.60000000000002 18.44387,-33.90041,213.36 18.44336,-33.9006,198.12 18.44278,-33.90078,182.88 18.43331,-33.88434,213.36 18.43176,-33.88068,236.22 18.42373,-33.87654,327.66 18.4321,-33.87911,342.90000000000003 18.43047,-33.87861,350.52000000000004 18.43157,-33.87967,365.76 18.43436,-33.88057,373.38 18.41224,-33.87868,525.78 18.40902,-33.87928,556.26 18.40748,-33.87965,571.5 18.40673,-33.87988,571.5 18.40582,-33.88011,579.12 18.40918,-33.88096,586.74 18.40187,-33.88133,594.36 18.4009,-33.88165,594.36 18.39997,-33.88197,601.98 18.39895,-33.8823,601.98 18.39784,-33.88271,601.98 18.39684,-33.88305,601.98 18.39599,-33.88339,609.6 18.39498,-33.8838,609.6 18.39397,-33.88421,609.6 18.39145,-33.88527,617.22 18.38558,-33.88429,624.84 18.38195,-33.88561,632.46 18.38186,-33.88599,640.08 18.38096,-33.88686,647.7 18.38282,-33.88957,655.32 18.38207,-33.88998,662.94 18.38108,-33.89058,670.5600000000001 18.38024,-33.89108,670.5600000000001 18.37929,-33.89168,678.1800000000001 18.37839,-33.89227,678.1800000000001 18.37761,-33.89282,678.1800000000001 18.37658,-33.89352,685.8000000000001 18.37581,-33.89401,693.4200000000001 18.37486,-33.89473,701.0400000000001 18.37413,-33.89525,701.0400000000001 18.37343,-33.89576,708.6600000000001 18.37252,-33.89645,716.2800000000001 18.37194,-33.8969,723.9000000000001 18.37109,-33.89757,731.52 18.37037,-33.89818,739.14 18.36976,-33.89877,746.76 18.36909,-33.89932,746.76 18.36836,-33.90005,754.38 18.36765,-33.90074,754.38 18.36701,-33.90143,754.38 18.36645,-33.90204,754.38 18.36571,-33.90283,754.38 18.36404,-33.90477,754.38 18.35264,-33.90591,762 18.35333,-33.90679,769.62 18.35312,-33.90873,777.24 18.35271,-33.90988,777.24 18.3504,-33.9103,784.86 18.35268,-33.91367,792.48 18.35041,-33.9141,792.48 18.35495,-33.91805,807.72 18.35457,-33.91887,807.72 18.35401,-33.91988,807.72 18.3535,-33.92079,807.72 18.353,-33.92187,807.72 18.35249,-33.92289,807.72 18.3521,-33.92377,807.72 18.35163,-33.92499,807.72 18.35132,-33.92587,800.1 18.35098,-33.92697,800.1 18.3507,-33.92807,800.1 18.35043,-33.92899,800.1 18.35008,-33.93004,800.1 18.34974,-33.93123,800.1 18.3494,-33.9323,800.1 18.34911,-33.93341,800.1 18.34879,-33.93466,800.1 18.34857,-33.93567,800.1 18.34826,-33.93695,800.1 18.34803,-33.93798,800.1 18.34774,-33.93919,800.1 18.34757,-33.94021,800.1 18.34745,-33.94119,800.1 18.34717,-33.94244,800.1 18.347,-33.94319,800.1 18.34621,-33.94707,800.1 18.34588,-33.9483,800.1 18.34504,-33.95169,792.48 18.34419,-33.9553,792.48 18.34339,-33.95902,784.86 18.34268,-33.96263,784.86 18.34185,-33.96684,769.62 18.34093,-33.97038,769.62 18.33865,-33.97586,769.62 18.33738,-33.97857,769.62 18.33618,-33.98104,777.24 18.33475,-33.98383,777.24 18.33271,-33.98785,777.24 18.33149,-33.9903,784.86 18.32909,-33.99519,792.48 18.32743,-33.99845,800.1 18.32537,-34.00241,815.34 18.3243,-34.00443,815.34 18.32385,-34.00552,815.34 18.32346,-34.00644,822.96 18.32308,-34.00743,822.96 18.32273,-34.0085,830.58 18.32245,-34.00964,830.58 18.32222,-34.0106,830.58 18.32206,-34.01166,830.58 18.32206,-34.01276,830.58 18.32211,-34.01395,822.96 18.32234,-34.015,822.96 18.32267,-34.01642,822.96 18.32306,-34.01738,822.96 18.32348,-34.01842,822.96 18.32112,-34.01914,815.34 18.32133,-34.02037,815.34 18.32265,-34.02176,815.34 18.32322,-34.02254,815.34 18.32401,-34.02357,815.34 18.32518,-34.0247,807.72 18.3258,-34.02568,807.72 18.32713,-34.02699,800.1 18.32749,-34.02795,792.48 18.32824,-34.0288,792.48 18.32889,-34.02977,792.48 18.33232,-34.03123,792.48 18.33303,-34.03213,792.48 18.33373,-34.03298,792.48 18.33445,-34.03386,784.86 18.33509,-34.03474,784.86 18.3359,-34.0357,784.86 18.33655,-34.03638,784.86 18.33492,-34.03923,777.24 18.3337,-34.03922,777.24 18.33405,-34.04039,777.24 18.34184,-34.04398,769.62 18.34212,-34.04507,769.62 18.34235,-34.04608,769.62 18.34253,-34.04724,769.62 18.34268,-34.04819,769.62 18.34285,-34.04919,769.62 18.34324,-34.05043,769.62 18.34364,-34.05135,769.62 18.3442,-34.0524,777.24 18.34476,-34.05322,769.62 18.34539,-34.05445,777.24 18.34574,-34.05519,777.24 18.34616,-34.05634,769.62 18.34648,-34.05776,769.62 18.34665,-34.05869,762 18.34683,-34.06009,762 18.34671,-34.06263,754.38 18.34627,-34.06381,754.38 18.34553,-34.06524,754.38 18.34565,-34.06652,746.76 18.34482,-34.06757,746.76 18.34459,-34.0687,746.76 18.34538,-34.07172,739.14 18.34511,-34.07302,739.14 18.34488,-34.0741,739.14 18.34465,-34.07538,731.52 18.34442,-34.07652,731.52 18.34414,-34.07771,731.52 18.34392,-34.07895,723.9000000000001 18.34369,-34.08005,723.9000000000001 18.34347,-34.0811,723.9000000000001 18.34328,-34.0822,716.2800000000001 18.3428,-34.08463,716.2800000000001 18.34213,-34.08811,701.0400000000001 18.3419,-34.08925,701.0400000000001 18.34173,-34.0903,693.4200000000001 18.34156,-34.09158,693.4200000000001 18.34139,-34.09286,693.4200000000001 18.34122,-34.09393,685.8000000000001 18.34105,-34.09509,685.8000000000001 18.34095,-34.09644,685.8000000000001 18.34087,-34.09751,678.1800000000001 18.34087,-34.09858,678.1800000000001 18.341,-34.09987,678.1800000000001 18.33953,-34.10088,678.1800000000001 18.33911,-34.10191,678.1800000000001 18.3401,-34.10301,678.1800000000001 18.34027,-34.10448,678.1800000000001 18.34101,-34.10559,678.1800000000001 18.3414,-34.10677,678.1800000000001 18.34159,-34.10788,678.1800000000001 18.34165,-34.10915,670.5600000000001 18.33997,-34.11028,670.5600000000001 18.33784,-34.11152,670.5600000000001 18.33687,-34.11287,670.5600000000001 18.33719,-34.11395,670.5600000000001 18.3366,-34.11521,662.94 18.33632,-34.11615,662.94 18.33619,-34.11712,655.32 18.33536,-34.11818,655.32 18.33475,-34.11903,647.7 18.33341,-34.12014,647.7 18.33275,-34.12089,647.7 18.33158,-34.1219,640.08 18.33041,-34.1227,640.08 18.32943,-34.12352,640.08 18.32824,-34.12425,640.08 18.32657,-34.12522,632.46 18.32534,-34.12605,640.08 18.32414,-34.12678,632.46 18.32317,-34.12743,624.84 18.32191,-34.12811,624.84 18.32076,-34.12874,624.84 18.31946,-34.12937,624.84 18.32102,-34.12987,624.84 18.32027,-34.13038,632.46 18.31902,-34.13145,624.84 18.31813,-34.13228,617.22 18.31724,-34.13322,609.6 18.31656,-34.13402,601.98 18.31567,-34.13516,601.98 18.31505,-34.13594,594.36 18.31432,-34.13718,594.36 18.31364,-34.13839,594.36 18.31318,-34.13932,594.36 18.31281,-34.14024,594.36 18.31244,-34.14137,586.74 18.31215,-34.14244,594.36 18.31198,-34.14341,594.36 18.31191,-34.14464,594.36 18.31192,-34.14565,594.36 18.31272,-34.14951,594.36 18.31309,-34.15054,586.74 18.31354,-34.15164,594.36 18.31398,-34.15254,594.36 18.31454,-34.15361,594.36 18.31501,-34.15449,594.36 18.31561,-34.15562,586.74 18.31606,-34.15636,586.74 18.31656,-34.15723,586.74 18.31718,-34.15826,579.12 18.3177,-34.1591,579.12 18.31839,-34.16017,579.12 18.31881,-34.16089,571.5 18.31953,-34.1619,571.5 18.32015,-34.16286,571.5 18.32073,-34.16366,579.12 18.3213,-34.16446,579.12 18.32182,-34.16525,579.12 18.32251,-34.16623,579.12 18.32323,-34.16721,586.74 18.32396,-34.16812,586.74 18.32458,-34.1689,586.74 18.32531,-34.16985,586.74 18.3257,-34.17023,586.74 18.32665,-34.17137,586.74 18.32708,-34.1719,586.74 18.32811,-34.17302,594.36 18.32878,-34.17371,594.36 18.32943,-34.17437,594.36 18.33018,-34.17513,594.36 18.33132,-34.17609,594.36 18.33218,-34.17679,594.36 18.33303,-34.17739,586.74 18.334,-34.1781,586.74 18.33504,-34.17884,594.36 18.3359,-34.17947,586.74 18.3367,-34.18,594.36 18.33778,-34.18079,594.36 18.33865,-34.1814,594.36 18.3396,-34.18208,601.98 18.34044,-34.18263,601.98 18.34122,-34.18317,601.98 18.34207,-34.18373,594.36 18.34308,-34.18442,601.98 18.34402,-34.18512,601.98 18.34488,-34.18568,601.98 18.34579,-34.18629,609.6 18.34768,-34.18755,601.98 18.34831,-34.18801,609.6 18.34941,-34.18886,601.98 18.3502,-34.18954,601.98 18.35106,-34.19038,601.98 18.35176,-34.19115,609.6 18.35249,-34.19192,609.6 18.35318,-34.19285,609.6 18.35375,-34.19364,609.6 18.35432,-34.19448,609.6 18.35546,-34.19682,609.6 18.35587,-34.19788,617.22 18.35702,-34.19814,624.84 18.35541,-34.20065,624.84 18.35404,-34.20232,624.84 18.35542,-34.20268,624.84 18.3553,-34.20401,624.84 18.35616,-34.20469,624.84 18.35593,-34.20593,624.84 18.35604,-34.20692,624.84 18.35648,-34.20805,632.46 18.35694,-34.20867,640.08 18.35767,-34.20941,640.08 18.35789,-34.21063,640.08 18.35804,-34.21165,640.08 18.35843,-34.21247,640.08 18.35904,-34.21453,640.08 18.35967,-34.21799,640.08 18.36157,-34.22083,647.7 18.36309,-34.22415,655.32 18.3633,-34.22497,662.94 18.36353,-34.22594,662.94 18.36411,-34.22818,678.1800000000001 18.36438,-34.22914,678.1800000000001 18.36471,-34.23024,685.8000000000001 18.36499,-34.23116,678.1800000000001 18.36531,-34.23209,678.1800000000001 18.36561,-34.23303,678.1800000000001 18.366,-34.23413,685.8000000000001 18.36634,-34.23505,685.8000000000001 18.36656,-34.23596,685.8000000000001 18.36685,-34.23703,685.8000000000001 18.36708,-34.2381,685.8000000000001 18.36561,-34.24219,670.5600000000001 18.36823,-34.24383,662.94 18.36841,-34.24489,655.32 18.36863,-34.24629,655.32 18.3688,-34.24763,647.7 18.36741,-34.24926,655.32 18.36793,-34.25023,655.32 18.36888,-34.25063,655.32 18.36931,-34.25368,655.32 18.36937,-34.25476,655.32 18.36948,-34.25606,655.32 18.36954,-34.25705,655.32 18.36966,-34.25807,647.7 18.36987,-34.25935,647.7 18.37,-34.26044,640.08 18.37017,-34.26175,640.08 18.37029,-34.26259,640.08 18.37051,-34.2637,640.08 18.37071,-34.26494,640.08 18.37093,-34.2659,640.08 18.37127,-34.26723,640.08 18.3716,-34.26826,640.08 18.37189,-34.2692,632.46 18.37223,-34.27013,632.46 18.37275,-34.27143,632.46 18.37315,-34.27241,624.84 18.3736,-34.27348,624.84 18.37402,-34.27432,624.84 18.37452,-34.27547,624.84 18.37497,-34.27643,624.84 18.37531,-34.27716,624.84 18.37601,-34.27842,624.84 18.37643,-34.27917,632.46 18.37704,-34.28028,632.46 18.37767,-34.2813,632.46 18.37818,-34.28218,632.46 18.37873,-34.28311,632.46 18.37923,-34.28394,632.46 18.37973,-34.28481,632.46 18.38041,-34.28586,632.46 18.38093,-34.2867,632.46 18.3815,-34.28759,640.08 18.38214,-34.28856,640.08 18.38276,-34.28952,640.08 18.38428,-34.29218,647.7 18.38652,-34.29588,647.7 18.38797,-34.29834,655.32 18.39038,-34.30206,655.32 18.39088,-34.30285,655.32 18.39151,-34.30388,647.7 18.39203,-34.30472,655.32 18.39252,-34.30577,655.32 18.39296,-34.30669,647.7 18.39347,-34.30765,647.7 18.39392,-34.30858,655.32 18.39442,-34.30962,655.32 18.39495,-34.31063,655.32 18.39548,-34.31158,655.32 18.39616,-34.31273,647.7 18.39661,-34.31356,647.7 18.39734,-34.31474,647.7 18.39787,-34.31561,647.7 18.39844,-34.31654,647.7 18.39907,-34.31752,647.7 18.4001,-34.31896,647.7 18.40073,-34.31975,647.7 18.40171,-34.32097,647.7 18.40256,-34.3219,647.7 18.40361,-34.32289,647.7 18.40433,-34.32357,647.7 18.40536,-34.32436,647.7 18.40622,-34.32501,647.7 18.40736,-34.32585,640.08 18.40815,-34.32642,647.7 18.40916,-34.3271,640.08 18.41005,-34.32776,640.08 18.41131,-34.32869,632.46 18.41224,-34.32935,632.46 18.41314,-34.33004,624.84 18.41398,-34.33067,617.22 18.41492,-34.33139,617.22 18.41589,-34.33214,617.22 18.41675,-34.33279,617.22 18.41784,-34.33363,617.22 18.4197,-34.33511,617.22 18.42035,-34.33558,609.6 18.4215,-34.33637,609.6 18.42262,-34.33713,609.6 18.42351,-34.33768,609.6 18.42435,-34.33818,609.6 18.42525,-34.33873,609.6 18.42619,-34.33931,609.6 18.42743,-34.3401,609.6 18.42819,-34.34061,609.6 18.42928,-34.34135,609.6 18.43025,-34.34196,609.6 18.43108,-34.34248,601.98 18.4322,-34.34322,609.6 18.4331,-34.34377,609.6 18.43422,-34.3445,609.6 18.43529,-34.34522,609.6 18.43632,-34.34587,609.6 18.43712,-34.34643,609.6 18.43803,-34.34697,609.6 18.43901,-34.34759,609.6 18.43977,-34.34811,609.6 18.44255,-34.34992,609.6 18.44358,-34.35062,601.98 18.44537,-34.35182,601.98 18.44639,-34.35257,609.6 18.44722,-34.3532,609.6 18.44793,-34.35374,609.6 18.44891,-34.35453,601.98 18.44969,-34.35507,609.6 18.4507,-34.35585,609.6 18.4516,-34.35648,609.6 18.45245,-34.35709,609.6 18.4532,-34.3576,609.6 18.45406,-34.3582,609.6 18.45503,-34.35881,617.22 18.456,-34.35942,617.22 18.4568,-34.35993,617.22 18.45749,-34.3603,617.22 18.45852,-34.3609,617.22 18.45944,-34.36139,617.22 18.46052,-34.36198,617.22 18.46135,-34.3624,617.22 18.46213,-34.36281,617.22 18.46331,-34.3634,617.22 18.46421,-34.36382,609.6 18.4651,-34.36427,609.6 18.46601,-34.36477,609.6 18.4669,-34.36519,609.6 18.46779,-34.36565,609.6 18.46891,-34.3662,609.6 18.46981,-34.36661,609.6 18.47088,-34.3671,609.6 18.472,-34.36761,609.6 18.473,-34.36807,609.6 18.47413,-34.36858,609.6 18.47508,-34.36894,609.6 18.47637,-34.36949,609.6 18.47729,-34.36989,609.6 18.47803,-34.37017,609.6 18.47912,-34.37064,609.6 18.48001,-34.371,609.6 18.48112,-34.37143,617.22 18.48192,-34.37173,617.22 18.48284,-34.37208,617.22 18.48415,-34.37254,624.84 18.48506,-34.37283,624.84 18.48623,-34.3732,624.84 18.48707,-34.37347,624.84 18.4881,-34.37375,632.46 18.48907,-34.37403,632.46 18.48988,-34.37425,632.46 18.49089,-34.37453,624.84 18.49167,-34.37476,624.84 18.49274,-34.37506,632.46 18.49347,-34.37526,632.46 18.49434,-34.37552,632.46 18.49515,-34.37576,632.46 18.49627,-34.37608,632.46 18.49703,-34.37627,640.08 18.49784,-34.3765,640.08 18.49869,-34.37673,640.08 18.49957,-34.37695,640.08 18.50036,-34.37709,640.08 18.5012,-34.37723,640.08 18.50212,-34.3772,640.08 18.50286,-34.37711,640.08 18.50361,-34.37695,640.08 18.50445,-34.37659,647.7 18.50504,-34.37631,655.32 18.50573,-34.37585,655.32 18.50618,-34.37543,662.94 18.50658,-34.37503,662.94 18.50687,-34.37445,670.5600000000001 18.50721,-34.3738,670.5600000000001 18.50742,-34.3732,678.1800000000001 18.50759,-34.37251,678.1800000000001 18.5077,-34.37192,678.1800000000001 18.50773,-34.37124,685.8000000000001 18.50765,-34.37054,693.4200000000001 18.50753,-34.37,701.0400000000001 18.50733,-34.36929,701.0400000000001 18.50716,-34.36882,701.0400000000001 18.50686,-34.36812,701.0400000000001 18.50675,-34.36771,701.0400000000001 18.50647,-34.36674,693.4200000000001 18.50636,-34.36606,685.8000000000001 18.50619,-34.36523,685.8000000000001 18.50608,-34.36441,678.1800000000001 18.50602,-34.36354,670.5600000000001 18.50601,-34.36277,670.5600000000001 18.50597,-34.36194,662.94 18.50591,-34.36116,655.32 18.50591,-34.36038,647.7 18.50584,-34.35946,640.08 18.5058,-34.35837,632.46 18.50573,-34.35751,624.84 18.50569,-34.35667,624.84 18.50555,-34.35579,624.84 18.50544,-34.35471,617.22 18.50524,-34.35365,617.22 18.50504,-34.35262,617.22 18.50487,-34.35188,617.22 18.50462,-34.35086,609.6 18.50441,-34.34996,609.6 18.50395,-34.34885,609.6 18.50361,-34.34811,609.6 18.50299,-34.34706,609.6 18.50243,-34.34628,609.6 18.50193,-34.34569,609.6 18.50121,-34.34489,609.6 18.50029,-34.3441,601.98 18.49918,-34.34326,601.98 18.49834,-34.3427,601.98 18.49737,-34.34214,594.36 18.49611,-34.34145,594.36 18.49515,-34.34093,594.36 18.49391,-34.34024,594.36 18.49268,-34.33954,586.74 18.49159,-34.33879,586.74 18.49061,-34.33818,586.74 18.48948,-34.3373,586.74 18.48862,-34.3367,586.74 18.4877,-34.33595,594.36 18.48696,-34.33534,594.36 18.48593,-34.33437,594.36 18.48528,-34.33369,594.36 18.48466,-34.33296,601.98 18.48394,-34.33205,601.98 18.48338,-34.33131,601.98 18.48281,-34.33058,601.98 18.48215,-34.32967,601.98 18.48158,-34.32883,601.98 18.48106,-34.32799,601.98 18.48052,-34.32706,601.98 18.47996,-34.32605,601.98 18.4794,-34.32501,594.36 18.479,-34.32408,594.36 18.47872,-34.32321,586.74 18.47843,-34.32222,594.36 18.47832,-34.32101,594.36 18.47833,-34.3201,594.36 18.47839,-34.31918,594.36 18.4785,-34.31799,594.36 18.47872,-34.31696,601.98 18.47884,-34.31616,601.98 18.47912,-34.31496,601.98 18.47934,-34.31392,601.98 18.47968,-34.31273,601.98 18.4798,-34.31207,601.98 18.48013,-34.31094,601.98 18.48032,-34.31002,609.6 18.48055,-34.30905,601.98 18.48078,-34.30816,609.6 18.48095,-34.30723,609.6 18.48119,-34.30609,601.98 18.48141,-34.30495,609.6 18.48164,-34.30403,609.6 18.48238,-34.30016,609.6 18.48315,-34.29611,609.6 18.48371,-34.29295,609.6 18.48421,-34.28875,609.6 18.48461,-34.28568,601.98 18.48495,-34.2826,609.6 18.48524,-34.27962,617.22 18.48551,-34.27753,617.22 18.48567,-34.27528,617.22 18.48573,-34.27419,617.22 18.48576,-34.27316,617.22 18.48579,-34.27217,624.84 18.48579,-34.27107,624.84 18.48581,-34.26985,624.84 18.48587,-34.26883,624.84 18.4859,-34.26787,624.84 18.48587,-34.26678,624.84 18.48593,-34.26566,624.84 18.48601,-34.26453,624.84 18.48616,-34.26333,624.84 18.48623,-34.26228,617.22 18.48629,-34.26128,617.22 18.48646,-34.25876,617.22 18.48656,-34.25747,617.22 18.48663,-34.25652,617.22 18.48673,-34.25528,617.22 18.48685,-34.25423,617.22 18.48691,-34.25304,617.22 18.48701,-34.25202,617.22 18.48708,-34.25107,617.22 18.48719,-34.24983,617.22 18.48724,-34.24886,617.22 18.4873,-34.2476,617.22 18.48736,-34.24639,609.6 18.48736,-34.2455,609.6 18.48736,-34.24429,609.6 18.4873,-34.24303,609.6 18.48724,-34.24183,609.6 18.48713,-34.24063,609.6 18.48702,-34.23949,601.98 18.48685,-34.23853,601.98 18.48667,-34.23754,609.6 18.48646,-34.23651,609.6 18.48618,-34.23518,609.6 18.48601,-34.23441,609.6 18.48573,-34.23331,609.6 18.48541,-34.23209,609.6 18.48511,-34.23116,609.6 18.48467,-34.22991,609.6 18.48433,-34.22888,609.6 18.48387,-34.22781,609.6 18.48349,-34.22676,601.98 18.48312,-34.22586,601.98 18.48265,-34.22466,609.6 18.48227,-34.22372,609.6 18.48181,-34.22246,609.6 18.48141,-34.22159,601.98 18.48091,-34.22054,601.98 18.48032,-34.21925,601.98 18.47992,-34.21836,601.98 18.47946,-34.21743,601.98 18.47895,-34.21646,601.98 18.47837,-34.21534,609.6 18.47783,-34.21436,609.6 18.47727,-34.21335,609.6 18.47677,-34.2125,609.6 18.47609,-34.21133,609.6 18.47558,-34.21046,609.6 18.47491,-34.20932,609.6 18.47437,-34.2084,617.22 18.47385,-34.20747,617.22 18.47334,-34.20658,617.22 18.47267,-34.20547,617.22 18.47217,-34.20456,617.22 18.47149,-34.20351,617.22 18.47099,-34.20277,617.22 18.47036,-34.20169,617.22 18.46973,-34.20072,617.22 18.46893,-34.19955,617.22 18.46848,-34.19886,617.22 18.46767,-34.19774,617.22 18.46701,-34.19687,617.22 18.46619,-34.19579,624.84 18.4655,-34.19495,617.22 18.46482,-34.19408,617.22 18.46401,-34.19308,617.22 18.46325,-34.1922,617.22 18.46258,-34.19141,617.22 18.46185,-34.19055,617.22 18.46095,-34.18954,617.22 18.46034,-34.18881,617.22 18.45943,-34.18778,617.22 18.45846,-34.18671,617.22 18.4577,-34.18584,624.84 18.45709,-34.18515,624.84 18.45623,-34.18415,624.84 18.45541,-34.18323,624.84 18.45322,-34.18066,624.84 18.45257,-34.17977,624.84 18.45182,-34.17851,624.84 18.45148,-34.17755,624.84 18.45115,-34.1765,624.84 18.45102,-34.17558,624.84 18.45092,-34.17444,617.22 18.45086,-34.17366,617.22 18.45092,-34.17224,617.22 18.45102,-34.1713,617.22 18.45114,-34.17023,609.6 18.45125,-34.16925,609.6 18.45143,-34.16794,609.6 18.45159,-34.16698,609.6 18.45171,-34.16583,609.6 18.45182,-34.16492,617.22 18.45199,-34.164,617.22 18.45211,-34.16278,617.22 18.45221,-34.16194,609.6 18.45232,-34.1608,609.6 18.45243,-34.15952,609.6 18.45255,-34.15855,609.6 18.45263,-34.15742,609.6 18.45268,-34.15659,609.6 18.45303,-34.15319,609.6 18.45316,-34.15228,609.6 18.45333,-34.15109,617.22 18.45344,-34.14977,609.6 18.45354,-34.14904,609.6 18.45366,-34.14798,609.6 18.45383,-34.14676,609.6 18.454,-34.14579,609.6 18.45428,-34.14453,601.98 18.45451,-34.14349,601.98 18.45485,-34.14244,601.98 18.45518,-34.14116,601.98 18.45554,-34.14006,601.98 18.45591,-34.1391,601.98 18.45634,-34.13815,601.98 18.45698,-34.13704,594.36 18.4576,-34.1361,594.36 18.45827,-34.13525,594.36 18.45903,-34.13429,586.74 18.45978,-34.13347,586.74 18.46056,-34.13274,586.74 18.46144,-34.13187,586.74 18.46208,-34.13123,594.36 18.46298,-34.13042,594.36 18.46373,-34.12973,594.36 18.46481,-34.12875,594.36 18.46556,-34.12801,594.36 18.4663,-34.12726,594.36 18.46704,-34.12651,594.36 18.4679,-34.12558,594.36 18.46865,-34.12484,594.36 18.46953,-34.1239,594.36 18.47025,-34.12316,594.36 18.47099,-34.12246,594.36 18.47179,-34.12163,594.36 18.47267,-34.1207,594.36 18.47351,-34.11974,594.36 18.47425,-34.11888,594.36 18.47494,-34.11809,594.36 18.47558,-34.11731,586.74 18.47626,-34.11646,594.36 18.47704,-34.11543,594.36 18.47769,-34.11455,594.36 18.47828,-34.11369,594.36 18.47889,-34.11278,594.36 18.47962,-34.11163,594.36 18.48007,-34.11076,594.36 18.48046,-34.10989,601.98 18.48083,-34.10878,601.98 18.48112,-34.10775,601.98 18.48136,-34.10683,601.98 18.48164,-34.10564,601.98 18.48181,-34.10463,601.98 18.48192,-34.10361,601.98 18.48209,-34.10248,601.98 18.48215,-34.10152,601.98 18.48227,-34.10035,594.36 18.48237,-34.09927,594.36 18.48242,-34.09818,594.36 18.48248,-34.09717,601.98 18.48248,-34.0963,594.36 18.48249,-34.09509,601.98 18.48244,-34.09416,601.98 18.48244,-34.0929,601.98 18.48237,-34.09213,601.98 18.48231,-34.09081,601.98 18.48221,-34.08955,601.98 18.48215,-34.08867,601.98 18.48215,-34.08755,601.98 18.48203,-34.0865,601.98 18.48192,-34.08531,601.98 18.48181,-34.08408,594.36 18.48175,-34.08303,601.98 18.48164,-34.08215,601.98 18.48158,-34.08124,601.98 18.48153,-34.08014,609.6 18.48146,-34.07889,609.6 18.48141,-34.07782,609.6 18.48141,-34.07666,609.6 18.48135,-34.07568,609.6 18.4813,-34.07474,609.6 18.48129,-34.07377,609.6 18.48125,-34.07254,609.6 18.48119,-34.07172,609.6 18.48119,-34.07021,609.6 18.48118,-34.06916,609.6 18.48118,-34.06795,609.6 18.48125,-34.06705,609.6 18.48129,-34.06577,609.6 18.48136,-34.0648,609.6 18.48136,-34.06361,617.22 18.48141,-34.06252,617.22 18.48141,-34.06151,617.22 18.48129,-34.06041,624.84 18.48106,-34.05925,624.84 18.4808,-34.05826,632.46 18.48013,-34.05707,624.84 18.47975,-34.05618,624.84 18.47906,-34.05506,617.22 18.47843,-34.05417,617.22 18.47757,-34.05301,617.22 18.47699,-34.05231,617.22 18.47614,-34.05128,617.22 18.47523,-34.05031,617.22 18.47448,-34.04952,617.22 18.47368,-34.04869,617.22 18.47289,-34.04791,617.22 18.47205,-34.04704,624.84 18.47111,-34.04607,624.84 18.47043,-34.04535,624.84 18.46951,-34.0443,624.84 18.4688,-34.04347,624.84 18.46807,-34.04249,624.84 18.46757,-34.04173,624.84 18.46676,-34.04058,617.22 18.46622,-34.03972,617.22 18.46567,-34.03895,617.22 18.4651,-34.03802,617.22 18.4646,-34.03711,617.22 18.46398,-34.03592,617.22 18.46348,-34.03491,624.84 18.46298,-34.03374,624.84 18.46258,-34.03276,624.84 18.46219,-34.03166,624.84 18.46189,-34.03066,624.84 18.46167,-34.02969,624.84 18.46146,-34.02869,617.22 18.46129,-34.0275,617.22 18.46121,-34.02643,617.22 18.46115,-34.02545,624.84 18.46118,-34.02452,624.84 18.46127,-34.02354,624.84 18.46138,-34.02238,632.46 18.46149,-34.02131,624.84 18.46167,-34.02,624.84 18.46172,-34.01917,624.84 18.46191,-34.01811,617.22 18.46208,-34.01678,624.84 18.46224,-34.01578,624.84 18.46241,-34.01472,617.22 18.46258,-34.01363,617.22 18.46275,-34.01234,609.6 18.46292,-34.01134,609.6 18.4631,-34.01027,609.6 18.46333,-34.0092,601.98 18.46355,-34.00795,594.36 18.46376,-34.00694,594.36 18.46409,-34.00566,586.74 18.46432,-34.00461,586.74 18.46464,-34.00338,579.12 18.46504,-34.00217,563.88 18.46539,-34.0011,556.26 18.46577,-33.99985,556.26 18.46617,-33.99879,548.64 18.46667,-33.99742,541.02 18.46701,-33.99651,541.02 18.46746,-33.99536,533.4 18.46791,-33.99408,541.02 18.46824,-33.99307,533.4 18.4688,-33.99161,533.4 18.46914,-33.99065,533.4 18.4697,-33.98918,525.78 18.47008,-33.98811,518.1600000000001 18.47048,-33.98705,510.54 18.47088,-33.98611,510.54 18.47237,-33.98253,495.3 18.47334,-33.98048,495.3 18.47385,-33.97941,495.3 18.47435,-33.9782,495.3 18.47486,-33.97714,495.3 18.47553,-33.97581,487.68 18.47603,-33.97485,487.68 18.47666,-33.97373,487.68 18.47732,-33.97256,480.06 18.47803,-33.97131,480.06 18.47861,-33.97023,472.44 18.47923,-33.96904,472.44 18.47968,-33.96817,480.06 18.48029,-33.96698,472.44 18.48089,-33.96586,472.44 18.48146,-33.96465,472.44 18.48192,-33.96349,472.44 18.48232,-33.96256,480.06 18.48272,-33.96149,472.44 18.48315,-33.96021,472.44 18.48341,-33.95921,472.44 18.48375,-33.95809,464.82000000000005 18.48416,-33.95686,464.82000000000005 18.48438,-33.95604,457.20000000000005 18.48473,-33.95492,457.20000000000005 18.48501,-33.95376,457.20000000000005 18.4853,-33.95255,449.58000000000004 18.48547,-33.95157,449.58000000000004 18.48564,-33.95059,449.58000000000004 18.48581,-33.94952,441.96000000000004 18.48601,-33.94812,441.96000000000004 18.48607,-33.9472,434.34000000000003 18.48616,-33.94598,434.34000000000003 18.48618,-33.94501,426.72 18.48616,-33.94398,419.1 18.48612,-33.94304,419.1 18.48601,-33.94194,403.86 18.48576,-33.94063,388.62 18.48553,-33.93979,388.62 18.48518,-33.93858,373.38 18.48489,-33.93764,365.76 18.48455,-33.93677,358.14000000000004 18.48416,-33.93585,350.52000000000004 18.48371,-33.93484,350.52000000000004 18.48326,-33.93402,350.52000000000004 18.48267,-33.93295,350.52000000000004 18.48215,-33.93211,342.90000000000003 18.48158,-33.93127,342.90000000000003 18.48091,-33.93036,350.52000000000004 18.48035,-33.92953,342.90000000000003 18.47963,-33.92853,350.52000000000004 18.479,-33.9277,350.52000000000004 18.47844,-33.92697,350.52000000000004 18.4778,-33.9262,350.52000000000004 18.4771,-33.92542,350.52000000000004 18.47631,-33.9245,342.90000000000003 18.47553,-33.92372,342.90000000000003 18.47474,-33.92299,335.28000000000003 18.47401,-33.92226,335.28000000000003 18.47312,-33.92143,335.28000000000003 18.47239,-33.92079,335.28000000000003 18.47168,-33.9201,335.28000000000003 18.47076,-33.91937,335.28000000000003 18.47002,-33.9187,335.28000000000003 18.46933,-33.91815,335.28000000000003 18.46863,-33.91759,327.66 18.46791,-33.91695,327.66 18.46723,-33.9164,327.66 18.46634,-33.91571,327.66 18.46561,-33.91512,327.66 18.46476,-33.91447,327.66 18.46401,-33.91391,327.66 18.46315,-33.9133,320.04 18.46241,-33.91269,320.04 18.46155,-33.91205,320.04 18.46067,-33.91141,327.66 18.45978,-33.91074,327.66 18.45899,-33.91017,320.04 18.45829,-33.90968,320.04 18.45749,-33.90907,320.04 18.45681,-33.90848,312.42 18.45594,-33.90772,312.42 18.45529,-33.90715,312.42 18.45451,-33.90646,312.42 18.45384,-33.90582,312.42 18.453,-33.90509,304.8 18.45232,-33.9044,297.18 18.45171,-33.90372,297.18 18.45109,-33.90303,297.18 18.45028,-33.90204,297.18 18.44971,-33.90134,297.18 18.44907,-33.9006,289.56 18.44846,-33.89992,289.56 18.44773,-33.89909,289.56 18.44707,-33.8985,281.94 18.44644,-33.8979,281.94 18.44554,-33.89726,274.32 18.44498,-33.8969,274.32 18.44397,-33.89653,266.7 18.44284,-33.89631,259.08000000000004 18.44212,-33.89621,251.46 18.44141,-33.89627,243.84 18.44044,-33.89644,228.60000000000002 18.43975,-33.89673,220.98000000000002 18.43918,-33.89715,213.36 18.43872,-33.89766,198.12 18.43825,-33.89827,190.5 18.43803,-33.89887,182.88 18.43764,-33.89941,175.26000000000002 18.43142,-33.90262,91.44 18.43108,-33.90239,83.82000000000001 18.43117,-33.90036,68.58 18.42997,-33.90046,53.34 18.42957,-33.90032,45.72 18.42884,-33.90015,38.1 18.42692,-33.90088,0 18.42676,-33.90108,0 18.42696,-33.90085,0 18.42727,-33.90014,0 18.42755,-33.89969,30.48 18.42783,-33.89937,30.48 18.42805,-33.89905,38.1 18.40893,-33.87321,236.22 18.42313,-33.87885,304.8 18.42295,-33.87843,327.66 18.4181,-33.87685,335.28000000000003 18.42533,-33.87942,358.14000000000004 18.38659,-33.88269,601.98 18.37354,-33.88356,617.22 18.38045,-33.88567,624.84 18.38272,-33.88761,624.84 18.38265,-33.8886,624.84 18.37762,-33.88878,632.46 18.37235,-33.89179,632.46 18.38672,-33.89856,632.46 18.36865,-33.89646,632.46 18.36694,-33.90072,640.08 18.36643,-33.90278,640.08 18.36365,-33.90372,640.08 18.36206,-33.90532,640.08 18.35599,-33.90497,640.08 18.36667,-33.90773,640.08 18.36157,-33.90861,647.7 18.35879,-33.91066,647.7 18.36692,-33.91233,647.7 18.36897,-33.91422,647.7 18.36035,-33.91397,647.7 18.35229,-33.91381,647.7 18.35604,-33.91594,647.7 18.35793,-33.91771,647.7 18.35583,-33.91925,647.7 18.34089,-33.97408,822.96 18.34145,-33.97406,822.96 18.34207,-33.97394,830.58 18.34291,-33.97366,838.2 18.34336,-33.97348,838.2 18.34373,-33.97336,845.82 18.34515,-33.97316,853.44 18.34579,-33.97322,861.0600000000001 18.34666,-33.97343,876.3000000000001 18.34717,-33.97366,883.9200000000001 18.34757,-33.97401,891.5400000000001 18.34812,-33.97462,906.7800000000001 18.34834,-33.97508,914.4000000000001 18.34851,-33.97572,922.0200000000001 18.3486,-33.9762,929.6400000000001 18.34854,-33.9768,937.26 18.34843,-33.97746,944.88 18.3482,-33.97815,944.88 18.34797,-33.97876,952.5 18.34768,-33.97927,952.5 18.34728,-33.98011,960.12 18.34689,-33.98071,960.12 18.34644,-33.9814,960.12 18.34591,-33.9822,960.12 18.34545,-33.98285,960.12 18.34471,-33.98369,960.12 18.34414,-33.9843,960.12 18.34352,-33.98492,960.12 18.34276,-33.9856,960.12 18.34207,-33.98621,960.12 18.34116,-33.98695,960.12 18.34044,-33.98753,960.12 18.33961,-33.98821,960.12 18.33887,-33.98877,960.12 18.33807,-33.98942,952.5 18.33725,-33.99005,952.5 18.33624,-33.99083,952.5 18.33529,-33.99156,952.5 18.33223,-33.99181,960.12 18.33149,-33.99256,960.12 18.32999,-33.99228,960.12 18.33008,-33.99335,952.5 18.3291,-33.994,952.5 18.32828,-33.99614,960.12 18.32733,-33.99673,960.12 18.3264,-33.99738,960.12 18.32565,-33.99789,960.12 18.32458,-33.99866,960.12 18.32388,-33.99929,960.12 18.32312,-33.99989,960.12 18.32217,-34.00076,952.5 18.32138,-34.0014,952.5 18.32082,-34.00195,952.5 18.31981,-34.00282,952.5 18.31903,-34.00351,952.5 18.31813,-34.00429,952.5 18.31741,-34.00497,952.5 18.31656,-34.00581,944.88 18.31578,-34.00658,944.88 18.31488,-34.00745,944.88 18.31432,-34.008,944.88 18.3132,-34.00905,944.88 18.31247,-34.00974,944.88 18.31089,-34.01125,944.88 18.3102,-34.01195,944.88 18.30939,-34.0128,937.26 18.3086,-34.01363,937.26 18.3078,-34.0146,937.26 18.30709,-34.0155,929.6400000000001 18.30642,-34.01628,929.6400000000001 18.3058,-34.01716,922.0200000000001 18.30511,-34.01796,922.0200000000001 18.30451,-34.01866,922.0200000000001 18.30378,-34.01958,914.4000000000001 18.30317,-34.02036,914.4000000000001 18.30248,-34.02121,914.4000000000001 18.30165,-34.02242,914.4000000000001 18.30105,-34.02335,914.4000000000001 18.30059,-34.02419,914.4000000000001 18.30003,-34.02525,914.4000000000001 18.29969,-34.02612,906.7800000000001 18.29691,-34.02686,906.7800000000001 18.29744,-34.02904,906.7800000000001 18.29876,-34.03076,899.1600000000001 18.29868,-34.03143,899.1600000000001 18.2987,-34.03281,899.1600000000001 18.29879,-34.03381,899.1600000000001 18.29887,-34.03476,899.1600000000001 18.29902,-34.03564,899.1600000000001 18.29922,-34.03648,899.1600000000001 18.29956,-34.03765,891.5400000000001 18.2999,-34.03853,891.5400000000001 18.30031,-34.03944,891.5400000000001 18.29308,-34.04047,883.9200000000001 18.2944,-34.04252,883.9200000000001 18.29452,-34.04353,883.9200000000001 18.29729,-34.04507,883.9200000000001 18.29694,-34.04588,876.3000000000001 18.29906,-34.04743,868.6800000000001 18.30027,-34.04841,868.6800000000001 18.30014,-34.05001,861.0600000000001 18.30127,-34.051,861.0600000000001 18.30205,-34.05177,853.44 18.29983,-34.05219,853.44 18.30266,-34.05362,853.44 18.30222,-34.05446,853.44 18.31224,-34.05753,838.2 18.31291,-34.0583,830.58 18.31361,-34.05896,822.96 18.31433,-34.05979,822.96 18.31505,-34.06041,822.96 18.31604,-34.06113,815.34 18.31687,-34.06174,815.34 18.3178,-34.06236,807.72 18.3186,-34.06304,807.72 18.31961,-34.06369,800.1 18.32101,-34.06463,792.48 18.32192,-34.06509,792.48 18.3228,-34.06546,792.48 18.32402,-34.06615,792.48 18.32545,-34.06691,792.48 18.32624,-34.06745,784.86 18.32713,-34.06807,784.86 18.32789,-34.06866,784.86 18.32891,-34.06938,784.86 18.33132,-34.07154,777.24 18.33192,-34.07231,777.24 18.33243,-34.07295,777.24 18.33298,-34.07368,777.24 18.33388,-34.0746,777.24 18.3345,-34.0752,777.24 18.33523,-34.07584,784.86 18.33613,-34.07657,784.86 18.33691,-34.07712,784.86 18.33761,-34.07759,784.86 18.33858,-34.07801,784.86 18.33835,-34.0785,784.86 18.33933,-34.07907,784.86 18.33986,-34.07957,784.86 18.34067,-34.07995,784.86 18.34156,-34.07951,792.48 18.34237,-34.07952,792.48 18.34318,-34.07932,792.48 18.34375,-34.0789,792.48 18.3442,-34.07832,792.48 18.34452,-34.07696,784.86 18.34391,-34.07589,777.24 18.3437,-34.07528,769.62 18.34527,-34.07371,754.38 18.34517,-34.07186,746.76 18.34488,-34.07116,739.14 18.34459,-34.07025,731.52 18.34442,-34.0697,731.52 18.34425,-34.06874,723.9000000000001 18.34425,-34.06818,716.2800000000001 18.34431,-34.06737,708.6600000000001 18.34454,-34.06674,701.0400000000001 18.34505,-34.06595,685.8000000000001 18.34554,-34.06544,678.1800000000001 18.34627,-34.06499,670.5600000000001 18.34711,-34.06467,662.94 18.34784,-34.06458,662.94 18.34877,-34.06465,655.32 18.34957,-34.06507,647.7 18.35026,-34.06577,640.08 18.35049,-34.06665,640.08 18.35053,-34.067,640.08 18.35009,-34.06781,632.46 18.34958,-34.06865,624.84 18.34894,-34.06935,617.22 18.34831,-34.06995,617.22 18.34763,-34.07061,609.6 18.34677,-34.0713,609.6 18.34593,-34.07199,609.6 18.34515,-34.07268,617.22 18.3442,-34.07359,617.22 18.34347,-34.07442,617.22 18.34288,-34.07526,617.22 18.34242,-34.07596,617.22 18.34196,-34.07675,617.22 18.34162,-34.07748,617.22 18.34122,-34.07861,624.84 18.34083,-34.07941,624.84 18.34039,-34.08028,624.84 18.33999,-34.08083,624.84 18.33956,-34.08159,624.84 18.33893,-34.08252,624.84 18.33847,-34.08331,624.84 18.33813,-34.08406,624.84 18.33773,-34.08504,632.46 18.33755,-34.08578,632.46 18.33742,-34.08664,632.46 18.33736,-34.08737,640.08 18.33742,-34.08829,640.08 18.33747,-34.08907,640.08 18.33769,-34.09003,640.08 18.33792,-34.09071,640.08 18.3383,-34.09155,632.46 18.33887,-34.09254,632.46 18.33921,-34.09332,632.46 18.33949,-34.0941,632.46 18.33977,-34.09488,632.46 18.3399,-34.09565,632.46 18.34007,-34.09663,624.84 18.34007,-34.09761,632.46 18.33984,-34.09821,632.46 18.33979,-34.09919,632.46 18.33966,-34.10023,632.46 18.33943,-34.10092,632.46 18.33921,-34.10175,632.46 18.33887,-34.10268,632.46 18.33858,-34.10352,632.46 18.33831,-34.10445,632.46 18.33786,-34.1055,624.84 18.33753,-34.10628,624.84 18.33721,-34.10696,624.84 18.3367,-34.10794,624.84 18.33629,-34.10875,632.46 18.3359,-34.10934,632.46 18.3354,-34.11003,632.46 18.33475,-34.11092,624.84 18.334,-34.11172,624.84 18.33344,-34.11236,624.84 18.33259,-34.11314,632.46 18.33183,-34.11376,632.46 18.33119,-34.11433,632.46 18.3304,-34.11492,632.46 18.32954,-34.11567,640.08 18.3288,-34.11627,640.08 18.32811,-34.11683,640.08 18.32721,-34.11758,640.08 18.32663,-34.11813,640.08 18.32581,-34.11891,647.7 18.32508,-34.1196,647.7 18.32447,-34.12024,647.7 18.32371,-34.12107,655.32 18.32306,-34.12175,655.32 18.32256,-34.12228,647.7 18.322,-34.12299,647.7 18.32125,-34.12377,647.7 18.32066,-34.12445,647.7 18.32005,-34.12507,647.7 18.31936,-34.12572,647.7 18.31869,-34.12642,647.7 18.31785,-34.12724,647.7 18.3173,-34.12786,647.7 18.31651,-34.12871,647.7 18.31587,-34.12945,647.7 18.31516,-34.13031,647.7 18.31461,-34.13108,647.7 18.31398,-34.132,647.7 18.31359,-34.13278,647.7 18.31309,-34.13374,647.7 18.31272,-34.13457,647.7 18.31232,-34.13554,640.08 18.31198,-34.13643,640.08 18.31181,-34.13718,640.08 18.31146,-34.13837,640.08 18.31129,-34.13947,632.46 18.31112,-34.14039,632.46 18.31096,-34.14134,632.46 18.31089,-34.14225,632.46 18.31083,-34.14327,632.46 18.31085,-34.14413,632.46 18.3109,-34.14514,632.46 18.311,-34.14602,632.46 18.31118,-34.14681,632.46 18.31135,-34.14766,632.46 18.31163,-34.14848,632.46 18.31203,-34.14942,632.46 18.31232,-34.15007,632.46 18.31284,-34.15119,632.46 18.31324,-34.15198,632.46 18.31364,-34.15282,632.46 18.31404,-34.15375,624.84 18.31438,-34.15443,632.46 18.31488,-34.15544,632.46 18.31516,-34.15608,632.46 18.31567,-34.15709,632.46 18.3161,-34.15789,632.46 18.31645,-34.1586,632.46 18.3169,-34.15943,632.46 18.31741,-34.1604,632.46 18.3178,-34.16112,632.46 18.31821,-34.1618,632.46 18.31875,-34.16272,640.08 18.31924,-34.16348,640.08 18.31964,-34.16413,632.46 18.32016,-34.16501,640.08 18.3206,-34.16574,632.46 18.32119,-34.16674,632.46 18.32166,-34.16753,632.46 18.32211,-34.16822,632.46 18.32256,-34.16897,632.46 18.32312,-34.16977,632.46 18.32357,-34.1705,632.46 18.32424,-34.17142,632.46 18.32479,-34.17209,632.46 18.32548,-34.17274,632.46 18.32617,-34.17353,624.84 18.32674,-34.17437,624.84 18.32738,-34.17513,624.84 18.32805,-34.17586,624.84 18.32878,-34.17664,617.22 18.32954,-34.17702,617.22 18.33013,-34.17764,617.22 18.33074,-34.17819,617.22 18.33125,-34.1787,617.22 18.33215,-34.17952,617.22 18.33281,-34.18019,617.22 18.33361,-34.1813,617.22 18.33444,-34.18199,617.22 18.3363,-34.18331,624.84 18.33719,-34.18396,624.84 18.33778,-34.18438,624.84 18.3387,-34.18503,617.22 18.33949,-34.18552,617.22 18.34042,-34.18615,617.22 18.34117,-34.18657,609.6 18.34212,-34.18716,609.6 18.34291,-34.18762,609.6 18.34381,-34.18822,617.22 18.34465,-34.18877,617.22 18.34534,-34.18931,617.22 18.34633,-34.19009,617.22 18.347,-34.19066,617.22 18.34762,-34.19124,617.22 18.34843,-34.19197,617.22 18.34896,-34.19266,617.22 18.3494,-34.19322,617.22 18.35014,-34.19435,617.22 18.35049,-34.19485,609.6 18.351,-34.19569,609.6 18.35165,-34.19664,609.6 18.35215,-34.19723,617.22 18.35272,-34.19811,609.6 18.35322,-34.19888,617.22 18.35367,-34.19962,609.6 18.35417,-34.20039,609.6 18.35466,-34.20118,609.6 18.35524,-34.20226,609.6 18.35569,-34.203,609.6 18.35615,-34.20374,609.6 18.35655,-34.20449,609.6 18.35707,-34.20551,609.6 18.35743,-34.20616,609.6 18.35787,-34.20712,601.98 18.35815,-34.20775,601.98 18.3586,-34.20886,601.98 18.35894,-34.20978,601.98 18.35933,-34.2106,601.98 18.35967,-34.21138,601.98 18.36004,-34.21212,601.98 18.3605,-34.21301,601.98 18.36084,-34.2138,601.98 18.36119,-34.21455,601.98 18.36152,-34.21536,601.98 18.36193,-34.21631,601.98 18.36225,-34.21715,601.98 18.36253,-34.21797,601.98 18.36285,-34.21897,601.98 18.36308,-34.2199,601.98 18.36331,-34.22076,609.6 18.36342,-34.22159,601.98 18.36359,-34.22264,601.98 18.3637,-34.22348,609.6 18.36376,-34.22438,601.98 18.36393,-34.22548,601.98 18.36411,-34.22632,609.6 18.36432,-34.22736,609.6 18.36449,-34.22818,609.6 18.36471,-34.2291,609.6 18.36491,-34.22986,601.98 18.36519,-34.23093,601.98 18.36536,-34.23172,609.6 18.36555,-34.23262,609.6 18.36576,-34.23354,609.6 18.366,-34.23436,609.6 18.36623,-34.23541,609.6 18.36639,-34.23629,609.6 18.36651,-34.23698,609.6 18.36668,-34.2381,609.6 18.36679,-34.23889,609.6 18.3669,-34.23994,609.6 18.36701,-34.24095,617.22 18.36701,-34.24173,617.22 18.36702,-34.24276,624.84 18.36707,-34.24361,624.84 18.36712,-34.24457,624.84 18.36712,-34.24535,632.46 18.36725,-34.24652,632.46 18.36735,-34.24718,632.46 18.36752,-34.24828,632.46 18.36768,-34.2491,632.46 18.36782,-34.24983,632.46 18.368,-34.25053,632.46 18.36817,-34.25137,632.46 18.36845,-34.25225,632.46 18.36868,-34.25309,632.46 18.36897,-34.25386,640.08 18.36931,-34.25476,632.46 18.36964,-34.25546,632.46 18.37004,-34.25638,632.46 18.37037,-34.25725,632.46 18.3706,-34.25784,632.46 18.37097,-34.25882,632.46 18.37126,-34.25956,632.46 18.37155,-34.26054,640.08 18.37183,-34.26132,640.08 18.37217,-34.26231,640.08 18.37239,-34.2632,640.08 18.37262,-34.26393,640.08 18.37284,-34.2648,647.7 18.37309,-34.26566,647.7 18.37326,-34.2664,647.7 18.37349,-34.26729,647.7 18.37378,-34.26817,647.7 18.37407,-34.26897,647.7 18.37435,-34.2697,647.7 18.37463,-34.27041,640.08 18.37503,-34.2712,640.08 18.37538,-34.27194,640.08 18.37576,-34.27267,640.08 18.37612,-34.27348,647.7 18.37658,-34.27432,647.7 18.37693,-34.27501,640.08 18.37738,-34.27597,640.08 18.37772,-34.27665,632.46 18.37812,-34.27744,632.46 18.37856,-34.27817,624.84 18.37912,-34.27904,624.84 18.37951,-34.27968,624.84 18.38001,-34.28055,624.84 18.38058,-34.28139,617.22 18.38102,-34.28215,617.22 18.38144,-34.28275,617.22 18.38202,-34.28368,617.22 18.38247,-34.28428,617.22 18.38305,-34.28521,617.22 18.38355,-34.286,617.22 18.38402,-34.28679,617.22 18.3845,-34.28751,617.22 18.38488,-34.28819,617.22 18.38539,-34.28903,617.22 18.38585,-34.28987,617.22 18.38624,-34.29062,617.22 18.3868,-34.29153,617.22 18.38719,-34.29222,617.22 18.38758,-34.29295,617.22 18.38797,-34.29364,617.22 18.38848,-34.29456,617.22 18.38893,-34.29543,617.22 18.38928,-34.2961,617.22 18.38974,-34.29699,617.22 18.39005,-34.29771,617.22 18.39031,-34.29834,617.22 18.39061,-34.29932,617.22 18.39088,-34.30016,624.84 18.39111,-34.30095,617.22 18.39134,-34.30169,617.22 18.39169,-34.30267,617.22 18.39197,-34.30337,617.22 18.39226,-34.30411,617.22 18.39272,-34.30495,617.22 18.39313,-34.30573,617.22 18.39369,-34.3065,617.22 18.39425,-34.30733,617.22 18.39466,-34.30793,624.84 18.39512,-34.30853,624.84 18.39569,-34.30928,624.84 18.39621,-34.30998,632.46 18.39683,-34.31085,632.46 18.39728,-34.31145,632.46 18.39798,-34.31244,632.46 18.39849,-34.31314,632.46 18.39901,-34.31384,632.46 18.39975,-34.31479,640.08 18.40015,-34.31538,640.08 18.40078,-34.31617,640.08 18.40143,-34.31699,640.08 18.40204,-34.31775,640.08 18.40272,-34.31845,632.46 18.40336,-34.31915,632.46 18.40395,-34.31982,632.46 18.40457,-34.32051,640.08 18.40513,-34.32106,640.08 18.40586,-34.32179,640.08 18.40636,-34.32234,632.46 18.40698,-34.32298,632.46 18.40759,-34.32362,632.46 18.40834,-34.32431,640.08 18.40894,-34.32486,632.46 18.40967,-34.3255,632.46 18.4104,-34.32623,640.08 18.41107,-34.32683,640.08 18.4118,-34.32751,640.08 18.41246,-34.32813,640.08 18.41309,-34.32869,640.08 18.41365,-34.32925,640.08 18.41449,-34.32994,632.46 18.41526,-34.33051,640.08 18.41589,-34.33099,632.46 18.41663,-34.33162,632.46 18.4174,-34.33218,632.46 18.41829,-34.33297,640.08 18.41908,-34.33342,640.08 18.42032,-34.33434,640.08 18.42104,-34.33474,640.08 18.42189,-34.33516,640.08 18.42267,-34.33557,632.46 18.4234,-34.33598,632.46 18.42424,-34.33637,632.46 18.42508,-34.33676,632.46 18.42603,-34.33727,632.46 18.42739,-34.33791,632.46 18.42833,-34.33836,632.46 18.42912,-34.33868,640.08 18.42997,-34.33907,640.08 18.43117,-34.33963,640.08 18.43191,-34.34,640.08 18.43288,-34.34047,640.08 18.43371,-34.34093,640.08 18.4346,-34.34149,640.08 18.43523,-34.34193,640.08 18.43618,-34.34258,640.08 18.4368,-34.34303,640.08 18.43769,-34.34372,640.08 18.43843,-34.34433,640.08 18.43915,-34.345,640.08 18.43987,-34.34563,632.46 18.44044,-34.3462,632.46 18.43884,-34.34882,632.46 18.43981,-34.34868,632.46 18.4404,-34.34975,640.08 18.44106,-34.35049,632.46 18.44158,-34.35107,640.08 18.44216,-34.35165,640.08 18.44286,-34.35237,640.08 18.4436,-34.35302,640.08 18.44411,-34.3535,640.08 18.44474,-34.35399,640.08 18.44544,-34.35454,640.08 18.44601,-34.35574,640.08 18.44651,-34.35681,640.08 18.44677,-34.35798,640.08 18.44707,-34.35892,640.08 18.44763,-34.35962,640.08 18.44706,-34.36239,640.08 18.45434,-34.35997,632.46 18.45316,-34.36163,632.46 18.45366,-34.36241,624.84 18.4584,-34.36249,632.46 18.46052,-34.36342,640.08 18.46132,-34.3637,640.08 18.4623,-34.36407,640.08 18.46327,-34.36444,640.08 18.46404,-34.36473,640.08 18.4651,-34.36514,632.46 18.46594,-34.36542,632.46 18.46682,-34.3657,632.46 18.46779,-34.36598,632.46 18.46869,-34.36624,632.46 18.46968,-34.36644,632.46 18.47059,-34.36663,632.46 18.47145,-34.36682,624.84 18.47242,-34.36705,624.84 18.47328,-34.36719,624.84 18.47407,-34.36729,624.84 18.47488,-34.36737,624.84 18.47575,-34.36748,624.84 18.47687,-34.36761,624.84 18.47763,-34.36766,624.84 18.47866,-34.36775,624.84 18.47975,-34.36784,624.84 18.48052,-34.36794,632.46 18.48164,-34.36807,632.46 18.48249,-34.36817,632.46 18.48318,-34.36826,632.46 18.48405,-34.36835,632.46 18.48517,-34.36848,632.46 18.48627,-34.36863,632.46 18.48708,-34.36876,632.46 18.48797,-34.36885,632.46 18.48904,-34.36899,632.46 18.48988,-34.3691,632.46 18.49083,-34.36926,624.84 18.49188,-34.36938,632.46 18.49274,-34.36947,632.46 18.49377,-34.36961,632.46 18.49257,-34.37355,632.46 18.49357,-34.37402,632.46 18.49477,-34.37385,632.46 18.49616,-34.37519,632.46 18.49943,-34.37373,632.46 18.50395,-34.37082,632.46 18.50473,-34.37041,632.46 18.50546,-34.37018,632.46 18.50624,-34.36975,640.08 18.50703,-34.36917,640.08 18.50773,-34.36868,640.08 18.50826,-34.36816,640.08 18.50894,-34.36761,647.7 18.50939,-34.36686,655.32 18.50967,-34.36635,655.32 18.51002,-34.36561,647.7 18.51028,-34.36501,647.7 18.51048,-34.3643,647.7 18.51062,-34.36363,647.7 18.5107,-34.36286,647.7 18.51076,-34.36216,640.08 18.5107,-34.36132,640.08 18.51073,-34.36079,632.46 18.51067,-34.35983,632.46 18.51059,-34.35904,632.46 18.50661,-34.3622,632.46 18.50414,-34.36162,624.84 18.50567,-34.35043,624.84 18.50498,-34.34983,617.22 18.50407,-34.34913,624.84 18.50333,-34.34857,624.84 18.50258,-34.34815,624.84 18.50159,-34.34761,632.46 18.50075,-34.3472,632.46 18.49991,-34.34688,632.46 18.49886,-34.34657,632.46 18.49789,-34.34633,632.46 18.49674,-34.34615,640.08 18.49577,-34.3461,640.08 18.49468,-34.34615,640.08 18.49341,-34.34624,640.08 18.49251,-34.34643,640.08 18.49145,-34.34674,640.08 18.49028,-34.34717,640.08 18.48965,-34.34747,640.08 18.48842,-34.34821,632.46 18.48758,-34.3488,632.46 18.48696,-34.3494,624.84 18.48633,-34.35011,624.84 18.48579,-34.35091,624.84 18.4853,-34.35178,624.84 18.48506,-34.3526,632.46 18.48495,-34.35318,632.46 18.48495,-34.35406,640.08 18.48501,-34.35471,640.08 18.48518,-34.3556,640.08 18.48547,-34.3563,640.08 18.48579,-34.35704,640.08 18.48629,-34.35786,640.08 18.48673,-34.35844,640.08 18.48932,-34.36052,640.08 18.48604,-34.3653,640.08 18.48688,-34.36605,640.08 18.48769,-34.36636,640.08 18.48901,-34.36605,640.08 18.49651,-34.36188,632.46 18.49728,-34.36162,632.46 18.49812,-34.36116,632.46 18.49869,-34.36076,632.46 18.49937,-34.36016,640.08 18.49983,-34.35955,640.08 18.50023,-34.3589,640.08 18.50047,-34.35828,640.08 18.50063,-34.35741,632.46 18.50058,-34.35667,632.46 18.50042,-34.35585,624.84 18.50006,-34.35485,624.84 18.49969,-34.35416,617.22 18.49918,-34.35329,617.22 18.49869,-34.35257,617.22 18.49823,-34.35188,617.22 18.49771,-34.35108,617.22 18.49722,-34.35031,617.22 18.49649,-34.3493,609.6 18.49599,-34.34857,609.6 18.49532,-34.34766,609.6 18.49474,-34.3468,609.6 18.49425,-34.34619,609.6 18.49354,-34.34522,601.98 18.49297,-34.34447,601.98 18.49234,-34.34359,601.98 18.49176,-34.34284,601.98 18.49125,-34.3421,601.98 18.49073,-34.34135,601.98 18.49016,-34.34042,601.98 18.4896,-34.33946,609.6 18.48921,-34.33868,609.6 18.4889,-34.33791,609.6 18.48837,-34.33667,609.6 18.48797,-34.33585,609.6 18.48764,-34.33502,609.6 18.48719,-34.33405,609.6 18.48684,-34.33316,617.22 18.48652,-34.33237,617.22 18.48616,-34.33134,617.22 18.48579,-34.33049,617.22 18.48547,-34.32957,617.22 18.48523,-34.32889,617.22 18.48489,-34.32779,624.84 18.48473,-34.32711,624.84 18.48444,-34.32608,624.84 18.48422,-34.32509,632.46 18.48405,-34.32426,632.46 18.48392,-34.32343,632.46 18.48381,-34.32264,632.46 18.48375,-34.32185,632.46 18.48358,-34.32087,632.46 18.48347,-34.32008,632.46 18.48332,-34.31909,632.46 18.48312,-34.31808,632.46 18.48295,-34.31724,632.46 18.48281,-34.31639,632.46 18.48272,-34.31556,640.08 18.48255,-34.31454,640.08 18.48248,-34.31364,640.08 18.48242,-34.31282,632.46 18.48238,-34.31193,632.46 18.48232,-34.31105,632.46 18.48225,-34.3103,632.46 18.4822,-34.30925,632.46 18.48214,-34.30847,632.46 18.48209,-34.30765,632.46 18.48209,-34.3069,632.46 18.48214,-34.30582,632.46 18.48221,-34.30509,632.46 18.48237,-34.30399,632.46 18.48249,-34.30318,632.46 18.48261,-34.30253,632.46 18.48281,-34.30156,624.84 18.48295,-34.30076,624.84 18.48312,-34.29997,624.84 18.4833,-34.29894,624.84 18.48341,-34.2982,624.84 18.48354,-34.29721,617.22 18.48364,-34.29643,617.22 18.48377,-34.2957,617.22 18.48388,-34.29469,609.6 18.48405,-34.29382,609.6 18.4841,-34.29309,609.6 18.48427,-34.2921,609.6 18.48444,-34.29136,609.6 18.48467,-34.29042,609.6 18.4849,-34.28968,601.98 18.48517,-34.28879,601.98 18.48534,-34.28806,609.6 18.48556,-34.28737,601.98 18.48584,-34.28645,601.98 18.4861,-34.28558,609.6 18.48629,-34.2849,609.6 18.48652,-34.28389,609.6 18.48668,-34.28316,609.6 18.48685,-34.28238,609.6 18.48696,-34.28165,609.6 18.48713,-34.28064,609.6 18.48724,-34.27981,609.6 18.48736,-34.27916,609.6 18.48741,-34.27812,617.22 18.48747,-34.27739,617.22 18.48759,-34.27646,617.22 18.48764,-34.27565,617.22 18.48769,-34.27487,617.22 18.48775,-34.274,617.22 18.48776,-34.2732,624.84 18.48776,-34.27208,624.84 18.48776,-34.27129,624.84 18.48776,-34.2705,624.84 18.4878,-34.26952,624.84 18.48776,-34.26868,624.84 18.48776,-34.26785,624.84 18.48775,-34.267,624.84 18.48776,-34.26617,624.84 18.48775,-34.26549,624.84 18.48769,-34.26443,624.84 18.48776,-34.26096,632.46 18.48775,-34.25912,632.46 18.4877,-34.25803,632.46 18.4877,-34.25719,632.46 18.48764,-34.25616,632.46 18.48764,-34.25546,632.46 18.48764,-34.25467,632.46 18.48764,-34.25349,632.46 18.48764,-34.25262,624.84 18.48764,-34.25185,624.84 18.48753,-34.25095,632.46 18.48747,-34.24983,624.84 18.48736,-34.24895,624.84 18.48719,-34.24809,624.84 18.48701,-34.24722,624.84 18.4868,-34.24617,624.84 18.48663,-34.24535,624.84 18.48644,-34.24443,617.22 18.48627,-34.2436,617.22 18.4861,-34.24261,617.22 18.48598,-34.24178,617.22 18.48587,-34.24094,617.22 18.48576,-34.23996,617.22 18.48562,-34.23917,617.22 18.48551,-34.23816,617.22 18.48534,-34.23734,624.84 18.48518,-34.23638,617.22 18.48501,-34.23559,617.22 18.48484,-34.23479,617.22 18.48461,-34.23382,617.22 18.48427,-34.2328,617.22 18.48405,-34.23198,617.22 18.48377,-34.23116,617.22 18.48347,-34.23028,617.22 18.48318,-34.2293,617.22 18.48293,-34.22841,617.22 18.48272,-34.22763,617.22 18.48249,-34.22674,624.84 18.48221,-34.22558,624.84 18.48198,-34.22474,624.84 18.48181,-34.22383,617.22 18.48164,-34.22305,617.22 18.48141,-34.22199,624.84 18.48125,-34.22108,624.84 18.48108,-34.22021,624.84 18.48091,-34.2193,624.84 18.48069,-34.21825,624.84 18.48046,-34.21733,624.84 18.48013,-34.21632,624.84 18.47992,-34.21548,624.84 18.47958,-34.21436,624.84 18.47929,-34.21352,624.84 18.47895,-34.21264,624.84 18.47856,-34.21161,632.46 18.47822,-34.2106,632.46 18.47788,-34.20978,624.84 18.47752,-34.20877,624.84 18.47729,-34.20803,624.84 18.47694,-34.20724,624.84 18.47665,-34.20639,624.84 18.47626,-34.20538,624.84 18.47581,-34.20438,632.46 18.47547,-34.20346,624.84 18.47519,-34.20282,632.46 18.47483,-34.20193,632.46 18.47441,-34.20094,632.46 18.47403,-34.20007,632.46 18.47374,-34.1993,632.46 18.4734,-34.19838,632.46 18.47311,-34.19755,640.08 18.47277,-34.19653,640.08 18.47256,-34.19577,640.08 18.47222,-34.19499,632.46 18.47185,-34.19392,632.46 18.47155,-34.19316,632.46 18.47122,-34.19234,632.46 18.47094,-34.19146,632.46 18.47054,-34.19038,632.46 18.47025,-34.18959,632.46 18.46991,-34.18885,632.46 18.46956,-34.18792,632.46 18.46933,-34.18731,632.46 18.4683,-34.18456,632.46 18.4675,-34.18214,624.84 18.4671,-34.18121,617.22 18.46676,-34.18042,617.22 18.46634,-34.17943,609.6 18.46605,-34.1787,617.22 18.46573,-34.17786,609.6 18.46527,-34.17677,609.6 18.46498,-34.17604,609.6 18.46464,-34.17507,601.98 18.46437,-34.17444,601.98 18.46409,-34.17361,601.98 18.4637,-34.1727,594.36 18.46337,-34.17192,594.36 18.46298,-34.17093,586.74 18.46258,-34.17014,586.74 18.46224,-34.1693,579.12 18.46191,-34.16849,579.12 18.46149,-34.16748,579.12 18.46046,-34.16488,563.88 18.45922,-34.16148,541.02 18.45882,-34.16043,541.02 18.45866,-34.1597,533.4 18.45835,-34.15873,533.4 18.45812,-34.15789,525.78 18.45795,-34.15705,518.1600000000001 18.4577,-34.15594,518.1600000000001 18.45753,-34.15512,518.1600000000001 18.45737,-34.1543,510.54 18.4572,-34.15334,502.92 18.45703,-34.15231,502.92 18.45697,-34.15161,502.92 18.45698,-34.15041,495.3 18.45703,-34.14949,487.68 18.45714,-34.14876,487.68 18.45737,-34.14775,480.06 18.45766,-34.14686,480.06 18.45789,-34.14616,480.06 18.45821,-34.14523,472.44 18.45852,-34.14444,472.44 18.45888,-34.1434,464.82000000000005 18.45909,-34.14281,464.82000000000005 18.45949,-34.14197,464.82000000000005 18.46,-34.14107,464.82000000000005 18.46034,-34.14052,464.82000000000005 18.46084,-34.13983,464.82000000000005 18.46144,-34.13899,464.82000000000005 18.46213,-34.13818,464.82000000000005 18.46264,-34.13755,464.82000000000005 18.46331,-34.13676,457.20000000000005 18.4639,-34.1361,449.58000000000004 18.46443,-34.13553,449.58000000000004 18.4651,-34.13475,449.58000000000004 18.46567,-34.13415,441.96000000000004 18.46624,-34.13354,441.96000000000004 18.46682,-34.13289,441.96000000000004 18.46746,-34.1321,434.34000000000003 18.4679,-34.13154,434.34000000000003 18.46852,-34.13072,434.34000000000003 18.46897,-34.12994,434.34000000000003 18.46956,-34.12907,426.72 18.46992,-34.12843,434.34000000000003 18.47037,-34.12766,426.72 18.47088,-34.12684,426.72 18.47103,-34.12643,419.1 18.47155,-34.12554,419.1 18.47203,-34.12471,419.1 18.4724,-34.12393,411.48 18.47289,-34.12321,411.48 18.47326,-34.12234,411.48 18.47367,-34.12148,411.48 18.47402,-34.12066,411.48 18.47439,-34.11974,403.86 18.47461,-34.11874,403.86 18.47515,-34.11781,396.24 18.47559,-34.1171,396.24 18.47611,-34.11632,396.24 18.47654,-34.1154,396.24 18.47701,-34.11447,388.62 18.47732,-34.11361,388.62 18.478,-34.1129,381 18.47852,-34.1121,381 18.479,-34.11131,381 18.47964,-34.11052,373.38 18.48035,-34.10991,373.38 18.48117,-34.10928,373.38 18.48221,-34.1091,365.76 18.48306,-34.10865,373.38 18.48401,-34.1082,373.38 18.48472,-34.10775,373.38 18.48541,-34.10717,373.38 18.48589,-34.10643,373.38 18.48614,-34.10561,373.38 18.48632,-34.10482,365.76 18.48654,-34.10403,358.14000000000004 18.48652,-34.10318,358.14000000000004 18.48643,-34.1021,358.14000000000004 18.48605,-34.10145,358.14000000000004 18.48582,-34.10069,358.14000000000004 18.48537,-34.10004,358.14000000000004 18.48504,-34.09955,350.52000000000004 18.48451,-34.09895,350.52000000000004 18.48354,-34.09823,350.52000000000004 18.4821,-34.09774,350.52000000000004 18.48117,-34.09706,350.52000000000004 18.48029,-34.09625,350.52000000000004 18.48034,-34.09548,350.52000000000004 18.47988,-34.09437,342.90000000000003 18.47938,-34.09353,342.90000000000003 18.47939,-34.09256,342.90000000000003 18.47808,-34.09201,342.90000000000003 18.47741,-34.09113,342.90000000000003 18.47656,-34.09031,342.90000000000003 18.47658,-34.08904,342.90000000000003 18.47645,-34.08817,342.90000000000003 18.47595,-34.08741,342.90000000000003 18.47536,-34.08656,342.90000000000003 18.47484,-34.08573,342.90000000000003 18.47424,-34.08492,342.90000000000003 18.47397,-34.08394,342.90000000000003 18.47305,-34.08306,335.28000000000003 18.47124,-34.08253,335.28000000000003 18.47087,-34.08148,342.90000000000003 18.47111,-34.08056,342.90000000000003 18.46984,-34.08002,342.90000000000003 18.46933,-34.07912,342.90000000000003 18.46886,-34.07815,335.28000000000003 18.46862,-34.07716,335.28000000000003 18.468,-34.0763,335.28000000000003 18.46738,-34.07534,335.28000000000003 18.46655,-34.07447,335.28000000000003 18.46598,-34.07372,335.28000000000003 18.46553,-34.07284,335.28000000000003 18.46481,-34.07213,335.28000000000003 18.46441,-34.07128,327.66 18.46388,-34.07042,327.66 18.46329,-34.0695,327.66 18.4627,-34.06876,327.66 18.46199,-34.06794,327.66 18.46139,-34.06697,320.04 18.46074,-34.06609,320.04 18.46004,-34.06512,327.66 18.45967,-34.06419,327.66 18.45919,-34.06318,327.66 18.45887,-34.06226,327.66 18.4583,-34.06143,327.66 18.4578,-34.06044,327.66 18.45739,-34.05957,327.66 18.45698,-34.05848,327.66 18.45665,-34.0578,327.66 18.45606,-34.05708,327.66 18.45552,-34.05609,327.66 18.45503,-34.05516,327.66 18.45477,-34.05421,327.66 18.45471,-34.0533,327.66 18.4545,-34.05229,327.66 18.45418,-34.05153,327.66 18.45406,-34.05033,327.66 18.45406,-34.04949,327.66 18.45421,-34.04846,327.66 18.4541,-34.0475,327.66 18.45402,-34.04639,327.66 18.45363,-34.0454,327.66 18.45356,-34.04456,327.66 18.45327,-34.04356,327.66 18.45314,-34.04268,327.66 18.4526,-34.04197,327.66 18.45204,-34.04097,335.28000000000003 18.45135,-34.04001,335.28000000000003 18.45102,-34.03916,335.28000000000003 18.45055,-34.03831,335.28000000000003 18.45023,-34.03745,342.90000000000003 18.44953,-34.03666,342.90000000000003 18.44892,-34.03566,350.52000000000004 18.44743,-34.03416,358.14000000000004 18.4471,-34.03374,365.76 18.44633,-34.033,373.38 18.4459,-34.0323,373.38 18.44639,-34.03136,381 18.44607,-34.03043,388.62 18.44589,-34.02967,396.24 18.44559,-34.02887,403.86 18.44524,-34.02808,403.86 18.4449,-34.0273,411.48 18.44442,-34.02654,411.48 18.44388,-34.02575,419.1 18.44338,-34.02481,426.72 18.44304,-34.02409,426.72 18.44257,-34.02326,434.34000000000003 18.44236,-34.02246,434.34000000000003 18.44213,-34.02169,441.96000000000004 18.44234,-34.0209,441.96000000000004 18.44209,-34.01981,441.96000000000004 18.44207,-34.01896,441.96000000000004 18.44209,-34.01802,441.96000000000004 18.442,-34.0172,441.96000000000004 18.44206,-34.01615,441.96000000000004 18.44213,-34.01535,441.96000000000004 18.44217,-34.01441,441.96000000000004 18.44218,-34.01352,441.96000000000004 18.44191,-34.01251,441.96000000000004 18.44171,-34.01147,441.96000000000004 18.44198,-34.01046,434.34000000000003 18.44226,-34.00957,441.96000000000004 18.44258,-34.00867,441.96000000000004 18.44308,-34.00776,441.96000000000004 18.44382,-34.00682,441.96000000000004 18.4454,-34.00574,434.34000000000003 18.44495,-34.00492,434.34000000000003 18.44484,-34.00406,434.34000000000003 18.44508,-34.00307,434.34000000000003 18.44579,-34.00221,434.34000000000003 18.44662,-34.00129,434.34000000000003 18.44741,-34.00043,426.72 18.44782,-33.99969,426.72 18.44809,-33.99891,426.72 18.44809,-33.99776,426.72 18.44834,-33.9973,426.72 18.45099,-33.99643,426.72 18.4517,-33.9959,426.72 18.45281,-33.99513,426.72 18.45407,-33.99424,426.72 18.45473,-33.9937,419.1 18.45543,-33.99304,419.1 18.4564,-33.99226,411.48 18.45721,-33.99165,403.86 18.45787,-33.99099,403.86 18.45866,-33.99036,403.86 18.45968,-33.98933,396.24 18.4602,-33.98864,388.62 18.46096,-33.98806,388.62 18.46192,-33.98702,388.62 18.46271,-33.98631,381 18.46362,-33.98552,381 18.46311,-33.98384,373.38 18.46106,-33.98298,373.38 18.46785,-33.98225,365.76 18.46875,-33.98145,358.14000000000004 18.46951,-33.98067,358.14000000000004 18.47032,-33.97975,358.14000000000004 18.47099,-33.97897,358.14000000000004 18.47161,-33.97815,358.14000000000004 18.47242,-33.97699,358.14000000000004 18.47288,-33.97634,350.52000000000004 18.47345,-33.97527,350.52000000000004 18.47401,-33.97435,350.52000000000004 18.47452,-33.97348,350.52000000000004 18.47519,-33.97234,342.90000000000003 18.47563,-33.97163,342.90000000000003 18.47626,-33.9706,342.90000000000003 18.47682,-33.96954,342.90000000000003 18.47732,-33.96872,342.90000000000003 18.47775,-33.96782,342.90000000000003 18.4782,-33.96693,335.28000000000003 18.47861,-33.96597,335.28000000000003 18.47906,-33.96478,335.28000000000003 18.4794,-33.96364,327.66 18.47968,-33.96272,327.66 18.48003,-33.96153,320.04 18.48024,-33.96062,320.04 18.48057,-33.95924,320.04 18.48078,-33.95823,312.42 18.48089,-33.95734,312.42 18.48106,-33.95609,312.42 18.48119,-33.95503,312.42 18.48129,-33.9539,304.8 18.48136,-33.95288,304.8 18.48135,-33.95194,312.42 18.48141,-33.95078,312.42 18.48141,-33.9498,312.42 18.48146,-33.94883,312.42 18.48147,-33.9478,312.42 18.48147,-33.94656,312.42 18.48146,-33.94566,312.42 18.48141,-33.94445,312.42 18.48135,-33.94347,312.42 18.4813,-33.94263,312.42 18.48112,-33.94147,312.42 18.48095,-33.94044,312.42 18.48072,-33.93937,312.42 18.48057,-33.93864,304.8 18.48029,-33.9375,304.8 18.48007,-33.93681,297.18 18.47975,-33.93575,297.18 18.47945,-33.93484,297.18 18.47912,-33.93407,297.18 18.47866,-33.933,297.18 18.47832,-33.93235,297.18 18.4778,-33.93137,289.56 18.47732,-33.93063,297.18 18.47666,-33.92969,289.56 18.47609,-33.92889,289.56 18.47536,-33.92802,289.56 18.47477,-33.92732,289.56 18.47401,-33.92642,289.56 18.47334,-33.92569,289.56 18.47284,-33.92519,289.56 18.47211,-33.92436,281.94 18.47139,-33.92364,289.56 18.47065,-33.92289,281.94 18.46992,-33.92221,281.94 18.46916,-33.9215,281.94 18.46835,-33.92079,281.94 18.46751,-33.9201,281.94 18.46662,-33.91928,289.56 18.46583,-33.91878,289.56 18.46498,-33.91805,289.56 18.46415,-33.91736,289.56 18.46333,-33.9167,281.94 18.46269,-33.91603,274.32 18.46202,-33.91534,274.32 18.4614,-33.91484,266.7 18.46056,-33.91402,259.08000000000004 18.45995,-33.91342,259.08000000000004 18.45933,-33.91269,259.08000000000004 18.45869,-33.91205,251.46 18.458,-33.91135,251.46 18.45742,-33.91077,251.46 18.45675,-33.91003,243.84 18.456,-33.90926,236.22 18.45541,-33.90862,236.22 18.45388,-33.90693,228.60000000000002 18.4532,-33.90618,228.60000000000002 18.45263,-33.90558,220.98000000000002 18.45199,-33.90477,220.98000000000002 18.45143,-33.90422,213.36 18.45075,-33.90344,213.36 18.45042,-33.9028,205.74 18.44954,-33.90199,205.74 18.44879,-33.90125,205.74 18.44833,-33.90078,205.74 18.44756,-33.90001,198.12 18.44705,-33.8996,198.12 18.44633,-33.89905,190.5 18.44564,-33.89859,190.5 18.44261,-33.89724,167.64000000000001 18.44204,-33.89711,160.02 18.44107,-33.89697,152.4 18.44027,-33.89699,144.78 18.43932,-33.89703,137.16 18.43878,-33.89706,137.16 18.43803,-33.89722,129.54000000000002 18.43736,-33.8974,121.92 18.43666,-33.89757,114.30000000000001 18.43607,-33.89767,106.68 18.4354,-33.8978,99.06 18.43483,-33.8979,99.06 18.43426,-33.89799,91.44 18.43377,-33.89809,83.82000000000001 18.43304,-33.89822,76.2 18.43248,-33.89836,76.2 18.43203,-33.8985,68.58 18.43151,-33.89864,68.58 18.43111,-33.89878,60.96 18.43057,-33.89896,53.34 18.42997,-33.89915,53.34 18.42968,-33.89919,45.72 18.42842,-33.89957,38.1 18.42813,-33.89967,30.48 18.42783,-33.89973,30.48 18.42762,-33.89985,30.48 18.42739,-33.89994,30.48 18.4271,-33.90015,22.86 18.42687,-33.90042,22.86 18.42693,-33.9007,22.86 18.42705,-33.90092,15.24 18.42699,-33.90115,15.24 18.41987,-33.86865,236.22 18.41715,-33.86587,236.22 18.41387,-33.86275,228.60000000000002 18.41085,-33.85991,228.60000000000002 18.40832,-33.85757,228.60000000000002 18.40771,-33.85698,228.60000000000002 18.40529,-33.85464,228.60000000000002 18.40412,-33.85345,228.60000000000002 18.4035,-33.85286,228.60000000000002 18.40256,-33.85186,228.60000000000002 18.40171,-33.85098,228.60000000000002 18.40098,-33.8502,220.98000000000002 18.40003,-33.8492,213.36 18.39924,-33.84842,205.74 18.39823,-33.84732,198.12 18.39741,-33.84645,190.5 18.39643,-33.84548,190.5 18.39543,-33.84444,182.88 18.39464,-33.84357,182.88 18.39375,-33.84261,190.5 18.39291,-33.84169,190.5 18.39191,-33.84064,190.5 18.39106,-33.83972,190.5 18.39054,-33.8391,190.5 18.38954,-33.83803,190.5 18.38882,-33.83728,190.5 18.38792,-33.83629,190.5 18.38725,-33.8356,190.5 18.38625,-33.83463,182.88 18.38533,-33.8337,182.88 18.3843,-33.83268,182.88 18.38371,-33.83212,175.26000000000002 18.3827,-33.83114,175.26000000000002 18.38181,-33.83034,167.64000000000001 18.38097,-33.82956,167.64000000000001 18.38001,-33.82872,167.64000000000001 18.37875,-33.8276,167.64000000000001 18.37788,-33.82681,160.02 18.37688,-33.8259,160.02 18.37592,-33.82507,160.02 18.37475,-33.82407,160.02 18.37396,-33.82347,152.4 18.37278,-33.82256,152.4 18.37161,-33.82164,152.4 18.37074,-33.82095,144.78 18.36954,-33.82006,144.78 18.36885,-33.81955,144.78 18.36754,-33.81857,144.78 18.36656,-33.81789,144.78 18.36085,-33.80466,45.72 18.3601,-33.80749,60.96 18.36027,-33.80893,60.96 18.40931,-33.86312,182.88 18.41152,-33.86545,175.26000000000002 18.43609,-33.89031,137.16 18.43803,-33.89287,144.78 18.43971,-33.89534,144.78 18.44015,-33.89636,137.16 18.44038,-33.89715,137.16 18.43855,-33.89664,137.16 18.43855,-33.8972,137.16 18.43082,-33.88227,213.36 18.42606,-33.87969,259.08000000000004 18.42755,-33.87992,304.8 18.41268,-33.87521,312.42 18.42467,-33.87895,320.04 18.42167,-33.87793,335.28000000000003 18.40638,-33.88064,579.12 18.39868,-33.88127,624.84 18.39858,-33.88166,624.84 18.39317,-33.88205,632.46 18.391,-33.88304,632.46 18.38627,-33.88396,632.46 18.38208,-33.88329,640.08 18.39126,-33.88657,640.08 18.39069,-33.88739,647.7 18.389,-33.88794,655.32 18.37921,-33.88736,655.32 18.37436,-33.89167,670.5600000000001 18.37401,-33.8922,670.5600000000001 18.3742,-33.89334,670.5600000000001 18.37235,-33.89437,670.5600000000001 18.37194,-33.89558,670.5600000000001 18.37205,-33.89629,670.5600000000001 18.37128,-33.8974,670.5600000000001 18.36943,-33.89827,670.5600000000001 18.369,-33.9036,678.1800000000001 18.35903,-33.90297,678.1800000000001 18.35971,-33.90336,678.1800000000001 18.36257,-33.90604,678.1800000000001 18.3605,-33.90795,685.8000000000001 18.35941,-33.90913,685.8000000000001 18.34866,-33.90846,693.4200000000001 18.35508,-33.91105,701.0400000000001 18.35636,-33.91178,708.6600000000001 18.35113,-33.91227,708.6600000000001 18.35565,-33.91336,716.2800000000001 18.35317,-33.91522,731.52 18.34883,-33.91685,739.14 18.32083,-33.98906,792.48 18.31966,-33.99298,792.48 18.32979,-33.99843,792.48 18.32833,-34.00295,800.1 18.32846,-34.00405,800.1 18.32832,-34.00503,800.1 18.32794,-34.00587,807.72 18.32774,-34.0069,807.72 18.32758,-34.00816,807.72 18.32783,-34.00923,807.72 18.32632,-34.01025,800.1 18.32591,-34.01107,792.48 18.32745,-34.01282,792.48 18.32655,-34.01299,784.86 18.32826,-34.01466,784.86 18.32822,-34.0158,784.86 18.32972,-34.01641,777.24 18.32915,-34.01815,777.24 18.32883,-34.01884,777.24 18.33066,-34.02065,777.24 18.33132,-34.02161,777.24 18.33176,-34.02242,777.24 18.33272,-34.02354,769.62 18.33286,-34.02431,769.62 18.33325,-34.02543,777.24 18.33388,-34.0262,769.62 18.33438,-34.02702,769.62 18.33694,-34.0278,769.62 18.33815,-34.02894,777.24 18.3387,-34.02979,777.24 18.33931,-34.03063,784.86 18.33991,-34.03163,784.86 18.34059,-34.03247,784.86 18.3414,-34.03354,777.24 18.34196,-34.03431,777.24 18.34272,-34.03531,769.62 18.34331,-34.03636,777.24 18.34372,-34.03756,769.62 18.34417,-34.03874,769.62 18.34455,-34.03988,777.24 18.34491,-34.041,777.24 18.34464,-34.04195,777.24 18.34494,-34.0431,777.24 18.34551,-34.04412,769.62 18.34615,-34.04477,769.62 18.34741,-34.04488,769.62 18.3516,-34.04494,762 18.35238,-34.04443,762 18.35305,-34.04366,762 18.35339,-34.04269,762 18.35352,-34.04188,754.38 18.35328,-34.04086,754.38 18.35283,-34.03997,746.76 18.35221,-34.03908,746.76 18.35163,-34.03835,739.14 18.35083,-34.03741,739.14 18.35009,-34.03658,739.14 18.34934,-34.03579,739.14 18.3486,-34.03504,731.52 18.34785,-34.03425,731.52 18.34694,-34.0334,731.52 18.34616,-34.03267,731.52 18.34538,-34.03194,731.52 18.34442,-34.03094,731.52 18.34379,-34.03034,723.9000000000001 18.34285,-34.02933,723.9000000000001 18.34207,-34.02855,716.2800000000001 18.34111,-34.02759,716.2800000000001 18.34022,-34.02672,716.2800000000001 18.33933,-34.02587,716.2800000000001 18.33853,-34.02512,716.2800000000001 18.33758,-34.02411,716.2800000000001 18.33675,-34.02317,716.2800000000001 18.33584,-34.02233,716.2800000000001 18.33487,-34.02168,716.2800000000001 18.33389,-34.02098,708.6600000000001 18.33293,-34.02026,701.0400000000001 18.33178,-34.01926,693.4200000000001 18.3308,-34.0182,693.4200000000001 18.33007,-34.01715,685.8000000000001 18.32957,-34.01619,685.8000000000001 18.32914,-34.01493,685.8000000000001 18.32884,-34.01161,670.5600000000001 18.32891,-34.01032,662.94 18.32914,-34.00925,655.32 18.3294,-34.00827,655.32 18.32979,-34.00708,647.7 18.33018,-34.00594,647.7 18.33069,-34.00483,647.7 18.33125,-34.0036,640.08 18.32878,-34.00101,640.08 18.36411,-33.95194,563.88 18.36411,-33.94845,556.26 18.36399,-33.94529,556.26 18.36387,-33.94176,556.26 18.36387,-33.94089,556.26 18.36382,-33.93984,556.26 18.36382,-33.93835,556.26 18.36382,-33.93718,556.26 18.36382,-33.9364,556.26 18.36387,-33.93507,556.26 18.36393,-33.93398,556.26 18.3641,-33.93274,548.64 18.36428,-33.93169,548.64 18.36445,-33.93062,548.64 18.36477,-33.92935,548.64 18.36505,-33.92834,548.64 18.36544,-33.92706,548.64 18.36583,-33.9261,541.02 18.36628,-33.9249,548.64 18.36674,-33.92373,548.64 18.3672,-33.9228,548.64 18.36765,-33.92187,548.64 18.36824,-33.92079,541.02 18.3688,-33.91992,541.02 18.36943,-33.91894,541.02 18.37009,-33.918,541.02 18.37086,-33.91698,541.02 18.37161,-33.91599,541.02 18.37234,-33.91512,541.02 18.37312,-33.91425,541.02 18.374,-33.91317,541.02 18.3748,-33.91232,541.02 18.37578,-33.91135,541.02 18.37641,-33.9107,541.02 18.37721,-33.90985,541.02 18.37828,-33.90884,541.02 18.37915,-33.90795,548.64 18.38007,-33.90711,548.64 18.38069,-33.90656,548.64 18.38173,-33.90562,548.64 18.38259,-33.90486,548.64 18.38377,-33.90395,548.64 18.38465,-33.90334,548.64 18.38585,-33.90257,548.64 18.38691,-33.90207,548.64 18.38825,-33.90161,548.64 18.39005,-33.90244,548.64 18.39134,-33.90204,556.26 18.39254,-33.90148,556.26 18.3934,-33.90097,556.26 18.39437,-33.89874,548.64 18.39537,-33.89786,541.02 18.39626,-33.89711,541.02 18.39706,-33.89645,533.4 18.39818,-33.89552,525.78 18.39907,-33.89474,525.78 18.40021,-33.8938,518.1600000000001 18.4012,-33.89301,510.54 18.40221,-33.89227,502.92 18.40316,-33.89159,502.92 18.40439,-33.89073,495.3 18.40552,-33.89003,495.3 18.40668,-33.88929,487.68 18.40805,-33.88854,487.68 18.40922,-33.88792,480.06 18.41108,-33.8884,480.06 18.41236,-33.88779,472.44 18.41353,-33.88728,464.82000000000005 18.41509,-33.88663,464.82000000000005 18.41629,-33.88617,457.20000000000005 18.41789,-33.88565,449.58000000000004 18.41909,-33.88533,449.58000000000004 18.42035,-33.88509,449.58000000000004 18.42138,-33.88407,441.96000000000004 18.42256,-33.88399,441.96000000000004 18.42413,-33.88403,441.96000000000004 18.42539,-33.88421,441.96000000000004 18.42648,-33.88449,441.96000000000004 18.42727,-33.88431,441.96000000000004 18.42878,-33.88527,441.96000000000004 18.42991,-33.88579,434.34000000000003 18.43063,-33.88586,419.1 18.43163,-33.88649,403.86 18.43294,-33.8877,396.24 18.43405,-33.88829,381 18.43506,-33.889,365.76 18.43603,-33.8897,358.14000000000004 18.43685,-33.89035,350.52000000000004 18.43781,-33.89133,327.66 18.43861,-33.89203,320.04 18.43977,-33.89287,312.42 18.44049,-33.89357,304.8 18.44124,-33.89441,297.18 18.44198,-33.89534,289.56 18.44244,-33.89603,281.94 18.44284,-33.89697,274.32 18.44302,-33.8979,266.7 18.44301,-33.89869,259.08000000000004 18.44285,-33.89955,251.46 18.43543,-33.89758,243.84 18.43215,-33.89853,228.60000000000002 18.43988,-33.89804,190.5 18.42699,-33.90079,0 18.433,-33.88327,220.98000000000002 18.42932,-33.87985,274.32 18.42711,-33.87914,297.18 18.39772,-33.87957,464.82000000000005 18.39538,-33.88008,480.06 18.38103,-33.87973,495.3 18.39396,-33.88755,563.88 18.37498,-33.88503,579.12 18.37227,-33.88653,594.36 18.36963,-33.88793,601.98 18.36728,-33.88669,617.22 18.36421,-33.88906,624.84 18.37776,-33.89508,647.7 18.36876,-33.89486,655.32 18.35125,-33.89623,670.5600000000001 18.3636,-33.9022,685.8000000000001 18.34597,-33.9029,708.6600000000001 18.35605,-33.9072,723.9000000000001 18.35873,-33.90858,731.52 18.35455,-33.90912,746.76 18.35323,-33.90995,746.76 18.34722,-33.90957,746.76 18.3544,-33.91198,746.76 18.35461,-33.91328,746.76 18.35225,-33.91333,754.38 18.35719,-33.91581,754.38 18.35579,-33.91632,754.38 18.35292,-33.91817,754.38 18.36205,-33.92997,632.46 18.36399,-33.92597,632.46 18.36565,-33.92303,617.22 18.36645,-33.92184,617.22 18.36708,-33.92085,617.22 18.36774,-33.91997,609.6 18.36852,-33.91896,609.6 18.36931,-33.91795,609.6 18.37017,-33.91684,609.6 18.3708,-33.9161,609.6 18.37183,-33.91494,601.98 18.37262,-33.91406,601.98 18.3734,-33.91319,601.98 18.37423,-33.91228,594.36 18.36507,-33.90836,586.74 18.36784,-33.9066,586.74 18.38156,-33.90562,586.74 18.38242,-33.90497,579.12 18.38362,-33.90404,579.12 18.38465,-33.90348,579.12 18.38585,-33.9026,579.12 18.38696,-33.90179,571.5 18.38775,-33.90092,571.5 18.389,-33.89999,563.88 18.38988,-33.89932,563.88 18.39088,-33.89859,563.88 18.39212,-33.89772,556.26 18.39312,-33.89697,556.26 18.39432,-33.89613,556.26 18.39506,-33.89557,548.64 18.39633,-33.89465,541.02 18.39724,-33.89394,541.02 18.40059,-33.89149,525.78 18.40519,-33.88831,510.54 18.40628,-33.88761,502.92 18.40736,-33.88696,495.3 18.40868,-33.88691,495.3 18.41,-33.88602,487.68 18.41112,-33.88545,487.68 18.41246,-33.8843,480.06 18.4137,-33.88376,480.06 18.41477,-33.88339,480.06 18.41628,-33.88298,480.06 18.41743,-33.88277,480.06 18.41875,-33.88257,472.44 18.42043,-33.88243,472.44 18.42172,-33.88234,464.82000000000005 18.42301,-33.88239,464.82000000000005 18.42447,-33.88253,464.82000000000005 18.42567,-33.88281,464.82000000000005 18.42716,-33.88328,464.82000000000005 18.42848,-33.88384,457.20000000000005 18.42957,-33.8844,449.58000000000004 18.43054,-33.885,449.58000000000004 18.4318,-33.88579,434.34000000000003 18.4326,-33.88635,426.72 18.43357,-33.88705,419.1 18.43456,-33.88783,403.86 18.43629,-33.88948,373.38 18.43696,-33.89012,365.76 18.43786,-33.89108,350.52000000000004 18.43837,-33.89168,350.52000000000004 18.43912,-33.8924,342.90000000000003 18.43992,-33.89338,327.66 18.44055,-33.8941,327.66 18.44139,-33.8952,312.42 18.44193,-33.89589,304.8 18.4425,-33.89664,297.18 18.44319,-33.89754,297.18 18.44363,-33.89827,289.56 18.44397,-33.899,281.94 18.44427,-33.89994,281.94 18.44427,-33.90064,274.32 18.43591,-33.89949,259.08000000000004 18.43323,-33.89948,243.84 18.4401,-33.90184,190.5 18.43929,-33.90139,175.26000000000002 18.4387,-33.90079,167.64000000000001 18.43809,-33.90056,152.4 18.43158,-33.89886,76.2 18.43097,-33.89891,68.58 18.43048,-33.89911,60.96 18.43208,-33.88276,236.22 18.42762,-33.87668,312.42 18.42577,-33.87735,320.04 18.41928,-33.87455,342.90000000000003 18.42,-33.87541,358.14000000000004 18.41346,-33.87276,373.38 18.41361,-33.87358,381 18.40984,-33.87282,388.62 18.41553,-33.87456,396.24 18.42572,-33.87778,403.86 18.38957,-33.87806,541.02 18.38826,-33.88097,556.26 18.38702,-33.88097,563.88 18.38807,-33.88166,571.5 18.38387,-33.88175,579.12 18.38848,-33.88669,594.36 18.39469,-33.8897,609.6 18.39107,-33.89173,632.46 18.37962,-33.89383,662.94 18.37744,-33.89571,678.1800000000001 18.37379,-33.89914,708.6600000000001 18.37312,-33.89983,708.6600000000001 18.37069,-33.90246,731.52 18.36263,-33.90061,739.14 18.36217,-33.90182,746.76 18.36366,-33.90411,754.38 18.36306,-33.90444,754.38 18.36651,-33.908,769.62 18.36514,-33.91019,777.24 18.3526,-33.90912,769.62 18.3509,-33.90956,769.62 18.35293,-33.9119,777.24 18.35265,-33.91293,777.24 18.35062,-33.91487,777.24 18.34861,-33.91566,777.24 18.35884,-33.92271,777.24 18.35843,-33.924,777.24 18.35815,-33.92496,777.24 18.35793,-33.92597,777.24 18.35765,-33.92715,777.24 18.35741,-33.92815,777.24 18.3572,-33.92908,777.24 18.35712,-33.93034,777.24 18.35695,-33.93127,777.24 18.35672,-33.93225,777.24 18.35658,-33.93315,777.24 18.35644,-33.93407,784.86 18.35625,-33.93517,777.24 18.35609,-33.93616,777.24 18.35591,-33.93718,777.24 18.35575,-33.93854,777.24 18.35563,-33.93938,777.24 18.35506,-33.94273,777.24 18.35462,-33.94473,777.24 18.35432,-33.94594,777.24 18.35403,-33.94687,777.24 18.35363,-33.94799,777.24 18.35323,-33.94901,777.24 18.35289,-33.94991,777.24 18.35255,-33.95078,777.24 18.35197,-33.95194,777.24 18.35157,-33.95274,777.24 18.35098,-33.95384,777.24 18.35048,-33.9548,777.24 18.34997,-33.95562,777.24 18.34934,-33.95678,777.24 18.34837,-33.95851,777.24 18.34711,-33.96062,777.24 18.34672,-33.96121,777.24 18.34614,-33.96223,777.24 18.34481,-33.96432,777.24 18.34431,-33.96516,777.24 18.34225,-33.96852,777.24 18.34059,-33.97215,784.86 18.33971,-33.97517,784.86 18.33938,-33.97801,792.48 18.33933,-33.98039,800.1 18.33973,-33.98383,800.1 18.34072,-33.98808,800.1 18.34127,-33.99044,800.1 18.34219,-33.99417,800.1 18.34302,-33.99774,800.1 18.34385,-34.00185,807.72 18.34396,-34.00283,807.72 18.34414,-34.00401,807.72 18.34431,-34.00507,807.72 18.34442,-34.00599,807.72 18.34448,-34.00699,815.34 18.34459,-34.00795,815.34 18.34459,-34.00911,815.34 18.34448,-34.01023,815.34 18.34437,-34.0112,815.34 18.34299,-34.01151,815.34 18.34318,-34.01276,815.34 18.34324,-34.01388,807.72 18.34319,-34.01504,807.72 18.34302,-34.01599,807.72 18.34272,-34.01722,807.72 18.34237,-34.01827,807.72 18.34195,-34.01924,807.72 18.34169,-34.02021,807.72 18.34123,-34.02114,815.34 18.34089,-34.02231,815.34 18.34082,-34.02335,815.34 18.34063,-34.02437,815.34 18.34019,-34.0253,815.34 18.33985,-34.02612,815.34 18.33976,-34.02701,815.34 18.3397,-34.02806,815.34 18.33966,-34.029,807.72 18.3397,-34.03002,807.72 18.33985,-34.03091,807.72 18.33993,-34.03192,807.72 18.34038,-34.033,800.1 18.34096,-34.03373,800.1 18.34033,-34.03463,800.1 18.34317,-34.0349,792.48 18.34499,-34.03542,784.86 18.346,-34.0352,784.86 18.34748,-34.03502,777.24 18.34858,-34.0348,777.24 18.34947,-34.0342,777.24 18.35056,-34.0336,777.24 18.35143,-34.03273,777.24 18.35201,-34.03179,769.62 18.35235,-34.03072,769.62 18.35245,-34.02967,762 18.35242,-34.02868,762 18.3521,-34.02758,754.38 18.35192,-34.02649,754.38 18.35183,-34.02553,746.76 18.35154,-34.02439,746.76 18.3514,-34.02335,739.14 18.35122,-34.02234,739.14 18.35205,-34.02187,731.52 18.34972,-34.01974,723.9000000000001 18.34766,-34.01809,716.2800000000001 18.34924,-34.01712,716.2800000000001 18.34934,-34.01446,708.6600000000001 18.349,-34.01325,701.0400000000001 18.34874,-34.0123,701.0400000000001 18.34848,-34.01125,701.0400000000001 18.34818,-34.00996,693.4200000000001 18.34785,-34.00869,685.8000000000001 18.34706,-34.00543,670.5600000000001 18.34633,-34.00186,662.94 18.34728,-33.99394,640.08 18.35636,-33.97719,640.08 18.3581,-33.97192,640.08 18.35867,-33.96954,632.46 18.35916,-33.96666,632.46 18.3595,-33.96419,640.08 18.35989,-33.96144,640.08 18.36051,-33.95609,632.46 18.36096,-33.95274,632.46 18.36142,-33.94952,632.46 18.36213,-33.94528,632.46 18.3623,-33.94423,632.46 18.36241,-33.94308,632.46 18.36256,-33.94189,632.46 18.36281,-33.94057,632.46 18.36296,-33.93966,632.46 18.36319,-33.93849,632.46 18.36342,-33.93745,632.46 18.3637,-33.93635,632.46 18.36393,-33.93544,632.46 18.36421,-33.93434,632.46 18.36456,-33.93314,632.46 18.36482,-33.93233,632.46 18.36522,-33.93118,632.46 18.36554,-33.9302,632.46 18.36588,-33.92937,632.46 18.36634,-33.92825,632.46 18.3669,-33.92711,632.46 18.3674,-33.9261,632.46 18.36785,-33.92528,632.46 18.3684,-33.92434,632.46 18.36903,-33.92322,632.46 18.36954,-33.92238,632.46 18.37026,-33.92125,632.46 18.37086,-33.92043,632.46 18.37149,-33.91965,632.46 18.37234,-33.91852,632.46 18.37318,-33.91745,632.46 18.37383,-33.9167,632.46 18.37463,-33.91576,624.84 18.37531,-33.91493,624.84 18.37626,-33.91388,624.84 18.37693,-33.91306,624.84 18.37766,-33.91228,624.84 18.37833,-33.91145,624.84 18.3791,-33.91065,624.84 18.3799,-33.90977,624.84 18.38086,-33.90875,624.84 18.38156,-33.908,624.84 18.38242,-33.90707,624.84 18.38321,-33.90628,617.22 18.3839,-33.90553,617.22 18.3847,-33.90465,609.6 18.38568,-33.90353,609.6 18.38636,-33.90274,601.98 18.38702,-33.90189,601.98 18.38786,-33.90092,594.36 18.38881,-33.89983,586.74 18.3896,-33.899,579.12 18.39054,-33.89813,571.5 18.39134,-33.89738,563.88 18.39231,-33.89659,556.26 18.39329,-33.89585,548.64 18.3942,-33.8952,541.02 18.39537,-33.89447,533.4 18.39632,-33.89399,525.78 18.39735,-33.89347,518.1600000000001 18.39861,-33.89287,510.54 18.39958,-33.89241,510.54 18.40073,-33.89198,502.92 18.4021,-33.89147,495.3 18.40313,-33.89115,495.3 18.40451,-33.89072,487.68 18.4053,-33.89045,487.68 18.40668,-33.88998,480.06 18.40799,-33.88961,480.06 18.40908,-33.88929,472.44 18.41023,-33.88898,464.82000000000005 18.41125,-33.88868,464.82000000000005 18.41253,-33.88838,457.20000000000005 18.41353,-33.88811,449.58000000000004 18.41471,-33.88788,441.96000000000004 18.41572,-33.8876,434.34000000000003 18.41703,-33.88733,426.72 18.41813,-33.88715,419.1 18.41948,-33.88692,403.86 18.42048,-33.88673,403.86 18.42172,-33.8866,396.24 18.42247,-33.88654,396.24 18.42368,-33.88641,388.62 18.42463,-33.88641,381 18.42573,-33.88644,373.38 18.4271,-33.88649,365.76 18.42828,-33.88687,358.14000000000004 18.4306,-33.88845,342.90000000000003</coordinates>
      </LineString>
    </Placemark>
    <Placemark>
      <name>Entry 1</name>
      <description><![CDATA[Entry into TMNP (incursion 1) at 2026-01-29 11:35:45 SAST]]></description>
      <Style><IconStyle><Icon><href>http://maps.google.com/mapfiles/kml/paddle/grn-circle.png</href></Icon><scale>0.7</scale></IconStyle></Style>
      <Point><altitudeMode>absolute</altitudeMode><coordinates>18.326028352669795,-34.025904918795064,806.4116937264428</coordinates></Point>
    </Placemark>
    <Placemark>
      <name>Exit 1</name>
      <description><![CDATA[Exit from TMNP (incursion 1) at 2026-01-29 11:36:10 SAST]]></description>
      <Style><IconStyle><Icon><href>http://maps.google.com/mapfiles/kml/paddle/red-circle.png</href></Icon><scale>0.7</scale></IconStyle></Style>
      <Point><altitudeMode>absolute</altitudeMode><coordinates>18.336316288943383,-34.03678863589654,783.7674366555735</coordinates></Point>
    </Placemark>
    <Placemark>
      <name>Entry 2</name>
      <description><![CDATA[Entry into TMNP (incursion 2) at 2026-01-29 12:59:34 SAST]]></description>
      <Style><IconStyle><Icon><href>http://maps.google.com/mapfiles/kml/paddle/grn-circle.png</href></Icon><scale>0.7</scale></IconStyle></Style>
      <Point><altitudeMode>absolute</altitudeMode><coordinates>18.487966934323833,-34.34852822470112,632.46</coordinates></Point>
    </Placemark>
    <Placemark>
      <name>Exit 2</name>
      <description><![CDATA[Exit from TMNP (incursion 2) at 2026-01-29 12:59:52 SAST]]></description>
      <Style><IconStyle><Icon><href>http://maps.google.com/mapfiles/kml/paddle/red-circle.png</href></Icon><scale>0.7</scale></IconStyle></Style>
      <Point><altitudeMode>absolute</altitudeMode><coordinates>18.48503119957259,-34.35482098599767,640.08</coordinates></Point>
    </Placemark>
    <Placemark>
      <name>Entry 3</name>
      <description><![CDATA[Entry into TMNP (incursion 3) at 2026-01-29 14:19:34 SAST]]></description>
      <Style><IconStyle><Icon><href>http://maps.google.com/mapfiles/kml/paddle/grn-circle.png</href></Icon><scale>0.7</scale></IconStyle></Style>
      <Point><altitudeMode>absolute</altitudeMode><coordinates>18.331798542075752,-34.02246496575504,776.9340722737089</coordinates></Point>
    </Placemark>
    <Placemark>
      <name>Exit 3</name>
      <description><![CDATA[Exit from TMNP (incursion 3) at 2026-01-29 14:20:02 SAST]]></description>
      <Style><IconStyle><Icon><href>http://maps.google.com/mapfiles/kml/paddle/red-circle.png</href></Icon><scale>0.7</scale></IconStyle></Style>
      <Point><altitudeMode>absolute</altitudeMode><coordinates>18.34233591411404,-34.03480462383427,773.4709663828835</coordinates></Point>
    </Placemark>
    <Placemark>
      <name>Entry 4</name>
      <description><![CDATA[Entry into TMNP (incursion 4) at 2026-01-29 14:21:10 SAST]]></description>
      <Style><IconStyle><Icon><href>http://maps.google.com/mapfiles/kml/paddle/grn-circle.png</href></Icon><scale>0.7</scale></IconStyle></Style>
      <Point><altitudeMode>absolute</altitudeMode><coordinates>18.343515297713243,-34.03004484115998,723.9000000000001</coordinates></Point>
    </Placemark>
    <Placemark>
      <name>Exit 4</name>
      <description><![CDATA[Exit from TMNP (incursion 4) at 2026-01-29 14:21:25 SAST]]></description>
      <Style><IconStyle><Icon><href>http://maps.google.com/mapfiles/kml/paddle/red-circle.png</href></Icon><scale>0.7</scale></IconStyle></Style>
      <Point><altitudeMode>absolute</altitudeMode><coordinates>18.33773040597515,-34.024269905299896,716.2800000000001</coordinates></Point>
    </Placemark>
    <Placemark>
      <name>Entry 5</name>
      <description><![CDATA[Entry into TMNP (incursion 5) at 2026-01-29 15:32:16 SAST]]></description>
      <Style><IconStyle><Icon><href>http://maps.google.com/mapfiles/kml/paddle/grn-circle.png</href></Icon><scale>0.7</scale></IconStyle></Style>
      <Point><altitudeMode>absolute</altitudeMode><coordinates>18.343144127452504,-33.998354655216616,801.2395797446743</coordinates></Point>
    </Placemark>
    <Placemark>
      <name>Exit 5</name>
      <description><![CDATA[Exit from TMNP (incursion 5) at 2026-01-29 15:32:32 SAST]]></description>
      <Style><IconStyle><Icon><href>http://maps.google.com/mapfiles/kml/paddle/red-circle.png</href></Icon><scale>0.7</scale></IconStyle></Style>
      <Point><altitudeMode>absolute</altitudeMode><coordinates>18.344440713949986,-34.006335232499765,810.3506716481969</coordinates></Point>
    </Placemark>
    <Placemark>
      <name>Entry 6</name>
      <description><![CDATA[Entry into TMNP (incursion 6) at 2026-01-29 15:32:42 SAST]]></description>
      <Style><IconStyle><Icon><href>http://maps.google.com/mapfiles/kml/paddle/grn-circle.png</href></Icon><scale>0.7</scale></IconStyle></Style>
      <Point><altitudeMode>absolute</altitudeMode><coordinates>18.34438533677174,-34.011064757558316,815.34</coordinates></Point>
    </Placemark>
    <Placemark>
      <name>Exit 6</name>
      <description><![CDATA[Exit from TMNP (incursion 6) at 2026-01-29 15:32:56 SAST]]></description>
      <Style><IconStyle><Icon><href>http://maps.google.com/mapfiles/kml/paddle/red-circle.png</href></Icon><scale>0.7</scale></IconStyle></Style>
      <Point><altitudeMode>absolute</altitudeMode><coordinates>18.342593038916196,-34.01760088325141,807.72</coordinates></Point>
    </Placemark>
    <Placemark>
      <name>Entry 7</name>
      <description><![CDATA[Entry into TMNP (incursion 7) at 2026-01-29 15:33:15 SAST]]></description>
      <Style><IconStyle><Icon><href>http://maps.google.com/mapfiles/kml/paddle/grn-circle.png</href></Icon><scale>0.7</scale></IconStyle></Style>
      <Point><altitudeMode>absolute</altitudeMode><coordinates>18.33984529127428,-34.02616656406542,815.34</coordinates></Point>
    </Placemark>
    <Placemark>
      <name>Exit 7</name>
      <description><![CDATA[Exit from TMNP (incursion 7) at 2026-01-29 15:33:36 SAST]]></description>
      <Style><IconStyle><Icon><href>http://maps.google.com/mapfiles/kml/paddle/red-circle.png</href></Icon><scale>0.7</scale></IconStyle></Style>
      <Point><altitudeMode>absolute</altitudeMode><coordinates>18.342298050337064,-34.034817103377115,794.8195269125328</coordinates></Point>
    </Placemark>
    <Placemark>
      <name>Entry 8</name>
      <description><![CDATA[Entry into TMNP (incursion 8) at 2026-01-29 15:34:21 SAST]]></description>
      <Style><IconStyle><Icon><href>http://maps.google.com/mapfiles/kml/paddle/grn-circle.png</href></Icon><scale>0.7</scale></IconStyle></Style>
      <Point><altitudeMode>absolute</altitudeMode><coordinates>18.347847359454,-34.018240069465584,716.9730480774119</coordinates></Point>
    </Placemark>
    <Placemark>
      <name>Exit 8</name>
      <description><![CDATA[Exit from TMNP (incursion 8) at 2026-01-29 15:34:22 SAST]]></description>
      <Style><IconStyle><Icon><href>http://maps.google.com/mapfiles/kml/paddle/red-circle.png</href></Icon><scale>0.7</scale></IconStyle></Style>
      <Point><altitudeMode>absolute</altitudeMode><coordinates>18.347870044393503,-34.01796104869513,716.2800000000001</coordinates></Point>
    </Placemark>
    <Placemark>
      <name>Entry 9</name>
      <description><![CDATA[Entry into TMNP (incursion 9) at 2026-01-29 15:34:29 SAST]]></description>
      <Style><IconStyle><Icon><href>http://maps.google.com/mapfiles/kml/paddle/grn-circle.png</href></Icon><scale>0.7</scale></IconStyle></Style>
      <Point><altitudeMode>absolute</altitudeMode><coordinates>18.349167526846344,-34.01384619848257,704.7945722621307</coordinates></Point>
    </Placemark>
    <Placemark>
      <name>Exit 9</name>
      <description><![CDATA[Exit from TMNP (incursion 9) at 2026-01-29 15:34:38 SAST]]></description>
      <Style><IconStyle><Icon><href>http://maps.google.com/mapfiles/kml/paddle/red-circle.png</href></Icon><scale>0.7</scale></IconStyle></Style>
      <Point><altitudeMode>absolute</altitudeMode><coordinates>18.348027622488086,-34.00937357745415,689.9014647248761</coordinates></Point>
    </Placemark>
    <Placemark>
      <name>Entry 10</name>
      <description><![CDATA[Entry into TMNP (incursion 10) at 2026-01-29 15:34:46 SAST]]></description>
      <Style><IconStyle><Icon><href>http://maps.google.com/mapfiles/kml/paddle/grn-circle.png</href></Icon><scale>0.7</scale></IconStyle></Style>
      <Point><altitudeMode>absolute</altitudeMode><coordinates>18.347046535640825,-34.00536415375033,670.4194542234019</coordinates></Point>
    </Placemark>
    <Placemark>
      <name>Exit 10</name>
      <description><![CDATA[Exit from TMNP (incursion 10) at 2026-01-29 15:35:25 SAST]]></description>
      <Style><IconStyle><Icon><href>http://maps.google.com/mapfiles/kml/paddle/red-circle.png</href></Icon><scale>0.7</scale></IconStyle></Style>
      <Point><altitudeMode>absolute</altitudeMode><coordinates>18.351118256553935,-33.986859515718244,640.08</coordinates></Point>
    </Placemark>
  </Document>
</kml>
