<?xml version="1.0" encoding="UTF-8"?>
<kml xmlns="http://www.opengis.net/kml/2.2">
  <Document>
    <name>-/ZTHOT</name>
    <description><![CDATA[<div style="width:220px; text-align:center;">
<div style="width:210px; text-align:center;">
<div style=" background: #000; color: #fff; font-size: 14px; text-align:left; border: 1px solid #000; padding: 2px 6px; text-shadow: 0 1px 0 #000; box-shadow: 0 1px 3px rgba(0,0,0,0.6); background: -webkit-gradient(linear, left top, left bottom, color-stop(0%,#808080), color-stop(2%,#303030), color-stop(100%,#0c0c0c));"><span style="font-size: 14px; font-weight: bold;"><a href="javascript:void(0);" style="color: #fff; cursor: pointer;text-decoration: none;">-</a></span> / ZTHOT<br/>Cape Town Helicopters</div>

<div style="border-top: 1px solid #005c90; color: #fff; padding-bottom: 5px; box-shadow: 0 0 1px #9BE3F6 inset, 0 1px 0 #9BE3F6 inset, 0 -1px 3px rgba(0,0,0,0.4); background:rgba(43,114,173,1); background: -webkit-gradient(linear, left top, left bottom, color-stop(0%,rgba(92,184,229,1)), color-stop(100%,rgba(43,114,173,1)));">
<a style="text-decoration: none; color: rgb(255, 255, 255); font-size: 12px; width:77px; display: inline-block;" title=" Airport" href="javascript:void(0);/departures"><h3 style="padding: 0px; margin: 10px 0px 0px; font-size: 16px; ">?</h3></a>
<span style="background: url(https://www.flightradar24.com/static/images/userUI_sprite.png?14) no-repeat scroll 0 -464px rgba(0, 0, 0, 0); border: medium none; display: inline-block; height: 16px; width: 45px;"></span>
<a style="text-decoration: none; color: rgb(255, 255, 255); font-size: 12px; width:77px; display: inline-block;" title="Cape Town Airport" href="https://www.flightradar24.com/airport/cpt/arrivals"><h3 style="padding: 0px; margin: 10px 0px 0px; font-size: 16px;">CPT</h3>Cape Town</a>
<div style=" margin-top:10px;">
<div style="display: inline-block; font-size: 12px; padding: 0 5px;">
<div>
<span style="color: #c1eaff;" title="Actual Time of Departure">ATD </span>
<span title="2025-07-28 09:52">09:52</span> <span title="Coordinated Universal Time">UTC</span>
</div>
</div>
<div style="display: inline-block; font-size: 12px; padding: 0 5px;">
<div>
<span style="color: #c1eaff;" title="Estimated Time of Arrival">ETA </span>
<span title="2025-07-28 10:03">10:03</span> <span title="Coordinated Universal Time">UTC</span>
</div>
</div>
</div>
<br style="clear: both;"/>
</div>

<div style="display: block;">
<table style="border-collapse: collapse; width: 100%;">
<tr style="border-right: 1px solid #dadada; ">
<td style="background: none repeat scroll 0 0 #dadada; padding: 0; width: 31px;">
<span style="background: url(https://www.flightradar24.com/static/images/userUI_sprite.png?14) no-repeat scroll -208px -464px rgba(0, 0, 0, 0); height: 26px; margin: 8px 0 0 4px; width: 23px; display: block;"></span>
</td>
<td colspan="2" style="border-bottom: 1px solid #dadada; border-left: 1px solid #dadada; color: #666; line-height: 1.1em; padding: 3px 6px; vertical-align: top; font-size: 14px;">
Aircraft<span style="float: right; font-size: 12px;">(AS50)</span><br>
<span style="color: #333; font-size: 16px; font-weight: bold; line-height: 1.3em;">Airbus Helicopters H125</span>
</td>
</tr>
<tr style="border-right: 1px solid #dadada; ">
<td style="background: none repeat scroll 0 0 #dadada; padding: 0; width: 31px;">
<td colspan="2" style="border-bottom: 1px solid #dadada; border-left: 1px solid #dadada; color: #666; line-height: 1.1em; padding: 3px 6px; vertical-align: top; font-size: 14px;">
Registration<br>
<span style="color: #333; font-size: 16px; font-weight: bold; line-height: 1.3em;"><a href="https://www.flightradar24.com/reg/zt-hot" style="text-decoration: none; color: #333;">ZT-HOT</a></span>
</td>
</tr>
</table>
</div>

</div>
</div>]]></description>
    <Folder>
      <name>Route</name>
      <Placemark>
        <name>2025-07-28 09:52:23 UTC</name>
        <description><![CDATA[<div><div><span><b>Altitude:</b></span> <span>200 ft</span></div>
<div><span><b>Speed:</b></span> <span>57 kt</span></div>
<div><span><b>Heading:</b></span> <span>85&deg;</span></div>
</div>]]></description>
        <TimeStamp>
          <when>2025-07-28T09:52:23+00:00</when>
        </TimeStamp>
        <Style>
          <IconStyle>
            <heading>85</heading>
            <Icon>
              <href>http://maps.google.com/mapfiles/kml/shapes/airports.png</href>
            </Icon>
          </IconStyle>
        </Style>
        <Point>
          <altitudeMode>absolute</altitudeMode>
          <coordinates>18.432198,-33.901062,60.96</coordinates>
        </Point>
      </Placemark>
      <Placemark>
        <name>2025-07-28 09:52:29 UTC</name>
        <description><![CDATA[<div><div><span><b>Altitude:</b></span> <span>300 ft</span></div>
<div><span><b>Speed:</b></span> <span>59 kt</span></div>
<div><span><b>Heading:</b></span> <span>83&deg;</span></div>
</div>]]></description>
        <TimeStamp>
          <when>2025-07-28T09:52:29+00:00</when>
        </TimeStamp>
        <Style>
          <IconStyle>
            <heading>83</heading>
            <Icon>
              <href>http://maps.google.com/mapfiles/kml/shapes/airports.png</href>
            </Icon>
          </IconStyle>
        </Style>
        <Point>
          <altitudeMode>absolute</altitudeMode>
          <coordinates>18.434275,-33.900925,91.44</coordinates>
        </Point>
      </Placemark>
      <Placemark>
        <name>2025-07-28 09:52:31 UTC</name>
        <description><![CDATA[<div><div><span><b>Altitude:</b></span> <span>300 ft</span></div>
<div><span><b>Speed:</b></span> <span>59 kt</span></div>
<div><span><b>Heading:</b></span> <span>80&deg;</span></div>
</div>]]></description>
        <TimeStamp>
          <when>2025-07-28T09:52:31+00:00</when>
        </TimeStamp>
        <Style>
          <IconStyle>
            <heading>80</heading>
            <Icon>
              <href>http://maps.google.com/mapfiles/kml/shapes/airports.png</href>
            </Icon>
          </IconStyle>
        </Style>
        <Point>
          <altitudeMode>absolute</altitudeMode>
          <coordinates>18.434887,-33.900875,91.44</coordinates>
        </Point>
      </Placemark>
      <Placemark>
        <name>2025-07-28 09:52:33 UTC</name>
        <description><![CDATA[<div><div><span><b>Altitude:</b></span> <span>400 ft</span></div>
<div><span><b>Speed:</b></span> <span>61 kt</span></div>
<div><span><b>Heading:</b></span> <span>75&deg;</span></div>
</div>]]></description>
        <TimeStamp>
          <when>2025-07-28T09:52:33+00:00</when>
        </TimeStamp>
        <Style>
          <IconStyle>
            <heading>75</heading>
            <Icon>
              <href>http://maps.google.com/mapfiles/kml/shapes/airports.png</href>
            </Icon>
          </IconStyle>
        </Style>
        <Point>
          <altitudeMode>absolute</altitudeMode>
          <coordinates>18.435574,-33.900738,121.92</coordinates>
        </Point>
      </Placemark>
      <Placemark>
        <name>2025-07-28 09:52:36 UTC</name>
        <description><![CDATA[<div><div><span><b>Altitude:</b></span> <span>400 ft</span></div>
<div><span><b>Speed:</b></span> <span>63 kt</span></div>
<div><span><b>Heading:</b></span> <span>71&deg;</span></div>
</div>]]></description>
        <TimeStamp>
          <when>2025-07-28T09:52:36+00:00</when>
        </TimeStamp>
        <Style>
          <IconStyle>
            <heading>71</heading>
            <Icon>
              <href>http://maps.google.com/mapfiles/kml/shapes/airports.png</href>
            </Icon>
          </IconStyle>
        </Style>
        <Point>
          <altitudeMode>absolute</altitudeMode>
          <coordinates>18.436432,-33.900505,121.92</coordinates>
        </Point>
      </Placemark>
      <Placemark>
        <name>2025-07-28 09:52:38 UTC</name>
        <description><![CDATA[<div><div><span><b>Altitude:</b></span> <span>500 ft</span></div>
<div><span><b>Speed:</b></span> <span>65 kt</span></div>
<div><span><b>Heading:</b></span> <span>63&deg;</span></div>
</div>]]></description>
        <TimeStamp>
          <when>2025-07-28T09:52:38+00:00</when>
        </TimeStamp>
        <Style>
          <IconStyle>
            <heading>63</heading>
            <Icon>
              <href>http://maps.google.com/mapfiles/kml/shapes/airports.png</href>
            </Icon>
          </IconStyle>
        </Style>
        <Point>
          <altitudeMode>absolute</altitudeMode>
          <coordinates>18.437061,-33.900272,152.4</coordinates>
        </Point>
      </Placemark>
      <Placemark>
        <name>2025-07-28 09:52:40 UTC</name>
        <description><![CDATA[<div><div><span><b>Altitude:</b></span> <span>500 ft</span></div>
<div><span><b>Speed:</b></span> <span>66 kt</span></div>
<div><span><b>Heading:</b></span> <span>57&deg;</span></div>
</div>]]></description>
        <TimeStamp>
          <when>2025-07-28T09:52:40+00:00</when>
        </TimeStamp>
        <Style>
          <IconStyle>
            <heading>57</heading>
            <Icon>
              <href>http://maps.google.com/mapfiles/kml/shapes/airports.png</href>
            </Icon>
          </IconStyle>
        </Style>
        <Point>
          <altitudeMode>absolute</altitudeMode>
          <coordinates>18.43786,-33.899872,152.4</coordinates>
        </Point>
      </Placemark>
      <Placemark>
        <name>2025-07-28 09:52:42 UTC</name>
        <description><![CDATA[<div><div><span><b>Altitude:</b></span> <span>500 ft</span></div>
<div><span><b>Speed:</b></span> <span>70 kt</span></div>
<div><span><b>Heading:</b></span> <span>47&deg;</span></div>
</div>]]></description>
        <TimeStamp>
          <when>2025-07-28T09:52:42+00:00</when>
        </TimeStamp>
        <Style>
          <IconStyle>
            <heading>47</heading>
            <Icon>
              <href>http://maps.google.com/mapfiles/kml/shapes/airports.png</href>
            </Icon>
          </IconStyle>
        </Style>
        <Point>
          <altitudeMode>absolute</altitudeMode>
          <coordinates>18.438435,-33.899525,152.4</coordinates>
        </Point>
      </Placemark>
      <Placemark>
        <name>2025-07-28 09:52:44 UTC</name>
        <description><![CDATA[<div><div><span><b>Altitude:</b></span> <span>600 ft</span></div>
<div><span><b>Speed:</b></span> <span>72 kt</span></div>
<div><span><b>Heading:</b></span> <span>45&deg;</span></div>
</div>]]></description>
        <TimeStamp>
          <when>2025-07-28T09:52:44+00:00</when>
        </TimeStamp>
        <Style>
          <IconStyle>
            <heading>45</heading>
            <Icon>
              <href>http://maps.google.com/mapfiles/kml/shapes/airports.png</href>
            </Icon>
          </IconStyle>
        </Style>
        <Point>
          <altitudeMode>absolute</altitudeMode>
          <coordinates>18.43915,-33.898911,182.88</coordinates>
        </Point>
      </Placemark>
      <Placemark>
        <name>2025-07-28 09:52:47 UTC</name>
        <description><![CDATA[<div><div><span><b>Altitude:</b></span> <span>600 ft</span></div>
<div><span><b>Speed:</b></span> <span>73 kt</span></div>
<div><span><b>Heading:</b></span> <span>36&deg;</span></div>
</div>]]></description>
        <TimeStamp>
          <when>2025-07-28T09:52:47+00:00</when>
        </TimeStamp>
        <Style>
          <IconStyle>
            <heading>36</heading>
            <Icon>
              <href>http://maps.google.com/mapfiles/kml/shapes/airports.png</href>
            </Icon>
          </IconStyle>
        </Style>
        <Point>
          <altitudeMode>absolute</altitudeMode>
          <coordinates>18.439655,-33.898407,182.88</coordinates>
        </Point>
      </Placemark>
      <Placemark>
        <name>2025-07-28 09:52:49 UTC</name>
        <description><![CDATA[<div><div><span><b>Altitude:</b></span> <span>600 ft</span></div>
<div><span><b>Speed:</b></span> <span>73 kt</span></div>
<div><span><b>Heading:</b></span> <span>30&deg;</span></div>
</div>]]></description>
        <TimeStamp>
          <when>2025-07-28T09:52:49+00:00</when>
        </TimeStamp>
        <Style>
          <IconStyle>
            <heading>30</heading>
            <Icon>
              <href>http://maps.google.com/mapfiles/kml/shapes/airports.png</href>
            </Icon>
          </IconStyle>
        </Style>
        <Point>
          <altitudeMode>absolute</altitudeMode>
          <coordinates>18.440037,-33.89785,182.88</coordinates>
        </Point>
      </Placemark>
      <Placemark>
        <name>2025-07-28 09:52:51 UTC</name>
        <description><![CDATA[<div><div><span><b>Altitude:</b></span> <span>700 ft</span></div>
<div><span><b>Speed:</b></span> <span>76 kt</span></div>
<div><span><b>Heading:</b></span> <span>25&deg;</span></div>
</div>]]></description>
        <TimeStamp>
          <when>2025-07-28T09:52:51+00:00</when>
        </TimeStamp>
        <Style>
          <IconStyle>
            <heading>25</heading>
            <Icon>
              <href>http://maps.google.com/mapfiles/kml/shapes/airports.png</href>
            </Icon>
          </IconStyle>
        </Style>
        <Point>
          <altitudeMode>absolute</altitudeMode>
          <coordinates>18.440439,-33.897217,213.36</coordinates>
        </Point>
      </Placemark>
      <Placemark>
        <name>2025-07-28 09:52:53 UTC</name>
        <description><![CDATA[<div><div><span><b>Altitude:</b></span> <span>700 ft</span></div>
<div><span><b>Speed:</b></span> <span>78 kt</span></div>
<div><span><b>Heading:</b></span> <span>20&deg;</span></div>
</div>]]></description>
        <TimeStamp>
          <when>2025-07-28T09:52:53+00:00</when>
        </TimeStamp>
        <Style>
          <IconStyle>
            <heading>20</heading>
            <Icon>
              <href>http://maps.google.com/mapfiles/kml/shapes/airports.png</href>
            </Icon>
          </IconStyle>
        </Style>
        <Point>
          <altitudeMode>absolute</altitudeMode>
          <coordinates>18.440887,-33.896255,213.36</coordinates>
        </Point>
      </Placemark>
      <Placemark>
        <name>2025-07-28 09:52:55 UTC</name>
        <description><![CDATA[<div><div><span><b>Altitude:</b></span> <span>700 ft</span></div>
<div><span><b>Speed:</b></span> <span>79 kt</span></div>
<div><span><b>Heading:</b></span> <span>16&deg;</span></div>
</div>]]></description>
        <TimeStamp>
          <when>2025-07-28T09:52:55+00:00</when>
        </TimeStamp>
        <Style>
          <IconStyle>
            <heading>16</heading>
            <Icon>
              <href>http://maps.google.com/mapfiles/kml/shapes/airports.png</href>
            </Icon>
          </IconStyle>
        </Style>
        <Point>
          <altitudeMode>absolute</altitudeMode>
          <coordinates>18.441168,-33.895523,213.36</coordinates>
        </Point>
      </Placemark>
      <Placemark>
        <name>2025-07-28 09:52:58 UTC</name>
        <description><![CDATA[<div><div><span><b>Altitude:</b></span> <span>700 ft</span></div>
<div><span><b>Speed:</b></span> <span>80 kt</span></div>
<div><span><b>Heading:</b></span> <span>13&deg;</span></div>
</div>]]></description>
        <TimeStamp>
          <when>2025-07-28T09:52:58+00:00</when>
        </TimeStamp>
        <Style>
          <IconStyle>
            <heading>13</heading>
            <Icon>
              <href>http://maps.google.com/mapfiles/kml/shapes/airports.png</href>
            </Icon>
          </IconStyle>
        </Style>
        <Point>
          <altitudeMode>absolute</altitudeMode>
          <coordinates>18.441353,-33.894871,213.36</coordinates>
        </Point>
      </Placemark>
      <Placemark>
        <name>2025-07-28 09:53:00 UTC</name>
        <description><![CDATA[<div><div><span><b>Altitude:</b></span> <span>800 ft</span></div>
<div><span><b>Speed:</b></span> <span>82 kt</span></div>
<div><span><b>Heading:</b></span> <span>9&deg;</span></div>
</div>]]></description>
        <TimeStamp>
          <when>2025-07-28T09:53:00+00:00</when>
        </TimeStamp>
        <Style>
          <IconStyle>
            <heading>9</heading>
            <Icon>
              <href>http://maps.google.com/mapfiles/kml/shapes/airports.png</href>
            </Icon>
          </IconStyle>
        </Style>
        <Point>
          <altitudeMode>absolute</altitudeMode>
          <coordinates>18.441561,-33.893967,243.84</coordinates>
        </Point>
      </Placemark>
      <Placemark>
        <name>2025-07-28 09:53:02 UTC</name>
        <description><![CDATA[<div><div><span><b>Altitude:</b></span> <span>800 ft</span></div>
<div><span><b>Speed:</b></span> <span>83 kt</span></div>
<div><span><b>Heading:</b></span> <span>5&deg;</span></div>
</div>]]></description>
        <TimeStamp>
          <when>2025-07-28T09:53:02+00:00</when>
        </TimeStamp>
        <Style>
          <IconStyle>
            <heading>5</heading>
            <Icon>
              <href>http://maps.google.com/mapfiles/kml/shapes/airports.png</href>
            </Icon>
          </IconStyle>
        </Style>
        <Point>
          <altitudeMode>absolute</altitudeMode>
          <coordinates>18.441673,-33.893188,243.84</coordinates>
        </Point>
      </Placemark>
      <Placemark>
        <name>2025-07-28 09:53:04 UTC</name>
        <description><![CDATA[<div><div><span><b>Altitude:</b></span> <span>800 ft</span></div>
<div><span><b>Speed:</b></span> <span>85 kt</span></div>
<div><span><b>Heading:</b></span> <span>2&deg;</span></div>
</div>]]></description>
        <TimeStamp>
          <when>2025-07-28T09:53:04+00:00</when>
        </TimeStamp>
        <Style>
          <IconStyle>
            <heading>2</heading>
            <Icon>
              <href>http://maps.google.com/mapfiles/kml/shapes/airports.png</href>
            </Icon>
          </IconStyle>
        </Style>
        <Point>
          <altitudeMode>absolute</altitudeMode>
          <coordinates>18.441753,-33.892403,243.84</coordinates>
        </Point>
      </Placemark>
      <Placemark>
        <name>2025-07-28 09:53:06 UTC</name>
        <description><![CDATA[<div><div><span><b>Altitude:</b></span> <span>800 ft</span></div>
<div><span><b>Speed:</b></span> <span>87 kt</span></div>
<div><span><b>Heading:</b></span> <span>359&deg;</span></div>
</div>]]></description>
        <TimeStamp>
          <when>2025-07-28T09:53:06+00:00</when>
        </TimeStamp>
        <Style>
          <IconStyle>
            <heading>359</heading>
            <Icon>
              <href>http://maps.google.com/mapfiles/kml/shapes/airports.png</href>
            </Icon>
          </IconStyle>
        </Style>
        <Point>
          <altitudeMode>absolute</altitudeMode>
          <coordinates>18.441729,-33.891495,243.84</coordinates>
        </Point>
      </Placemark>
      <Placemark>
        <name>2025-07-28 09:53:08 UTC</name>
        <description><![CDATA[<div><div><span><b>Altitude:</b></span> <span>800 ft</span></div>
<div><span><b>Speed:</b></span> <span>90 kt</span></div>
<div><span><b>Heading:</b></span> <span>355&deg;</span></div>
</div>]]></description>
        <TimeStamp>
          <when>2025-07-28T09:53:08+00:00</when>
        </TimeStamp>
        <Style>
          <IconStyle>
            <heading>355</heading>
            <Icon>
              <href>http://maps.google.com/mapfiles/kml/shapes/airports.png</href>
            </Icon>
          </IconStyle>
        </Style>
        <Point>
          <altitudeMode>absolute</altitudeMode>
          <coordinates>18.441639,-33.89045,243.84</coordinates>
        </Point>
      </Placemark>
      <Placemark>
        <name>2025-07-28 09:53:10 UTC</name>
        <description><![CDATA[<div><div><span><b>Altitude:</b></span> <span>900 ft</span></div>
<div><span><b>Speed:</b></span> <span>91 kt</span></div>
<div><span><b>Heading:</b></span> <span>351&deg;</span></div>
</div>]]></description>
        <TimeStamp>
          <when>2025-07-28T09:53:10+00:00</when>
        </TimeStamp>
        <Style>
          <IconStyle>
            <heading>351</heading>
            <Icon>
              <href>http://maps.google.com/mapfiles/kml/shapes/airports.png</href>
            </Icon>
          </IconStyle>
        </Style>
        <Point>
          <altitudeMode>absolute</altitudeMode>
          <coordinates>18.441525,-33.889565,274.32</coordinates>
        </Point>
      </Placemark>
      <Placemark>
        <name>2025-07-28 09:53:13 UTC</name>
        <description><![CDATA[<div><div><span><b>Altitude:</b></span> <span>900 ft</span></div>
<div><span><b>Speed:</b></span> <span>92 kt</span></div>
<div><span><b>Heading:</b></span> <span>348&deg;</span></div>
</div>]]></description>
        <TimeStamp>
          <when>2025-07-28T09:53:13+00:00</when>
        </TimeStamp>
        <Style>
          <IconStyle>
            <heading>348</heading>
            <Icon>
              <href>http://maps.google.com/mapfiles/kml/shapes/airports.png</href>
            </Icon>
          </IconStyle>
        </Style>
        <Point>
          <altitudeMode>absolute</altitudeMode>
          <coordinates>18.441353,-33.888725,274.32</coordinates>
        </Point>
      </Placemark>
      <Placemark>
        <name>2025-07-28 09:53:15 UTC</name>
        <description><![CDATA[<div><div><span><b>Altitude:</b></span> <span>900 ft</span></div>
<div><span><b>Speed:</b></span> <span>95 kt</span></div>
<div><span><b>Heading:</b></span> <span>345&deg;</span></div>
</div>]]></description>
        <TimeStamp>
          <when>2025-07-28T09:53:15+00:00</when>
        </TimeStamp>
        <Style>
          <IconStyle>
            <heading>345</heading>
            <Icon>
              <href>http://maps.google.com/mapfiles/kml/shapes/airports.png</href>
            </Icon>
          </IconStyle>
        </Style>
        <Point>
          <altitudeMode>absolute</altitudeMode>
          <coordinates>18.441113,-33.887878,274.32</coordinates>
        </Point>
      </Placemark>
      <Placemark>
        <name>2025-07-28 09:53:17 UTC</name>
        <description><![CDATA[<div><div><span><b>Altitude:</b></span> <span>900 ft</span></div>
<div><span><b>Speed:</b></span> <span>95 kt</span></div>
<div><span><b>Heading:</b></span> <span>341&deg;</span></div>
</div>]]></description>
        <TimeStamp>
          <when>2025-07-28T09:53:17+00:00</when>
        </TimeStamp>
        <Style>
          <IconStyle>
            <heading>341</heading>
            <Icon>
              <href>http://maps.google.com/mapfiles/kml/shapes/airports.png</href>
            </Icon>
          </IconStyle>
        </Style>
        <Point>
          <altitudeMode>absolute</altitudeMode>
          <coordinates>18.440777,-33.887009,274.32</coordinates>
        </Point>
      </Placemark>
      <Placemark>
        <name>2025-07-28 09:53:19 UTC</name>
        <description><![CDATA[<div><div><span><b>Altitude:</b></span> <span>900 ft</span></div>
<div><span><b>Speed:</b></span> <span>96 kt</span></div>
<div><span><b>Heading:</b></span> <span>340&deg;</span></div>
</div>]]></description>
        <TimeStamp>
          <when>2025-07-28T09:53:19+00:00</when>
        </TimeStamp>
        <Style>
          <IconStyle>
            <heading>340</heading>
            <Icon>
              <href>http://maps.google.com/mapfiles/kml/shapes/airports.png</href>
            </Icon>
          </IconStyle>
        </Style>
        <Point>
          <altitudeMode>absolute</altitudeMode>
          <coordinates>18.440437,-33.886166,274.32</coordinates>
        </Point>
      </Placemark>
      <Placemark>
        <name>2025-07-28 09:53:21 UTC</name>
        <description><![CDATA[<div><div><span><b>Altitude:</b></span> <span>900 ft</span></div>
<div><span><b>Speed:</b></span> <span>97 kt</span></div>
<div><span><b>Heading:</b></span> <span>336&deg;</span></div>
</div>]]></description>
        <TimeStamp>
          <when>2025-07-28T09:53:21+00:00</when>
        </TimeStamp>
        <Style>
          <IconStyle>
            <heading>336</heading>
            <Icon>
              <href>http://maps.google.com/mapfiles/kml/shapes/airports.png</href>
            </Icon>
          </IconStyle>
        </Style>
        <Point>
          <altitudeMode>absolute</altitudeMode>
          <coordinates>18.43998,-33.885326,274.32</coordinates>
        </Point>
      </Placemark>
      <Placemark>
        <name>2025-07-28 09:53:23 UTC</name>
        <description><![CDATA[<div><div><span><b>Altitude:</b></span> <span>1,000 ft</span></div>
<div><span><b>Speed:</b></span> <span>98 kt</span></div>
<div><span><b>Heading:</b></span> <span>330&deg;</span></div>
</div>]]></description>
        <TimeStamp>
          <when>2025-07-28T09:53:23+00:00</when>
        </TimeStamp>
        <Style>
          <IconStyle>
            <heading>330</heading>
            <Icon>
              <href>http://maps.google.com/mapfiles/kml/shapes/airports.png</href>
            </Icon>
          </IconStyle>
        </Style>
        <Point>
          <altitudeMode>absolute</altitudeMode>
          <coordinates>18.439375,-33.884308,304.8</coordinates>
        </Point>
      </Placemark>
      <Placemark>
        <name>2025-07-28 09:53:25 UTC</name>
        <description><![CDATA[<div><div><span><b>Altitude:</b></span> <span>1,000 ft</span></div>
<div><span><b>Speed:</b></span> <span>99 kt</span></div>
<div><span><b>Heading:</b></span> <span>326&deg;</span></div>
</div>]]></description>
        <TimeStamp>
          <when>2025-07-28T09:53:25+00:00</when>
        </TimeStamp>
        <Style>
          <IconStyle>
            <heading>326</heading>
            <Icon>
              <href>http://maps.google.com/mapfiles/kml/shapes/airports.png</href>
            </Icon>
          </IconStyle>
        </Style>
        <Point>
          <altitudeMode>absolute</altitudeMode>
          <coordinates>18.438814,-33.88353,304.8</coordinates>
        </Point>
      </Placemark>
      <Placemark>
        <name>2025-07-28 09:53:28 UTC</name>
        <description><![CDATA[<div><div><span><b>Altitude:</b></span> <span>1,000 ft</span></div>
<div><span><b>Speed:</b></span> <span>100 kt</span></div>
<div><span><b>Heading:</b></span> <span>323&deg;</span></div>
</div>]]></description>
        <TimeStamp>
          <when>2025-07-28T09:53:28+00:00</when>
        </TimeStamp>
        <Style>
          <IconStyle>
            <heading>323</heading>
            <Icon>
              <href>http://maps.google.com/mapfiles/kml/shapes/airports.png</href>
            </Icon>
          </IconStyle>
        </Style>
        <Point>
          <altitudeMode>absolute</altitudeMode>
          <coordinates>18.438091,-33.882721,304.8</coordinates>
        </Point>
      </Placemark>
      <Placemark>
        <name>2025-07-28 09:53:30 UTC</name>
        <description><![CDATA[<div><div><span><b>Altitude:</b></span> <span>1,000 ft</span></div>
<div><span><b>Speed:</b></span> <span>100 kt</span></div>
<div><span><b>Heading:</b></span> <span>319&deg;</span></div>
</div>]]></description>
        <TimeStamp>
          <when>2025-07-28T09:53:30+00:00</when>
        </TimeStamp>
        <Style>
          <IconStyle>
            <heading>319</heading>
            <Icon>
              <href>http://maps.google.com/mapfiles/kml/shapes/airports.png</href>
            </Icon>
          </IconStyle>
        </Style>
        <Point>
          <altitudeMode>absolute</altitudeMode>
          <coordinates>18.437233,-33.881836,304.8</coordinates>
        </Point>
      </Placemark>
      <Placemark>
        <name>2025-07-28 09:53:32 UTC</name>
        <description><![CDATA[<div><div><span><b>Altitude:</b></span> <span>1,000 ft</span></div>
<div><span><b>Speed:</b></span> <span>101 kt</span></div>
<div><span><b>Heading:</b></span> <span>316&deg;</span></div>
</div>]]></description>
        <TimeStamp>
          <when>2025-07-28T09:53:32+00:00</when>
        </TimeStamp>
        <Style>
          <IconStyle>
            <heading>316</heading>
            <Icon>
              <href>http://maps.google.com/mapfiles/kml/shapes/airports.png</href>
            </Icon>
          </IconStyle>
        </Style>
        <Point>
          <altitudeMode>absolute</altitudeMode>
          <coordinates>18.436375,-33.881046,304.8</coordinates>
        </Point>
      </Placemark>
      <Placemark>
        <name>2025-07-28 09:53:34 UTC</name>
        <description><![CDATA[<div><div><span><b>Altitude:</b></span> <span>1,000 ft</span></div>
<div><span><b>Speed:</b></span> <span>102 kt</span></div>
<div><span><b>Heading:</b></span> <span>313&deg;</span></div>
</div>]]></description>
        <TimeStamp>
          <when>2025-07-28T09:53:34+00:00</when>
        </TimeStamp>
        <Style>
          <IconStyle>
            <heading>313</heading>
            <Icon>
              <href>http://maps.google.com/mapfiles/kml/shapes/airports.png</href>
            </Icon>
          </IconStyle>
        </Style>
        <Point>
          <altitudeMode>absolute</altitudeMode>
          <coordinates>18.435402,-33.880253,304.8</coordinates>
        </Point>
      </Placemark>
      <Placemark>
        <name>2025-07-28 09:53:36 UTC</name>
        <description><![CDATA[<div><div><span><b>Altitude:</b></span> <span>1,000 ft</span></div>
<div><span><b>Speed:</b></span> <span>103 kt</span></div>
<div><span><b>Heading:</b></span> <span>310&deg;</span></div>
</div>]]></description>
        <TimeStamp>
          <when>2025-07-28T09:53:36+00:00</when>
        </TimeStamp>
        <Style>
          <IconStyle>
            <heading>310</heading>
            <Icon>
              <href>http://maps.google.com/mapfiles/kml/shapes/airports.png</href>
            </Icon>
          </IconStyle>
        </Style>
        <Point>
          <altitudeMode>absolute</altitudeMode>
          <coordinates>18.434555,-33.879639,304.8</coordinates>
        </Point>
      </Placemark>
      <Placemark>
        <name>2025-07-28 09:53:39 UTC</name>
        <description><![CDATA[<div><div><span><b>Altitude:</b></span> <span>1,100 ft</span></div>
<div><span><b>Speed:</b></span> <span>103 kt</span></div>
<div><span><b>Heading:</b></span> <span>306&deg;</span></div>
</div>]]></description>
        <TimeStamp>
          <when>2025-07-28T09:53:39+00:00</when>
        </TimeStamp>
        <Style>
          <IconStyle>
            <heading>306</heading>
            <Icon>
              <href>http://maps.google.com/mapfiles/kml/shapes/airports.png</href>
            </Icon>
          </IconStyle>
        </Style>
        <Point>
          <altitudeMode>absolute</altitudeMode>
          <coordinates>18.433714,-33.879135,335.28</coordinates>
        </Point>
      </Placemark>
      <Placemark>
        <name>2025-07-28 09:53:41 UTC</name>
        <description><![CDATA[<div><div><span><b>Altitude:</b></span> <span>1,100 ft</span></div>
<div><span><b>Speed:</b></span> <span>103 kt</span></div>
<div><span><b>Heading:</b></span> <span>304&deg;</span></div>
</div>]]></description>
        <TimeStamp>
          <when>2025-07-28T09:53:41+00:00</when>
        </TimeStamp>
        <Style>
          <IconStyle>
            <heading>304</heading>
            <Icon>
              <href>http://maps.google.com/mapfiles/kml/shapes/airports.png</href>
            </Icon>
          </IconStyle>
        </Style>
        <Point>
          <altitudeMode>absolute</altitudeMode>
          <coordinates>18.432537,-33.878403,335.28</coordinates>
        </Point>
      </Placemark>
      <Placemark>
        <name>2025-07-28 09:53:43 UTC</name>
        <description><![CDATA[<div><div><span><b>Altitude:</b></span> <span>1,100 ft</span></div>
<div><span><b>Speed:</b></span> <span>104 kt</span></div>
<div><span><b>Heading:</b></span> <span>301&deg;</span></div>
</div>]]></description>
        <TimeStamp>
          <when>2025-07-28T09:53:43+00:00</when>
        </TimeStamp>
        <Style>
          <IconStyle>
            <heading>301</heading>
            <Icon>
              <href>http://maps.google.com/mapfiles/kml/shapes/airports.png</href>
            </Icon>
          </IconStyle>
        </Style>
        <Point>
          <altitudeMode>absolute</altitudeMode>
          <coordinates>18.431683,-33.877926,335.28</coordinates>
        </Point>
      </Placemark>
      <Placemark>
        <name>2025-07-28 09:53:45 UTC</name>
        <description><![CDATA[<div><div><span><b>Altitude:</b></span> <span>1,100 ft</span></div>
<div><span><b>Speed:</b></span> <span>104 kt</span></div>
<div><span><b>Heading:</b></span> <span>299&deg;</span></div>
</div>]]></description>
        <TimeStamp>
          <when>2025-07-28T09:53:45+00:00</when>
        </TimeStamp>
        <Style>
          <IconStyle>
            <heading>299</heading>
            <Icon>
              <href>http://maps.google.com/mapfiles/kml/shapes/airports.png</href>
            </Icon>
          </IconStyle>
        </Style>
        <Point>
          <altitudeMode>absolute</altitudeMode>
          <coordinates>18.430294,-33.877258,335.28</coordinates>
        </Point>
      </Placemark>
      <Placemark>
        <name>2025-07-28 09:53:48 UTC</name>
        <description><![CDATA[<div><div><span><b>Altitude:</b></span> <span>1,100 ft</span></div>
<div><span><b>Speed:</b></span> <span>104 kt</span></div>
<div><span><b>Heading:</b></span> <span>296&deg;</span></div>
</div>]]></description>
        <TimeStamp>
          <when>2025-07-28T09:53:48+00:00</when>
        </TimeStamp>
        <Style>
          <IconStyle>
            <heading>296</heading>
            <Icon>
              <href>http://maps.google.com/mapfiles/kml/shapes/airports.png</href>
            </Icon>
          </IconStyle>
        </Style>
        <Point>
          <altitudeMode>absolute</altitudeMode>
          <coordinates>18.42923,-33.876846,335.28</coordinates>
        </Point>
      </Placemark>
      <Placemark>
        <name>2025-07-28 09:53:50 UTC</name>
        <description><![CDATA[<div><div><span><b>Altitude:</b></span> <span>1,100 ft</span></div>
<div><span><b>Speed:</b></span> <span>104 kt</span></div>
<div><span><b>Heading:</b></span> <span>293&deg;</span></div>
</div>]]></description>
        <TimeStamp>
          <when>2025-07-28T09:53:50+00:00</when>
        </TimeStamp>
        <Style>
          <IconStyle>
            <heading>293</heading>
            <Icon>
              <href>http://maps.google.com/mapfiles/kml/shapes/airports.png</href>
            </Icon>
          </IconStyle>
        </Style>
        <Point>
          <altitudeMode>absolute</altitudeMode>
          <coordinates>18.427849,-33.876297,335.28</coordinates>
        </Point>
      </Placemark>
      <Placemark>
        <name>2025-07-28 09:53:52 UTC</name>
        <description><![CDATA[<div><div><span><b>Altitude:</b></span> <span>1,200 ft</span></div>
<div><span><b>Speed:</b></span> <span>104 kt</span></div>
<div><span><b>Heading:</b></span> <span>291&deg;</span></div>
</div>]]></description>
        <TimeStamp>
          <when>2025-07-28T09:53:52+00:00</when>
        </TimeStamp>
        <Style>
          <IconStyle>
            <heading>291</heading>
            <Icon>
              <href>http://maps.google.com/mapfiles/kml/shapes/airports.png</href>
            </Icon>
          </IconStyle>
        </Style>
        <Point>
          <altitudeMode>absolute</altitudeMode>
          <coordinates>18.426647,-33.875877,365.76</coordinates>
        </Point>
      </Placemark>
      <Placemark>
        <name>2025-07-28 09:53:54 UTC</name>
        <description><![CDATA[<div><div><span><b>Altitude:</b></span> <span>1,200 ft</span></div>
<div><span><b>Speed:</b></span> <span>105 kt</span></div>
<div><span><b>Heading:</b></span> <span>289&deg;</span></div>
</div>]]></description>
        <TimeStamp>
          <when>2025-07-28T09:53:54+00:00</when>
        </TimeStamp>
        <Style>
          <IconStyle>
            <heading>289</heading>
            <Icon>
              <href>http://maps.google.com/mapfiles/kml/shapes/airports.png</href>
            </Icon>
          </IconStyle>
        </Style>
        <Point>
          <altitudeMode>absolute</altitudeMode>
          <coordinates>18.425331,-33.875504,365.76</coordinates>
        </Point>
      </Placemark>
      <Placemark>
        <name>2025-07-28 09:53:57 UTC</name>
        <description><![CDATA[<div><div><span><b>Altitude:</b></span> <span>1,200 ft</span></div>
<div><span><b>Speed:</b></span> <span>104 kt</span></div>
<div><span><b>Heading:</b></span> <span>287&deg;</span></div>
</div>]]></description>
        <TimeStamp>
          <when>2025-07-28T09:53:57+00:00</when>
        </TimeStamp>
        <Style>
          <IconStyle>
            <heading>287</heading>
            <Icon>
              <href>http://maps.google.com/mapfiles/kml/shapes/airports.png</href>
            </Icon>
          </IconStyle>
        </Style>
        <Point>
          <altitudeMode>absolute</altitudeMode>
          <coordinates>18.42396,-33.875107,365.76</coordinates>
        </Point>
      </Placemark>
      <Placemark>
        <name>2025-07-28 09:53:59 UTC</name>
        <description><![CDATA[<div><div><span><b>Altitude:</b></span> <span>1,200 ft</span></div>
<div><span><b>Speed:</b></span> <span>103 kt</span></div>
<div><span><b>Heading:</b></span> <span>285&deg;</span></div>
</div>]]></description>
        <TimeStamp>
          <when>2025-07-28T09:53:59+00:00</when>
        </TimeStamp>
        <Style>
          <IconStyle>
            <heading>285</heading>
            <Icon>
              <href>http://maps.google.com/mapfiles/kml/shapes/airports.png</href>
            </Icon>
          </IconStyle>
        </Style>
        <Point>
          <altitudeMode>absolute</altitudeMode>
          <coordinates>18.422813,-33.874851,365.76</coordinates>
        </Point>
      </Placemark>
      <Placemark>
        <name>2025-07-28 09:54:01 UTC</name>
        <description><![CDATA[<div><div><span><b>Altitude:</b></span> <span>1,300 ft</span></div>
<div><span><b>Speed:</b></span> <span>103 kt</span></div>
<div><span><b>Heading:</b></span> <span>283&deg;</span></div>
</div>]]></description>
        <TimeStamp>
          <when>2025-07-28T09:54:01+00:00</when>
        </TimeStamp>
        <Style>
          <IconStyle>
            <heading>283</heading>
            <Icon>
              <href>http://maps.google.com/mapfiles/kml/shapes/airports.png</href>
            </Icon>
          </IconStyle>
        </Style>
        <Point>
          <altitudeMode>absolute</altitudeMode>
          <coordinates>18.421783,-33.874619,396.24</coordinates>
        </Point>
      </Placemark>
      <Placemark>
        <name>2025-07-28 09:54:03 UTC</name>
        <description><![CDATA[<div><div><span><b>Altitude:</b></span> <span>1,300 ft</span></div>
<div><span><b>Speed:</b></span> <span>104 kt</span></div>
<div><span><b>Heading:</b></span> <span>281&deg;</span></div>
</div>]]></description>
        <TimeStamp>
          <when>2025-07-28T09:54:03+00:00</when>
        </TimeStamp>
        <Style>
          <IconStyle>
            <heading>281</heading>
            <Icon>
              <href>http://maps.google.com/mapfiles/kml/shapes/airports.png</href>
            </Icon>
          </IconStyle>
        </Style>
        <Point>
          <altitudeMode>absolute</altitudeMode>
          <coordinates>18.420372,-33.874374,396.24</coordinates>
        </Point>
      </Placemark>
      <Placemark>
        <name>2025-07-28 09:54:05 UTC</name>
        <description><![CDATA[<div><div><span><b>Altitude:</b></span> <span>1,300 ft</span></div>
<div><span><b>Speed:</b></span> <span>104 kt</span></div>
<div><span><b>Heading:</b></span> <span>279&deg;</span></div>
</div>]]></description>
        <TimeStamp>
          <when>2025-07-28T09:54:05+00:00</when>
        </TimeStamp>
        <Style>
          <IconStyle>
            <heading>279</heading>
            <Icon>
              <href>http://maps.google.com/mapfiles/kml/shapes/airports.png</href>
            </Icon>
          </IconStyle>
        </Style>
        <Point>
          <altitudeMode>absolute</altitudeMode>
          <coordinates>18.419151,-33.874153,396.24</coordinates>
        </Point>
      </Placemark>
      <Placemark>
        <name>2025-07-28 09:54:08 UTC</name>
        <description><![CDATA[<div><div><span><b>Altitude:</b></span> <span>1,300 ft</span></div>
<div><span><b>Speed:</b></span> <span>105 kt</span></div>
<div><span><b>Heading:</b></span> <span>278&deg;</span></div>
</div>]]></description>
        <TimeStamp>
          <when>2025-07-28T09:54:08+00:00</when>
        </TimeStamp>
        <Style>
          <IconStyle>
            <heading>278</heading>
            <Icon>
              <href>http://maps.google.com/mapfiles/kml/shapes/airports.png</href>
            </Icon>
          </IconStyle>
        </Style>
        <Point>
          <altitudeMode>absolute</altitudeMode>
          <coordinates>18.417795,-33.874008,396.24</coordinates>
        </Point>
      </Placemark>
      <Placemark>
        <name>2025-07-28 09:54:10 UTC</name>
        <description><![CDATA[<div><div><span><b>Altitude:</b></span> <span>1,300 ft</span></div>
<div><span><b>Speed:</b></span> <span>104 kt</span></div>
<div><span><b>Heading:</b></span> <span>276&deg;</span></div>
</div>]]></description>
        <TimeStamp>
          <when>2025-07-28T09:54:10+00:00</when>
        </TimeStamp>
        <Style>
          <IconStyle>
            <heading>276</heading>
            <Icon>
              <href>http://maps.google.com/mapfiles/kml/shapes/airports.png</href>
            </Icon>
          </IconStyle>
        </Style>
        <Point>
          <altitudeMode>absolute</altitudeMode>
          <coordinates>18.416561,-33.873871,396.24</coordinates>
        </Point>
      </Placemark>
      <Placemark>
        <name>2025-07-28 09:54:12 UTC</name>
        <description><![CDATA[<div><div><span><b>Altitude:</b></span> <span>1,300 ft</span></div>
<div><span><b>Speed:</b></span> <span>105 kt</span></div>
<div><span><b>Heading:</b></span> <span>273&deg;</span></div>
</div>]]></description>
        <TimeStamp>
          <when>2025-07-28T09:54:12+00:00</when>
        </TimeStamp>
        <Style>
          <IconStyle>
            <heading>273</heading>
            <Icon>
              <href>http://maps.google.com/mapfiles/kml/shapes/airports.png</href>
            </Icon>
          </IconStyle>
        </Style>
        <Point>
          <altitudeMode>absolute</altitudeMode>
          <coordinates>18.41544,-33.873825,396.24</coordinates>
        </Point>
      </Placemark>
      <Placemark>
        <name>2025-07-28 09:54:14 UTC</name>
        <description><![CDATA[<div><div><span><b>Altitude:</b></span> <span>1,400 ft</span></div>
<div><span><b>Speed:</b></span> <span>106 kt</span></div>
<div><span><b>Heading:</b></span> <span>272&deg;</span></div>
</div>]]></description>
        <TimeStamp>
          <when>2025-07-28T09:54:14+00:00</when>
        </TimeStamp>
        <Style>
          <IconStyle>
            <heading>272</heading>
            <Icon>
              <href>http://maps.google.com/mapfiles/kml/shapes/airports.png</href>
            </Icon>
          </IconStyle>
        </Style>
        <Point>
          <altitudeMode>absolute</altitudeMode>
          <coordinates>18.414059,-33.873737,426.72</coordinates>
        </Point>
      </Placemark>
      <Placemark>
        <name>2025-07-28 09:54:16 UTC</name>
        <description><![CDATA[<div><div><span><b>Altitude:</b></span> <span>1,400 ft</span></div>
<div><span><b>Speed:</b></span> <span>106 kt</span></div>
<div><span><b>Heading:</b></span> <span>270&deg;</span></div>
</div>]]></description>
        <TimeStamp>
          <when>2025-07-28T09:54:16+00:00</when>
        </TimeStamp>
        <Style>
          <IconStyle>
            <heading>270</heading>
            <Icon>
              <href>http://maps.google.com/mapfiles/kml/shapes/airports.png</href>
            </Icon>
          </IconStyle>
        </Style>
        <Point>
          <altitudeMode>absolute</altitudeMode>
          <coordinates>18.4128,-33.873737,426.72</coordinates>
        </Point>
      </Placemark>
      <Placemark>
        <name>2025-07-28 09:54:19 UTC</name>
        <description><![CDATA[<div><div><span><b>Altitude:</b></span> <span>1,400 ft</span></div>
<div><span><b>Speed:</b></span> <span>105 kt</span></div>
<div><span><b>Heading:</b></span> <span>268&deg;</span></div>
</div>]]></description>
        <TimeStamp>
          <when>2025-07-28T09:54:19+00:00</when>
        </TimeStamp>
        <Style>
          <IconStyle>
            <heading>268</heading>
            <Icon>
              <href>http://maps.google.com/mapfiles/kml/shapes/airports.png</href>
            </Icon>
          </IconStyle>
        </Style>
        <Point>
          <altitudeMode>absolute</altitudeMode>
          <coordinates>18.411598,-33.873737,426.72</coordinates>
        </Point>
      </Placemark>
      <Placemark>
        <name>2025-07-28 09:54:21 UTC</name>
        <description><![CDATA[<div><div><span><b>Altitude:</b></span> <span>1,400 ft</span></div>
<div><span><b>Speed:</b></span> <span>104 kt</span></div>
<div><span><b>Heading:</b></span> <span>266&deg;</span></div>
</div>]]></description>
        <TimeStamp>
          <when>2025-07-28T09:54:21+00:00</when>
        </TimeStamp>
        <Style>
          <IconStyle>
            <heading>266</heading>
            <Icon>
              <href>http://maps.google.com/mapfiles/kml/shapes/airports.png</href>
            </Icon>
          </IconStyle>
        </Style>
        <Point>
          <altitudeMode>absolute</altitudeMode>
          <coordinates>18.410004,-33.873825,426.72</coordinates>
        </Point>
      </Placemark>
      <Placemark>
        <name>2025-07-28 09:54:23 UTC</name>
        <description><![CDATA[<div><div><span><b>Altitude:</b></span> <span>1,500 ft</span></div>
<div><span><b>Speed:</b></span> <span>103 kt</span></div>
<div><span><b>Heading:</b></span> <span>264&deg;</span></div>
</div>]]></description>
        <TimeStamp>
          <when>2025-07-28T09:54:23+00:00</when>
        </TimeStamp>
        <Style>
          <IconStyle>
            <heading>264</heading>
            <Icon>
              <href>http://maps.google.com/mapfiles/kml/shapes/airports.png</href>
            </Icon>
          </IconStyle>
        </Style>
        <Point>
          <altitudeMode>absolute</altitudeMode>
          <coordinates>18.408657,-33.873871,457.2</coordinates>
        </Point>
      </Placemark>
      <Placemark>
        <name>2025-07-28 09:54:26 UTC</name>
        <description><![CDATA[<div><div><span><b>Altitude:</b></span> <span>1,500 ft</span></div>
<div><span><b>Speed:</b></span> <span>103 kt</span></div>
<div><span><b>Heading:</b></span> <span>263&deg;</span></div>
</div>]]></description>
        <TimeStamp>
          <when>2025-07-28T09:54:26+00:00</when>
        </TimeStamp>
        <Style>
          <IconStyle>
            <heading>263</heading>
            <Icon>
              <href>http://maps.google.com/mapfiles/kml/shapes/airports.png</href>
            </Icon>
          </IconStyle>
        </Style>
        <Point>
          <altitudeMode>absolute</altitudeMode>
          <coordinates>18.40748,-33.874008,457.2</coordinates>
        </Point>
      </Placemark>
      <Placemark>
        <name>2025-07-28 09:54:28 UTC</name>
        <description><![CDATA[<div><div><span><b>Altitude:</b></span> <span>1,500 ft</span></div>
<div><span><b>Speed:</b></span> <span>102 kt</span></div>
<div><span><b>Heading:</b></span> <span>260&deg;</span></div>
</div>]]></description>
        <TimeStamp>
          <when>2025-07-28T09:54:28+00:00</when>
        </TimeStamp>
        <Style>
          <IconStyle>
            <heading>260</heading>
            <Icon>
              <href>http://maps.google.com/mapfiles/kml/shapes/airports.png</href>
            </Icon>
          </IconStyle>
        </Style>
        <Point>
          <altitudeMode>absolute</altitudeMode>
          <coordinates>18.406359,-33.874146,457.2</coordinates>
        </Point>
      </Placemark>
      <Placemark>
        <name>2025-07-28 09:54:30 UTC</name>
        <description><![CDATA[<div><div><span><b>Altitude:</b></span> <span>1,500 ft</span></div>
<div><span><b>Speed:</b></span> <span>101 kt</span></div>
<div><span><b>Heading:</b></span> <span>259&deg;</span></div>
</div>]]></description>
        <TimeStamp>
          <when>2025-07-28T09:54:30+00:00</when>
        </TimeStamp>
        <Style>
          <IconStyle>
            <heading>259</heading>
            <Icon>
              <href>http://maps.google.com/mapfiles/kml/shapes/airports.png</href>
            </Icon>
          </IconStyle>
        </Style>
        <Point>
          <altitudeMode>absolute</altitudeMode>
          <coordinates>18.405239,-33.874329,457.2</coordinates>
        </Point>
      </Placemark>
      <Placemark>
        <name>2025-07-28 09:54:32 UTC</name>
        <description><![CDATA[<div><div><span><b>Altitude:</b></span> <span>1,600 ft</span></div>
<div><span><b>Speed:</b></span> <span>101 kt</span></div>
<div><span><b>Heading:</b></span> <span>258&deg;</span></div>
</div>]]></description>
        <TimeStamp>
          <when>2025-07-28T09:54:32+00:00</when>
        </TimeStamp>
        <Style>
          <IconStyle>
            <heading>258</heading>
            <Icon>
              <href>http://maps.google.com/mapfiles/kml/shapes/airports.png</href>
            </Icon>
          </IconStyle>
        </Style>
        <Point>
          <altitudeMode>absolute</altitudeMode>
          <coordinates>18.403873,-33.874527,487.68</coordinates>
        </Point>
      </Placemark>
      <Placemark>
        <name>2025-07-28 09:54:34 UTC</name>
        <description><![CDATA[<div><div><span><b>Altitude:</b></span> <span>1,600 ft</span></div>
<div><span><b>Speed:</b></span> <span>100 kt</span></div>
<div><span><b>Heading:</b></span> <span>256&deg;</span></div>
</div>]]></description>
        <TimeStamp>
          <when>2025-07-28T09:54:34+00:00</when>
        </TimeStamp>
        <Style>
          <IconStyle>
            <heading>256</heading>
            <Icon>
              <href>http://maps.google.com/mapfiles/kml/shapes/airports.png</href>
            </Icon>
          </IconStyle>
        </Style>
        <Point>
          <altitudeMode>absolute</altitudeMode>
          <coordinates>18.402786,-33.87476,487.68</coordinates>
        </Point>
      </Placemark>
      <Placemark>
        <name>2025-07-28 09:54:36 UTC</name>
        <description><![CDATA[<div><div><span><b>Altitude:</b></span> <span>1,600 ft</span></div>
<div><span><b>Speed:</b></span> <span>101 kt</span></div>
<div><span><b>Heading:</b></span> <span>254&deg;</span></div>
</div>]]></description>
        <TimeStamp>
          <when>2025-07-28T09:54:36+00:00</when>
        </TimeStamp>
        <Style>
          <IconStyle>
            <heading>254</heading>
            <Icon>
              <href>http://maps.google.com/mapfiles/kml/shapes/airports.png</href>
            </Icon>
          </IconStyle>
        </Style>
        <Point>
          <altitudeMode>absolute</altitudeMode>
          <coordinates>18.401539,-33.875015,487.68</coordinates>
        </Point>
      </Placemark>
      <Placemark>
        <name>2025-07-28 09:54:39 UTC</name>
        <description><![CDATA[<div><div><span><b>Altitude:</b></span> <span>1,600 ft</span></div>
<div><span><b>Speed:</b></span> <span>101 kt</span></div>
<div><span><b>Heading:</b></span> <span>252&deg;</span></div>
</div>]]></description>
        <TimeStamp>
          <when>2025-07-28T09:54:39+00:00</when>
        </TimeStamp>
        <Style>
          <IconStyle>
            <heading>252</heading>
            <Icon>
              <href>http://maps.google.com/mapfiles/kml/shapes/airports.png</href>
            </Icon>
          </IconStyle>
        </Style>
        <Point>
          <altitudeMode>absolute</altitudeMode>
          <coordinates>18.400362,-33.875336,487.68</coordinates>
        </Point>
      </Placemark>
      <Placemark>
        <name>2025-07-28 09:54:41 UTC</name>
        <description><![CDATA[<div><div><span><b>Altitude:</b></span> <span>1,600 ft</span></div>
<div><span><b>Speed:</b></span> <span>101 kt</span></div>
<div><span><b>Heading:</b></span> <span>251&deg;</span></div>
</div>]]></description>
        <TimeStamp>
          <when>2025-07-28T09:54:41+00:00</when>
        </TimeStamp>
        <Style>
          <IconStyle>
            <heading>251</heading>
            <Icon>
              <href>http://maps.google.com/mapfiles/kml/shapes/airports.png</href>
            </Icon>
          </IconStyle>
        </Style>
        <Point>
          <altitudeMode>absolute</altitudeMode>
          <coordinates>18.399296,-33.875599,487.68</coordinates>
        </Point>
      </Placemark>
      <Placemark>
        <name>2025-07-28 09:54:43 UTC</name>
        <description><![CDATA[<div><div><span><b>Altitude:</b></span> <span>1,700 ft</span></div>
<div><span><b>Speed:</b></span> <span>100 kt</span></div>
<div><span><b>Heading:</b></span> <span>250&deg;</span></div>
</div>]]></description>
        <TimeStamp>
          <when>2025-07-28T09:54:43+00:00</when>
        </TimeStamp>
        <Style>
          <IconStyle>
            <heading>250</heading>
            <Icon>
              <href>http://maps.google.com/mapfiles/kml/shapes/airports.png</href>
            </Icon>
          </IconStyle>
        </Style>
        <Point>
          <altitudeMode>absolute</altitudeMode>
          <coordinates>18.398266,-33.875923,518.16</coordinates>
        </Point>
      </Placemark>
      <Placemark>
        <name>2025-07-28 09:54:45 UTC</name>
        <description><![CDATA[<div><div><span><b>Altitude:</b></span> <span>1,700 ft</span></div>
<div><span><b>Speed:</b></span> <span>101 kt</span></div>
<div><span><b>Heading:</b></span> <span>248&deg;</span></div>
</div>]]></description>
        <TimeStamp>
          <when>2025-07-28T09:54:45+00:00</when>
        </TimeStamp>
        <Style>
          <IconStyle>
            <heading>248</heading>
            <Icon>
              <href>http://maps.google.com/mapfiles/kml/shapes/airports.png</href>
            </Icon>
          </IconStyle>
        </Style>
        <Point>
          <altitudeMode>absolute</altitudeMode>
          <coordinates>18.396999,-33.876343,518.16</coordinates>
        </Point>
      </Placemark>
      <Placemark>
        <name>2025-07-28 09:54:47 UTC</name>
        <description><![CDATA[<div><div><span><b>Altitude:</b></span> <span>1,700 ft</span></div>
<div><span><b>Speed:</b></span> <span>100 kt</span></div>
<div><span><b>Heading:</b></span> <span>247&deg;</span></div>
</div>]]></description>
        <TimeStamp>
          <when>2025-07-28T09:54:47+00:00</when>
        </TimeStamp>
        <Style>
          <IconStyle>
            <heading>247</heading>
            <Icon>
              <href>http://maps.google.com/mapfiles/kml/shapes/airports.png</href>
            </Icon>
          </IconStyle>
        </Style>
        <Point>
          <altitudeMode>absolute</altitudeMode>
          <coordinates>18.395653,-33.876801,518.16</coordinates>
        </Point>
      </Placemark>
      <Placemark>
        <name>2025-07-28 09:54:50 UTC</name>
        <description><![CDATA[<div><div><span><b>Altitude:</b></span> <span>1,700 ft</span></div>
<div><span><b>Speed:</b></span> <span>99 kt</span></div>
<div><span><b>Heading:</b></span> <span>246&deg;</span></div>
</div>]]></description>
        <TimeStamp>
          <when>2025-07-28T09:54:50+00:00</when>
        </TimeStamp>
        <Style>
          <IconStyle>
            <heading>246</heading>
            <Icon>
              <href>http://maps.google.com/mapfiles/kml/shapes/airports.png</href>
            </Icon>
          </IconStyle>
        </Style>
        <Point>
          <altitudeMode>absolute</altitudeMode>
          <coordinates>18.394476,-33.877213,518.16</coordinates>
        </Point>
      </Placemark>
      <Placemark>
        <name>2025-07-28 09:54:53 UTC</name>
        <description><![CDATA[<div><div><span><b>Altitude:</b></span> <span>1,800 ft</span></div>
<div><span><b>Speed:</b></span> <span>100 kt</span></div>
<div><span><b>Heading:</b></span> <span>244&deg;</span></div>
</div>]]></description>
        <TimeStamp>
          <when>2025-07-28T09:54:53+00:00</when>
        </TimeStamp>
        <Style>
          <IconStyle>
            <heading>244</heading>
            <Icon>
              <href>http://maps.google.com/mapfiles/kml/shapes/airports.png</href>
            </Icon>
          </IconStyle>
        </Style>
        <Point>
          <altitudeMode>absolute</altitudeMode>
          <coordinates>18.393173,-33.877693,548.64</coordinates>
        </Point>
      </Placemark>
      <Placemark>
        <name>2025-07-28 09:54:55 UTC</name>
        <description><![CDATA[<div><div><span><b>Altitude:</b></span> <span>1,800 ft</span></div>
<div><span><b>Speed:</b></span> <span>100 kt</span></div>
<div><span><b>Heading:</b></span> <span>243&deg;</span></div>
</div>]]></description>
        <TimeStamp>
          <when>2025-07-28T09:54:55+00:00</when>
        </TimeStamp>
        <Style>
          <IconStyle>
            <heading>243</heading>
            <Icon>
              <href>http://maps.google.com/mapfiles/kml/shapes/airports.png</href>
            </Icon>
          </IconStyle>
        </Style>
        <Point>
          <altitudeMode>absolute</altitudeMode>
          <coordinates>18.392067,-33.878128,548.64</coordinates>
        </Point>
      </Placemark>
      <Placemark>
        <name>2025-07-28 09:54:57 UTC</name>
        <description><![CDATA[<div><div><span><b>Altitude:</b></span> <span>1,800 ft</span></div>
<div><span><b>Speed:</b></span> <span>99 kt</span></div>
<div><span><b>Heading:</b></span> <span>242&deg;</span></div>
</div>]]></description>
        <TimeStamp>
          <when>2025-07-28T09:54:57+00:00</when>
        </TimeStamp>
        <Style>
          <IconStyle>
            <heading>242</heading>
            <Icon>
              <href>http://maps.google.com/mapfiles/kml/shapes/airports.png</href>
            </Icon>
          </IconStyle>
        </Style>
        <Point>
          <altitudeMode>absolute</altitudeMode>
          <coordinates>18.390833,-33.878632,548.64</coordinates>
        </Point>
      </Placemark>
      <Placemark>
        <name>2025-07-28 09:54:59 UTC</name>
        <description><![CDATA[<div><div><span><b>Altitude:</b></span> <span>1,800 ft</span></div>
<div><span><b>Speed:</b></span> <span>98 kt</span></div>
<div><span><b>Heading:</b></span> <span>240&deg;</span></div>
</div>]]></description>
        <TimeStamp>
          <when>2025-07-28T09:54:59+00:00</when>
        </TimeStamp>
        <Style>
          <IconStyle>
            <heading>240</heading>
            <Icon>
              <href>http://maps.google.com/mapfiles/kml/shapes/airports.png</href>
            </Icon>
          </IconStyle>
        </Style>
        <Point>
          <altitudeMode>absolute</altitudeMode>
          <coordinates>18.389969,-33.879044,548.64</coordinates>
        </Point>
      </Placemark>
      <Placemark>
        <name>2025-07-28 09:55:01 UTC</name>
        <description><![CDATA[<div><div><span><b>Altitude:</b></span> <span>1,900 ft</span></div>
<div><span><b>Speed:</b></span> <span>97 kt</span></div>
<div><span><b>Heading:</b></span> <span>239&deg;</span></div>
</div>]]></description>
        <TimeStamp>
          <when>2025-07-28T09:55:01+00:00</when>
        </TimeStamp>
        <Style>
          <IconStyle>
            <heading>239</heading>
            <Icon>
              <href>http://maps.google.com/mapfiles/kml/shapes/airports.png</href>
            </Icon>
          </IconStyle>
        </Style>
        <Point>
          <altitudeMode>absolute</altitudeMode>
          <coordinates>18.388927,-33.879547,579.12</coordinates>
        </Point>
      </Placemark>
      <Placemark>
        <name>2025-07-28 09:55:04 UTC</name>
        <description><![CDATA[<div><div><span><b>Altitude:</b></span> <span>1,900 ft</span></div>
<div><span><b>Speed:</b></span> <span>97 kt</span></div>
<div><span><b>Heading:</b></span> <span>239&deg;</span></div>
</div>]]></description>
        <TimeStamp>
          <when>2025-07-28T09:55:04+00:00</when>
        </TimeStamp>
        <Style>
          <IconStyle>
            <heading>239</heading>
            <Icon>
              <href>http://maps.google.com/mapfiles/kml/shapes/airports.png</href>
            </Icon>
          </IconStyle>
        </Style>
        <Point>
          <altitudeMode>absolute</altitudeMode>
          <coordinates>18.387623,-33.880207,579.12</coordinates>
        </Point>
      </Placemark>
      <Placemark>
        <name>2025-07-28 09:55:06 UTC</name>
        <description><![CDATA[<div><div><span><b>Altitude:</b></span> <span>1,900 ft</span></div>
<div><span><b>Speed:</b></span> <span>98 kt</span></div>
<div><span><b>Heading:</b></span> <span>237&deg;</span></div>
</div>]]></description>
        <TimeStamp>
          <when>2025-07-28T09:55:06+00:00</when>
        </TimeStamp>
        <Style>
          <IconStyle>
            <heading>237</heading>
            <Icon>
              <href>http://maps.google.com/mapfiles/kml/shapes/airports.png</href>
            </Icon>
          </IconStyle>
        </Style>
        <Point>
          <altitudeMode>absolute</altitudeMode>
          <coordinates>18.386684,-33.880692,579.12</coordinates>
        </Point>
      </Placemark>
      <Placemark>
        <name>2025-07-28 09:55:08 UTC</name>
        <description><![CDATA[<div><div><span><b>Altitude:</b></span> <span>1,900 ft</span></div>
<div><span><b>Speed:</b></span> <span>98 kt</span></div>
<div><span><b>Heading:</b></span> <span>236&deg;</span></div>
</div>]]></description>
        <TimeStamp>
          <when>2025-07-28T09:55:08+00:00</when>
        </TimeStamp>
        <Style>
          <IconStyle>
            <heading>236</heading>
            <Icon>
              <href>http://maps.google.com/mapfiles/kml/shapes/airports.png</href>
            </Icon>
          </IconStyle>
        </Style>
        <Point>
          <altitudeMode>absolute</altitudeMode>
          <coordinates>18.385506,-33.881325,579.12</coordinates>
        </Point>
      </Placemark>
      <Placemark>
        <name>2025-07-28 09:55:11 UTC</name>
        <description><![CDATA[<div><div><span><b>Altitude:</b></span> <span>2,000 ft</span></div>
<div><span><b>Speed:</b></span> <span>99 kt</span></div>
<div><span><b>Heading:</b></span> <span>234&deg;</span></div>
</div>]]></description>
        <TimeStamp>
          <when>2025-07-28T09:55:11+00:00</when>
        </TimeStamp>
        <Style>
          <IconStyle>
            <heading>234</heading>
            <Icon>
              <href>http://maps.google.com/mapfiles/kml/shapes/airports.png</href>
            </Icon>
          </IconStyle>
        </Style>
        <Point>
          <altitudeMode>absolute</altitudeMode>
          <coordinates>18.38459,-33.881882,609.6</coordinates>
        </Point>
      </Placemark>
      <Placemark>
        <name>2025-07-28 09:55:13 UTC</name>
        <description><![CDATA[<div><div><span><b>Altitude:</b></span> <span>2,000 ft</span></div>
<div><span><b>Speed:</b></span> <span>100 kt</span></div>
<div><span><b>Heading:</b></span> <span>233&deg;</span></div>
</div>]]></description>
        <TimeStamp>
          <when>2025-07-28T09:55:13+00:00</when>
        </TimeStamp>
        <Style>
          <IconStyle>
            <heading>233</heading>
            <Icon>
              <href>http://maps.google.com/mapfiles/kml/shapes/airports.png</href>
            </Icon>
          </IconStyle>
        </Style>
        <Point>
          <altitudeMode>absolute</altitudeMode>
          <coordinates>18.383434,-33.882614,609.6</coordinates>
        </Point>
      </Placemark>
      <Placemark>
        <name>2025-07-28 09:55:15 UTC</name>
        <description><![CDATA[<div><div><span><b>Altitude:</b></span> <span>2,000 ft</span></div>
<div><span><b>Speed:</b></span> <span>100 kt</span></div>
<div><span><b>Heading:</b></span> <span>231&deg;</span></div>
</div>]]></description>
        <TimeStamp>
          <when>2025-07-28T09:55:15+00:00</when>
        </TimeStamp>
        <Style>
          <IconStyle>
            <heading>231</heading>
            <Icon>
              <href>http://maps.google.com/mapfiles/kml/shapes/airports.png</href>
            </Icon>
          </IconStyle>
        </Style>
        <Point>
          <altitudeMode>absolute</altitudeMode>
          <coordinates>18.382645,-33.883141,609.6</coordinates>
        </Point>
      </Placemark>
      <Placemark>
        <name>2025-07-28 09:55:17 UTC</name>
        <description><![CDATA[<div><div><span><b>Altitude:</b></span> <span>2,000 ft</span></div>
<div><span><b>Speed:</b></span> <span>101 kt</span></div>
<div><span><b>Heading:</b></span> <span>230&deg;</span></div>
</div>]]></description>
        <TimeStamp>
          <when>2025-07-28T09:55:17+00:00</when>
        </TimeStamp>
        <Style>
          <IconStyle>
            <heading>230</heading>
            <Icon>
              <href>http://maps.google.com/mapfiles/kml/shapes/airports.png</href>
            </Icon>
          </IconStyle>
        </Style>
        <Point>
          <altitudeMode>absolute</altitudeMode>
          <coordinates>18.381529,-33.88385,609.6</coordinates>
        </Point>
      </Placemark>
      <Placemark>
        <name>2025-07-28 09:55:20 UTC</name>
        <description><![CDATA[<div><div><span><b>Altitude:</b></span> <span>2,000 ft</span></div>
<div><span><b>Speed:</b></span> <span>101 kt</span></div>
<div><span><b>Heading:</b></span> <span>230&deg;</span></div>
</div>]]></description>
        <TimeStamp>
          <when>2025-07-28T09:55:20+00:00</when>
        </TimeStamp>
        <Style>
          <IconStyle>
            <heading>230</heading>
            <Icon>
              <href>http://maps.google.com/mapfiles/kml/shapes/airports.png</href>
            </Icon>
          </IconStyle>
        </Style>
        <Point>
          <altitudeMode>absolute</altitudeMode>
          <coordinates>18.380463,-33.884583,609.6</coordinates>
        </Point>
      </Placemark>
      <Placemark>
        <name>2025-07-28 09:55:22 UTC</name>
        <description><![CDATA[<div><div><span><b>Altitude:</b></span> <span>2,000 ft</span></div>
<div><span><b>Speed:</b></span> <span>102 kt</span></div>
<div><span><b>Heading:</b></span> <span>230&deg;</span></div>
</div>]]></description>
        <TimeStamp>
          <when>2025-07-28T09:55:22+00:00</when>
        </TimeStamp>
        <Style>
          <IconStyle>
            <heading>230</heading>
            <Icon>
              <href>http://maps.google.com/mapfiles/kml/shapes/airports.png</href>
            </Icon>
          </IconStyle>
        </Style>
        <Point>
          <altitudeMode>absolute</altitudeMode>
          <coordinates>18.379612,-33.885189,609.6</coordinates>
        </Point>
      </Placemark>
      <Placemark>
        <name>2025-07-28 09:55:24 UTC</name>
        <description><![CDATA[<div><div><span><b>Altitude:</b></span> <span>2,000 ft</span></div>
<div><span><b>Speed:</b></span> <span>103 kt</span></div>
<div><span><b>Heading:</b></span> <span>229&deg;</span></div>
</div>]]></description>
        <TimeStamp>
          <when>2025-07-28T09:55:24+00:00</when>
        </TimeStamp>
        <Style>
          <IconStyle>
            <heading>229</heading>
            <Icon>
              <href>http://maps.google.com/mapfiles/kml/shapes/airports.png</href>
            </Icon>
          </IconStyle>
        </Style>
        <Point>
          <altitudeMode>absolute</altitudeMode>
          <coordinates>18.378614,-33.885864,609.6</coordinates>
        </Point>
      </Placemark>
      <Placemark>
        <name>2025-07-28 09:55:27 UTC</name>
        <description><![CDATA[<div><div><span><b>Altitude:</b></span> <span>2,100 ft</span></div>
<div><span><b>Speed:</b></span> <span>104 kt</span></div>
<div><span><b>Heading:</b></span> <span>228&deg;</span></div>
</div>]]></description>
        <TimeStamp>
          <when>2025-07-28T09:55:27+00:00</when>
        </TimeStamp>
        <Style>
          <IconStyle>
            <heading>228</heading>
            <Icon>
              <href>http://maps.google.com/mapfiles/kml/shapes/airports.png</href>
            </Icon>
          </IconStyle>
        </Style>
        <Point>
          <altitudeMode>absolute</altitudeMode>
          <coordinates>18.377661,-33.886551,640.08</coordinates>
        </Point>
      </Placemark>
      <Placemark>
        <name>2025-07-28 09:55:29 UTC</name>
        <description><![CDATA[<div><div><span><b>Altitude:</b></span> <span>2,100 ft</span></div>
<div><span><b>Speed:</b></span> <span>104 kt</span></div>
<div><span><b>Heading:</b></span> <span>227&deg;</span></div>
</div>]]></description>
        <TimeStamp>
          <when>2025-07-28T09:55:29+00:00</when>
        </TimeStamp>
        <Style>
          <IconStyle>
            <heading>227</heading>
            <Icon>
              <href>http://maps.google.com/mapfiles/kml/shapes/airports.png</href>
            </Icon>
          </IconStyle>
        </Style>
        <Point>
          <altitudeMode>absolute</altitudeMode>
          <coordinates>18.376751,-33.887238,640.08</coordinates>
        </Point>
      </Placemark>
      <Placemark>
        <name>2025-07-28 09:55:31 UTC</name>
        <description><![CDATA[<div><div><span><b>Altitude:</b></span> <span>2,100 ft</span></div>
<div><span><b>Speed:</b></span> <span>104 kt</span></div>
<div><span><b>Heading:</b></span> <span>226&deg;</span></div>
</div>]]></description>
        <TimeStamp>
          <when>2025-07-28T09:55:31+00:00</when>
        </TimeStamp>
        <Style>
          <IconStyle>
            <heading>226</heading>
            <Icon>
              <href>http://maps.google.com/mapfiles/kml/shapes/airports.png</href>
            </Icon>
          </IconStyle>
        </Style>
        <Point>
          <altitudeMode>absolute</altitudeMode>
          <coordinates>18.375778,-33.888027,640.08</coordinates>
        </Point>
      </Placemark>
      <Placemark>
        <name>2025-07-28 09:55:33 UTC</name>
        <description><![CDATA[<div><div><span><b>Altitude:</b></span> <span>2,100 ft</span></div>
<div><span><b>Speed:</b></span> <span>104 kt</span></div>
<div><span><b>Heading:</b></span> <span>225&deg;</span></div>
</div>]]></description>
        <TimeStamp>
          <when>2025-07-28T09:55:33+00:00</when>
        </TimeStamp>
        <Style>
          <IconStyle>
            <heading>225</heading>
            <Icon>
              <href>http://maps.google.com/mapfiles/kml/shapes/airports.png</href>
            </Icon>
          </IconStyle>
        </Style>
        <Point>
          <altitudeMode>absolute</altitudeMode>
          <coordinates>18.37492,-33.88868,640.08</coordinates>
        </Point>
      </Placemark>
      <Placemark>
        <name>2025-07-28 09:55:35 UTC</name>
        <description><![CDATA[<div><div><span><b>Altitude:</b></span> <span>2,100 ft</span></div>
<div><span><b>Speed:</b></span> <span>106 kt</span></div>
<div><span><b>Heading:</b></span> <span>224&deg;</span></div>
</div>]]></description>
        <TimeStamp>
          <when>2025-07-28T09:55:35+00:00</when>
        </TimeStamp>
        <Style>
          <IconStyle>
            <heading>224</heading>
            <Icon>
              <href>http://maps.google.com/mapfiles/kml/shapes/airports.png</href>
            </Icon>
          </IconStyle>
        </Style>
        <Point>
          <altitudeMode>absolute</altitudeMode>
          <coordinates>18.374119,-33.889378,640.08</coordinates>
        </Point>
      </Placemark>
      <Placemark>
        <name>2025-07-28 09:55:37 UTC</name>
        <description><![CDATA[<div><div><span><b>Altitude:</b></span> <span>2,100 ft</span></div>
<div><span><b>Speed:</b></span> <span>106 kt</span></div>
<div><span><b>Heading:</b></span> <span>223&deg;</span></div>
</div>]]></description>
        <TimeStamp>
          <when>2025-07-28T09:55:37+00:00</when>
        </TimeStamp>
        <Style>
          <IconStyle>
            <heading>223</heading>
            <Icon>
              <href>http://maps.google.com/mapfiles/kml/shapes/airports.png</href>
            </Icon>
          </IconStyle>
        </Style>
        <Point>
          <altitudeMode>absolute</altitudeMode>
          <coordinates>18.372896,-33.890442,640.08</coordinates>
        </Point>
      </Placemark>
      <Placemark>
        <name>2025-07-28 09:55:40 UTC</name>
        <description><![CDATA[<div><div><span><b>Altitude:</b></span> <span>2,100 ft</span></div>
<div><span><b>Speed:</b></span> <span>105 kt</span></div>
<div><span><b>Heading:</b></span> <span>223&deg;</span></div>
</div>]]></description>
        <TimeStamp>
          <when>2025-07-28T09:55:40+00:00</when>
        </TimeStamp>
        <Style>
          <IconStyle>
            <heading>223</heading>
            <Icon>
              <href>http://maps.google.com/mapfiles/kml/shapes/airports.png</href>
            </Icon>
          </IconStyle>
        </Style>
        <Point>
          <altitudeMode>absolute</altitudeMode>
          <coordinates>18.37228,-33.890991,640.08</coordinates>
        </Point>
      </Placemark>
      <Placemark>
        <name>2025-07-28 09:55:42 UTC</name>
        <description><![CDATA[<div><div><span><b>Altitude:</b></span> <span>2,100 ft</span></div>
<div><span><b>Speed:</b></span> <span>106 kt</span></div>
<div><span><b>Heading:</b></span> <span>222&deg;</span></div>
</div>]]></description>
        <TimeStamp>
          <when>2025-07-28T09:55:42+00:00</when>
        </TimeStamp>
        <Style>
          <IconStyle>
            <heading>222</heading>
            <Icon>
              <href>http://maps.google.com/mapfiles/kml/shapes/airports.png</href>
            </Icon>
          </IconStyle>
        </Style>
        <Point>
          <altitudeMode>absolute</altitudeMode>
          <coordinates>18.371214,-33.891953,640.08</coordinates>
        </Point>
      </Placemark>
      <Placemark>
        <name>2025-07-28 09:55:44 UTC</name>
        <description><![CDATA[<div><div><span><b>Altitude:</b></span> <span>2,100 ft</span></div>
<div><span><b>Speed:</b></span> <span>106 kt</span></div>
<div><span><b>Heading:</b></span> <span>221&deg;</span></div>
</div>]]></description>
        <TimeStamp>
          <when>2025-07-28T09:55:44+00:00</when>
        </TimeStamp>
        <Style>
          <IconStyle>
            <heading>221</heading>
            <Icon>
              <href>http://maps.google.com/mapfiles/kml/shapes/airports.png</href>
            </Icon>
          </IconStyle>
        </Style>
        <Point>
          <altitudeMode>absolute</altitudeMode>
          <coordinates>18.370205,-33.892868,640.08</coordinates>
        </Point>
      </Placemark>
      <Placemark>
        <name>2025-07-28 09:55:46 UTC</name>
        <description><![CDATA[<div><div><span><b>Altitude:</b></span> <span>2,200 ft</span></div>
<div><span><b>Speed:</b></span> <span>106 kt</span></div>
<div><span><b>Heading:</b></span> <span>220&deg;</span></div>
</div>]]></description>
        <TimeStamp>
          <when>2025-07-28T09:55:46+00:00</when>
        </TimeStamp>
        <Style>
          <IconStyle>
            <heading>220</heading>
            <Icon>
              <href>http://maps.google.com/mapfiles/kml/shapes/airports.png</href>
            </Icon>
          </IconStyle>
        </Style>
        <Point>
          <altitudeMode>absolute</altitudeMode>
          <coordinates>18.36937,-33.893661,670.56</coordinates>
        </Point>
      </Placemark>
      <Placemark>
        <name>2025-07-28 09:55:48 UTC</name>
        <description><![CDATA[<div><div><span><b>Altitude:</b></span> <span>2,200 ft</span></div>
<div><span><b>Speed:</b></span> <span>106 kt</span></div>
<div><span><b>Heading:</b></span> <span>219&deg;</span></div>
</div>]]></description>
        <TimeStamp>
          <when>2025-07-28T09:55:48+00:00</when>
        </TimeStamp>
        <Style>
          <IconStyle>
            <heading>219</heading>
            <Icon>
              <href>http://maps.google.com/mapfiles/kml/shapes/airports.png</href>
            </Icon>
          </IconStyle>
        </Style>
        <Point>
          <altitudeMode>absolute</altitudeMode>
          <coordinates>18.368626,-33.894451,670.56</coordinates>
        </Point>
      </Placemark>
      <Placemark>
        <name>2025-07-28 09:55:50 UTC</name>
        <description><![CDATA[<div><div><span><b>Altitude:</b></span> <span>2,200 ft</span></div>
<div><span><b>Speed:</b></span> <span>107 kt</span></div>
<div><span><b>Heading:</b></span> <span>218&deg;</span></div>
</div>]]></description>
        <TimeStamp>
          <when>2025-07-28T09:55:50+00:00</when>
        </TimeStamp>
        <Style>
          <IconStyle>
            <heading>218</heading>
            <Icon>
              <href>http://maps.google.com/mapfiles/kml/shapes/airports.png</href>
            </Icon>
          </IconStyle>
        </Style>
        <Point>
          <altitudeMode>absolute</altitudeMode>
          <coordinates>18.367882,-33.895195,670.56</coordinates>
        </Point>
      </Placemark>
      <Placemark>
        <name>2025-07-28 09:55:53 UTC</name>
        <description><![CDATA[<div><div><span><b>Altitude:</b></span> <span>2,200 ft</span></div>
<div><span><b>Speed:</b></span> <span>107 kt</span></div>
<div><span><b>Heading:</b></span> <span>217&deg;</span></div>
</div>]]></description>
        <TimeStamp>
          <when>2025-07-28T09:55:53+00:00</when>
        </TimeStamp>
        <Style>
          <IconStyle>
            <heading>217</heading>
            <Icon>
              <href>http://maps.google.com/mapfiles/kml/shapes/airports.png</href>
            </Icon>
          </IconStyle>
        </Style>
        <Point>
          <altitudeMode>absolute</altitudeMode>
          <coordinates>18.367178,-33.895981,670.56</coordinates>
        </Point>
      </Placemark>
      <Placemark>
        <name>2025-07-28 09:55:55 UTC</name>
        <description><![CDATA[<div><div><span><b>Altitude:</b></span> <span>2,200 ft</span></div>
<div><span><b>Speed:</b></span> <span>108 kt</span></div>
<div><span><b>Heading:</b></span> <span>216&deg;</span></div>
</div>]]></description>
        <TimeStamp>
          <when>2025-07-28T09:55:55+00:00</when>
        </TimeStamp>
        <Style>
          <IconStyle>
            <heading>216</heading>
            <Icon>
              <href>http://maps.google.com/mapfiles/kml/shapes/airports.png</href>
            </Icon>
          </IconStyle>
        </Style>
        <Point>
          <altitudeMode>absolute</altitudeMode>
          <coordinates>18.366108,-33.897198,670.56</coordinates>
        </Point>
      </Placemark>
      <Placemark>
        <name>2025-07-28 09:55:57 UTC</name>
        <description><![CDATA[<div><div><span><b>Altitude:</b></span> <span>2,200 ft</span></div>
<div><span><b>Speed:</b></span> <span>108 kt</span></div>
<div><span><b>Heading:</b></span> <span>215&deg;</span></div>
</div>]]></description>
        <TimeStamp>
          <when>2025-07-28T09:55:57+00:00</when>
        </TimeStamp>
        <Style>
          <IconStyle>
            <heading>215</heading>
            <Icon>
              <href>http://maps.google.com/mapfiles/kml/shapes/airports.png</href>
            </Icon>
          </IconStyle>
        </Style>
        <Point>
          <altitudeMode>absolute</altitudeMode>
          <coordinates>18.365421,-33.897942,670.56</coordinates>
        </Point>
      </Placemark>
      <Placemark>
        <name>2025-07-28 09:56:00 UTC</name>
        <description><![CDATA[<div><div><span><b>Altitude:</b></span> <span>2,200 ft</span></div>
<div><span><b>Speed:</b></span> <span>109 kt</span></div>
<div><span><b>Heading:</b></span> <span>214&deg;</span></div>
</div>]]></description>
        <TimeStamp>
          <when>2025-07-28T09:56:00+00:00</when>
        </TimeStamp>
        <Style>
          <IconStyle>
            <heading>214</heading>
            <Icon>
              <href>http://maps.google.com/mapfiles/kml/shapes/airports.png</href>
            </Icon>
          </IconStyle>
        </Style>
        <Point>
          <altitudeMode>absolute</altitudeMode>
          <coordinates>18.364735,-33.898735,670.56</coordinates>
        </Point>
      </Placemark>
      <Placemark>
        <name>2025-07-28 09:56:02 UTC</name>
        <description><![CDATA[<div><div><span><b>Altitude:</b></span> <span>2,200 ft</span></div>
<div><span><b>Speed:</b></span> <span>108 kt</span></div>
<div><span><b>Heading:</b></span> <span>214&deg;</span></div>
</div>]]></description>
        <TimeStamp>
          <when>2025-07-28T09:56:02+00:00</when>
        </TimeStamp>
        <Style>
          <IconStyle>
            <heading>214</heading>
            <Icon>
              <href>http://maps.google.com/mapfiles/kml/shapes/airports.png</href>
            </Icon>
          </IconStyle>
        </Style>
        <Point>
          <altitudeMode>absolute</altitudeMode>
          <coordinates>18.363762,-33.89999,670.56</coordinates>
        </Point>
      </Placemark>
      <Placemark>
        <name>2025-07-28 09:56:04 UTC</name>
        <description><![CDATA[<div><div><span><b>Altitude:</b></span> <span>2,200 ft</span></div>
<div><span><b>Speed:</b></span> <span>109 kt</span></div>
<div><span><b>Heading:</b></span> <span>213&deg;</span></div>
</div>]]></description>
        <TimeStamp>
          <when>2025-07-28T09:56:04+00:00</when>
        </TimeStamp>
        <Style>
          <IconStyle>
            <heading>213</heading>
            <Icon>
              <href>http://maps.google.com/mapfiles/kml/shapes/airports.png</href>
            </Icon>
          </IconStyle>
        </Style>
        <Point>
          <altitudeMode>absolute</altitudeMode>
          <coordinates>18.363075,-33.900829,670.56</coordinates>
        </Point>
      </Placemark>
      <Placemark>
        <name>2025-07-28 09:56:06 UTC</name>
        <description><![CDATA[<div><div><span><b>Altitude:</b></span> <span>2,200 ft</span></div>
<div><span><b>Speed:</b></span> <span>109 kt</span></div>
<div><span><b>Heading:</b></span> <span>212&deg;</span></div>
</div>]]></description>
        <TimeStamp>
          <when>2025-07-28T09:56:06+00:00</when>
        </TimeStamp>
        <Style>
          <IconStyle>
            <heading>212</heading>
            <Icon>
              <href>http://maps.google.com/mapfiles/kml/shapes/airports.png</href>
            </Icon>
          </IconStyle>
        </Style>
        <Point>
          <altitudeMode>absolute</altitudeMode>
          <coordinates>18.362331,-33.901806,670.56</coordinates>
        </Point>
      </Placemark>
      <Placemark>
        <name>2025-07-28 09:56:09 UTC</name>
        <description><![CDATA[<div><div><span><b>Altitude:</b></span> <span>2,200 ft</span></div>
<div><span><b>Speed:</b></span> <span>109 kt</span></div>
<div><span><b>Heading:</b></span> <span>211&deg;</span></div>
</div>]]></description>
        <TimeStamp>
          <when>2025-07-28T09:56:09+00:00</when>
        </TimeStamp>
        <Style>
          <IconStyle>
            <heading>211</heading>
            <Icon>
              <href>http://maps.google.com/mapfiles/kml/shapes/airports.png</href>
            </Icon>
          </IconStyle>
        </Style>
        <Point>
          <altitudeMode>absolute</altitudeMode>
          <coordinates>18.361742,-33.902618,670.56</coordinates>
        </Point>
      </Placemark>
      <Placemark>
        <name>2025-07-28 09:56:11 UTC</name>
        <description><![CDATA[<div><div><span><b>Altitude:</b></span> <span>2,200 ft</span></div>
<div><span><b>Speed:</b></span> <span>110 kt</span></div>
<div><span><b>Heading:</b></span> <span>211&deg;</span></div>
</div>]]></description>
        <TimeStamp>
          <when>2025-07-28T09:56:11+00:00</when>
        </TimeStamp>
        <Style>
          <IconStyle>
            <heading>211</heading>
            <Icon>
              <href>http://maps.google.com/mapfiles/kml/shapes/airports.png</href>
            </Icon>
          </IconStyle>
        </Style>
        <Point>
          <altitudeMode>absolute</altitudeMode>
          <coordinates>18.361069,-33.903488,670.56</coordinates>
        </Point>
      </Placemark>
      <Placemark>
        <name>2025-07-28 09:56:13 UTC</name>
        <description><![CDATA[<div><div><span><b>Altitude:</b></span> <span>2,200 ft</span></div>
<div><span><b>Speed:</b></span> <span>109 kt</span></div>
<div><span><b>Heading:</b></span> <span>210&deg;</span></div>
</div>]]></description>
        <TimeStamp>
          <when>2025-07-28T09:56:13+00:00</when>
        </TimeStamp>
        <Style>
          <IconStyle>
            <heading>210</heading>
            <Icon>
              <href>http://maps.google.com/mapfiles/kml/shapes/airports.png</href>
            </Icon>
          </IconStyle>
        </Style>
        <Point>
          <altitudeMode>absolute</altitudeMode>
          <coordinates>18.360397,-33.904404,670.56</coordinates>
        </Point>
      </Placemark>
      <Placemark>
        <name>2025-07-28 09:56:15 UTC</name>
        <description><![CDATA[<div><div><span><b>Altitude:</b></span> <span>2,200 ft</span></div>
<div><span><b>Speed:</b></span> <span>110 kt</span></div>
<div><span><b>Heading:</b></span> <span>210&deg;</span></div>
</div>]]></description>
        <TimeStamp>
          <when>2025-07-28T09:56:15+00:00</when>
        </TimeStamp>
        <Style>
          <IconStyle>
            <heading>210</heading>
            <Icon>
              <href>http://maps.google.com/mapfiles/kml/shapes/airports.png</href>
            </Icon>
          </IconStyle>
        </Style>
        <Point>
          <altitudeMode>absolute</altitudeMode>
          <coordinates>18.359585,-33.905579,670.56</coordinates>
        </Point>
      </Placemark>
      <Placemark>
        <name>2025-07-28 09:56:17 UTC</name>
        <description><![CDATA[<div><div><span><b>Altitude:</b></span> <span>2,200 ft</span></div>
<div><span><b>Speed:</b></span> <span>111 kt</span></div>
<div><span><b>Heading:</b></span> <span>209&deg;</span></div>
</div>]]></description>
        <TimeStamp>
          <when>2025-07-28T09:56:17+00:00</when>
        </TimeStamp>
        <Style>
          <IconStyle>
            <heading>209</heading>
            <Icon>
              <href>http://maps.google.com/mapfiles/kml/shapes/airports.png</href>
            </Icon>
          </IconStyle>
        </Style>
        <Point>
          <altitudeMode>absolute</altitudeMode>
          <coordinates>18.359013,-33.906414,670.56</coordinates>
        </Point>
      </Placemark>
      <Placemark>
        <name>2025-07-28 09:56:19 UTC</name>
        <description><![CDATA[<div><div><span><b>Altitude:</b></span> <span>2,200 ft</span></div>
<div><span><b>Speed:</b></span> <span>112 kt</span></div>
<div><span><b>Heading:</b></span> <span>209&deg;</span></div>
</div>]]></description>
        <TimeStamp>
          <when>2025-07-28T09:56:19+00:00</when>
        </TimeStamp>
        <Style>
          <IconStyle>
            <heading>209</heading>
            <Icon>
              <href>http://maps.google.com/mapfiles/kml/shapes/airports.png</href>
            </Icon>
          </IconStyle>
        </Style>
        <Point>
          <altitudeMode>absolute</altitudeMode>
          <coordinates>18.358269,-33.907486,670.56</coordinates>
        </Point>
      </Placemark>
      <Placemark>
        <name>2025-07-28 09:56:22 UTC</name>
        <description><![CDATA[<div><div><span><b>Altitude:</b></span> <span>2,200 ft</span></div>
<div><span><b>Speed:</b></span> <span>112 kt</span></div>
<div><span><b>Heading:</b></span> <span>208&deg;</span></div>
</div>]]></description>
        <TimeStamp>
          <when>2025-07-28T09:56:22+00:00</when>
        </TimeStamp>
        <Style>
          <IconStyle>
            <heading>208</heading>
            <Icon>
              <href>http://maps.google.com/mapfiles/kml/shapes/airports.png</href>
            </Icon>
          </IconStyle>
        </Style>
        <Point>
          <altitudeMode>absolute</altitudeMode>
          <coordinates>18.357706,-33.908386,670.56</coordinates>
        </Point>
      </Placemark>
      <Placemark>
        <name>2025-07-28 09:56:24 UTC</name>
        <description><![CDATA[<div><div><span><b>Altitude:</b></span> <span>2,200 ft</span></div>
<div><span><b>Speed:</b></span> <span>112 kt</span></div>
<div><span><b>Heading:</b></span> <span>207&deg;</span></div>
</div>]]></description>
        <TimeStamp>
          <when>2025-07-28T09:56:24+00:00</when>
        </TimeStamp>
        <Style>
          <IconStyle>
            <heading>207</heading>
            <Icon>
              <href>http://maps.google.com/mapfiles/kml/shapes/airports.png</href>
            </Icon>
          </IconStyle>
        </Style>
        <Point>
          <altitudeMode>absolute</altitudeMode>
          <coordinates>18.356977,-33.909485,670.56</coordinates>
        </Point>
      </Placemark>
      <Placemark>
        <name>2025-07-28 09:56:26 UTC</name>
        <description><![CDATA[<div><div><span><b>Altitude:</b></span> <span>2,200 ft</span></div>
<div><span><b>Speed:</b></span> <span>113 kt</span></div>
<div><span><b>Heading:</b></span> <span>206&deg;</span></div>
</div>]]></description>
        <TimeStamp>
          <when>2025-07-28T09:56:26+00:00</when>
        </TimeStamp>
        <Style>
          <IconStyle>
            <heading>206</heading>
            <Icon>
              <href>http://maps.google.com/mapfiles/kml/shapes/airports.png</href>
            </Icon>
          </IconStyle>
        </Style>
        <Point>
          <altitudeMode>absolute</altitudeMode>
          <coordinates>18.356361,-33.910492,670.56</coordinates>
        </Point>
      </Placemark>
      <Placemark>
        <name>2025-07-28 09:56:28 UTC</name>
        <description><![CDATA[<div><div><span><b>Altitude:</b></span> <span>2,200 ft</span></div>
<div><span><b>Speed:</b></span> <span>112 kt</span></div>
<div><span><b>Heading:</b></span> <span>206&deg;</span></div>
</div>]]></description>
        <TimeStamp>
          <when>2025-07-28T09:56:28+00:00</when>
        </TimeStamp>
        <Style>
          <IconStyle>
            <heading>206</heading>
            <Icon>
              <href>http://maps.google.com/mapfiles/kml/shapes/airports.png</href>
            </Icon>
          </IconStyle>
        </Style>
        <Point>
          <altitudeMode>absolute</altitudeMode>
          <coordinates>18.355633,-33.911682,670.56</coordinates>
        </Point>
      </Placemark>
      <Placemark>
        <name>2025-07-28 09:56:30 UTC</name>
        <description><![CDATA[<div><div><span><b>Altitude:</b></span> <span>2,200 ft</span></div>
<div><span><b>Speed:</b></span> <span>112 kt</span></div>
<div><span><b>Heading:</b></span> <span>205&deg;</span></div>
</div>]]></description>
        <TimeStamp>
          <when>2025-07-28T09:56:30+00:00</when>
        </TimeStamp>
        <Style>
          <IconStyle>
            <heading>205</heading>
            <Icon>
              <href>http://maps.google.com/mapfiles/kml/shapes/airports.png</href>
            </Icon>
          </IconStyle>
        </Style>
        <Point>
          <altitudeMode>absolute</altitudeMode>
          <coordinates>18.355183,-33.912506,670.56</coordinates>
        </Point>
      </Placemark>
      <Placemark>
        <name>2025-07-28 09:56:33 UTC</name>
        <description><![CDATA[<div><div><span><b>Altitude:</b></span> <span>2,200 ft</span></div>
<div><span><b>Speed:</b></span> <span>113 kt</span></div>
<div><span><b>Heading:</b></span> <span>205&deg;</span></div>
</div>]]></description>
        <TimeStamp>
          <when>2025-07-28T09:56:33+00:00</when>
        </TimeStamp>
        <Style>
          <IconStyle>
            <heading>205</heading>
            <Icon>
              <href>http://maps.google.com/mapfiles/kml/shapes/airports.png</href>
            </Icon>
          </IconStyle>
        </Style>
        <Point>
          <altitudeMode>absolute</altitudeMode>
          <coordinates>18.354607,-33.913445,670.56</coordinates>
        </Point>
      </Placemark>
      <Placemark>
        <name>2025-07-28 09:56:35 UTC</name>
        <description><![CDATA[<div><div><span><b>Altitude:</b></span> <span>2,200 ft</span></div>
<div><span><b>Speed:</b></span> <span>112 kt</span></div>
<div><span><b>Heading:</b></span> <span>205&deg;</span></div>
</div>]]></description>
        <TimeStamp>
          <when>2025-07-28T09:56:35+00:00</when>
        </TimeStamp>
        <Style>
          <IconStyle>
            <heading>205</heading>
            <Icon>
              <href>http://maps.google.com/mapfiles/kml/shapes/airports.png</href>
            </Icon>
          </IconStyle>
        </Style>
        <Point>
          <altitudeMode>absolute</altitudeMode>
          <coordinates>18.353951,-33.914658,670.56</coordinates>
        </Point>
      </Placemark>
      <Placemark>
        <name>2025-07-28 09:56:37 UTC</name>
        <description><![CDATA[<div><div><span><b>Altitude:</b></span> <span>2,200 ft</span></div>
<div><span><b>Speed:</b></span> <span>113 kt</span></div>
<div><span><b>Heading:</b></span> <span>204&deg;</span></div>
</div>]]></description>
        <TimeStamp>
          <when>2025-07-28T09:56:37+00:00</when>
        </TimeStamp>
        <Style>
          <IconStyle>
            <heading>204</heading>
            <Icon>
              <href>http://maps.google.com/mapfiles/kml/shapes/airports.png</href>
            </Icon>
          </IconStyle>
        </Style>
        <Point>
          <altitudeMode>absolute</altitudeMode>
          <coordinates>18.353405,-33.915634,670.56</coordinates>
        </Point>
      </Placemark>
      <Placemark>
        <name>2025-07-28 09:56:39 UTC</name>
        <description><![CDATA[<div><div><span><b>Altitude:</b></span> <span>2,200 ft</span></div>
<div><span><b>Speed:</b></span> <span>113 kt</span></div>
<div><span><b>Heading:</b></span> <span>204&deg;</span></div>
</div>]]></description>
        <TimeStamp>
          <when>2025-07-28T09:56:39+00:00</when>
        </TimeStamp>
        <Style>
          <IconStyle>
            <heading>204</heading>
            <Icon>
              <href>http://maps.google.com/mapfiles/kml/shapes/airports.png</href>
            </Icon>
          </IconStyle>
        </Style>
        <Point>
          <altitudeMode>absolute</altitudeMode>
          <coordinates>18.352718,-33.916798,670.56</coordinates>
        </Point>
      </Placemark>
      <Placemark>
        <name>2025-07-28 09:56:41 UTC</name>
        <description><![CDATA[<div><div><span><b>Altitude:</b></span> <span>2,200 ft</span></div>
<div><span><b>Speed:</b></span> <span>114 kt</span></div>
<div><span><b>Heading:</b></span> <span>204&deg;</span></div>
</div>]]></description>
        <TimeStamp>
          <when>2025-07-28T09:56:41+00:00</when>
        </TimeStamp>
        <Style>
          <IconStyle>
            <heading>204</heading>
            <Icon>
              <href>http://maps.google.com/mapfiles/kml/shapes/airports.png</href>
            </Icon>
          </IconStyle>
        </Style>
        <Point>
          <altitudeMode>absolute</altitudeMode>
          <coordinates>18.352203,-33.917774,670.56</coordinates>
        </Point>
      </Placemark>
      <Placemark>
        <name>2025-07-28 09:56:44 UTC</name>
        <description><![CDATA[<div><div><span><b>Altitude:</b></span> <span>2,200 ft</span></div>
<div><span><b>Speed:</b></span> <span>114 kt</span></div>
<div><span><b>Heading:</b></span> <span>204&deg;</span></div>
</div>]]></description>
        <TimeStamp>
          <when>2025-07-28T09:56:44+00:00</when>
        </TimeStamp>
        <Style>
          <IconStyle>
            <heading>204</heading>
            <Icon>
              <href>http://maps.google.com/mapfiles/kml/shapes/airports.png</href>
            </Icon>
          </IconStyle>
        </Style>
        <Point>
          <altitudeMode>absolute</altitudeMode>
          <coordinates>18.351765,-33.918594,670.56</coordinates>
        </Point>
      </Placemark>
      <Placemark>
        <name>2025-07-28 09:56:46 UTC</name>
        <description><![CDATA[<div><div><span><b>Altitude:</b></span> <span>2,200 ft</span></div>
<div><span><b>Speed:</b></span> <span>115 kt</span></div>
<div><span><b>Heading:</b></span> <span>204&deg;</span></div>
</div>]]></description>
        <TimeStamp>
          <when>2025-07-28T09:56:46+00:00</when>
        </TimeStamp>
        <Style>
          <IconStyle>
            <heading>204</heading>
            <Icon>
              <href>http://maps.google.com/mapfiles/kml/shapes/airports.png</href>
            </Icon>
          </IconStyle>
        </Style>
        <Point>
          <altitudeMode>absolute</altitudeMode>
          <coordinates>18.350979,-33.920013,670.56</coordinates>
        </Point>
      </Placemark>
      <Placemark>
        <name>2025-07-28 09:56:48 UTC</name>
        <description><![CDATA[<div><div><span><b>Altitude:</b></span> <span>2,200 ft</span></div>
<div><span><b>Speed:</b></span> <span>114 kt</span></div>
<div><span><b>Heading:</b></span> <span>203&deg;</span></div>
</div>]]></description>
        <TimeStamp>
          <when>2025-07-28T09:56:48+00:00</when>
        </TimeStamp>
        <Style>
          <IconStyle>
            <heading>203</heading>
            <Icon>
              <href>http://maps.google.com/mapfiles/kml/shapes/airports.png</href>
            </Icon>
          </IconStyle>
        </Style>
        <Point>
          <altitudeMode>absolute</altitudeMode>
          <coordinates>18.350418,-33.921066,670.56</coordinates>
        </Point>
      </Placemark>
      <Placemark>
        <name>2025-07-28 09:56:50 UTC</name>
        <description><![CDATA[<div><div><span><b>Altitude:</b></span> <span>2,200 ft</span></div>
<div><span><b>Speed:</b></span> <span>114 kt</span></div>
<div><span><b>Heading:</b></span> <span>203&deg;</span></div>
</div>]]></description>
        <TimeStamp>
          <when>2025-07-28T09:56:50+00:00</when>
        </TimeStamp>
        <Style>
          <IconStyle>
            <heading>203</heading>
            <Icon>
              <href>http://maps.google.com/mapfiles/kml/shapes/airports.png</href>
            </Icon>
          </IconStyle>
        </Style>
        <Point>
          <altitudeMode>absolute</altitudeMode>
          <coordinates>18.349915,-33.922012,670.56</coordinates>
        </Point>
      </Placemark>
      <Placemark>
        <name>2025-07-28 09:56:53 UTC</name>
        <description><![CDATA[<div><div><span><b>Altitude:</b></span> <span>2,200 ft</span></div>
<div><span><b>Speed:</b></span> <span>115 kt</span></div>
<div><span><b>Heading:</b></span> <span>203&deg;</span></div>
</div>]]></description>
        <TimeStamp>
          <when>2025-07-28T09:56:53+00:00</when>
        </TimeStamp>
        <Style>
          <IconStyle>
            <heading>203</heading>
            <Icon>
              <href>http://maps.google.com/mapfiles/kml/shapes/airports.png</href>
            </Icon>
          </IconStyle>
        </Style>
        <Point>
          <altitudeMode>absolute</altitudeMode>
          <coordinates>18.349285,-33.923222,670.56</coordinates>
        </Point>
      </Placemark>
      <Placemark>
        <name>2025-07-28 09:56:55 UTC</name>
        <description><![CDATA[<div><div><span><b>Altitude:</b></span> <span>2,100 ft</span></div>
<div><span><b>Speed:</b></span> <span>116 kt</span></div>
<div><span><b>Heading:</b></span> <span>202&deg;</span></div>
</div>]]></description>
        <TimeStamp>
          <when>2025-07-28T09:56:55+00:00</when>
        </TimeStamp>
        <Style>
          <IconStyle>
            <heading>202</heading>
            <Icon>
              <href>http://maps.google.com/mapfiles/kml/shapes/airports.png</href>
            </Icon>
          </IconStyle>
        </Style>
        <Point>
          <altitudeMode>absolute</altitudeMode>
          <coordinates>18.34877,-33.924198,640.08</coordinates>
        </Point>
      </Placemark>
      <Placemark>
        <name>2025-07-28 09:57:02 UTC</name>
        <description><![CDATA[<div><div><span><b>Altitude:</b></span> <span>2,100 ft</span></div>
<div><span><b>Speed:</b></span> <span>116 kt</span></div>
<div><span><b>Heading:</b></span> <span>201&deg;</span></div>
</div>]]></description>
        <TimeStamp>
          <when>2025-07-28T09:57:02+00:00</when>
        </TimeStamp>
        <Style>
          <IconStyle>
            <heading>201</heading>
            <Icon>
              <href>http://maps.google.com/mapfiles/kml/shapes/airports.png</href>
            </Icon>
          </IconStyle>
        </Style>
        <Point>
          <altitudeMode>absolute</altitudeMode>
          <coordinates>18.347223,-33.927338,640.08</coordinates>
        </Point>
      </Placemark>
      <Placemark>
        <name>2025-07-28 09:57:08 UTC</name>
        <description><![CDATA[<div><div><span><b>Altitude:</b></span> <span>2,100 ft</span></div>
<div><span><b>Speed:</b></span> <span>117 kt</span></div>
<div><span><b>Heading:</b></span> <span>201&deg;</span></div>
</div>]]></description>
        <TimeStamp>
          <when>2025-07-28T09:57:08+00:00</when>
        </TimeStamp>
        <Style>
          <IconStyle>
            <heading>201</heading>
            <Icon>
              <href>http://maps.google.com/mapfiles/kml/shapes/airports.png</href>
            </Icon>
          </IconStyle>
        </Style>
        <Point>
          <altitudeMode>absolute</altitudeMode>
          <coordinates>18.345509,-33.930996,640.08</coordinates>
        </Point>
      </Placemark>
      <Placemark>
        <name>2025-07-28 09:57:15 UTC</name>
        <description><![CDATA[<div><div><span><b>Altitude:</b></span> <span>2,100 ft</span></div>
<div><span><b>Speed:</b></span> <span>114 kt</span></div>
<div><span><b>Heading:</b></span> <span>201&deg;</span></div>
</div>]]></description>
        <TimeStamp>
          <when>2025-07-28T09:57:15+00:00</when>
        </TimeStamp>
        <Style>
          <IconStyle>
            <heading>201</heading>
            <Icon>
              <href>http://maps.google.com/mapfiles/kml/shapes/airports.png</href>
            </Icon>
          </IconStyle>
        </Style>
        <Point>
          <altitudeMode>absolute</altitudeMode>
          <coordinates>18.343861,-33.934479,640.08</coordinates>
        </Point>
      </Placemark>
      <Placemark>
        <name>2025-07-28 09:57:24 UTC</name>
        <description><![CDATA[<div><div><span><b>Altitude:</b></span> <span>2,100 ft</span></div>
<div><span><b>Speed:</b></span> <span>108 kt</span></div>
<div><span><b>Heading:</b></span> <span>200&deg;</span></div>
</div>]]></description>
        <TimeStamp>
          <when>2025-07-28T09:57:24+00:00</when>
        </TimeStamp>
        <Style>
          <IconStyle>
            <heading>200</heading>
            <Icon>
              <href>http://maps.google.com/mapfiles/kml/shapes/airports.png</href>
            </Icon>
          </IconStyle>
        </Style>
        <Point>
          <altitudeMode>absolute</altitudeMode>
          <coordinates>18.342018,-33.938583,640.08</coordinates>
        </Point>
      </Placemark>
      <Placemark>
        <name>2025-07-28 09:57:33 UTC</name>
        <description><![CDATA[<div><div><span><b>Altitude:</b></span> <span>2,100 ft</span></div>
<div><span><b>Speed:</b></span> <span>107 kt</span></div>
<div><span><b>Heading:</b></span> <span>200&deg;</span></div>
</div>]]></description>
        <TimeStamp>
          <when>2025-07-28T09:57:33+00:00</when>
        </TimeStamp>
        <Style>
          <IconStyle>
            <heading>200</heading>
            <Icon>
              <href>http://maps.google.com/mapfiles/kml/shapes/airports.png</href>
            </Icon>
          </IconStyle>
        </Style>
        <Point>
          <altitudeMode>absolute</altitudeMode>
          <coordinates>18.340015,-33.942913,640.08</coordinates>
        </Point>
      </Placemark>
      <Placemark>
        <name>2025-07-28 09:57:42 UTC</name>
        <description><![CDATA[<div><div><span><b>Altitude:</b></span> <span>2,100 ft</span></div>
<div><span><b>Speed:</b></span> <span>108 kt</span></div>
<div><span><b>Heading:</b></span> <span>201&deg;</span></div>
</div>]]></description>
        <TimeStamp>
          <when>2025-07-28T09:57:42+00:00</when>
        </TimeStamp>
        <Style>
          <IconStyle>
            <heading>201</heading>
            <Icon>
              <href>http://maps.google.com/mapfiles/kml/shapes/airports.png</href>
            </Icon>
          </IconStyle>
        </Style>
        <Point>
          <altitudeMode>absolute</altitudeMode>
          <coordinates>18.33807,-33.947243,640.08</coordinates>
        </Point>
      </Placemark>
      <Placemark>
        <name>2025-07-28 09:57:49 UTC</name>
        <description><![CDATA[<div><div><span><b>Altitude:</b></span> <span>2,200 ft</span></div>
<div><span><b>Speed:</b></span> <span>108 kt</span></div>
<div><span><b>Heading:</b></span> <span>201&deg;</span></div>
</div>]]></description>
        <TimeStamp>
          <when>2025-07-28T09:57:49+00:00</when>
        </TimeStamp>
        <Style>
          <IconStyle>
            <heading>201</heading>
            <Icon>
              <href>http://maps.google.com/mapfiles/kml/shapes/airports.png</href>
            </Icon>
          </IconStyle>
        </Style>
        <Point>
          <altitudeMode>absolute</altitudeMode>
          <coordinates>18.336407,-33.950821,670.56</coordinates>
        </Point>
      </Placemark>
      <Placemark>
        <name>2025-07-28 09:57:58 UTC</name>
        <description><![CDATA[<div><div><span><b>Altitude:</b></span> <span>2,100 ft</span></div>
<div><span><b>Speed:</b></span> <span>109 kt</span></div>
<div><span><b>Heading:</b></span> <span>187&deg;</span></div>
</div>]]></description>
        <TimeStamp>
          <when>2025-07-28T09:57:58+00:00</when>
        </TimeStamp>
        <Style>
          <IconStyle>
            <heading>187</heading>
            <Icon>
              <href>http://maps.google.com/mapfiles/kml/shapes/airports.png</href>
            </Icon>
          </IconStyle>
        </Style>
        <Point>
          <altitudeMode>absolute</altitudeMode>
          <coordinates>18.33506,-33.954941,640.08</coordinates>
        </Point>
      </Placemark>
      <Placemark>
        <name>2025-07-28 09:58:05 UTC</name>
        <description><![CDATA[<div><div><span><b>Altitude:</b></span> <span>2,100 ft</span></div>
<div><span><b>Speed:</b></span> <span>109 kt</span></div>
<div><span><b>Heading:</b></span> <span>182&deg;</span></div>
</div>]]></description>
        <TimeStamp>
          <when>2025-07-28T09:58:05+00:00</when>
        </TimeStamp>
        <Style>
          <IconStyle>
            <heading>182</heading>
            <Icon>
              <href>http://maps.google.com/mapfiles/kml/shapes/airports.png</href>
            </Icon>
          </IconStyle>
        </Style>
        <Point>
          <altitudeMode>absolute</altitudeMode>
          <coordinates>18.335621,-33.958237,640.08</coordinates>
        </Point>
      </Placemark>
      <Placemark>
        <name>2025-07-28 09:58:07 UTC</name>
        <description><![CDATA[<div><div><span><b>Altitude:</b></span> <span>2,100 ft</span></div>
<div><span><b>Speed:</b></span> <span>108 kt</span></div>
<div><span><b>Heading:</b></span> <span>152&deg;</span></div>
</div>]]></description>
        <TimeStamp>
          <when>2025-07-28T09:58:07+00:00</when>
        </TimeStamp>
        <Style>
          <IconStyle>
            <heading>152</heading>
            <Icon>
              <href>http://maps.google.com/mapfiles/kml/shapes/airports.png</href>
            </Icon>
          </IconStyle>
        </Style>
        <Point>
          <altitudeMode>absolute</altitudeMode>
          <coordinates>18.336294,-33.959335,640.08</coordinates>
        </Point>
      </Placemark>
      <Placemark>
        <name>2025-07-28 09:58:13 UTC</name>
        <description><![CDATA[<div><div><span><b>Altitude:</b></span> <span>2,100 ft</span></div>
<div><span><b>Speed:</b></span> <span>110 kt</span></div>
<div><span><b>Heading:</b></span> <span>123&deg;</span></div>
</div>]]></description>
        <TimeStamp>
          <when>2025-07-28T09:58:13+00:00</when>
        </TimeStamp>
        <Style>
          <IconStyle>
            <heading>123</heading>
            <Icon>
              <href>http://maps.google.com/mapfiles/kml/shapes/airports.png</href>
            </Icon>
          </IconStyle>
        </Style>
        <Point>
          <altitudeMode>absolute</altitudeMode>
          <coordinates>18.33847,-33.961163,640.08</coordinates>
        </Point>
      </Placemark>
      <Placemark>
        <name>2025-07-28 09:58:15 UTC</name>
        <description><![CDATA[<div><div><span><b>Altitude:</b></span> <span>2,100 ft</span></div>
<div><span><b>Speed:</b></span> <span>110 kt</span></div>
<div><span><b>Heading:</b></span> <span>116&deg;</span></div>
</div>]]></description>
        <TimeStamp>
          <when>2025-07-28T09:58:15+00:00</when>
        </TimeStamp>
        <Style>
          <IconStyle>
            <heading>116</heading>
            <Icon>
              <href>http://maps.google.com/mapfiles/kml/shapes/airports.png</href>
            </Icon>
          </IconStyle>
        </Style>
        <Point>
          <altitudeMode>absolute</altitudeMode>
          <coordinates>18.339844,-33.961765,640.08</coordinates>
        </Point>
      </Placemark>
      <Placemark>
        <name>2025-07-28 09:58:24 UTC</name>
        <description><![CDATA[<div><div><span><b>Altitude:</b></span> <span>2,000 ft</span></div>
<div><span><b>Speed:</b></span> <span>116 kt</span></div>
<div><span><b>Heading:</b></span> <span>76&deg;</span></div>
</div>]]></description>
        <TimeStamp>
          <when>2025-07-28T09:58:24+00:00</when>
        </TimeStamp>
        <Style>
          <IconStyle>
            <heading>76</heading>
            <Icon>
              <href>http://maps.google.com/mapfiles/kml/shapes/airports.png</href>
            </Icon>
          </IconStyle>
        </Style>
        <Point>
          <altitudeMode>absolute</altitudeMode>
          <coordinates>18.345318,-33.962036,609.6</coordinates>
        </Point>
      </Placemark>
      <Placemark>
        <name>2025-07-28 09:58:33 UTC</name>
        <description><![CDATA[<div><div><span><b>Altitude:</b></span> <span>1,900 ft</span></div>
<div><span><b>Speed:</b></span> <span>118 kt</span></div>
<div><span><b>Heading:</b></span> <span>50&deg;</span></div>
</div>]]></description>
        <TimeStamp>
          <when>2025-07-28T09:58:33+00:00</when>
        </TimeStamp>
        <Style>
          <IconStyle>
            <heading>50</heading>
            <Icon>
              <href>http://maps.google.com/mapfiles/kml/shapes/airports.png</href>
            </Icon>
          </IconStyle>
        </Style>
        <Point>
          <altitudeMode>absolute</altitudeMode>
          <coordinates>18.350643,-33.959198,579.12</coordinates>
        </Point>
      </Placemark>
      <Placemark>
        <name>2025-07-28 09:58:36 UTC</name>
        <description><![CDATA[<div><div><span><b>Altitude:</b></span> <span>1,900 ft</span></div>
<div><span><b>Speed:</b></span> <span>120 kt</span></div>
<div><span><b>Heading:</b></span> <span>34&deg;</span></div>
</div>]]></description>
        <TimeStamp>
          <when>2025-07-28T09:58:36+00:00</when>
        </TimeStamp>
        <Style>
          <IconStyle>
            <heading>34</heading>
            <Icon>
              <href>http://maps.google.com/mapfiles/kml/shapes/airports.png</href>
            </Icon>
          </IconStyle>
        </Style>
        <Point>
          <altitudeMode>absolute</altitudeMode>
          <coordinates>18.351484,-33.958237,579.12</coordinates>
        </Point>
      </Placemark>
      <Placemark>
        <name>2025-07-28 09:58:38 UTC</name>
        <description><![CDATA[<div><div><span><b>Altitude:</b></span> <span>1,900 ft</span></div>
<div><span><b>Speed:</b></span> <span>121 kt</span></div>
<div><span><b>Heading:</b></span> <span>28&deg;</span></div>
</div>]]></description>
        <TimeStamp>
          <when>2025-07-28T09:58:38+00:00</when>
        </TimeStamp>
        <Style>
          <IconStyle>
            <heading>28</heading>
            <Icon>
              <href>http://maps.google.com/mapfiles/kml/shapes/airports.png</href>
            </Icon>
          </IconStyle>
        </Style>
        <Point>
          <altitudeMode>absolute</altitudeMode>
          <coordinates>18.351988,-33.95755,579.12</coordinates>
        </Point>
      </Placemark>
      <Placemark>
        <name>2025-07-28 09:58:40 UTC</name>
        <description><![CDATA[<div><div><span><b>Altitude:</b></span> <span>1,800 ft</span></div>
<div><span><b>Speed:</b></span> <span>121 kt</span></div>
<div><span><b>Heading:</b></span> <span>25&deg;</span></div>
</div>]]></description>
        <TimeStamp>
          <when>2025-07-28T09:58:40+00:00</when>
        </TimeStamp>
        <Style>
          <IconStyle>
            <heading>25</heading>
            <Icon>
              <href>http://maps.google.com/mapfiles/kml/shapes/airports.png</href>
            </Icon>
          </IconStyle>
        </Style>
        <Point>
          <altitudeMode>absolute</altitudeMode>
          <coordinates>18.352886,-33.956039,548.64</coordinates>
        </Point>
      </Placemark>
      <Placemark>
        <name>2025-07-28 09:58:42 UTC</name>
        <description><![CDATA[<div><div><span><b>Altitude:</b></span> <span>1,800 ft</span></div>
<div><span><b>Speed:</b></span> <span>122 kt</span></div>
<div><span><b>Heading:</b></span> <span>21&deg;</span></div>
</div>]]></description>
        <TimeStamp>
          <when>2025-07-28T09:58:42+00:00</when>
        </TimeStamp>
        <Style>
          <IconStyle>
            <heading>21</heading>
            <Icon>
              <href>http://maps.google.com/mapfiles/kml/shapes/airports.png</href>
            </Icon>
          </IconStyle>
        </Style>
        <Point>
          <altitudeMode>absolute</altitudeMode>
          <coordinates>18.353445,-33.954987,548.64</coordinates>
        </Point>
      </Placemark>
      <Placemark>
        <name>2025-07-28 09:58:44 UTC</name>
        <description><![CDATA[<div><div><span><b>Altitude:</b></span> <span>1,800 ft</span></div>
<div><span><b>Speed:</b></span> <span>123 kt</span></div>
<div><span><b>Heading:</b></span> <span>19&deg;</span></div>
</div>]]></description>
        <TimeStamp>
          <when>2025-07-28T09:58:44+00:00</when>
        </TimeStamp>
        <Style>
          <IconStyle>
            <heading>19</heading>
            <Icon>
              <href>http://maps.google.com/mapfiles/kml/shapes/airports.png</href>
            </Icon>
          </IconStyle>
        </Style>
        <Point>
          <altitudeMode>absolute</altitudeMode>
          <coordinates>18.354006,-33.953659,548.64</coordinates>
        </Point>
      </Placemark>
      <Placemark>
        <name>2025-07-28 09:58:47 UTC</name>
        <description><![CDATA[<div><div><span><b>Altitude:</b></span> <span>1,800 ft</span></div>
<div><span><b>Speed:</b></span> <span>123 kt</span></div>
<div><span><b>Heading:</b></span> <span>17&deg;</span></div>
</div>]]></description>
        <TimeStamp>
          <when>2025-07-28T09:58:47+00:00</when>
        </TimeStamp>
        <Style>
          <IconStyle>
            <heading>17</heading>
            <Icon>
              <href>http://maps.google.com/mapfiles/kml/shapes/airports.png</href>
            </Icon>
          </IconStyle>
        </Style>
        <Point>
          <altitudeMode>absolute</altitudeMode>
          <coordinates>18.354567,-33.952286,548.64</coordinates>
        </Point>
      </Placemark>
      <Placemark>
        <name>2025-07-28 09:58:49 UTC</name>
        <description><![CDATA[<div><div><span><b>Altitude:</b></span> <span>1,800 ft</span></div>
<div><span><b>Speed:</b></span> <span>121 kt</span></div>
<div><span><b>Heading:</b></span> <span>17&deg;</span></div>
</div>]]></description>
        <TimeStamp>
          <when>2025-07-28T09:58:49+00:00</when>
        </TimeStamp>
        <Style>
          <IconStyle>
            <heading>17</heading>
            <Icon>
              <href>http://maps.google.com/mapfiles/kml/shapes/airports.png</href>
            </Icon>
          </IconStyle>
        </Style>
        <Point>
          <altitudeMode>absolute</altitudeMode>
          <coordinates>18.355007,-33.951057,548.64</coordinates>
        </Point>
      </Placemark>
      <Placemark>
        <name>2025-07-28 09:58:51 UTC</name>
        <description><![CDATA[<div><div><span><b>Altitude:</b></span> <span>1,800 ft</span></div>
<div><span><b>Speed:</b></span> <span>119 kt</span></div>
<div><span><b>Heading:</b></span> <span>16&deg;</span></div>
</div>]]></description>
        <TimeStamp>
          <when>2025-07-28T09:58:51+00:00</when>
        </TimeStamp>
        <Style>
          <IconStyle>
            <heading>16</heading>
            <Icon>
              <href>http://maps.google.com/mapfiles/kml/shapes/airports.png</href>
            </Icon>
          </IconStyle>
        </Style>
        <Point>
          <altitudeMode>absolute</altitudeMode>
          <coordinates>18.355408,-33.949997,548.64</coordinates>
        </Point>
      </Placemark>
      <Placemark>
        <name>2025-07-28 09:58:54 UTC</name>
        <description><![CDATA[<div><div><span><b>Altitude:</b></span> <span>1,800 ft</span></div>
<div><span><b>Speed:</b></span> <span>118 kt</span></div>
<div><span><b>Heading:</b></span> <span>16&deg;</span></div>
</div>]]></description>
        <TimeStamp>
          <when>2025-07-28T09:58:54+00:00</when>
        </TimeStamp>
        <Style>
          <IconStyle>
            <heading>16</heading>
            <Icon>
              <href>http://maps.google.com/mapfiles/kml/shapes/airports.png</href>
            </Icon>
          </IconStyle>
        </Style>
        <Point>
          <altitudeMode>absolute</altitudeMode>
          <coordinates>18.355865,-33.94873,548.64</coordinates>
        </Point>
      </Placemark>
      <Placemark>
        <name>2025-07-28 09:58:56 UTC</name>
        <description><![CDATA[<div><div><span><b>Altitude:</b></span> <span>1,800 ft</span></div>
<div><span><b>Speed:</b></span> <span>117 kt</span></div>
<div><span><b>Heading:</b></span> <span>15&deg;</span></div>
</div>]]></description>
        <TimeStamp>
          <when>2025-07-28T09:58:56+00:00</when>
        </TimeStamp>
        <Style>
          <IconStyle>
            <heading>15</heading>
            <Icon>
              <href>http://maps.google.com/mapfiles/kml/shapes/airports.png</href>
            </Icon>
          </IconStyle>
        </Style>
        <Point>
          <altitudeMode>absolute</altitudeMode>
          <coordinates>18.356266,-33.947567,548.64</coordinates>
        </Point>
      </Placemark>
      <Placemark>
        <name>2025-07-28 09:58:58 UTC</name>
        <description><![CDATA[<div><div><span><b>Altitude:</b></span> <span>1,700 ft</span></div>
<div><span><b>Speed:</b></span> <span>117 kt</span></div>
<div><span><b>Heading:</b></span> <span>15&deg;</span></div>
</div>]]></description>
        <TimeStamp>
          <when>2025-07-28T09:58:58+00:00</when>
        </TimeStamp>
        <Style>
          <IconStyle>
            <heading>15</heading>
            <Icon>
              <href>http://maps.google.com/mapfiles/kml/shapes/airports.png</href>
            </Icon>
          </IconStyle>
        </Style>
        <Point>
          <altitudeMode>absolute</altitudeMode>
          <coordinates>18.356609,-33.946499,518.16</coordinates>
        </Point>
      </Placemark>
      <Placemark>
        <name>2025-07-28 09:59:00 UTC</name>
        <description><![CDATA[<div><div><span><b>Altitude:</b></span> <span>1,700 ft</span></div>
<div><span><b>Speed:</b></span> <span>117 kt</span></div>
<div><span><b>Heading:</b></span> <span>15&deg;</span></div>
</div>]]></description>
        <TimeStamp>
          <when>2025-07-28T09:59:00+00:00</when>
        </TimeStamp>
        <Style>
          <IconStyle>
            <heading>15</heading>
            <Icon>
              <href>http://maps.google.com/mapfiles/kml/shapes/airports.png</href>
            </Icon>
          </IconStyle>
        </Style>
        <Point>
          <altitudeMode>absolute</altitudeMode>
          <coordinates>18.356977,-33.945419,518.16</coordinates>
        </Point>
      </Placemark>
      <Placemark>
        <name>2025-07-28 09:59:02 UTC</name>
        <description><![CDATA[<div><div><span><b>Altitude:</b></span> <span>1,700 ft</span></div>
<div><span><b>Speed:</b></span> <span>117 kt</span></div>
<div><span><b>Heading:</b></span> <span>15&deg;</span></div>
</div>]]></description>
        <TimeStamp>
          <when>2025-07-28T09:59:02+00:00</when>
        </TimeStamp>
        <Style>
          <IconStyle>
            <heading>15</heading>
            <Icon>
              <href>http://maps.google.com/mapfiles/kml/shapes/airports.png</href>
            </Icon>
          </IconStyle>
        </Style>
        <Point>
          <altitudeMode>absolute</altitudeMode>
          <coordinates>18.357426,-33.944,518.16</coordinates>
        </Point>
      </Placemark>
      <Placemark>
        <name>2025-07-28 09:59:05 UTC</name>
        <description><![CDATA[<div><div><span><b>Altitude:</b></span> <span>1,700 ft</span></div>
<div><span><b>Speed:</b></span> <span>117 kt</span></div>
<div><span><b>Heading:</b></span> <span>16&deg;</span></div>
</div>]]></description>
        <TimeStamp>
          <when>2025-07-28T09:59:05+00:00</when>
        </TimeStamp>
        <Style>
          <IconStyle>
            <heading>16</heading>
            <Icon>
              <href>http://maps.google.com/mapfiles/kml/shapes/airports.png</href>
            </Icon>
          </IconStyle>
        </Style>
        <Point>
          <altitudeMode>absolute</altitudeMode>
          <coordinates>18.357819,-33.942902,518.16</coordinates>
        </Point>
      </Placemark>
      <Placemark>
        <name>2025-07-28 09:59:07 UTC</name>
        <description><![CDATA[<div><div><span><b>Altitude:</b></span> <span>1,700 ft</span></div>
<div><span><b>Speed:</b></span> <span>117 kt</span></div>
<div><span><b>Heading:</b></span> <span>16&deg;</span></div>
</div>]]></description>
        <TimeStamp>
          <when>2025-07-28T09:59:07+00:00</when>
        </TimeStamp>
        <Style>
          <IconStyle>
            <heading>16</heading>
            <Icon>
              <href>http://maps.google.com/mapfiles/kml/shapes/airports.png</href>
            </Icon>
          </IconStyle>
        </Style>
        <Point>
          <altitudeMode>absolute</altitudeMode>
          <coordinates>18.35821,-33.941849,518.16</coordinates>
        </Point>
      </Placemark>
      <Placemark>
        <name>2025-07-28 09:59:09 UTC</name>
        <description><![CDATA[<div><div><span><b>Altitude:</b></span> <span>1,700 ft</span></div>
<div><span><b>Speed:</b></span> <span>116 kt</span></div>
<div><span><b>Heading:</b></span> <span>17&deg;</span></div>
</div>]]></description>
        <TimeStamp>
          <when>2025-07-28T09:59:09+00:00</when>
        </TimeStamp>
        <Style>
          <IconStyle>
            <heading>17</heading>
            <Icon>
              <href>http://maps.google.com/mapfiles/kml/shapes/airports.png</href>
            </Icon>
          </IconStyle>
        </Style>
        <Point>
          <altitudeMode>absolute</altitudeMode>
          <coordinates>18.358715,-33.940384,518.16</coordinates>
        </Point>
      </Placemark>
      <Placemark>
        <name>2025-07-28 09:59:16 UTC</name>
        <description><![CDATA[<div><div><span><b>Altitude:</b></span> <span>1,700 ft</span></div>
<div><span><b>Speed:</b></span> <span>114 kt</span></div>
<div><span><b>Heading:</b></span> <span>17&deg;</span></div>
</div>]]></description>
        <TimeStamp>
          <when>2025-07-28T09:59:16+00:00</when>
        </TimeStamp>
        <Style>
          <IconStyle>
            <heading>17</heading>
            <Icon>
              <href>http://maps.google.com/mapfiles/kml/shapes/airports.png</href>
            </Icon>
          </IconStyle>
        </Style>
        <Point>
          <altitudeMode>absolute</altitudeMode>
          <coordinates>18.36006,-33.936951,518.16</coordinates>
        </Point>
      </Placemark>
      <Placemark>
        <name>2025-07-28 09:59:24 UTC</name>
        <description><![CDATA[<div><div><span><b>Altitude:</b></span> <span>1,700 ft</span></div>
<div><span><b>Speed:</b></span> <span>111 kt</span></div>
<div><span><b>Heading:</b></span> <span>16&deg;</span></div>
</div>]]></description>
        <TimeStamp>
          <when>2025-07-28T09:59:24+00:00</when>
        </TimeStamp>
        <Style>
          <IconStyle>
            <heading>16</heading>
            <Icon>
              <href>http://maps.google.com/mapfiles/kml/shapes/airports.png</href>
            </Icon>
          </IconStyle>
        </Style>
        <Point>
          <altitudeMode>absolute</altitudeMode>
          <coordinates>18.36153,-33.932858,518.16</coordinates>
        </Point>
      </Placemark>
      <Placemark>
        <name>2025-07-28 09:59:31 UTC</name>
        <description><![CDATA[<div><div><span><b>Altitude:</b></span> <span>1,700 ft</span></div>
<div><span><b>Speed:</b></span> <span>110 kt</span></div>
<div><span><b>Heading:</b></span> <span>16&deg;</span></div>
</div>]]></description>
        <TimeStamp>
          <when>2025-07-28T09:59:31+00:00</when>
        </TimeStamp>
        <Style>
          <IconStyle>
            <heading>16</heading>
            <Icon>
              <href>http://maps.google.com/mapfiles/kml/shapes/airports.png</href>
            </Icon>
          </IconStyle>
        </Style>
        <Point>
          <altitudeMode>absolute</altitudeMode>
          <coordinates>18.362751,-33.929443,518.16</coordinates>
        </Point>
      </Placemark>
      <Placemark>
        <name>2025-07-28 09:59:38 UTC</name>
        <description><![CDATA[<div><div><span><b>Altitude:</b></span> <span>1,700 ft</span></div>
<div><span><b>Speed:</b></span> <span>109 kt</span></div>
<div><span><b>Heading:</b></span> <span>18&deg;</span></div>
</div>]]></description>
        <TimeStamp>
          <when>2025-07-28T09:59:38+00:00</when>
        </TimeStamp>
        <Style>
          <IconStyle>
            <heading>18</heading>
            <Icon>
              <href>http://maps.google.com/mapfiles/kml/shapes/airports.png</href>
            </Icon>
          </IconStyle>
        </Style>
        <Point>
          <altitudeMode>absolute</altitudeMode>
          <coordinates>18.364105,-33.926014,518.16</coordinates>
        </Point>
      </Placemark>
      <Placemark>
        <name>2025-07-28 09:59:45 UTC</name>
        <description><![CDATA[<div><div><span><b>Altitude:</b></span> <span>1,700 ft</span></div>
<div><span><b>Speed:</b></span> <span>110 kt</span></div>
<div><span><b>Heading:</b></span> <span>19&deg;</span></div>
</div>]]></description>
        <TimeStamp>
          <when>2025-07-28T09:59:45+00:00</when>
        </TimeStamp>
        <Style>
          <IconStyle>
            <heading>19</heading>
            <Icon>
              <href>http://maps.google.com/mapfiles/kml/shapes/airports.png</href>
            </Icon>
          </IconStyle>
        </Style>
        <Point>
          <altitudeMode>absolute</altitudeMode>
          <coordinates>18.365273,-33.92308,518.16</coordinates>
        </Point>
      </Placemark>
      <Placemark>
        <name>2025-07-28 09:59:51 UTC</name>
        <description><![CDATA[<div><div><span><b>Altitude:</b></span> <span>1,700 ft</span></div>
<div><span><b>Speed:</b></span> <span>110 kt</span></div>
<div><span><b>Heading:</b></span> <span>22&deg;</span></div>
</div>]]></description>
        <TimeStamp>
          <when>2025-07-28T09:59:51+00:00</when>
        </TimeStamp>
        <Style>
          <IconStyle>
            <heading>22</heading>
            <Icon>
              <href>http://maps.google.com/mapfiles/kml/shapes/airports.png</href>
            </Icon>
          </IconStyle>
        </Style>
        <Point>
          <altitudeMode>absolute</altitudeMode>
          <coordinates>18.36668,-33.919964,518.16</coordinates>
        </Point>
      </Placemark>
      <Placemark>
        <name>2025-07-28 09:59:53 UTC</name>
        <description><![CDATA[<div><div><span><b>Altitude:</b></span> <span>1,700 ft</span></div>
<div><span><b>Speed:</b></span> <span>109 kt</span></div>
<div><span><b>Heading:</b></span> <span>22&deg;</span></div>
</div>]]></description>
        <TimeStamp>
          <when>2025-07-28T09:59:53+00:00</when>
        </TimeStamp>
        <Style>
          <IconStyle>
            <heading>22</heading>
            <Icon>
              <href>http://maps.google.com/mapfiles/kml/shapes/airports.png</href>
            </Icon>
          </IconStyle>
        </Style>
        <Point>
          <altitudeMode>absolute</altitudeMode>
          <coordinates>18.367252,-33.918846,518.16</coordinates>
        </Point>
      </Placemark>
      <Placemark>
        <name>2025-07-28 09:59:56 UTC</name>
        <description><![CDATA[<div><div><span><b>Altitude:</b></span> <span>1,700 ft</span></div>
<div><span><b>Speed:</b></span> <span>110 kt</span></div>
<div><span><b>Heading:</b></span> <span>23&deg;</span></div>
</div>]]></description>
        <TimeStamp>
          <when>2025-07-28T09:59:56+00:00</when>
        </TimeStamp>
        <Style>
          <IconStyle>
            <heading>23</heading>
            <Icon>
              <href>http://maps.google.com/mapfiles/kml/shapes/airports.png</href>
            </Icon>
          </IconStyle>
        </Style>
        <Point>
          <altitudeMode>absolute</altitudeMode>
          <coordinates>18.367683,-33.917953,518.16</coordinates>
        </Point>
      </Placemark>
      <Placemark>
        <name>2025-07-28 09:59:58 UTC</name>
        <description><![CDATA[<div><div><span><b>Altitude:</b></span> <span>1,700 ft</span></div>
<div><span><b>Speed:</b></span> <span>109 kt</span></div>
<div><span><b>Heading:</b></span> <span>24&deg;</span></div>
</div>]]></description>
        <TimeStamp>
          <when>2025-07-28T09:59:58+00:00</when>
        </TimeStamp>
        <Style>
          <IconStyle>
            <heading>24</heading>
            <Icon>
              <href>http://maps.google.com/mapfiles/kml/shapes/airports.png</href>
            </Icon>
          </IconStyle>
        </Style>
        <Point>
          <altitudeMode>absolute</altitudeMode>
          <coordinates>18.368187,-33.916946,518.16</coordinates>
        </Point>
      </Placemark>
      <Placemark>
        <name>2025-07-28 10:00:00 UTC</name>
        <description><![CDATA[<div><div><span><b>Altitude:</b></span> <span>1,700 ft</span></div>
<div><span><b>Speed:</b></span> <span>110 kt</span></div>
<div><span><b>Heading:</b></span> <span>24&deg;</span></div>
</div>]]></description>
        <TimeStamp>
          <when>2025-07-28T10:00:00+00:00</when>
        </TimeStamp>
        <Style>
          <IconStyle>
            <heading>24</heading>
            <Icon>
              <href>http://maps.google.com/mapfiles/kml/shapes/airports.png</href>
            </Icon>
          </IconStyle>
        </Style>
        <Point>
          <altitudeMode>absolute</altitudeMode>
          <coordinates>18.36874,-33.91605,518.16</coordinates>
        </Point>
      </Placemark>
      <Placemark>
        <name>2025-07-28 10:00:02 UTC</name>
        <description><![CDATA[<div><div><span><b>Altitude:</b></span> <span>1,700 ft</span></div>
<div><span><b>Speed:</b></span> <span>109 kt</span></div>
<div><span><b>Heading:</b></span> <span>25&deg;</span></div>
</div>]]></description>
        <TimeStamp>
          <when>2025-07-28T10:00:02+00:00</when>
        </TimeStamp>
        <Style>
          <IconStyle>
            <heading>25</heading>
            <Icon>
              <href>http://maps.google.com/mapfiles/kml/shapes/airports.png</href>
            </Icon>
          </IconStyle>
        </Style>
        <Point>
          <altitudeMode>absolute</altitudeMode>
          <coordinates>18.369308,-33.914978,518.16</coordinates>
        </Point>
      </Placemark>
      <Placemark>
        <name>2025-07-28 10:00:04 UTC</name>
        <description><![CDATA[<div><div><span><b>Altitude:</b></span> <span>1,700 ft</span></div>
<div><span><b>Speed:</b></span> <span>110 kt</span></div>
<div><span><b>Heading:</b></span> <span>25&deg;</span></div>
</div>]]></description>
        <TimeStamp>
          <when>2025-07-28T10:00:04+00:00</when>
        </TimeStamp>
        <Style>
          <IconStyle>
            <heading>25</heading>
            <Icon>
              <href>http://maps.google.com/mapfiles/kml/shapes/airports.png</href>
            </Icon>
          </IconStyle>
        </Style>
        <Point>
          <altitudeMode>absolute</altitudeMode>
          <coordinates>18.369827,-33.914097,518.16</coordinates>
        </Point>
      </Placemark>
      <Placemark>
        <name>2025-07-28 10:00:06 UTC</name>
        <description><![CDATA[<div><div><span><b>Altitude:</b></span> <span>1,700 ft</span></div>
<div><span><b>Speed:</b></span> <span>109 kt</span></div>
<div><span><b>Heading:</b></span> <span>26&deg;</span></div>
</div>]]></description>
        <TimeStamp>
          <when>2025-07-28T10:00:06+00:00</when>
        </TimeStamp>
        <Style>
          <IconStyle>
            <heading>26</heading>
            <Icon>
              <href>http://maps.google.com/mapfiles/kml/shapes/airports.png</href>
            </Icon>
          </IconStyle>
        </Style>
        <Point>
          <altitudeMode>absolute</altitudeMode>
          <coordinates>18.370375,-33.913147,518.16</coordinates>
        </Point>
      </Placemark>
      <Placemark>
        <name>2025-07-28 10:00:08 UTC</name>
        <description><![CDATA[<div><div><span><b>Altitude:</b></span> <span>1,700 ft</span></div>
<div><span><b>Speed:</b></span> <span>109 kt</span></div>
<div><span><b>Heading:</b></span> <span>27&deg;</span></div>
</div>]]></description>
        <TimeStamp>
          <when>2025-07-28T10:00:08+00:00</when>
        </TimeStamp>
        <Style>
          <IconStyle>
            <heading>27</heading>
            <Icon>
              <href>http://maps.google.com/mapfiles/kml/shapes/airports.png</href>
            </Icon>
          </IconStyle>
        </Style>
        <Point>
          <altitudeMode>absolute</altitudeMode>
          <coordinates>18.371159,-33.911911,518.16</coordinates>
        </Point>
      </Placemark>
      <Placemark>
        <name>2025-07-28 10:00:11 UTC</name>
        <description><![CDATA[<div><div><span><b>Altitude:</b></span> <span>1,700 ft</span></div>
<div><span><b>Speed:</b></span> <span>108 kt</span></div>
<div><span><b>Heading:</b></span> <span>29&deg;</span></div>
</div>]]></description>
        <TimeStamp>
          <when>2025-07-28T10:00:11+00:00</when>
        </TimeStamp>
        <Style>
          <IconStyle>
            <heading>29</heading>
            <Icon>
              <href>http://maps.google.com/mapfiles/kml/shapes/airports.png</href>
            </Icon>
          </IconStyle>
        </Style>
        <Point>
          <altitudeMode>absolute</altitudeMode>
          <coordinates>18.371773,-33.910976,518.16</coordinates>
        </Point>
      </Placemark>
      <Placemark>
        <name>2025-07-28 10:00:13 UTC</name>
        <description><![CDATA[<div><div><span><b>Altitude:</b></span> <span>1,700 ft</span></div>
<div><span><b>Speed:</b></span> <span>108 kt</span></div>
<div><span><b>Heading:</b></span> <span>30&deg;</span></div>
</div>]]></description>
        <TimeStamp>
          <when>2025-07-28T10:00:13+00:00</when>
        </TimeStamp>
        <Style>
          <IconStyle>
            <heading>30</heading>
            <Icon>
              <href>http://maps.google.com/mapfiles/kml/shapes/airports.png</href>
            </Icon>
          </IconStyle>
        </Style>
        <Point>
          <altitudeMode>absolute</altitudeMode>
          <coordinates>18.372402,-33.910091,518.16</coordinates>
        </Point>
      </Placemark>
      <Placemark>
        <name>2025-07-28 10:00:15 UTC</name>
        <description><![CDATA[<div><div><span><b>Altitude:</b></span> <span>1,700 ft</span></div>
<div><span><b>Speed:</b></span> <span>109 kt</span></div>
<div><span><b>Heading:</b></span> <span>31&deg;</span></div>
</div>]]></description>
        <TimeStamp>
          <when>2025-07-28T10:00:15+00:00</when>
        </TimeStamp>
        <Style>
          <IconStyle>
            <heading>31</heading>
            <Icon>
              <href>http://maps.google.com/mapfiles/kml/shapes/airports.png</href>
            </Icon>
          </IconStyle>
        </Style>
        <Point>
          <altitudeMode>absolute</altitudeMode>
          <coordinates>18.373146,-33.909069,518.16</coordinates>
        </Point>
      </Placemark>
      <Placemark>
        <name>2025-07-28 10:00:17 UTC</name>
        <description><![CDATA[<div><div><span><b>Altitude:</b></span> <span>1,700 ft</span></div>
<div><span><b>Speed:</b></span> <span>109 kt</span></div>
<div><span><b>Heading:</b></span> <span>33&deg;</span></div>
</div>]]></description>
        <TimeStamp>
          <when>2025-07-28T10:00:17+00:00</when>
        </TimeStamp>
        <Style>
          <IconStyle>
            <heading>33</heading>
            <Icon>
              <href>http://maps.google.com/mapfiles/kml/shapes/airports.png</href>
            </Icon>
          </IconStyle>
        </Style>
        <Point>
          <altitudeMode>absolute</altitudeMode>
          <coordinates>18.373905,-33.908112,518.16</coordinates>
        </Point>
      </Placemark>
      <Placemark>
        <name>2025-07-28 10:00:19 UTC</name>
        <description><![CDATA[<div><div><span><b>Altitude:</b></span> <span>1,700 ft</span></div>
<div><span><b>Speed:</b></span> <span>109 kt</span></div>
<div><span><b>Heading:</b></span> <span>34&deg;</span></div>
</div>]]></description>
        <TimeStamp>
          <when>2025-07-28T10:00:19+00:00</when>
        </TimeStamp>
        <Style>
          <IconStyle>
            <heading>34</heading>
            <Icon>
              <href>http://maps.google.com/mapfiles/kml/shapes/airports.png</href>
            </Icon>
          </IconStyle>
        </Style>
        <Point>
          <altitudeMode>absolute</altitudeMode>
          <coordinates>18.374409,-33.907471,518.16</coordinates>
        </Point>
      </Placemark>
      <Placemark>
        <name>2025-07-28 10:00:21 UTC</name>
        <description><![CDATA[<div><div><span><b>Altitude:</b></span> <span>1,700 ft</span></div>
<div><span><b>Speed:</b></span> <span>110 kt</span></div>
<div><span><b>Heading:</b></span> <span>35&deg;</span></div>
</div>]]></description>
        <TimeStamp>
          <when>2025-07-28T10:00:21+00:00</when>
        </TimeStamp>
        <Style>
          <IconStyle>
            <heading>35</heading>
            <Icon>
              <href>http://maps.google.com/mapfiles/kml/shapes/airports.png</href>
            </Icon>
          </IconStyle>
        </Style>
        <Point>
          <altitudeMode>absolute</altitudeMode>
          <coordinates>18.375149,-33.906601,518.16</coordinates>
        </Point>
      </Placemark>
      <Placemark>
        <name>2025-07-28 10:00:23 UTC</name>
        <description><![CDATA[<div><div><span><b>Altitude:</b></span> <span>1,700 ft</span></div>
<div><span><b>Speed:</b></span> <span>111 kt</span></div>
<div><span><b>Heading:</b></span> <span>35&deg;</span></div>
</div>]]></description>
        <TimeStamp>
          <when>2025-07-28T10:00:23+00:00</when>
        </TimeStamp>
        <Style>
          <IconStyle>
            <heading>35</heading>
            <Icon>
              <href>http://maps.google.com/mapfiles/kml/shapes/airports.png</href>
            </Icon>
          </IconStyle>
        </Style>
        <Point>
          <altitudeMode>absolute</altitudeMode>
          <coordinates>18.375835,-33.905766,518.16</coordinates>
        </Point>
      </Placemark>
      <Placemark>
        <name>2025-07-28 10:00:26 UTC</name>
        <description><![CDATA[<div><div><span><b>Altitude:</b></span> <span>1,700 ft</span></div>
<div><span><b>Speed:</b></span> <span>111 kt</span></div>
<div><span><b>Heading:</b></span> <span>38&deg;</span></div>
</div>]]></description>
        <TimeStamp>
          <when>2025-07-28T10:00:26+00:00</when>
        </TimeStamp>
        <Style>
          <IconStyle>
            <heading>38</heading>
            <Icon>
              <href>http://maps.google.com/mapfiles/kml/shapes/airports.png</href>
            </Icon>
          </IconStyle>
        </Style>
        <Point>
          <altitudeMode>absolute</altitudeMode>
          <coordinates>18.377045,-33.904495,518.16</coordinates>
        </Point>
      </Placemark>
      <Placemark>
        <name>2025-07-28 10:00:28 UTC</name>
        <description><![CDATA[<div><div><span><b>Altitude:</b></span> <span>1,700 ft</span></div>
<div><span><b>Speed:</b></span> <span>110 kt</span></div>
<div><span><b>Heading:</b></span> <span>39&deg;</span></div>
</div>]]></description>
        <TimeStamp>
          <when>2025-07-28T10:00:28+00:00</when>
        </TimeStamp>
        <Style>
          <IconStyle>
            <heading>39</heading>
            <Icon>
              <href>http://maps.google.com/mapfiles/kml/shapes/airports.png</href>
            </Icon>
          </IconStyle>
        </Style>
        <Point>
          <altitudeMode>absolute</altitudeMode>
          <coordinates>18.377829,-33.903671,518.16</coordinates>
        </Point>
      </Placemark>
      <Placemark>
        <name>2025-07-28 10:00:30 UTC</name>
        <description><![CDATA[<div><div><span><b>Altitude:</b></span> <span>1,700 ft</span></div>
<div><span><b>Speed:</b></span> <span>109 kt</span></div>
<div><span><b>Heading:</b></span> <span>41&deg;</span></div>
</div>]]></description>
        <TimeStamp>
          <when>2025-07-28T10:00:30+00:00</when>
        </TimeStamp>
        <Style>
          <IconStyle>
            <heading>41</heading>
            <Icon>
              <href>http://maps.google.com/mapfiles/kml/shapes/airports.png</href>
            </Icon>
          </IconStyle>
        </Style>
        <Point>
          <altitudeMode>absolute</altitudeMode>
          <coordinates>18.37867,-33.902847,518.16</coordinates>
        </Point>
      </Placemark>
      <Placemark>
        <name>2025-07-28 10:00:32 UTC</name>
        <description><![CDATA[<div><div><span><b>Altitude:</b></span> <span>1,700 ft</span></div>
<div><span><b>Speed:</b></span> <span>108 kt</span></div>
<div><span><b>Heading:</b></span> <span>42&deg;</span></div>
</div>]]></description>
        <TimeStamp>
          <when>2025-07-28T10:00:32+00:00</when>
        </TimeStamp>
        <Style>
          <IconStyle>
            <heading>42</heading>
            <Icon>
              <href>http://maps.google.com/mapfiles/kml/shapes/airports.png</href>
            </Icon>
          </IconStyle>
        </Style>
        <Point>
          <altitudeMode>absolute</altitudeMode>
          <coordinates>18.379679,-33.901978,518.16</coordinates>
        </Point>
      </Placemark>
      <Placemark>
        <name>2025-07-28 10:00:35 UTC</name>
        <description><![CDATA[<div><div><span><b>Altitude:</b></span> <span>1,700 ft</span></div>
<div><span><b>Speed:</b></span> <span>107 kt</span></div>
<div><span><b>Heading:</b></span> <span>42&deg;</span></div>
</div>]]></description>
        <TimeStamp>
          <when>2025-07-28T10:00:35+00:00</when>
        </TimeStamp>
        <Style>
          <IconStyle>
            <heading>42</heading>
            <Icon>
              <href>http://maps.google.com/mapfiles/kml/shapes/airports.png</href>
            </Icon>
          </IconStyle>
        </Style>
        <Point>
          <altitudeMode>absolute</altitudeMode>
          <coordinates>18.380407,-33.901291,518.16</coordinates>
        </Point>
      </Placemark>
      <Placemark>
        <name>2025-07-28 10:00:37 UTC</name>
        <description><![CDATA[<div><div><span><b>Altitude:</b></span> <span>1,700 ft</span></div>
<div><span><b>Speed:</b></span> <span>107 kt</span></div>
<div><span><b>Heading:</b></span> <span>43&deg;</span></div>
</div>]]></description>
        <TimeStamp>
          <when>2025-07-28T10:00:37+00:00</when>
        </TimeStamp>
        <Style>
          <IconStyle>
            <heading>43</heading>
            <Icon>
              <href>http://maps.google.com/mapfiles/kml/shapes/airports.png</href>
            </Icon>
          </IconStyle>
        </Style>
        <Point>
          <altitudeMode>absolute</altitudeMode>
          <coordinates>18.381386,-33.900455,518.16</coordinates>
        </Point>
      </Placemark>
      <Placemark>
        <name>2025-07-28 10:00:39 UTC</name>
        <description><![CDATA[<div><div><span><b>Altitude:</b></span> <span>1,700 ft</span></div>
<div><span><b>Speed:</b></span> <span>106 kt</span></div>
<div><span><b>Heading:</b></span> <span>44&deg;</span></div>
</div>]]></description>
        <TimeStamp>
          <when>2025-07-28T10:00:39+00:00</when>
        </TimeStamp>
        <Style>
          <IconStyle>
            <heading>44</heading>
            <Icon>
              <href>http://maps.google.com/mapfiles/kml/shapes/airports.png</href>
            </Icon>
          </IconStyle>
        </Style>
        <Point>
          <altitudeMode>absolute</altitudeMode>
          <coordinates>18.382187,-33.899712,518.16</coordinates>
        </Point>
      </Placemark>
      <Placemark>
        <name>2025-07-28 10:00:41 UTC</name>
        <description><![CDATA[<div><div><span><b>Altitude:</b></span> <span>1,700 ft</span></div>
<div><span><b>Speed:</b></span> <span>106 kt</span></div>
<div><span><b>Heading:</b></span> <span>45&deg;</span></div>
</div>]]></description>
        <TimeStamp>
          <when>2025-07-28T10:00:41+00:00</when>
        </TimeStamp>
        <Style>
          <IconStyle>
            <heading>45</heading>
            <Icon>
              <href>http://maps.google.com/mapfiles/kml/shapes/airports.png</href>
            </Icon>
          </IconStyle>
        </Style>
        <Point>
          <altitudeMode>absolute</altitudeMode>
          <coordinates>18.38316,-33.898922,518.16</coordinates>
        </Point>
      </Placemark>
      <Placemark>
        <name>2025-07-28 10:00:43 UTC</name>
        <description><![CDATA[<div><div><span><b>Altitude:</b></span> <span>1,800 ft</span></div>
<div><span><b>Speed:</b></span> <span>104 kt</span></div>
<div><span><b>Heading:</b></span> <span>46&deg;</span></div>
</div>]]></description>
        <TimeStamp>
          <when>2025-07-28T10:00:43+00:00</when>
        </TimeStamp>
        <Style>
          <IconStyle>
            <heading>46</heading>
            <Icon>
              <href>http://maps.google.com/mapfiles/kml/shapes/airports.png</href>
            </Icon>
          </IconStyle>
        </Style>
        <Point>
          <altitudeMode>absolute</altitudeMode>
          <coordinates>18.384218,-33.898087,548.64</coordinates>
        </Point>
      </Placemark>
      <Placemark>
        <name>2025-07-28 10:00:46 UTC</name>
        <description><![CDATA[<div><div><span><b>Altitude:</b></span> <span>1,800 ft</span></div>
<div><span><b>Speed:</b></span> <span>104 kt</span></div>
<div><span><b>Heading:</b></span> <span>47&deg;</span></div>
</div>]]></description>
        <TimeStamp>
          <when>2025-07-28T10:00:46+00:00</when>
        </TimeStamp>
        <Style>
          <IconStyle>
            <heading>47</heading>
            <Icon>
              <href>http://maps.google.com/mapfiles/kml/shapes/airports.png</href>
            </Icon>
          </IconStyle>
        </Style>
        <Point>
          <altitudeMode>absolute</altitudeMode>
          <coordinates>18.385048,-33.897476,548.64</coordinates>
        </Point>
      </Placemark>
      <Placemark>
        <name>2025-07-28 10:00:48 UTC</name>
        <description><![CDATA[<div><div><span><b>Altitude:</b></span> <span>1,800 ft</span></div>
<div><span><b>Speed:</b></span> <span>106 kt</span></div>
<div><span><b>Heading:</b></span> <span>48&deg;</span></div>
</div>]]></description>
        <TimeStamp>
          <when>2025-07-28T10:00:48+00:00</when>
        </TimeStamp>
        <Style>
          <IconStyle>
            <heading>48</heading>
            <Icon>
              <href>http://maps.google.com/mapfiles/kml/shapes/airports.png</href>
            </Icon>
          </IconStyle>
        </Style>
        <Point>
          <altitudeMode>absolute</altitudeMode>
          <coordinates>18.385963,-33.896732,548.64</coordinates>
        </Point>
      </Placemark>
      <Placemark>
        <name>2025-07-28 10:00:50 UTC</name>
        <description><![CDATA[<div><div><span><b>Altitude:</b></span> <span>1,800 ft</span></div>
<div><span><b>Speed:</b></span> <span>105 kt</span></div>
<div><span><b>Heading:</b></span> <span>50&deg;</span></div>
</div>]]></description>
        <TimeStamp>
          <when>2025-07-28T10:00:50+00:00</when>
        </TimeStamp>
        <Style>
          <IconStyle>
            <heading>50</heading>
            <Icon>
              <href>http://maps.google.com/mapfiles/kml/shapes/airports.png</href>
            </Icon>
          </IconStyle>
        </Style>
        <Point>
          <altitudeMode>absolute</altitudeMode>
          <coordinates>18.387022,-33.896027,548.64</coordinates>
        </Point>
      </Placemark>
      <Placemark>
        <name>2025-07-28 10:00:52 UTC</name>
        <description><![CDATA[<div><div><span><b>Altitude:</b></span> <span>1,800 ft</span></div>
<div><span><b>Speed:</b></span> <span>105 kt</span></div>
<div><span><b>Heading:</b></span> <span>51&deg;</span></div>
</div>]]></description>
        <TimeStamp>
          <when>2025-07-28T10:00:52+00:00</when>
        </TimeStamp>
        <Style>
          <IconStyle>
            <heading>51</heading>
            <Icon>
              <href>http://maps.google.com/mapfiles/kml/shapes/airports.png</href>
            </Icon>
          </IconStyle>
        </Style>
        <Point>
          <altitudeMode>absolute</altitudeMode>
          <coordinates>18.387918,-33.895432,548.64</coordinates>
        </Point>
      </Placemark>
      <Placemark>
        <name>2025-07-28 10:00:55 UTC</name>
        <description><![CDATA[<div><div><span><b>Altitude:</b></span> <span>1,800 ft</span></div>
<div><span><b>Speed:</b></span> <span>105 kt</span></div>
<div><span><b>Heading:</b></span> <span>53&deg;</span></div>
</div>]]></description>
        <TimeStamp>
          <when>2025-07-28T10:00:55+00:00</when>
        </TimeStamp>
        <Style>
          <IconStyle>
            <heading>53</heading>
            <Icon>
              <href>http://maps.google.com/mapfiles/kml/shapes/airports.png</href>
            </Icon>
          </IconStyle>
        </Style>
        <Point>
          <altitudeMode>absolute</altitudeMode>
          <coordinates>18.389111,-33.894684,548.64</coordinates>
        </Point>
      </Placemark>
      <Placemark>
        <name>2025-07-28 10:00:57 UTC</name>
        <description><![CDATA[<div><div><span><b>Altitude:</b></span> <span>1,800 ft</span></div>
<div><span><b>Speed:</b></span> <span>105 kt</span></div>
<div><span><b>Heading:</b></span> <span>54&deg;</span></div>
</div>]]></description>
        <TimeStamp>
          <when>2025-07-28T10:00:57+00:00</when>
        </TimeStamp>
        <Style>
          <IconStyle>
            <heading>54</heading>
            <Icon>
              <href>http://maps.google.com/mapfiles/kml/shapes/airports.png</href>
            </Icon>
          </IconStyle>
        </Style>
        <Point>
          <altitudeMode>absolute</altitudeMode>
          <coordinates>18.390141,-33.894032,548.64</coordinates>
        </Point>
      </Placemark>
      <Placemark>
        <name>2025-07-28 10:00:59 UTC</name>
        <description><![CDATA[<div><div><span><b>Altitude:</b></span> <span>1,800 ft</span></div>
<div><span><b>Speed:</b></span> <span>106 kt</span></div>
<div><span><b>Heading:</b></span> <span>55&deg;</span></div>
</div>]]></description>
        <TimeStamp>
          <when>2025-07-28T10:00:59+00:00</when>
        </TimeStamp>
        <Style>
          <IconStyle>
            <heading>55</heading>
            <Icon>
              <href>http://maps.google.com/mapfiles/kml/shapes/airports.png</href>
            </Icon>
          </IconStyle>
        </Style>
        <Point>
          <altitudeMode>absolute</altitudeMode>
          <coordinates>18.391338,-33.893372,548.64</coordinates>
        </Point>
      </Placemark>
      <Placemark>
        <name>2025-07-28 10:01:01 UTC</name>
        <description><![CDATA[<div><div><span><b>Altitude:</b></span> <span>1,700 ft</span></div>
<div><span><b>Speed:</b></span> <span>106 kt</span></div>
<div><span><b>Heading:</b></span> <span>57&deg;</span></div>
</div>]]></description>
        <TimeStamp>
          <when>2025-07-28T10:01:01+00:00</when>
        </TimeStamp>
        <Style>
          <IconStyle>
            <heading>57</heading>
            <Icon>
              <href>http://maps.google.com/mapfiles/kml/shapes/airports.png</href>
            </Icon>
          </IconStyle>
        </Style>
        <Point>
          <altitudeMode>absolute</altitudeMode>
          <coordinates>18.392122,-33.892914,518.16</coordinates>
        </Point>
      </Placemark>
      <Placemark>
        <name>2025-07-28 10:01:03 UTC</name>
        <description><![CDATA[<div><div><span><b>Altitude:</b></span> <span>1,700 ft</span></div>
<div><span><b>Speed:</b></span> <span>108 kt</span></div>
<div><span><b>Heading:</b></span> <span>59&deg;</span></div>
</div>]]></description>
        <TimeStamp>
          <when>2025-07-28T10:01:03+00:00</when>
        </TimeStamp>
        <Style>
          <IconStyle>
            <heading>59</heading>
            <Icon>
              <href>http://maps.google.com/mapfiles/kml/shapes/airports.png</href>
            </Icon>
          </IconStyle>
        </Style>
        <Point>
          <altitudeMode>absolute</altitudeMode>
          <coordinates>18.393402,-33.892311,518.16</coordinates>
        </Point>
      </Placemark>
      <Placemark>
        <name>2025-07-28 10:01:05 UTC</name>
        <description><![CDATA[<div><div><span><b>Altitude:</b></span> <span>1,700 ft</span></div>
<div><span><b>Speed:</b></span> <span>108 kt</span></div>
<div><span><b>Heading:</b></span> <span>62&deg;</span></div>
</div>]]></description>
        <TimeStamp>
          <when>2025-07-28T10:01:05+00:00</when>
        </TimeStamp>
        <Style>
          <IconStyle>
            <heading>62</heading>
            <Icon>
              <href>http://maps.google.com/mapfiles/kml/shapes/airports.png</href>
            </Icon>
          </IconStyle>
        </Style>
        <Point>
          <altitudeMode>absolute</altitudeMode>
          <coordinates>18.394661,-33.891705,518.16</coordinates>
        </Point>
      </Placemark>
      <Placemark>
        <name>2025-07-28 10:01:07 UTC</name>
        <description><![CDATA[<div><div><span><b>Altitude:</b></span> <span>1,700 ft</span></div>
<div><span><b>Speed:</b></span> <span>110 kt</span></div>
<div><span><b>Heading:</b></span> <span>64&deg;</span></div>
</div>]]></description>
        <TimeStamp>
          <when>2025-07-28T10:01:07+00:00</when>
        </TimeStamp>
        <Style>
          <IconStyle>
            <heading>64</heading>
            <Icon>
              <href>http://maps.google.com/mapfiles/kml/shapes/airports.png</href>
            </Icon>
          </IconStyle>
        </Style>
        <Point>
          <altitudeMode>absolute</altitudeMode>
          <coordinates>18.395765,-33.891266,518.16</coordinates>
        </Point>
      </Placemark>
      <Placemark>
        <name>2025-07-28 10:01:10 UTC</name>
        <description><![CDATA[<div><div><span><b>Altitude:</b></span> <span>1,700 ft</span></div>
<div><span><b>Speed:</b></span> <span>110 kt</span></div>
<div><span><b>Heading:</b></span> <span>66&deg;</span></div>
</div>]]></description>
        <TimeStamp>
          <when>2025-07-28T10:01:10+00:00</when>
        </TimeStamp>
        <Style>
          <IconStyle>
            <heading>66</heading>
            <Icon>
              <href>http://maps.google.com/mapfiles/kml/shapes/airports.png</href>
            </Icon>
          </IconStyle>
        </Style>
        <Point>
          <altitudeMode>absolute</altitudeMode>
          <coordinates>18.396662,-33.890945,518.16</coordinates>
        </Point>
      </Placemark>
      <Placemark>
        <name>2025-07-28 10:01:12 UTC</name>
        <description><![CDATA[<div><div><span><b>Altitude:</b></span> <span>1,600 ft</span></div>
<div><span><b>Speed:</b></span> <span>110 kt</span></div>
<div><span><b>Heading:</b></span> <span>68&deg;</span></div>
</div>]]></description>
        <TimeStamp>
          <when>2025-07-28T10:01:12+00:00</when>
        </TimeStamp>
        <Style>
          <IconStyle>
            <heading>68</heading>
            <Icon>
              <href>http://maps.google.com/mapfiles/kml/shapes/airports.png</href>
            </Icon>
          </IconStyle>
        </Style>
        <Point>
          <altitudeMode>absolute</altitudeMode>
          <coordinates>18.398119,-33.890442,487.68</coordinates>
        </Point>
      </Placemark>
      <Placemark>
        <name>2025-07-28 10:01:14 UTC</name>
        <description><![CDATA[<div><div><span><b>Altitude:</b></span> <span>1,600 ft</span></div>
<div><span><b>Speed:</b></span> <span>110 kt</span></div>
<div><span><b>Heading:</b></span> <span>72&deg;</span></div>
</div>]]></description>
        <TimeStamp>
          <when>2025-07-28T10:01:14+00:00</when>
        </TimeStamp>
        <Style>
          <IconStyle>
            <heading>72</heading>
            <Icon>
              <href>http://maps.google.com/mapfiles/kml/shapes/airports.png</href>
            </Icon>
          </IconStyle>
        </Style>
        <Point>
          <altitudeMode>absolute</altitudeMode>
          <coordinates>18.399298,-33.890121,487.68</coordinates>
        </Point>
      </Placemark>
      <Placemark>
        <name>2025-07-28 10:01:16 UTC</name>
        <description><![CDATA[<div><div><span><b>Altitude:</b></span> <span>1,600 ft</span></div>
<div><span><b>Speed:</b></span> <span>110 kt</span></div>
<div><span><b>Heading:</b></span> <span>74&deg;</span></div>
</div>]]></description>
        <TimeStamp>
          <when>2025-07-28T10:01:16+00:00</when>
        </TimeStamp>
        <Style>
          <IconStyle>
            <heading>74</heading>
            <Icon>
              <href>http://maps.google.com/mapfiles/kml/shapes/airports.png</href>
            </Icon>
          </IconStyle>
        </Style>
        <Point>
          <altitudeMode>absolute</altitudeMode>
          <coordinates>18.400555,-33.889797,487.68</coordinates>
        </Point>
      </Placemark>
      <Placemark>
        <name>2025-07-28 10:01:18 UTC</name>
        <description><![CDATA[<div><div><span><b>Altitude:</b></span> <span>1,600 ft</span></div>
<div><span><b>Speed:</b></span> <span>112 kt</span></div>
<div><span><b>Heading:</b></span> <span>76&deg;</span></div>
</div>]]></description>
        <TimeStamp>
          <when>2025-07-28T10:01:18+00:00</when>
        </TimeStamp>
        <Style>
          <IconStyle>
            <heading>76</heading>
            <Icon>
              <href>http://maps.google.com/mapfiles/kml/shapes/airports.png</href>
            </Icon>
          </IconStyle>
        </Style>
        <Point>
          <altitudeMode>absolute</altitudeMode>
          <coordinates>18.402155,-33.889435,487.68</coordinates>
        </Point>
      </Placemark>
      <Placemark>
        <name>2025-07-28 10:01:21 UTC</name>
        <description><![CDATA[<div><div><span><b>Altitude:</b></span> <span>1,500 ft</span></div>
<div><span><b>Speed:</b></span> <span>112 kt</span></div>
<div><span><b>Heading:</b></span> <span>78&deg;</span></div>
</div>]]></description>
        <TimeStamp>
          <when>2025-07-28T10:01:21+00:00</when>
        </TimeStamp>
        <Style>
          <IconStyle>
            <heading>78</heading>
            <Icon>
              <href>http://maps.google.com/mapfiles/kml/shapes/airports.png</href>
            </Icon>
          </IconStyle>
        </Style>
        <Point>
          <altitudeMode>absolute</altitudeMode>
          <coordinates>18.403301,-33.889236,457.2</coordinates>
        </Point>
      </Placemark>
      <Placemark>
        <name>2025-07-28 10:01:23 UTC</name>
        <description><![CDATA[<div><div><span><b>Altitude:</b></span> <span>1,500 ft</span></div>
<div><span><b>Speed:</b></span> <span>112 kt</span></div>
<div><span><b>Heading:</b></span> <span>79&deg;</span></div>
</div>]]></description>
        <TimeStamp>
          <when>2025-07-28T10:01:23+00:00</when>
        </TimeStamp>
        <Style>
          <IconStyle>
            <heading>79</heading>
            <Icon>
              <href>http://maps.google.com/mapfiles/kml/shapes/airports.png</href>
            </Icon>
          </IconStyle>
        </Style>
        <Point>
          <altitudeMode>absolute</altitudeMode>
          <coordinates>18.404846,-33.888977,457.2</coordinates>
        </Point>
      </Placemark>
      <Placemark>
        <name>2025-07-28 10:01:25 UTC</name>
        <description><![CDATA[<div><div><span><b>Altitude:</b></span> <span>1,500 ft</span></div>
<div><span><b>Speed:</b></span> <span>113 kt</span></div>
<div><span><b>Heading:</b></span> <span>81&deg;</span></div>
</div>]]></description>
        <TimeStamp>
          <when>2025-07-28T10:01:25+00:00</when>
        </TimeStamp>
        <Style>
          <IconStyle>
            <heading>81</heading>
            <Icon>
              <href>http://maps.google.com/mapfiles/kml/shapes/airports.png</href>
            </Icon>
          </IconStyle>
        </Style>
        <Point>
          <altitudeMode>absolute</altitudeMode>
          <coordinates>18.40608,-33.88884,457.2</coordinates>
        </Point>
      </Placemark>
      <Placemark>
        <name>2025-07-28 10:01:27 UTC</name>
        <description><![CDATA[<div><div><span><b>Altitude:</b></span> <span>1,400 ft</span></div>
<div><span><b>Speed:</b></span> <span>113 kt</span></div>
<div><span><b>Heading:</b></span> <span>81&deg;</span></div>
</div>]]></description>
        <TimeStamp>
          <when>2025-07-28T10:01:27+00:00</when>
        </TimeStamp>
        <Style>
          <IconStyle>
            <heading>81</heading>
            <Icon>
              <href>http://maps.google.com/mapfiles/kml/shapes/airports.png</href>
            </Icon>
          </IconStyle>
        </Style>
        <Point>
          <altitudeMode>absolute</altitudeMode>
          <coordinates>18.407249,-33.88868,426.72</coordinates>
        </Point>
      </Placemark>
      <Placemark>
        <name>2025-07-28 10:01:29 UTC</name>
        <description><![CDATA[<div><div><span><b>Altitude:</b></span> <span>1,400 ft</span></div>
<div><span><b>Speed:</b></span> <span>113 kt</span></div>
<div><span><b>Heading:</b></span> <span>82&deg;</span></div>
</div>]]></description>
        <TimeStamp>
          <when>2025-07-28T10:01:29+00:00</when>
        </TimeStamp>
        <Style>
          <IconStyle>
            <heading>82</heading>
            <Icon>
              <href>http://maps.google.com/mapfiles/kml/shapes/airports.png</href>
            </Icon>
          </IconStyle>
        </Style>
        <Point>
          <altitudeMode>absolute</altitudeMode>
          <coordinates>18.408995,-33.888474,426.72</coordinates>
        </Point>
      </Placemark>
      <Placemark>
        <name>2025-07-28 10:01:32 UTC</name>
        <description><![CDATA[<div><div><span><b>Altitude:</b></span> <span>1,300 ft</span></div>
<div><span><b>Speed:</b></span> <span>112 kt</span></div>
<div><span><b>Heading:</b></span> <span>83&deg;</span></div>
</div>]]></description>
        <TimeStamp>
          <when>2025-07-28T10:01:32+00:00</when>
        </TimeStamp>
        <Style>
          <IconStyle>
            <heading>83</heading>
            <Icon>
              <href>http://maps.google.com/mapfiles/kml/shapes/airports.png</href>
            </Icon>
          </IconStyle>
        </Style>
        <Point>
          <altitudeMode>absolute</altitudeMode>
          <coordinates>18.410225,-33.888351,396.24</coordinates>
        </Point>
      </Placemark>
      <Placemark>
        <name>2025-07-28 10:01:34 UTC</name>
        <description><![CDATA[<div><div><span><b>Altitude:</b></span> <span>1,300 ft</span></div>
<div><span><b>Speed:</b></span> <span>112 kt</span></div>
<div><span><b>Heading:</b></span> <span>83&deg;</span></div>
</div>]]></description>
        <TimeStamp>
          <when>2025-07-28T10:01:34+00:00</when>
        </TimeStamp>
        <Style>
          <IconStyle>
            <heading>83</heading>
            <Icon>
              <href>http://maps.google.com/mapfiles/kml/shapes/airports.png</href>
            </Icon>
          </IconStyle>
        </Style>
        <Point>
          <altitudeMode>absolute</altitudeMode>
          <coordinates>18.411797,-33.888199,396.24</coordinates>
        </Point>
      </Placemark>
      <Placemark>
        <name>2025-07-28 10:01:37 UTC</name>
        <description><![CDATA[<div><div><span><b>Altitude:</b></span> <span>1,200 ft</span></div>
<div><span><b>Speed:</b></span> <span>109 kt</span></div>
<div><span><b>Heading:</b></span> <span>82&deg;</span></div>
</div>]]></description>
        <TimeStamp>
          <when>2025-07-28T10:01:37+00:00</when>
        </TimeStamp>
        <Style>
          <IconStyle>
            <heading>82</heading>
            <Icon>
              <href>http://maps.google.com/mapfiles/kml/shapes/airports.png</href>
            </Icon>
          </IconStyle>
        </Style>
        <Point>
          <altitudeMode>absolute</altitudeMode>
          <coordinates>18.413086,-33.888073,365.76</coordinates>
        </Point>
      </Placemark>
      <Placemark>
        <name>2025-07-28 10:01:39 UTC</name>
        <description><![CDATA[<div><div><span><b>Altitude:</b></span> <span>1,200 ft</span></div>
<div><span><b>Speed:</b></span> <span>109 kt</span></div>
<div><span><b>Heading:</b></span> <span>82&deg;</span></div>
</div>]]></description>
        <TimeStamp>
          <when>2025-07-28T10:01:39+00:00</when>
        </TimeStamp>
        <Style>
          <IconStyle>
            <heading>82</heading>
            <Icon>
              <href>http://maps.google.com/mapfiles/kml/shapes/airports.png</href>
            </Icon>
          </IconStyle>
        </Style>
        <Point>
          <altitudeMode>absolute</altitudeMode>
          <coordinates>18.41432,-33.887924,365.76</coordinates>
        </Point>
      </Placemark>
      <Placemark>
        <name>2025-07-28 10:01:41 UTC</name>
        <description><![CDATA[<div><div><span><b>Altitude:</b></span> <span>1,200 ft</span></div>
<div><span><b>Speed:</b></span> <span>107 kt</span></div>
<div><span><b>Heading:</b></span> <span>81&deg;</span></div>
</div>]]></description>
        <TimeStamp>
          <when>2025-07-28T10:01:41+00:00</when>
        </TimeStamp>
        <Style>
          <IconStyle>
            <heading>81</heading>
            <Icon>
              <href>http://maps.google.com/mapfiles/kml/shapes/airports.png</href>
            </Icon>
          </IconStyle>
        </Style>
        <Point>
          <altitudeMode>absolute</altitudeMode>
          <coordinates>18.415833,-33.887749,365.76</coordinates>
        </Point>
      </Placemark>
      <Placemark>
        <name>2025-07-28 10:01:43 UTC</name>
        <description><![CDATA[<div><div><span><b>Altitude:</b></span> <span>1,100 ft</span></div>
<div><span><b>Speed:</b></span> <span>106 kt</span></div>
<div><span><b>Heading:</b></span> <span>80&deg;</span></div>
</div>]]></description>
        <TimeStamp>
          <when>2025-07-28T10:01:43+00:00</when>
        </TimeStamp>
        <Style>
          <IconStyle>
            <heading>80</heading>
            <Icon>
              <href>http://maps.google.com/mapfiles/kml/shapes/airports.png</href>
            </Icon>
          </IconStyle>
        </Style>
        <Point>
          <altitudeMode>absolute</altitudeMode>
          <coordinates>18.417091,-33.887562,335.28</coordinates>
        </Point>
      </Placemark>
      <Placemark>
        <name>2025-07-28 10:01:45 UTC</name>
        <description><![CDATA[<div><div><span><b>Altitude:</b></span> <span>1,100 ft</span></div>
<div><span><b>Speed:</b></span> <span>104 kt</span></div>
<div><span><b>Heading:</b></span> <span>80&deg;</span></div>
</div>]]></description>
        <TimeStamp>
          <when>2025-07-28T10:01:45+00:00</when>
        </TimeStamp>
        <Style>
          <IconStyle>
            <heading>80</heading>
            <Icon>
              <href>http://maps.google.com/mapfiles/kml/shapes/airports.png</href>
            </Icon>
          </IconStyle>
        </Style>
        <Point>
          <altitudeMode>absolute</altitudeMode>
          <coordinates>18.418299,-33.887421,335.28</coordinates>
        </Point>
      </Placemark>
      <Placemark>
        <name>2025-07-28 10:01:52 UTC</name>
        <description><![CDATA[<div><div><span><b>Altitude:</b></span> <span>1,000 ft</span></div>
<div><span><b>Speed:</b></span> <span>100 kt</span></div>
<div><span><b>Heading:</b></span> <span>79&deg;</span></div>
</div>]]></description>
        <TimeStamp>
          <when>2025-07-28T10:01:52+00:00</when>
        </TimeStamp>
        <Style>
          <IconStyle>
            <heading>79</heading>
            <Icon>
              <href>http://maps.google.com/mapfiles/kml/shapes/airports.png</href>
            </Icon>
          </IconStyle>
        </Style>
        <Point>
          <altitudeMode>absolute</altitudeMode>
          <coordinates>18.421886,-33.886917,304.8</coordinates>
        </Point>
      </Placemark>
      <Placemark>
        <name>2025-07-28 10:02:01 UTC</name>
        <description><![CDATA[<div><div><span><b>Altitude:</b></span> <span>800 ft</span></div>
<div><span><b>Speed:</b></span> <span>93 kt</span></div>
<div><span><b>Heading:</b></span> <span>93&deg;</span></div>
</div>]]></description>
        <TimeStamp>
          <when>2025-07-28T10:02:01+00:00</when>
        </TimeStamp>
        <Style>
          <IconStyle>
            <heading>93</heading>
            <Icon>
              <href>http://maps.google.com/mapfiles/kml/shapes/airports.png</href>
            </Icon>
          </IconStyle>
        </Style>
        <Point>
          <altitudeMode>absolute</altitudeMode>
          <coordinates>18.426647,-33.886444,243.84</coordinates>
        </Point>
      </Placemark>
      <Placemark>
        <name>2025-07-28 10:02:03 UTC</name>
        <description><![CDATA[<div><div><span><b>Altitude:</b></span> <span>800 ft</span></div>
<div><span><b>Speed:</b></span> <span>91 kt</span></div>
<div><span><b>Heading:</b></span> <span>101&deg;</span></div>
</div>]]></description>
        <TimeStamp>
          <when>2025-07-28T10:02:03+00:00</when>
        </TimeStamp>
        <Style>
          <IconStyle>
            <heading>101</heading>
            <Icon>
              <href>http://maps.google.com/mapfiles/kml/shapes/airports.png</href>
            </Icon>
          </IconStyle>
        </Style>
        <Point>
          <altitudeMode>absolute</altitudeMode>
          <coordinates>18.427963,-33.886631,243.84</coordinates>
        </Point>
      </Placemark>
      <Placemark>
        <name>2025-07-28 10:02:05 UTC</name>
        <description><![CDATA[<div><div><span><b>Altitude:</b></span> <span>700 ft</span></div>
<div><span><b>Speed:</b></span> <span>88 kt</span></div>
<div><span><b>Heading:</b></span> <span>113&deg;</span></div>
</div>]]></description>
        <TimeStamp>
          <when>2025-07-28T10:02:05+00:00</when>
        </TimeStamp>
        <Style>
          <IconStyle>
            <heading>113</heading>
            <Icon>
              <href>http://maps.google.com/mapfiles/kml/shapes/airports.png</href>
            </Icon>
          </IconStyle>
        </Style>
        <Point>
          <altitudeMode>absolute</altitudeMode>
          <coordinates>18.428764,-33.886864,213.36</coordinates>
        </Point>
      </Placemark>
      <Placemark>
        <name>2025-07-28 10:02:07 UTC</name>
        <description><![CDATA[<div><div><span><b>Altitude:</b></span> <span>700 ft</span></div>
<div><span><b>Speed:</b></span> <span>86 kt</span></div>
<div><span><b>Heading:</b></span> <span>122&deg;</span></div>
</div>]]></description>
        <TimeStamp>
          <when>2025-07-28T10:02:07+00:00</when>
        </TimeStamp>
        <Style>
          <IconStyle>
            <heading>122</heading>
            <Icon>
              <href>http://maps.google.com/mapfiles/kml/shapes/airports.png</href>
            </Icon>
          </IconStyle>
        </Style>
        <Point>
          <altitudeMode>absolute</altitudeMode>
          <coordinates>18.42979,-33.887329,213.36</coordinates>
        </Point>
      </Placemark>
      <Placemark>
        <name>2025-07-28 10:02:09 UTC</name>
        <description><![CDATA[<div><div><span><b>Altitude:</b></span> <span>700 ft</span></div>
<div><span><b>Speed:</b></span> <span>82 kt</span></div>
<div><span><b>Heading:</b></span> <span>135&deg;</span></div>
</div>]]></description>
        <TimeStamp>
          <when>2025-07-28T10:02:09+00:00</when>
        </TimeStamp>
        <Style>
          <IconStyle>
            <heading>135</heading>
            <Icon>
              <href>http://maps.google.com/mapfiles/kml/shapes/airports.png</href>
            </Icon>
          </IconStyle>
        </Style>
        <Point>
          <altitudeMode>absolute</altitudeMode>
          <coordinates>18.430424,-33.887794,213.36</coordinates>
        </Point>
      </Placemark>
      <Placemark>
        <name>2025-07-28 10:02:11 UTC</name>
        <description><![CDATA[<div><div><span><b>Altitude:</b></span> <span>600 ft</span></div>
<div><span><b>Speed:</b></span> <span>78 kt</span></div>
<div><span><b>Heading:</b></span> <span>146&deg;</span></div>
</div>]]></description>
        <TimeStamp>
          <when>2025-07-28T10:02:11+00:00</when>
        </TimeStamp>
        <Style>
          <IconStyle>
            <heading>146</heading>
            <Icon>
              <href>http://maps.google.com/mapfiles/kml/shapes/airports.png</href>
            </Icon>
          </IconStyle>
        </Style>
        <Point>
          <altitudeMode>absolute</altitudeMode>
          <coordinates>18.431053,-33.888447,182.88</coordinates>
        </Point>
      </Placemark>
      <Placemark>
        <name>2025-07-28 10:02:14 UTC</name>
        <description><![CDATA[<div><div><span><b>Altitude:</b></span> <span>600 ft</span></div>
<div><span><b>Speed:</b></span> <span>75 kt</span></div>
<div><span><b>Heading:</b></span> <span>161&deg;</span></div>
</div>]]></description>
        <TimeStamp>
          <when>2025-07-28T10:02:14+00:00</when>
        </TimeStamp>
        <Style>
          <IconStyle>
            <heading>161</heading>
            <Icon>
              <href>http://maps.google.com/mapfiles/kml/shapes/airports.png</href>
            </Icon>
          </IconStyle>
        </Style>
        <Point>
          <altitudeMode>absolute</altitudeMode>
          <coordinates>18.431511,-33.889191,182.88</coordinates>
        </Point>
      </Placemark>
      <Placemark>
        <name>2025-07-28 10:02:16 UTC</name>
        <description><![CDATA[<div><div><span><b>Altitude:</b></span> <span>500 ft</span></div>
<div><span><b>Speed:</b></span> <span>72 kt</span></div>
<div><span><b>Heading:</b></span> <span>172&deg;</span></div>
</div>]]></description>
        <TimeStamp>
          <when>2025-07-28T10:02:16+00:00</when>
        </TimeStamp>
        <Style>
          <IconStyle>
            <heading>172</heading>
            <Icon>
              <href>http://maps.google.com/mapfiles/kml/shapes/airports.png</href>
            </Icon>
          </IconStyle>
        </Style>
        <Point>
          <altitudeMode>absolute</altitudeMode>
          <coordinates>18.431696,-33.889984,152.4</coordinates>
        </Point>
      </Placemark>
      <Placemark>
        <name>2025-07-28 10:02:19 UTC</name>
        <description><![CDATA[<div><div><span><b>Altitude:</b></span> <span>500 ft</span></div>
<div><span><b>Speed:</b></span> <span>70 kt</span></div>
<div><span><b>Heading:</b></span> <span>181&deg;</span></div>
</div>]]></description>
        <TimeStamp>
          <when>2025-07-28T10:02:19+00:00</when>
        </TimeStamp>
        <Style>
          <IconStyle>
            <heading>181</heading>
            <Icon>
              <href>http://maps.google.com/mapfiles/kml/shapes/airports.png</href>
            </Icon>
          </IconStyle>
        </Style>
        <Point>
          <altitudeMode>absolute</altitudeMode>
          <coordinates>18.431696,-33.890808,152.4</coordinates>
        </Point>
      </Placemark>
      <Placemark>
        <name>2025-07-28 10:02:21 UTC</name>
        <description><![CDATA[<div><div><span><b>Altitude:</b></span> <span>500 ft</span></div>
<div><span><b>Speed:</b></span> <span>69 kt</span></div>
<div><span><b>Heading:</b></span> <span>192&deg;</span></div>
</div>]]></description>
        <TimeStamp>
          <when>2025-07-28T10:02:21+00:00</when>
        </TimeStamp>
        <Style>
          <IconStyle>
            <heading>192</heading>
            <Icon>
              <href>http://maps.google.com/mapfiles/kml/shapes/airports.png</href>
            </Icon>
          </IconStyle>
        </Style>
        <Point>
          <altitudeMode>absolute</altitudeMode>
          <coordinates>18.431528,-33.891632,152.4</coordinates>
        </Point>
      </Placemark>
      <Placemark>
        <name>2025-07-28 10:02:23 UTC</name>
        <description><![CDATA[<div><div><span><b>Altitude:</b></span> <span>400 ft</span></div>
<div><span><b>Speed:</b></span> <span>69 kt</span></div>
<div><span><b>Heading:</b></span> <span>197&deg;</span></div>
</div>]]></description>
        <TimeStamp>
          <when>2025-07-28T10:02:23+00:00</when>
        </TimeStamp>
        <Style>
          <IconStyle>
            <heading>197</heading>
            <Icon>
              <href>http://maps.google.com/mapfiles/kml/shapes/airports.png</href>
            </Icon>
          </IconStyle>
        </Style>
        <Point>
          <altitudeMode>absolute</altitudeMode>
          <coordinates>18.431303,-33.892273,121.92</coordinates>
        </Point>
      </Placemark>
      <Placemark>
        <name>2025-07-28 10:02:25 UTC</name>
        <description><![CDATA[<div><div><span><b>Altitude:</b></span> <span>400 ft</span></div>
<div><span><b>Speed:</b></span> <span>65 kt</span></div>
<div><span><b>Heading:</b></span> <span>202&deg;</span></div>
</div>]]></description>
        <TimeStamp>
          <when>2025-07-28T10:02:25+00:00</when>
        </TimeStamp>
        <Style>
          <IconStyle>
            <heading>202</heading>
            <Icon>
              <href>http://maps.google.com/mapfiles/kml/shapes/airports.png</href>
            </Icon>
          </IconStyle>
        </Style>
        <Point>
          <altitudeMode>absolute</altitudeMode>
          <coordinates>18.431023,-33.892822,121.92</coordinates>
        </Point>
      </Placemark>
      <Placemark>
        <name>2025-07-28 10:02:35 UTC</name>
        <description><![CDATA[<div><div><span><b>Altitude:</b></span> <span>200 ft</span></div>
<div><span><b>Speed:</b></span> <span>55 kt</span></div>
<div><span><b>Heading:</b></span> <span>209&deg;</span></div>
</div>]]></description>
        <TimeStamp>
          <when>2025-07-28T10:02:35+00:00</when>
        </TimeStamp>
        <Style>
          <IconStyle>
            <heading>209</heading>
            <Icon>
              <href>http://maps.google.com/mapfiles/kml/shapes/airports.png</href>
            </Icon>
          </IconStyle>
        </Style>
        <Point>
          <altitudeMode>absolute</altitudeMode>
          <coordinates>18.429508,-33.895195,60.96</coordinates>
        </Point>
      </Placemark>
      <Placemark>
        <name>2025-07-28 10:02:41 UTC</name>
        <description><![CDATA[<div><div><span><b>Altitude:</b></span> <span>100 ft</span></div>
<div><span><b>Speed:</b></span> <span>50 kt</span></div>
<div><span><b>Heading:</b></span> <span>207&deg;</span></div>
</div>]]></description>
        <TimeStamp>
          <when>2025-07-28T10:02:41+00:00</when>
        </TimeStamp>
        <Style>
          <IconStyle>
            <heading>207</heading>
            <Icon>
              <href>http://maps.google.com/mapfiles/kml/shapes/airports.png</href>
            </Icon>
          </IconStyle>
        </Style>
        <Point>
          <altitudeMode>absolute</altitudeMode>
          <coordinates>18.428724,-33.896439,30.48</coordinates>
        </Point>
      </Placemark>
      <Placemark>
        <name>2025-07-28 10:02:46 UTC</name>
        <description><![CDATA[<div><div><span><b>Altitude:</b></span> <span>0 ft</span></div>
<div><span><b>Speed:</b></span> <span>44 kt</span></div>
<div><span><b>Heading:</b></span> <span>203&deg;</span></div>
</div>]]></description>
        <TimeStamp>
          <when>2025-07-28T10:02:46+00:00</when>
        </TimeStamp>
        <Style>
          <IconStyle>
            <heading>203</heading>
            <Icon>
              <href>http://maps.google.com/mapfiles/kml/shapes/airports.png</href>
            </Icon>
          </IconStyle>
        </Style>
        <Point>
          <altitudeMode>absolute</altitudeMode>
          <coordinates>18.428135,-33.897526,0</coordinates>
        </Point>
      </Placemark>
      <Placemark>
        <name>2025-07-28 10:02:52 UTC</name>
        <description><![CDATA[<div><div><span><b>Altitude:</b></span> <span>0 ft</span></div>
<div><span><b>Speed:</b></span> <span>36 kt</span></div>
<div><span><b>Heading:</b></span> <span>197&deg;</span></div>
</div>]]></description>
        <TimeStamp>
          <when>2025-07-28T10:02:52+00:00</when>
        </TimeStamp>
        <Style>
          <IconStyle>
            <heading>197</heading>
            <Icon>
              <href>http://maps.google.com/mapfiles/kml/shapes/airports.png</href>
            </Icon>
          </IconStyle>
        </Style>
        <Point>
          <altitudeMode>absolute</altitudeMode>
          <coordinates>18.427677,-33.898502,0</coordinates>
        </Point>
      </Placemark>
      <Placemark>
        <name>2025-07-28 10:02:54 UTC</name>
        <description><![CDATA[<div><div><span><b>Altitude:</b></span> <span>0 ft</span></div>
<div><span><b>Speed:</b></span> <span>32 kt</span></div>
<div><span><b>Heading:</b></span> <span>194&deg;</span></div>
</div>]]></description>
        <TimeStamp>
          <when>2025-07-28T10:02:54+00:00</when>
        </TimeStamp>
        <Style>
          <IconStyle>
            <heading>194</heading>
            <Icon>
              <href>http://maps.google.com/mapfiles/kml/shapes/airports.png</href>
            </Icon>
          </IconStyle>
        </Style>
        <Point>
          <altitudeMode>absolute</altitudeMode>
          <coordinates>18.427603,-33.898727,0</coordinates>
        </Point>
      </Placemark>
      <Placemark>
        <name>2025-07-28 10:02:57 UTC</name>
        <description><![CDATA[<div><div><span><b>Altitude:</b></span> <span>0 ft</span></div>
<div><span><b>Speed:</b></span> <span>29 kt</span></div>
<div><span><b>Heading:</b></span> <span>191&deg;</span></div>
</div>]]></description>
        <TimeStamp>
          <when>2025-07-28T10:02:57+00:00</when>
        </TimeStamp>
        <Style>
          <IconStyle>
            <heading>191</heading>
            <Icon>
              <href>http://maps.google.com/mapfiles/kml/shapes/airports.png</href>
            </Icon>
          </IconStyle>
        </Style>
        <Point>
          <altitudeMode>absolute</altitudeMode>
          <coordinates>18.427492,-33.899139,0</coordinates>
        </Point>
      </Placemark>
      <Placemark>
        <name>2025-07-28 10:03:00 UTC</name>
        <description><![CDATA[<div><div><span><b>Altitude:</b></span> <span>0 ft</span></div>
<div><span><b>Speed:</b></span> <span>25 kt</span></div>
<div><span><b>Heading:</b></span> <span>193&deg;</span></div>
</div>]]></description>
        <TimeStamp>
          <when>2025-07-28T10:03:00+00:00</when>
        </TimeStamp>
        <Style>
          <IconStyle>
            <heading>193</heading>
            <Icon>
              <href>http://maps.google.com/mapfiles/kml/shapes/airports.png</href>
            </Icon>
          </IconStyle>
        </Style>
        <Point>
          <altitudeMode>absolute</altitudeMode>
          <coordinates>18.42738,-33.899689,0</coordinates>
        </Point>
      </Placemark>
      <Placemark>
        <name>2025-07-28 10:03:08 UTC</name>
        <description><![CDATA[<div><div><span><b>Altitude:</b></span> <span>0 ft</span></div>
<div><span><b>Speed:</b></span> <span>17 kt</span></div>
<div><span><b>Heading:</b></span> <span>203&deg;</span></div>
</div>]]></description>
        <TimeStamp>
          <when>2025-07-28T10:03:08+00:00</when>
        </TimeStamp>
        <Style>
          <IconStyle>
            <heading>203</heading>
            <Icon>
              <href>http://maps.google.com/mapfiles/kml/shapes/airports.png</href>
            </Icon>
          </IconStyle>
        </Style>
        <Point>
          <altitudeMode>absolute</altitudeMode>
          <coordinates>18.426987,-33.90033,0</coordinates>
        </Point>
      </Placemark>
      <Placemark>
        <name>2025-07-28 10:03:11 UTC</name>
        <description><![CDATA[<div><div><span><b>Altitude:</b></span> <span>0 ft</span></div>
<div><span><b>Speed:</b></span> <span>16 kt</span></div>
<div><span><b>Heading:</b></span> <span>176&deg;</span></div>
</div>]]></description>
        <TimeStamp>
          <when>2025-07-28T10:03:11+00:00</when>
        </TimeStamp>
        <Style>
          <IconStyle>
            <heading>176</heading>
            <Icon>
              <href>http://maps.google.com/mapfiles/kml/shapes/airports.png</href>
            </Icon>
          </IconStyle>
        </Style>
        <Point>
          <altitudeMode>absolute</altitudeMode>
          <coordinates>18.426931,-33.900558,0</coordinates>
        </Point>
      </Placemark>
      <Placemark>
        <name>2025-07-28 10:03:16 UTC</name>
        <description><![CDATA[<div><div><span><b>Altitude:</b></span> <span>0 ft</span></div>
<div><span><b>Speed:</b></span> <span>12 kt</span></div>
<div><span><b>Heading:</b></span> <span>155&deg;</span></div>
</div>]]></description>
        <TimeStamp>
          <when>2025-07-28T10:03:16+00:00</when>
        </TimeStamp>
        <Style>
          <IconStyle>
            <heading>155</heading>
            <Icon>
              <href>http://maps.google.com/mapfiles/kml/shapes/airports.png</href>
            </Icon>
          </IconStyle>
        </Style>
        <Point>
          <altitudeMode>absolute</altitudeMode>
          <coordinates>18.427105,-33.900829,0</coordinates>
        </Point>
      </Placemark>
      <Placemark>
        <name>2025-07-28 10:03:23 UTC</name>
        <description><![CDATA[<div><div><span><b>Altitude:</b></span> <span>0 ft</span></div>
<div><span><b>Speed:</b></span> <span>6 kt</span></div>
<div><span><b>Heading:</b></span> <span>205&deg;</span></div>
</div>]]></description>
        <TimeStamp>
          <when>2025-07-28T10:03:23+00:00</when>
        </TimeStamp>
        <Style>
          <IconStyle>
            <heading>205</heading>
            <Icon>
              <href>http://maps.google.com/mapfiles/kml/shapes/airports.png</href>
            </Icon>
          </IconStyle>
        </Style>
        <Point>
          <altitudeMode>absolute</altitudeMode>
          <coordinates>18.42712,-33.901085,0</coordinates>
        </Point>
      </Placemark>
      <Placemark>
        <name>2025-07-28 10:10:23 UTC</name>
        <description><![CDATA[<div><div><span><b>Altitude:</b></span> <span>0 ft</span></div>
<div><span><b>Speed:</b></span> <span>40 kt</span></div>
<div><span><b>Heading:</b></span> <span>92&deg;</span></div>
</div>]]></description>
        <TimeStamp>
          <when>2025-07-28T10:10:23+00:00</when>
        </TimeStamp>
        <Style>
          <IconStyle>
            <heading>92</heading>
            <Icon>
              <href>http://maps.google.com/mapfiles/kml/shapes/airports.png</href>
            </Icon>
          </IconStyle>
        </Style>
        <Point>
          <altitudeMode>absolute</altitudeMode>
          <coordinates>18.428364,-33.901249,0</coordinates>
        </Point>
      </Placemark>
      <Placemark>
        <name>2025-07-28 10:10:30 UTC</name>
        <description><![CDATA[<div><div><span><b>Altitude:</b></span> <span>100 ft</span></div>
<div><span><b>Speed:</b></span> <span>49 kt</span></div>
<div><span><b>Heading:</b></span> <span>91&deg;</span></div>
</div>]]></description>
        <TimeStamp>
          <when>2025-07-28T10:10:30+00:00</when>
        </TimeStamp>
        <Style>
          <IconStyle>
            <heading>91</heading>
            <Icon>
              <href>http://maps.google.com/mapfiles/kml/shapes/airports.png</href>
            </Icon>
          </IconStyle>
        </Style>
        <Point>
          <altitudeMode>absolute</altitudeMode>
          <coordinates>18.430424,-33.901295,30.48</coordinates>
        </Point>
      </Placemark>
      <Placemark>
        <name>2025-07-28 10:10:37 UTC</name>
        <description><![CDATA[<div><div><span><b>Altitude:</b></span> <span>200 ft</span></div>
<div><span><b>Speed:</b></span> <span>56 kt</span></div>
<div><span><b>Heading:</b></span> <span>87&deg;</span></div>
</div>]]></description>
        <TimeStamp>
          <when>2025-07-28T10:10:37+00:00</when>
        </TimeStamp>
        <Style>
          <IconStyle>
            <heading>87</heading>
            <Icon>
              <href>http://maps.google.com/mapfiles/kml/shapes/airports.png</href>
            </Icon>
          </IconStyle>
        </Style>
        <Point>
          <altitudeMode>absolute</altitudeMode>
          <coordinates>18.432367,-33.901291,60.96</coordinates>
        </Point>
      </Placemark>
      <Placemark>
        <name>2025-07-28 10:10:39 UTC</name>
        <description><![CDATA[<div><div><span><b>Altitude:</b></span> <span>200 ft</span></div>
<div><span><b>Speed:</b></span> <span>57 kt</span></div>
<div><span><b>Heading:</b></span> <span>85&deg;</span></div>
</div>]]></description>
        <TimeStamp>
          <when>2025-07-28T10:10:39+00:00</when>
        </TimeStamp>
        <Style>
          <IconStyle>
            <heading>85</heading>
            <Icon>
              <href>http://maps.google.com/mapfiles/kml/shapes/airports.png</href>
            </Icon>
          </IconStyle>
        </Style>
        <Point>
          <altitudeMode>absolute</altitudeMode>
          <coordinates>18.43317,-33.901249,60.96</coordinates>
        </Point>
      </Placemark>
      <Placemark>
        <name>2025-07-28 10:10:41 UTC</name>
        <description><![CDATA[<div><div><span><b>Altitude:</b></span> <span>300 ft</span></div>
<div><span><b>Speed:</b></span> <span>58 kt</span></div>
<div><span><b>Heading:</b></span> <span>81&deg;</span></div>
</div>]]></description>
        <TimeStamp>
          <when>2025-07-28T10:10:41+00:00</when>
        </TimeStamp>
        <Style>
          <IconStyle>
            <heading>81</heading>
            <Icon>
              <href>http://maps.google.com/mapfiles/kml/shapes/airports.png</href>
            </Icon>
          </IconStyle>
        </Style>
        <Point>
          <altitudeMode>absolute</altitudeMode>
          <coordinates>18.433685,-33.901203,91.44</coordinates>
        </Point>
      </Placemark>
      <Placemark>
        <name>2025-07-28 10:10:43 UTC</name>
        <description><![CDATA[<div><div><span><b>Altitude:</b></span> <span>300 ft</span></div>
<div><span><b>Speed:</b></span> <span>59 kt</span></div>
<div><span><b>Heading:</b></span> <span>76&deg;</span></div>
</div>]]></description>
        <TimeStamp>
          <when>2025-07-28T10:10:43+00:00</when>
        </TimeStamp>
        <Style>
          <IconStyle>
            <heading>76</heading>
            <Icon>
              <href>http://maps.google.com/mapfiles/kml/shapes/airports.png</href>
            </Icon>
          </IconStyle>
        </Style>
        <Point>
          <altitudeMode>absolute</altitudeMode>
          <coordinates>18.434498,-33.901062,91.44</coordinates>
        </Point>
      </Placemark>
      <Placemark>
        <name>2025-07-28 10:10:45 UTC</name>
        <description><![CDATA[<div><div><span><b>Altitude:</b></span> <span>300 ft</span></div>
<div><span><b>Speed:</b></span> <span>61 kt</span></div>
<div><span><b>Heading:</b></span> <span>70&deg;</span></div>
</div>]]></description>
        <TimeStamp>
          <when>2025-07-28T10:10:45+00:00</when>
        </TimeStamp>
        <Style>
          <IconStyle>
            <heading>70</heading>
            <Icon>
              <href>http://maps.google.com/mapfiles/kml/shapes/airports.png</href>
            </Icon>
          </IconStyle>
        </Style>
        <Point>
          <altitudeMode>absolute</altitudeMode>
          <coordinates>18.435173,-33.900875,91.44</coordinates>
        </Point>
      </Placemark>
      <Placemark>
        <name>2025-07-28 10:10:47 UTC</name>
        <description><![CDATA[<div><div><span><b>Altitude:</b></span> <span>400 ft</span></div>
<div><span><b>Speed:</b></span> <span>62 kt</span></div>
<div><span><b>Heading:</b></span> <span>63&deg;</span></div>
</div>]]></description>
        <TimeStamp>
          <when>2025-07-28T10:10:47+00:00</when>
        </TimeStamp>
        <Style>
          <IconStyle>
            <heading>63</heading>
            <Icon>
              <href>http://maps.google.com/mapfiles/kml/shapes/airports.png</href>
            </Icon>
          </IconStyle>
        </Style>
        <Point>
          <altitudeMode>absolute</altitudeMode>
          <coordinates>18.435843,-33.900604,121.92</coordinates>
        </Point>
      </Placemark>
      <Placemark>
        <name>2025-07-28 10:10:50 UTC</name>
        <description><![CDATA[<div><div><span><b>Altitude:</b></span> <span>400 ft</span></div>
<div><span><b>Speed:</b></span> <span>64 kt</span></div>
<div><span><b>Heading:</b></span> <span>61&deg;</span></div>
</div>]]></description>
        <TimeStamp>
          <when>2025-07-28T10:10:50+00:00</when>
        </TimeStamp>
        <Style>
          <IconStyle>
            <heading>61</heading>
            <Icon>
              <href>http://maps.google.com/mapfiles/kml/shapes/airports.png</href>
            </Icon>
          </IconStyle>
        </Style>
        <Point>
          <altitudeMode>absolute</altitudeMode>
          <coordinates>18.436293,-33.900421,121.92</coordinates>
        </Point>
      </Placemark>
      <Placemark>
        <name>2025-07-28 10:10:52 UTC</name>
        <description><![CDATA[<div><div><span><b>Altitude:</b></span> <span>400 ft</span></div>
<div><span><b>Speed:</b></span> <span>65 kt</span></div>
<div><span><b>Heading:</b></span> <span>54&deg;</span></div>
</div>]]></description>
        <TimeStamp>
          <when>2025-07-28T10:10:52+00:00</when>
        </TimeStamp>
        <Style>
          <IconStyle>
            <heading>54</heading>
            <Icon>
              <href>http://maps.google.com/mapfiles/kml/shapes/airports.png</href>
            </Icon>
          </IconStyle>
        </Style>
        <Point>
          <altitudeMode>absolute</altitudeMode>
          <coordinates>18.437061,-33.89999,121.92</coordinates>
        </Point>
      </Placemark>
      <Placemark>
        <name>2025-07-28 10:10:54 UTC</name>
        <description><![CDATA[<div><div><span><b>Altitude:</b></span> <span>500 ft</span></div>
<div><span><b>Speed:</b></span> <span>64 kt</span></div>
<div><span><b>Heading:</b></span> <span>48&deg;</span></div>
</div>]]></description>
        <TimeStamp>
          <when>2025-07-28T10:10:54+00:00</when>
        </TimeStamp>
        <Style>
          <IconStyle>
            <heading>48</heading>
            <Icon>
              <href>http://maps.google.com/mapfiles/kml/shapes/airports.png</href>
            </Icon>
          </IconStyle>
        </Style>
        <Point>
          <altitudeMode>absolute</altitudeMode>
          <coordinates>18.437693,-33.899551,152.4</coordinates>
        </Point>
      </Placemark>
      <Placemark>
        <name>2025-07-28 10:10:56 UTC</name>
        <description><![CDATA[<div><div><span><b>Altitude:</b></span> <span>500 ft</span></div>
<div><span><b>Speed:</b></span> <span>67 kt</span></div>
<div><span><b>Heading:</b></span> <span>45&deg;</span></div>
</div>]]></description>
        <TimeStamp>
          <when>2025-07-28T10:10:56+00:00</when>
        </TimeStamp>
        <Style>
          <IconStyle>
            <heading>45</heading>
            <Icon>
              <href>http://maps.google.com/mapfiles/kml/shapes/airports.png</href>
            </Icon>
          </IconStyle>
        </Style>
        <Point>
          <altitudeMode>absolute</altitudeMode>
          <coordinates>18.438366,-33.899002,152.4</coordinates>
        </Point>
      </Placemark>
      <Placemark>
        <name>2025-07-28 10:10:58 UTC</name>
        <description><![CDATA[<div><div><span><b>Altitude:</b></span> <span>600 ft</span></div>
<div><span><b>Speed:</b></span> <span>68 kt</span></div>
<div><span><b>Heading:</b></span> <span>40&deg;</span></div>
</div>]]></description>
        <TimeStamp>
          <when>2025-07-28T10:10:58+00:00</when>
        </TimeStamp>
        <Style>
          <IconStyle>
            <heading>40</heading>
            <Icon>
              <href>http://maps.google.com/mapfiles/kml/shapes/airports.png</href>
            </Icon>
          </IconStyle>
        </Style>
        <Point>
          <altitudeMode>absolute</altitudeMode>
          <coordinates>18.438892,-33.898502,182.88</coordinates>
        </Point>
      </Placemark>
      <Placemark>
        <name>2025-07-28 10:11:01 UTC</name>
        <description><![CDATA[<div><div><span><b>Altitude:</b></span> <span>600 ft</span></div>
<div><span><b>Speed:</b></span> <span>69 kt</span></div>
<div><span><b>Heading:</b></span> <span>33&deg;</span></div>
</div>]]></description>
        <TimeStamp>
          <when>2025-07-28T10:11:01+00:00</when>
        </TimeStamp>
        <Style>
          <IconStyle>
            <heading>33</heading>
            <Icon>
              <href>http://maps.google.com/mapfiles/kml/shapes/airports.png</href>
            </Icon>
          </IconStyle>
        </Style>
        <Point>
          <altitudeMode>absolute</altitudeMode>
          <coordinates>18.439407,-33.897896,182.88</coordinates>
        </Point>
      </Placemark>
      <Placemark>
        <name>2025-07-28 10:11:03 UTC</name>
        <description><![CDATA[<div><div><span><b>Altitude:</b></span> <span>600 ft</span></div>
<div><span><b>Speed:</b></span> <span>68 kt</span></div>
<div><span><b>Heading:</b></span> <span>25&deg;</span></div>
</div>]]></description>
        <TimeStamp>
          <when>2025-07-28T10:11:03+00:00</when>
        </TimeStamp>
        <Style>
          <IconStyle>
            <heading>25</heading>
            <Icon>
              <href>http://maps.google.com/mapfiles/kml/shapes/airports.png</href>
            </Icon>
          </IconStyle>
        </Style>
        <Point>
          <altitudeMode>absolute</altitudeMode>
          <coordinates>18.439823,-33.897263,182.88</coordinates>
        </Point>
      </Placemark>
      <Placemark>
        <name>2025-07-28 10:11:05 UTC</name>
        <description><![CDATA[<div><div><span><b>Altitude:</b></span> <span>700 ft</span></div>
<div><span><b>Speed:</b></span> <span>69 kt</span></div>
<div><span><b>Heading:</b></span> <span>21&deg;</span></div>
</div>]]></description>
        <TimeStamp>
          <when>2025-07-28T10:11:05+00:00</when>
        </TimeStamp>
        <Style>
          <IconStyle>
            <heading>21</heading>
            <Icon>
              <href>http://maps.google.com/mapfiles/kml/shapes/airports.png</href>
            </Icon>
          </IconStyle>
        </Style>
        <Point>
          <altitudeMode>absolute</altitudeMode>
          <coordinates>18.440151,-33.896687,213.36</coordinates>
        </Point>
      </Placemark>
      <Placemark>
        <name>2025-07-28 10:11:07 UTC</name>
        <description><![CDATA[<div><div><span><b>Altitude:</b></span> <span>700 ft</span></div>
<div><span><b>Speed:</b></span> <span>70 kt</span></div>
<div><span><b>Heading:</b></span> <span>16&deg;</span></div>
</div>]]></description>
        <TimeStamp>
          <when>2025-07-28T10:11:07+00:00</when>
        </TimeStamp>
        <Style>
          <IconStyle>
            <heading>16</heading>
            <Icon>
              <href>http://maps.google.com/mapfiles/kml/shapes/airports.png</href>
            </Icon>
          </IconStyle>
        </Style>
        <Point>
          <altitudeMode>absolute</altitudeMode>
          <coordinates>18.44038,-33.896034,213.36</coordinates>
        </Point>
      </Placemark>
      <Placemark>
        <name>2025-07-28 10:11:09 UTC</name>
        <description><![CDATA[<div><div><span><b>Altitude:</b></span> <span>800 ft</span></div>
<div><span><b>Speed:</b></span> <span>70 kt</span></div>
<div><span><b>Heading:</b></span> <span>12&deg;</span></div>
</div>]]></description>
        <TimeStamp>
          <when>2025-07-28T10:11:09+00:00</when>
        </TimeStamp>
        <Style>
          <IconStyle>
            <heading>12</heading>
            <Icon>
              <href>http://maps.google.com/mapfiles/kml/shapes/airports.png</href>
            </Icon>
          </IconStyle>
        </Style>
        <Point>
          <altitudeMode>absolute</altitudeMode>
          <coordinates>18.440609,-33.895195,243.84</coordinates>
        </Point>
      </Placemark>
      <Placemark>
        <name>2025-07-28 10:11:12 UTC</name>
        <description><![CDATA[<div><div><span><b>Altitude:</b></span> <span>800 ft</span></div>
<div><span><b>Speed:</b></span> <span>72 kt</span></div>
<div><span><b>Heading:</b></span> <span>5&deg;</span></div>
</div>]]></description>
        <TimeStamp>
          <when>2025-07-28T10:11:12+00:00</when>
        </TimeStamp>
        <Style>
          <IconStyle>
            <heading>5</heading>
            <Icon>
              <href>http://maps.google.com/mapfiles/kml/shapes/airports.png</href>
            </Icon>
          </IconStyle>
        </Style>
        <Point>
          <altitudeMode>absolute</altitudeMode>
          <coordinates>18.44072,-33.894699,243.84</coordinates>
        </Point>
      </Placemark>
      <Placemark>
        <name>2025-07-28 10:11:14 UTC</name>
        <description><![CDATA[<div><div><span><b>Altitude:</b></span> <span>800 ft</span></div>
<div><span><b>Speed:</b></span> <span>73 kt</span></div>
<div><span><b>Heading:</b></span> <span>2&deg;</span></div>
</div>]]></description>
        <TimeStamp>
          <when>2025-07-28T10:11:14+00:00</when>
        </TimeStamp>
        <Style>
          <IconStyle>
            <heading>2</heading>
            <Icon>
              <href>http://maps.google.com/mapfiles/kml/shapes/airports.png</href>
            </Icon>
          </IconStyle>
        </Style>
        <Point>
          <altitudeMode>absolute</altitudeMode>
          <coordinates>18.440838,-33.893661,243.84</coordinates>
        </Point>
      </Placemark>
      <Placemark>
        <name>2025-07-28 10:11:16 UTC</name>
        <description><![CDATA[<div><div><span><b>Altitude:</b></span> <span>800 ft</span></div>
<div><span><b>Speed:</b></span> <span>75 kt</span></div>
<div><span><b>Heading:</b></span> <span>358&deg;</span></div>
</div>]]></description>
        <TimeStamp>
          <when>2025-07-28T10:11:16+00:00</when>
        </TimeStamp>
        <Style>
          <IconStyle>
            <heading>358</heading>
            <Icon>
              <href>http://maps.google.com/mapfiles/kml/shapes/airports.png</href>
            </Icon>
          </IconStyle>
        </Style>
        <Point>
          <altitudeMode>absolute</altitudeMode>
          <coordinates>18.440832,-33.89296,243.84</coordinates>
        </Point>
      </Placemark>
      <Placemark>
        <name>2025-07-28 10:11:18 UTC</name>
        <description><![CDATA[<div><div><span><b>Altitude:</b></span> <span>900 ft</span></div>
<div><span><b>Speed:</b></span> <span>77 kt</span></div>
<div><span><b>Heading:</b></span> <span>355&deg;</span></div>
</div>]]></description>
        <TimeStamp>
          <when>2025-07-28T10:11:18+00:00</when>
        </TimeStamp>
        <Style>
          <IconStyle>
            <heading>355</heading>
            <Icon>
              <href>http://maps.google.com/mapfiles/kml/shapes/airports.png</href>
            </Icon>
          </IconStyle>
        </Style>
        <Point>
          <altitudeMode>absolute</altitudeMode>
          <coordinates>18.44072,-33.892136,274.32</coordinates>
        </Point>
      </Placemark>
      <Placemark>
        <name>2025-07-28 10:11:21 UTC</name>
        <description><![CDATA[<div><div><span><b>Altitude:</b></span> <span>900 ft</span></div>
<div><span><b>Speed:</b></span> <span>78 kt</span></div>
<div><span><b>Heading:</b></span> <span>351&deg;</span></div>
</div>]]></description>
        <TimeStamp>
          <when>2025-07-28T10:11:21+00:00</when>
        </TimeStamp>
        <Style>
          <IconStyle>
            <heading>351</heading>
            <Icon>
              <href>http://maps.google.com/mapfiles/kml/shapes/airports.png</href>
            </Icon>
          </IconStyle>
        </Style>
        <Point>
          <altitudeMode>absolute</altitudeMode>
          <coordinates>18.440666,-33.891518,274.32</coordinates>
        </Point>
      </Placemark>
      <Placemark>
        <name>2025-07-28 10:11:23 UTC</name>
        <description><![CDATA[<div><div><span><b>Altitude:</b></span> <span>900 ft</span></div>
<div><span><b>Speed:</b></span> <span>80 kt</span></div>
<div><span><b>Heading:</b></span> <span>349&deg;</span></div>
</div>]]></description>
        <TimeStamp>
          <when>2025-07-28T10:11:23+00:00</when>
        </TimeStamp>
        <Style>
          <IconStyle>
            <heading>349</heading>
            <Icon>
              <href>http://maps.google.com/mapfiles/kml/shapes/airports.png</href>
            </Icon>
          </IconStyle>
        </Style>
        <Point>
          <altitudeMode>absolute</altitudeMode>
          <coordinates>18.440439,-33.890625,274.32</coordinates>
        </Point>
      </Placemark>
      <Placemark>
        <name>2025-07-28 10:11:25 UTC</name>
        <description><![CDATA[<div><div><span><b>Altitude:</b></span> <span>1,000 ft</span></div>
<div><span><b>Speed:</b></span> <span>81 kt</span></div>
<div><span><b>Heading:</b></span> <span>347&deg;</span></div>
</div>]]></description>
        <TimeStamp>
          <when>2025-07-28T10:11:25+00:00</when>
        </TimeStamp>
        <Style>
          <IconStyle>
            <heading>347</heading>
            <Icon>
              <href>http://maps.google.com/mapfiles/kml/shapes/airports.png</href>
            </Icon>
          </IconStyle>
        </Style>
        <Point>
          <altitudeMode>absolute</altitudeMode>
          <coordinates>18.440208,-33.889702,304.8</coordinates>
        </Point>
      </Placemark>
      <Placemark>
        <name>2025-07-28 10:11:27 UTC</name>
        <description><![CDATA[<div><div><span><b>Altitude:</b></span> <span>1,000 ft</span></div>
<div><span><b>Speed:</b></span> <span>82 kt</span></div>
<div><span><b>Heading:</b></span> <span>344&deg;</span></div>
</div>]]></description>
        <TimeStamp>
          <when>2025-07-28T10:11:27+00:00</when>
        </TimeStamp>
        <Style>
          <IconStyle>
            <heading>344</heading>
            <Icon>
              <href>http://maps.google.com/mapfiles/kml/shapes/airports.png</href>
            </Icon>
          </IconStyle>
        </Style>
        <Point>
          <altitudeMode>absolute</altitudeMode>
          <coordinates>18.439991,-33.889023,304.8</coordinates>
        </Point>
      </Placemark>
      <Placemark>
        <name>2025-07-28 10:11:29 UTC</name>
        <description><![CDATA[<div><div><span><b>Altitude:</b></span> <span>1,000 ft</span></div>
<div><span><b>Speed:</b></span> <span>82 kt</span></div>
<div><span><b>Heading:</b></span> <span>341&deg;</span></div>
</div>]]></description>
        <TimeStamp>
          <when>2025-07-28T10:11:29+00:00</when>
        </TimeStamp>
        <Style>
          <IconStyle>
            <heading>341</heading>
            <Icon>
              <href>http://maps.google.com/mapfiles/kml/shapes/airports.png</href>
            </Icon>
          </IconStyle>
        </Style>
        <Point>
          <altitudeMode>absolute</altitudeMode>
          <coordinates>18.439693,-33.88826,304.8</coordinates>
        </Point>
      </Placemark>
      <Placemark>
        <name>2025-07-28 10:11:31 UTC</name>
        <description><![CDATA[<div><div><span><b>Altitude:</b></span> <span>1,000 ft</span></div>
<div><span><b>Speed:</b></span> <span>83 kt</span></div>
<div><span><b>Heading:</b></span> <span>338&deg;</span></div>
</div>]]></description>
        <TimeStamp>
          <when>2025-07-28T10:11:31+00:00</when>
        </TimeStamp>
        <Style>
          <IconStyle>
            <heading>338</heading>
            <Icon>
              <href>http://maps.google.com/mapfiles/kml/shapes/airports.png</href>
            </Icon>
          </IconStyle>
        </Style>
        <Point>
          <altitudeMode>absolute</altitudeMode>
          <coordinates>18.43935,-33.887421,304.8</coordinates>
        </Point>
      </Placemark>
      <Placemark>
        <name>2025-07-28 10:11:33 UTC</name>
        <description><![CDATA[<div><div><span><b>Altitude:</b></span> <span>1,100 ft</span></div>
<div><span><b>Speed:</b></span> <span>84 kt</span></div>
<div><span><b>Heading:</b></span> <span>336&deg;</span></div>
</div>]]></description>
        <TimeStamp>
          <when>2025-07-28T10:11:33+00:00</when>
        </TimeStamp>
        <Style>
          <IconStyle>
            <heading>336</heading>
            <Icon>
              <href>http://maps.google.com/mapfiles/kml/shapes/airports.png</href>
            </Icon>
          </IconStyle>
        </Style>
        <Point>
          <altitudeMode>absolute</altitudeMode>
          <coordinates>18.438982,-33.886688,335.28</coordinates>
        </Point>
      </Placemark>
      <Placemark>
        <name>2025-07-28 10:11:36 UTC</name>
        <description><![CDATA[<div><div><span><b>Altitude:</b></span> <span>1,100 ft</span></div>
<div><span><b>Speed:</b></span> <span>84 kt</span></div>
<div><span><b>Heading:</b></span> <span>334&deg;</span></div>
</div>]]></description>
        <TimeStamp>
          <when>2025-07-28T10:11:36+00:00</when>
        </TimeStamp>
        <Style>
          <IconStyle>
            <heading>334</heading>
            <Icon>
              <href>http://maps.google.com/mapfiles/kml/shapes/airports.png</href>
            </Icon>
          </IconStyle>
        </Style>
        <Point>
          <altitudeMode>absolute</altitudeMode>
          <coordinates>18.438549,-33.885933,335.28</coordinates>
        </Point>
      </Placemark>
      <Placemark>
        <name>2025-07-28 10:11:38 UTC</name>
        <description><![CDATA[<div><div><span><b>Altitude:</b></span> <span>1,100 ft</span></div>
<div><span><b>Speed:</b></span> <span>86 kt</span></div>
<div><span><b>Heading:</b></span> <span>330&deg;</span></div>
</div>]]></description>
        <TimeStamp>
          <when>2025-07-28T10:11:38+00:00</when>
        </TimeStamp>
        <Style>
          <IconStyle>
            <heading>330</heading>
            <Icon>
              <href>http://maps.google.com/mapfiles/kml/shapes/airports.png</href>
            </Icon>
          </IconStyle>
        </Style>
        <Point>
          <altitudeMode>absolute</altitudeMode>
          <coordinates>18.43803,-33.885178,335.28</coordinates>
        </Point>
      </Placemark>
      <Placemark>
        <name>2025-07-28 10:11:40 UTC</name>
        <description><![CDATA[<div><div><span><b>Altitude:</b></span> <span>1,200 ft</span></div>
<div><span><b>Speed:</b></span> <span>86 kt</span></div>
<div><span><b>Heading:</b></span> <span>327&deg;</span></div>
</div>]]></description>
        <TimeStamp>
          <when>2025-07-28T10:11:40+00:00</when>
        </TimeStamp>
        <Style>
          <IconStyle>
            <heading>327</heading>
            <Icon>
              <href>http://maps.google.com/mapfiles/kml/shapes/airports.png</href>
            </Icon>
          </IconStyle>
        </Style>
        <Point>
          <altitudeMode>absolute</altitudeMode>
          <coordinates>18.437576,-33.884583,365.76</coordinates>
        </Point>
      </Placemark>
      <Placemark>
        <name>2025-07-28 10:11:42 UTC</name>
        <description><![CDATA[<div><div><span><b>Altitude:</b></span> <span>1,200 ft</span></div>
<div><span><b>Speed:</b></span> <span>86 kt</span></div>
<div><span><b>Heading:</b></span> <span>325&deg;</span></div>
</div>]]></description>
        <TimeStamp>
          <when>2025-07-28T10:11:42+00:00</when>
        </TimeStamp>
        <Style>
          <IconStyle>
            <heading>325</heading>
            <Icon>
              <href>http://maps.google.com/mapfiles/kml/shapes/airports.png</href>
            </Icon>
          </IconStyle>
        </Style>
        <Point>
          <altitudeMode>absolute</altitudeMode>
          <coordinates>18.43689,-33.883743,365.76</coordinates>
        </Point>
      </Placemark>
      <Placemark>
        <name>2025-07-28 10:11:45 UTC</name>
        <description><![CDATA[<div><div><span><b>Altitude:</b></span> <span>1,200 ft</span></div>
<div><span><b>Speed:</b></span> <span>87 kt</span></div>
<div><span><b>Heading:</b></span> <span>322&deg;</span></div>
</div>]]></description>
        <TimeStamp>
          <when>2025-07-28T10:11:45+00:00</when>
        </TimeStamp>
        <Style>
          <IconStyle>
            <heading>322</heading>
            <Icon>
              <href>http://maps.google.com/mapfiles/kml/shapes/airports.png</href>
            </Icon>
          </IconStyle>
        </Style>
        <Point>
          <altitudeMode>absolute</altitudeMode>
          <coordinates>18.43618,-33.882935,365.76</coordinates>
        </Point>
      </Placemark>
      <Placemark>
        <name>2025-07-28 10:11:47 UTC</name>
        <description><![CDATA[<div><div><span><b>Altitude:</b></span> <span>1,300 ft</span></div>
<div><span><b>Speed:</b></span> <span>87 kt</span></div>
<div><span><b>Heading:</b></span> <span>319&deg;</span></div>
</div>]]></description>
        <TimeStamp>
          <when>2025-07-28T10:11:47+00:00</when>
        </TimeStamp>
        <Style>
          <IconStyle>
            <heading>319</heading>
            <Icon>
              <href>http://maps.google.com/mapfiles/kml/shapes/airports.png</href>
            </Icon>
          </IconStyle>
        </Style>
        <Point>
          <altitudeMode>absolute</altitudeMode>
          <coordinates>18.435562,-33.882294,396.24</coordinates>
        </Point>
      </Placemark>
      <Placemark>
        <name>2025-07-28 10:11:49 UTC</name>
        <description><![CDATA[<div><div><span><b>Altitude:</b></span> <span>1,300 ft</span></div>
<div><span><b>Speed:</b></span> <span>87 kt</span></div>
<div><span><b>Heading:</b></span> <span>316&deg;</span></div>
</div>]]></description>
        <TimeStamp>
          <when>2025-07-28T10:11:49+00:00</when>
        </TimeStamp>
        <Style>
          <IconStyle>
            <heading>316</heading>
            <Icon>
              <href>http://maps.google.com/mapfiles/kml/shapes/airports.png</href>
            </Icon>
          </IconStyle>
        </Style>
        <Point>
          <altitudeMode>absolute</altitudeMode>
          <coordinates>18.434723,-33.881516,396.24</coordinates>
        </Point>
      </Placemark>
      <Placemark>
        <name>2025-07-28 10:11:51 UTC</name>
        <description><![CDATA[<div><div><span><b>Altitude:</b></span> <span>1,300 ft</span></div>
<div><span><b>Speed:</b></span> <span>88 kt</span></div>
<div><span><b>Heading:</b></span> <span>314&deg;</span></div>
</div>]]></description>
        <TimeStamp>
          <when>2025-07-28T10:11:51+00:00</when>
        </TimeStamp>
        <Style>
          <IconStyle>
            <heading>314</heading>
            <Icon>
              <href>http://maps.google.com/mapfiles/kml/shapes/airports.png</href>
            </Icon>
          </IconStyle>
        </Style>
        <Point>
          <altitudeMode>absolute</altitudeMode>
          <coordinates>18.433971,-33.880905,396.24</coordinates>
        </Point>
      </Placemark>
      <Placemark>
        <name>2025-07-28 10:11:54 UTC</name>
        <description><![CDATA[<div><div><span><b>Altitude:</b></span> <span>1,300 ft</span></div>
<div><span><b>Speed:</b></span> <span>88 kt</span></div>
<div><span><b>Heading:</b></span> <span>312&deg;</span></div>
</div>]]></description>
        <TimeStamp>
          <when>2025-07-28T10:11:54+00:00</when>
        </TimeStamp>
        <Style>
          <IconStyle>
            <heading>312</heading>
            <Icon>
              <href>http://maps.google.com/mapfiles/kml/shapes/airports.png</href>
            </Icon>
          </IconStyle>
        </Style>
        <Point>
          <altitudeMode>absolute</altitudeMode>
          <coordinates>18.433266,-33.880371,396.24</coordinates>
        </Point>
      </Placemark>
      <Placemark>
        <name>2025-07-28 10:11:56 UTC</name>
        <description><![CDATA[<div><div><span><b>Altitude:</b></span> <span>1,400 ft</span></div>
<div><span><b>Speed:</b></span> <span>89 kt</span></div>
<div><span><b>Heading:</b></span> <span>311&deg;</span></div>
</div>]]></description>
        <TimeStamp>
          <when>2025-07-28T10:11:56+00:00</when>
        </TimeStamp>
        <Style>
          <IconStyle>
            <heading>311</heading>
            <Icon>
              <href>http://maps.google.com/mapfiles/kml/shapes/airports.png</href>
            </Icon>
          </IconStyle>
        </Style>
        <Point>
          <altitudeMode>absolute</altitudeMode>
          <coordinates>18.43248,-33.879776,426.72</coordinates>
        </Point>
      </Placemark>
      <Placemark>
        <name>2025-07-28 10:11:58 UTC</name>
        <description><![CDATA[<div><div><span><b>Altitude:</b></span> <span>1,400 ft</span></div>
<div><span><b>Speed:</b></span> <span>89 kt</span></div>
<div><span><b>Heading:</b></span> <span>309&deg;</span></div>
</div>]]></description>
        <TimeStamp>
          <when>2025-07-28T10:11:58+00:00</when>
        </TimeStamp>
        <Style>
          <IconStyle>
            <heading>309</heading>
            <Icon>
              <href>http://maps.google.com/mapfiles/kml/shapes/airports.png</href>
            </Icon>
          </IconStyle>
        </Style>
        <Point>
          <altitudeMode>absolute</altitudeMode>
          <coordinates>18.431471,-33.879044,426.72</coordinates>
        </Point>
      </Placemark>
      <Placemark>
        <name>2025-07-28 10:12:00 UTC</name>
        <description><![CDATA[<div><div><span><b>Altitude:</b></span> <span>1,400 ft</span></div>
<div><span><b>Speed:</b></span> <span>89 kt</span></div>
<div><span><b>Heading:</b></span> <span>308&deg;</span></div>
</div>]]></description>
        <TimeStamp>
          <when>2025-07-28T10:12:00+00:00</when>
        </TimeStamp>
        <Style>
          <IconStyle>
            <heading>308</heading>
            <Icon>
              <href>http://maps.google.com/mapfiles/kml/shapes/airports.png</href>
            </Icon>
          </IconStyle>
        </Style>
        <Point>
          <altitudeMode>absolute</altitudeMode>
          <coordinates>18.430687,-33.87854,426.72</coordinates>
        </Point>
      </Placemark>
      <Placemark>
        <name>2025-07-28 10:12:02 UTC</name>
        <description><![CDATA[<div><div><span><b>Altitude:</b></span> <span>1,500 ft</span></div>
<div><span><b>Speed:</b></span> <span>90 kt</span></div>
<div><span><b>Heading:</b></span> <span>307&deg;</span></div>
</div>]]></description>
        <TimeStamp>
          <when>2025-07-28T10:12:02+00:00</when>
        </TimeStamp>
        <Style>
          <IconStyle>
            <heading>307</heading>
            <Icon>
              <href>http://maps.google.com/mapfiles/kml/shapes/airports.png</href>
            </Icon>
          </IconStyle>
        </Style>
        <Point>
          <altitudeMode>absolute</altitudeMode>
          <coordinates>18.429909,-33.878017,457.2</coordinates>
        </Point>
      </Placemark>
      <Placemark>
        <name>2025-07-28 10:12:04 UTC</name>
        <description><![CDATA[<div><div><span><b>Altitude:</b></span> <span>1,500 ft</span></div>
<div><span><b>Speed:</b></span> <span>90 kt</span></div>
<div><span><b>Heading:</b></span> <span>306&deg;</span></div>
</div>]]></description>
        <TimeStamp>
          <when>2025-07-28T10:12:04+00:00</when>
        </TimeStamp>
        <Style>
          <IconStyle>
            <heading>306</heading>
            <Icon>
              <href>http://maps.google.com/mapfiles/kml/shapes/airports.png</href>
            </Icon>
          </IconStyle>
        </Style>
        <Point>
          <altitudeMode>absolute</altitudeMode>
          <coordinates>18.428993,-33.87746,457.2</coordinates>
        </Point>
      </Placemark>
      <Placemark>
        <name>2025-07-28 10:12:06 UTC</name>
        <description><![CDATA[<div><div><span><b>Altitude:</b></span> <span>1,500 ft</span></div>
<div><span><b>Speed:</b></span> <span>91 kt</span></div>
<div><span><b>Heading:</b></span> <span>304&deg;</span></div>
</div>]]></description>
        <TimeStamp>
          <when>2025-07-28T10:12:06+00:00</when>
        </TimeStamp>
        <Style>
          <IconStyle>
            <heading>304</heading>
            <Icon>
              <href>http://maps.google.com/mapfiles/kml/shapes/airports.png</href>
            </Icon>
          </IconStyle>
        </Style>
        <Point>
          <altitudeMode>absolute</altitudeMode>
          <coordinates>18.428164,-33.876984,457.2</coordinates>
        </Point>
      </Placemark>
      <Placemark>
        <name>2025-07-28 10:12:09 UTC</name>
        <description><![CDATA[<div><div><span><b>Altitude:</b></span> <span>1,500 ft</span></div>
<div><span><b>Speed:</b></span> <span>91 kt</span></div>
<div><span><b>Heading:</b></span> <span>302&deg;</span></div>
</div>]]></description>
        <TimeStamp>
          <when>2025-07-28T10:12:09+00:00</when>
        </TimeStamp>
        <Style>
          <IconStyle>
            <heading>302</heading>
            <Icon>
              <href>http://maps.google.com/mapfiles/kml/shapes/airports.png</href>
            </Icon>
          </IconStyle>
        </Style>
        <Point>
          <altitudeMode>absolute</altitudeMode>
          <coordinates>18.427099,-33.876389,457.2</coordinates>
        </Point>
      </Placemark>
      <Placemark>
        <name>2025-07-28 10:12:11 UTC</name>
        <description><![CDATA[<div><div><span><b>Altitude:</b></span> <span>1,600 ft</span></div>
<div><span><b>Speed:</b></span> <span>91 kt</span></div>
<div><span><b>Heading:</b></span> <span>299&deg;</span></div>
</div>]]></description>
        <TimeStamp>
          <when>2025-07-28T10:12:11+00:00</when>
        </TimeStamp>
        <Style>
          <IconStyle>
            <heading>299</heading>
            <Icon>
              <href>http://maps.google.com/mapfiles/kml/shapes/airports.png</href>
            </Icon>
          </IconStyle>
        </Style>
        <Point>
          <altitudeMode>absolute</altitudeMode>
          <coordinates>18.426371,-33.876022,487.68</coordinates>
        </Point>
      </Placemark>
      <Placemark>
        <name>2025-07-28 10:12:13 UTC</name>
        <description><![CDATA[<div><div><span><b>Altitude:</b></span> <span>1,600 ft</span></div>
<div><span><b>Speed:</b></span> <span>93 kt</span></div>
<div><span><b>Heading:</b></span> <span>297&deg;</span></div>
</div>]]></description>
        <TimeStamp>
          <when>2025-07-28T10:12:13+00:00</when>
        </TimeStamp>
        <Style>
          <IconStyle>
            <heading>297</heading>
            <Icon>
              <href>http://maps.google.com/mapfiles/kml/shapes/airports.png</href>
            </Icon>
          </IconStyle>
        </Style>
        <Point>
          <altitudeMode>absolute</altitudeMode>
          <coordinates>18.425249,-33.875519,487.68</coordinates>
        </Point>
      </Placemark>
      <Placemark>
        <name>2025-07-28 10:12:16 UTC</name>
        <description><![CDATA[<div><div><span><b>Altitude:</b></span> <span>1,600 ft</span></div>
<div><span><b>Speed:</b></span> <span>94 kt</span></div>
<div><span><b>Heading:</b></span> <span>294&deg;</span></div>
</div>]]></description>
        <TimeStamp>
          <when>2025-07-28T10:12:16+00:00</when>
        </TimeStamp>
        <Style>
          <IconStyle>
            <heading>294</heading>
            <Icon>
              <href>http://maps.google.com/mapfiles/kml/shapes/airports.png</href>
            </Icon>
          </IconStyle>
        </Style>
        <Point>
          <altitudeMode>absolute</altitudeMode>
          <coordinates>18.424297,-33.875153,487.68</coordinates>
        </Point>
      </Placemark>
      <Placemark>
        <name>2025-07-28 10:12:18 UTC</name>
        <description><![CDATA[<div><div><span><b>Altitude:</b></span> <span>1,600 ft</span></div>
<div><span><b>Speed:</b></span> <span>96 kt</span></div>
<div><span><b>Heading:</b></span> <span>293&deg;</span></div>
</div>]]></description>
        <TimeStamp>
          <when>2025-07-28T10:12:18+00:00</when>
        </TimeStamp>
        <Style>
          <IconStyle>
            <heading>293</heading>
            <Icon>
              <href>http://maps.google.com/mapfiles/kml/shapes/airports.png</href>
            </Icon>
          </IconStyle>
        </Style>
        <Point>
          <altitudeMode>absolute</altitudeMode>
          <coordinates>18.423231,-33.874741,487.68</coordinates>
        </Point>
      </Placemark>
      <Placemark>
        <name>2025-07-28 10:12:20 UTC</name>
        <description><![CDATA[<div><div><span><b>Altitude:</b></span> <span>1,700 ft</span></div>
<div><span><b>Speed:</b></span> <span>96 kt</span></div>
<div><span><b>Heading:</b></span> <span>290&deg;</span></div>
</div>]]></description>
        <TimeStamp>
          <when>2025-07-28T10:12:20+00:00</when>
        </TimeStamp>
        <Style>
          <IconStyle>
            <heading>290</heading>
            <Icon>
              <href>http://maps.google.com/mapfiles/kml/shapes/airports.png</href>
            </Icon>
          </IconStyle>
        </Style>
        <Point>
          <altitudeMode>absolute</altitudeMode>
          <coordinates>18.421829,-33.874283,518.16</coordinates>
        </Point>
      </Placemark>
      <Placemark>
        <name>2025-07-28 10:12:22 UTC</name>
        <description><![CDATA[<div><div><span><b>Altitude:</b></span> <span>1,700 ft</span></div>
<div><span><b>Speed:</b></span> <span>96 kt</span></div>
<div><span><b>Heading:</b></span> <span>289&deg;</span></div>
</div>]]></description>
        <TimeStamp>
          <when>2025-07-28T10:12:22+00:00</when>
        </TimeStamp>
        <Style>
          <IconStyle>
            <heading>289</heading>
            <Icon>
              <href>http://maps.google.com/mapfiles/kml/shapes/airports.png</href>
            </Icon>
          </IconStyle>
        </Style>
        <Point>
          <altitudeMode>absolute</altitudeMode>
          <coordinates>18.420868,-33.874016,518.16</coordinates>
        </Point>
      </Placemark>
      <Placemark>
        <name>2025-07-28 10:12:24 UTC</name>
        <description><![CDATA[<div><div><span><b>Altitude:</b></span> <span>1,700 ft</span></div>
<div><span><b>Speed:</b></span> <span>97 kt</span></div>
<div><span><b>Heading:</b></span> <span>286&deg;</span></div>
</div>]]></description>
        <TimeStamp>
          <when>2025-07-28T10:12:24+00:00</when>
        </TimeStamp>
        <Style>
          <IconStyle>
            <heading>286</heading>
            <Icon>
              <href>http://maps.google.com/mapfiles/kml/shapes/airports.png</href>
            </Icon>
          </IconStyle>
        </Style>
        <Point>
          <altitudeMode>absolute</altitudeMode>
          <coordinates>18.419895,-33.873737,518.16</coordinates>
        </Point>
      </Placemark>
      <Placemark>
        <name>2025-07-28 10:12:27 UTC</name>
        <description><![CDATA[<div><div><span><b>Altitude:</b></span> <span>1,700 ft</span></div>
<div><span><b>Speed:</b></span> <span>99 kt</span></div>
<div><span><b>Heading:</b></span> <span>284&deg;</span></div>
</div>]]></description>
        <TimeStamp>
          <when>2025-07-28T10:12:27+00:00</when>
        </TimeStamp>
        <Style>
          <IconStyle>
            <heading>284</heading>
            <Icon>
              <href>http://maps.google.com/mapfiles/kml/shapes/airports.png</href>
            </Icon>
          </IconStyle>
        </Style>
        <Point>
          <altitudeMode>absolute</altitudeMode>
          <coordinates>18.418522,-33.873409,518.16</coordinates>
        </Point>
      </Placemark>
      <Placemark>
        <name>2025-07-28 10:12:29 UTC</name>
        <description><![CDATA[<div><div><span><b>Altitude:</b></span> <span>1,700 ft</span></div>
<div><span><b>Speed:</b></span> <span>100 kt</span></div>
<div><span><b>Heading:</b></span> <span>282&deg;</span></div>
</div>]]></description>
        <TimeStamp>
          <when>2025-07-28T10:12:29+00:00</when>
        </TimeStamp>
        <Style>
          <IconStyle>
            <heading>282</heading>
            <Icon>
              <href>http://maps.google.com/mapfiles/kml/shapes/airports.png</href>
            </Icon>
          </IconStyle>
        </Style>
        <Point>
          <altitudeMode>absolute</altitudeMode>
          <coordinates>18.41729,-33.873184,518.16</coordinates>
        </Point>
      </Placemark>
      <Placemark>
        <name>2025-07-28 10:12:31 UTC</name>
        <description><![CDATA[<div><div><span><b>Altitude:</b></span> <span>1,700 ft</span></div>
<div><span><b>Speed:</b></span> <span>102 kt</span></div>
<div><span><b>Heading:</b></span> <span>279&deg;</span></div>
</div>]]></description>
        <TimeStamp>
          <when>2025-07-28T10:12:31+00:00</when>
        </TimeStamp>
        <Style>
          <IconStyle>
            <heading>279</heading>
            <Icon>
              <href>http://maps.google.com/mapfiles/kml/shapes/airports.png</href>
            </Icon>
          </IconStyle>
        </Style>
        <Point>
          <altitudeMode>absolute</altitudeMode>
          <coordinates>18.416176,-33.87299,518.16</coordinates>
        </Point>
      </Placemark>
      <Placemark>
        <name>2025-07-28 10:12:33 UTC</name>
        <description><![CDATA[<div><div><span><b>Altitude:</b></span> <span>1,700 ft</span></div>
<div><span><b>Speed:</b></span> <span>102 kt</span></div>
<div><span><b>Heading:</b></span> <span>277&deg;</span></div>
</div>]]></description>
        <TimeStamp>
          <when>2025-07-28T10:12:33+00:00</when>
        </TimeStamp>
        <Style>
          <IconStyle>
            <heading>277</heading>
            <Icon>
              <href>http://maps.google.com/mapfiles/kml/shapes/airports.png</href>
            </Icon>
          </IconStyle>
        </Style>
        <Point>
          <altitudeMode>absolute</altitudeMode>
          <coordinates>18.414974,-33.872852,518.16</coordinates>
        </Point>
      </Placemark>
      <Placemark>
        <name>2025-07-28 10:12:36 UTC</name>
        <description><![CDATA[<div><div><span><b>Altitude:</b></span> <span>1,700 ft</span></div>
<div><span><b>Speed:</b></span> <span>103 kt</span></div>
<div><span><b>Heading:</b></span> <span>274&deg;</span></div>
</div>]]></description>
        <TimeStamp>
          <when>2025-07-28T10:12:36+00:00</when>
        </TimeStamp>
        <Style>
          <IconStyle>
            <heading>274</heading>
            <Icon>
              <href>http://maps.google.com/mapfiles/kml/shapes/airports.png</href>
            </Icon>
          </IconStyle>
        </Style>
        <Point>
          <altitudeMode>absolute</altitudeMode>
          <coordinates>18.413601,-33.872711,518.16</coordinates>
        </Point>
      </Placemark>
      <Placemark>
        <name>2025-07-28 10:12:38 UTC</name>
        <description><![CDATA[<div><div><span><b>Altitude:</b></span> <span>1,800 ft</span></div>
<div><span><b>Speed:</b></span> <span>104 kt</span></div>
<div><span><b>Heading:</b></span> <span>273&deg;</span></div>
</div>]]></description>
        <TimeStamp>
          <when>2025-07-28T10:12:38+00:00</when>
        </TimeStamp>
        <Style>
          <IconStyle>
            <heading>273</heading>
            <Icon>
              <href>http://maps.google.com/mapfiles/kml/shapes/airports.png</href>
            </Icon>
          </IconStyle>
        </Style>
        <Point>
          <altitudeMode>absolute</altitudeMode>
          <coordinates>18.412022,-33.872635,548.64</coordinates>
        </Point>
      </Placemark>
      <Placemark>
        <name>2025-07-28 10:12:40 UTC</name>
        <description><![CDATA[<div><div><span><b>Altitude:</b></span> <span>1,800 ft</span></div>
<div><span><b>Speed:</b></span> <span>105 kt</span></div>
<div><span><b>Heading:</b></span> <span>271&deg;</span></div>
</div>]]></description>
        <TimeStamp>
          <when>2025-07-28T10:12:40+00:00</when>
        </TimeStamp>
        <Style>
          <IconStyle>
            <heading>271</heading>
            <Icon>
              <href>http://maps.google.com/mapfiles/kml/shapes/airports.png</href>
            </Icon>
          </IconStyle>
        </Style>
        <Point>
          <altitudeMode>absolute</altitudeMode>
          <coordinates>18.41062,-33.872635,548.64</coordinates>
        </Point>
      </Placemark>
      <Placemark>
        <name>2025-07-28 10:12:43 UTC</name>
        <description><![CDATA[<div><div><span><b>Altitude:</b></span> <span>1,800 ft</span></div>
<div><span><b>Speed:</b></span> <span>106 kt</span></div>
<div><span><b>Heading:</b></span> <span>268&deg;</span></div>
</div>]]></description>
        <TimeStamp>
          <when>2025-07-28T10:12:43+00:00</when>
        </TimeStamp>
        <Style>
          <IconStyle>
            <heading>268</heading>
            <Icon>
              <href>http://maps.google.com/mapfiles/kml/shapes/airports.png</href>
            </Icon>
          </IconStyle>
        </Style>
        <Point>
          <altitudeMode>absolute</altitudeMode>
          <coordinates>18.409443,-33.872635,548.64</coordinates>
        </Point>
      </Placemark>
      <Placemark>
        <name>2025-07-28 10:12:45 UTC</name>
        <description><![CDATA[<div><div><span><b>Altitude:</b></span> <span>1,800 ft</span></div>
<div><span><b>Speed:</b></span> <span>105 kt</span></div>
<div><span><b>Heading:</b></span> <span>267&deg;</span></div>
</div>]]></description>
        <TimeStamp>
          <when>2025-07-28T10:12:45+00:00</when>
        </TimeStamp>
        <Style>
          <IconStyle>
            <heading>267</heading>
            <Icon>
              <href>http://maps.google.com/mapfiles/kml/shapes/airports.png</href>
            </Icon>
          </IconStyle>
        </Style>
        <Point>
          <altitudeMode>absolute</altitudeMode>
          <coordinates>18.408266,-33.872681,548.64</coordinates>
        </Point>
      </Placemark>
      <Placemark>
        <name>2025-07-28 10:12:47 UTC</name>
        <description><![CDATA[<div><div><span><b>Altitude:</b></span> <span>1,800 ft</span></div>
<div><span><b>Speed:</b></span> <span>105 kt</span></div>
<div><span><b>Heading:</b></span> <span>265&deg;</span></div>
</div>]]></description>
        <TimeStamp>
          <when>2025-07-28T10:12:47+00:00</when>
        </TimeStamp>
        <Style>
          <IconStyle>
            <heading>265</heading>
            <Icon>
              <href>http://maps.google.com/mapfiles/kml/shapes/airports.png</href>
            </Icon>
          </IconStyle>
        </Style>
        <Point>
          <altitudeMode>absolute</altitudeMode>
          <coordinates>18.407078,-33.872711,548.64</coordinates>
        </Point>
      </Placemark>
      <Placemark>
        <name>2025-07-28 10:12:49 UTC</name>
        <description><![CDATA[<div><div><span><b>Altitude:</b></span> <span>1,800 ft</span></div>
<div><span><b>Speed:</b></span> <span>105 kt</span></div>
<div><span><b>Heading:</b></span> <span>264&deg;</span></div>
</div>]]></description>
        <TimeStamp>
          <when>2025-07-28T10:12:49+00:00</when>
        </TimeStamp>
        <Style>
          <IconStyle>
            <heading>264</heading>
            <Icon>
              <href>http://maps.google.com/mapfiles/kml/shapes/airports.png</href>
            </Icon>
          </IconStyle>
        </Style>
        <Point>
          <altitudeMode>absolute</altitudeMode>
          <coordinates>18.405575,-33.872864,548.64</coordinates>
        </Point>
      </Placemark>
      <Placemark>
        <name>2025-07-28 10:12:52 UTC</name>
        <description><![CDATA[<div><div><span><b>Altitude:</b></span> <span>1,800 ft</span></div>
<div><span><b>Speed:</b></span> <span>105 kt</span></div>
<div><span><b>Heading:</b></span> <span>261&deg;</span></div>
</div>]]></description>
        <TimeStamp>
          <when>2025-07-28T10:12:52+00:00</when>
        </TimeStamp>
        <Style>
          <IconStyle>
            <heading>261</heading>
            <Icon>
              <href>http://maps.google.com/mapfiles/kml/shapes/airports.png</href>
            </Icon>
          </IconStyle>
        </Style>
        <Point>
          <altitudeMode>absolute</altitudeMode>
          <coordinates>18.40416,-33.87299,548.64</coordinates>
        </Point>
      </Placemark>
      <Placemark>
        <name>2025-07-28 10:12:54 UTC</name>
        <description><![CDATA[<div><div><span><b>Altitude:</b></span> <span>1,900 ft</span></div>
<div><span><b>Speed:</b></span> <span>106 kt</span></div>
<div><span><b>Heading:</b></span> <span>259&deg;</span></div>
</div>]]></description>
        <TimeStamp>
          <when>2025-07-28T10:12:54+00:00</when>
        </TimeStamp>
        <Style>
          <IconStyle>
            <heading>259</heading>
            <Icon>
              <href>http://maps.google.com/mapfiles/kml/shapes/airports.png</href>
            </Icon>
          </IconStyle>
        </Style>
        <Point>
          <altitudeMode>absolute</altitudeMode>
          <coordinates>18.402941,-33.873184,579.12</coordinates>
        </Point>
      </Placemark>
      <Placemark>
        <name>2025-07-28 10:12:56 UTC</name>
        <description><![CDATA[<div><div><span><b>Altitude:</b></span> <span>1,900 ft</span></div>
<div><span><b>Speed:</b></span> <span>105 kt</span></div>
<div><span><b>Heading:</b></span> <span>257&deg;</span></div>
</div>]]></description>
        <TimeStamp>
          <when>2025-07-28T10:12:56+00:00</when>
        </TimeStamp>
        <Style>
          <IconStyle>
            <heading>257</heading>
            <Icon>
              <href>http://maps.google.com/mapfiles/kml/shapes/airports.png</href>
            </Icon>
          </IconStyle>
        </Style>
        <Point>
          <altitudeMode>absolute</altitudeMode>
          <coordinates>18.401539,-33.873413,579.12</coordinates>
        </Point>
      </Placemark>
      <Placemark>
        <name>2025-07-28 10:12:58 UTC</name>
        <description><![CDATA[<div><div><span><b>Altitude:</b></span> <span>1,900 ft</span></div>
<div><span><b>Speed:</b></span> <span>105 kt</span></div>
<div><span><b>Heading:</b></span> <span>256&deg;</span></div>
</div>]]></description>
        <TimeStamp>
          <when>2025-07-28T10:12:58+00:00</when>
        </TimeStamp>
        <Style>
          <IconStyle>
            <heading>256</heading>
            <Icon>
              <href>http://maps.google.com/mapfiles/kml/shapes/airports.png</href>
            </Icon>
          </IconStyle>
        </Style>
        <Point>
          <altitudeMode>absolute</altitudeMode>
          <coordinates>18.400417,-33.873642,579.12</coordinates>
        </Point>
      </Placemark>
      <Placemark>
        <name>2025-07-28 10:13:01 UTC</name>
        <description><![CDATA[<div><div><span><b>Altitude:</b></span> <span>1,900 ft</span></div>
<div><span><b>Speed:</b></span> <span>105 kt</span></div>
<div><span><b>Heading:</b></span> <span>255&deg;</span></div>
</div>]]></description>
        <TimeStamp>
          <when>2025-07-28T10:13:01+00:00</when>
        </TimeStamp>
        <Style>
          <IconStyle>
            <heading>255</heading>
            <Icon>
              <href>http://maps.google.com/mapfiles/kml/shapes/airports.png</href>
            </Icon>
          </IconStyle>
        </Style>
        <Point>
          <altitudeMode>absolute</altitudeMode>
          <coordinates>18.398895,-33.87397,579.12</coordinates>
        </Point>
      </Placemark>
      <Placemark>
        <name>2025-07-28 10:13:03 UTC</name>
        <description><![CDATA[<div><div><span><b>Altitude:</b></span> <span>1,900 ft</span></div>
<div><span><b>Speed:</b></span> <span>105 kt</span></div>
<div><span><b>Heading:</b></span> <span>253&deg;</span></div>
</div>]]></description>
        <TimeStamp>
          <when>2025-07-28T10:13:03+00:00</when>
        </TimeStamp>
        <Style>
          <IconStyle>
            <heading>253</heading>
            <Icon>
              <href>http://maps.google.com/mapfiles/kml/shapes/airports.png</href>
            </Icon>
          </IconStyle>
        </Style>
        <Point>
          <altitudeMode>absolute</altitudeMode>
          <coordinates>18.397783,-33.874237,579.12</coordinates>
        </Point>
      </Placemark>
      <Placemark>
        <name>2025-07-28 10:13:05 UTC</name>
        <description><![CDATA[<div><div><span><b>Altitude:</b></span> <span>1,900 ft</span></div>
<div><span><b>Speed:</b></span> <span>104 kt</span></div>
<div><span><b>Heading:</b></span> <span>252&deg;</span></div>
</div>]]></description>
        <TimeStamp>
          <when>2025-07-28T10:13:05+00:00</when>
        </TimeStamp>
        <Style>
          <IconStyle>
            <heading>252</heading>
            <Icon>
              <href>http://maps.google.com/mapfiles/kml/shapes/airports.png</href>
            </Icon>
          </IconStyle>
        </Style>
        <Point>
          <altitudeMode>absolute</altitudeMode>
          <coordinates>18.396494,-33.874557,579.12</coordinates>
        </Point>
      </Placemark>
      <Placemark>
        <name>2025-07-28 10:13:07 UTC</name>
        <description><![CDATA[<div><div><span><b>Altitude:</b></span> <span>1,900 ft</span></div>
<div><span><b>Speed:</b></span> <span>103 kt</span></div>
<div><span><b>Heading:</b></span> <span>251&deg;</span></div>
</div>]]></description>
        <TimeStamp>
          <when>2025-07-28T10:13:07+00:00</when>
        </TimeStamp>
        <Style>
          <IconStyle>
            <heading>251</heading>
            <Icon>
              <href>http://maps.google.com/mapfiles/kml/shapes/airports.png</href>
            </Icon>
          </IconStyle>
        </Style>
        <Point>
          <altitudeMode>absolute</altitudeMode>
          <coordinates>18.395176,-33.874947,579.12</coordinates>
        </Point>
      </Placemark>
      <Placemark>
        <name>2025-07-28 10:13:10 UTC</name>
        <description><![CDATA[<div><div><span><b>Altitude:</b></span> <span>2,000 ft</span></div>
<div><span><b>Speed:</b></span> <span>103 kt</span></div>
<div><span><b>Heading:</b></span> <span>250&deg;</span></div>
</div>]]></description>
        <TimeStamp>
          <when>2025-07-28T10:13:10+00:00</when>
        </TimeStamp>
        <Style>
          <IconStyle>
            <heading>250</heading>
            <Icon>
              <href>http://maps.google.com/mapfiles/kml/shapes/airports.png</href>
            </Icon>
          </IconStyle>
        </Style>
        <Point>
          <altitudeMode>absolute</altitudeMode>
          <coordinates>18.393917,-33.875271,609.6</coordinates>
        </Point>
      </Placemark>
      <Placemark>
        <name>2025-07-28 10:13:12 UTC</name>
        <description><![CDATA[<div><div><span><b>Altitude:</b></span> <span>2,000 ft</span></div>
<div><span><b>Speed:</b></span> <span>102 kt</span></div>
<div><span><b>Heading:</b></span> <span>247&deg;</span></div>
</div>]]></description>
        <TimeStamp>
          <when>2025-07-28T10:13:12+00:00</when>
        </TimeStamp>
        <Style>
          <IconStyle>
            <heading>247</heading>
            <Icon>
              <href>http://maps.google.com/mapfiles/kml/shapes/airports.png</href>
            </Icon>
          </IconStyle>
        </Style>
        <Point>
          <altitudeMode>absolute</altitudeMode>
          <coordinates>18.392658,-33.87569,609.6</coordinates>
        </Point>
      </Placemark>
      <Placemark>
        <name>2025-07-28 10:13:14 UTC</name>
        <description><![CDATA[<div><div><span><b>Altitude:</b></span> <span>2,000 ft</span></div>
<div><span><b>Speed:</b></span> <span>102 kt</span></div>
<div><span><b>Heading:</b></span> <span>245&deg;</span></div>
</div>]]></description>
        <TimeStamp>
          <when>2025-07-28T10:13:14+00:00</when>
        </TimeStamp>
        <Style>
          <IconStyle>
            <heading>245</heading>
            <Icon>
              <href>http://maps.google.com/mapfiles/kml/shapes/airports.png</href>
            </Icon>
          </IconStyle>
        </Style>
        <Point>
          <altitudeMode>absolute</altitudeMode>
          <coordinates>18.391562,-33.876114,609.6</coordinates>
        </Point>
      </Placemark>
      <Placemark>
        <name>2025-07-28 10:13:16 UTC</name>
        <description><![CDATA[<div><div><span><b>Altitude:</b></span> <span>2,000 ft</span></div>
<div><span><b>Speed:</b></span> <span>101 kt</span></div>
<div><span><b>Heading:</b></span> <span>244&deg;</span></div>
</div>]]></description>
        <TimeStamp>
          <when>2025-07-28T10:13:16+00:00</when>
        </TimeStamp>
        <Style>
          <IconStyle>
            <heading>244</heading>
            <Icon>
              <href>http://maps.google.com/mapfiles/kml/shapes/airports.png</href>
            </Icon>
          </IconStyle>
        </Style>
        <Point>
          <altitudeMode>absolute</altitudeMode>
          <coordinates>18.390497,-33.876526,609.6</coordinates>
        </Point>
      </Placemark>
      <Placemark>
        <name>2025-07-28 10:13:19 UTC</name>
        <description><![CDATA[<div><div><span><b>Altitude:</b></span> <span>2,000 ft</span></div>
<div><span><b>Speed:</b></span> <span>101 kt</span></div>
<div><span><b>Heading:</b></span> <span>243&deg;</span></div>
</div>]]></description>
        <TimeStamp>
          <when>2025-07-28T10:13:19+00:00</when>
        </TimeStamp>
        <Style>
          <IconStyle>
            <heading>243</heading>
            <Icon>
              <href>http://maps.google.com/mapfiles/kml/shapes/airports.png</href>
            </Icon>
          </IconStyle>
        </Style>
        <Point>
          <altitudeMode>absolute</altitudeMode>
          <coordinates>18.389263,-33.877029,609.6</coordinates>
        </Point>
      </Placemark>
      <Placemark>
        <name>2025-07-28 10:13:21 UTC</name>
        <description><![CDATA[<div><div><span><b>Altitude:</b></span> <span>2,100 ft</span></div>
<div><span><b>Speed:</b></span> <span>101 kt</span></div>
<div><span><b>Heading:</b></span> <span>243&deg;</span></div>
</div>]]></description>
        <TimeStamp>
          <when>2025-07-28T10:13:21+00:00</when>
        </TimeStamp>
        <Style>
          <IconStyle>
            <heading>243</heading>
            <Icon>
              <href>http://maps.google.com/mapfiles/kml/shapes/airports.png</href>
            </Icon>
          </IconStyle>
        </Style>
        <Point>
          <altitudeMode>absolute</altitudeMode>
          <coordinates>18.387909,-33.877598,640.08</coordinates>
        </Point>
      </Placemark>
      <Placemark>
        <name>2025-07-28 10:13:24 UTC</name>
        <description><![CDATA[<div><div><span><b>Altitude:</b></span> <span>2,100 ft</span></div>
<div><span><b>Speed:</b></span> <span>102 kt</span></div>
<div><span><b>Heading:</b></span> <span>242&deg;</span></div>
</div>]]></description>
        <TimeStamp>
          <when>2025-07-28T10:13:24+00:00</when>
        </TimeStamp>
        <Style>
          <IconStyle>
            <heading>242</heading>
            <Icon>
              <href>http://maps.google.com/mapfiles/kml/shapes/airports.png</href>
            </Icon>
          </IconStyle>
        </Style>
        <Point>
          <altitudeMode>absolute</altitudeMode>
          <coordinates>18.386909,-33.878036,640.08</coordinates>
        </Point>
      </Placemark>
      <Placemark>
        <name>2025-07-28 10:13:26 UTC</name>
        <description><![CDATA[<div><div><span><b>Altitude:</b></span> <span>2,100 ft</span></div>
<div><span><b>Speed:</b></span> <span>102 kt</span></div>
<div><span><b>Heading:</b></span> <span>242&deg;</span></div>
</div>]]></description>
        <TimeStamp>
          <when>2025-07-28T10:13:26+00:00</when>
        </TimeStamp>
        <Style>
          <IconStyle>
            <heading>242</heading>
            <Icon>
              <href>http://maps.google.com/mapfiles/kml/shapes/airports.png</href>
            </Icon>
          </IconStyle>
        </Style>
        <Point>
          <altitudeMode>absolute</altitudeMode>
          <coordinates>18.385792,-33.878532,640.08</coordinates>
        </Point>
      </Placemark>
      <Placemark>
        <name>2025-07-28 10:13:28 UTC</name>
        <description><![CDATA[<div><div><span><b>Altitude:</b></span> <span>2,100 ft</span></div>
<div><span><b>Speed:</b></span> <span>103 kt</span></div>
<div><span><b>Heading:</b></span> <span>241&deg;</span></div>
</div>]]></description>
        <TimeStamp>
          <when>2025-07-28T10:13:28+00:00</when>
        </TimeStamp>
        <Style>
          <IconStyle>
            <heading>241</heading>
            <Icon>
              <href>http://maps.google.com/mapfiles/kml/shapes/airports.png</href>
            </Icon>
          </IconStyle>
        </Style>
        <Point>
          <altitudeMode>absolute</altitudeMode>
          <coordinates>18.384499,-33.879135,640.08</coordinates>
        </Point>
      </Placemark>
      <Placemark>
        <name>2025-07-28 10:13:30 UTC</name>
        <description><![CDATA[<div><div><span><b>Altitude:</b></span> <span>2,100 ft</span></div>
<div><span><b>Speed:</b></span> <span>103 kt</span></div>
<div><span><b>Heading:</b></span> <span>241&deg;</span></div>
</div>]]></description>
        <TimeStamp>
          <when>2025-07-28T10:13:30+00:00</when>
        </TimeStamp>
        <Style>
          <IconStyle>
            <heading>241</heading>
            <Icon>
              <href>http://maps.google.com/mapfiles/kml/shapes/airports.png</href>
            </Icon>
          </IconStyle>
        </Style>
        <Point>
          <altitudeMode>absolute</altitudeMode>
          <coordinates>18.383503,-33.879601,640.08</coordinates>
        </Point>
      </Placemark>
      <Placemark>
        <name>2025-07-28 10:13:32 UTC</name>
        <description><![CDATA[<div><div><span><b>Altitude:</b></span> <span>2,100 ft</span></div>
<div><span><b>Speed:</b></span> <span>103 kt</span></div>
<div><span><b>Heading:</b></span> <span>241&deg;</span></div>
</div>]]></description>
        <TimeStamp>
          <when>2025-07-28T10:13:32+00:00</when>
        </TimeStamp>
        <Style>
          <IconStyle>
            <heading>241</heading>
            <Icon>
              <href>http://maps.google.com/mapfiles/kml/shapes/airports.png</href>
            </Icon>
          </IconStyle>
        </Style>
        <Point>
          <altitudeMode>absolute</altitudeMode>
          <coordinates>18.382538,-33.880005,640.08</coordinates>
        </Point>
      </Placemark>
      <Placemark>
        <name>2025-07-28 10:13:34 UTC</name>
        <description><![CDATA[<div><div><span><b>Altitude:</b></span> <span>2,100 ft</span></div>
<div><span><b>Speed:</b></span> <span>103 kt</span></div>
<div><span><b>Heading:</b></span> <span>241&deg;</span></div>
</div>]]></description>
        <TimeStamp>
          <when>2025-07-28T10:13:34+00:00</when>
        </TimeStamp>
        <Style>
          <IconStyle>
            <heading>241</heading>
            <Icon>
              <href>http://maps.google.com/mapfiles/kml/shapes/airports.png</href>
            </Icon>
          </IconStyle>
        </Style>
        <Point>
          <altitudeMode>absolute</altitudeMode>
          <coordinates>18.381443,-33.880486,640.08</coordinates>
        </Point>
      </Placemark>
      <Placemark>
        <name>2025-07-28 10:13:37 UTC</name>
        <description><![CDATA[<div><div><span><b>Altitude:</b></span> <span>2,100 ft</span></div>
<div><span><b>Speed:</b></span> <span>103 kt</span></div>
<div><span><b>Heading:</b></span> <span>241&deg;</span></div>
</div>]]></description>
        <TimeStamp>
          <when>2025-07-28T10:13:37+00:00</when>
        </TimeStamp>
        <Style>
          <IconStyle>
            <heading>241</heading>
            <Icon>
              <href>http://maps.google.com/mapfiles/kml/shapes/airports.png</href>
            </Icon>
          </IconStyle>
        </Style>
        <Point>
          <altitudeMode>absolute</altitudeMode>
          <coordinates>18.380463,-33.880966,640.08</coordinates>
        </Point>
      </Placemark>
      <Placemark>
        <name>2025-07-28 10:13:39 UTC</name>
        <description><![CDATA[<div><div><span><b>Altitude:</b></span> <span>2,200 ft</span></div>
<div><span><b>Speed:</b></span> <span>104 kt</span></div>
<div><span><b>Heading:</b></span> <span>240&deg;</span></div>
</div>]]></description>
        <TimeStamp>
          <when>2025-07-28T10:13:39+00:00</when>
        </TimeStamp>
        <Style>
          <IconStyle>
            <heading>240</heading>
            <Icon>
              <href>http://maps.google.com/mapfiles/kml/shapes/airports.png</href>
            </Icon>
          </IconStyle>
        </Style>
        <Point>
          <altitudeMode>absolute</altitudeMode>
          <coordinates>18.379005,-33.881653,670.56</coordinates>
        </Point>
      </Placemark>
      <Placemark>
        <name>2025-07-28 10:13:41 UTC</name>
        <description><![CDATA[<div><div><span><b>Altitude:</b></span> <span>2,200 ft</span></div>
<div><span><b>Speed:</b></span> <span>104 kt</span></div>
<div><span><b>Heading:</b></span> <span>239&deg;</span></div>
</div>]]></description>
        <TimeStamp>
          <when>2025-07-28T10:13:41+00:00</when>
        </TimeStamp>
        <Style>
          <IconStyle>
            <heading>239</heading>
            <Icon>
              <href>http://maps.google.com/mapfiles/kml/shapes/airports.png</href>
            </Icon>
          </IconStyle>
        </Style>
        <Point>
          <altitudeMode>absolute</altitudeMode>
          <coordinates>18.378124,-33.882069,670.56</coordinates>
        </Point>
      </Placemark>
      <Placemark>
        <name>2025-07-28 10:13:43 UTC</name>
        <description><![CDATA[<div><div><span><b>Altitude:</b></span> <span>2,200 ft</span></div>
<div><span><b>Speed:</b></span> <span>106 kt</span></div>
<div><span><b>Heading:</b></span> <span>237&deg;</span></div>
</div>]]></description>
        <TimeStamp>
          <when>2025-07-28T10:13:43+00:00</when>
        </TimeStamp>
        <Style>
          <IconStyle>
            <heading>237</heading>
            <Icon>
              <href>http://maps.google.com/mapfiles/kml/shapes/airports.png</href>
            </Icon>
          </IconStyle>
        </Style>
        <Point>
          <altitudeMode>absolute</altitudeMode>
          <coordinates>18.376808,-33.882767,670.56</coordinates>
        </Point>
      </Placemark>
      <Placemark>
        <name>2025-07-28 10:13:45 UTC</name>
        <description><![CDATA[<div><div><span><b>Altitude:</b></span> <span>2,200 ft</span></div>
<div><span><b>Speed:</b></span> <span>106 kt</span></div>
<div><span><b>Heading:</b></span> <span>234&deg;</span></div>
</div>]]></description>
        <TimeStamp>
          <when>2025-07-28T10:13:45+00:00</when>
        </TimeStamp>
        <Style>
          <IconStyle>
            <heading>234</heading>
            <Icon>
              <href>http://maps.google.com/mapfiles/kml/shapes/airports.png</href>
            </Icon>
          </IconStyle>
        </Style>
        <Point>
          <altitudeMode>absolute</altitudeMode>
          <coordinates>18.375778,-33.883373,670.56</coordinates>
        </Point>
      </Placemark>
      <Placemark>
        <name>2025-07-28 10:13:48 UTC</name>
        <description><![CDATA[<div><div><span><b>Altitude:</b></span> <span>2,200 ft</span></div>
<div><span><b>Speed:</b></span> <span>105 kt</span></div>
<div><span><b>Heading:</b></span> <span>230&deg;</span></div>
</div>]]></description>
        <TimeStamp>
          <when>2025-07-28T10:13:48+00:00</when>
        </TimeStamp>
        <Style>
          <IconStyle>
            <heading>230</heading>
            <Icon>
              <href>http://maps.google.com/mapfiles/kml/shapes/airports.png</href>
            </Icon>
          </IconStyle>
        </Style>
        <Point>
          <altitudeMode>absolute</altitudeMode>
          <coordinates>18.374977,-33.883884,670.56</coordinates>
        </Point>
      </Placemark>
      <Placemark>
        <name>2025-07-28 10:13:50 UTC</name>
        <description><![CDATA[<div><div><span><b>Altitude:</b></span> <span>2,200 ft</span></div>
<div><span><b>Speed:</b></span> <span>106 kt</span></div>
<div><span><b>Heading:</b></span> <span>228&deg;</span></div>
</div>]]></description>
        <TimeStamp>
          <when>2025-07-28T10:13:50+00:00</when>
        </TimeStamp>
        <Style>
          <IconStyle>
            <heading>228</heading>
            <Icon>
              <href>http://maps.google.com/mapfiles/kml/shapes/airports.png</href>
            </Icon>
          </IconStyle>
        </Style>
        <Point>
          <altitudeMode>absolute</altitudeMode>
          <coordinates>18.374073,-33.884491,670.56</coordinates>
        </Point>
      </Placemark>
      <Placemark>
        <name>2025-07-28 10:13:52 UTC</name>
        <description><![CDATA[<div><div><span><b>Altitude:</b></span> <span>2,200 ft</span></div>
<div><span><b>Speed:</b></span> <span>105 kt</span></div>
<div><span><b>Heading:</b></span> <span>225&deg;</span></div>
</div>]]></description>
        <TimeStamp>
          <when>2025-07-28T10:13:52+00:00</when>
        </TimeStamp>
        <Style>
          <IconStyle>
            <heading>225</heading>
            <Icon>
              <href>http://maps.google.com/mapfiles/kml/shapes/airports.png</href>
            </Icon>
          </IconStyle>
        </Style>
        <Point>
          <altitudeMode>absolute</altitudeMode>
          <coordinates>18.37286,-33.885468,670.56</coordinates>
        </Point>
      </Placemark>
      <Placemark>
        <name>2025-07-28 10:13:54 UTC</name>
        <description><![CDATA[<div><div><span><b>Altitude:</b></span> <span>2,200 ft</span></div>
<div><span><b>Speed:</b></span> <span>104 kt</span></div>
<div><span><b>Heading:</b></span> <span>222&deg;</span></div>
</div>]]></description>
        <TimeStamp>
          <when>2025-07-28T10:13:54+00:00</when>
        </TimeStamp>
        <Style>
          <IconStyle>
            <heading>222</heading>
            <Icon>
              <href>http://maps.google.com/mapfiles/kml/shapes/airports.png</href>
            </Icon>
          </IconStyle>
        </Style>
        <Point>
          <altitudeMode>absolute</altitudeMode>
          <coordinates>18.371944,-33.886353,670.56</coordinates>
        </Point>
      </Placemark>
      <Placemark>
        <name>2025-07-28 10:13:57 UTC</name>
        <description><![CDATA[<div><div><span><b>Altitude:</b></span> <span>2,200 ft</span></div>
<div><span><b>Speed:</b></span> <span>104 kt</span></div>
<div><span><b>Heading:</b></span> <span>219&deg;</span></div>
</div>]]></description>
        <TimeStamp>
          <when>2025-07-28T10:13:57+00:00</when>
        </TimeStamp>
        <Style>
          <IconStyle>
            <heading>219</heading>
            <Icon>
              <href>http://maps.google.com/mapfiles/kml/shapes/airports.png</href>
            </Icon>
          </IconStyle>
        </Style>
        <Point>
          <altitudeMode>absolute</altitudeMode>
          <coordinates>18.371143,-33.887051,670.56</coordinates>
        </Point>
      </Placemark>
      <Placemark>
        <name>2025-07-28 10:13:59 UTC</name>
        <description><![CDATA[<div><div><span><b>Altitude:</b></span> <span>2,300 ft</span></div>
<div><span><b>Speed:</b></span> <span>103 kt</span></div>
<div><span><b>Heading:</b></span> <span>218&deg;</span></div>
</div>]]></description>
        <TimeStamp>
          <when>2025-07-28T10:13:59+00:00</when>
        </TimeStamp>
        <Style>
          <IconStyle>
            <heading>218</heading>
            <Icon>
              <href>http://maps.google.com/mapfiles/kml/shapes/airports.png</href>
            </Icon>
          </IconStyle>
        </Style>
        <Point>
          <altitudeMode>absolute</altitudeMode>
          <coordinates>18.370375,-33.887878,701.04</coordinates>
        </Point>
      </Placemark>
      <Placemark>
        <name>2025-07-28 10:14:01 UTC</name>
        <description><![CDATA[<div><div><span><b>Altitude:</b></span> <span>2,300 ft</span></div>
<div><span><b>Speed:</b></span> <span>104 kt</span></div>
<div><span><b>Heading:</b></span> <span>217&deg;</span></div>
</div>]]></description>
        <TimeStamp>
          <when>2025-07-28T10:14:01+00:00</when>
        </TimeStamp>
        <Style>
          <IconStyle>
            <heading>217</heading>
            <Icon>
              <href>http://maps.google.com/mapfiles/kml/shapes/airports.png</href>
            </Icon>
          </IconStyle>
        </Style>
        <Point>
          <altitudeMode>absolute</altitudeMode>
          <coordinates>18.369476,-33.888885,701.04</coordinates>
        </Point>
      </Placemark>
      <Placemark>
        <name>2025-07-28 10:14:03 UTC</name>
        <description><![CDATA[<div><div><span><b>Altitude:</b></span> <span>2,300 ft</span></div>
<div><span><b>Speed:</b></span> <span>105 kt</span></div>
<div><span><b>Heading:</b></span> <span>217&deg;</span></div>
</div>]]></description>
        <TimeStamp>
          <when>2025-07-28T10:14:03+00:00</when>
        </TimeStamp>
        <Style>
          <IconStyle>
            <heading>217</heading>
            <Icon>
              <href>http://maps.google.com/mapfiles/kml/shapes/airports.png</href>
            </Icon>
          </IconStyle>
        </Style>
        <Point>
          <altitudeMode>absolute</altitudeMode>
          <coordinates>18.368683,-33.889702,701.04</coordinates>
        </Point>
      </Placemark>
      <Placemark>
        <name>2025-07-28 10:14:06 UTC</name>
        <description><![CDATA[<div><div><span><b>Altitude:</b></span> <span>2,300 ft</span></div>
<div><span><b>Speed:</b></span> <span>107 kt</span></div>
<div><span><b>Heading:</b></span> <span>217&deg;</span></div>
</div>]]></description>
        <TimeStamp>
          <when>2025-07-28T10:14:06+00:00</when>
        </TimeStamp>
        <Style>
          <IconStyle>
            <heading>217</heading>
            <Icon>
              <href>http://maps.google.com/mapfiles/kml/shapes/airports.png</href>
            </Icon>
          </IconStyle>
        </Style>
        <Point>
          <altitudeMode>absolute</altitudeMode>
          <coordinates>18.368019,-33.890442,701.04</coordinates>
        </Point>
      </Placemark>
      <Placemark>
        <name>2025-07-28 10:14:08 UTC</name>
        <description><![CDATA[<div><div><span><b>Altitude:</b></span> <span>2,300 ft</span></div>
<div><span><b>Speed:</b></span> <span>109 kt</span></div>
<div><span><b>Heading:</b></span> <span>217&deg;</span></div>
</div>]]></description>
        <TimeStamp>
          <when>2025-07-28T10:14:08+00:00</when>
        </TimeStamp>
        <Style>
          <IconStyle>
            <heading>217</heading>
            <Icon>
              <href>http://maps.google.com/mapfiles/kml/shapes/airports.png</href>
            </Icon>
          </IconStyle>
        </Style>
        <Point>
          <altitudeMode>absolute</altitudeMode>
          <coordinates>18.367195,-33.891331,701.04</coordinates>
        </Point>
      </Placemark>
      <Placemark>
        <name>2025-07-28 10:14:10 UTC</name>
        <description><![CDATA[<div><div><span><b>Altitude:</b></span> <span>2,300 ft</span></div>
<div><span><b>Speed:</b></span> <span>110 kt</span></div>
<div><span><b>Heading:</b></span> <span>216&deg;</span></div>
</div>]]></description>
        <TimeStamp>
          <when>2025-07-28T10:14:10+00:00</when>
        </TimeStamp>
        <Style>
          <IconStyle>
            <heading>216</heading>
            <Icon>
              <href>http://maps.google.com/mapfiles/kml/shapes/airports.png</href>
            </Icon>
          </IconStyle>
        </Style>
        <Point>
          <altitudeMode>absolute</altitudeMode>
          <coordinates>18.366337,-33.892311,701.04</coordinates>
        </Point>
      </Placemark>
      <Placemark>
        <name>2025-07-28 10:14:12 UTC</name>
        <description><![CDATA[<div><div><span><b>Altitude:</b></span> <span>2,300 ft</span></div>
<div><span><b>Speed:</b></span> <span>110 kt</span></div>
<div><span><b>Heading:</b></span> <span>215&deg;</span></div>
</div>]]></description>
        <TimeStamp>
          <when>2025-07-28T10:14:12+00:00</when>
        </TimeStamp>
        <Style>
          <IconStyle>
            <heading>215</heading>
            <Icon>
              <href>http://maps.google.com/mapfiles/kml/shapes/airports.png</href>
            </Icon>
          </IconStyle>
        </Style>
        <Point>
          <altitudeMode>absolute</altitudeMode>
          <coordinates>18.365707,-33.893009,701.04</coordinates>
        </Point>
      </Placemark>
      <Placemark>
        <name>2025-07-28 10:14:14 UTC</name>
        <description><![CDATA[<div><div><span><b>Altitude:</b></span> <span>2,300 ft</span></div>
<div><span><b>Speed:</b></span> <span>111 kt</span></div>
<div><span><b>Heading:</b></span> <span>214&deg;</span></div>
</div>]]></description>
        <TimeStamp>
          <when>2025-07-28T10:14:14+00:00</when>
        </TimeStamp>
        <Style>
          <IconStyle>
            <heading>214</heading>
            <Icon>
              <href>http://maps.google.com/mapfiles/kml/shapes/airports.png</href>
            </Icon>
          </IconStyle>
        </Style>
        <Point>
          <altitudeMode>absolute</altitudeMode>
          <coordinates>18.364882,-33.894012,701.04</coordinates>
        </Point>
      </Placemark>
      <Placemark>
        <name>2025-07-28 10:14:17 UTC</name>
        <description><![CDATA[<div><div><span><b>Altitude:</b></span> <span>2,300 ft</span></div>
<div><span><b>Speed:</b></span> <span>110 kt</span></div>
<div><span><b>Heading:</b></span> <span>213&deg;</span></div>
</div>]]></description>
        <TimeStamp>
          <when>2025-07-28T10:14:17+00:00</when>
        </TimeStamp>
        <Style>
          <IconStyle>
            <heading>213</heading>
            <Icon>
              <href>http://maps.google.com/mapfiles/kml/shapes/airports.png</href>
            </Icon>
          </IconStyle>
        </Style>
        <Point>
          <altitudeMode>absolute</altitudeMode>
          <coordinates>18.364162,-33.894917,701.04</coordinates>
        </Point>
      </Placemark>
      <Placemark>
        <name>2025-07-28 10:14:19 UTC</name>
        <description><![CDATA[<div><div><span><b>Altitude:</b></span> <span>2,300 ft</span></div>
<div><span><b>Speed:</b></span> <span>111 kt</span></div>
<div><span><b>Heading:</b></span> <span>213&deg;</span></div>
</div>]]></description>
        <TimeStamp>
          <when>2025-07-28T10:14:19+00:00</when>
        </TimeStamp>
        <Style>
          <IconStyle>
            <heading>213</heading>
            <Icon>
              <href>http://maps.google.com/mapfiles/kml/shapes/airports.png</href>
            </Icon>
          </IconStyle>
        </Style>
        <Point>
          <altitudeMode>absolute</altitudeMode>
          <coordinates>18.363361,-33.895943,701.04</coordinates>
        </Point>
      </Placemark>
      <Placemark>
        <name>2025-07-28 10:14:21 UTC</name>
        <description><![CDATA[<div><div><span><b>Altitude:</b></span> <span>2,300 ft</span></div>
<div><span><b>Speed:</b></span> <span>110 kt</span></div>
<div><span><b>Heading:</b></span> <span>212&deg;</span></div>
</div>]]></description>
        <TimeStamp>
          <when>2025-07-28T10:14:21+00:00</when>
        </TimeStamp>
        <Style>
          <IconStyle>
            <heading>212</heading>
            <Icon>
              <href>http://maps.google.com/mapfiles/kml/shapes/airports.png</href>
            </Icon>
          </IconStyle>
        </Style>
        <Point>
          <altitudeMode>absolute</altitudeMode>
          <coordinates>18.362446,-33.897106,701.04</coordinates>
        </Point>
      </Placemark>
      <Placemark>
        <name>2025-07-28 10:14:23 UTC</name>
        <description><![CDATA[<div><div><span><b>Altitude:</b></span> <span>2,300 ft</span></div>
<div><span><b>Speed:</b></span> <span>110 kt</span></div>
<div><span><b>Heading:</b></span> <span>212&deg;</span></div>
</div>]]></description>
        <TimeStamp>
          <when>2025-07-28T10:14:23+00:00</when>
        </TimeStamp>
        <Style>
          <IconStyle>
            <heading>212</heading>
            <Icon>
              <href>http://maps.google.com/mapfiles/kml/shapes/airports.png</href>
            </Icon>
          </IconStyle>
        </Style>
        <Point>
          <altitudeMode>absolute</altitudeMode>
          <coordinates>18.361816,-33.897991,701.04</coordinates>
        </Point>
      </Placemark>
      <Placemark>
        <name>2025-07-28 10:14:25 UTC</name>
        <description><![CDATA[<div><div><span><b>Altitude:</b></span> <span>2,300 ft</span></div>
<div><span><b>Speed:</b></span> <span>110 kt</span></div>
<div><span><b>Heading:</b></span> <span>211&deg;</span></div>
</div>]]></description>
        <TimeStamp>
          <when>2025-07-28T10:14:25+00:00</when>
        </TimeStamp>
        <Style>
          <IconStyle>
            <heading>211</heading>
            <Icon>
              <href>http://maps.google.com/mapfiles/kml/shapes/airports.png</href>
            </Icon>
          </IconStyle>
        </Style>
        <Point>
          <altitudeMode>absolute</altitudeMode>
          <coordinates>18.361126,-33.898865,701.04</coordinates>
        </Point>
      </Placemark>
      <Placemark>
        <name>2025-07-28 10:14:27 UTC</name>
        <description><![CDATA[<div><div><span><b>Altitude:</b></span> <span>2,300 ft</span></div>
<div><span><b>Speed:</b></span> <span>110 kt</span></div>
<div><span><b>Heading:</b></span> <span>210&deg;</span></div>
</div>]]></description>
        <TimeStamp>
          <when>2025-07-28T10:14:27+00:00</when>
        </TimeStamp>
        <Style>
          <IconStyle>
            <heading>210</heading>
            <Icon>
              <href>http://maps.google.com/mapfiles/kml/shapes/airports.png</href>
            </Icon>
          </IconStyle>
        </Style>
        <Point>
          <altitudeMode>absolute</altitudeMode>
          <coordinates>18.360558,-33.899712,701.04</coordinates>
        </Point>
      </Placemark>
      <Placemark>
        <name>2025-07-28 10:14:30 UTC</name>
        <description><![CDATA[<div><div><span><b>Altitude:</b></span> <span>2,300 ft</span></div>
<div><span><b>Speed:</b></span> <span>110 kt</span></div>
<div><span><b>Heading:</b></span> <span>209&deg;</span></div>
</div>]]></description>
        <TimeStamp>
          <when>2025-07-28T10:14:30+00:00</when>
        </TimeStamp>
        <Style>
          <IconStyle>
            <heading>209</heading>
            <Icon>
              <href>http://maps.google.com/mapfiles/kml/shapes/airports.png</href>
            </Icon>
          </IconStyle>
        </Style>
        <Point>
          <altitudeMode>absolute</altitudeMode>
          <coordinates>18.359756,-33.900829,701.04</coordinates>
        </Point>
      </Placemark>
      <Placemark>
        <name>2025-07-28 10:14:32 UTC</name>
        <description><![CDATA[<div><div><span><b>Altitude:</b></span> <span>2,300 ft</span></div>
<div><span><b>Speed:</b></span> <span>111 kt</span></div>
<div><span><b>Heading:</b></span> <span>209&deg;</span></div>
</div>]]></description>
        <TimeStamp>
          <when>2025-07-28T10:14:32+00:00</when>
        </TimeStamp>
        <Style>
          <IconStyle>
            <heading>209</heading>
            <Icon>
              <href>http://maps.google.com/mapfiles/kml/shapes/airports.png</href>
            </Icon>
          </IconStyle>
        </Style>
        <Point>
          <altitudeMode>absolute</altitudeMode>
          <coordinates>18.359013,-33.901947,701.04</coordinates>
        </Point>
      </Placemark>
      <Placemark>
        <name>2025-07-28 10:14:34 UTC</name>
        <description><![CDATA[<div><div><span><b>Altitude:</b></span> <span>2,300 ft</span></div>
<div><span><b>Speed:</b></span> <span>111 kt</span></div>
<div><span><b>Heading:</b></span> <span>208&deg;</span></div>
</div>]]></description>
        <TimeStamp>
          <when>2025-07-28T10:14:34+00:00</when>
        </TimeStamp>
        <Style>
          <IconStyle>
            <heading>208</heading>
            <Icon>
              <href>http://maps.google.com/mapfiles/kml/shapes/airports.png</href>
            </Icon>
          </IconStyle>
        </Style>
        <Point>
          <altitudeMode>absolute</altitudeMode>
          <coordinates>18.35844,-33.902832,701.04</coordinates>
        </Point>
      </Placemark>
      <Placemark>
        <name>2025-07-28 10:14:37 UTC</name>
        <description><![CDATA[<div><div><span><b>Altitude:</b></span> <span>2,300 ft</span></div>
<div><span><b>Speed:</b></span> <span>112 kt</span></div>
<div><span><b>Heading:</b></span> <span>208&deg;</span></div>
</div>]]></description>
        <TimeStamp>
          <when>2025-07-28T10:14:37+00:00</when>
        </TimeStamp>
        <Style>
          <IconStyle>
            <heading>208</heading>
            <Icon>
              <href>http://maps.google.com/mapfiles/kml/shapes/airports.png</href>
            </Icon>
          </IconStyle>
        </Style>
        <Point>
          <altitudeMode>absolute</altitudeMode>
          <coordinates>18.357754,-33.90395,701.04</coordinates>
        </Point>
      </Placemark>
      <Placemark>
        <name>2025-07-28 10:14:39 UTC</name>
        <description><![CDATA[<div><div><span><b>Altitude:</b></span> <span>2,300 ft</span></div>
<div><span><b>Speed:</b></span> <span>112 kt</span></div>
<div><span><b>Heading:</b></span> <span>208&deg;</span></div>
</div>]]></description>
        <TimeStamp>
          <when>2025-07-28T10:14:39+00:00</when>
        </TimeStamp>
        <Style>
          <IconStyle>
            <heading>208</heading>
            <Icon>
              <href>http://maps.google.com/mapfiles/kml/shapes/airports.png</href>
            </Icon>
          </IconStyle>
        </Style>
        <Point>
          <altitudeMode>absolute</altitudeMode>
          <coordinates>18.35709,-33.904907,701.04</coordinates>
        </Point>
      </Placemark>
      <Placemark>
        <name>2025-07-28 10:14:41 UTC</name>
        <description><![CDATA[<div><div><span><b>Altitude:</b></span> <span>2,300 ft</span></div>
<div><span><b>Speed:</b></span> <span>112 kt</span></div>
<div><span><b>Heading:</b></span> <span>208&deg;</span></div>
</div>]]></description>
        <TimeStamp>
          <when>2025-07-28T10:14:41+00:00</when>
        </TimeStamp>
        <Style>
          <IconStyle>
            <heading>208</heading>
            <Icon>
              <href>http://maps.google.com/mapfiles/kml/shapes/airports.png</href>
            </Icon>
          </IconStyle>
        </Style>
        <Point>
          <altitudeMode>absolute</altitudeMode>
          <coordinates>18.356495,-33.905857,701.04</coordinates>
        </Point>
      </Placemark>
      <Placemark>
        <name>2025-07-28 10:14:43 UTC</name>
        <description><![CDATA[<div><div><span><b>Altitude:</b></span> <span>2,300 ft</span></div>
<div><span><b>Speed:</b></span> <span>112 kt</span></div>
<div><span><b>Heading:</b></span> <span>209&deg;</span></div>
</div>]]></description>
        <TimeStamp>
          <when>2025-07-28T10:14:43+00:00</when>
        </TimeStamp>
        <Style>
          <IconStyle>
            <heading>209</heading>
            <Icon>
              <href>http://maps.google.com/mapfiles/kml/shapes/airports.png</href>
            </Icon>
          </IconStyle>
        </Style>
        <Point>
          <altitudeMode>absolute</altitudeMode>
          <coordinates>18.355751,-33.906929,701.04</coordinates>
        </Point>
      </Placemark>
      <Placemark>
        <name>2025-07-28 10:14:52 UTC</name>
        <description><![CDATA[<div><div><span><b>Altitude:</b></span> <span>2,300 ft</span></div>
<div><span><b>Speed:</b></span> <span>111 kt</span></div>
<div><span><b>Heading:</b></span> <span>215&deg;</span></div>
</div>]]></description>
        <TimeStamp>
          <when>2025-07-28T10:14:52+00:00</when>
        </TimeStamp>
        <Style>
          <IconStyle>
            <heading>215</heading>
            <Icon>
              <href>http://maps.google.com/mapfiles/kml/shapes/airports.png</href>
            </Icon>
          </IconStyle>
        </Style>
        <Point>
          <altitudeMode>absolute</altitudeMode>
          <coordinates>18.353109,-33.9104,701.04</coordinates>
        </Point>
      </Placemark>
      <Placemark>
        <name>2025-07-28 10:14:54 UTC</name>
        <description><![CDATA[<div><div><span><b>Altitude:</b></span> <span>2,300 ft</span></div>
<div><span><b>Speed:</b></span> <span>110 kt</span></div>
<div><span><b>Heading:</b></span> <span>218&deg;</span></div>
</div>]]></description>
        <TimeStamp>
          <when>2025-07-28T10:14:54+00:00</when>
        </TimeStamp>
        <Style>
          <IconStyle>
            <heading>218</heading>
            <Icon>
              <href>http://maps.google.com/mapfiles/kml/shapes/airports.png</href>
            </Icon>
          </IconStyle>
        </Style>
        <Point>
          <altitudeMode>absolute</altitudeMode>
          <coordinates>18.352146,-33.911491,701.04</coordinates>
        </Point>
      </Placemark>
      <Placemark>
        <name>2025-07-28 10:14:56 UTC</name>
        <description><![CDATA[<div><div><span><b>Altitude:</b></span> <span>2,300 ft</span></div>
<div><span><b>Speed:</b></span> <span>108 kt</span></div>
<div><span><b>Heading:</b></span> <span>218&deg;</span></div>
</div>]]></description>
        <TimeStamp>
          <when>2025-07-28T10:14:56+00:00</when>
        </TimeStamp>
        <Style>
          <IconStyle>
            <heading>218</heading>
            <Icon>
              <href>http://maps.google.com/mapfiles/kml/shapes/airports.png</href>
            </Icon>
          </IconStyle>
        </Style>
        <Point>
          <altitudeMode>absolute</altitudeMode>
          <coordinates>18.351288,-33.912373,701.04</coordinates>
        </Point>
      </Placemark>
      <Placemark>
        <name>2025-07-28 10:14:58 UTC</name>
        <description><![CDATA[<div><div><span><b>Altitude:</b></span> <span>2,300 ft</span></div>
<div><span><b>Speed:</b></span> <span>106 kt</span></div>
<div><span><b>Heading:</b></span> <span>219&deg;</span></div>
</div>]]></description>
        <TimeStamp>
          <when>2025-07-28T10:14:58+00:00</when>
        </TimeStamp>
        <Style>
          <IconStyle>
            <heading>219</heading>
            <Icon>
              <href>http://maps.google.com/mapfiles/kml/shapes/airports.png</href>
            </Icon>
          </IconStyle>
        </Style>
        <Point>
          <altitudeMode>absolute</altitudeMode>
          <coordinates>18.350372,-33.913303,701.04</coordinates>
        </Point>
      </Placemark>
      <Placemark>
        <name>2025-07-28 10:15:01 UTC</name>
        <description><![CDATA[<div><div><span><b>Altitude:</b></span> <span>2,300 ft</span></div>
<div><span><b>Speed:</b></span> <span>105 kt</span></div>
<div><span><b>Heading:</b></span> <span>219&deg;</span></div>
</div>]]></description>
        <TimeStamp>
          <when>2025-07-28T10:15:01+00:00</when>
        </TimeStamp>
        <Style>
          <IconStyle>
            <heading>219</heading>
            <Icon>
              <href>http://maps.google.com/mapfiles/kml/shapes/airports.png</href>
            </Icon>
          </IconStyle>
        </Style>
        <Point>
          <altitudeMode>absolute</altitudeMode>
          <coordinates>18.349859,-33.913834,701.04</coordinates>
        </Point>
      </Placemark>
      <Placemark>
        <name>2025-07-28 10:15:03 UTC</name>
        <description><![CDATA[<div><div><span><b>Altitude:</b></span> <span>2,400 ft</span></div>
<div><span><b>Speed:</b></span> <span>104 kt</span></div>
<div><span><b>Heading:</b></span> <span>217&deg;</span></div>
</div>]]></description>
        <TimeStamp>
          <when>2025-07-28T10:15:03+00:00</when>
        </TimeStamp>
        <Style>
          <IconStyle>
            <heading>217</heading>
            <Icon>
              <href>http://maps.google.com/mapfiles/kml/shapes/airports.png</href>
            </Icon>
          </IconStyle>
        </Style>
        <Point>
          <altitudeMode>absolute</altitudeMode>
          <coordinates>18.348793,-33.914932,731.52</coordinates>
        </Point>
      </Placemark>
      <Placemark>
        <name>2025-07-28 10:15:05 UTC</name>
        <description><![CDATA[<div><div><span><b>Altitude:</b></span> <span>2,400 ft</span></div>
<div><span><b>Speed:</b></span> <span>103 kt</span></div>
<div><span><b>Heading:</b></span> <span>217&deg;</span></div>
</div>]]></description>
        <TimeStamp>
          <when>2025-07-28T10:15:05+00:00</when>
        </TimeStamp>
        <Style>
          <IconStyle>
            <heading>217</heading>
            <Icon>
              <href>http://maps.google.com/mapfiles/kml/shapes/airports.png</href>
            </Icon>
          </IconStyle>
        </Style>
        <Point>
          <altitudeMode>absolute</altitudeMode>
          <coordinates>18.348083,-33.91568,731.52</coordinates>
        </Point>
      </Placemark>
      <Placemark>
        <name>2025-07-28 10:15:07 UTC</name>
        <description><![CDATA[<div><div><span><b>Altitude:</b></span> <span>2,400 ft</span></div>
<div><span><b>Speed:</b></span> <span>103 kt</span></div>
<div><span><b>Heading:</b></span> <span>216&deg;</span></div>
</div>]]></description>
        <TimeStamp>
          <when>2025-07-28T10:15:07+00:00</when>
        </TimeStamp>
        <Style>
          <IconStyle>
            <heading>216</heading>
            <Icon>
              <href>http://maps.google.com/mapfiles/kml/shapes/airports.png</href>
            </Icon>
          </IconStyle>
        </Style>
        <Point>
          <altitudeMode>absolute</altitudeMode>
          <coordinates>18.347111,-33.916752,731.52</coordinates>
        </Point>
      </Placemark>
      <Placemark>
        <name>2025-07-28 10:15:10 UTC</name>
        <description><![CDATA[<div><div><span><b>Altitude:</b></span> <span>2,400 ft</span></div>
<div><span><b>Speed:</b></span> <span>103 kt</span></div>
<div><span><b>Heading:</b></span> <span>216&deg;</span></div>
</div>]]></description>
        <TimeStamp>
          <when>2025-07-28T10:15:10+00:00</when>
        </TimeStamp>
        <Style>
          <IconStyle>
            <heading>216</heading>
            <Icon>
              <href>http://maps.google.com/mapfiles/kml/shapes/airports.png</href>
            </Icon>
          </IconStyle>
        </Style>
        <Point>
          <altitudeMode>absolute</altitudeMode>
          <coordinates>18.346424,-33.917542,731.52</coordinates>
        </Point>
      </Placemark>
      <Placemark>
        <name>2025-07-28 10:15:12 UTC</name>
        <description><![CDATA[<div><div><span><b>Altitude:</b></span> <span>2,400 ft</span></div>
<div><span><b>Speed:</b></span> <span>100 kt</span></div>
<div><span><b>Heading:</b></span> <span>216&deg;</span></div>
</div>]]></description>
        <TimeStamp>
          <when>2025-07-28T10:15:12+00:00</when>
        </TimeStamp>
        <Style>
          <IconStyle>
            <heading>216</heading>
            <Icon>
              <href>http://maps.google.com/mapfiles/kml/shapes/airports.png</href>
            </Icon>
          </IconStyle>
        </Style>
        <Point>
          <altitudeMode>absolute</altitudeMode>
          <coordinates>18.345711,-33.91832,731.52</coordinates>
        </Point>
      </Placemark>
      <Placemark>
        <name>2025-07-28 10:15:14 UTC</name>
        <description><![CDATA[<div><div><span><b>Altitude:</b></span> <span>2,400 ft</span></div>
<div><span><b>Speed:</b></span> <span>99 kt</span></div>
<div><span><b>Heading:</b></span> <span>218&deg;</span></div>
</div>]]></description>
        <TimeStamp>
          <when>2025-07-28T10:15:14+00:00</when>
        </TimeStamp>
        <Style>
          <IconStyle>
            <heading>218</heading>
            <Icon>
              <href>http://maps.google.com/mapfiles/kml/shapes/airports.png</href>
            </Icon>
          </IconStyle>
        </Style>
        <Point>
          <altitudeMode>absolute</altitudeMode>
          <coordinates>18.344822,-33.919266,731.52</coordinates>
        </Point>
      </Placemark>
      <Placemark>
        <name>2025-07-28 10:15:16 UTC</name>
        <description><![CDATA[<div><div><span><b>Altitude:</b></span> <span>2,500 ft</span></div>
<div><span><b>Speed:</b></span> <span>99 kt</span></div>
<div><span><b>Heading:</b></span> <span>222&deg;</span></div>
</div>]]></description>
        <TimeStamp>
          <when>2025-07-28T10:15:16+00:00</when>
        </TimeStamp>
        <Style>
          <IconStyle>
            <heading>222</heading>
            <Icon>
              <href>http://maps.google.com/mapfiles/kml/shapes/airports.png</href>
            </Icon>
          </IconStyle>
        </Style>
        <Point>
          <altitudeMode>absolute</altitudeMode>
          <coordinates>18.344028,-33.920059,762</coordinates>
        </Point>
      </Placemark>
      <Placemark>
        <name>2025-07-28 10:15:19 UTC</name>
        <description><![CDATA[<div><div><span><b>Altitude:</b></span> <span>2,400 ft</span></div>
<div><span><b>Speed:</b></span> <span>100 kt</span></div>
<div><span><b>Heading:</b></span> <span>228&deg;</span></div>
</div>]]></description>
        <TimeStamp>
          <when>2025-07-28T10:15:19+00:00</when>
        </TimeStamp>
        <Style>
          <IconStyle>
            <heading>228</heading>
            <Icon>
              <href>http://maps.google.com/mapfiles/kml/shapes/airports.png</href>
            </Icon>
          </IconStyle>
        </Style>
        <Point>
          <altitudeMode>absolute</altitudeMode>
          <coordinates>18.343245,-33.9207,731.52</coordinates>
        </Point>
      </Placemark>
      <Placemark>
        <name>2025-07-28 10:15:21 UTC</name>
        <description><![CDATA[<div><div><span><b>Altitude:</b></span> <span>2,400 ft</span></div>
<div><span><b>Speed:</b></span> <span>101 kt</span></div>
<div><span><b>Heading:</b></span> <span>233&deg;</span></div>
</div>]]></description>
        <TimeStamp>
          <when>2025-07-28T10:15:21+00:00</when>
        </TimeStamp>
        <Style>
          <IconStyle>
            <heading>233</heading>
            <Icon>
              <href>http://maps.google.com/mapfiles/kml/shapes/airports.png</href>
            </Icon>
          </IconStyle>
        </Style>
        <Point>
          <altitudeMode>absolute</altitudeMode>
          <coordinates>18.342133,-33.921452,731.52</coordinates>
        </Point>
      </Placemark>
      <Placemark>
        <name>2025-07-28 10:15:23 UTC</name>
        <description><![CDATA[<div><div><span><b>Altitude:</b></span> <span>2,400 ft</span></div>
<div><span><b>Speed:</b></span> <span>101 kt</span></div>
<div><span><b>Heading:</b></span> <span>238&deg;</span></div>
</div>]]></description>
        <TimeStamp>
          <when>2025-07-28T10:15:23+00:00</when>
        </TimeStamp>
        <Style>
          <IconStyle>
            <heading>238</heading>
            <Icon>
              <href>http://maps.google.com/mapfiles/kml/shapes/airports.png</href>
            </Icon>
          </IconStyle>
        </Style>
        <Point>
          <altitudeMode>absolute</altitudeMode>
          <coordinates>18.341171,-33.921982,731.52</coordinates>
        </Point>
      </Placemark>
      <Placemark>
        <name>2025-07-28 10:15:26 UTC</name>
        <description><![CDATA[<div><div><span><b>Altitude:</b></span> <span>2,400 ft</span></div>
<div><span><b>Speed:</b></span> <span>101 kt</span></div>
<div><span><b>Heading:</b></span> <span>238&deg;</span></div>
</div>]]></description>
        <TimeStamp>
          <when>2025-07-28T10:15:26+00:00</when>
        </TimeStamp>
        <Style>
          <IconStyle>
            <heading>238</heading>
            <Icon>
              <href>http://maps.google.com/mapfiles/kml/shapes/airports.png</href>
            </Icon>
          </IconStyle>
        </Style>
        <Point>
          <altitudeMode>absolute</altitudeMode>
          <coordinates>18.339937,-33.922577,731.52</coordinates>
        </Point>
      </Placemark>
      <Placemark>
        <name>2025-07-28 10:15:28 UTC</name>
        <description><![CDATA[<div><div><span><b>Altitude:</b></span> <span>2,400 ft</span></div>
<div><span><b>Speed:</b></span> <span>101 kt</span></div>
<div><span><b>Heading:</b></span> <span>233&deg;</span></div>
</div>]]></description>
        <TimeStamp>
          <when>2025-07-28T10:15:28+00:00</when>
        </TimeStamp>
        <Style>
          <IconStyle>
            <heading>233</heading>
            <Icon>
              <href>http://maps.google.com/mapfiles/kml/shapes/airports.png</href>
            </Icon>
          </IconStyle>
        </Style>
        <Point>
          <altitudeMode>absolute</altitudeMode>
          <coordinates>18.339041,-33.923126,731.52</coordinates>
        </Point>
      </Placemark>
      <Placemark>
        <name>2025-07-28 10:15:30 UTC</name>
        <description><![CDATA[<div><div><span><b>Altitude:</b></span> <span>2,400 ft</span></div>
<div><span><b>Speed:</b></span> <span>100 kt</span></div>
<div><span><b>Heading:</b></span> <span>227&deg;</span></div>
</div>]]></description>
        <TimeStamp>
          <when>2025-07-28T10:15:30+00:00</when>
        </TimeStamp>
        <Style>
          <IconStyle>
            <heading>227</heading>
            <Icon>
              <href>http://maps.google.com/mapfiles/kml/shapes/airports.png</href>
            </Icon>
          </IconStyle>
        </Style>
        <Point>
          <altitudeMode>absolute</altitudeMode>
          <coordinates>18.33807,-33.923779,731.52</coordinates>
        </Point>
      </Placemark>
      <Placemark>
        <name>2025-07-28 10:15:37 UTC</name>
        <description><![CDATA[<div><div><span><b>Altitude:</b></span> <span>2,500 ft</span></div>
<div><span><b>Speed:</b></span> <span>100 kt</span></div>
<div><span><b>Heading:</b></span> <span>209&deg;</span></div>
</div>]]></description>
        <TimeStamp>
          <when>2025-07-28T10:15:37+00:00</when>
        </TimeStamp>
        <Style>
          <IconStyle>
            <heading>209</heading>
            <Icon>
              <href>http://maps.google.com/mapfiles/kml/shapes/airports.png</href>
            </Icon>
          </IconStyle>
        </Style>
        <Point>
          <altitudeMode>absolute</altitudeMode>
          <coordinates>18.335724,-33.926338,762</coordinates>
        </Point>
      </Placemark>
      <Placemark>
        <name>2025-07-28 10:15:39 UTC</name>
        <description><![CDATA[<div><div><span><b>Altitude:</b></span> <span>2,500 ft</span></div>
<div><span><b>Speed:</b></span> <span>101 kt</span></div>
<div><span><b>Heading:</b></span> <span>203&deg;</span></div>
</div>]]></description>
        <TimeStamp>
          <when>2025-07-28T10:15:39+00:00</when>
        </TimeStamp>
        <Style>
          <IconStyle>
            <heading>203</heading>
            <Icon>
              <href>http://maps.google.com/mapfiles/kml/shapes/airports.png</href>
            </Icon>
          </IconStyle>
        </Style>
        <Point>
          <altitudeMode>absolute</altitudeMode>
          <coordinates>18.335173,-33.927338,762</coordinates>
        </Point>
      </Placemark>
      <Placemark>
        <name>2025-07-28 10:15:42 UTC</name>
        <description><![CDATA[<div><div><span><b>Altitude:</b></span> <span>2,500 ft</span></div>
<div><span><b>Speed:</b></span> <span>102 kt</span></div>
<div><span><b>Heading:</b></span> <span>201&deg;</span></div>
</div>]]></description>
        <TimeStamp>
          <when>2025-07-28T10:15:42+00:00</when>
        </TimeStamp>
        <Style>
          <IconStyle>
            <heading>201</heading>
            <Icon>
              <href>http://maps.google.com/mapfiles/kml/shapes/airports.png</href>
            </Icon>
          </IconStyle>
        </Style>
        <Point>
          <altitudeMode>absolute</altitudeMode>
          <coordinates>18.334694,-33.928249,762</coordinates>
        </Point>
      </Placemark>
      <Placemark>
        <name>2025-07-28 10:15:44 UTC</name>
        <description><![CDATA[<div><div><span><b>Altitude:</b></span> <span>2,500 ft</span></div>
<div><span><b>Speed:</b></span> <span>103 kt</span></div>
<div><span><b>Heading:</b></span> <span>199&deg;</span></div>
</div>]]></description>
        <TimeStamp>
          <when>2025-07-28T10:15:44+00:00</when>
        </TimeStamp>
        <Style>
          <IconStyle>
            <heading>199</heading>
            <Icon>
              <href>http://maps.google.com/mapfiles/kml/shapes/airports.png</href>
            </Icon>
          </IconStyle>
        </Style>
        <Point>
          <altitudeMode>absolute</altitudeMode>
          <coordinates>18.334164,-33.929398,762</coordinates>
        </Point>
      </Placemark>
      <Placemark>
        <name>2025-07-28 10:15:46 UTC</name>
        <description><![CDATA[<div><div><span><b>Altitude:</b></span> <span>2,500 ft</span></div>
<div><span><b>Speed:</b></span> <span>104 kt</span></div>
<div><span><b>Heading:</b></span> <span>200&deg;</span></div>
</div>]]></description>
        <TimeStamp>
          <when>2025-07-28T10:15:46+00:00</when>
        </TimeStamp>
        <Style>
          <IconStyle>
            <heading>200</heading>
            <Icon>
              <href>http://maps.google.com/mapfiles/kml/shapes/airports.png</href>
            </Icon>
          </IconStyle>
        </Style>
        <Point>
          <altitudeMode>absolute</altitudeMode>
          <coordinates>18.33366,-33.930542,762</coordinates>
        </Point>
      </Placemark>
      <Placemark>
        <name>2025-07-28 10:15:49 UTC</name>
        <description><![CDATA[<div><div><span><b>Altitude:</b></span> <span>2,500 ft</span></div>
<div><span><b>Speed:</b></span> <span>104 kt</span></div>
<div><span><b>Heading:</b></span> <span>201&deg;</span></div>
</div>]]></description>
        <TimeStamp>
          <when>2025-07-28T10:15:49+00:00</when>
        </TimeStamp>
        <Style>
          <IconStyle>
            <heading>201</heading>
            <Icon>
              <href>http://maps.google.com/mapfiles/kml/shapes/airports.png</href>
            </Icon>
          </IconStyle>
        </Style>
        <Point>
          <altitudeMode>absolute</altitudeMode>
          <coordinates>18.333267,-33.931458,762</coordinates>
        </Point>
      </Placemark>
      <Placemark>
        <name>2025-07-28 10:15:51 UTC</name>
        <description><![CDATA[<div><div><span><b>Altitude:</b></span> <span>2,500 ft</span></div>
<div><span><b>Speed:</b></span> <span>104 kt</span></div>
<div><span><b>Heading:</b></span> <span>202&deg;</span></div>
</div>]]></description>
        <TimeStamp>
          <when>2025-07-28T10:15:51+00:00</when>
        </TimeStamp>
        <Style>
          <IconStyle>
            <heading>202</heading>
            <Icon>
              <href>http://maps.google.com/mapfiles/kml/shapes/airports.png</href>
            </Icon>
          </IconStyle>
        </Style>
        <Point>
          <altitudeMode>absolute</altitudeMode>
          <coordinates>18.332819,-33.932327,762</coordinates>
        </Point>
      </Placemark>
      <Placemark>
        <name>2025-07-28 10:15:53 UTC</name>
        <description><![CDATA[<div><div><span><b>Altitude:</b></span> <span>2,500 ft</span></div>
<div><span><b>Speed:</b></span> <span>106 kt</span></div>
<div><span><b>Heading:</b></span> <span>202&deg;</span></div>
</div>]]></description>
        <TimeStamp>
          <when>2025-07-28T10:15:53+00:00</when>
        </TimeStamp>
        <Style>
          <IconStyle>
            <heading>202</heading>
            <Icon>
              <href>http://maps.google.com/mapfiles/kml/shapes/airports.png</href>
            </Icon>
          </IconStyle>
        </Style>
        <Point>
          <altitudeMode>absolute</altitudeMode>
          <coordinates>18.332258,-33.933517,762</coordinates>
        </Point>
      </Placemark>
      <Placemark>
        <name>2025-07-28 10:15:56 UTC</name>
        <description><![CDATA[<div><div><span><b>Altitude:</b></span> <span>2,500 ft</span></div>
<div><span><b>Speed:</b></span> <span>109 kt</span></div>
<div><span><b>Heading:</b></span> <span>200&deg;</span></div>
</div>]]></description>
        <TimeStamp>
          <when>2025-07-28T10:15:56+00:00</when>
        </TimeStamp>
        <Style>
          <IconStyle>
            <heading>200</heading>
            <Icon>
              <href>http://maps.google.com/mapfiles/kml/shapes/airports.png</href>
            </Icon>
          </IconStyle>
        </Style>
        <Point>
          <altitudeMode>absolute</altitudeMode>
          <coordinates>18.331718,-33.934673,762</coordinates>
        </Point>
      </Placemark>
      <Placemark>
        <name>2025-07-28 10:15:58 UTC</name>
        <description><![CDATA[<div><div><span><b>Altitude:</b></span> <span>2,500 ft</span></div>
<div><span><b>Speed:</b></span> <span>111 kt</span></div>
<div><span><b>Heading:</b></span> <span>200&deg;</span></div>
</div>]]></description>
        <TimeStamp>
          <when>2025-07-28T10:15:58+00:00</when>
        </TimeStamp>
        <Style>
          <IconStyle>
            <heading>200</heading>
            <Icon>
              <href>http://maps.google.com/mapfiles/kml/shapes/airports.png</href>
            </Icon>
          </IconStyle>
        </Style>
        <Point>
          <altitudeMode>absolute</altitudeMode>
          <coordinates>18.331081,-33.936081,762</coordinates>
        </Point>
      </Placemark>
      <Placemark>
        <name>2025-07-28 10:16:01 UTC</name>
        <description><![CDATA[<div><div><span><b>Altitude:</b></span> <span>2,500 ft</span></div>
<div><span><b>Speed:</b></span> <span>113 kt</span></div>
<div><span><b>Heading:</b></span> <span>200&deg;</span></div>
</div>]]></description>
        <TimeStamp>
          <when>2025-07-28T10:16:01+00:00</when>
        </TimeStamp>
        <Style>
          <IconStyle>
            <heading>200</heading>
            <Icon>
              <href>http://maps.google.com/mapfiles/kml/shapes/airports.png</href>
            </Icon>
          </IconStyle>
        </Style>
        <Point>
          <altitudeMode>absolute</altitudeMode>
          <coordinates>18.330746,-33.936813,762</coordinates>
        </Point>
      </Placemark>
      <Placemark>
        <name>2025-07-28 10:16:04 UTC</name>
        <description><![CDATA[<div><div><span><b>Altitude:</b></span> <span>2,500 ft</span></div>
<div><span><b>Speed:</b></span> <span>114 kt</span></div>
<div><span><b>Heading:</b></span> <span>199&deg;</span></div>
</div>]]></description>
        <TimeStamp>
          <when>2025-07-28T10:16:04+00:00</when>
        </TimeStamp>
        <Style>
          <IconStyle>
            <heading>199</heading>
            <Icon>
              <href>http://maps.google.com/mapfiles/kml/shapes/airports.png</href>
            </Icon>
          </IconStyle>
        </Style>
        <Point>
          <altitudeMode>absolute</altitudeMode>
          <coordinates>18.330288,-33.937885,762</coordinates>
        </Point>
      </Placemark>
      <Placemark>
        <name>2025-07-28 10:16:20 UTC</name>
        <description><![CDATA[<div><div><span><b>Altitude:</b></span> <span>2,300 ft</span></div>
<div><span><b>Speed:</b></span> <span>122 kt</span></div>
<div><span><b>Heading:</b></span> <span>199&deg;</span></div>
</div>]]></description>
        <TimeStamp>
          <when>2025-07-28T10:16:20+00:00</when>
        </TimeStamp>
        <Style>
          <IconStyle>
            <heading>199</heading>
            <Icon>
              <href>http://maps.google.com/mapfiles/kml/shapes/airports.png</href>
            </Icon>
          </IconStyle>
        </Style>
        <Point>
          <altitudeMode>absolute</altitudeMode>
          <coordinates>18.326397,-33.947243,701.04</coordinates>
        </Point>
      </Placemark>
      <Placemark>
        <name>2025-07-28 10:16:31 UTC</name>
        <description><![CDATA[<div><div><span><b>Altitude:</b></span> <span>2,200 ft</span></div>
<div><span><b>Speed:</b></span> <span>122 kt</span></div>
<div><span><b>Heading:</b></span> <span>199&deg;</span></div>
</div>]]></description>
        <TimeStamp>
          <when>2025-07-28T10:16:31+00:00</when>
        </TimeStamp>
        <Style>
          <IconStyle>
            <heading>199</heading>
            <Icon>
              <href>http://maps.google.com/mapfiles/kml/shapes/airports.png</href>
            </Icon>
          </IconStyle>
        </Style>
        <Point>
          <altitudeMode>absolute</altitudeMode>
          <coordinates>18.323961,-33.953064,670.56</coordinates>
        </Point>
      </Placemark>
      <Placemark>
        <name>2025-07-28 10:16:45 UTC</name>
        <description><![CDATA[<div><div><span><b>Altitude:</b></span> <span>2,200 ft</span></div>
<div><span><b>Speed:</b></span> <span>118 kt</span></div>
<div><span><b>Heading:</b></span> <span>200&deg;</span></div>
</div>]]></description>
        <TimeStamp>
          <when>2025-07-28T10:16:45+00:00</when>
        </TimeStamp>
        <Style>
          <IconStyle>
            <heading>200</heading>
            <Icon>
              <href>http://maps.google.com/mapfiles/kml/shapes/airports.png</href>
            </Icon>
          </IconStyle>
        </Style>
        <Point>
          <altitudeMode>absolute</altitudeMode>
          <coordinates>18.322449,-33.956459,670.56</coordinates>
        </Point>
      </Placemark>
      <Placemark>
        <name>2025-07-28 10:16:53 UTC</name>
        <description><![CDATA[<div><div><span><b>Altitude:</b></span> <span>2,200 ft</span></div>
<div><span><b>Speed:</b></span> <span>114 kt</span></div>
<div><span><b>Heading:</b></span> <span>200&deg;</span></div>
</div>]]></description>
        <TimeStamp>
          <when>2025-07-28T10:16:53+00:00</when>
        </TimeStamp>
        <Style>
          <IconStyle>
            <heading>200</heading>
            <Icon>
              <href>http://maps.google.com/mapfiles/kml/shapes/airports.png</href>
            </Icon>
          </IconStyle>
        </Style>
        <Point>
          <altitudeMode>absolute</altitudeMode>
          <coordinates>18.318672,-33.965023,670.56</coordinates>
        </Point>
      </Placemark>
      <Placemark>
        <name>2025-07-28 10:17:04 UTC</name>
        <description><![CDATA[<div><div><span><b>Altitude:</b></span> <span>2,200 ft</span></div>
<div><span><b>Speed:</b></span> <span>112 kt</span></div>
<div><span><b>Heading:</b></span> <span>199&deg;</span></div>
</div>]]></description>
        <TimeStamp>
          <when>2025-07-28T10:17:04+00:00</when>
        </TimeStamp>
        <Style>
          <IconStyle>
            <heading>199</heading>
            <Icon>
              <href>http://maps.google.com/mapfiles/kml/shapes/airports.png</href>
            </Icon>
          </IconStyle>
        </Style>
        <Point>
          <altitudeMode>absolute</altitudeMode>
          <coordinates>18.316326,-33.970238,670.56</coordinates>
        </Point>
      </Placemark>
      <Placemark>
        <name>2025-07-28 10:17:12 UTC</name>
        <description><![CDATA[<div><div><span><b>Altitude:</b></span> <span>2,100 ft</span></div>
<div><span><b>Speed:</b></span> <span>112 kt</span></div>
<div><span><b>Heading:</b></span> <span>199&deg;</span></div>
</div>]]></description>
        <TimeStamp>
          <when>2025-07-28T10:17:12+00:00</when>
        </TimeStamp>
        <Style>
          <IconStyle>
            <heading>199</heading>
            <Icon>
              <href>http://maps.google.com/mapfiles/kml/shapes/airports.png</href>
            </Icon>
          </IconStyle>
        </Style>
        <Point>
          <altitudeMode>absolute</altitudeMode>
          <coordinates>18.31461,-33.97443,640.08</coordinates>
        </Point>
      </Placemark>
      <Placemark>
        <name>2025-07-28 10:17:22 UTC</name>
        <description><![CDATA[<div><div><span><b>Altitude:</b></span> <span>2,200 ft</span></div>
<div><span><b>Speed:</b></span> <span>110 kt</span></div>
<div><span><b>Heading:</b></span> <span>200&deg;</span></div>
</div>]]></description>
        <TimeStamp>
          <when>2025-07-28T10:17:22+00:00</when>
        </TimeStamp>
        <Style>
          <IconStyle>
            <heading>200</heading>
            <Icon>
              <href>http://maps.google.com/mapfiles/kml/shapes/airports.png</href>
            </Icon>
          </IconStyle>
        </Style>
        <Point>
          <altitudeMode>absolute</altitudeMode>
          <coordinates>18.312696,-33.978745,670.56</coordinates>
        </Point>
      </Placemark>
      <Placemark>
        <name>2025-07-28 10:17:31 UTC</name>
        <description><![CDATA[<div><div><span><b>Altitude:</b></span> <span>2,200 ft</span></div>
<div><span><b>Speed:</b></span> <span>108 kt</span></div>
<div><span><b>Heading:</b></span> <span>199&deg;</span></div>
</div>]]></description>
        <TimeStamp>
          <when>2025-07-28T10:17:31+00:00</when>
        </TimeStamp>
        <Style>
          <IconStyle>
            <heading>199</heading>
            <Icon>
              <href>http://maps.google.com/mapfiles/kml/shapes/airports.png</href>
            </Icon>
          </IconStyle>
        </Style>
        <Point>
          <altitudeMode>absolute</altitudeMode>
          <coordinates>18.310678,-33.983459,670.56</coordinates>
        </Point>
      </Placemark>
      <Placemark>
        <name>2025-07-28 10:17:38 UTC</name>
        <description><![CDATA[<div><div><span><b>Altitude:</b></span> <span>2,200 ft</span></div>
<div><span><b>Speed:</b></span> <span>107 kt</span></div>
<div><span><b>Heading:</b></span> <span>198&deg;</span></div>
</div>]]></description>
        <TimeStamp>
          <when>2025-07-28T10:17:38+00:00</when>
        </TimeStamp>
        <Style>
          <IconStyle>
            <heading>198</heading>
            <Icon>
              <href>http://maps.google.com/mapfiles/kml/shapes/airports.png</href>
            </Icon>
          </IconStyle>
        </Style>
        <Point>
          <altitudeMode>absolute</altitudeMode>
          <coordinates>18.309444,-33.986618,670.56</coordinates>
        </Point>
      </Placemark>
      <Placemark>
        <name>2025-07-28 10:17:47 UTC</name>
        <description><![CDATA[<div><div><span><b>Altitude:</b></span> <span>2,200 ft</span></div>
<div><span><b>Speed:</b></span> <span>107 kt</span></div>
<div><span><b>Heading:</b></span> <span>196&deg;</span></div>
</div>]]></description>
        <TimeStamp>
          <when>2025-07-28T10:17:47+00:00</when>
        </TimeStamp>
        <Style>
          <IconStyle>
            <heading>196</heading>
            <Icon>
              <href>http://maps.google.com/mapfiles/kml/shapes/airports.png</href>
            </Icon>
          </IconStyle>
        </Style>
        <Point>
          <altitudeMode>absolute</altitudeMode>
          <coordinates>18.307972,-33.99049,670.56</coordinates>
        </Point>
      </Placemark>
      <Placemark>
        <name>2025-07-28 10:17:49 UTC</name>
        <description><![CDATA[<div><div><span><b>Altitude:</b></span> <span>2,200 ft</span></div>
<div><span><b>Speed:</b></span> <span>107 kt</span></div>
<div><span><b>Heading:</b></span> <span>195&deg;</span></div>
</div>]]></description>
        <TimeStamp>
          <when>2025-07-28T10:17:49+00:00</when>
        </TimeStamp>
        <Style>
          <IconStyle>
            <heading>195</heading>
            <Icon>
              <href>http://maps.google.com/mapfiles/kml/shapes/airports.png</href>
            </Icon>
          </IconStyle>
        </Style>
        <Point>
          <altitudeMode>absolute</altitudeMode>
          <coordinates>18.307426,-33.991974,670.56</coordinates>
        </Point>
      </Placemark>
      <Placemark>
        <name>2025-07-28 10:17:52 UTC</name>
        <description><![CDATA[<div><div><span><b>Altitude:</b></span> <span>2,200 ft</span></div>
<div><span><b>Speed:</b></span> <span>106 kt</span></div>
<div><span><b>Heading:</b></span> <span>195&deg;</span></div>
</div>]]></description>
        <TimeStamp>
          <when>2025-07-28T10:17:52+00:00</when>
        </TimeStamp>
        <Style>
          <IconStyle>
            <heading>195</heading>
            <Icon>
              <href>http://maps.google.com/mapfiles/kml/shapes/airports.png</href>
            </Icon>
          </IconStyle>
        </Style>
        <Point>
          <altitudeMode>absolute</altitudeMode>
          <coordinates>18.307034,-33.99321,670.56</coordinates>
        </Point>
      </Placemark>
      <Placemark>
        <name>2025-07-28 10:17:55 UTC</name>
        <description><![CDATA[<div><div><span><b>Altitude:</b></span> <span>2,200 ft</span></div>
<div><span><b>Speed:</b></span> <span>107 kt</span></div>
<div><span><b>Heading:</b></span> <span>194&deg;</span></div>
</div>]]></description>
        <TimeStamp>
          <when>2025-07-28T10:17:55+00:00</when>
        </TimeStamp>
        <Style>
          <IconStyle>
            <heading>194</heading>
            <Icon>
              <href>http://maps.google.com/mapfiles/kml/shapes/airports.png</href>
            </Icon>
          </IconStyle>
        </Style>
        <Point>
          <altitudeMode>absolute</altitudeMode>
          <coordinates>18.306643,-33.994446,670.56</coordinates>
        </Point>
      </Placemark>
      <Placemark>
        <name>2025-07-28 10:17:57 UTC</name>
        <description><![CDATA[<div><div><span><b>Altitude:</b></span> <span>2,200 ft</span></div>
<div><span><b>Speed:</b></span> <span>107 kt</span></div>
<div><span><b>Heading:</b></span> <span>193&deg;</span></div>
</div>]]></description>
        <TimeStamp>
          <when>2025-07-28T10:17:57+00:00</when>
        </TimeStamp>
        <Style>
          <IconStyle>
            <heading>193</heading>
            <Icon>
              <href>http://maps.google.com/mapfiles/kml/shapes/airports.png</href>
            </Icon>
          </IconStyle>
        </Style>
        <Point>
          <altitudeMode>absolute</altitudeMode>
          <coordinates>18.306362,-33.995407,670.56</coordinates>
        </Point>
      </Placemark>
      <Placemark>
        <name>2025-07-28 10:17:59 UTC</name>
        <description><![CDATA[<div><div><span><b>Altitude:</b></span> <span>2,300 ft</span></div>
<div><span><b>Speed:</b></span> <span>106 kt</span></div>
<div><span><b>Heading:</b></span> <span>192&deg;</span></div>
</div>]]></description>
        <TimeStamp>
          <when>2025-07-28T10:17:59+00:00</when>
        </TimeStamp>
        <Style>
          <IconStyle>
            <heading>192</heading>
            <Icon>
              <href>http://maps.google.com/mapfiles/kml/shapes/airports.png</href>
            </Icon>
          </IconStyle>
        </Style>
        <Point>
          <altitudeMode>absolute</altitudeMode>
          <coordinates>18.306025,-33.996597,701.04</coordinates>
        </Point>
      </Placemark>
      <Placemark>
        <name>2025-07-28 10:18:01 UTC</name>
        <description><![CDATA[<div><div><span><b>Altitude:</b></span> <span>2,300 ft</span></div>
<div><span><b>Speed:</b></span> <span>106 kt</span></div>
<div><span><b>Heading:</b></span> <span>191&deg;</span></div>
</div>]]></description>
        <TimeStamp>
          <when>2025-07-28T10:18:01+00:00</when>
        </TimeStamp>
        <Style>
          <IconStyle>
            <heading>191</heading>
            <Icon>
              <href>http://maps.google.com/mapfiles/kml/shapes/airports.png</href>
            </Icon>
          </IconStyle>
        </Style>
        <Point>
          <altitudeMode>absolute</altitudeMode>
          <coordinates>18.305744,-33.997742,701.04</coordinates>
        </Point>
      </Placemark>
      <Placemark>
        <name>2025-07-28 10:18:03 UTC</name>
        <description><![CDATA[<div><div><span><b>Altitude:</b></span> <span>2,300 ft</span></div>
<div><span><b>Speed:</b></span> <span>105 kt</span></div>
<div><span><b>Heading:</b></span> <span>190&deg;</span></div>
</div>]]></description>
        <TimeStamp>
          <when>2025-07-28T10:18:03+00:00</when>
        </TimeStamp>
        <Style>
          <IconStyle>
            <heading>190</heading>
            <Icon>
              <href>http://maps.google.com/mapfiles/kml/shapes/airports.png</href>
            </Icon>
          </IconStyle>
        </Style>
        <Point>
          <altitudeMode>absolute</altitudeMode>
          <coordinates>18.305511,-33.998684,701.04</coordinates>
        </Point>
      </Placemark>
      <Placemark>
        <name>2025-07-28 10:18:06 UTC</name>
        <description><![CDATA[<div><div><span><b>Altitude:</b></span> <span>2,300 ft</span></div>
<div><span><b>Speed:</b></span> <span>105 kt</span></div>
<div><span><b>Heading:</b></span> <span>189&deg;</span></div>
</div>]]></description>
        <TimeStamp>
          <when>2025-07-28T10:18:06+00:00</when>
        </TimeStamp>
        <Style>
          <IconStyle>
            <heading>189</heading>
            <Icon>
              <href>http://maps.google.com/mapfiles/kml/shapes/airports.png</href>
            </Icon>
          </IconStyle>
        </Style>
        <Point>
          <altitudeMode>absolute</altitudeMode>
          <coordinates>18.305241,-33.999756,701.04</coordinates>
        </Point>
      </Placemark>
      <Placemark>
        <name>2025-07-28 10:18:08 UTC</name>
        <description><![CDATA[<div><div><span><b>Altitude:</b></span> <span>2,300 ft</span></div>
<div><span><b>Speed:</b></span> <span>105 kt</span></div>
<div><span><b>Heading:</b></span> <span>188&deg;</span></div>
</div>]]></description>
        <TimeStamp>
          <when>2025-07-28T10:18:08+00:00</when>
        </TimeStamp>
        <Style>
          <IconStyle>
            <heading>188</heading>
            <Icon>
              <href>http://maps.google.com/mapfiles/kml/shapes/airports.png</href>
            </Icon>
          </IconStyle>
        </Style>
        <Point>
          <altitudeMode>absolute</altitudeMode>
          <coordinates>18.305054,-34.000778,701.04</coordinates>
        </Point>
      </Placemark>
      <Placemark>
        <name>2025-07-28 10:18:10 UTC</name>
        <description><![CDATA[<div><div><span><b>Altitude:</b></span> <span>2,300 ft</span></div>
<div><span><b>Speed:</b></span> <span>104 kt</span></div>
<div><span><b>Heading:</b></span> <span>188&deg;</span></div>
</div>]]></description>
        <TimeStamp>
          <when>2025-07-28T10:18:10+00:00</when>
        </TimeStamp>
        <Style>
          <IconStyle>
            <heading>188</heading>
            <Icon>
              <href>http://maps.google.com/mapfiles/kml/shapes/airports.png</href>
            </Icon>
          </IconStyle>
        </Style>
        <Point>
          <altitudeMode>absolute</altitudeMode>
          <coordinates>18.304882,-34.002033,701.04</coordinates>
        </Point>
      </Placemark>
      <Placemark>
        <name>2025-07-28 10:18:12 UTC</name>
        <description><![CDATA[<div><div><span><b>Altitude:</b></span> <span>2,300 ft</span></div>
<div><span><b>Speed:</b></span> <span>103 kt</span></div>
<div><span><b>Heading:</b></span> <span>187&deg;</span></div>
</div>]]></description>
        <TimeStamp>
          <when>2025-07-28T10:18:12+00:00</when>
        </TimeStamp>
        <Style>
          <IconStyle>
            <heading>187</heading>
            <Icon>
              <href>http://maps.google.com/mapfiles/kml/shapes/airports.png</href>
            </Icon>
          </IconStyle>
        </Style>
        <Point>
          <altitudeMode>absolute</altitudeMode>
          <coordinates>18.30468,-34.003052,701.04</coordinates>
        </Point>
      </Placemark>
      <Placemark>
        <name>2025-07-28 10:18:15 UTC</name>
        <description><![CDATA[<div><div><span><b>Altitude:</b></span> <span>2,300 ft</span></div>
<div><span><b>Speed:</b></span> <span>103 kt</span></div>
<div><span><b>Heading:</b></span> <span>187&deg;</span></div>
</div>]]></description>
        <TimeStamp>
          <when>2025-07-28T10:18:15+00:00</when>
        </TimeStamp>
        <Style>
          <IconStyle>
            <heading>187</heading>
            <Icon>
              <href>http://maps.google.com/mapfiles/kml/shapes/airports.png</href>
            </Icon>
          </IconStyle>
        </Style>
        <Point>
          <altitudeMode>absolute</altitudeMode>
          <coordinates>18.304512,-34.004288,701.04</coordinates>
        </Point>
      </Placemark>
      <Placemark>
        <name>2025-07-28 10:18:17 UTC</name>
        <description><![CDATA[<div><div><span><b>Altitude:</b></span> <span>2,400 ft</span></div>
<div><span><b>Speed:</b></span> <span>103 kt</span></div>
<div><span><b>Heading:</b></span> <span>187&deg;</span></div>
</div>]]></description>
        <TimeStamp>
          <when>2025-07-28T10:18:17+00:00</when>
        </TimeStamp>
        <Style>
          <IconStyle>
            <heading>187</heading>
            <Icon>
              <href>http://maps.google.com/mapfiles/kml/shapes/airports.png</href>
            </Icon>
          </IconStyle>
        </Style>
        <Point>
          <altitudeMode>absolute</altitudeMode>
          <coordinates>18.304344,-34.005249,731.52</coordinates>
        </Point>
      </Placemark>
      <Placemark>
        <name>2025-07-28 10:18:19 UTC</name>
        <description><![CDATA[<div><div><span><b>Altitude:</b></span> <span>2,400 ft</span></div>
<div><span><b>Speed:</b></span> <span>102 kt</span></div>
<div><span><b>Heading:</b></span> <span>187&deg;</span></div>
</div>]]></description>
        <TimeStamp>
          <when>2025-07-28T10:18:19+00:00</when>
        </TimeStamp>
        <Style>
          <IconStyle>
            <heading>187</heading>
            <Icon>
              <href>http://maps.google.com/mapfiles/kml/shapes/airports.png</href>
            </Icon>
          </IconStyle>
        </Style>
        <Point>
          <altitudeMode>absolute</altitudeMode>
          <coordinates>18.304195,-34.006039,731.52</coordinates>
        </Point>
      </Placemark>
      <Placemark>
        <name>2025-07-28 10:18:22 UTC</name>
        <description><![CDATA[<div><div><span><b>Altitude:</b></span> <span>2,400 ft</span></div>
<div><span><b>Speed:</b></span> <span>102 kt</span></div>
<div><span><b>Heading:</b></span> <span>187&deg;</span></div>
</div>]]></description>
        <TimeStamp>
          <when>2025-07-28T10:18:22+00:00</when>
        </TimeStamp>
        <Style>
          <IconStyle>
            <heading>187</heading>
            <Icon>
              <href>http://maps.google.com/mapfiles/kml/shapes/airports.png</href>
            </Icon>
          </IconStyle>
        </Style>
        <Point>
          <altitudeMode>absolute</altitudeMode>
          <coordinates>18.303967,-34.007572,731.52</coordinates>
        </Point>
      </Placemark>
      <Placemark>
        <name>2025-07-28 10:18:24 UTC</name>
        <description><![CDATA[<div><div><span><b>Altitude:</b></span> <span>2,400 ft</span></div>
<div><span><b>Speed:</b></span> <span>101 kt</span></div>
<div><span><b>Heading:</b></span> <span>187&deg;</span></div>
</div>]]></description>
        <TimeStamp>
          <when>2025-07-28T10:18:24+00:00</when>
        </TimeStamp>
        <Style>
          <IconStyle>
            <heading>187</heading>
            <Icon>
              <href>http://maps.google.com/mapfiles/kml/shapes/airports.png</href>
            </Icon>
          </IconStyle>
        </Style>
        <Point>
          <altitudeMode>absolute</altitudeMode>
          <coordinates>18.303839,-34.008545,731.52</coordinates>
        </Point>
      </Placemark>
      <Placemark>
        <name>2025-07-28 10:18:26 UTC</name>
        <description><![CDATA[<div><div><span><b>Altitude:</b></span> <span>2,400 ft</span></div>
<div><span><b>Speed:</b></span> <span>101 kt</span></div>
<div><span><b>Heading:</b></span> <span>187&deg;</span></div>
</div>]]></description>
        <TimeStamp>
          <when>2025-07-28T10:18:26+00:00</when>
        </TimeStamp>
        <Style>
          <IconStyle>
            <heading>187</heading>
            <Icon>
              <href>http://maps.google.com/mapfiles/kml/shapes/airports.png</href>
            </Icon>
          </IconStyle>
        </Style>
        <Point>
          <altitudeMode>absolute</altitudeMode>
          <coordinates>18.30368,-34.009434,731.52</coordinates>
        </Point>
      </Placemark>
      <Placemark>
        <name>2025-07-28 10:18:28 UTC</name>
        <description><![CDATA[<div><div><span><b>Altitude:</b></span> <span>2,400 ft</span></div>
<div><span><b>Speed:</b></span> <span>101 kt</span></div>
<div><span><b>Heading:</b></span> <span>187&deg;</span></div>
</div>]]></description>
        <TimeStamp>
          <when>2025-07-28T10:18:28+00:00</when>
        </TimeStamp>
        <Style>
          <IconStyle>
            <heading>187</heading>
            <Icon>
              <href>http://maps.google.com/mapfiles/kml/shapes/airports.png</href>
            </Icon>
          </IconStyle>
        </Style>
        <Point>
          <altitudeMode>absolute</altitudeMode>
          <coordinates>18.303503,-34.010605,731.52</coordinates>
        </Point>
      </Placemark>
      <Placemark>
        <name>2025-07-28 10:18:35 UTC</name>
        <description><![CDATA[<div><div><span><b>Altitude:</b></span> <span>2,500 ft</span></div>
<div><span><b>Speed:</b></span> <span>101 kt</span></div>
<div><span><b>Heading:</b></span> <span>187&deg;</span></div>
</div>]]></description>
        <TimeStamp>
          <when>2025-07-28T10:18:35+00:00</when>
        </TimeStamp>
        <Style>
          <IconStyle>
            <heading>187</heading>
            <Icon>
              <href>http://maps.google.com/mapfiles/kml/shapes/airports.png</href>
            </Icon>
          </IconStyle>
        </Style>
        <Point>
          <altitudeMode>absolute</altitudeMode>
          <coordinates>18.302998,-34.013489,762</coordinates>
        </Point>
      </Placemark>
      <Placemark>
        <name>2025-07-28 10:18:42 UTC</name>
        <description><![CDATA[<div><div><span><b>Altitude:</b></span> <span>2,500 ft</span></div>
<div><span><b>Speed:</b></span> <span>100 kt</span></div>
<div><span><b>Heading:</b></span> <span>190&deg;</span></div>
</div>]]></description>
        <TimeStamp>
          <when>2025-07-28T10:18:42+00:00</when>
        </TimeStamp>
        <Style>
          <IconStyle>
            <heading>190</heading>
            <Icon>
              <href>http://maps.google.com/mapfiles/kml/shapes/airports.png</href>
            </Icon>
          </IconStyle>
        </Style>
        <Point>
          <altitudeMode>absolute</altitudeMode>
          <coordinates>18.302382,-34.016739,762</coordinates>
        </Point>
      </Placemark>
      <Placemark>
        <name>2025-07-28 10:18:51 UTC</name>
        <description><![CDATA[<div><div><span><b>Altitude:</b></span> <span>2,600 ft</span></div>
<div><span><b>Speed:</b></span> <span>101 kt</span></div>
<div><span><b>Heading:</b></span> <span>191&deg;</span></div>
</div>]]></description>
        <TimeStamp>
          <when>2025-07-28T10:18:51+00:00</when>
        </TimeStamp>
        <Style>
          <IconStyle>
            <heading>191</heading>
            <Icon>
              <href>http://maps.google.com/mapfiles/kml/shapes/airports.png</href>
            </Icon>
          </IconStyle>
        </Style>
        <Point>
          <altitudeMode>absolute</altitudeMode>
          <coordinates>18.301317,-34.021225,792.48</coordinates>
        </Point>
      </Placemark>
      <Placemark>
        <name>2025-07-28 10:18:58 UTC</name>
        <description><![CDATA[<div><div><span><b>Altitude:</b></span> <span>2,700 ft</span></div>
<div><span><b>Speed:</b></span> <span>102 kt</span></div>
<div><span><b>Heading:</b></span> <span>191&deg;</span></div>
</div>]]></description>
        <TimeStamp>
          <when>2025-07-28T10:18:58+00:00</when>
        </TimeStamp>
        <Style>
          <IconStyle>
            <heading>191</heading>
            <Icon>
              <href>http://maps.google.com/mapfiles/kml/shapes/airports.png</href>
            </Icon>
          </IconStyle>
        </Style>
        <Point>
          <altitudeMode>absolute</altitudeMode>
          <coordinates>18.300476,-34.024429,822.96</coordinates>
        </Point>
      </Placemark>
      <Placemark>
        <name>2025-07-28 10:19:05 UTC</name>
        <description><![CDATA[<div><div><span><b>Altitude:</b></span> <span>2,700 ft</span></div>
<div><span><b>Speed:</b></span> <span>103 kt</span></div>
<div><span><b>Heading:</b></span> <span>190&deg;</span></div>
</div>]]></description>
        <TimeStamp>
          <when>2025-07-28T10:19:05+00:00</when>
        </TimeStamp>
        <Style>
          <IconStyle>
            <heading>190</heading>
            <Icon>
              <href>http://maps.google.com/mapfiles/kml/shapes/airports.png</href>
            </Icon>
          </IconStyle>
        </Style>
        <Point>
          <altitudeMode>absolute</altitudeMode>
          <coordinates>18.299747,-34.027725,822.96</coordinates>
        </Point>
      </Placemark>
      <Placemark>
        <name>2025-07-28 10:19:14 UTC</name>
        <description><![CDATA[<div><div><span><b>Altitude:</b></span> <span>2,700 ft</span></div>
<div><span><b>Speed:</b></span> <span>106 kt</span></div>
<div><span><b>Heading:</b></span> <span>182&deg;</span></div>
</div>]]></description>
        <TimeStamp>
          <when>2025-07-28T10:19:14+00:00</when>
        </TimeStamp>
        <Style>
          <IconStyle>
            <heading>182</heading>
            <Icon>
              <href>http://maps.google.com/mapfiles/kml/shapes/airports.png</href>
            </Icon>
          </IconStyle>
        </Style>
        <Point>
          <altitudeMode>absolute</altitudeMode>
          <coordinates>18.299074,-34.031799,822.96</coordinates>
        </Point>
      </Placemark>
      <Placemark>
        <name>2025-07-28 10:19:16 UTC</name>
        <description><![CDATA[<div><div><span><b>Altitude:</b></span> <span>2,700 ft</span></div>
<div><span><b>Speed:</b></span> <span>105 kt</span></div>
<div><span><b>Heading:</b></span> <span>176&deg;</span></div>
</div>]]></description>
        <TimeStamp>
          <when>2025-07-28T10:19:16+00:00</when>
        </TimeStamp>
        <Style>
          <IconStyle>
            <heading>176</heading>
            <Icon>
              <href>http://maps.google.com/mapfiles/kml/shapes/airports.png</href>
            </Icon>
          </IconStyle>
        </Style>
        <Point>
          <altitudeMode>absolute</altitudeMode>
          <coordinates>18.299131,-34.033127,822.96</coordinates>
        </Point>
      </Placemark>
      <Placemark>
        <name>2025-07-28 10:19:18 UTC</name>
        <description><![CDATA[<div><div><span><b>Altitude:</b></span> <span>2,700 ft</span></div>
<div><span><b>Speed:</b></span> <span>103 kt</span></div>
<div><span><b>Heading:</b></span> <span>168&deg;</span></div>
</div>]]></description>
        <TimeStamp>
          <when>2025-07-28T10:19:18+00:00</when>
        </TimeStamp>
        <Style>
          <IconStyle>
            <heading>168</heading>
            <Icon>
              <href>http://maps.google.com/mapfiles/kml/shapes/airports.png</href>
            </Icon>
          </IconStyle>
        </Style>
        <Point>
          <altitudeMode>absolute</altitudeMode>
          <coordinates>18.299274,-34.033875,822.96</coordinates>
        </Point>
      </Placemark>
      <Placemark>
        <name>2025-07-28 10:19:21 UTC</name>
        <description><![CDATA[<div><div><span><b>Altitude:</b></span> <span>2,800 ft</span></div>
<div><span><b>Speed:</b></span> <span>100 kt</span></div>
<div><span><b>Heading:</b></span> <span>156&deg;</span></div>
</div>]]></description>
        <TimeStamp>
          <when>2025-07-28T10:19:21+00:00</when>
        </TimeStamp>
        <Style>
          <IconStyle>
            <heading>156</heading>
            <Icon>
              <href>http://maps.google.com/mapfiles/kml/shapes/airports.png</href>
            </Icon>
          </IconStyle>
        </Style>
        <Point>
          <altitudeMode>absolute</altitudeMode>
          <coordinates>18.299803,-34.035187,853.44</coordinates>
        </Point>
      </Placemark>
      <Placemark>
        <name>2025-07-28 10:19:23 UTC</name>
        <description><![CDATA[<div><div><span><b>Altitude:</b></span> <span>2,800 ft</span></div>
<div><span><b>Speed:</b></span> <span>97 kt</span></div>
<div><span><b>Heading:</b></span> <span>145&deg;</span></div>
</div>]]></description>
        <TimeStamp>
          <when>2025-07-28T10:19:23+00:00</when>
        </TimeStamp>
        <Style>
          <IconStyle>
            <heading>145</heading>
            <Icon>
              <href>http://maps.google.com/mapfiles/kml/shapes/airports.png</href>
            </Icon>
          </IconStyle>
        </Style>
        <Point>
          <altitudeMode>absolute</altitudeMode>
          <coordinates>18.300419,-34.036064,853.44</coordinates>
        </Point>
      </Placemark>
      <Placemark>
        <name>2025-07-28 10:19:25 UTC</name>
        <description><![CDATA[<div><div><span><b>Altitude:</b></span> <span>2,800 ft</span></div>
<div><span><b>Speed:</b></span> <span>97 kt</span></div>
<div><span><b>Heading:</b></span> <span>130&deg;</span></div>
</div>]]></description>
        <TimeStamp>
          <when>2025-07-28T10:19:25+00:00</when>
        </TimeStamp>
        <Style>
          <IconStyle>
            <heading>130</heading>
            <Icon>
              <href>http://maps.google.com/mapfiles/kml/shapes/airports.png</href>
            </Icon>
          </IconStyle>
        </Style>
        <Point>
          <altitudeMode>absolute</altitudeMode>
          <coordinates>18.301163,-34.036716,853.44</coordinates>
        </Point>
      </Placemark>
      <Placemark>
        <name>2025-07-28 10:19:27 UTC</name>
        <description><![CDATA[<div><div><span><b>Altitude:</b></span> <span>2,800 ft</span></div>
<div><span><b>Speed:</b></span> <span>97 kt</span></div>
<div><span><b>Heading:</b></span> <span>120&deg;</span></div>
</div>]]></description>
        <TimeStamp>
          <when>2025-07-28T10:19:27+00:00</when>
        </TimeStamp>
        <Style>
          <IconStyle>
            <heading>120</heading>
            <Icon>
              <href>http://maps.google.com/mapfiles/kml/shapes/airports.png</href>
            </Icon>
          </IconStyle>
        </Style>
        <Point>
          <altitudeMode>absolute</altitudeMode>
          <coordinates>18.30225,-34.037319,853.44</coordinates>
        </Point>
      </Placemark>
      <Placemark>
        <name>2025-07-28 10:19:30 UTC</name>
        <description><![CDATA[<div><div><span><b>Altitude:</b></span> <span>2,800 ft</span></div>
<div><span><b>Speed:</b></span> <span>98 kt</span></div>
<div><span><b>Heading:</b></span> <span>106&deg;</span></div>
</div>]]></description>
        <TimeStamp>
          <when>2025-07-28T10:19:30+00:00</when>
        </TimeStamp>
        <Style>
          <IconStyle>
            <heading>106</heading>
            <Icon>
              <href>http://maps.google.com/mapfiles/kml/shapes/airports.png</href>
            </Icon>
          </IconStyle>
        </Style>
        <Point>
          <altitudeMode>absolute</altitudeMode>
          <coordinates>18.303452,-34.037693,853.44</coordinates>
        </Point>
      </Placemark>
      <Placemark>
        <name>2025-07-28 10:19:32 UTC</name>
        <description><![CDATA[<div><div><span><b>Altitude:</b></span> <span>2,800 ft</span></div>
<div><span><b>Speed:</b></span> <span>100 kt</span></div>
<div><span><b>Heading:</b></span> <span>92&deg;</span></div>
</div>]]></description>
        <TimeStamp>
          <when>2025-07-28T10:19:32+00:00</when>
        </TimeStamp>
        <Style>
          <IconStyle>
            <heading>92</heading>
            <Icon>
              <href>http://maps.google.com/mapfiles/kml/shapes/airports.png</href>
            </Icon>
          </IconStyle>
        </Style>
        <Point>
          <altitudeMode>absolute</altitudeMode>
          <coordinates>18.304567,-34.037796,853.44</coordinates>
        </Point>
      </Placemark>
      <Placemark>
        <name>2025-07-28 10:19:34 UTC</name>
        <description><![CDATA[<div><div><span><b>Altitude:</b></span> <span>2,800 ft</span></div>
<div><span><b>Speed:</b></span> <span>102 kt</span></div>
<div><span><b>Heading:</b></span> <span>81&deg;</span></div>
</div>]]></description>
        <TimeStamp>
          <when>2025-07-28T10:19:34+00:00</when>
        </TimeStamp>
        <Style>
          <IconStyle>
            <heading>81</heading>
            <Icon>
              <href>http://maps.google.com/mapfiles/kml/shapes/airports.png</href>
            </Icon>
          </IconStyle>
        </Style>
        <Point>
          <altitudeMode>absolute</altitudeMode>
          <coordinates>18.305969,-34.037693,853.44</coordinates>
        </Point>
      </Placemark>
      <Placemark>
        <name>2025-07-28 10:19:36 UTC</name>
        <description><![CDATA[<div><div><span><b>Altitude:</b></span> <span>2,700 ft</span></div>
<div><span><b>Speed:</b></span> <span>105 kt</span></div>
<div><span><b>Heading:</b></span> <span>70&deg;</span></div>
</div>]]></description>
        <TimeStamp>
          <when>2025-07-28T10:19:36+00:00</when>
        </TimeStamp>
        <Style>
          <IconStyle>
            <heading>70</heading>
            <Icon>
              <href>http://maps.google.com/mapfiles/kml/shapes/airports.png</href>
            </Icon>
          </IconStyle>
        </Style>
        <Point>
          <altitudeMode>absolute</altitudeMode>
          <coordinates>18.307285,-34.037319,822.96</coordinates>
        </Point>
      </Placemark>
      <Placemark>
        <name>2025-07-28 10:19:39 UTC</name>
        <description><![CDATA[<div><div><span><b>Altitude:</b></span> <span>2,700 ft</span></div>
<div><span><b>Speed:</b></span> <span>109 kt</span></div>
<div><span><b>Heading:</b></span> <span>58&deg;</span></div>
</div>]]></description>
        <TimeStamp>
          <when>2025-07-28T10:19:39+00:00</when>
        </TimeStamp>
        <Style>
          <IconStyle>
            <heading>58</heading>
            <Icon>
              <href>http://maps.google.com/mapfiles/kml/shapes/airports.png</href>
            </Icon>
          </IconStyle>
        </Style>
        <Point>
          <altitudeMode>absolute</altitudeMode>
          <coordinates>18.308315,-34.036854,822.96</coordinates>
        </Point>
      </Placemark>
      <Placemark>
        <name>2025-07-28 10:19:41 UTC</name>
        <description><![CDATA[<div><div><span><b>Altitude:</b></span> <span>2,600 ft</span></div>
<div><span><b>Speed:</b></span> <span>112 kt</span></div>
<div><span><b>Heading:</b></span> <span>50&deg;</span></div>
</div>]]></description>
        <TimeStamp>
          <when>2025-07-28T10:19:41+00:00</when>
        </TimeStamp>
        <Style>
          <IconStyle>
            <heading>50</heading>
            <Icon>
              <href>http://maps.google.com/mapfiles/kml/shapes/airports.png</href>
            </Icon>
          </IconStyle>
        </Style>
        <Point>
          <altitudeMode>absolute</altitudeMode>
          <coordinates>18.309631,-34.036064,792.48</coordinates>
        </Point>
      </Placemark>
      <Placemark>
        <name>2025-07-28 10:19:43 UTC</name>
        <description><![CDATA[<div><div><span><b>Altitude:</b></span> <span>2,600 ft</span></div>
<div><span><b>Speed:</b></span> <span>115 kt</span></div>
<div><span><b>Heading:</b></span> <span>44&deg;</span></div>
</div>]]></description>
        <TimeStamp>
          <when>2025-07-28T10:19:43+00:00</when>
        </TimeStamp>
        <Style>
          <IconStyle>
            <heading>44</heading>
            <Icon>
              <href>http://maps.google.com/mapfiles/kml/shapes/airports.png</href>
            </Icon>
          </IconStyle>
        </Style>
        <Point>
          <altitudeMode>absolute</altitudeMode>
          <coordinates>18.310375,-34.035503,792.48</coordinates>
        </Point>
      </Placemark>
      <Placemark>
        <name>2025-07-28 10:19:46 UTC</name>
        <description><![CDATA[<div><div><span><b>Altitude:</b></span> <span>2,500 ft</span></div>
<div><span><b>Speed:</b></span> <span>117 kt</span></div>
<div><span><b>Heading:</b></span> <span>37&deg;</span></div>
</div>]]></description>
        <TimeStamp>
          <when>2025-07-28T10:19:46+00:00</when>
        </TimeStamp>
        <Style>
          <IconStyle>
            <heading>37</heading>
            <Icon>
              <href>http://maps.google.com/mapfiles/kml/shapes/airports.png</href>
            </Icon>
          </IconStyle>
        </Style>
        <Point>
          <altitudeMode>absolute</altitudeMode>
          <coordinates>18.311407,-34.034454,762</coordinates>
        </Point>
      </Placemark>
      <Placemark>
        <name>2025-07-28 10:19:48 UTC</name>
        <description><![CDATA[<div><div><span><b>Altitude:</b></span> <span>2,500 ft</span></div>
<div><span><b>Speed:</b></span> <span>120 kt</span></div>
<div><span><b>Heading:</b></span> <span>32&deg;</span></div>
</div>]]></description>
        <TimeStamp>
          <when>2025-07-28T10:19:48+00:00</when>
        </TimeStamp>
        <Style>
          <IconStyle>
            <heading>32</heading>
            <Icon>
              <href>http://maps.google.com/mapfiles/kml/shapes/airports.png</href>
            </Icon>
          </IconStyle>
        </Style>
        <Point>
          <altitudeMode>absolute</altitudeMode>
          <coordinates>18.312378,-34.033318,762</coordinates>
        </Point>
      </Placemark>
      <Placemark>
        <name>2025-07-28 10:19:50 UTC</name>
        <description><![CDATA[<div><div><span><b>Altitude:</b></span> <span>2,400 ft</span></div>
<div><span><b>Speed:</b></span> <span>122 kt</span></div>
<div><span><b>Heading:</b></span> <span>29&deg;</span></div>
</div>]]></description>
        <TimeStamp>
          <when>2025-07-28T10:19:50+00:00</when>
        </TimeStamp>
        <Style>
          <IconStyle>
            <heading>29</heading>
            <Icon>
              <href>http://maps.google.com/mapfiles/kml/shapes/airports.png</href>
            </Icon>
          </IconStyle>
        </Style>
        <Point>
          <altitudeMode>absolute</altitudeMode>
          <coordinates>18.313065,-34.032291,731.52</coordinates>
        </Point>
      </Placemark>
      <Placemark>
        <name>2025-07-28 10:19:52 UTC</name>
        <description><![CDATA[<div><div><span><b>Altitude:</b></span> <span>2,400 ft</span></div>
<div><span><b>Speed:</b></span> <span>123 kt</span></div>
<div><span><b>Heading:</b></span> <span>26&deg;</span></div>
</div>]]></description>
        <TimeStamp>
          <when>2025-07-28T10:19:52+00:00</when>
        </TimeStamp>
        <Style>
          <IconStyle>
            <heading>26</heading>
            <Icon>
              <href>http://maps.google.com/mapfiles/kml/shapes/airports.png</href>
            </Icon>
          </IconStyle>
        </Style>
        <Point>
          <altitudeMode>absolute</altitudeMode>
          <coordinates>18.313705,-34.03125,731.52</coordinates>
        </Point>
      </Placemark>
      <Placemark>
        <name>2025-07-28 10:19:54 UTC</name>
        <description><![CDATA[<div><div><span><b>Altitude:</b></span> <span>2,400 ft</span></div>
<div><span><b>Speed:</b></span> <span>124 kt</span></div>
<div><span><b>Heading:</b></span> <span>24&deg;</span></div>
</div>]]></description>
        <TimeStamp>
          <when>2025-07-28T10:19:54+00:00</when>
        </TimeStamp>
        <Style>
          <IconStyle>
            <heading>24</heading>
            <Icon>
              <href>http://maps.google.com/mapfiles/kml/shapes/airports.png</href>
            </Icon>
          </IconStyle>
        </Style>
        <Point>
          <altitudeMode>absolute</altitudeMode>
          <coordinates>18.314323,-34.030151,731.52</coordinates>
        </Point>
      </Placemark>
      <Placemark>
        <name>2025-07-28 10:19:56 UTC</name>
        <description><![CDATA[<div><div><span><b>Altitude:</b></span> <span>2,300 ft</span></div>
<div><span><b>Speed:</b></span> <span>124 kt</span></div>
<div><span><b>Heading:</b></span> <span>24&deg;</span></div>
</div>]]></description>
        <TimeStamp>
          <when>2025-07-28T10:19:56+00:00</when>
        </TimeStamp>
        <Style>
          <IconStyle>
            <heading>24</heading>
            <Icon>
              <href>http://maps.google.com/mapfiles/kml/shapes/airports.png</href>
            </Icon>
          </IconStyle>
        </Style>
        <Point>
          <altitudeMode>absolute</altitudeMode>
          <coordinates>18.31505,-34.02887,701.04</coordinates>
        </Point>
      </Placemark>
      <Placemark>
        <name>2025-07-28 10:19:59 UTC</name>
        <description><![CDATA[<div><div><span><b>Altitude:</b></span> <span>2,300 ft</span></div>
<div><span><b>Speed:</b></span> <span>124 kt</span></div>
<div><span><b>Heading:</b></span> <span>23&deg;</span></div>
</div>]]></description>
        <TimeStamp>
          <when>2025-07-28T10:19:59+00:00</when>
        </TimeStamp>
        <Style>
          <IconStyle>
            <heading>23</heading>
            <Icon>
              <href>http://maps.google.com/mapfiles/kml/shapes/airports.png</href>
            </Icon>
          </IconStyle>
        </Style>
        <Point>
          <altitudeMode>absolute</altitudeMode>
          <coordinates>18.315582,-34.027729,701.04</coordinates>
        </Point>
      </Placemark>
      <Placemark>
        <name>2025-07-28 10:20:01 UTC</name>
        <description><![CDATA[<div><div><span><b>Altitude:</b></span> <span>2,300 ft</span></div>
<div><span><b>Speed:</b></span> <span>125 kt</span></div>
<div><span><b>Heading:</b></span> <span>22&deg;</span></div>
</div>]]></description>
        <TimeStamp>
          <when>2025-07-28T10:20:01+00:00</when>
        </TimeStamp>
        <Style>
          <IconStyle>
            <heading>22</heading>
            <Icon>
              <href>http://maps.google.com/mapfiles/kml/shapes/airports.png</href>
            </Icon>
          </IconStyle>
        </Style>
        <Point>
          <altitudeMode>absolute</altitudeMode>
          <coordinates>18.316114,-34.026718,701.04</coordinates>
        </Point>
      </Placemark>
      <Placemark>
        <name>2025-07-28 10:20:03 UTC</name>
        <description><![CDATA[<div><div><span><b>Altitude:</b></span> <span>2,300 ft</span></div>
<div><span><b>Speed:</b></span> <span>126 kt</span></div>
<div><span><b>Heading:</b></span> <span>21&deg;</span></div>
</div>]]></description>
        <TimeStamp>
          <when>2025-07-28T10:20:03+00:00</when>
        </TimeStamp>
        <Style>
          <IconStyle>
            <heading>21</heading>
            <Icon>
              <href>http://maps.google.com/mapfiles/kml/shapes/airports.png</href>
            </Icon>
          </IconStyle>
        </Style>
        <Point>
          <altitudeMode>absolute</altitudeMode>
          <coordinates>18.316727,-34.025497,701.04</coordinates>
        </Point>
      </Placemark>
      <Placemark>
        <name>2025-07-28 10:20:05 UTC</name>
        <description><![CDATA[<div><div><span><b>Altitude:</b></span> <span>2,200 ft</span></div>
<div><span><b>Speed:</b></span> <span>126 kt</span></div>
<div><span><b>Heading:</b></span> <span>21&deg;</span></div>
</div>]]></description>
        <TimeStamp>
          <when>2025-07-28T10:20:05+00:00</when>
        </TimeStamp>
        <Style>
          <IconStyle>
            <heading>21</heading>
            <Icon>
              <href>http://maps.google.com/mapfiles/kml/shapes/airports.png</href>
            </Icon>
          </IconStyle>
        </Style>
        <Point>
          <altitudeMode>absolute</altitudeMode>
          <coordinates>18.317242,-34.02438,670.56</coordinates>
        </Point>
      </Placemark>
      <Placemark>
        <name>2025-07-28 10:20:07 UTC</name>
        <description><![CDATA[<div><div><span><b>Altitude:</b></span> <span>2,200 ft</span></div>
<div><span><b>Speed:</b></span> <span>126 kt</span></div>
<div><span><b>Heading:</b></span> <span>21&deg;</span></div>
</div>]]></description>
        <TimeStamp>
          <when>2025-07-28T10:20:07+00:00</when>
        </TimeStamp>
        <Style>
          <IconStyle>
            <heading>21</heading>
            <Icon>
              <href>http://maps.google.com/mapfiles/kml/shapes/airports.png</href>
            </Icon>
          </IconStyle>
        </Style>
        <Point>
          <altitudeMode>absolute</altitudeMode>
          <coordinates>18.317909,-34.02301,670.56</coordinates>
        </Point>
      </Placemark>
      <Placemark>
        <name>2025-07-28 10:20:09 UTC</name>
        <description><![CDATA[<div><div><span><b>Altitude:</b></span> <span>2,200 ft</span></div>
<div><span><b>Speed:</b></span> <span>127 kt</span></div>
<div><span><b>Heading:</b></span> <span>21&deg;</span></div>
</div>]]></description>
        <TimeStamp>
          <when>2025-07-28T10:20:09+00:00</when>
        </TimeStamp>
        <Style>
          <IconStyle>
            <heading>21</heading>
            <Icon>
              <href>http://maps.google.com/mapfiles/kml/shapes/airports.png</href>
            </Icon>
          </IconStyle>
        </Style>
        <Point>
          <altitudeMode>absolute</altitudeMode>
          <coordinates>18.3183,-34.022141,670.56</coordinates>
        </Point>
      </Placemark>
      <Placemark>
        <name>2025-07-28 10:20:11 UTC</name>
        <description><![CDATA[<div><div><span><b>Altitude:</b></span> <span>2,100 ft</span></div>
<div><span><b>Speed:</b></span> <span>127 kt</span></div>
<div><span><b>Heading:</b></span> <span>21&deg;</span></div>
</div>]]></description>
        <TimeStamp>
          <when>2025-07-28T10:20:11+00:00</when>
        </TimeStamp>
        <Style>
          <IconStyle>
            <heading>21</heading>
            <Icon>
              <href>http://maps.google.com/mapfiles/kml/shapes/airports.png</href>
            </Icon>
          </IconStyle>
        </Style>
        <Point>
          <altitudeMode>absolute</altitudeMode>
          <coordinates>18.318958,-34.020748,640.08</coordinates>
        </Point>
      </Placemark>
      <Placemark>
        <name>2025-07-28 10:20:13 UTC</name>
        <description><![CDATA[<div><div><span><b>Altitude:</b></span> <span>2,100 ft</span></div>
<div><span><b>Speed:</b></span> <span>127 kt</span></div>
<div><span><b>Heading:</b></span> <span>21&deg;</span></div>
</div>]]></description>
        <TimeStamp>
          <when>2025-07-28T10:20:13+00:00</when>
        </TimeStamp>
        <Style>
          <IconStyle>
            <heading>21</heading>
            <Icon>
              <href>http://maps.google.com/mapfiles/kml/shapes/airports.png</href>
            </Icon>
          </IconStyle>
        </Style>
        <Point>
          <altitudeMode>absolute</altitudeMode>
          <coordinates>18.319473,-34.019676,640.08</coordinates>
        </Point>
      </Placemark>
      <Placemark>
        <name>2025-07-28 10:20:16 UTC</name>
        <description><![CDATA[<div><div><span><b>Altitude:</b></span> <span>2,100 ft</span></div>
<div><span><b>Speed:</b></span> <span>127 kt</span></div>
<div><span><b>Heading:</b></span> <span>21&deg;</span></div>
</div>]]></description>
        <TimeStamp>
          <when>2025-07-28T10:20:16+00:00</when>
        </TimeStamp>
        <Style>
          <IconStyle>
            <heading>21</heading>
            <Icon>
              <href>http://maps.google.com/mapfiles/kml/shapes/airports.png</href>
            </Icon>
          </IconStyle>
        </Style>
        <Point>
          <altitudeMode>absolute</altitudeMode>
          <coordinates>18.319983,-34.018616,640.08</coordinates>
        </Point>
      </Placemark>
      <Placemark>
        <name>2025-07-28 10:20:20 UTC</name>
        <description><![CDATA[<div><div><span><b>Altitude:</b></span> <span>2,000 ft</span></div>
<div><span><b>Speed:</b></span> <span>126 kt</span></div>
<div><span><b>Heading:</b></span> <span>20&deg;</span></div>
</div>]]></description>
        <TimeStamp>
          <when>2025-07-28T10:20:20+00:00</when>
        </TimeStamp>
        <Style>
          <IconStyle>
            <heading>20</heading>
            <Icon>
              <href>http://maps.google.com/mapfiles/kml/shapes/airports.png</href>
            </Icon>
          </IconStyle>
        </Style>
        <Point>
          <altitudeMode>absolute</altitudeMode>
          <coordinates>18.320599,-34.017288,609.6</coordinates>
        </Point>
      </Placemark>
      <Placemark>
        <name>2025-07-28 10:20:22 UTC</name>
        <description><![CDATA[<div><div><span><b>Altitude:</b></span> <span>2,000 ft</span></div>
<div><span><b>Speed:</b></span> <span>125 kt</span></div>
<div><span><b>Heading:</b></span> <span>20&deg;</span></div>
</div>]]></description>
        <TimeStamp>
          <when>2025-07-28T10:20:22+00:00</when>
        </TimeStamp>
        <Style>
          <IconStyle>
            <heading>20</heading>
            <Icon>
              <href>http://maps.google.com/mapfiles/kml/shapes/airports.png</href>
            </Icon>
          </IconStyle>
        </Style>
        <Point>
          <altitudeMode>absolute</altitudeMode>
          <coordinates>18.321705,-34.014835,609.6</coordinates>
        </Point>
      </Placemark>
      <Placemark>
        <name>2025-07-28 10:20:29 UTC</name>
        <description><![CDATA[<div><div><span><b>Altitude:</b></span> <span>1,900 ft</span></div>
<div><span><b>Speed:</b></span> <span>125 kt</span></div>
<div><span><b>Heading:</b></span> <span>20&deg;</span></div>
</div>]]></description>
        <TimeStamp>
          <when>2025-07-28T10:20:29+00:00</when>
        </TimeStamp>
        <Style>
          <IconStyle>
            <heading>20</heading>
            <Icon>
              <href>http://maps.google.com/mapfiles/kml/shapes/airports.png</href>
            </Icon>
          </IconStyle>
        </Style>
        <Point>
          <altitudeMode>absolute</altitudeMode>
          <coordinates>18.323421,-34.010971,579.12</coordinates>
        </Point>
      </Placemark>
      <Placemark>
        <name>2025-07-28 10:20:38 UTC</name>
        <description><![CDATA[<div><div><span><b>Altitude:</b></span> <span>1,800 ft</span></div>
<div><span><b>Speed:</b></span> <span>125 kt</span></div>
<div><span><b>Heading:</b></span> <span>21&deg;</span></div>
</div>]]></description>
        <TimeStamp>
          <when>2025-07-28T10:20:38+00:00</when>
        </TimeStamp>
        <Style>
          <IconStyle>
            <heading>21</heading>
            <Icon>
              <href>http://maps.google.com/mapfiles/kml/shapes/airports.png</href>
            </Icon>
          </IconStyle>
        </Style>
        <Point>
          <altitudeMode>absolute</altitudeMode>
          <coordinates>18.325476,-34.006393,548.64</coordinates>
        </Point>
      </Placemark>
      <Placemark>
        <name>2025-07-28 10:20:44 UTC</name>
        <description><![CDATA[<div><div><span><b>Altitude:</b></span> <span>1,800 ft</span></div>
<div><span><b>Speed:</b></span> <span>122 kt</span></div>
<div><span><b>Heading:</b></span> <span>21&deg;</span></div>
</div>]]></description>
        <TimeStamp>
          <when>2025-07-28T10:20:44+00:00</when>
        </TimeStamp>
        <Style>
          <IconStyle>
            <heading>21</heading>
            <Icon>
              <href>http://maps.google.com/mapfiles/kml/shapes/airports.png</href>
            </Icon>
          </IconStyle>
        </Style>
        <Point>
          <altitudeMode>absolute</altitudeMode>
          <coordinates>18.327255,-34.002686,548.64</coordinates>
        </Point>
      </Placemark>
      <Placemark>
        <name>2025-07-28 10:20:51 UTC</name>
        <description><![CDATA[<div><div><span><b>Altitude:</b></span> <span>1,800 ft</span></div>
<div><span><b>Speed:</b></span> <span>118 kt</span></div>
<div><span><b>Heading:</b></span> <span>21&deg;</span></div>
</div>]]></description>
        <TimeStamp>
          <when>2025-07-28T10:20:51+00:00</when>
        </TimeStamp>
        <Style>
          <IconStyle>
            <heading>21</heading>
            <Icon>
              <href>http://maps.google.com/mapfiles/kml/shapes/airports.png</href>
            </Icon>
          </IconStyle>
        </Style>
        <Point>
          <altitudeMode>absolute</altitudeMode>
          <coordinates>18.328783,-33.99939,548.64</coordinates>
        </Point>
      </Placemark>
      <Placemark>
        <name>2025-07-28 10:21:05 UTC</name>
        <description><![CDATA[<div><div><span><b>Altitude:</b></span> <span>1,800 ft</span></div>
<div><span><b>Speed:</b></span> <span>116 kt</span></div>
<div><span><b>Heading:</b></span> <span>21&deg;</span></div>
</div>]]></description>
        <TimeStamp>
          <when>2025-07-28T10:21:05+00:00</when>
        </TimeStamp>
        <Style>
          <IconStyle>
            <heading>21</heading>
            <Icon>
              <href>http://maps.google.com/mapfiles/kml/shapes/airports.png</href>
            </Icon>
          </IconStyle>
        </Style>
        <Point>
          <altitudeMode>absolute</altitudeMode>
          <coordinates>18.332201,-33.992432,548.64</coordinates>
        </Point>
      </Placemark>
      <Placemark>
        <name>2025-07-28 10:21:16 UTC</name>
        <description><![CDATA[<div><div><span><b>Altitude:</b></span> <span>1,800 ft</span></div>
<div><span><b>Speed:</b></span> <span>114 kt</span></div>
<div><span><b>Heading:</b></span> <span>20&deg;</span></div>
</div>]]></description>
        <TimeStamp>
          <when>2025-07-28T10:21:16+00:00</when>
        </TimeStamp>
        <Style>
          <IconStyle>
            <heading>20</heading>
            <Icon>
              <href>http://maps.google.com/mapfiles/kml/shapes/airports.png</href>
            </Icon>
          </IconStyle>
        </Style>
        <Point>
          <altitudeMode>absolute</altitudeMode>
          <coordinates>18.334694,-33.986813,548.64</coordinates>
        </Point>
      </Placemark>
      <Placemark>
        <name>2025-07-28 10:21:27 UTC</name>
        <description><![CDATA[<div><div><span><b>Altitude:</b></span> <span>1,800 ft</span></div>
<div><span><b>Speed:</b></span> <span>113 kt</span></div>
<div><span><b>Heading:</b></span> <span>21&deg;</span></div>
</div>]]></description>
        <TimeStamp>
          <when>2025-07-28T10:21:27+00:00</when>
        </TimeStamp>
        <Style>
          <IconStyle>
            <heading>21</heading>
            <Icon>
              <href>http://maps.google.com/mapfiles/kml/shapes/airports.png</href>
            </Icon>
          </IconStyle>
        </Style>
        <Point>
          <altitudeMode>absolute</altitudeMode>
          <coordinates>18.337078,-33.981537,548.64</coordinates>
        </Point>
      </Placemark>
      <Placemark>
        <name>2025-07-28 10:21:37 UTC</name>
        <description><![CDATA[<div><div><span><b>Altitude:</b></span> <span>1,800 ft</span></div>
<div><span><b>Speed:</b></span> <span>112 kt</span></div>
<div><span><b>Heading:</b></span> <span>22&deg;</span></div>
</div>]]></description>
        <TimeStamp>
          <when>2025-07-28T10:21:37+00:00</when>
        </TimeStamp>
        <Style>
          <IconStyle>
            <heading>22</heading>
            <Icon>
              <href>http://maps.google.com/mapfiles/kml/shapes/airports.png</href>
            </Icon>
          </IconStyle>
        </Style>
        <Point>
          <altitudeMode>absolute</altitudeMode>
          <coordinates>18.339672,-33.976292,548.64</coordinates>
        </Point>
      </Placemark>
      <Placemark>
        <name>2025-07-28 10:21:49 UTC</name>
        <description><![CDATA[<div><div><span><b>Altitude:</b></span> <span>1,800 ft</span></div>
<div><span><b>Speed:</b></span> <span>111 kt</span></div>
<div><span><b>Heading:</b></span> <span>21&deg;</span></div>
</div>]]></description>
        <TimeStamp>
          <when>2025-07-28T10:21:49+00:00</when>
        </TimeStamp>
        <Style>
          <IconStyle>
            <heading>21</heading>
            <Icon>
              <href>http://maps.google.com/mapfiles/kml/shapes/airports.png</href>
            </Icon>
          </IconStyle>
        </Style>
        <Point>
          <altitudeMode>absolute</altitudeMode>
          <coordinates>18.342247,-33.970982,548.64</coordinates>
        </Point>
      </Placemark>
      <Placemark>
        <name>2025-07-28 10:21:59 UTC</name>
        <description><![CDATA[<div><div><span><b>Altitude:</b></span> <span>1,800 ft</span></div>
<div><span><b>Speed:</b></span> <span>112 kt</span></div>
<div><span><b>Heading:</b></span> <span>22&deg;</span></div>
</div>]]></description>
        <TimeStamp>
          <when>2025-07-28T10:21:59+00:00</when>
        </TimeStamp>
        <Style>
          <IconStyle>
            <heading>22</heading>
            <Icon>
              <href>http://maps.google.com/mapfiles/kml/shapes/airports.png</href>
            </Icon>
          </IconStyle>
        </Style>
        <Point>
          <altitudeMode>absolute</altitudeMode>
          <coordinates>18.344765,-33.965771,548.64</coordinates>
        </Point>
      </Placemark>
      <Placemark>
        <name>2025-07-28 10:22:11 UTC</name>
        <description><![CDATA[<div><div><span><b>Altitude:</b></span> <span>1,800 ft</span></div>
<div><span><b>Speed:</b></span> <span>113 kt</span></div>
<div><span><b>Heading:</b></span> <span>23&deg;</span></div>
</div>]]></description>
        <TimeStamp>
          <when>2025-07-28T10:22:11+00:00</when>
        </TimeStamp>
        <Style>
          <IconStyle>
            <heading>23</heading>
            <Icon>
              <href>http://maps.google.com/mapfiles/kml/shapes/airports.png</href>
            </Icon>
          </IconStyle>
        </Style>
        <Point>
          <altitudeMode>absolute</altitudeMode>
          <coordinates>18.347511,-33.960464,548.64</coordinates>
        </Point>
      </Placemark>
      <Placemark>
        <name>2025-07-28 10:22:17 UTC</name>
        <description><![CDATA[<div><div><span><b>Altitude:</b></span> <span>1,700 ft</span></div>
<div><span><b>Speed:</b></span> <span>113 kt</span></div>
<div><span><b>Heading:</b></span> <span>24&deg;</span></div>
</div>]]></description>
        <TimeStamp>
          <when>2025-07-28T10:22:17+00:00</when>
        </TimeStamp>
        <Style>
          <IconStyle>
            <heading>24</heading>
            <Icon>
              <href>http://maps.google.com/mapfiles/kml/shapes/airports.png</href>
            </Icon>
          </IconStyle>
        </Style>
        <Point>
          <altitudeMode>absolute</altitudeMode>
          <coordinates>18.349018,-33.95755,518.16</coordinates>
        </Point>
      </Placemark>
      <Placemark>
        <name>2025-07-28 10:22:27 UTC</name>
        <description><![CDATA[<div><div><span><b>Altitude:</b></span> <span>1,700 ft</span></div>
<div><span><b>Speed:</b></span> <span>115 kt</span></div>
<div><span><b>Heading:</b></span> <span>25&deg;</span></div>
</div>]]></description>
        <TimeStamp>
          <when>2025-07-28T10:22:27+00:00</when>
        </TimeStamp>
        <Style>
          <IconStyle>
            <heading>25</heading>
            <Icon>
              <href>http://maps.google.com/mapfiles/kml/shapes/airports.png</href>
            </Icon>
          </IconStyle>
        </Style>
        <Point>
          <altitudeMode>absolute</altitudeMode>
          <coordinates>18.351746,-33.952736,518.16</coordinates>
        </Point>
      </Placemark>
      <Placemark>
        <name>2025-07-28 10:22:34 UTC</name>
        <description><![CDATA[<div><div><span><b>Altitude:</b></span> <span>1,700 ft</span></div>
<div><span><b>Speed:</b></span> <span>116 kt</span></div>
<div><span><b>Heading:</b></span> <span>24&deg;</span></div>
</div>]]></description>
        <TimeStamp>
          <when>2025-07-28T10:22:34+00:00</when>
        </TimeStamp>
        <Style>
          <IconStyle>
            <heading>24</heading>
            <Icon>
              <href>http://maps.google.com/mapfiles/kml/shapes/airports.png</href>
            </Icon>
          </IconStyle>
        </Style>
        <Point>
          <altitudeMode>absolute</altitudeMode>
          <coordinates>18.353783,-33.949127,518.16</coordinates>
        </Point>
      </Placemark>
      <Placemark>
        <name>2025-07-28 10:22:40 UTC</name>
        <description><![CDATA[<div><div><span><b>Altitude:</b></span> <span>1,700 ft</span></div>
<div><span><b>Speed:</b></span> <span>113 kt</span></div>
<div><span><b>Heading:</b></span> <span>24&deg;</span></div>
</div>]]></description>
        <TimeStamp>
          <when>2025-07-28T10:22:40+00:00</when>
        </TimeStamp>
        <Style>
          <IconStyle>
            <heading>24</heading>
            <Icon>
              <href>http://maps.google.com/mapfiles/kml/shapes/airports.png</href>
            </Icon>
          </IconStyle>
        </Style>
        <Point>
          <altitudeMode>absolute</altitudeMode>
          <coordinates>18.35552,-33.946014,518.16</coordinates>
        </Point>
      </Placemark>
      <Placemark>
        <name>2025-07-28 10:22:47 UTC</name>
        <description><![CDATA[<div><div><span><b>Altitude:</b></span> <span>1,700 ft</span></div>
<div><span><b>Speed:</b></span> <span>108 kt</span></div>
<div><span><b>Heading:</b></span> <span>25&deg;</span></div>
</div>]]></description>
        <TimeStamp>
          <when>2025-07-28T10:22:47+00:00</when>
        </TimeStamp>
        <Style>
          <IconStyle>
            <heading>25</heading>
            <Icon>
              <href>http://maps.google.com/mapfiles/kml/shapes/airports.png</href>
            </Icon>
          </IconStyle>
        </Style>
        <Point>
          <altitudeMode>absolute</altitudeMode>
          <coordinates>18.357239,-33.942913,518.16</coordinates>
        </Point>
      </Placemark>
      <Placemark>
        <name>2025-07-28 10:22:54 UTC</name>
        <description><![CDATA[<div><div><span><b>Altitude:</b></span> <span>1,700 ft</span></div>
<div><span><b>Speed:</b></span> <span>108 kt</span></div>
<div><span><b>Heading:</b></span> <span>23&deg;</span></div>
</div>]]></description>
        <TimeStamp>
          <when>2025-07-28T10:22:54+00:00</when>
        </TimeStamp>
        <Style>
          <IconStyle>
            <heading>23</heading>
            <Icon>
              <href>http://maps.google.com/mapfiles/kml/shapes/airports.png</href>
            </Icon>
          </IconStyle>
        </Style>
        <Point>
          <altitudeMode>absolute</altitudeMode>
          <coordinates>18.358955,-33.939701,518.16</coordinates>
        </Point>
      </Placemark>
      <Placemark>
        <name>2025-07-28 10:23:01 UTC</name>
        <description><![CDATA[<div><div><span><b>Altitude:</b></span> <span>1,700 ft</span></div>
<div><span><b>Speed:</b></span> <span>110 kt</span></div>
<div><span><b>Heading:</b></span> <span>21&deg;</span></div>
</div>]]></description>
        <TimeStamp>
          <when>2025-07-28T10:23:01+00:00</when>
        </TimeStamp>
        <Style>
          <IconStyle>
            <heading>21</heading>
            <Icon>
              <href>http://maps.google.com/mapfiles/kml/shapes/airports.png</href>
            </Icon>
          </IconStyle>
        </Style>
        <Point>
          <altitudeMode>absolute</altitudeMode>
          <coordinates>18.360676,-33.936356,518.16</coordinates>
        </Point>
      </Placemark>
      <Placemark>
        <name>2025-07-28 10:23:07 UTC</name>
        <description><![CDATA[<div><div><span><b>Altitude:</b></span> <span>1,700 ft</span></div>
<div><span><b>Speed:</b></span> <span>109 kt</span></div>
<div><span><b>Heading:</b></span> <span>18&deg;</span></div>
</div>]]></description>
        <TimeStamp>
          <when>2025-07-28T10:23:07+00:00</when>
        </TimeStamp>
        <Style>
          <IconStyle>
            <heading>18</heading>
            <Icon>
              <href>http://maps.google.com/mapfiles/kml/shapes/airports.png</href>
            </Icon>
          </IconStyle>
        </Style>
        <Point>
          <altitudeMode>absolute</altitudeMode>
          <coordinates>18.36191,-33.933517,518.16</coordinates>
        </Point>
      </Placemark>
      <Placemark>
        <name>2025-07-28 10:23:10 UTC</name>
        <description><![CDATA[<div><div><span><b>Altitude:</b></span> <span>1,700 ft</span></div>
<div><span><b>Speed:</b></span> <span>109 kt</span></div>
<div><span><b>Heading:</b></span> <span>18&deg;</span></div>
</div>]]></description>
        <TimeStamp>
          <when>2025-07-28T10:23:10+00:00</when>
        </TimeStamp>
        <Style>
          <IconStyle>
            <heading>18</heading>
            <Icon>
              <href>http://maps.google.com/mapfiles/kml/shapes/airports.png</href>
            </Icon>
          </IconStyle>
        </Style>
        <Point>
          <altitudeMode>absolute</altitudeMode>
          <coordinates>18.362358,-33.932373,518.16</coordinates>
        </Point>
      </Placemark>
      <Placemark>
        <name>2025-07-28 10:23:12 UTC</name>
        <description><![CDATA[<div><div><span><b>Altitude:</b></span> <span>1,700 ft</span></div>
<div><span><b>Speed:</b></span> <span>109 kt</span></div>
<div><span><b>Heading:</b></span> <span>16&deg;</span></div>
</div>]]></description>
        <TimeStamp>
          <when>2025-07-28T10:23:12+00:00</when>
        </TimeStamp>
        <Style>
          <IconStyle>
            <heading>16</heading>
            <Icon>
              <href>http://maps.google.com/mapfiles/kml/shapes/airports.png</href>
            </Icon>
          </IconStyle>
        </Style>
        <Point>
          <altitudeMode>absolute</altitudeMode>
          <coordinates>18.362751,-33.931412,518.16</coordinates>
        </Point>
      </Placemark>
      <Placemark>
        <name>2025-07-28 10:23:14 UTC</name>
        <description><![CDATA[<div><div><span><b>Altitude:</b></span> <span>1,700 ft</span></div>
<div><span><b>Speed:</b></span> <span>110 kt</span></div>
<div><span><b>Heading:</b></span> <span>16&deg;</span></div>
</div>]]></description>
        <TimeStamp>
          <when>2025-07-28T10:23:14+00:00</when>
        </TimeStamp>
        <Style>
          <IconStyle>
            <heading>16</heading>
            <Icon>
              <href>http://maps.google.com/mapfiles/kml/shapes/airports.png</href>
            </Icon>
          </IconStyle>
        </Style>
        <Point>
          <altitudeMode>absolute</altitudeMode>
          <coordinates>18.36319,-33.930111,518.16</coordinates>
        </Point>
      </Placemark>
      <Placemark>
        <name>2025-07-28 10:23:16 UTC</name>
        <description><![CDATA[<div><div><span><b>Altitude:</b></span> <span>1,700 ft</span></div>
<div><span><b>Speed:</b></span> <span>110 kt</span></div>
<div><span><b>Heading:</b></span> <span>16&deg;</span></div>
</div>]]></description>
        <TimeStamp>
          <when>2025-07-28T10:23:16+00:00</when>
        </TimeStamp>
        <Style>
          <IconStyle>
            <heading>16</heading>
            <Icon>
              <href>http://maps.google.com/mapfiles/kml/shapes/airports.png</href>
            </Icon>
          </IconStyle>
        </Style>
        <Point>
          <altitudeMode>absolute</altitudeMode>
          <coordinates>18.363535,-33.929169,518.16</coordinates>
        </Point>
      </Placemark>
      <Placemark>
        <name>2025-07-28 10:23:18 UTC</name>
        <description><![CDATA[<div><div><span><b>Altitude:</b></span> <span>1,700 ft</span></div>
<div><span><b>Speed:</b></span> <span>110 kt</span></div>
<div><span><b>Heading:</b></span> <span>16&deg;</span></div>
</div>]]></description>
        <TimeStamp>
          <when>2025-07-28T10:23:18+00:00</when>
        </TimeStamp>
        <Style>
          <IconStyle>
            <heading>16</heading>
            <Icon>
              <href>http://maps.google.com/mapfiles/kml/shapes/airports.png</href>
            </Icon>
          </IconStyle>
        </Style>
        <Point>
          <altitudeMode>absolute</altitudeMode>
          <coordinates>18.363876,-33.928204,518.16</coordinates>
        </Point>
      </Placemark>
      <Placemark>
        <name>2025-07-28 10:23:20 UTC</name>
        <description><![CDATA[<div><div><span><b>Altitude:</b></span> <span>1,800 ft</span></div>
<div><span><b>Speed:</b></span> <span>109 kt</span></div>
<div><span><b>Heading:</b></span> <span>16&deg;</span></div>
</div>]]></description>
        <TimeStamp>
          <when>2025-07-28T10:23:20+00:00</when>
        </TimeStamp>
        <Style>
          <IconStyle>
            <heading>16</heading>
            <Icon>
              <href>http://maps.google.com/mapfiles/kml/shapes/airports.png</href>
            </Icon>
          </IconStyle>
        </Style>
        <Point>
          <altitudeMode>absolute</altitudeMode>
          <coordinates>18.364277,-33.926945,548.64</coordinates>
        </Point>
      </Placemark>
      <Placemark>
        <name>2025-07-28 10:23:22 UTC</name>
        <description><![CDATA[<div><div><span><b>Altitude:</b></span> <span>1,800 ft</span></div>
<div><span><b>Speed:</b></span> <span>110 kt</span></div>
<div><span><b>Heading:</b></span> <span>16&deg;</span></div>
</div>]]></description>
        <TimeStamp>
          <when>2025-07-28T10:23:22+00:00</when>
        </TimeStamp>
        <Style>
          <IconStyle>
            <heading>16</heading>
            <Icon>
              <href>http://maps.google.com/mapfiles/kml/shapes/airports.png</href>
            </Icon>
          </IconStyle>
        </Style>
        <Point>
          <altitudeMode>absolute</altitudeMode>
          <coordinates>18.36462,-33.92606,548.64</coordinates>
        </Point>
      </Placemark>
      <Placemark>
        <name>2025-07-28 10:23:25 UTC</name>
        <description><![CDATA[<div><div><span><b>Altitude:</b></span> <span>1,800 ft</span></div>
<div><span><b>Speed:</b></span> <span>111 kt</span></div>
<div><span><b>Heading:</b></span> <span>17&deg;</span></div>
</div>]]></description>
        <TimeStamp>
          <when>2025-07-28T10:23:25+00:00</when>
        </TimeStamp>
        <Style>
          <IconStyle>
            <heading>17</heading>
            <Icon>
              <href>http://maps.google.com/mapfiles/kml/shapes/airports.png</href>
            </Icon>
          </IconStyle>
        </Style>
        <Point>
          <altitudeMode>absolute</altitudeMode>
          <coordinates>18.365078,-33.92485,548.64</coordinates>
        </Point>
      </Placemark>
      <Placemark>
        <name>2025-07-28 10:23:27 UTC</name>
        <description><![CDATA[<div><div><span><b>Altitude:</b></span> <span>1,700 ft</span></div>
<div><span><b>Speed:</b></span> <span>111 kt</span></div>
<div><span><b>Heading:</b></span> <span>17&deg;</span></div>
</div>]]></description>
        <TimeStamp>
          <when>2025-07-28T10:23:27+00:00</when>
        </TimeStamp>
        <Style>
          <IconStyle>
            <heading>17</heading>
            <Icon>
              <href>http://maps.google.com/mapfiles/kml/shapes/airports.png</href>
            </Icon>
          </IconStyle>
        </Style>
        <Point>
          <altitudeMode>absolute</altitudeMode>
          <coordinates>18.365421,-33.92392,518.16</coordinates>
        </Point>
      </Placemark>
      <Placemark>
        <name>2025-07-28 10:23:29 UTC</name>
        <description><![CDATA[<div><div><span><b>Altitude:</b></span> <span>1,700 ft</span></div>
<div><span><b>Speed:</b></span> <span>111 kt</span></div>
<div><span><b>Heading:</b></span> <span>15&deg;</span></div>
</div>]]></description>
        <TimeStamp>
          <when>2025-07-28T10:23:29+00:00</when>
        </TimeStamp>
        <Style>
          <IconStyle>
            <heading>15</heading>
            <Icon>
              <href>http://maps.google.com/mapfiles/kml/shapes/airports.png</href>
            </Icon>
          </IconStyle>
        </Style>
        <Point>
          <altitudeMode>absolute</altitudeMode>
          <coordinates>18.365778,-33.922852,518.16</coordinates>
        </Point>
      </Placemark>
      <Placemark>
        <name>2025-07-28 10:23:31 UTC</name>
        <description><![CDATA[<div><div><span><b>Altitude:</b></span> <span>1,700 ft</span></div>
<div><span><b>Speed:</b></span> <span>110 kt</span></div>
<div><span><b>Heading:</b></span> <span>10&deg;</span></div>
</div>]]></description>
        <TimeStamp>
          <when>2025-07-28T10:23:31+00:00</when>
        </TimeStamp>
        <Style>
          <IconStyle>
            <heading>10</heading>
            <Icon>
              <href>http://maps.google.com/mapfiles/kml/shapes/airports.png</href>
            </Icon>
          </IconStyle>
        </Style>
        <Point>
          <altitudeMode>absolute</altitudeMode>
          <coordinates>18.366108,-33.921593,518.16</coordinates>
        </Point>
      </Placemark>
      <Placemark>
        <name>2025-07-28 10:23:33 UTC</name>
        <description><![CDATA[<div><div><span><b>Altitude:</b></span> <span>1,700 ft</span></div>
<div><span><b>Speed:</b></span> <span>109 kt</span></div>
<div><span><b>Heading:</b></span> <span>4&deg;</span></div>
</div>]]></description>
        <TimeStamp>
          <when>2025-07-28T10:23:33+00:00</when>
        </TimeStamp>
        <Style>
          <IconStyle>
            <heading>4</heading>
            <Icon>
              <href>http://maps.google.com/mapfiles/kml/shapes/airports.png</href>
            </Icon>
          </IconStyle>
        </Style>
        <Point>
          <altitudeMode>absolute</altitudeMode>
          <coordinates>18.366222,-33.920567,518.16</coordinates>
        </Point>
      </Placemark>
      <Placemark>
        <name>2025-07-28 10:23:35 UTC</name>
        <description><![CDATA[<div><div><span><b>Altitude:</b></span> <span>1,700 ft</span></div>
<div><span><b>Speed:</b></span> <span>110 kt</span></div>
<div><span><b>Heading:</b></span> <span>357&deg;</span></div>
</div>]]></description>
        <TimeStamp>
          <when>2025-07-28T10:23:35+00:00</when>
        </TimeStamp>
        <Style>
          <IconStyle>
            <heading>357</heading>
            <Icon>
              <href>http://maps.google.com/mapfiles/kml/shapes/airports.png</href>
            </Icon>
          </IconStyle>
        </Style>
        <Point>
          <altitudeMode>absolute</altitudeMode>
          <coordinates>18.366222,-33.919403,518.16</coordinates>
        </Point>
      </Placemark>
      <Placemark>
        <name>2025-07-28 10:23:38 UTC</name>
        <description><![CDATA[<div><div><span><b>Altitude:</b></span> <span>1,700 ft</span></div>
<div><span><b>Speed:</b></span> <span>110 kt</span></div>
<div><span><b>Heading:</b></span> <span>356&deg;</span></div>
</div>]]></description>
        <TimeStamp>
          <when>2025-07-28T10:23:38+00:00</when>
        </TimeStamp>
        <Style>
          <IconStyle>
            <heading>356</heading>
            <Icon>
              <href>http://maps.google.com/mapfiles/kml/shapes/airports.png</href>
            </Icon>
          </IconStyle>
        </Style>
        <Point>
          <altitudeMode>absolute</altitudeMode>
          <coordinates>18.366114,-33.918411,518.16</coordinates>
        </Point>
      </Placemark>
      <Placemark>
        <name>2025-07-28 10:23:40 UTC</name>
        <description><![CDATA[<div><div><span><b>Altitude:</b></span> <span>1,700 ft</span></div>
<div><span><b>Speed:</b></span> <span>110 kt</span></div>
<div><span><b>Heading:</b></span> <span>2&deg;</span></div>
</div>]]></description>
        <TimeStamp>
          <when>2025-07-28T10:23:40+00:00</when>
        </TimeStamp>
        <Style>
          <IconStyle>
            <heading>2</heading>
            <Icon>
              <href>http://maps.google.com/mapfiles/kml/shapes/airports.png</href>
            </Icon>
          </IconStyle>
        </Style>
        <Point>
          <altitudeMode>absolute</altitudeMode>
          <coordinates>18.366108,-33.91745,518.16</coordinates>
        </Point>
      </Placemark>
      <Placemark>
        <name>2025-07-28 10:23:42 UTC</name>
        <description><![CDATA[<div><div><span><b>Altitude:</b></span> <span>1,700 ft</span></div>
<div><span><b>Speed:</b></span> <span>108 kt</span></div>
<div><span><b>Heading:</b></span> <span>11&deg;</span></div>
</div>]]></description>
        <TimeStamp>
          <when>2025-07-28T10:23:42+00:00</when>
        </TimeStamp>
        <Style>
          <IconStyle>
            <heading>11</heading>
            <Icon>
              <href>http://maps.google.com/mapfiles/kml/shapes/airports.png</href>
            </Icon>
          </IconStyle>
        </Style>
        <Point>
          <altitudeMode>absolute</altitudeMode>
          <coordinates>18.366339,-33.916077,518.16</coordinates>
        </Point>
      </Placemark>
      <Placemark>
        <name>2025-07-28 10:23:47 UTC</name>
        <description><![CDATA[<div><div><span><b>Altitude:</b></span> <span>1,700 ft</span></div>
<div><span><b>Speed:</b></span> <span>106 kt</span></div>
<div><span><b>Heading:</b></span> <span>25&deg;</span></div>
</div>]]></description>
        <TimeStamp>
          <when>2025-07-28T10:23:47+00:00</when>
        </TimeStamp>
        <Style>
          <IconStyle>
            <heading>25</heading>
            <Icon>
              <href>http://maps.google.com/mapfiles/kml/shapes/airports.png</href>
            </Icon>
          </IconStyle>
        </Style>
        <Point>
          <altitudeMode>absolute</altitudeMode>
          <coordinates>18.367195,-33.914051,518.16</coordinates>
        </Point>
      </Placemark>
      <Placemark>
        <name>2025-07-28 10:23:49 UTC</name>
        <description><![CDATA[<div><div><span><b>Altitude:</b></span> <span>1,700 ft</span></div>
<div><span><b>Speed:</b></span> <span>106 kt</span></div>
<div><span><b>Heading:</b></span> <span>30&deg;</span></div>
</div>]]></description>
        <TimeStamp>
          <when>2025-07-28T10:23:49+00:00</when>
        </TimeStamp>
        <Style>
          <IconStyle>
            <heading>30</heading>
            <Icon>
              <href>http://maps.google.com/mapfiles/kml/shapes/airports.png</href>
            </Icon>
          </IconStyle>
        </Style>
        <Point>
          <altitudeMode>absolute</altitudeMode>
          <coordinates>18.367996,-33.912979,518.16</coordinates>
        </Point>
      </Placemark>
      <Placemark>
        <name>2025-07-28 10:23:51 UTC</name>
        <description><![CDATA[<div><div><span><b>Altitude:</b></span> <span>1,700 ft</span></div>
<div><span><b>Speed:</b></span> <span>106 kt</span></div>
<div><span><b>Heading:</b></span> <span>35&deg;</span></div>
</div>]]></description>
        <TimeStamp>
          <when>2025-07-28T10:23:51+00:00</when>
        </TimeStamp>
        <Style>
          <IconStyle>
            <heading>35</heading>
            <Icon>
              <href>http://maps.google.com/mapfiles/kml/shapes/airports.png</href>
            </Icon>
          </IconStyle>
        </Style>
        <Point>
          <altitudeMode>absolute</altitudeMode>
          <coordinates>18.368626,-33.91214,518.16</coordinates>
        </Point>
      </Placemark>
      <Placemark>
        <name>2025-07-28 10:23:53 UTC</name>
        <description><![CDATA[<div><div><span><b>Altitude:</b></span> <span>1,700 ft</span></div>
<div><span><b>Speed:</b></span> <span>107 kt</span></div>
<div><span><b>Heading:</b></span> <span>38&deg;</span></div>
</div>]]></description>
        <TimeStamp>
          <when>2025-07-28T10:23:53+00:00</when>
        </TimeStamp>
        <Style>
          <IconStyle>
            <heading>38</heading>
            <Icon>
              <href>http://maps.google.com/mapfiles/kml/shapes/airports.png</href>
            </Icon>
          </IconStyle>
        </Style>
        <Point>
          <altitudeMode>absolute</altitudeMode>
          <coordinates>18.369308,-33.911453,518.16</coordinates>
        </Point>
      </Placemark>
      <Placemark>
        <name>2025-07-28 10:23:55 UTC</name>
        <description><![CDATA[<div><div><span><b>Altitude:</b></span> <span>1,700 ft</span></div>
<div><span><b>Speed:</b></span> <span>107 kt</span></div>
<div><span><b>Heading:</b></span> <span>39&deg;</span></div>
</div>]]></description>
        <TimeStamp>
          <when>2025-07-28T10:23:55+00:00</when>
        </TimeStamp>
        <Style>
          <IconStyle>
            <heading>39</heading>
            <Icon>
              <href>http://maps.google.com/mapfiles/kml/shapes/airports.png</href>
            </Icon>
          </IconStyle>
        </Style>
        <Point>
          <altitudeMode>absolute</altitudeMode>
          <coordinates>18.370262,-33.910492,518.16</coordinates>
        </Point>
      </Placemark>
      <Placemark>
        <name>2025-07-28 10:23:58 UTC</name>
        <description><![CDATA[<div><div><span><b>Altitude:</b></span> <span>1,700 ft</span></div>
<div><span><b>Speed:</b></span> <span>108 kt</span></div>
<div><span><b>Heading:</b></span> <span>40&deg;</span></div>
</div>]]></description>
        <TimeStamp>
          <when>2025-07-28T10:23:58+00:00</when>
        </TimeStamp>
        <Style>
          <IconStyle>
            <heading>40</heading>
            <Icon>
              <href>http://maps.google.com/mapfiles/kml/shapes/airports.png</href>
            </Icon>
          </IconStyle>
        </Style>
        <Point>
          <altitudeMode>absolute</altitudeMode>
          <coordinates>18.371046,-33.909668,518.16</coordinates>
        </Point>
      </Placemark>
      <Placemark>
        <name>2025-07-28 10:24:00 UTC</name>
        <description><![CDATA[<div><div><span><b>Altitude:</b></span> <span>1,700 ft</span></div>
<div><span><b>Speed:</b></span> <span>109 kt</span></div>
<div><span><b>Heading:</b></span> <span>40&deg;</span></div>
</div>]]></description>
        <TimeStamp>
          <when>2025-07-28T10:24:00+00:00</when>
        </TimeStamp>
        <Style>
          <IconStyle>
            <heading>40</heading>
            <Icon>
              <href>http://maps.google.com/mapfiles/kml/shapes/airports.png</href>
            </Icon>
          </IconStyle>
        </Style>
        <Point>
          <altitudeMode>absolute</altitudeMode>
          <coordinates>18.371832,-33.908936,518.16</coordinates>
        </Point>
      </Placemark>
      <Placemark>
        <name>2025-07-28 10:24:02 UTC</name>
        <description><![CDATA[<div><div><span><b>Altitude:</b></span> <span>1,700 ft</span></div>
<div><span><b>Speed:</b></span> <span>109 kt</span></div>
<div><span><b>Heading:</b></span> <span>40&deg;</span></div>
</div>]]></description>
        <TimeStamp>
          <when>2025-07-28T10:24:02+00:00</when>
        </TimeStamp>
        <Style>
          <IconStyle>
            <heading>40</heading>
            <Icon>
              <href>http://maps.google.com/mapfiles/kml/shapes/airports.png</href>
            </Icon>
          </IconStyle>
        </Style>
        <Point>
          <altitudeMode>absolute</altitudeMode>
          <coordinates>18.372803,-33.907951,518.16</coordinates>
        </Point>
      </Placemark>
      <Placemark>
        <name>2025-07-28 10:24:04 UTC</name>
        <description><![CDATA[<div><div><span><b>Altitude:</b></span> <span>1,700 ft</span></div>
<div><span><b>Speed:</b></span> <span>109 kt</span></div>
<div><span><b>Heading:</b></span> <span>40&deg;</span></div>
</div>]]></description>
        <TimeStamp>
          <when>2025-07-28T10:24:04+00:00</when>
        </TimeStamp>
        <Style>
          <IconStyle>
            <heading>40</heading>
            <Icon>
              <href>http://maps.google.com/mapfiles/kml/shapes/airports.png</href>
            </Icon>
          </IconStyle>
        </Style>
        <Point>
          <altitudeMode>absolute</altitudeMode>
          <coordinates>18.373547,-33.907253,518.16</coordinates>
        </Point>
      </Placemark>
      <Placemark>
        <name>2025-07-28 10:24:06 UTC</name>
        <description><![CDATA[<div><div><span><b>Altitude:</b></span> <span>1,700 ft</span></div>
<div><span><b>Speed:</b></span> <span>109 kt</span></div>
<div><span><b>Heading:</b></span> <span>40&deg;</span></div>
</div>]]></description>
        <TimeStamp>
          <when>2025-07-28T10:24:06+00:00</when>
        </TimeStamp>
        <Style>
          <IconStyle>
            <heading>40</heading>
            <Icon>
              <href>http://maps.google.com/mapfiles/kml/shapes/airports.png</href>
            </Icon>
          </IconStyle>
        </Style>
        <Point>
          <altitudeMode>absolute</altitudeMode>
          <coordinates>18.374348,-33.906509,518.16</coordinates>
        </Point>
      </Placemark>
      <Placemark>
        <name>2025-07-28 10:24:08 UTC</name>
        <description><![CDATA[<div><div><span><b>Altitude:</b></span> <span>1,700 ft</span></div>
<div><span><b>Speed:</b></span> <span>109 kt</span></div>
<div><span><b>Heading:</b></span> <span>40&deg;</span></div>
</div>]]></description>
        <TimeStamp>
          <when>2025-07-28T10:24:08+00:00</when>
        </TimeStamp>
        <Style>
          <IconStyle>
            <heading>40</heading>
            <Icon>
              <href>http://maps.google.com/mapfiles/kml/shapes/airports.png</href>
            </Icon>
          </IconStyle>
        </Style>
        <Point>
          <altitudeMode>absolute</altitudeMode>
          <coordinates>18.375137,-33.905685,518.16</coordinates>
        </Point>
      </Placemark>
      <Placemark>
        <name>2025-07-28 10:24:10 UTC</name>
        <description><![CDATA[<div><div><span><b>Altitude:</b></span> <span>1,700 ft</span></div>
<div><span><b>Speed:</b></span> <span>107 kt</span></div>
<div><span><b>Heading:</b></span> <span>41&deg;</span></div>
</div>]]></description>
        <TimeStamp>
          <when>2025-07-28T10:24:10+00:00</when>
        </TimeStamp>
        <Style>
          <IconStyle>
            <heading>41</heading>
            <Icon>
              <href>http://maps.google.com/mapfiles/kml/shapes/airports.png</href>
            </Icon>
          </IconStyle>
        </Style>
        <Point>
          <altitudeMode>absolute</altitudeMode>
          <coordinates>18.375893,-33.904972,518.16</coordinates>
        </Point>
      </Placemark>
      <Placemark>
        <name>2025-07-28 10:24:12 UTC</name>
        <description><![CDATA[<div><div><span><b>Altitude:</b></span> <span>1,700 ft</span></div>
<div><span><b>Speed:</b></span> <span>107 kt</span></div>
<div><span><b>Heading:</b></span> <span>41&deg;</span></div>
</div>]]></description>
        <TimeStamp>
          <when>2025-07-28T10:24:12+00:00</when>
        </TimeStamp>
        <Style>
          <IconStyle>
            <heading>41</heading>
            <Icon>
              <href>http://maps.google.com/mapfiles/kml/shapes/airports.png</href>
            </Icon>
          </IconStyle>
        </Style>
        <Point>
          <altitudeMode>absolute</altitudeMode>
          <coordinates>18.37698,-33.90395,518.16</coordinates>
        </Point>
      </Placemark>
      <Placemark>
        <name>2025-07-28 10:24:15 UTC</name>
        <description><![CDATA[<div><div><span><b>Altitude:</b></span> <span>1,700 ft</span></div>
<div><span><b>Speed:</b></span> <span>107 kt</span></div>
<div><span><b>Heading:</b></span> <span>42&deg;</span></div>
</div>]]></description>
        <TimeStamp>
          <when>2025-07-28T10:24:15+00:00</when>
        </TimeStamp>
        <Style>
          <IconStyle>
            <heading>42</heading>
            <Icon>
              <href>http://maps.google.com/mapfiles/kml/shapes/airports.png</href>
            </Icon>
          </IconStyle>
        </Style>
        <Point>
          <altitudeMode>absolute</altitudeMode>
          <coordinates>18.377781,-33.903252,518.16</coordinates>
        </Point>
      </Placemark>
      <Placemark>
        <name>2025-07-28 10:24:17 UTC</name>
        <description><![CDATA[<div><div><span><b>Altitude:</b></span> <span>1,700 ft</span></div>
<div><span><b>Speed:</b></span> <span>106 kt</span></div>
<div><span><b>Heading:</b></span> <span>43&deg;</span></div>
</div>]]></description>
        <TimeStamp>
          <when>2025-07-28T10:24:17+00:00</when>
        </TimeStamp>
        <Style>
          <IconStyle>
            <heading>43</heading>
            <Icon>
              <href>http://maps.google.com/mapfiles/kml/shapes/airports.png</href>
            </Icon>
          </IconStyle>
        </Style>
        <Point>
          <altitudeMode>absolute</altitudeMode>
          <coordinates>18.378782,-33.902344,518.16</coordinates>
        </Point>
      </Placemark>
      <Placemark>
        <name>2025-07-28 10:24:19 UTC</name>
        <description><![CDATA[<div><div><span><b>Altitude:</b></span> <span>1,700 ft</span></div>
<div><span><b>Speed:</b></span> <span>106 kt</span></div>
<div><span><b>Heading:</b></span> <span>44&deg;</span></div>
</div>]]></description>
        <TimeStamp>
          <when>2025-07-28T10:24:19+00:00</when>
        </TimeStamp>
        <Style>
          <IconStyle>
            <heading>44</heading>
            <Icon>
              <href>http://maps.google.com/mapfiles/kml/shapes/airports.png</href>
            </Icon>
          </IconStyle>
        </Style>
        <Point>
          <altitudeMode>absolute</altitudeMode>
          <coordinates>18.379791,-33.90152,518.16</coordinates>
        </Point>
      </Placemark>
      <Placemark>
        <name>2025-07-28 10:24:21 UTC</name>
        <description><![CDATA[<div><div><span><b>Altitude:</b></span> <span>1,700 ft</span></div>
<div><span><b>Speed:</b></span> <span>106 kt</span></div>
<div><span><b>Heading:</b></span> <span>45&deg;</span></div>
</div>]]></description>
        <TimeStamp>
          <when>2025-07-28T10:24:21+00:00</when>
        </TimeStamp>
        <Style>
          <IconStyle>
            <heading>45</heading>
            <Icon>
              <href>http://maps.google.com/mapfiles/kml/shapes/airports.png</href>
            </Icon>
          </IconStyle>
        </Style>
        <Point>
          <altitudeMode>absolute</altitudeMode>
          <coordinates>18.38047,-33.900921,518.16</coordinates>
        </Point>
      </Placemark>
      <Placemark>
        <name>2025-07-28 10:24:23 UTC</name>
        <description><![CDATA[<div><div><span><b>Altitude:</b></span> <span>1,700 ft</span></div>
<div><span><b>Speed:</b></span> <span>105 kt</span></div>
<div><span><b>Heading:</b></span> <span>47&deg;</span></div>
</div>]]></description>
        <TimeStamp>
          <when>2025-07-28T10:24:23+00:00</when>
        </TimeStamp>
        <Style>
          <IconStyle>
            <heading>47</heading>
            <Icon>
              <href>http://maps.google.com/mapfiles/kml/shapes/airports.png</href>
            </Icon>
          </IconStyle>
        </Style>
        <Point>
          <altitudeMode>absolute</altitudeMode>
          <coordinates>18.381443,-33.900177,518.16</coordinates>
        </Point>
      </Placemark>
      <Placemark>
        <name>2025-07-28 10:24:25 UTC</name>
        <description><![CDATA[<div><div><span><b>Altitude:</b></span> <span>1,700 ft</span></div>
<div><span><b>Speed:</b></span> <span>105 kt</span></div>
<div><span><b>Heading:</b></span> <span>48&deg;</span></div>
</div>]]></description>
        <TimeStamp>
          <when>2025-07-28T10:24:25+00:00</when>
        </TimeStamp>
        <Style>
          <IconStyle>
            <heading>48</heading>
            <Icon>
              <href>http://maps.google.com/mapfiles/kml/shapes/airports.png</href>
            </Icon>
          </IconStyle>
        </Style>
        <Point>
          <altitudeMode>absolute</altitudeMode>
          <coordinates>18.382313,-33.899506,518.16</coordinates>
        </Point>
      </Placemark>
      <Placemark>
        <name>2025-07-28 10:24:27 UTC</name>
        <description><![CDATA[<div><div><span><b>Altitude:</b></span> <span>1,700 ft</span></div>
<div><span><b>Speed:</b></span> <span>105 kt</span></div>
<div><span><b>Heading:</b></span> <span>50&deg;</span></div>
</div>]]></description>
        <TimeStamp>
          <when>2025-07-28T10:24:27+00:00</when>
        </TimeStamp>
        <Style>
          <IconStyle>
            <heading>50</heading>
            <Icon>
              <href>http://maps.google.com/mapfiles/kml/shapes/airports.png</href>
            </Icon>
          </IconStyle>
        </Style>
        <Point>
          <altitudeMode>absolute</altitudeMode>
          <coordinates>18.383446,-33.898735,518.16</coordinates>
        </Point>
      </Placemark>
      <Placemark>
        <name>2025-07-28 10:24:30 UTC</name>
        <description><![CDATA[<div><div><span><b>Altitude:</b></span> <span>1,700 ft</span></div>
<div><span><b>Speed:</b></span> <span>105 kt</span></div>
<div><span><b>Heading:</b></span> <span>51&deg;</span></div>
</div>]]></description>
        <TimeStamp>
          <when>2025-07-28T10:24:30+00:00</when>
        </TimeStamp>
        <Style>
          <IconStyle>
            <heading>51</heading>
            <Icon>
              <href>http://maps.google.com/mapfiles/kml/shapes/airports.png</href>
            </Icon>
          </IconStyle>
        </Style>
        <Point>
          <altitudeMode>absolute</altitudeMode>
          <coordinates>18.384361,-33.898083,518.16</coordinates>
        </Point>
      </Placemark>
      <Placemark>
        <name>2025-07-28 10:24:32 UTC</name>
        <description><![CDATA[<div><div><span><b>Altitude:</b></span> <span>1,700 ft</span></div>
<div><span><b>Speed:</b></span> <span>106 kt</span></div>
<div><span><b>Heading:</b></span> <span>53&deg;</span></div>
</div>]]></description>
        <TimeStamp>
          <when>2025-07-28T10:24:32+00:00</when>
        </TimeStamp>
        <Style>
          <IconStyle>
            <heading>53</heading>
            <Icon>
              <href>http://maps.google.com/mapfiles/kml/shapes/airports.png</href>
            </Icon>
          </IconStyle>
        </Style>
        <Point>
          <altitudeMode>absolute</altitudeMode>
          <coordinates>18.385334,-33.897476,518.16</coordinates>
        </Point>
      </Placemark>
      <Placemark>
        <name>2025-07-28 10:24:34 UTC</name>
        <description><![CDATA[<div><div><span><b>Altitude:</b></span> <span>1,700 ft</span></div>
<div><span><b>Speed:</b></span> <span>107 kt</span></div>
<div><span><b>Heading:</b></span> <span>54&deg;</span></div>
</div>]]></description>
        <TimeStamp>
          <when>2025-07-28T10:24:34+00:00</when>
        </TimeStamp>
        <Style>
          <IconStyle>
            <heading>54</heading>
            <Icon>
              <href>http://maps.google.com/mapfiles/kml/shapes/airports.png</href>
            </Icon>
          </IconStyle>
        </Style>
        <Point>
          <altitudeMode>absolute</altitudeMode>
          <coordinates>18.38625,-33.896919,518.16</coordinates>
        </Point>
      </Placemark>
      <Placemark>
        <name>2025-07-28 10:24:36 UTC</name>
        <description><![CDATA[<div><div><span><b>Altitude:</b></span> <span>1,700 ft</span></div>
<div><span><b>Speed:</b></span> <span>109 kt</span></div>
<div><span><b>Heading:</b></span> <span>55&deg;</span></div>
</div>]]></description>
        <TimeStamp>
          <when>2025-07-28T10:24:36+00:00</when>
        </TimeStamp>
        <Style>
          <IconStyle>
            <heading>55</heading>
            <Icon>
              <href>http://maps.google.com/mapfiles/kml/shapes/airports.png</href>
            </Icon>
          </IconStyle>
        </Style>
        <Point>
          <altitudeMode>absolute</altitudeMode>
          <coordinates>18.387337,-33.896267,518.16</coordinates>
        </Point>
      </Placemark>
      <Placemark>
        <name>2025-07-28 10:24:38 UTC</name>
        <description><![CDATA[<div><div><span><b>Altitude:</b></span> <span>1,700 ft</span></div>
<div><span><b>Speed:</b></span> <span>111 kt</span></div>
<div><span><b>Heading:</b></span> <span>56&deg;</span></div>
</div>]]></description>
        <TimeStamp>
          <when>2025-07-28T10:24:38+00:00</when>
        </TimeStamp>
        <Style>
          <IconStyle>
            <heading>56</heading>
            <Icon>
              <href>http://maps.google.com/mapfiles/kml/shapes/airports.png</href>
            </Icon>
          </IconStyle>
        </Style>
        <Point>
          <altitudeMode>absolute</altitudeMode>
          <coordinates>18.388367,-33.89571,518.16</coordinates>
        </Point>
      </Placemark>
      <Placemark>
        <name>2025-07-28 10:24:40 UTC</name>
        <description><![CDATA[<div><div><span><b>Altitude:</b></span> <span>1,600 ft</span></div>
<div><span><b>Speed:</b></span> <span>111 kt</span></div>
<div><span><b>Heading:</b></span> <span>58&deg;</span></div>
</div>]]></description>
        <TimeStamp>
          <when>2025-07-28T10:24:40+00:00</when>
        </TimeStamp>
        <Style>
          <IconStyle>
            <heading>58</heading>
            <Icon>
              <href>http://maps.google.com/mapfiles/kml/shapes/airports.png</href>
            </Icon>
          </IconStyle>
        </Style>
        <Point>
          <altitudeMode>absolute</altitudeMode>
          <coordinates>18.389601,-33.895065,487.68</coordinates>
        </Point>
      </Placemark>
      <Placemark>
        <name>2025-07-28 10:24:42 UTC</name>
        <description><![CDATA[<div><div><span><b>Altitude:</b></span> <span>1,600 ft</span></div>
<div><span><b>Speed:</b></span> <span>113 kt</span></div>
<div><span><b>Heading:</b></span> <span>60&deg;</span></div>
</div>]]></description>
        <TimeStamp>
          <when>2025-07-28T10:24:42+00:00</when>
        </TimeStamp>
        <Style>
          <IconStyle>
            <heading>60</heading>
            <Icon>
              <href>http://maps.google.com/mapfiles/kml/shapes/airports.png</href>
            </Icon>
          </IconStyle>
        </Style>
        <Point>
          <altitudeMode>absolute</altitudeMode>
          <coordinates>18.390713,-33.894547,487.68</coordinates>
        </Point>
      </Placemark>
      <Placemark>
        <name>2025-07-28 10:24:44 UTC</name>
        <description><![CDATA[<div><div><span><b>Altitude:</b></span> <span>1,600 ft</span></div>
<div><span><b>Speed:</b></span> <span>115 kt</span></div>
<div><span><b>Heading:</b></span> <span>61&deg;</span></div>
</div>]]></description>
        <TimeStamp>
          <when>2025-07-28T10:24:44+00:00</when>
        </TimeStamp>
        <Style>
          <IconStyle>
            <heading>61</heading>
            <Icon>
              <href>http://maps.google.com/mapfiles/kml/shapes/airports.png</href>
            </Icon>
          </IconStyle>
        </Style>
        <Point>
          <altitudeMode>absolute</altitudeMode>
          <coordinates>18.391787,-33.894058,487.68</coordinates>
        </Point>
      </Placemark>
      <Placemark>
        <name>2025-07-28 10:24:47 UTC</name>
        <description><![CDATA[<div><div><span><b>Altitude:</b></span> <span>1,500 ft</span></div>
<div><span><b>Speed:</b></span> <span>116 kt</span></div>
<div><span><b>Heading:</b></span> <span>62&deg;</span></div>
</div>]]></description>
        <TimeStamp>
          <when>2025-07-28T10:24:47+00:00</when>
        </TimeStamp>
        <Style>
          <IconStyle>
            <heading>62</heading>
            <Icon>
              <href>http://maps.google.com/mapfiles/kml/shapes/airports.png</href>
            </Icon>
          </IconStyle>
        </Style>
        <Point>
          <altitudeMode>absolute</altitudeMode>
          <coordinates>18.393173,-33.893429,457.2</coordinates>
        </Point>
      </Placemark>
      <Placemark>
        <name>2025-07-28 10:24:49 UTC</name>
        <description><![CDATA[<div><div><span><b>Altitude:</b></span> <span>1,500 ft</span></div>
<div><span><b>Speed:</b></span> <span>116 kt</span></div>
<div><span><b>Heading:</b></span> <span>63&deg;</span></div>
</div>]]></description>
        <TimeStamp>
          <when>2025-07-28T10:24:49+00:00</when>
        </TimeStamp>
        <Style>
          <IconStyle>
            <heading>63</heading>
            <Icon>
              <href>http://maps.google.com/mapfiles/kml/shapes/airports.png</href>
            </Icon>
          </IconStyle>
        </Style>
        <Point>
          <altitudeMode>absolute</altitudeMode>
          <coordinates>18.394432,-33.892868,457.2</coordinates>
        </Point>
      </Placemark>
      <Placemark>
        <name>2025-07-28 10:24:51 UTC</name>
        <description><![CDATA[<div><div><span><b>Altitude:</b></span> <span>1,400 ft</span></div>
<div><span><b>Speed:</b></span> <span>115 kt</span></div>
<div><span><b>Heading:</b></span> <span>64&deg;</span></div>
</div>]]></description>
        <TimeStamp>
          <when>2025-07-28T10:24:51+00:00</when>
        </TimeStamp>
        <Style>
          <IconStyle>
            <heading>64</heading>
            <Icon>
              <href>http://maps.google.com/mapfiles/kml/shapes/airports.png</href>
            </Icon>
          </IconStyle>
        </Style>
        <Point>
          <altitudeMode>absolute</altitudeMode>
          <coordinates>18.395933,-33.892273,426.72</coordinates>
        </Point>
      </Placemark>
      <Placemark>
        <name>2025-07-28 10:24:54 UTC</name>
        <description><![CDATA[<div><div><span><b>Altitude:</b></span> <span>1,400 ft</span></div>
<div><span><b>Speed:</b></span> <span>115 kt</span></div>
<div><span><b>Heading:</b></span> <span>65&deg;</span></div>
</div>]]></description>
        <TimeStamp>
          <when>2025-07-28T10:24:54+00:00</when>
        </TimeStamp>
        <Style>
          <IconStyle>
            <heading>65</heading>
            <Icon>
              <href>http://maps.google.com/mapfiles/kml/shapes/airports.png</href>
            </Icon>
          </IconStyle>
        </Style>
        <Point>
          <altitudeMode>absolute</altitudeMode>
          <coordinates>18.397121,-33.891846,426.72</coordinates>
        </Point>
      </Placemark>
      <Placemark>
        <name>2025-07-28 10:24:56 UTC</name>
        <description><![CDATA[<div><div><span><b>Altitude:</b></span> <span>1,400 ft</span></div>
<div><span><b>Speed:</b></span> <span>114 kt</span></div>
<div><span><b>Heading:</b></span> <span>66&deg;</span></div>
</div>]]></description>
        <TimeStamp>
          <when>2025-07-28T10:24:56+00:00</when>
        </TimeStamp>
        <Style>
          <IconStyle>
            <heading>66</heading>
            <Icon>
              <href>http://maps.google.com/mapfiles/kml/shapes/airports.png</href>
            </Icon>
          </IconStyle>
        </Style>
        <Point>
          <altitudeMode>absolute</altitudeMode>
          <coordinates>18.398609,-33.891285,426.72</coordinates>
        </Point>
      </Placemark>
      <Placemark>
        <name>2025-07-28 10:24:58 UTC</name>
        <description><![CDATA[<div><div><span><b>Altitude:</b></span> <span>1,300 ft</span></div>
<div><span><b>Speed:</b></span> <span>113 kt</span></div>
<div><span><b>Heading:</b></span> <span>68&deg;</span></div>
</div>]]></description>
        <TimeStamp>
          <when>2025-07-28T10:24:58+00:00</when>
        </TimeStamp>
        <Style>
          <IconStyle>
            <heading>68</heading>
            <Icon>
              <href>http://maps.google.com/mapfiles/kml/shapes/airports.png</href>
            </Icon>
          </IconStyle>
        </Style>
        <Point>
          <altitudeMode>absolute</altitudeMode>
          <coordinates>18.399746,-33.8909,396.24</coordinates>
        </Point>
      </Placemark>
      <Placemark>
        <name>2025-07-28 10:25:00 UTC</name>
        <description><![CDATA[<div><div><span><b>Altitude:</b></span> <span>1,300 ft</span></div>
<div><span><b>Speed:</b></span> <span>112 kt</span></div>
<div><span><b>Heading:</b></span> <span>69&deg;</span></div>
</div>]]></description>
        <TimeStamp>
          <when>2025-07-28T10:25:00+00:00</when>
        </TimeStamp>
        <Style>
          <IconStyle>
            <heading>69</heading>
            <Icon>
              <href>http://maps.google.com/mapfiles/kml/shapes/airports.png</href>
            </Icon>
          </IconStyle>
        </Style>
        <Point>
          <altitudeMode>absolute</altitudeMode>
          <coordinates>18.401184,-33.89045,396.24</coordinates>
        </Point>
      </Placemark>
      <Placemark>
        <name>2025-07-28 10:25:02 UTC</name>
        <description><![CDATA[<div><div><span><b>Altitude:</b></span> <span>1,200 ft</span></div>
<div><span><b>Speed:</b></span> <span>112 kt</span></div>
<div><span><b>Heading:</b></span> <span>70&deg;</span></div>
</div>]]></description>
        <TimeStamp>
          <when>2025-07-28T10:25:02+00:00</when>
        </TimeStamp>
        <Style>
          <IconStyle>
            <heading>70</heading>
            <Icon>
              <href>http://maps.google.com/mapfiles/kml/shapes/airports.png</href>
            </Icon>
          </IconStyle>
        </Style>
        <Point>
          <altitudeMode>absolute</altitudeMode>
          <coordinates>18.402443,-33.890076,365.76</coordinates>
        </Point>
      </Placemark>
      <Placemark>
        <name>2025-07-28 10:25:05 UTC</name>
        <description><![CDATA[<div><div><span><b>Altitude:</b></span> <span>1,200 ft</span></div>
<div><span><b>Speed:</b></span> <span>112 kt</span></div>
<div><span><b>Heading:</b></span> <span>71&deg;</span></div>
</div>]]></description>
        <TimeStamp>
          <when>2025-07-28T10:25:05+00:00</when>
        </TimeStamp>
        <Style>
          <IconStyle>
            <heading>71</heading>
            <Icon>
              <href>http://maps.google.com/mapfiles/kml/shapes/airports.png</href>
            </Icon>
          </IconStyle>
        </Style>
        <Point>
          <altitudeMode>absolute</altitudeMode>
          <coordinates>18.403931,-33.889656,365.76</coordinates>
        </Point>
      </Placemark>
      <Placemark>
        <name>2025-07-28 10:25:07 UTC</name>
        <description><![CDATA[<div><div><span><b>Altitude:</b></span> <span>1,200 ft</span></div>
<div><span><b>Speed:</b></span> <span>112 kt</span></div>
<div><span><b>Heading:</b></span> <span>73&deg;</span></div>
</div>]]></description>
        <TimeStamp>
          <when>2025-07-28T10:25:07+00:00</when>
        </TimeStamp>
        <Style>
          <IconStyle>
            <heading>73</heading>
            <Icon>
              <href>http://maps.google.com/mapfiles/kml/shapes/airports.png</href>
            </Icon>
          </IconStyle>
        </Style>
        <Point>
          <altitudeMode>absolute</altitudeMode>
          <coordinates>18.405018,-33.889423,365.76</coordinates>
        </Point>
      </Placemark>
      <Placemark>
        <name>2025-07-28 10:25:09 UTC</name>
        <description><![CDATA[<div><div><span><b>Altitude:</b></span> <span>1,100 ft</span></div>
<div><span><b>Speed:</b></span> <span>111 kt</span></div>
<div><span><b>Heading:</b></span> <span>74&deg;</span></div>
</div>]]></description>
        <TimeStamp>
          <when>2025-07-28T10:25:09+00:00</when>
        </TimeStamp>
        <Style>
          <IconStyle>
            <heading>74</heading>
            <Icon>
              <href>http://maps.google.com/mapfiles/kml/shapes/airports.png</href>
            </Icon>
          </IconStyle>
        </Style>
        <Point>
          <altitudeMode>absolute</altitudeMode>
          <coordinates>18.406639,-33.889023,335.28</coordinates>
        </Point>
      </Placemark>
      <Placemark>
        <name>2025-07-28 10:25:12 UTC</name>
        <description><![CDATA[<div><div><span><b>Altitude:</b></span> <span>1,100 ft</span></div>
<div><span><b>Speed:</b></span> <span>112 kt</span></div>
<div><span><b>Heading:</b></span> <span>76&deg;</span></div>
</div>]]></description>
        <TimeStamp>
          <when>2025-07-28T10:25:12+00:00</when>
        </TimeStamp>
        <Style>
          <IconStyle>
            <heading>76</heading>
            <Icon>
              <href>http://maps.google.com/mapfiles/kml/shapes/airports.png</href>
            </Icon>
          </IconStyle>
        </Style>
        <Point>
          <altitudeMode>absolute</altitudeMode>
          <coordinates>18.40765,-33.888821,335.28</coordinates>
        </Point>
      </Placemark>
      <Placemark>
        <name>2025-07-28 10:25:14 UTC</name>
        <description><![CDATA[<div><div><span><b>Altitude:</b></span> <span>1,000 ft</span></div>
<div><span><b>Speed:</b></span> <span>112 kt</span></div>
<div><span><b>Heading:</b></span> <span>76&deg;</span></div>
</div>]]></description>
        <TimeStamp>
          <when>2025-07-28T10:25:14+00:00</when>
        </TimeStamp>
        <Style>
          <IconStyle>
            <heading>76</heading>
            <Icon>
              <href>http://maps.google.com/mapfiles/kml/shapes/airports.png</href>
            </Icon>
          </IconStyle>
        </Style>
        <Point>
          <altitudeMode>absolute</altitudeMode>
          <coordinates>18.409252,-33.888493,304.8</coordinates>
        </Point>
      </Placemark>
      <Placemark>
        <name>2025-07-28 10:25:16 UTC</name>
        <description><![CDATA[<div><div><span><b>Altitude:</b></span> <span>1,000 ft</span></div>
<div><span><b>Speed:</b></span> <span>110 kt</span></div>
<div><span><b>Heading:</b></span> <span>77&deg;</span></div>
</div>]]></description>
        <TimeStamp>
          <when>2025-07-28T10:25:16+00:00</when>
        </TimeStamp>
        <Style>
          <IconStyle>
            <heading>77</heading>
            <Icon>
              <href>http://maps.google.com/mapfiles/kml/shapes/airports.png</href>
            </Icon>
          </IconStyle>
        </Style>
        <Point>
          <altitudeMode>absolute</altitudeMode>
          <coordinates>18.410454,-33.88826,304.8</coordinates>
        </Point>
      </Placemark>
      <Placemark>
        <name>2025-07-28 10:25:18 UTC</name>
        <description><![CDATA[<div><div><span><b>Altitude:</b></span> <span>1,000 ft</span></div>
<div><span><b>Speed:</b></span> <span>109 kt</span></div>
<div><span><b>Heading:</b></span> <span>77&deg;</span></div>
</div>]]></description>
        <TimeStamp>
          <when>2025-07-28T10:25:18+00:00</when>
        </TimeStamp>
        <Style>
          <IconStyle>
            <heading>77</heading>
            <Icon>
              <href>http://maps.google.com/mapfiles/kml/shapes/airports.png</href>
            </Icon>
          </IconStyle>
        </Style>
        <Point>
          <altitudeMode>absolute</altitudeMode>
          <coordinates>18.411884,-33.888027,304.8</coordinates>
        </Point>
      </Placemark>
      <Placemark>
        <name>2025-07-28 10:25:21 UTC</name>
        <description><![CDATA[<div><div><span><b>Altitude:</b></span> <span>900 ft</span></div>
<div><span><b>Speed:</b></span> <span>108 kt</span></div>
<div><span><b>Heading:</b></span> <span>78&deg;</span></div>
</div>]]></description>
        <TimeStamp>
          <when>2025-07-28T10:25:21+00:00</when>
        </TimeStamp>
        <Style>
          <IconStyle>
            <heading>78</heading>
            <Icon>
              <href>http://maps.google.com/mapfiles/kml/shapes/airports.png</href>
            </Icon>
          </IconStyle>
        </Style>
        <Point>
          <altitudeMode>absolute</altitudeMode>
          <coordinates>18.413029,-33.887794,274.32</coordinates>
        </Point>
      </Placemark>
      <Placemark>
        <name>2025-07-28 10:25:23 UTC</name>
        <description><![CDATA[<div><div><span><b>Altitude:</b></span> <span>900 ft</span></div>
<div><span><b>Speed:</b></span> <span>106 kt</span></div>
<div><span><b>Heading:</b></span> <span>79&deg;</span></div>
</div>]]></description>
        <TimeStamp>
          <when>2025-07-28T10:25:23+00:00</when>
        </TimeStamp>
        <Style>
          <IconStyle>
            <heading>79</heading>
            <Icon>
              <href>http://maps.google.com/mapfiles/kml/shapes/airports.png</href>
            </Icon>
          </IconStyle>
        </Style>
        <Point>
          <altitudeMode>absolute</altitudeMode>
          <coordinates>18.414543,-33.887558,274.32</coordinates>
        </Point>
      </Placemark>
      <Placemark>
        <name>2025-07-28 10:25:25 UTC</name>
        <description><![CDATA[<div><div><span><b>Altitude:</b></span> <span>800 ft</span></div>
<div><span><b>Speed:</b></span> <span>105 kt</span></div>
<div><span><b>Heading:</b></span> <span>79&deg;</span></div>
</div>]]></description>
        <TimeStamp>
          <when>2025-07-28T10:25:25+00:00</when>
        </TimeStamp>
        <Style>
          <IconStyle>
            <heading>79</heading>
            <Icon>
              <href>http://maps.google.com/mapfiles/kml/shapes/airports.png</href>
            </Icon>
          </IconStyle>
        </Style>
        <Point>
          <altitudeMode>absolute</altitudeMode>
          <coordinates>18.415718,-33.887375,243.84</coordinates>
        </Point>
      </Placemark>
      <Placemark>
        <name>2025-07-28 10:25:27 UTC</name>
        <description><![CDATA[<div><div><span><b>Altitude:</b></span> <span>800 ft</span></div>
<div><span><b>Speed:</b></span> <span>104 kt</span></div>
<div><span><b>Heading:</b></span> <span>80&deg;</span></div>
</div>]]></description>
        <TimeStamp>
          <when>2025-07-28T10:25:27+00:00</when>
        </TimeStamp>
        <Style>
          <IconStyle>
            <heading>80</heading>
            <Icon>
              <href>http://maps.google.com/mapfiles/kml/shapes/airports.png</href>
            </Icon>
          </IconStyle>
        </Style>
        <Point>
          <altitudeMode>absolute</altitudeMode>
          <coordinates>18.417206,-33.887142,243.84</coordinates>
        </Point>
      </Placemark>
      <Placemark>
        <name>2025-07-28 10:25:29 UTC</name>
        <description><![CDATA[<div><div><span><b>Altitude:</b></span> <span>800 ft</span></div>
<div><span><b>Speed:</b></span> <span>104 kt</span></div>
<div><span><b>Heading:</b></span> <span>80&deg;</span></div>
</div>]]></description>
        <TimeStamp>
          <when>2025-07-28T10:25:29+00:00</when>
        </TimeStamp>
        <Style>
          <IconStyle>
            <heading>80</heading>
            <Icon>
              <href>http://maps.google.com/mapfiles/kml/shapes/airports.png</href>
            </Icon>
          </IconStyle>
        </Style>
        <Point>
          <altitudeMode>absolute</altitudeMode>
          <coordinates>18.418076,-33.887054,243.84</coordinates>
        </Point>
      </Placemark>
      <Placemark>
        <name>2025-07-28 10:25:31 UTC</name>
        <description><![CDATA[<div><div><span><b>Altitude:</b></span> <span>700 ft</span></div>
<div><span><b>Speed:</b></span> <span>103 kt</span></div>
<div><span><b>Heading:</b></span> <span>80&deg;</span></div>
</div>]]></description>
        <TimeStamp>
          <when>2025-07-28T10:25:31+00:00</when>
        </TimeStamp>
        <Style>
          <IconStyle>
            <heading>80</heading>
            <Icon>
              <href>http://maps.google.com/mapfiles/kml/shapes/airports.png</href>
            </Icon>
          </IconStyle>
        </Style>
        <Point>
          <altitudeMode>absolute</altitudeMode>
          <coordinates>18.419588,-33.886871,213.36</coordinates>
        </Point>
      </Placemark>
      <Placemark>
        <name>2025-07-28 10:25:34 UTC</name>
        <description><![CDATA[<div><div><span><b>Altitude:</b></span> <span>700 ft</span></div>
<div><span><b>Speed:</b></span> <span>103 kt</span></div>
<div><span><b>Heading:</b></span> <span>80&deg;</span></div>
</div>]]></description>
        <TimeStamp>
          <when>2025-07-28T10:25:34+00:00</when>
        </TimeStamp>
        <Style>
          <IconStyle>
            <heading>80</heading>
            <Icon>
              <href>http://maps.google.com/mapfiles/kml/shapes/airports.png</href>
            </Icon>
          </IconStyle>
        </Style>
        <Point>
          <altitudeMode>absolute</altitudeMode>
          <coordinates>18.420639,-33.886723,213.36</coordinates>
        </Point>
      </Placemark>
      <Placemark>
        <name>2025-07-28 10:25:36 UTC</name>
        <description><![CDATA[<div><div><span><b>Altitude:</b></span> <span>700 ft</span></div>
<div><span><b>Speed:</b></span> <span>103 kt</span></div>
<div><span><b>Heading:</b></span> <span>79&deg;</span></div>
</div>]]></description>
        <TimeStamp>
          <when>2025-07-28T10:25:36+00:00</when>
        </TimeStamp>
        <Style>
          <IconStyle>
            <heading>79</heading>
            <Icon>
              <href>http://maps.google.com/mapfiles/kml/shapes/airports.png</href>
            </Icon>
          </IconStyle>
        </Style>
        <Point>
          <altitudeMode>absolute</altitudeMode>
          <coordinates>18.422012,-33.88649,213.36</coordinates>
        </Point>
      </Placemark>
      <Placemark>
        <name>2025-07-28 10:25:38 UTC</name>
        <description><![CDATA[<div><div><span><b>Altitude:</b></span> <span>600 ft</span></div>
<div><span><b>Speed:</b></span> <span>102 kt</span></div>
<div><span><b>Heading:</b></span> <span>79&deg;</span></div>
</div>]]></description>
        <TimeStamp>
          <when>2025-07-28T10:25:38+00:00</when>
        </TimeStamp>
        <Style>
          <IconStyle>
            <heading>79</heading>
            <Icon>
              <href>http://maps.google.com/mapfiles/kml/shapes/airports.png</href>
            </Icon>
          </IconStyle>
        </Style>
        <Point>
          <altitudeMode>absolute</altitudeMode>
          <coordinates>18.423344,-33.886322,182.88</coordinates>
        </Point>
      </Placemark>
      <Placemark>
        <name>2025-07-28 10:25:42 UTC</name>
        <description><![CDATA[<div><div><span><b>Altitude:</b></span> <span>600 ft</span></div>
<div><span><b>Speed:</b></span> <span>97 kt</span></div>
<div><span><b>Heading:</b></span> <span>86&deg;</span></div>
</div>]]></description>
        <TimeStamp>
          <when>2025-07-28T10:25:42+00:00</when>
        </TimeStamp>
        <Style>
          <IconStyle>
            <heading>86</heading>
            <Icon>
              <href>http://maps.google.com/mapfiles/kml/shapes/airports.png</href>
            </Icon>
          </IconStyle>
        </Style>
        <Point>
          <altitudeMode>absolute</altitudeMode>
          <coordinates>18.425755,-33.886047,182.88</coordinates>
        </Point>
      </Placemark>
      <Placemark>
        <name>2025-07-28 10:25:45 UTC</name>
        <description><![CDATA[<div><div><span><b>Altitude:</b></span> <span>600 ft</span></div>
<div><span><b>Speed:</b></span> <span>92 kt</span></div>
<div><span><b>Heading:</b></span> <span>94&deg;</span></div>
</div>]]></description>
        <TimeStamp>
          <when>2025-07-28T10:25:45+00:00</when>
        </TimeStamp>
        <Style>
          <IconStyle>
            <heading>94</heading>
            <Icon>
              <href>http://maps.google.com/mapfiles/kml/shapes/airports.png</href>
            </Icon>
          </IconStyle>
        </Style>
        <Point>
          <altitudeMode>absolute</altitudeMode>
          <coordinates>18.426704,-33.886074,182.88</coordinates>
        </Point>
      </Placemark>
      <Placemark>
        <name>2025-07-28 10:25:47 UTC</name>
        <description><![CDATA[<div><div><span><b>Altitude:</b></span> <span>500 ft</span></div>
<div><span><b>Speed:</b></span> <span>90 kt</span></div>
<div><span><b>Heading:</b></span> <span>102&deg;</span></div>
</div>]]></description>
        <TimeStamp>
          <when>2025-07-28T10:25:47+00:00</when>
        </TimeStamp>
        <Style>
          <IconStyle>
            <heading>102</heading>
            <Icon>
              <href>http://maps.google.com/mapfiles/kml/shapes/airports.png</href>
            </Icon>
          </IconStyle>
        </Style>
        <Point>
          <altitudeMode>absolute</altitudeMode>
          <coordinates>18.427734,-33.886211,152.4</coordinates>
        </Point>
      </Placemark>
      <Placemark>
        <name>2025-07-28 10:25:49 UTC</name>
        <description><![CDATA[<div><div><span><b>Altitude:</b></span> <span>500 ft</span></div>
<div><span><b>Speed:</b></span> <span>86 kt</span></div>
<div><span><b>Heading:</b></span> <span>113&deg;</span></div>
</div>]]></description>
        <TimeStamp>
          <when>2025-07-28T10:25:49+00:00</when>
        </TimeStamp>
        <Style>
          <IconStyle>
            <heading>113</heading>
            <Icon>
              <href>http://maps.google.com/mapfiles/kml/shapes/airports.png</href>
            </Icon>
          </IconStyle>
        </Style>
        <Point>
          <altitudeMode>absolute</altitudeMode>
          <coordinates>18.428936,-33.886585,152.4</coordinates>
        </Point>
      </Placemark>
      <Placemark>
        <name>2025-07-28 10:25:51 UTC</name>
        <description><![CDATA[<div><div><span><b>Altitude:</b></span> <span>500 ft</span></div>
<div><span><b>Speed:</b></span> <span>82 kt</span></div>
<div><span><b>Heading:</b></span> <span>128&deg;</span></div>
</div>]]></description>
        <TimeStamp>
          <when>2025-07-28T10:25:51+00:00</when>
        </TimeStamp>
        <Style>
          <IconStyle>
            <heading>128</heading>
            <Icon>
              <href>http://maps.google.com/mapfiles/kml/shapes/airports.png</href>
            </Icon>
          </IconStyle>
        </Style>
        <Point>
          <altitudeMode>absolute</altitudeMode>
          <coordinates>18.42968,-33.887005,152.4</coordinates>
        </Point>
      </Placemark>
      <Placemark>
        <name>2025-07-28 10:25:53 UTC</name>
        <description><![CDATA[<div><div><span><b>Altitude:</b></span> <span>400 ft</span></div>
<div><span><b>Speed:</b></span> <span>81 kt</span></div>
<div><span><b>Heading:</b></span> <span>140&deg;</span></div>
</div>]]></description>
        <TimeStamp>
          <when>2025-07-28T10:25:53+00:00</when>
        </TimeStamp>
        <Style>
          <IconStyle>
            <heading>140</heading>
            <Icon>
              <href>http://maps.google.com/mapfiles/kml/shapes/airports.png</href>
            </Icon>
          </IconStyle>
        </Style>
        <Point>
          <altitudeMode>absolute</altitudeMode>
          <coordinates>18.430367,-33.887516,121.92</coordinates>
        </Point>
      </Placemark>
      <Placemark>
        <name>2025-07-28 10:25:55 UTC</name>
        <description><![CDATA[<div><div><span><b>Altitude:</b></span> <span>400 ft</span></div>
<div><span><b>Speed:</b></span> <span>80 kt</span></div>
<div><span><b>Heading:</b></span> <span>151&deg;</span></div>
</div>]]></description>
        <TimeStamp>
          <when>2025-07-28T10:25:55+00:00</when>
        </TimeStamp>
        <Style>
          <IconStyle>
            <heading>151</heading>
            <Icon>
              <href>http://maps.google.com/mapfiles/kml/shapes/airports.png</href>
            </Icon>
          </IconStyle>
        </Style>
        <Point>
          <altitudeMode>absolute</altitudeMode>
          <coordinates>18.430967,-33.88829,121.92</coordinates>
        </Point>
      </Placemark>
      <Placemark>
        <name>2025-07-28 10:25:58 UTC</name>
        <description><![CDATA[<div><div><span><b>Altitude:</b></span> <span>400 ft</span></div>
<div><span><b>Speed:</b></span> <span>77 kt</span></div>
<div><span><b>Heading:</b></span> <span>164&deg;</span></div>
</div>]]></description>
        <TimeStamp>
          <when>2025-07-28T10:25:58+00:00</when>
        </TimeStamp>
        <Style>
          <IconStyle>
            <heading>164</heading>
            <Icon>
              <href>http://maps.google.com/mapfiles/kml/shapes/airports.png</href>
            </Icon>
          </IconStyle>
        </Style>
        <Point>
          <altitudeMode>absolute</altitudeMode>
          <coordinates>18.431282,-33.888958,121.92</coordinates>
        </Point>
      </Placemark>
      <Placemark>
        <name>2025-07-28 10:26:00 UTC</name>
        <description><![CDATA[<div><div><span><b>Altitude:</b></span> <span>300 ft</span></div>
<div><span><b>Speed:</b></span> <span>73 kt</span></div>
<div><span><b>Heading:</b></span> <span>175&deg;</span></div>
</div>]]></description>
        <TimeStamp>
          <when>2025-07-28T10:26:00+00:00</when>
        </TimeStamp>
        <Style>
          <IconStyle>
            <heading>175</heading>
            <Icon>
              <href>http://maps.google.com/mapfiles/kml/shapes/airports.png</href>
            </Icon>
          </IconStyle>
        </Style>
        <Point>
          <altitudeMode>absolute</altitudeMode>
          <coordinates>18.431471,-33.889938,91.44</coordinates>
        </Point>
      </Placemark>
      <Placemark>
        <name>2025-07-28 10:26:03 UTC</name>
        <description><![CDATA[<div><div><span><b>Altitude:</b></span> <span>300 ft</span></div>
<div><span><b>Speed:</b></span> <span>71 kt</span></div>
<div><span><b>Heading:</b></span> <span>183&deg;</span></div>
</div>]]></description>
        <TimeStamp>
          <when>2025-07-28T10:26:03+00:00</when>
        </TimeStamp>
        <Style>
          <IconStyle>
            <heading>183</heading>
            <Icon>
              <href>http://maps.google.com/mapfiles/kml/shapes/airports.png</href>
            </Icon>
          </IconStyle>
        </Style>
        <Point>
          <altitudeMode>absolute</altitudeMode>
          <coordinates>18.431454,-33.89045,91.44</coordinates>
        </Point>
      </Placemark>
      <Placemark>
        <name>2025-07-28 10:26:05 UTC</name>
        <description><![CDATA[<div><div><span><b>Altitude:</b></span> <span>300 ft</span></div>
<div><span><b>Speed:</b></span> <span>69 kt</span></div>
<div><span><b>Heading:</b></span> <span>195&deg;</span></div>
</div>]]></description>
        <TimeStamp>
          <when>2025-07-28T10:26:05+00:00</when>
        </TimeStamp>
        <Style>
          <IconStyle>
            <heading>195</heading>
            <Icon>
              <href>http://maps.google.com/mapfiles/kml/shapes/airports.png</href>
            </Icon>
          </IconStyle>
        </Style>
        <Point>
          <altitudeMode>absolute</altitudeMode>
          <coordinates>18.43119,-33.891449,91.44</coordinates>
        </Point>
      </Placemark>
      <Placemark>
        <name>2025-07-28 10:26:07 UTC</name>
        <description><![CDATA[<div><div><span><b>Altitude:</b></span> <span>300 ft</span></div>
<div><span><b>Speed:</b></span> <span>69 kt</span></div>
<div><span><b>Heading:</b></span> <span>201&deg;</span></div>
</div>]]></description>
        <TimeStamp>
          <when>2025-07-28T10:26:07+00:00</when>
        </TimeStamp>
        <Style>
          <IconStyle>
            <heading>201</heading>
            <Icon>
              <href>http://maps.google.com/mapfiles/kml/shapes/airports.png</href>
            </Icon>
          </IconStyle>
        </Style>
        <Point>
          <altitudeMode>absolute</altitudeMode>
          <coordinates>18.430939,-33.891937,91.44</coordinates>
        </Point>
      </Placemark>
      <Placemark>
        <name>2025-07-28 10:26:10 UTC</name>
        <description><![CDATA[<div><div><span><b>Altitude:</b></span> <span>200 ft</span></div>
<div><span><b>Speed:</b></span> <span>69 kt</span></div>
<div><span><b>Heading:</b></span> <span>202&deg;</span></div>
</div>]]></description>
        <TimeStamp>
          <when>2025-07-28T10:26:10+00:00</when>
        </TimeStamp>
        <Style>
          <IconStyle>
            <heading>202</heading>
            <Icon>
              <href>http://maps.google.com/mapfiles/kml/shapes/airports.png</href>
            </Icon>
          </IconStyle>
        </Style>
        <Point>
          <altitudeMode>absolute</altitudeMode>
          <coordinates>18.430481,-33.892914,60.96</coordinates>
        </Point>
      </Placemark>
      <Placemark>
        <name>2025-07-28 10:26:13 UTC</name>
        <description><![CDATA[<div><div><span><b>Altitude:</b></span> <span>200 ft</span></div>
<div><span><b>Speed:</b></span> <span>68 kt</span></div>
<div><span><b>Heading:</b></span> <span>203&deg;</span></div>
</div>]]></description>
        <TimeStamp>
          <when>2025-07-28T10:26:13+00:00</when>
        </TimeStamp>
        <Style>
          <IconStyle>
            <heading>203</heading>
            <Icon>
              <href>http://maps.google.com/mapfiles/kml/shapes/airports.png</href>
            </Icon>
          </IconStyle>
        </Style>
        <Point>
          <altitudeMode>absolute</altitudeMode>
          <coordinates>18.430069,-33.893692,60.96</coordinates>
        </Point>
      </Placemark>
      <Placemark>
        <name>2025-07-28 10:26:23 UTC</name>
        <description><![CDATA[<div><div><span><b>Altitude:</b></span> <span>100 ft</span></div>
<div><span><b>Speed:</b></span> <span>56 kt</span></div>
<div><span><b>Heading:</b></span> <span>202&deg;</span></div>
</div>]]></description>
        <TimeStamp>
          <when>2025-07-28T10:26:23+00:00</when>
        </TimeStamp>
        <Style>
          <IconStyle>
            <heading>202</heading>
            <Icon>
              <href>http://maps.google.com/mapfiles/kml/shapes/airports.png</href>
            </Icon>
          </IconStyle>
        </Style>
        <Point>
          <altitudeMode>absolute</altitudeMode>
          <coordinates>18.42865,-33.896545,30.48</coordinates>
        </Point>
      </Placemark>
      <Placemark>
        <name>2025-07-28 10:26:33 UTC</name>
        <description><![CDATA[<div><div><span><b>Altitude:</b></span> <span>0 ft</span></div>
<div><span><b>Speed:</b></span> <span>39 kt</span></div>
<div><span><b>Heading:</b></span> <span>200&deg;</span></div>
</div>]]></description>
        <TimeStamp>
          <when>2025-07-28T10:26:33+00:00</when>
        </TimeStamp>
        <Style>
          <IconStyle>
            <heading>200</heading>
            <Icon>
              <href>http://maps.google.com/mapfiles/kml/shapes/airports.png</href>
            </Icon>
          </IconStyle>
        </Style>
        <Point>
          <altitudeMode>absolute</altitudeMode>
          <coordinates>18.427677,-33.898548,0</coordinates>
        </Point>
      </Placemark>
      <Placemark>
        <name>2025-07-28 10:26:38 UTC</name>
        <description><![CDATA[<div><div><span><b>Altitude:</b></span> <span>0 ft</span></div>
<div><span><b>Speed:</b></span> <span>35 kt</span></div>
<div><span><b>Heading:</b></span> <span>197&deg;</span></div>
</div>]]></description>
        <TimeStamp>
          <when>2025-07-28T10:26:38+00:00</when>
        </TimeStamp>
        <Style>
          <IconStyle>
            <heading>197</heading>
            <Icon>
              <href>http://maps.google.com/mapfiles/kml/shapes/airports.png</href>
            </Icon>
          </IconStyle>
        </Style>
        <Point>
          <altitudeMode>absolute</altitudeMode>
          <coordinates>18.427391,-33.899292,0</coordinates>
        </Point>
      </Placemark>
      <Placemark>
        <name>2025-07-28 10:26:40 UTC</name>
        <description><![CDATA[<div><div><span><b>Altitude:</b></span> <span>0 ft</span></div>
<div><span><b>Speed:</b></span> <span>29 kt</span></div>
<div><span><b>Heading:</b></span> <span>195&deg;</span></div>
</div>]]></description>
        <TimeStamp>
          <when>2025-07-28T10:26:40+00:00</when>
        </TimeStamp>
        <Style>
          <IconStyle>
            <heading>195</heading>
            <Icon>
              <href>http://maps.google.com/mapfiles/kml/shapes/airports.png</href>
            </Icon>
          </IconStyle>
        </Style>
        <Point>
          <altitudeMode>absolute</altitudeMode>
          <coordinates>18.427334,-33.899525,0</coordinates>
        </Point>
      </Placemark>
      <Placemark>
        <name>2025-07-28 10:26:41 UTC</name>
        <description><![CDATA[<div><div><span><b>Altitude:</b></span> <span>0 ft</span></div>
<div><span><b>Speed:</b></span> <span>27 kt</span></div>
<div><span><b>Heading:</b></span> <span>197&deg;</span></div>
</div>]]></description>
        <TimeStamp>
          <when>2025-07-28T10:26:41+00:00</when>
        </TimeStamp>
        <Style>
          <IconStyle>
            <heading>197</heading>
            <Icon>
              <href>http://maps.google.com/mapfiles/kml/shapes/airports.png</href>
            </Icon>
          </IconStyle>
        </Style>
        <Point>
          <altitudeMode>absolute</altitudeMode>
          <coordinates>18.427267,-33.899734,0</coordinates>
        </Point>
      </Placemark>
      <Placemark>
        <name>2025-07-28 10:26:43 UTC</name>
        <description><![CDATA[<div><div><span><b>Altitude:</b></span> <span>0 ft</span></div>
<div><span><b>Speed:</b></span> <span>25 kt</span></div>
<div><span><b>Heading:</b></span> <span>195&deg;</span></div>
</div>]]></description>
        <TimeStamp>
          <when>2025-07-28T10:26:43+00:00</when>
        </TimeStamp>
        <Style>
          <IconStyle>
            <heading>195</heading>
            <Icon>
              <href>http://maps.google.com/mapfiles/kml/shapes/airports.png</href>
            </Icon>
          </IconStyle>
        </Style>
        <Point>
          <altitudeMode>absolute</altitudeMode>
          <coordinates>18.427155,-33.900009,0</coordinates>
        </Point>
      </Placemark>
      <Placemark>
        <name>2025-07-28 10:26:46 UTC</name>
        <description><![CDATA[<div><div><span><b>Altitude:</b></span> <span>0 ft</span></div>
<div><span><b>Speed:</b></span> <span>19 kt</span></div>
<div><span><b>Heading:</b></span> <span>191&deg;</span></div>
</div>]]></description>
        <TimeStamp>
          <when>2025-07-28T10:26:46+00:00</when>
        </TimeStamp>
        <Style>
          <IconStyle>
            <heading>191</heading>
            <Icon>
              <href>http://maps.google.com/mapfiles/kml/shapes/airports.png</href>
            </Icon>
          </IconStyle>
        </Style>
        <Point>
          <altitudeMode>absolute</altitudeMode>
          <coordinates>18.427105,-33.900272,0</coordinates>
        </Point>
      </Placemark>
      <Placemark>
        <name>2025-07-28 10:26:50 UTC</name>
        <description><![CDATA[<div><div><span><b>Altitude:</b></span> <span>0 ft</span></div>
<div><span><b>Speed:</b></span> <span>15 kt</span></div>
<div><span><b>Heading:</b></span> <span>183&deg;</span></div>
</div>]]></description>
        <TimeStamp>
          <when>2025-07-28T10:26:50+00:00</when>
        </TimeStamp>
        <Style>
          <IconStyle>
            <heading>183</heading>
            <Icon>
              <href>http://maps.google.com/mapfiles/kml/shapes/airports.png</href>
            </Icon>
          </IconStyle>
        </Style>
        <Point>
          <altitudeMode>absolute</altitudeMode>
          <coordinates>18.427044,-33.900513,0</coordinates>
        </Point>
      </Placemark>
      <Placemark>
        <name>2025-07-28 10:26:53 UTC</name>
        <description><![CDATA[<div><div><span><b>Altitude:</b></span> <span>0 ft</span></div>
<div><span><b>Speed:</b></span> <span>13 kt</span></div>
<div><span><b>Heading:</b></span> <span>171&deg;</span></div>
</div>]]></description>
        <TimeStamp>
          <when>2025-07-28T10:26:53+00:00</when>
        </TimeStamp>
        <Style>
          <IconStyle>
            <heading>171</heading>
            <Icon>
              <href>http://maps.google.com/mapfiles/kml/shapes/airports.png</href>
            </Icon>
          </IconStyle>
        </Style>
        <Point>
          <altitudeMode>absolute</altitudeMode>
          <coordinates>18.427048,-33.900738,0</coordinates>
        </Point>
      </Placemark>
      <Placemark>
        <name>2025-07-28 10:27:00 UTC</name>
        <description><![CDATA[<div><div><span><b>Altitude:</b></span> <span>0 ft</span></div>
<div><span><b>Speed:</b></span> <span>7 kt</span></div>
<div><span><b>Heading:</b></span> <span>185&deg;</span></div>
</div>]]></description>
        <TimeStamp>
          <when>2025-07-28T10:27:00+00:00</when>
        </TimeStamp>
        <Style>
          <IconStyle>
            <heading>185</heading>
            <Icon>
              <href>http://maps.google.com/mapfiles/kml/shapes/airports.png</href>
            </Icon>
          </IconStyle>
        </Style>
        <Point>
          <altitudeMode>absolute</altitudeMode>
          <coordinates>18.427076,-33.901039,0</coordinates>
        </Point>
      </Placemark>
    </Folder>
    <Folder>
      <name>Trail</name>
      <Placemark>
        <Style>
          <LineStyle>
            <color>ffffffff</color>
            <width>2</width>
          </LineStyle>
        </Style>
        <MultiGeometry>
          <LineString>
            <tessellate>1</tessellate>
            <altitudeMode>absolute</altitudeMode>
            <coordinates>18.432198,-33.901062,60.96 18.434275,-33.900925,91.44</coordinates>
          </LineString>
        </MultiGeometry>
        <name>P-1</name>
        <description><![CDATA[<div><div><span><b>Altitude:</b></span> <span>200 ft - 300 ft</span></div>
<div><span><b>Speed:</b></span> <span>57 kt - 59 kt</span></div>
<div><span><b>Timestamp:</b></span><br/><span>2025-07-28 09:52:23 UTC<br/>2025-07-28 09:52:29 UTC</span></div>
</div>]]></description>
      </Placemark>
      <Placemark>
        <Style>
          <LineStyle>
            <color>ffffffff</color>
            <width>2</width>
          </LineStyle>
        </Style>
        <MultiGeometry>
          <LineString>
            <tessellate>1</tessellate>
            <altitudeMode>absolute</altitudeMode>
            <coordinates>18.434275,-33.900925,91.44 18.434887,-33.900875,91.44</coordinates>
          </LineString>
        </MultiGeometry>
        <name>P-2</name>
        <description><![CDATA[<div><div><span><b>Altitude:</b></span> <span>300 ft</span></div>
<div><span><b>Speed:</b></span> <span>59 kt</span></div>
<div><span><b>Timestamp:</b></span><br/><span>2025-07-28 09:52:29 UTC<br/>2025-07-28 09:52:31 UTC</span></div>
</div>]]></description>
      </Placemark>
      <Placemark>
        <Style>
          <LineStyle>
            <color>ffffffff</color>
            <width>2</width>
          </LineStyle>
        </Style>
        <MultiGeometry>
          <LineString>
            <tessellate>1</tessellate>
            <altitudeMode>absolute</altitudeMode>
            <coordinates>18.434887,-33.900875,91.44 18.435574,-33.900738,121.92</coordinates>
          </LineString>
        </MultiGeometry>
        <name>P-3</name>
        <description><![CDATA[<div><div><span><b>Altitude:</b></span> <span>300 ft - 400 ft</span></div>
<div><span><b>Speed:</b></span> <span>59 kt - 61 kt</span></div>
<div><span><b>Timestamp:</b></span><br/><span>2025-07-28 09:52:31 UTC<br/>2025-07-28 09:52:33 UTC</span></div>
</div>]]></description>
      </Placemark>
      <Placemark>
        <Style>
          <LineStyle>
            <color>ffffe062</color>
            <width>2</width>
          </LineStyle>
        </Style>
        <MultiGeometry>
          <LineString>
            <tessellate>1</tessellate>
            <altitudeMode>absolute</altitudeMode>
            <coordinates>18.435574,-33.900738,121.92 18.436432,-33.900505,121.92</coordinates>
          </LineString>
        </MultiGeometry>
        <name>P-4</name>
        <description><![CDATA[<div><div><span><b>Altitude:</b></span> <span>400 ft</span></div>
<div><span><b>Speed:</b></span> <span>61 kt - 63 kt</span></div>
<div><span><b>Timestamp:</b></span><br/><span>2025-07-28 09:52:33 UTC<br/>2025-07-28 09:52:36 UTC</span></div>
</div>]]></description>
      </Placemark>
      <Placemark>
        <Style>
          <LineStyle>
            <color>ffffe062</color>
            <width>2</width>
          </LineStyle>
        </Style>
        <MultiGeometry>
          <LineString>
            <tessellate>1</tessellate>
            <altitudeMode>absolute</altitudeMode>
            <coordinates>18.436432,-33.900505,121.92 18.437061,-33.900272,152.4</coordinates>
          </LineString>
        </MultiGeometry>
        <name>P-5</name>
        <description><![CDATA[<div><div><span><b>Altitude:</b></span> <span>400 ft - 500 ft</span></div>
<div><span><b>Speed:</b></span> <span>63 kt - 65 kt</span></div>
<div><span><b>Timestamp:</b></span><br/><span>2025-07-28 09:52:36 UTC<br/>2025-07-28 09:52:38 UTC</span></div>
</div>]]></description>
      </Placemark>
      <Placemark>
        <Style>
          <LineStyle>
            <color>ffffe062</color>
            <width>2</width>
          </LineStyle>
        </Style>
        <MultiGeometry>
          <LineString>
            <tessellate>1</tessellate>
            <altitudeMode>absolute</altitudeMode>
            <coordinates>18.437061,-33.900272,152.4 18.43786,-33.899872,152.4</coordinates>
          </LineString>
        </MultiGeometry>
        <name>P-6</name>
        <description><![CDATA[<div><div><span><b>Altitude:</b></span> <span>500 ft</span></div>
<div><span><b>Speed:</b></span> <span>65 kt - 66 kt</span></div>
<div><span><b>Timestamp:</b></span><br/><span>2025-07-28 09:52:38 UTC<br/>2025-07-28 09:52:40 UTC</span></div>
</div>]]></description>
      </Placemark>
      <Placemark>
        <Style>
          <LineStyle>
            <color>ffffe062</color>
            <width>2</width>
          </LineStyle>
        </Style>
        <MultiGeometry>
          <LineString>
            <tessellate>1</tessellate>
            <altitudeMode>absolute</altitudeMode>
            <coordinates>18.43786,-33.899872,152.4 18.438435,-33.899525,152.4</coordinates>
          </LineString>
        </MultiGeometry>
        <name>P-7</name>
        <description><![CDATA[<div><div><span><b>Altitude:</b></span> <span>500 ft</span></div>
<div><span><b>Speed:</b></span> <span>66 kt - 70 kt</span></div>
<div><span><b>Timestamp:</b></span><br/><span>2025-07-28 09:52:40 UTC<br/>2025-07-28 09:52:42 UTC</span></div>
</div>]]></description>
      </Placemark>
      <Placemark>
        <Style>
          <LineStyle>
            <color>ffffe062</color>
            <width>2</width>
          </LineStyle>
        </Style>
        <MultiGeometry>
          <LineString>
            <tessellate>1</tessellate>
            <altitudeMode>absolute</altitudeMode>
            <coordinates>18.438435,-33.899525,152.4 18.43915,-33.898911,182.88</coordinates>
          </LineString>
        </MultiGeometry>
        <name>P-8</name>
        <description><![CDATA[<div><div><span><b>Altitude:</b></span> <span>500 ft - 600 ft</span></div>
<div><span><b>Speed:</b></span> <span>70 kt - 72 kt</span></div>
<div><span><b>Timestamp:</b></span><br/><span>2025-07-28 09:52:42 UTC<br/>2025-07-28 09:52:44 UTC</span></div>
</div>]]></description>
      </Placemark>
      <Placemark>
        <Style>
          <LineStyle>
            <color>ffffe062</color>
            <width>2</width>
          </LineStyle>
        </Style>
        <MultiGeometry>
          <LineString>
            <tessellate>1</tessellate>
            <altitudeMode>absolute</altitudeMode>
            <coordinates>18.43915,-33.898911,182.88 18.439655,-33.898407,182.88</coordinates>
          </LineString>
        </MultiGeometry>
        <name>P-9</name>
        <description><![CDATA[<div><div><span><b>Altitude:</b></span> <span>600 ft</span></div>
<div><span><b>Speed:</b></span> <span>72 kt - 73 kt</span></div>
<div><span><b>Timestamp:</b></span><br/><span>2025-07-28 09:52:44 UTC<br/>2025-07-28 09:52:47 UTC</span></div>
</div>]]></description>
      </Placemark>
      <Placemark>
        <Style>
          <LineStyle>
            <color>ffffe062</color>
            <width>2</width>
          </LineStyle>
        </Style>
        <MultiGeometry>
          <LineString>
            <tessellate>1</tessellate>
            <altitudeMode>absolute</altitudeMode>
            <coordinates>18.439655,-33.898407,182.88 18.440037,-33.89785,182.88</coordinates>
          </LineString>
        </MultiGeometry>
        <name>P-10</name>
        <description><![CDATA[<div><div><span><b>Altitude:</b></span> <span>600 ft</span></div>
<div><span><b>Speed:</b></span> <span>73 kt</span></div>
<div><span><b>Timestamp:</b></span><br/><span>2025-07-28 09:52:47 UTC<br/>2025-07-28 09:52:49 UTC</span></div>
</div>]]></description>
      </Placemark>
      <Placemark>
        <Style>
          <LineStyle>
            <color>ffffe062</color>
            <width>2</width>
          </LineStyle>
        </Style>
        <MultiGeometry>
          <LineString>
            <tessellate>1</tessellate>
            <altitudeMode>absolute</altitudeMode>
            <coordinates>18.440037,-33.89785,182.88 18.440439,-33.897217,213.36</coordinates>
          </LineString>
        </MultiGeometry>
        <name>P-11</name>
        <description><![CDATA[<div><div><span><b>Altitude:</b></span> <span>600 ft - 700 ft</span></div>
<div><span><b>Speed:</b></span> <span>73 kt - 76 kt</span></div>
<div><span><b>Timestamp:</b></span><br/><span>2025-07-28 09:52:49 UTC<br/>2025-07-28 09:52:51 UTC</span></div>
</div>]]></description>
      </Placemark>
      <Placemark>
        <Style>
          <LineStyle>
            <color>ffffea00</color>
            <width>2</width>
          </LineStyle>
        </Style>
        <MultiGeometry>
          <LineString>
            <tessellate>1</tessellate>
            <altitudeMode>absolute</altitudeMode>
            <coordinates>18.440439,-33.897217,213.36 18.440887,-33.896255,213.36</coordinates>
          </LineString>
        </MultiGeometry>
        <name>P-12</name>
        <description><![CDATA[<div><div><span><b>Altitude:</b></span> <span>700 ft</span></div>
<div><span><b>Speed:</b></span> <span>76 kt - 78 kt</span></div>
<div><span><b>Timestamp:</b></span><br/><span>2025-07-28 09:52:51 UTC<br/>2025-07-28 09:52:53 UTC</span></div>
</div>]]></description>
      </Placemark>
      <Placemark>
        <Style>
          <LineStyle>
            <color>ffffea00</color>
            <width>2</width>
          </LineStyle>
        </Style>
        <MultiGeometry>
          <LineString>
            <tessellate>1</tessellate>
            <altitudeMode>absolute</altitudeMode>
            <coordinates>18.440887,-33.896255,213.36 18.441168,-33.895523,213.36</coordinates>
          </LineString>
        </MultiGeometry>
        <name>P-13</name>
        <description><![CDATA[<div><div><span><b>Altitude:</b></span> <span>700 ft</span></div>
<div><span><b>Speed:</b></span> <span>78 kt - 79 kt</span></div>
<div><span><b>Timestamp:</b></span><br/><span>2025-07-28 09:52:53 UTC<br/>2025-07-28 09:52:55 UTC</span></div>
</div>]]></description>
      </Placemark>
      <Placemark>
        <Style>
          <LineStyle>
            <color>ffffea00</color>
            <width>2</width>
          </LineStyle>
        </Style>
        <MultiGeometry>
          <LineString>
            <tessellate>1</tessellate>
            <altitudeMode>absolute</altitudeMode>
            <coordinates>18.441168,-33.895523,213.36 18.441353,-33.894871,213.36</coordinates>
          </LineString>
        </MultiGeometry>
        <name>P-14</name>
        <description><![CDATA[<div><div><span><b>Altitude:</b></span> <span>700 ft</span></div>
<div><span><b>Speed:</b></span> <span>79 kt - 80 kt</span></div>
<div><span><b>Timestamp:</b></span><br/><span>2025-07-28 09:52:55 UTC<br/>2025-07-28 09:52:58 UTC</span></div>
</div>]]></description>
      </Placemark>
      <Placemark>
        <Style>
          <LineStyle>
            <color>ffffea00</color>
            <width>2</width>
          </LineStyle>
        </Style>
        <MultiGeometry>
          <LineString>
            <tessellate>1</tessellate>
            <altitudeMode>absolute</altitudeMode>
            <coordinates>18.441353,-33.894871,213.36 18.441561,-33.893967,243.84</coordinates>
          </LineString>
        </MultiGeometry>
        <name>P-15</name>
        <description><![CDATA[<div><div><span><b>Altitude:</b></span> <span>700 ft - 800 ft</span></div>
<div><span><b>Speed:</b></span> <span>80 kt - 82 kt</span></div>
<div><span><b>Timestamp:</b></span><br/><span>2025-07-28 09:52:58 UTC<br/>2025-07-28 09:53:00 UTC</span></div>
</div>]]></description>
      </Placemark>
      <Placemark>
        <Style>
          <LineStyle>
            <color>ffffea00</color>
            <width>2</width>
          </LineStyle>
        </Style>
        <MultiGeometry>
          <LineString>
            <tessellate>1</tessellate>
            <altitudeMode>absolute</altitudeMode>
            <coordinates>18.441561,-33.893967,243.84 18.441673,-33.893188,243.84</coordinates>
          </LineString>
        </MultiGeometry>
        <name>P-16</name>
        <description><![CDATA[<div><div><span><b>Altitude:</b></span> <span>800 ft</span></div>
<div><span><b>Speed:</b></span> <span>82 kt - 83 kt</span></div>
<div><span><b>Timestamp:</b></span><br/><span>2025-07-28 09:53:00 UTC<br/>2025-07-28 09:53:02 UTC</span></div>
</div>]]></description>
      </Placemark>
      <Placemark>
        <Style>
          <LineStyle>
            <color>ffffea00</color>
            <width>2</width>
          </LineStyle>
        </Style>
        <MultiGeometry>
          <LineString>
            <tessellate>1</tessellate>
            <altitudeMode>absolute</altitudeMode>
            <coordinates>18.441673,-33.893188,243.84 18.441753,-33.892403,243.84</coordinates>
          </LineString>
        </MultiGeometry>
        <name>P-17</name>
        <description><![CDATA[<div><div><span><b>Altitude:</b></span> <span>800 ft</span></div>
<div><span><b>Speed:</b></span> <span>83 kt - 85 kt</span></div>
<div><span><b>Timestamp:</b></span><br/><span>2025-07-28 09:53:02 UTC<br/>2025-07-28 09:53:04 UTC</span></div>
</div>]]></description>
      </Placemark>
      <Placemark>
        <Style>
          <LineStyle>
            <color>ffffea00</color>
            <width>2</width>
          </LineStyle>
        </Style>
        <MultiGeometry>
          <LineString>
            <tessellate>1</tessellate>
            <altitudeMode>absolute</altitudeMode>
            <coordinates>18.441753,-33.892403,243.84 18.441729,-33.891495,243.84</coordinates>
          </LineString>
        </MultiGeometry>
        <name>P-18</name>
        <description><![CDATA[<div><div><span><b>Altitude:</b></span> <span>800 ft</span></div>
<div><span><b>Speed:</b></span> <span>85 kt - 87 kt</span></div>
<div><span><b>Timestamp:</b></span><br/><span>2025-07-28 09:53:04 UTC<br/>2025-07-28 09:53:06 UTC</span></div>
</div>]]></description>
      </Placemark>
      <Placemark>
        <Style>
          <LineStyle>
            <color>ffffea00</color>
            <width>2</width>
          </LineStyle>
        </Style>
        <MultiGeometry>
          <LineString>
            <tessellate>1</tessellate>
            <altitudeMode>absolute</altitudeMode>
            <coordinates>18.441729,-33.891495,243.84 18.441639,-33.89045,243.84</coordinates>
          </LineString>
        </MultiGeometry>
        <name>P-19</name>
        <description><![CDATA[<div><div><span><b>Altitude:</b></span> <span>800 ft</span></div>
<div><span><b>Speed:</b></span> <span>87 kt - 90 kt</span></div>
<div><span><b>Timestamp:</b></span><br/><span>2025-07-28 09:53:06 UTC<br/>2025-07-28 09:53:08 UTC</span></div>
</div>]]></description>
      </Placemark>
      <Placemark>
        <Style>
          <LineStyle>
            <color>ffffea00</color>
            <width>2</width>
          </LineStyle>
        </Style>
        <MultiGeometry>
          <LineString>
            <tessellate>1</tessellate>
            <altitudeMode>absolute</altitudeMode>
            <coordinates>18.441639,-33.89045,243.84 18.441525,-33.889565,274.32</coordinates>
          </LineString>
        </MultiGeometry>
        <name>P-20</name>
        <description><![CDATA[<div><div><span><b>Altitude:</b></span> <span>800 ft - 900 ft</span></div>
<div><span><b>Speed:</b></span> <span>90 kt - 91 kt</span></div>
<div><span><b>Timestamp:</b></span><br/><span>2025-07-28 09:53:08 UTC<br/>2025-07-28 09:53:10 UTC</span></div>
</div>]]></description>
      </Placemark>
      <Placemark>
        <Style>
          <LineStyle>
            <color>ffffea00</color>
            <width>2</width>
          </LineStyle>
        </Style>
        <MultiGeometry>
          <LineString>
            <tessellate>1</tessellate>
            <altitudeMode>absolute</altitudeMode>
            <coordinates>18.441525,-33.889565,274.32 18.441353,-33.888725,274.32</coordinates>
          </LineString>
        </MultiGeometry>
        <name>P-21</name>
        <description><![CDATA[<div><div><span><b>Altitude:</b></span> <span>900 ft</span></div>
<div><span><b>Speed:</b></span> <span>91 kt - 92 kt</span></div>
<div><span><b>Timestamp:</b></span><br/><span>2025-07-28 09:53:10 UTC<br/>2025-07-28 09:53:13 UTC</span></div>
</div>]]></description>
      </Placemark>
      <Placemark>
        <Style>
          <LineStyle>
            <color>ffffea00</color>
            <width>2</width>
          </LineStyle>
        </Style>
        <MultiGeometry>
          <LineString>
            <tessellate>1</tessellate>
            <altitudeMode>absolute</altitudeMode>
            <coordinates>18.441353,-33.888725,274.32 18.441113,-33.887878,274.32</coordinates>
          </LineString>
        </MultiGeometry>
        <name>P-22</name>
        <description><![CDATA[<div><div><span><b>Altitude:</b></span> <span>900 ft</span></div>
<div><span><b>Speed:</b></span> <span>92 kt - 95 kt</span></div>
<div><span><b>Timestamp:</b></span><br/><span>2025-07-28 09:53:13 UTC<br/>2025-07-28 09:53:15 UTC</span></div>
</div>]]></description>
      </Placemark>
      <Placemark>
        <Style>
          <LineStyle>
            <color>ffffea00</color>
            <width>2</width>
          </LineStyle>
        </Style>
        <MultiGeometry>
          <LineString>
            <tessellate>1</tessellate>
            <altitudeMode>absolute</altitudeMode>
            <coordinates>18.441113,-33.887878,274.32 18.440777,-33.887009,274.32</coordinates>
          </LineString>
        </MultiGeometry>
        <name>P-23</name>
        <description><![CDATA[<div><div><span><b>Altitude:</b></span> <span>900 ft</span></div>
<div><span><b>Speed:</b></span> <span>95 kt</span></div>
<div><span><b>Timestamp:</b></span><br/><span>2025-07-28 09:53:15 UTC<br/>2025-07-28 09:53:17 UTC</span></div>
</div>]]></description>
      </Placemark>
      <Placemark>
        <Style>
          <LineStyle>
            <color>ffffea00</color>
            <width>2</width>
          </LineStyle>
        </Style>
        <MultiGeometry>
          <LineString>
            <tessellate>1</tessellate>
            <altitudeMode>absolute</altitudeMode>
            <coordinates>18.440777,-33.887009,274.32 18.440437,-33.886166,274.32</coordinates>
          </LineString>
        </MultiGeometry>
        <name>P-24</name>
        <description><![CDATA[<div><div><span><b>Altitude:</b></span> <span>900 ft</span></div>
<div><span><b>Speed:</b></span> <span>95 kt - 96 kt</span></div>
<div><span><b>Timestamp:</b></span><br/><span>2025-07-28 09:53:17 UTC<br/>2025-07-28 09:53:19 UTC</span></div>
</div>]]></description>
      </Placemark>
      <Placemark>
        <Style>
          <LineStyle>
            <color>ffffea00</color>
            <width>2</width>
          </LineStyle>
        </Style>
        <MultiGeometry>
          <LineString>
            <tessellate>1</tessellate>
            <altitudeMode>absolute</altitudeMode>
            <coordinates>18.440437,-33.886166,274.32 18.43998,-33.885326,274.32</coordinates>
          </LineString>
        </MultiGeometry>
        <name>P-25</name>
        <description><![CDATA[<div><div><span><b>Altitude:</b></span> <span>900 ft</span></div>
<div><span><b>Speed:</b></span> <span>96 kt - 97 kt</span></div>
<div><span><b>Timestamp:</b></span><br/><span>2025-07-28 09:53:19 UTC<br/>2025-07-28 09:53:21 UTC</span></div>
</div>]]></description>
      </Placemark>
      <Placemark>
        <Style>
          <LineStyle>
            <color>ffffea00</color>
            <width>2</width>
          </LineStyle>
        </Style>
        <MultiGeometry>
          <LineString>
            <tessellate>1</tessellate>
            <altitudeMode>absolute</altitudeMode>
            <coordinates>18.43998,-33.885326,274.32 18.439375,-33.884308,304.8</coordinates>
          </LineString>
        </MultiGeometry>
        <name>P-26</name>
        <description><![CDATA[<div><div><span><b>Altitude:</b></span> <span>900 ft - 1,000 ft</span></div>
<div><span><b>Speed:</b></span> <span>97 kt - 98 kt</span></div>
<div><span><b>Timestamp:</b></span><br/><span>2025-07-28 09:53:21 UTC<br/>2025-07-28 09:53:23 UTC</span></div>
</div>]]></description>
      </Placemark>
      <Placemark>
        <Style>
          <LineStyle>
            <color>fff0ff00</color>
            <width>2</width>
          </LineStyle>
        </Style>
        <MultiGeometry>
          <LineString>
            <tessellate>1</tessellate>
            <altitudeMode>absolute</altitudeMode>
            <coordinates>18.439375,-33.884308,304.8 18.438814,-33.88353,304.8</coordinates>
          </LineString>
        </MultiGeometry>
        <name>P-27</name>
        <description><![CDATA[<div><div><span><b>Altitude:</b></span> <span>1,000 ft</span></div>
<div><span><b>Speed:</b></span> <span>98 kt - 99 kt</span></div>
<div><span><b>Timestamp:</b></span><br/><span>2025-07-28 09:53:23 UTC<br/>2025-07-28 09:53:25 UTC</span></div>
</div>]]></description>
      </Placemark>
      <Placemark>
        <Style>
          <LineStyle>
            <color>fff0ff00</color>
            <width>2</width>
          </LineStyle>
        </Style>
        <MultiGeometry>
          <LineString>
            <tessellate>1</tessellate>
            <altitudeMode>absolute</altitudeMode>
            <coordinates>18.438814,-33.88353,304.8 18.438091,-33.882721,304.8</coordinates>
          </LineString>
        </MultiGeometry>
        <name>P-28</name>
        <description><![CDATA[<div><div><span><b>Altitude:</b></span> <span>1,000 ft</span></div>
<div><span><b>Speed:</b></span> <span>99 kt - 100 kt</span></div>
<div><span><b>Timestamp:</b></span><br/><span>2025-07-28 09:53:25 UTC<br/>2025-07-28 09:53:28 UTC</span></div>
</div>]]></description>
      </Placemark>
      <Placemark>
        <Style>
          <LineStyle>
            <color>fff0ff00</color>
            <width>2</width>
          </LineStyle>
        </Style>
        <MultiGeometry>
          <LineString>
            <tessellate>1</tessellate>
            <altitudeMode>absolute</altitudeMode>
            <coordinates>18.438091,-33.882721,304.8 18.437233,-33.881836,304.8</coordinates>
          </LineString>
        </MultiGeometry>
        <name>P-29</name>
        <description><![CDATA[<div><div><span><b>Altitude:</b></span> <span>1,000 ft</span></div>
<div><span><b>Speed:</b></span> <span>100 kt</span></div>
<div><span><b>Timestamp:</b></span><br/><span>2025-07-28 09:53:28 UTC<br/>2025-07-28 09:53:30 UTC</span></div>
</div>]]></description>
      </Placemark>
      <Placemark>
        <Style>
          <LineStyle>
            <color>fff0ff00</color>
            <width>2</width>
          </LineStyle>
        </Style>
        <MultiGeometry>
          <LineString>
            <tessellate>1</tessellate>
            <altitudeMode>absolute</altitudeMode>
            <coordinates>18.437233,-33.881836,304.8 18.436375,-33.881046,304.8</coordinates>
          </LineString>
        </MultiGeometry>
        <name>P-30</name>
        <description><![CDATA[<div><div><span><b>Altitude:</b></span> <span>1,000 ft</span></div>
<div><span><b>Speed:</b></span> <span>100 kt - 101 kt</span></div>
<div><span><b>Timestamp:</b></span><br/><span>2025-07-28 09:53:30 UTC<br/>2025-07-28 09:53:32 UTC</span></div>
</div>]]></description>
      </Placemark>
      <Placemark>
        <Style>
          <LineStyle>
            <color>fff0ff00</color>
            <width>2</width>
          </LineStyle>
        </Style>
        <MultiGeometry>
          <LineString>
            <tessellate>1</tessellate>
            <altitudeMode>absolute</altitudeMode>
            <coordinates>18.436375,-33.881046,304.8 18.435402,-33.880253,304.8</coordinates>
          </LineString>
        </MultiGeometry>
        <name>P-31</name>
        <description><![CDATA[<div><div><span><b>Altitude:</b></span> <span>1,000 ft</span></div>
<div><span><b>Speed:</b></span> <span>101 kt - 102 kt</span></div>
<div><span><b>Timestamp:</b></span><br/><span>2025-07-28 09:53:32 UTC<br/>2025-07-28 09:53:34 UTC</span></div>
</div>]]></description>
      </Placemark>
      <Placemark>
        <Style>
          <LineStyle>
            <color>fff0ff00</color>
            <width>2</width>
          </LineStyle>
        </Style>
        <MultiGeometry>
          <LineString>
            <tessellate>1</tessellate>
            <altitudeMode>absolute</altitudeMode>
            <coordinates>18.435402,-33.880253,304.8 18.434555,-33.879639,304.8</coordinates>
          </LineString>
        </MultiGeometry>
        <name>P-32</name>
        <description><![CDATA[<div><div><span><b>Altitude:</b></span> <span>1,000 ft</span></div>
<div><span><b>Speed:</b></span> <span>102 kt - 103 kt</span></div>
<div><span><b>Timestamp:</b></span><br/><span>2025-07-28 09:53:34 UTC<br/>2025-07-28 09:53:36 UTC</span></div>
</div>]]></description>
      </Placemark>
      <Placemark>
        <Style>
          <LineStyle>
            <color>fff0ff00</color>
            <width>2</width>
          </LineStyle>
        </Style>
        <MultiGeometry>
          <LineString>
            <tessellate>1</tessellate>
            <altitudeMode>absolute</altitudeMode>
            <coordinates>18.434555,-33.879639,304.8 18.433714,-33.879135,335.28</coordinates>
          </LineString>
        </MultiGeometry>
        <name>P-33</name>
        <description><![CDATA[<div><div><span><b>Altitude:</b></span> <span>1,000 ft - 1,100 ft</span></div>
<div><span><b>Speed:</b></span> <span>103 kt</span></div>
<div><span><b>Timestamp:</b></span><br/><span>2025-07-28 09:53:36 UTC<br/>2025-07-28 09:53:39 UTC</span></div>
</div>]]></description>
      </Placemark>
      <Placemark>
        <Style>
          <LineStyle>
            <color>fff0ff00</color>
            <width>2</width>
          </LineStyle>
        </Style>
        <MultiGeometry>
          <LineString>
            <tessellate>1</tessellate>
            <altitudeMode>absolute</altitudeMode>
            <coordinates>18.433714,-33.879135,335.28 18.432537,-33.878403,335.28</coordinates>
          </LineString>
        </MultiGeometry>
        <name>P-34</name>
        <description><![CDATA[<div><div><span><b>Altitude:</b></span> <span>1,100 ft</span></div>
<div><span><b>Speed:</b></span> <span>103 kt</span></div>
<div><span><b>Timestamp:</b></span><br/><span>2025-07-28 09:53:39 UTC<br/>2025-07-28 09:53:41 UTC</span></div>
</div>]]></description>
      </Placemark>
      <Placemark>
        <Style>
          <LineStyle>
            <color>fff0ff00</color>
            <width>2</width>
          </LineStyle>
        </Style>
        <MultiGeometry>
          <LineString>
            <tessellate>1</tessellate>
            <altitudeMode>absolute</altitudeMode>
            <coordinates>18.432537,-33.878403,335.28 18.431683,-33.877926,335.28</coordinates>
          </LineString>
        </MultiGeometry>
        <name>P-35</name>
        <description><![CDATA[<div><div><span><b>Altitude:</b></span> <span>1,100 ft</span></div>
<div><span><b>Speed:</b></span> <span>103 kt - 104 kt</span></div>
<div><span><b>Timestamp:</b></span><br/><span>2025-07-28 09:53:41 UTC<br/>2025-07-28 09:53:43 UTC</span></div>
</div>]]></description>
      </Placemark>
      <Placemark>
        <Style>
          <LineStyle>
            <color>fff0ff00</color>
            <width>2</width>
          </LineStyle>
        </Style>
        <MultiGeometry>
          <LineString>
            <tessellate>1</tessellate>
            <altitudeMode>absolute</altitudeMode>
            <coordinates>18.431683,-33.877926,335.28 18.430294,-33.877258,335.28</coordinates>
          </LineString>
        </MultiGeometry>
        <name>P-36</name>
        <description><![CDATA[<div><div><span><b>Altitude:</b></span> <span>1,100 ft</span></div>
<div><span><b>Speed:</b></span> <span>104 kt</span></div>
<div><span><b>Timestamp:</b></span><br/><span>2025-07-28 09:53:43 UTC<br/>2025-07-28 09:53:45 UTC</span></div>
</div>]]></description>
      </Placemark>
      <Placemark>
        <Style>
          <LineStyle>
            <color>fff0ff00</color>
            <width>2</width>
          </LineStyle>
        </Style>
        <MultiGeometry>
          <LineString>
            <tessellate>1</tessellate>
            <altitudeMode>absolute</altitudeMode>
            <coordinates>18.430294,-33.877258,335.28 18.42923,-33.876846,335.28</coordinates>
          </LineString>
        </MultiGeometry>
        <name>P-37</name>
        <description><![CDATA[<div><div><span><b>Altitude:</b></span> <span>1,100 ft</span></div>
<div><span><b>Speed:</b></span> <span>104 kt</span></div>
<div><span><b>Timestamp:</b></span><br/><span>2025-07-28 09:53:45 UTC<br/>2025-07-28 09:53:48 UTC</span></div>
</div>]]></description>
      </Placemark>
      <Placemark>
        <Style>
          <LineStyle>
            <color>fff0ff00</color>
            <width>2</width>
          </LineStyle>
        </Style>
        <MultiGeometry>
          <LineString>
            <tessellate>1</tessellate>
            <altitudeMode>absolute</altitudeMode>
            <coordinates>18.42923,-33.876846,335.28 18.427849,-33.876297,335.28</coordinates>
          </LineString>
        </MultiGeometry>
        <name>P-38</name>
        <description><![CDATA[<div><div><span><b>Altitude:</b></span> <span>1,100 ft</span></div>
<div><span><b>Speed:</b></span> <span>104 kt</span></div>
<div><span><b>Timestamp:</b></span><br/><span>2025-07-28 09:53:48 UTC<br/>2025-07-28 09:53:50 UTC</span></div>
</div>]]></description>
      </Placemark>
      <Placemark>
        <Style>
          <LineStyle>
            <color>fff0ff00</color>
            <width>2</width>
          </LineStyle>
        </Style>
        <MultiGeometry>
          <LineString>
            <tessellate>1</tessellate>
            <altitudeMode>absolute</altitudeMode>
            <coordinates>18.427849,-33.876297,335.28 18.426647,-33.875877,365.76</coordinates>
          </LineString>
        </MultiGeometry>
        <name>P-39</name>
        <description><![CDATA[<div><div><span><b>Altitude:</b></span> <span>1,100 ft - 1,200 ft</span></div>
<div><span><b>Speed:</b></span> <span>104 kt</span></div>
<div><span><b>Timestamp:</b></span><br/><span>2025-07-28 09:53:50 UTC<br/>2025-07-28 09:53:52 UTC</span></div>
</div>]]></description>
      </Placemark>
      <Placemark>
        <Style>
          <LineStyle>
            <color>fff0ff00</color>
            <width>2</width>
          </LineStyle>
        </Style>
        <MultiGeometry>
          <LineString>
            <tessellate>1</tessellate>
            <altitudeMode>absolute</altitudeMode>
            <coordinates>18.426647,-33.875877,365.76 18.425331,-33.875504,365.76</coordinates>
          </LineString>
        </MultiGeometry>
        <name>P-40</name>
        <description><![CDATA[<div><div><span><b>Altitude:</b></span> <span>1,200 ft</span></div>
<div><span><b>Speed:</b></span> <span>104 kt - 105 kt</span></div>
<div><span><b>Timestamp:</b></span><br/><span>2025-07-28 09:53:52 UTC<br/>2025-07-28 09:53:54 UTC</span></div>
</div>]]></description>
      </Placemark>
      <Placemark>
        <Style>
          <LineStyle>
            <color>fff0ff00</color>
            <width>2</width>
          </LineStyle>
        </Style>
        <MultiGeometry>
          <LineString>
            <tessellate>1</tessellate>
            <altitudeMode>absolute</altitudeMode>
            <coordinates>18.425331,-33.875504,365.76 18.42396,-33.875107,365.76</coordinates>
          </LineString>
        </MultiGeometry>
        <name>P-41</name>
        <description><![CDATA[<div><div><span><b>Altitude:</b></span> <span>1,200 ft</span></div>
<div><span><b>Speed:</b></span> <span>105 kt - 104 kt</span></div>
<div><span><b>Timestamp:</b></span><br/><span>2025-07-28 09:53:54 UTC<br/>2025-07-28 09:53:57 UTC</span></div>
</div>]]></description>
      </Placemark>
      <Placemark>
        <Style>
          <LineStyle>
            <color>fff0ff00</color>
            <width>2</width>
          </LineStyle>
        </Style>
        <MultiGeometry>
          <LineString>
            <tessellate>1</tessellate>
            <altitudeMode>absolute</altitudeMode>
            <coordinates>18.42396,-33.875107,365.76 18.422813,-33.874851,365.76</coordinates>
          </LineString>
        </MultiGeometry>
        <name>P-42</name>
        <description><![CDATA[<div><div><span><b>Altitude:</b></span> <span>1,200 ft</span></div>
<div><span><b>Speed:</b></span> <span>104 kt - 103 kt</span></div>
<div><span><b>Timestamp:</b></span><br/><span>2025-07-28 09:53:57 UTC<br/>2025-07-28 09:53:59 UTC</span></div>
</div>]]></description>
      </Placemark>
      <Placemark>
        <Style>
          <LineStyle>
            <color>fff0ff00</color>
            <width>2</width>
          </LineStyle>
        </Style>
        <MultiGeometry>
          <LineString>
            <tessellate>1</tessellate>
            <altitudeMode>absolute</altitudeMode>
            <coordinates>18.422813,-33.874851,365.76 18.421783,-33.874619,396.24</coordinates>
          </LineString>
        </MultiGeometry>
        <name>P-43</name>
        <description><![CDATA[<div><div><span><b>Altitude:</b></span> <span>1,200 ft - 1,300 ft</span></div>
<div><span><b>Speed:</b></span> <span>103 kt</span></div>
<div><span><b>Timestamp:</b></span><br/><span>2025-07-28 09:53:59 UTC<br/>2025-07-28 09:54:01 UTC</span></div>
</div>]]></description>
      </Placemark>
      <Placemark>
        <Style>
          <LineStyle>
            <color>fff0ff00</color>
            <width>2</width>
          </LineStyle>
        </Style>
        <MultiGeometry>
          <LineString>
            <tessellate>1</tessellate>
            <altitudeMode>absolute</altitudeMode>
            <coordinates>18.421783,-33.874619,396.24 18.420372,-33.874374,396.24</coordinates>
          </LineString>
        </MultiGeometry>
        <name>P-44</name>
        <description><![CDATA[<div><div><span><b>Altitude:</b></span> <span>1,300 ft</span></div>
<div><span><b>Speed:</b></span> <span>103 kt - 104 kt</span></div>
<div><span><b>Timestamp:</b></span><br/><span>2025-07-28 09:54:01 UTC<br/>2025-07-28 09:54:03 UTC</span></div>
</div>]]></description>
      </Placemark>
      <Placemark>
        <Style>
          <LineStyle>
            <color>fff0ff00</color>
            <width>2</width>
          </LineStyle>
        </Style>
        <MultiGeometry>
          <LineString>
            <tessellate>1</tessellate>
            <altitudeMode>absolute</altitudeMode>
            <coordinates>18.420372,-33.874374,396.24 18.419151,-33.874153,396.24</coordinates>
          </LineString>
        </MultiGeometry>
        <name>P-45</name>
        <description><![CDATA[<div><div><span><b>Altitude:</b></span> <span>1,300 ft</span></div>
<div><span><b>Speed:</b></span> <span>104 kt</span></div>
<div><span><b>Timestamp:</b></span><br/><span>2025-07-28 09:54:03 UTC<br/>2025-07-28 09:54:05 UTC</span></div>
</div>]]></description>
      </Placemark>
      <Placemark>
        <Style>
          <LineStyle>
            <color>fff0ff00</color>
            <width>2</width>
          </LineStyle>
        </Style>
        <MultiGeometry>
          <LineString>
            <tessellate>1</tessellate>
            <altitudeMode>absolute</altitudeMode>
            <coordinates>18.419151,-33.874153,396.24 18.417795,-33.874008,396.24</coordinates>
          </LineString>
        </MultiGeometry>
        <name>P-46</name>
        <description><![CDATA[<div><div><span><b>Altitude:</b></span> <span>1,300 ft</span></div>
<div><span><b>Speed:</b></span> <span>104 kt - 105 kt</span></div>
<div><span><b>Timestamp:</b></span><br/><span>2025-07-28 09:54:05 UTC<br/>2025-07-28 09:54:08 UTC</span></div>
</div>]]></description>
      </Placemark>
      <Placemark>
        <Style>
          <LineStyle>
            <color>fff0ff00</color>
            <width>2</width>
          </LineStyle>
        </Style>
        <MultiGeometry>
          <LineString>
            <tessellate>1</tessellate>
            <altitudeMode>absolute</altitudeMode>
            <coordinates>18.417795,-33.874008,396.24 18.416561,-33.873871,396.24</coordinates>
          </LineString>
        </MultiGeometry>
        <name>P-47</name>
        <description><![CDATA[<div><div><span><b>Altitude:</b></span> <span>1,300 ft</span></div>
<div><span><b>Speed:</b></span> <span>105 kt - 104 kt</span></div>
<div><span><b>Timestamp:</b></span><br/><span>2025-07-28 09:54:08 UTC<br/>2025-07-28 09:54:10 UTC</span></div>
</div>]]></description>
      </Placemark>
      <Placemark>
        <Style>
          <LineStyle>
            <color>fff0ff00</color>
            <width>2</width>
          </LineStyle>
        </Style>
        <MultiGeometry>
          <LineString>
            <tessellate>1</tessellate>
            <altitudeMode>absolute</altitudeMode>
            <coordinates>18.416561,-33.873871,396.24 18.41544,-33.873825,396.24</coordinates>
          </LineString>
        </MultiGeometry>
        <name>P-48</name>
        <description><![CDATA[<div><div><span><b>Altitude:</b></span> <span>1,300 ft</span></div>
<div><span><b>Speed:</b></span> <span>104 kt - 105 kt</span></div>
<div><span><b>Timestamp:</b></span><br/><span>2025-07-28 09:54:10 UTC<br/>2025-07-28 09:54:12 UTC</span></div>
</div>]]></description>
      </Placemark>
      <Placemark>
        <Style>
          <LineStyle>
            <color>fff0ff00</color>
            <width>2</width>
          </LineStyle>
        </Style>
        <MultiGeometry>
          <LineString>
            <tessellate>1</tessellate>
            <altitudeMode>absolute</altitudeMode>
            <coordinates>18.41544,-33.873825,396.24 18.414059,-33.873737,426.72</coordinates>
          </LineString>
        </MultiGeometry>
        <name>P-49</name>
        <description><![CDATA[<div><div><span><b>Altitude:</b></span> <span>1,300 ft - 1,400 ft</span></div>
<div><span><b>Speed:</b></span> <span>105 kt - 106 kt</span></div>
<div><span><b>Timestamp:</b></span><br/><span>2025-07-28 09:54:12 UTC<br/>2025-07-28 09:54:14 UTC</span></div>
</div>]]></description>
      </Placemark>
      <Placemark>
        <Style>
          <LineStyle>
            <color>ffccff00</color>
            <width>2</width>
          </LineStyle>
        </Style>
        <MultiGeometry>
          <LineString>
            <tessellate>1</tessellate>
            <altitudeMode>absolute</altitudeMode>
            <coordinates>18.414059,-33.873737,426.72 18.4128,-33.873737,426.72</coordinates>
          </LineString>
        </MultiGeometry>
        <name>P-50</name>
        <description><![CDATA[<div><div><span><b>Altitude:</b></span> <span>1,400 ft</span></div>
<div><span><b>Speed:</b></span> <span>106 kt</span></div>
<div><span><b>Timestamp:</b></span><br/><span>2025-07-28 09:54:14 UTC<br/>2025-07-28 09:54:16 UTC</span></div>
</div>]]></description>
      </Placemark>
      <Placemark>
        <Style>
          <LineStyle>
            <color>ffccff00</color>
            <width>2</width>
          </LineStyle>
        </Style>
        <MultiGeometry>
          <LineString>
            <tessellate>1</tessellate>
            <altitudeMode>absolute</altitudeMode>
            <coordinates>18.4128,-33.873737,426.72 18.411598,-33.873737,426.72</coordinates>
          </LineString>
        </MultiGeometry>
        <name>P-51</name>
        <description><![CDATA[<div><div><span><b>Altitude:</b></span> <span>1,400 ft</span></div>
<div><span><b>Speed:</b></span> <span>106 kt - 105 kt</span></div>
<div><span><b>Timestamp:</b></span><br/><span>2025-07-28 09:54:16 UTC<br/>2025-07-28 09:54:19 UTC</span></div>
</div>]]></description>
      </Placemark>
      <Placemark>
        <Style>
          <LineStyle>
            <color>ffccff00</color>
            <width>2</width>
          </LineStyle>
        </Style>
        <MultiGeometry>
          <LineString>
            <tessellate>1</tessellate>
            <altitudeMode>absolute</altitudeMode>
            <coordinates>18.411598,-33.873737,426.72 18.410004,-33.873825,426.72</coordinates>
          </LineString>
        </MultiGeometry>
        <name>P-52</name>
        <description><![CDATA[<div><div><span><b>Altitude:</b></span> <span>1,400 ft</span></div>
<div><span><b>Speed:</b></span> <span>105 kt - 104 kt</span></div>
<div><span><b>Timestamp:</b></span><br/><span>2025-07-28 09:54:19 UTC<br/>2025-07-28 09:54:21 UTC</span></div>
</div>]]></description>
      </Placemark>
      <Placemark>
        <Style>
          <LineStyle>
            <color>ffccff00</color>
            <width>2</width>
          </LineStyle>
        </Style>
        <MultiGeometry>
          <LineString>
            <tessellate>1</tessellate>
            <altitudeMode>absolute</altitudeMode>
            <coordinates>18.410004,-33.873825,426.72 18.408657,-33.873871,457.2</coordinates>
          </LineString>
        </MultiGeometry>
        <name>P-53</name>
        <description><![CDATA[<div><div><span><b>Altitude:</b></span> <span>1,400 ft - 1,500 ft</span></div>
<div><span><b>Speed:</b></span> <span>104 kt - 103 kt</span></div>
<div><span><b>Timestamp:</b></span><br/><span>2025-07-28 09:54:21 UTC<br/>2025-07-28 09:54:23 UTC</span></div>
</div>]]></description>
      </Placemark>
      <Placemark>
        <Style>
          <LineStyle>
            <color>ffccff00</color>
            <width>2</width>
          </LineStyle>
        </Style>
        <MultiGeometry>
          <LineString>
            <tessellate>1</tessellate>
            <altitudeMode>absolute</altitudeMode>
            <coordinates>18.408657,-33.873871,457.2 18.40748,-33.874008,457.2</coordinates>
          </LineString>
        </MultiGeometry>
        <name>P-54</name>
        <description><![CDATA[<div><div><span><b>Altitude:</b></span> <span>1,500 ft</span></div>
<div><span><b>Speed:</b></span> <span>103 kt</span></div>
<div><span><b>Timestamp:</b></span><br/><span>2025-07-28 09:54:23 UTC<br/>2025-07-28 09:54:26 UTC</span></div>
</div>]]></description>
      </Placemark>
      <Placemark>
        <Style>
          <LineStyle>
            <color>ffccff00</color>
            <width>2</width>
          </LineStyle>
        </Style>
        <MultiGeometry>
          <LineString>
            <tessellate>1</tessellate>
            <altitudeMode>absolute</altitudeMode>
            <coordinates>18.40748,-33.874008,457.2 18.406359,-33.874146,457.2</coordinates>
          </LineString>
        </MultiGeometry>
        <name>P-55</name>
        <description><![CDATA[<div><div><span><b>Altitude:</b></span> <span>1,500 ft</span></div>
<div><span><b>Speed:</b></span> <span>103 kt - 102 kt</span></div>
<div><span><b>Timestamp:</b></span><br/><span>2025-07-28 09:54:26 UTC<br/>2025-07-28 09:54:28 UTC</span></div>
</div>]]></description>
      </Placemark>
      <Placemark>
        <Style>
          <LineStyle>
            <color>ffccff00</color>
            <width>2</width>
          </LineStyle>
        </Style>
        <MultiGeometry>
          <LineString>
            <tessellate>1</tessellate>
            <altitudeMode>absolute</altitudeMode>
            <coordinates>18.406359,-33.874146,457.2 18.405239,-33.874329,457.2</coordinates>
          </LineString>
        </MultiGeometry>
        <name>P-56</name>
        <description><![CDATA[<div><div><span><b>Altitude:</b></span> <span>1,500 ft</span></div>
<div><span><b>Speed:</b></span> <span>102 kt - 101 kt</span></div>
<div><span><b>Timestamp:</b></span><br/><span>2025-07-28 09:54:28 UTC<br/>2025-07-28 09:54:30 UTC</span></div>
</div>]]></description>
      </Placemark>
      <Placemark>
        <Style>
          <LineStyle>
            <color>ffccff00</color>
            <width>2</width>
          </LineStyle>
        </Style>
        <MultiGeometry>
          <LineString>
            <tessellate>1</tessellate>
            <altitudeMode>absolute</altitudeMode>
            <coordinates>18.405239,-33.874329,457.2 18.403873,-33.874527,487.68</coordinates>
          </LineString>
        </MultiGeometry>
        <name>P-57</name>
        <description><![CDATA[<div><div><span><b>Altitude:</b></span> <span>1,500 ft - 1,600 ft</span></div>
<div><span><b>Speed:</b></span> <span>101 kt</span></div>
<div><span><b>Timestamp:</b></span><br/><span>2025-07-28 09:54:30 UTC<br/>2025-07-28 09:54:32 UTC</span></div>
</div>]]></description>
      </Placemark>
      <Placemark>
        <Style>
          <LineStyle>
            <color>ffccff00</color>
            <width>2</width>
          </LineStyle>
        </Style>
        <MultiGeometry>
          <LineString>
            <tessellate>1</tessellate>
            <altitudeMode>absolute</altitudeMode>
            <coordinates>18.403873,-33.874527,487.68 18.402786,-33.87476,487.68</coordinates>
          </LineString>
        </MultiGeometry>
        <name>P-58</name>
        <description><![CDATA[<div><div><span><b>Altitude:</b></span> <span>1,600 ft</span></div>
<div><span><b>Speed:</b></span> <span>101 kt - 100 kt</span></div>
<div><span><b>Timestamp:</b></span><br/><span>2025-07-28 09:54:32 UTC<br/>2025-07-28 09:54:34 UTC</span></div>
</div>]]></description>
      </Placemark>
      <Placemark>
        <Style>
          <LineStyle>
            <color>ffccff00</color>
            <width>2</width>
          </LineStyle>
        </Style>
        <MultiGeometry>
          <LineString>
            <tessellate>1</tessellate>
            <altitudeMode>absolute</altitudeMode>
            <coordinates>18.402786,-33.87476,487.68 18.401539,-33.875015,487.68</coordinates>
          </LineString>
        </MultiGeometry>
        <name>P-59</name>
        <description><![CDATA[<div><div><span><b>Altitude:</b></span> <span>1,600 ft</span></div>
<div><span><b>Speed:</b></span> <span>100 kt - 101 kt</span></div>
<div><span><b>Timestamp:</b></span><br/><span>2025-07-28 09:54:34 UTC<br/>2025-07-28 09:54:36 UTC</span></div>
</div>]]></description>
      </Placemark>
      <Placemark>
        <Style>
          <LineStyle>
            <color>ffccff00</color>
            <width>2</width>
          </LineStyle>
        </Style>
        <MultiGeometry>
          <LineString>
            <tessellate>1</tessellate>
            <altitudeMode>absolute</altitudeMode>
            <coordinates>18.401539,-33.875015,487.68 18.400362,-33.875336,487.68</coordinates>
          </LineString>
        </MultiGeometry>
        <name>P-60</name>
        <description><![CDATA[<div><div><span><b>Altitude:</b></span> <span>1,600 ft</span></div>
<div><span><b>Speed:</b></span> <span>101 kt</span></div>
<div><span><b>Timestamp:</b></span><br/><span>2025-07-28 09:54:36 UTC<br/>2025-07-28 09:54:39 UTC</span></div>
</div>]]></description>
      </Placemark>
      <Placemark>
        <Style>
          <LineStyle>
            <color>ffccff00</color>
            <width>2</width>
          </LineStyle>
        </Style>
        <MultiGeometry>
          <LineString>
            <tessellate>1</tessellate>
            <altitudeMode>absolute</altitudeMode>
            <coordinates>18.400362,-33.875336,487.68 18.399296,-33.875599,487.68</coordinates>
          </LineString>
        </MultiGeometry>
        <name>P-61</name>
        <description><![CDATA[<div><div><span><b>Altitude:</b></span> <span>1,600 ft</span></div>
<div><span><b>Speed:</b></span> <span>101 kt</span></div>
<div><span><b>Timestamp:</b></span><br/><span>2025-07-28 09:54:39 UTC<br/>2025-07-28 09:54:41 UTC</span></div>
</div>]]></description>
      </Placemark>
      <Placemark>
        <Style>
          <LineStyle>
            <color>ffccff00</color>
            <width>2</width>
          </LineStyle>
        </Style>
        <MultiGeometry>
          <LineString>
            <tessellate>1</tessellate>
            <altitudeMode>absolute</altitudeMode>
            <coordinates>18.399296,-33.875599,487.68 18.398266,-33.875923,518.16</coordinates>
          </LineString>
        </MultiGeometry>
        <name>P-62</name>
        <description><![CDATA[<div><div><span><b>Altitude:</b></span> <span>1,600 ft - 1,700 ft</span></div>
<div><span><b>Speed:</b></span> <span>101 kt - 100 kt</span></div>
<div><span><b>Timestamp:</b></span><br/><span>2025-07-28 09:54:41 UTC<br/>2025-07-28 09:54:43 UTC</span></div>
</div>]]></description>
      </Placemark>
      <Placemark>
        <Style>
          <LineStyle>
            <color>ffccff00</color>
            <width>2</width>
          </LineStyle>
        </Style>
        <MultiGeometry>
          <LineString>
            <tessellate>1</tessellate>
            <altitudeMode>absolute</altitudeMode>
            <coordinates>18.398266,-33.875923,518.16 18.396999,-33.876343,518.16</coordinates>
          </LineString>
        </MultiGeometry>
        <name>P-63</name>
        <description><![CDATA[<div><div><span><b>Altitude:</b></span> <span>1,700 ft</span></div>
<div><span><b>Speed:</b></span> <span>100 kt - 101 kt</span></div>
<div><span><b>Timestamp:</b></span><br/><span>2025-07-28 09:54:43 UTC<br/>2025-07-28 09:54:45 UTC</span></div>
</div>]]></description>
      </Placemark>
      <Placemark>
        <Style>
          <LineStyle>
            <color>ffccff00</color>
            <width>2</width>
          </LineStyle>
        </Style>
        <MultiGeometry>
          <LineString>
            <tessellate>1</tessellate>
            <altitudeMode>absolute</altitudeMode>
            <coordinates>18.396999,-33.876343,518.16 18.395653,-33.876801,518.16</coordinates>
          </LineString>
        </MultiGeometry>
        <name>P-64</name>
        <description><![CDATA[<div><div><span><b>Altitude:</b></span> <span>1,700 ft</span></div>
<div><span><b>Speed:</b></span> <span>101 kt - 100 kt</span></div>
<div><span><b>Timestamp:</b></span><br/><span>2025-07-28 09:54:45 UTC<br/>2025-07-28 09:54:47 UTC</span></div>
</div>]]></description>
      </Placemark>
      <Placemark>
        <Style>
          <LineStyle>
            <color>ffccff00</color>
            <width>2</width>
          </LineStyle>
        </Style>
        <MultiGeometry>
          <LineString>
            <tessellate>1</tessellate>
            <altitudeMode>absolute</altitudeMode>
            <coordinates>18.395653,-33.876801,518.16 18.394476,-33.877213,518.16</coordinates>
          </LineString>
        </MultiGeometry>
        <name>P-65</name>
        <description><![CDATA[<div><div><span><b>Altitude:</b></span> <span>1,700 ft</span></div>
<div><span><b>Speed:</b></span> <span>100 kt - 99 kt</span></div>
<div><span><b>Timestamp:</b></span><br/><span>2025-07-28 09:54:47 UTC<br/>2025-07-28 09:54:50 UTC</span></div>
</div>]]></description>
      </Placemark>
      <Placemark>
        <Style>
          <LineStyle>
            <color>ffccff00</color>
            <width>2</width>
          </LineStyle>
        </Style>
        <MultiGeometry>
          <LineString>
            <tessellate>1</tessellate>
            <altitudeMode>absolute</altitudeMode>
            <coordinates>18.394476,-33.877213,518.16 18.393173,-33.877693,548.64</coordinates>
          </LineString>
        </MultiGeometry>
        <name>P-66</name>
        <description><![CDATA[<div><div><span><b>Altitude:</b></span> <span>1,700 ft - 1,800 ft</span></div>
<div><span><b>Speed:</b></span> <span>99 kt - 100 kt</span></div>
<div><span><b>Timestamp:</b></span><br/><span>2025-07-28 09:54:50 UTC<br/>2025-07-28 09:54:53 UTC</span></div>
</div>]]></description>
      </Placemark>
      <Placemark>
        <Style>
          <LineStyle>
            <color>ffccff00</color>
            <width>2</width>
          </LineStyle>
        </Style>
        <MultiGeometry>
          <LineString>
            <tessellate>1</tessellate>
            <altitudeMode>absolute</altitudeMode>
            <coordinates>18.393173,-33.877693,548.64 18.392067,-33.878128,548.64</coordinates>
          </LineString>
        </MultiGeometry>
        <name>P-67</name>
        <description><![CDATA[<div><div><span><b>Altitude:</b></span> <span>1,800 ft</span></div>
<div><span><b>Speed:</b></span> <span>100 kt</span></div>
<div><span><b>Timestamp:</b></span><br/><span>2025-07-28 09:54:53 UTC<br/>2025-07-28 09:54:55 UTC</span></div>
</div>]]></description>
      </Placemark>
      <Placemark>
        <Style>
          <LineStyle>
            <color>ffccff00</color>
            <width>2</width>
          </LineStyle>
        </Style>
        <MultiGeometry>
          <LineString>
            <tessellate>1</tessellate>
            <altitudeMode>absolute</altitudeMode>
            <coordinates>18.392067,-33.878128,548.64 18.390833,-33.878632,548.64</coordinates>
          </LineString>
        </MultiGeometry>
        <name>P-68</name>
        <description><![CDATA[<div><div><span><b>Altitude:</b></span> <span>1,800 ft</span></div>
<div><span><b>Speed:</b></span> <span>100 kt - 99 kt</span></div>
<div><span><b>Timestamp:</b></span><br/><span>2025-07-28 09:54:55 UTC<br/>2025-07-28 09:54:57 UTC</span></div>
</div>]]></description>
      </Placemark>
      <Placemark>
        <Style>
          <LineStyle>
            <color>ffccff00</color>
            <width>2</width>
          </LineStyle>
        </Style>
        <MultiGeometry>
          <LineString>
            <tessellate>1</tessellate>
            <altitudeMode>absolute</altitudeMode>
            <coordinates>18.390833,-33.878632,548.64 18.389969,-33.879044,548.64</coordinates>
          </LineString>
        </MultiGeometry>
        <name>P-69</name>
        <description><![CDATA[<div><div><span><b>Altitude:</b></span> <span>1,800 ft</span></div>
<div><span><b>Speed:</b></span> <span>99 kt - 98 kt</span></div>
<div><span><b>Timestamp:</b></span><br/><span>2025-07-28 09:54:57 UTC<br/>2025-07-28 09:54:59 UTC</span></div>
</div>]]></description>
      </Placemark>
      <Placemark>
        <Style>
          <LineStyle>
            <color>ffccff00</color>
            <width>2</width>
          </LineStyle>
        </Style>
        <MultiGeometry>
          <LineString>
            <tessellate>1</tessellate>
            <altitudeMode>absolute</altitudeMode>
            <coordinates>18.389969,-33.879044,548.64 18.388927,-33.879547,579.12</coordinates>
          </LineString>
        </MultiGeometry>
        <name>P-70</name>
        <description><![CDATA[<div><div><span><b>Altitude:</b></span> <span>1,800 ft - 1,900 ft</span></div>
<div><span><b>Speed:</b></span> <span>98 kt - 97 kt</span></div>
<div><span><b>Timestamp:</b></span><br/><span>2025-07-28 09:54:59 UTC<br/>2025-07-28 09:55:01 UTC</span></div>
</div>]]></description>
      </Placemark>
      <Placemark>
        <Style>
          <LineStyle>
            <color>ffccff00</color>
            <width>2</width>
          </LineStyle>
        </Style>
        <MultiGeometry>
          <LineString>
            <tessellate>1</tessellate>
            <altitudeMode>absolute</altitudeMode>
            <coordinates>18.388927,-33.879547,579.12 18.387623,-33.880207,579.12</coordinates>
          </LineString>
        </MultiGeometry>
        <name>P-71</name>
        <description><![CDATA[<div><div><span><b>Altitude:</b></span> <span>1,900 ft</span></div>
<div><span><b>Speed:</b></span> <span>97 kt</span></div>
<div><span><b>Timestamp:</b></span><br/><span>2025-07-28 09:55:01 UTC<br/>2025-07-28 09:55:04 UTC</span></div>
</div>]]></description>
      </Placemark>
      <Placemark>
        <Style>
          <LineStyle>
            <color>ffccff00</color>
            <width>2</width>
          </LineStyle>
        </Style>
        <MultiGeometry>
          <LineString>
            <tessellate>1</tessellate>
            <altitudeMode>absolute</altitudeMode>
            <coordinates>18.387623,-33.880207,579.12 18.386684,-33.880692,579.12</coordinates>
          </LineString>
        </MultiGeometry>
        <name>P-72</name>
        <description><![CDATA[<div><div><span><b>Altitude:</b></span> <span>1,900 ft</span></div>
<div><span><b>Speed:</b></span> <span>97 kt - 98 kt</span></div>
<div><span><b>Timestamp:</b></span><br/><span>2025-07-28 09:55:04 UTC<br/>2025-07-28 09:55:06 UTC</span></div>
</div>]]></description>
      </Placemark>
      <Placemark>
        <Style>
          <LineStyle>
            <color>ffccff00</color>
            <width>2</width>
          </LineStyle>
        </Style>
        <MultiGeometry>
          <LineString>
            <tessellate>1</tessellate>
            <altitudeMode>absolute</altitudeMode>
            <coordinates>18.386684,-33.880692,579.12 18.385506,-33.881325,579.12</coordinates>
          </LineString>
        </MultiGeometry>
        <name>P-73</name>
        <description><![CDATA[<div><div><span><b>Altitude:</b></span> <span>1,900 ft</span></div>
<div><span><b>Speed:</b></span> <span>98 kt</span></div>
<div><span><b>Timestamp:</b></span><br/><span>2025-07-28 09:55:06 UTC<br/>2025-07-28 09:55:08 UTC</span></div>
</div>]]></description>
      </Placemark>
      <Placemark>
        <Style>
          <LineStyle>
            <color>ffccff00</color>
            <width>2</width>
          </LineStyle>
        </Style>
        <MultiGeometry>
          <LineString>
            <tessellate>1</tessellate>
            <altitudeMode>absolute</altitudeMode>
            <coordinates>18.385506,-33.881325,579.12 18.38459,-33.881882,609.6</coordinates>
          </LineString>
        </MultiGeometry>
        <name>P-74</name>
        <description><![CDATA[<div><div><span><b>Altitude:</b></span> <span>1,900 ft - 2,000 ft</span></div>
<div><span><b>Speed:</b></span> <span>98 kt - 99 kt</span></div>
<div><span><b>Timestamp:</b></span><br/><span>2025-07-28 09:55:08 UTC<br/>2025-07-28 09:55:11 UTC</span></div>
</div>]]></description>
      </Placemark>
      <Placemark>
        <Style>
          <LineStyle>
            <color>ff42ff00</color>
            <width>2</width>
          </LineStyle>
        </Style>
        <MultiGeometry>
          <LineString>
            <tessellate>1</tessellate>
            <altitudeMode>absolute</altitudeMode>
            <coordinates>18.38459,-33.881882,609.6 18.383434,-33.882614,609.6</coordinates>
          </LineString>
        </MultiGeometry>
        <name>P-75</name>
        <description><![CDATA[<div><div><span><b>Altitude:</b></span> <span>2,000 ft</span></div>
<div><span><b>Speed:</b></span> <span>99 kt - 100 kt</span></div>
<div><span><b>Timestamp:</b></span><br/><span>2025-07-28 09:55:11 UTC<br/>2025-07-28 09:55:13 UTC</span></div>
</div>]]></description>
      </Placemark>
      <Placemark>
        <Style>
          <LineStyle>
            <color>ff42ff00</color>
            <width>2</width>
          </LineStyle>
        </Style>
        <MultiGeometry>
          <LineString>
            <tessellate>1</tessellate>
            <altitudeMode>absolute</altitudeMode>
            <coordinates>18.383434,-33.882614,609.6 18.382645,-33.883141,609.6</coordinates>
          </LineString>
        </MultiGeometry>
        <name>P-76</name>
        <description><![CDATA[<div><div><span><b>Altitude:</b></span> <span>2,000 ft</span></div>
<div><span><b>Speed:</b></span> <span>100 kt</span></div>
<div><span><b>Timestamp:</b></span><br/><span>2025-07-28 09:55:13 UTC<br/>2025-07-28 09:55:15 UTC</span></div>
</div>]]></description>
      </Placemark>
      <Placemark>
        <Style>
          <LineStyle>
            <color>ff42ff00</color>
            <width>2</width>
          </LineStyle>
        </Style>
        <MultiGeometry>
          <LineString>
            <tessellate>1</tessellate>
            <altitudeMode>absolute</altitudeMode>
            <coordinates>18.382645,-33.883141,609.6 18.381529,-33.88385,609.6</coordinates>
          </LineString>
        </MultiGeometry>
        <name>P-77</name>
        <description><![CDATA[<div><div><span><b>Altitude:</b></span> <span>2,000 ft</span></div>
<div><span><b>Speed:</b></span> <span>100 kt - 101 kt</span></div>
<div><span><b>Timestamp:</b></span><br/><span>2025-07-28 09:55:15 UTC<br/>2025-07-28 09:55:17 UTC</span></div>
</div>]]></description>
      </Placemark>
      <Placemark>
        <Style>
          <LineStyle>
            <color>ff42ff00</color>
            <width>2</width>
          </LineStyle>
        </Style>
        <MultiGeometry>
          <LineString>
            <tessellate>1</tessellate>
            <altitudeMode>absolute</altitudeMode>
            <coordinates>18.381529,-33.88385,609.6 18.380463,-33.884583,609.6</coordinates>
          </LineString>
        </MultiGeometry>
        <name>P-78</name>
        <description><![CDATA[<div><div><span><b>Altitude:</b></span> <span>2,000 ft</span></div>
<div><span><b>Speed:</b></span> <span>101 kt</span></div>
<div><span><b>Timestamp:</b></span><br/><span>2025-07-28 09:55:17 UTC<br/>2025-07-28 09:55:20 UTC</span></div>
</div>]]></description>
      </Placemark>
      <Placemark>
        <Style>
          <LineStyle>
            <color>ff42ff00</color>
            <width>2</width>
          </LineStyle>
        </Style>
        <MultiGeometry>
          <LineString>
            <tessellate>1</tessellate>
            <altitudeMode>absolute</altitudeMode>
            <coordinates>18.380463,-33.884583,609.6 18.379612,-33.885189,609.6</coordinates>
          </LineString>
        </MultiGeometry>
        <name>P-79</name>
        <description><![CDATA[<div><div><span><b>Altitude:</b></span> <span>2,000 ft</span></div>
<div><span><b>Speed:</b></span> <span>101 kt - 102 kt</span></div>
<div><span><b>Timestamp:</b></span><br/><span>2025-07-28 09:55:20 UTC<br/>2025-07-28 09:55:22 UTC</span></div>
</div>]]></description>
      </Placemark>
      <Placemark>
        <Style>
          <LineStyle>
            <color>ff42ff00</color>
            <width>2</width>
          </LineStyle>
        </Style>
        <MultiGeometry>
          <LineString>
            <tessellate>1</tessellate>
            <altitudeMode>absolute</altitudeMode>
            <coordinates>18.379612,-33.885189,609.6 18.378614,-33.885864,609.6</coordinates>
          </LineString>
        </MultiGeometry>
        <name>P-80</name>
        <description><![CDATA[<div><div><span><b>Altitude:</b></span> <span>2,000 ft</span></div>
<div><span><b>Speed:</b></span> <span>102 kt - 103 kt</span></div>
<div><span><b>Timestamp:</b></span><br/><span>2025-07-28 09:55:22 UTC<br/>2025-07-28 09:55:24 UTC</span></div>
</div>]]></description>
      </Placemark>
      <Placemark>
        <Style>
          <LineStyle>
            <color>ff42ff00</color>
            <width>2</width>
          </LineStyle>
        </Style>
        <MultiGeometry>
          <LineString>
            <tessellate>1</tessellate>
            <altitudeMode>absolute</altitudeMode>
            <coordinates>18.378614,-33.885864,609.6 18.377661,-33.886551,640.08</coordinates>
          </LineString>
        </MultiGeometry>
        <name>P-81</name>
        <description><![CDATA[<div><div><span><b>Altitude:</b></span> <span>2,000 ft - 2,100 ft</span></div>
<div><span><b>Speed:</b></span> <span>103 kt - 104 kt</span></div>
<div><span><b>Timestamp:</b></span><br/><span>2025-07-28 09:55:24 UTC<br/>2025-07-28 09:55:27 UTC</span></div>
</div>]]></description>
      </Placemark>
      <Placemark>
        <Style>
          <LineStyle>
            <color>ff42ff00</color>
            <width>2</width>
          </LineStyle>
        </Style>
        <MultiGeometry>
          <LineString>
            <tessellate>1</tessellate>
            <altitudeMode>absolute</altitudeMode>
            <coordinates>18.377661,-33.886551,640.08 18.376751,-33.887238,640.08</coordinates>
          </LineString>
        </MultiGeometry>
        <name>P-82</name>
        <description><![CDATA[<div><div><span><b>Altitude:</b></span> <span>2,100 ft</span></div>
<div><span><b>Speed:</b></span> <span>104 kt</span></div>
<div><span><b>Timestamp:</b></span><br/><span>2025-07-28 09:55:27 UTC<br/>2025-07-28 09:55:29 UTC</span></div>
</div>]]></description>
      </Placemark>
      <Placemark>
        <Style>
          <LineStyle>
            <color>ff42ff00</color>
            <width>2</width>
          </LineStyle>
        </Style>
        <MultiGeometry>
          <LineString>
            <tessellate>1</tessellate>
            <altitudeMode>absolute</altitudeMode>
            <coordinates>18.376751,-33.887238,640.08 18.375778,-33.888027,640.08</coordinates>
          </LineString>
        </MultiGeometry>
        <name>P-83</name>
        <description><![CDATA[<div><div><span><b>Altitude:</b></span> <span>2,100 ft</span></div>
<div><span><b>Speed:</b></span> <span>104 kt</span></div>
<div><span><b>Timestamp:</b></span><br/><span>2025-07-28 09:55:29 UTC<br/>2025-07-28 09:55:31 UTC</span></div>
</div>]]></description>
      </Placemark>
      <Placemark>
        <Style>
          <LineStyle>
            <color>ff42ff00</color>
            <width>2</width>
          </LineStyle>
        </Style>
        <MultiGeometry>
          <LineString>
            <tessellate>1</tessellate>
            <altitudeMode>absolute</altitudeMode>
            <coordinates>18.375778,-33.888027,640.08 18.37492,-33.88868,640.08</coordinates>
          </LineString>
        </MultiGeometry>
        <name>P-84</name>
        <description><![CDATA[<div><div><span><b>Altitude:</b></span> <span>2,100 ft</span></div>
<div><span><b>Speed:</b></span> <span>104 kt</span></div>
<div><span><b>Timestamp:</b></span><br/><span>2025-07-28 09:55:31 UTC<br/>2025-07-28 09:55:33 UTC</span></div>
</div>]]></description>
      </Placemark>
      <Placemark>
        <Style>
          <LineStyle>
            <color>ff42ff00</color>
            <width>2</width>
          </LineStyle>
        </Style>
        <MultiGeometry>
          <LineString>
            <tessellate>1</tessellate>
            <altitudeMode>absolute</altitudeMode>
            <coordinates>18.37492,-33.88868,640.08 18.374119,-33.889378,640.08</coordinates>
          </LineString>
        </MultiGeometry>
        <name>P-85</name>
        <description><![CDATA[<div><div><span><b>Altitude:</b></span> <span>2,100 ft</span></div>
<div><span><b>Speed:</b></span> <span>104 kt - 106 kt</span></div>
<div><span><b>Timestamp:</b></span><br/><span>2025-07-28 09:55:33 UTC<br/>2025-07-28 09:55:35 UTC</span></div>
</div>]]></description>
      </Placemark>
      <Placemark>
        <Style>
          <LineStyle>
            <color>ff42ff00</color>
            <width>2</width>
          </LineStyle>
        </Style>
        <MultiGeometry>
          <LineString>
            <tessellate>1</tessellate>
            <altitudeMode>absolute</altitudeMode>
            <coordinates>18.374119,-33.889378,640.08 18.372896,-33.890442,640.08</coordinates>
          </LineString>
        </MultiGeometry>
        <name>P-86</name>
        <description><![CDATA[<div><div><span><b>Altitude:</b></span> <span>2,100 ft</span></div>
<div><span><b>Speed:</b></span> <span>106 kt</span></div>
<div><span><b>Timestamp:</b></span><br/><span>2025-07-28 09:55:35 UTC<br/>2025-07-28 09:55:37 UTC</span></div>
</div>]]></description>
      </Placemark>
      <Placemark>
        <Style>
          <LineStyle>
            <color>ff42ff00</color>
            <width>2</width>
          </LineStyle>
        </Style>
        <MultiGeometry>
          <LineString>
            <tessellate>1</tessellate>
            <altitudeMode>absolute</altitudeMode>
            <coordinates>18.372896,-33.890442,640.08 18.37228,-33.890991,640.08</coordinates>
          </LineString>
        </MultiGeometry>
        <name>P-87</name>
        <description><![CDATA[<div><div><span><b>Altitude:</b></span> <span>2,100 ft</span></div>
<div><span><b>Speed:</b></span> <span>106 kt - 105 kt</span></div>
<div><span><b>Timestamp:</b></span><br/><span>2025-07-28 09:55:37 UTC<br/>2025-07-28 09:55:40 UTC</span></div>
</div>]]></description>
      </Placemark>
      <Placemark>
        <Style>
          <LineStyle>
            <color>ff42ff00</color>
            <width>2</width>
          </LineStyle>
        </Style>
        <MultiGeometry>
          <LineString>
            <tessellate>1</tessellate>
            <altitudeMode>absolute</altitudeMode>
            <coordinates>18.37228,-33.890991,640.08 18.371214,-33.891953,640.08</coordinates>
          </LineString>
        </MultiGeometry>
        <name>P-88</name>
        <description><![CDATA[<div><div><span><b>Altitude:</b></span> <span>2,100 ft</span></div>
<div><span><b>Speed:</b></span> <span>105 kt - 106 kt</span></div>
<div><span><b>Timestamp:</b></span><br/><span>2025-07-28 09:55:40 UTC<br/>2025-07-28 09:55:42 UTC</span></div>
</div>]]></description>
      </Placemark>
      <Placemark>
        <Style>
          <LineStyle>
            <color>ff42ff00</color>
            <width>2</width>
          </LineStyle>
        </Style>
        <MultiGeometry>
          <LineString>
            <tessellate>1</tessellate>
            <altitudeMode>absolute</altitudeMode>
            <coordinates>18.371214,-33.891953,640.08 18.370205,-33.892868,640.08</coordinates>
          </LineString>
        </MultiGeometry>
        <name>P-89</name>
        <description><![CDATA[<div><div><span><b>Altitude:</b></span> <span>2,100 ft</span></div>
<div><span><b>Speed:</b></span> <span>106 kt</span></div>
<div><span><b>Timestamp:</b></span><br/><span>2025-07-28 09:55:42 UTC<br/>2025-07-28 09:55:44 UTC</span></div>
</div>]]></description>
      </Placemark>
      <Placemark>
        <Style>
          <LineStyle>
            <color>ff42ff00</color>
            <width>2</width>
          </LineStyle>
        </Style>
        <MultiGeometry>
          <LineString>
            <tessellate>1</tessellate>
            <altitudeMode>absolute</altitudeMode>
            <coordinates>18.370205,-33.892868,640.08 18.36937,-33.893661,670.56</coordinates>
          </LineString>
        </MultiGeometry>
        <name>P-90</name>
        <description><![CDATA[<div><div><span><b>Altitude:</b></span> <span>2,100 ft - 2,200 ft</span></div>
<div><span><b>Speed:</b></span> <span>106 kt</span></div>
<div><span><b>Timestamp:</b></span><br/><span>2025-07-28 09:55:44 UTC<br/>2025-07-28 09:55:46 UTC</span></div>
</div>]]></description>
      </Placemark>
      <Placemark>
        <Style>
          <LineStyle>
            <color>ff42ff00</color>
            <width>2</width>
          </LineStyle>
        </Style>
        <MultiGeometry>
          <LineString>
            <tessellate>1</tessellate>
            <altitudeMode>absolute</altitudeMode>
            <coordinates>18.36937,-33.893661,670.56 18.368626,-33.894451,670.56</coordinates>
          </LineString>
        </MultiGeometry>
        <name>P-91</name>
        <description><![CDATA[<div><div><span><b>Altitude:</b></span> <span>2,200 ft</span></div>
<div><span><b>Speed:</b></span> <span>106 kt</span></div>
<div><span><b>Timestamp:</b></span><br/><span>2025-07-28 09:55:46 UTC<br/>2025-07-28 09:55:48 UTC</span></div>
</div>]]></description>
      </Placemark>
      <Placemark>
        <Style>
          <LineStyle>
            <color>ff42ff00</color>
            <width>2</width>
          </LineStyle>
        </Style>
        <MultiGeometry>
          <LineString>
            <tessellate>1</tessellate>
            <altitudeMode>absolute</altitudeMode>
            <coordinates>18.368626,-33.894451,670.56 18.367882,-33.895195,670.56</coordinates>
          </LineString>
        </MultiGeometry>
        <name>P-92</name>
        <description><![CDATA[<div><div><span><b>Altitude:</b></span> <span>2,200 ft</span></div>
<div><span><b>Speed:</b></span> <span>106 kt - 107 kt</span></div>
<div><span><b>Timestamp:</b></span><br/><span>2025-07-28 09:55:48 UTC<br/>2025-07-28 09:55:50 UTC</span></div>
</div>]]></description>
      </Placemark>
      <Placemark>
        <Style>
          <LineStyle>
            <color>ff42ff00</color>
            <width>2</width>
          </LineStyle>
        </Style>
        <MultiGeometry>
          <LineString>
            <tessellate>1</tessellate>
            <altitudeMode>absolute</altitudeMode>
            <coordinates>18.367882,-33.895195,670.56 18.367178,-33.895981,670.56</coordinates>
          </LineString>
        </MultiGeometry>
        <name>P-93</name>
        <description><![CDATA[<div><div><span><b>Altitude:</b></span> <span>2,200 ft</span></div>
<div><span><b>Speed:</b></span> <span>107 kt</span></div>
<div><span><b>Timestamp:</b></span><br/><span>2025-07-28 09:55:50 UTC<br/>2025-07-28 09:55:53 UTC</span></div>
</div>]]></description>
      </Placemark>
      <Placemark>
        <Style>
          <LineStyle>
            <color>ff42ff00</color>
            <width>2</width>
          </LineStyle>
        </Style>
        <MultiGeometry>
          <LineString>
            <tessellate>1</tessellate>
            <altitudeMode>absolute</altitudeMode>
            <coordinates>18.367178,-33.895981,670.56 18.366108,-33.897198,670.56</coordinates>
          </LineString>
        </MultiGeometry>
        <name>P-94</name>
        <description><![CDATA[<div><div><span><b>Altitude:</b></span> <span>2,200 ft</span></div>
<div><span><b>Speed:</b></span> <span>107 kt - 108 kt</span></div>
<div><span><b>Timestamp:</b></span><br/><span>2025-07-28 09:55:53 UTC<br/>2025-07-28 09:55:55 UTC</span></div>
</div>]]></description>
      </Placemark>
      <Placemark>
        <Style>
          <LineStyle>
            <color>ff42ff00</color>
            <width>2</width>
          </LineStyle>
        </Style>
        <MultiGeometry>
          <LineString>
            <tessellate>1</tessellate>
            <altitudeMode>absolute</altitudeMode>
            <coordinates>18.366108,-33.897198,670.56 18.365421,-33.897942,670.56</coordinates>
          </LineString>
        </MultiGeometry>
        <name>P-95</name>
        <description><![CDATA[<div><div><span><b>Altitude:</b></span> <span>2,200 ft</span></div>
<div><span><b>Speed:</b></span> <span>108 kt</span></div>
<div><span><b>Timestamp:</b></span><br/><span>2025-07-28 09:55:55 UTC<br/>2025-07-28 09:55:57 UTC</span></div>
</div>]]></description>
      </Placemark>
      <Placemark>
        <Style>
          <LineStyle>
            <color>ff42ff00</color>
            <width>2</width>
          </LineStyle>
        </Style>
        <MultiGeometry>
          <LineString>
            <tessellate>1</tessellate>
            <altitudeMode>absolute</altitudeMode>
            <coordinates>18.365421,-33.897942,670.56 18.364735,-33.898735,670.56</coordinates>
          </LineString>
        </MultiGeometry>
        <name>P-96</name>
        <description><![CDATA[<div><div><span><b>Altitude:</b></span> <span>2,200 ft</span></div>
<div><span><b>Speed:</b></span> <span>108 kt - 109 kt</span></div>
<div><span><b>Timestamp:</b></span><br/><span>2025-07-28 09:55:57 UTC<br/>2025-07-28 09:56:00 UTC</span></div>
</div>]]></description>
      </Placemark>
      <Placemark>
        <Style>
          <LineStyle>
            <color>ff42ff00</color>
            <width>2</width>
          </LineStyle>
        </Style>
        <MultiGeometry>
          <LineString>
            <tessellate>1</tessellate>
            <altitudeMode>absolute</altitudeMode>
            <coordinates>18.364735,-33.898735,670.56 18.363762,-33.89999,670.56</coordinates>
          </LineString>
        </MultiGeometry>
        <name>P-97</name>
        <description><![CDATA[<div><div><span><b>Altitude:</b></span> <span>2,200 ft</span></div>
<div><span><b>Speed:</b></span> <span>109 kt - 108 kt</span></div>
<div><span><b>Timestamp:</b></span><br/><span>2025-07-28 09:56:00 UTC<br/>2025-07-28 09:56:02 UTC</span></div>
</div>]]></description>
      </Placemark>
      <Placemark>
        <Style>
          <LineStyle>
            <color>ff42ff00</color>
            <width>2</width>
          </LineStyle>
        </Style>
        <MultiGeometry>
          <LineString>
            <tessellate>1</tessellate>
            <altitudeMode>absolute</altitudeMode>
            <coordinates>18.363762,-33.89999,670.56 18.363075,-33.900829,670.56</coordinates>
          </LineString>
        </MultiGeometry>
        <name>P-98</name>
        <description><![CDATA[<div><div><span><b>Altitude:</b></span> <span>2,200 ft</span></div>
<div><span><b>Speed:</b></span> <span>108 kt - 109 kt</span></div>
<div><span><b>Timestamp:</b></span><br/><span>2025-07-28 09:56:02 UTC<br/>2025-07-28 09:56:04 UTC</span></div>
</div>]]></description>
      </Placemark>
      <Placemark>
        <Style>
          <LineStyle>
            <color>ff42ff00</color>
            <width>2</width>
          </LineStyle>
        </Style>
        <MultiGeometry>
          <LineString>
            <tessellate>1</tessellate>
            <altitudeMode>absolute</altitudeMode>
            <coordinates>18.363075,-33.900829,670.56 18.362331,-33.901806,670.56</coordinates>
          </LineString>
        </MultiGeometry>
        <name>P-99</name>
        <description><![CDATA[<div><div><span><b>Altitude:</b></span> <span>2,200 ft</span></div>
<div><span><b>Speed:</b></span> <span>109 kt</span></div>
<div><span><b>Timestamp:</b></span><br/><span>2025-07-28 09:56:04 UTC<br/>2025-07-28 09:56:06 UTC</span></div>
</div>]]></description>
      </Placemark>
      <Placemark>
        <Style>
          <LineStyle>
            <color>ff42ff00</color>
            <width>2</width>
          </LineStyle>
        </Style>
        <MultiGeometry>
          <LineString>
            <tessellate>1</tessellate>
            <altitudeMode>absolute</altitudeMode>
            <coordinates>18.362331,-33.901806,670.56 18.361742,-33.902618,670.56</coordinates>
          </LineString>
        </MultiGeometry>
        <name>P-100</name>
        <description><![CDATA[<div><div><span><b>Altitude:</b></span> <span>2,200 ft</span></div>
<div><span><b>Speed:</b></span> <span>109 kt</span></div>
<div><span><b>Timestamp:</b></span><br/><span>2025-07-28 09:56:06 UTC<br/>2025-07-28 09:56:09 UTC</span></div>
</div>]]></description>
      </Placemark>
      <Placemark>
        <Style>
          <LineStyle>
            <color>ff42ff00</color>
            <width>2</width>
          </LineStyle>
        </Style>
        <MultiGeometry>
          <LineString>
            <tessellate>1</tessellate>
            <altitudeMode>absolute</altitudeMode>
            <coordinates>18.361742,-33.902618,670.56 18.361069,-33.903488,670.56</coordinates>
          </LineString>
        </MultiGeometry>
        <name>P-101</name>
        <description><![CDATA[<div><div><span><b>Altitude:</b></span> <span>2,200 ft</span></div>
<div><span><b>Speed:</b></span> <span>109 kt - 110 kt</span></div>
<div><span><b>Timestamp:</b></span><br/><span>2025-07-28 09:56:09 UTC<br/>2025-07-28 09:56:11 UTC</span></div>
</div>]]></description>
      </Placemark>
      <Placemark>
        <Style>
          <LineStyle>
            <color>ff42ff00</color>
            <width>2</width>
          </LineStyle>
        </Style>
        <MultiGeometry>
          <LineString>
            <tessellate>1</tessellate>
            <altitudeMode>absolute</altitudeMode>
            <coordinates>18.361069,-33.903488,670.56 18.360397,-33.904404,670.56</coordinates>
          </LineString>
        </MultiGeometry>
        <name>P-102</name>
        <description><![CDATA[<div><div><span><b>Altitude:</b></span> <span>2,200 ft</span></div>
<div><span><b>Speed:</b></span> <span>110 kt - 109 kt</span></div>
<div><span><b>Timestamp:</b></span><br/><span>2025-07-28 09:56:11 UTC<br/>2025-07-28 09:56:13 UTC</span></div>
</div>]]></description>
      </Placemark>
      <Placemark>
        <Style>
          <LineStyle>
            <color>ff42ff00</color>
            <width>2</width>
          </LineStyle>
        </Style>
        <MultiGeometry>
          <LineString>
            <tessellate>1</tessellate>
            <altitudeMode>absolute</altitudeMode>
            <coordinates>18.360397,-33.904404,670.56 18.359585,-33.905579,670.56</coordinates>
          </LineString>
        </MultiGeometry>
        <name>P-103</name>
        <description><![CDATA[<div><div><span><b>Altitude:</b></span> <span>2,200 ft</span></div>
<div><span><b>Speed:</b></span> <span>109 kt - 110 kt</span></div>
<div><span><b>Timestamp:</b></span><br/><span>2025-07-28 09:56:13 UTC<br/>2025-07-28 09:56:15 UTC</span></div>
</div>]]></description>
      </Placemark>
      <Placemark>
        <Style>
          <LineStyle>
            <color>ff42ff00</color>
            <width>2</width>
          </LineStyle>
        </Style>
        <MultiGeometry>
          <LineString>
            <tessellate>1</tessellate>
            <altitudeMode>absolute</altitudeMode>
            <coordinates>18.359585,-33.905579,670.56 18.359013,-33.906414,670.56</coordinates>
          </LineString>
        </MultiGeometry>
        <name>P-104</name>
        <description><![CDATA[<div><div><span><b>Altitude:</b></span> <span>2,200 ft</span></div>
<div><span><b>Speed:</b></span> <span>110 kt - 111 kt</span></div>
<div><span><b>Timestamp:</b></span><br/><span>2025-07-28 09:56:15 UTC<br/>2025-07-28 09:56:17 UTC</span></div>
</div>]]></description>
      </Placemark>
      <Placemark>
        <Style>
          <LineStyle>
            <color>ff42ff00</color>
            <width>2</width>
          </LineStyle>
        </Style>
        <MultiGeometry>
          <LineString>
            <tessellate>1</tessellate>
            <altitudeMode>absolute</altitudeMode>
            <coordinates>18.359013,-33.906414,670.56 18.358269,-33.907486,670.56</coordinates>
          </LineString>
        </MultiGeometry>
        <name>P-105</name>
        <description><![CDATA[<div><div><span><b>Altitude:</b></span> <span>2,200 ft</span></div>
<div><span><b>Speed:</b></span> <span>111 kt - 112 kt</span></div>
<div><span><b>Timestamp:</b></span><br/><span>2025-07-28 09:56:17 UTC<br/>2025-07-28 09:56:19 UTC</span></div>
</div>]]></description>
      </Placemark>
      <Placemark>
        <Style>
          <LineStyle>
            <color>ff42ff00</color>
            <width>2</width>
          </LineStyle>
        </Style>
        <MultiGeometry>
          <LineString>
            <tessellate>1</tessellate>
            <altitudeMode>absolute</altitudeMode>
            <coordinates>18.358269,-33.907486,670.56 18.357706,-33.908386,670.56</coordinates>
          </LineString>
        </MultiGeometry>
        <name>P-106</name>
        <description><![CDATA[<div><div><span><b>Altitude:</b></span> <span>2,200 ft</span></div>
<div><span><b>Speed:</b></span> <span>112 kt</span></div>
<div><span><b>Timestamp:</b></span><br/><span>2025-07-28 09:56:19 UTC<br/>2025-07-28 09:56:22 UTC</span></div>
</div>]]></description>
      </Placemark>
      <Placemark>
        <Style>
          <LineStyle>
            <color>ff42ff00</color>
            <width>2</width>
          </LineStyle>
        </Style>
        <MultiGeometry>
          <LineString>
            <tessellate>1</tessellate>
            <altitudeMode>absolute</altitudeMode>
            <coordinates>18.357706,-33.908386,670.56 18.356977,-33.909485,670.56</coordinates>
          </LineString>
        </MultiGeometry>
        <name>P-107</name>
        <description><![CDATA[<div><div><span><b>Altitude:</b></span> <span>2,200 ft</span></div>
<div><span><b>Speed:</b></span> <span>112 kt</span></div>
<div><span><b>Timestamp:</b></span><br/><span>2025-07-28 09:56:22 UTC<br/>2025-07-28 09:56:24 UTC</span></div>
</div>]]></description>
      </Placemark>
      <Placemark>
        <Style>
          <LineStyle>
            <color>ff42ff00</color>
            <width>2</width>
          </LineStyle>
        </Style>
        <MultiGeometry>
          <LineString>
            <tessellate>1</tessellate>
            <altitudeMode>absolute</altitudeMode>
            <coordinates>18.356977,-33.909485,670.56 18.356361,-33.910492,670.56</coordinates>
          </LineString>
        </MultiGeometry>
        <name>P-108</name>
        <description><![CDATA[<div><div><span><b>Altitude:</b></span> <span>2,200 ft</span></div>
<div><span><b>Speed:</b></span> <span>112 kt - 113 kt</span></div>
<div><span><b>Timestamp:</b></span><br/><span>2025-07-28 09:56:24 UTC<br/>2025-07-28 09:56:26 UTC</span></div>
</div>]]></description>
      </Placemark>
      <Placemark>
        <Style>
          <LineStyle>
            <color>ff42ff00</color>
            <width>2</width>
          </LineStyle>
        </Style>
        <MultiGeometry>
          <LineString>
            <tessellate>1</tessellate>
            <altitudeMode>absolute</altitudeMode>
            <coordinates>18.356361,-33.910492,670.56 18.355633,-33.911682,670.56</coordinates>
          </LineString>
        </MultiGeometry>
        <name>P-109</name>
        <description><![CDATA[<div><div><span><b>Altitude:</b></span> <span>2,200 ft</span></div>
<div><span><b>Speed:</b></span> <span>113 kt - 112 kt</span></div>
<div><span><b>Timestamp:</b></span><br/><span>2025-07-28 09:56:26 UTC<br/>2025-07-28 09:56:28 UTC</span></div>
</div>]]></description>
      </Placemark>
      <Placemark>
        <Style>
          <LineStyle>
            <color>ff42ff00</color>
            <width>2</width>
          </LineStyle>
        </Style>
        <MultiGeometry>
          <LineString>
            <tessellate>1</tessellate>
            <altitudeMode>absolute</altitudeMode>
            <coordinates>18.355633,-33.911682,670.56 18.355183,-33.912506,670.56</coordinates>
          </LineString>
        </MultiGeometry>
        <name>P-110</name>
        <description><![CDATA[<div><div><span><b>Altitude:</b></span> <span>2,200 ft</span></div>
<div><span><b>Speed:</b></span> <span>112 kt</span></div>
<div><span><b>Timestamp:</b></span><br/><span>2025-07-28 09:56:28 UTC<br/>2025-07-28 09:56:30 UTC</span></div>
</div>]]></description>
      </Placemark>
      <Placemark>
        <Style>
          <LineStyle>
            <color>ff42ff00</color>
            <width>2</width>
          </LineStyle>
        </Style>
        <MultiGeometry>
          <LineString>
            <tessellate>1</tessellate>
            <altitudeMode>absolute</altitudeMode>
            <coordinates>18.355183,-33.912506,670.56 18.354607,-33.913445,670.56</coordinates>
          </LineString>
        </MultiGeometry>
        <name>P-111</name>
        <description><![CDATA[<div><div><span><b>Altitude:</b></span> <span>2,200 ft</span></div>
<div><span><b>Speed:</b></span> <span>112 kt - 113 kt</span></div>
<div><span><b>Timestamp:</b></span><br/><span>2025-07-28 09:56:30 UTC<br/>2025-07-28 09:56:33 UTC</span></div>
</div>]]></description>
      </Placemark>
      <Placemark>
        <Style>
          <LineStyle>
            <color>ff42ff00</color>
            <width>2</width>
          </LineStyle>
        </Style>
        <MultiGeometry>
          <LineString>
            <tessellate>1</tessellate>
            <altitudeMode>absolute</altitudeMode>
            <coordinates>18.354607,-33.913445,670.56 18.353951,-33.914658,670.56</coordinates>
          </LineString>
        </MultiGeometry>
        <name>P-112</name>
        <description><![CDATA[<div><div><span><b>Altitude:</b></span> <span>2,200 ft</span></div>
<div><span><b>Speed:</b></span> <span>113 kt - 112 kt</span></div>
<div><span><b>Timestamp:</b></span><br/><span>2025-07-28 09:56:33 UTC<br/>2025-07-28 09:56:35 UTC</span></div>
</div>]]></description>
      </Placemark>
      <Placemark>
        <Style>
          <LineStyle>
            <color>ff42ff00</color>
            <width>2</width>
          </LineStyle>
        </Style>
        <MultiGeometry>
          <LineString>
            <tessellate>1</tessellate>
            <altitudeMode>absolute</altitudeMode>
            <coordinates>18.353951,-33.914658,670.56 18.353405,-33.915634,670.56</coordinates>
          </LineString>
        </MultiGeometry>
        <name>P-113</name>
        <description><![CDATA[<div><div><span><b>Altitude:</b></span> <span>2,200 ft</span></div>
<div><span><b>Speed:</b></span> <span>112 kt - 113 kt</span></div>
<div><span><b>Timestamp:</b></span><br/><span>2025-07-28 09:56:35 UTC<br/>2025-07-28 09:56:37 UTC</span></div>
</div>]]></description>
      </Placemark>
      <Placemark>
        <Style>
          <LineStyle>
            <color>ff42ff00</color>
            <width>2</width>
          </LineStyle>
        </Style>
        <MultiGeometry>
          <LineString>
            <tessellate>1</tessellate>
            <altitudeMode>absolute</altitudeMode>
            <coordinates>18.353405,-33.915634,670.56 18.352718,-33.916798,670.56</coordinates>
          </LineString>
        </MultiGeometry>
        <name>P-114</name>
        <description><![CDATA[<div><div><span><b>Altitude:</b></span> <span>2,200 ft</span></div>
<div><span><b>Speed:</b></span> <span>113 kt</span></div>
<div><span><b>Timestamp:</b></span><br/><span>2025-07-28 09:56:37 UTC<br/>2025-07-28 09:56:39 UTC</span></div>
</div>]]></description>
      </Placemark>
      <Placemark>
        <Style>
          <LineStyle>
            <color>ff42ff00</color>
            <width>2</width>
          </LineStyle>
        </Style>
        <MultiGeometry>
          <LineString>
            <tessellate>1</tessellate>
            <altitudeMode>absolute</altitudeMode>
            <coordinates>18.352718,-33.916798,670.56 18.352203,-33.917774,670.56</coordinates>
          </LineString>
        </MultiGeometry>
        <name>P-115</name>
        <description><![CDATA[<div><div><span><b>Altitude:</b></span> <span>2,200 ft</span></div>
<div><span><b>Speed:</b></span> <span>113 kt - 114 kt</span></div>
<div><span><b>Timestamp:</b></span><br/><span>2025-07-28 09:56:39 UTC<br/>2025-07-28 09:56:41 UTC</span></div>
</div>]]></description>
      </Placemark>
      <Placemark>
        <Style>
          <LineStyle>
            <color>ff42ff00</color>
            <width>2</width>
          </LineStyle>
        </Style>
        <MultiGeometry>
          <LineString>
            <tessellate>1</tessellate>
            <altitudeMode>absolute</altitudeMode>
            <coordinates>18.352203,-33.917774,670.56 18.351765,-33.918594,670.56</coordinates>
          </LineString>
        </MultiGeometry>
        <name>P-116</name>
        <description><![CDATA[<div><div><span><b>Altitude:</b></span> <span>2,200 ft</span></div>
<div><span><b>Speed:</b></span> <span>114 kt</span></div>
<div><span><b>Timestamp:</b></span><br/><span>2025-07-28 09:56:41 UTC<br/>2025-07-28 09:56:44 UTC</span></div>
</div>]]></description>
      </Placemark>
      <Placemark>
        <Style>
          <LineStyle>
            <color>ff42ff00</color>
            <width>2</width>
          </LineStyle>
        </Style>
        <MultiGeometry>
          <LineString>
            <tessellate>1</tessellate>
            <altitudeMode>absolute</altitudeMode>
            <coordinates>18.351765,-33.918594,670.56 18.350979,-33.920013,670.56</coordinates>
          </LineString>
        </MultiGeometry>
        <name>P-117</name>
        <description><![CDATA[<div><div><span><b>Altitude:</b></span> <span>2,200 ft</span></div>
<div><span><b>Speed:</b></span> <span>114 kt - 115 kt</span></div>
<div><span><b>Timestamp:</b></span><br/><span>2025-07-28 09:56:44 UTC<br/>2025-07-28 09:56:46 UTC</span></div>
</div>]]></description>
      </Placemark>
      <Placemark>
        <Style>
          <LineStyle>
            <color>ff42ff00</color>
            <width>2</width>
          </LineStyle>
        </Style>
        <MultiGeometry>
          <LineString>
            <tessellate>1</tessellate>
            <altitudeMode>absolute</altitudeMode>
            <coordinates>18.350979,-33.920013,670.56 18.350418,-33.921066,670.56</coordinates>
          </LineString>
        </MultiGeometry>
        <name>P-118</name>
        <description><![CDATA[<div><div><span><b>Altitude:</b></span> <span>2,200 ft</span></div>
<div><span><b>Speed:</b></span> <span>115 kt - 114 kt</span></div>
<div><span><b>Timestamp:</b></span><br/><span>2025-07-28 09:56:46 UTC<br/>2025-07-28 09:56:48 UTC</span></div>
</div>]]></description>
      </Placemark>
      <Placemark>
        <Style>
          <LineStyle>
            <color>ff42ff00</color>
            <width>2</width>
          </LineStyle>
        </Style>
        <MultiGeometry>
          <LineString>
            <tessellate>1</tessellate>
            <altitudeMode>absolute</altitudeMode>
            <coordinates>18.350418,-33.921066,670.56 18.349915,-33.922012,670.56</coordinates>
          </LineString>
        </MultiGeometry>
        <name>P-119</name>
        <description><![CDATA[<div><div><span><b>Altitude:</b></span> <span>2,200 ft</span></div>
<div><span><b>Speed:</b></span> <span>114 kt</span></div>
<div><span><b>Timestamp:</b></span><br/><span>2025-07-28 09:56:48 UTC<br/>2025-07-28 09:56:50 UTC</span></div>
</div>]]></description>
      </Placemark>
      <Placemark>
        <Style>
          <LineStyle>
            <color>ff42ff00</color>
            <width>2</width>
          </LineStyle>
        </Style>
        <MultiGeometry>
          <LineString>
            <tessellate>1</tessellate>
            <altitudeMode>absolute</altitudeMode>
            <coordinates>18.349915,-33.922012,670.56 18.349285,-33.923222,670.56</coordinates>
          </LineString>
        </MultiGeometry>
        <name>P-120</name>
        <description><![CDATA[<div><div><span><b>Altitude:</b></span> <span>2,200 ft</span></div>
<div><span><b>Speed:</b></span> <span>114 kt - 115 kt</span></div>
<div><span><b>Timestamp:</b></span><br/><span>2025-07-28 09:56:50 UTC<br/>2025-07-28 09:56:53 UTC</span></div>
</div>]]></description>
      </Placemark>
      <Placemark>
        <Style>
          <LineStyle>
            <color>ff42ff00</color>
            <width>2</width>
          </LineStyle>
        </Style>
        <MultiGeometry>
          <LineString>
            <tessellate>1</tessellate>
            <altitudeMode>absolute</altitudeMode>
            <coordinates>18.349285,-33.923222,670.56 18.34877,-33.924198,640.08</coordinates>
          </LineString>
        </MultiGeometry>
        <name>P-121</name>
        <description><![CDATA[<div><div><span><b>Altitude:</b></span> <span>2,200 ft - 2,100 ft</span></div>
<div><span><b>Speed:</b></span> <span>115 kt - 116 kt</span></div>
<div><span><b>Timestamp:</b></span><br/><span>2025-07-28 09:56:53 UTC<br/>2025-07-28 09:56:55 UTC</span></div>
</div>]]></description>
      </Placemark>
      <Placemark>
        <Style>
          <LineStyle>
            <color>ff42ff00</color>
            <width>2</width>
          </LineStyle>
        </Style>
        <MultiGeometry>
          <LineString>
            <tessellate>1</tessellate>
            <altitudeMode>absolute</altitudeMode>
            <coordinates>18.34877,-33.924198,640.08 18.347223,-33.927338,640.08</coordinates>
          </LineString>
        </MultiGeometry>
        <name>P-122</name>
        <description><![CDATA[<div><div><span><b>Altitude:</b></span> <span>2,100 ft</span></div>
<div><span><b>Speed:</b></span> <span>116 kt</span></div>
<div><span><b>Timestamp:</b></span><br/><span>2025-07-28 09:56:55 UTC<br/>2025-07-28 09:57:02 UTC</span></div>
</div>]]></description>
      </Placemark>
      <Placemark>
        <Style>
          <LineStyle>
            <color>ff42ff00</color>
            <width>2</width>
          </LineStyle>
        </Style>
        <MultiGeometry>
          <LineString>
            <tessellate>1</tessellate>
            <altitudeMode>absolute</altitudeMode>
            <coordinates>18.347223,-33.927338,640.08 18.345509,-33.930996,640.08</coordinates>
          </LineString>
        </MultiGeometry>
        <name>P-123</name>
        <description><![CDATA[<div><div><span><b>Altitude:</b></span> <span>2,100 ft</span></div>
<div><span><b>Speed:</b></span> <span>116 kt - 117 kt</span></div>
<div><span><b>Timestamp:</b></span><br/><span>2025-07-28 09:57:02 UTC<br/>2025-07-28 09:57:08 UTC</span></div>
</div>]]></description>
      </Placemark>
      <Placemark>
        <Style>
          <LineStyle>
            <color>ff42ff00</color>
            <width>2</width>
          </LineStyle>
        </Style>
        <MultiGeometry>
          <LineString>
            <tessellate>1</tessellate>
            <altitudeMode>absolute</altitudeMode>
            <coordinates>18.345509,-33.930996,640.08 18.343861,-33.934479,640.08</coordinates>
          </LineString>
        </MultiGeometry>
        <name>P-124</name>
        <description><![CDATA[<div><div><span><b>Altitude:</b></span> <span>2,100 ft</span></div>
<div><span><b>Speed:</b></span> <span>117 kt - 114 kt</span></div>
<div><span><b>Timestamp:</b></span><br/><span>2025-07-28 09:57:08 UTC<br/>2025-07-28 09:57:15 UTC</span></div>
</div>]]></description>
      </Placemark>
      <Placemark>
        <Style>
          <LineStyle>
            <color>ff42ff00</color>
            <width>2</width>
          </LineStyle>
        </Style>
        <MultiGeometry>
          <LineString>
            <tessellate>1</tessellate>
            <altitudeMode>absolute</altitudeMode>
            <coordinates>18.343861,-33.934479,640.08 18.342018,-33.938583,640.08</coordinates>
          </LineString>
        </MultiGeometry>
        <name>P-125</name>
        <description><![CDATA[<div><div><span><b>Altitude:</b></span> <span>2,100 ft</span></div>
<div><span><b>Speed:</b></span> <span>114 kt - 108 kt</span></div>
<div><span><b>Timestamp:</b></span><br/><span>2025-07-28 09:57:15 UTC<br/>2025-07-28 09:57:24 UTC</span></div>
</div>]]></description>
      </Placemark>
      <Placemark>
        <Style>
          <LineStyle>
            <color>ff42ff00</color>
            <width>2</width>
          </LineStyle>
        </Style>
        <MultiGeometry>
          <LineString>
            <tessellate>1</tessellate>
            <altitudeMode>absolute</altitudeMode>
            <coordinates>18.342018,-33.938583,640.08 18.340015,-33.942913,640.08</coordinates>
          </LineString>
        </MultiGeometry>
        <name>P-126</name>
        <description><![CDATA[<div><div><span><b>Altitude:</b></span> <span>2,100 ft</span></div>
<div><span><b>Speed:</b></span> <span>108 kt - 107 kt</span></div>
<div><span><b>Timestamp:</b></span><br/><span>2025-07-28 09:57:24 UTC<br/>2025-07-28 09:57:33 UTC</span></div>
</div>]]></description>
      </Placemark>
      <Placemark>
        <Style>
          <LineStyle>
            <color>ff42ff00</color>
            <width>2</width>
          </LineStyle>
        </Style>
        <MultiGeometry>
          <LineString>
            <tessellate>1</tessellate>
            <altitudeMode>absolute</altitudeMode>
            <coordinates>18.340015,-33.942913,640.08 18.33807,-33.947243,640.08</coordinates>
          </LineString>
        </MultiGeometry>
        <name>P-127</name>
        <description><![CDATA[<div><div><span><b>Altitude:</b></span> <span>2,100 ft</span></div>
<div><span><b>Speed:</b></span> <span>107 kt - 108 kt</span></div>
<div><span><b>Timestamp:</b></span><br/><span>2025-07-28 09:57:33 UTC<br/>2025-07-28 09:57:42 UTC</span></div>
</div>]]></description>
      </Placemark>
      <Placemark>
        <Style>
          <LineStyle>
            <color>ff42ff00</color>
            <width>2</width>
          </LineStyle>
        </Style>
        <MultiGeometry>
          <LineString>
            <tessellate>1</tessellate>
            <altitudeMode>absolute</altitudeMode>
            <coordinates>18.33807,-33.947243,640.08 18.336407,-33.950821,670.56</coordinates>
          </LineString>
        </MultiGeometry>
        <name>P-128</name>
        <description><![CDATA[<div><div><span><b>Altitude:</b></span> <span>2,100 ft - 2,200 ft</span></div>
<div><span><b>Speed:</b></span> <span>108 kt</span></div>
<div><span><b>Timestamp:</b></span><br/><span>2025-07-28 09:57:42 UTC<br/>2025-07-28 09:57:49 UTC</span></div>
</div>]]></description>
      </Placemark>
      <Placemark>
        <Style>
          <LineStyle>
            <color>ff42ff00</color>
            <width>2</width>
          </LineStyle>
        </Style>
        <MultiGeometry>
          <LineString>
            <tessellate>1</tessellate>
            <altitudeMode>absolute</altitudeMode>
            <coordinates>18.336407,-33.950821,670.56 18.33506,-33.954941,640.08</coordinates>
          </LineString>
        </MultiGeometry>
        <name>P-129</name>
        <description><![CDATA[<div><div><span><b>Altitude:</b></span> <span>2,200 ft - 2,100 ft</span></div>
<div><span><b>Speed:</b></span> <span>108 kt - 109 kt</span></div>
<div><span><b>Timestamp:</b></span><br/><span>2025-07-28 09:57:49 UTC<br/>2025-07-28 09:57:58 UTC</span></div>
</div>]]></description>
      </Placemark>
      <Placemark>
        <Style>
          <LineStyle>
            <color>ff42ff00</color>
            <width>2</width>
          </LineStyle>
        </Style>
        <MultiGeometry>
          <LineString>
            <tessellate>1</tessellate>
            <altitudeMode>absolute</altitudeMode>
            <coordinates>18.33506,-33.954941,640.08 18.335621,-33.958237,640.08</coordinates>
          </LineString>
        </MultiGeometry>
        <name>P-130</name>
        <description><![CDATA[<div><div><span><b>Altitude:</b></span> <span>2,100 ft</span></div>
<div><span><b>Speed:</b></span> <span>109 kt</span></div>
<div><span><b>Timestamp:</b></span><br/><span>2025-07-28 09:57:58 UTC<br/>2025-07-28 09:58:05 UTC</span></div>
</div>]]></description>
      </Placemark>
      <Placemark>
        <Style>
          <LineStyle>
            <color>ff42ff00</color>
            <width>2</width>
          </LineStyle>
        </Style>
        <MultiGeometry>
          <LineString>
            <tessellate>1</tessellate>
            <altitudeMode>absolute</altitudeMode>
            <coordinates>18.335621,-33.958237,640.08 18.336294,-33.959335,640.08</coordinates>
          </LineString>
        </MultiGeometry>
        <name>P-131</name>
        <description><![CDATA[<div><div><span><b>Altitude:</b></span> <span>2,100 ft</span></div>
<div><span><b>Speed:</b></span> <span>109 kt - 108 kt</span></div>
<div><span><b>Timestamp:</b></span><br/><span>2025-07-28 09:58:05 UTC<br/>2025-07-28 09:58:07 UTC</span></div>
</div>]]></description>
      </Placemark>
      <Placemark>
        <Style>
          <LineStyle>
            <color>ff42ff00</color>
            <width>2</width>
          </LineStyle>
        </Style>
        <MultiGeometry>
          <LineString>
            <tessellate>1</tessellate>
            <altitudeMode>absolute</altitudeMode>
            <coordinates>18.336294,-33.959335,640.08 18.33847,-33.961163,640.08</coordinates>
          </LineString>
        </MultiGeometry>
        <name>P-132</name>
        <description><![CDATA[<div><div><span><b>Altitude:</b></span> <span>2,100 ft</span></div>
<div><span><b>Speed:</b></span> <span>108 kt - 110 kt</span></div>
<div><span><b>Timestamp:</b></span><br/><span>2025-07-28 09:58:07 UTC<br/>2025-07-28 09:58:13 UTC</span></div>
</div>]]></description>
      </Placemark>
      <Placemark>
        <Style>
          <LineStyle>
            <color>ff42ff00</color>
            <width>2</width>
          </LineStyle>
        </Style>
        <MultiGeometry>
          <LineString>
            <tessellate>1</tessellate>
            <altitudeMode>absolute</altitudeMode>
            <coordinates>18.33847,-33.961163,640.08 18.339844,-33.961765,640.08</coordinates>
          </LineString>
        </MultiGeometry>
        <name>P-133</name>
        <description><![CDATA[<div><div><span><b>Altitude:</b></span> <span>2,100 ft</span></div>
<div><span><b>Speed:</b></span> <span>110 kt</span></div>
<div><span><b>Timestamp:</b></span><br/><span>2025-07-28 09:58:13 UTC<br/>2025-07-28 09:58:15 UTC</span></div>
</div>]]></description>
      </Placemark>
      <Placemark>
        <Style>
          <LineStyle>
            <color>ff42ff00</color>
            <width>2</width>
          </LineStyle>
        </Style>
        <MultiGeometry>
          <LineString>
            <tessellate>1</tessellate>
            <altitudeMode>absolute</altitudeMode>
            <coordinates>18.339844,-33.961765,640.08 18.345318,-33.962036,609.6</coordinates>
          </LineString>
        </MultiGeometry>
        <name>P-134</name>
        <description><![CDATA[<div><div><span><b>Altitude:</b></span> <span>2,100 ft - 2,000 ft</span></div>
<div><span><b>Speed:</b></span> <span>110 kt - 116 kt</span></div>
<div><span><b>Timestamp:</b></span><br/><span>2025-07-28 09:58:15 UTC<br/>2025-07-28 09:58:24 UTC</span></div>
</div>]]></description>
      </Placemark>
      <Placemark>
        <Style>
          <LineStyle>
            <color>ff42ff00</color>
            <width>2</width>
          </LineStyle>
        </Style>
        <MultiGeometry>
          <LineString>
            <tessellate>1</tessellate>
            <altitudeMode>absolute</altitudeMode>
            <coordinates>18.345318,-33.962036,609.6 18.350643,-33.959198,579.12</coordinates>
          </LineString>
        </MultiGeometry>
        <name>P-135</name>
        <description><![CDATA[<div><div><span><b>Altitude:</b></span> <span>2,000 ft - 1,900 ft</span></div>
<div><span><b>Speed:</b></span> <span>116 kt - 118 kt</span></div>
<div><span><b>Timestamp:</b></span><br/><span>2025-07-28 09:58:24 UTC<br/>2025-07-28 09:58:33 UTC</span></div>
</div>]]></description>
      </Placemark>
      <Placemark>
        <Style>
          <LineStyle>
            <color>ffccff00</color>
            <width>2</width>
          </LineStyle>
        </Style>
        <MultiGeometry>
          <LineString>
            <tessellate>1</tessellate>
            <altitudeMode>absolute</altitudeMode>
            <coordinates>18.350643,-33.959198,579.12 18.351484,-33.958237,579.12</coordinates>
          </LineString>
        </MultiGeometry>
        <name>P-136</name>
        <description><![CDATA[<div><div><span><b>Altitude:</b></span> <span>1,900 ft</span></div>
<div><span><b>Speed:</b></span> <span>118 kt - 120 kt</span></div>
<div><span><b>Timestamp:</b></span><br/><span>2025-07-28 09:58:33 UTC<br/>2025-07-28 09:58:36 UTC</span></div>
</div>]]></description>
      </Placemark>
      <Placemark>
        <Style>
          <LineStyle>
            <color>ffccff00</color>
            <width>2</width>
          </LineStyle>
        </Style>
        <MultiGeometry>
          <LineString>
            <tessellate>1</tessellate>
            <altitudeMode>absolute</altitudeMode>
            <coordinates>18.351484,-33.958237,579.12 18.351988,-33.95755,579.12</coordinates>
          </LineString>
        </MultiGeometry>
        <name>P-137</name>
        <description><![CDATA[<div><div><span><b>Altitude:</b></span> <span>1,900 ft</span></div>
<div><span><b>Speed:</b></span> <span>120 kt - 121 kt</span></div>
<div><span><b>Timestamp:</b></span><br/><span>2025-07-28 09:58:36 UTC<br/>2025-07-28 09:58:38 UTC</span></div>
</div>]]></description>
      </Placemark>
      <Placemark>
        <Style>
          <LineStyle>
            <color>ffccff00</color>
            <width>2</width>
          </LineStyle>
        </Style>
        <MultiGeometry>
          <LineString>
            <tessellate>1</tessellate>
            <altitudeMode>absolute</altitudeMode>
            <coordinates>18.351988,-33.95755,579.12 18.352886,-33.956039,548.64</coordinates>
          </LineString>
        </MultiGeometry>
        <name>P-138</name>
        <description><![CDATA[<div><div><span><b>Altitude:</b></span> <span>1,900 ft - 1,800 ft</span></div>
<div><span><b>Speed:</b></span> <span>121 kt</span></div>
<div><span><b>Timestamp:</b></span><br/><span>2025-07-28 09:58:38 UTC<br/>2025-07-28 09:58:40 UTC</span></div>
</div>]]></description>
      </Placemark>
      <Placemark>
        <Style>
          <LineStyle>
            <color>ffccff00</color>
            <width>2</width>
          </LineStyle>
        </Style>
        <MultiGeometry>
          <LineString>
            <tessellate>1</tessellate>
            <altitudeMode>absolute</altitudeMode>
            <coordinates>18.352886,-33.956039,548.64 18.353445,-33.954987,548.64</coordinates>
          </LineString>
        </MultiGeometry>
        <name>P-139</name>
        <description><![CDATA[<div><div><span><b>Altitude:</b></span> <span>1,800 ft</span></div>
<div><span><b>Speed:</b></span> <span>121 kt - 122 kt</span></div>
<div><span><b>Timestamp:</b></span><br/><span>2025-07-28 09:58:40 UTC<br/>2025-07-28 09:58:42 UTC</span></div>
</div>]]></description>
      </Placemark>
      <Placemark>
        <Style>
          <LineStyle>
            <color>ffccff00</color>
            <width>2</width>
          </LineStyle>
        </Style>
        <MultiGeometry>
          <LineString>
            <tessellate>1</tessellate>
            <altitudeMode>absolute</altitudeMode>
            <coordinates>18.353445,-33.954987,548.64 18.354006,-33.953659,548.64</coordinates>
          </LineString>
        </MultiGeometry>
        <name>P-140</name>
        <description><![CDATA[<div><div><span><b>Altitude:</b></span> <span>1,800 ft</span></div>
<div><span><b>Speed:</b></span> <span>122 kt - 123 kt</span></div>
<div><span><b>Timestamp:</b></span><br/><span>2025-07-28 09:58:42 UTC<br/>2025-07-28 09:58:44 UTC</span></div>
</div>]]></description>
      </Placemark>
      <Placemark>
        <Style>
          <LineStyle>
            <color>ffccff00</color>
            <width>2</width>
          </LineStyle>
        </Style>
        <MultiGeometry>
          <LineString>
            <tessellate>1</tessellate>
            <altitudeMode>absolute</altitudeMode>
            <coordinates>18.354006,-33.953659,548.64 18.354567,-33.952286,548.64</coordinates>
          </LineString>
        </MultiGeometry>
        <name>P-141</name>
        <description><![CDATA[<div><div><span><b>Altitude:</b></span> <span>1,800 ft</span></div>
<div><span><b>Speed:</b></span> <span>123 kt</span></div>
<div><span><b>Timestamp:</b></span><br/><span>2025-07-28 09:58:44 UTC<br/>2025-07-28 09:58:47 UTC</span></div>
</div>]]></description>
      </Placemark>
      <Placemark>
        <Style>
          <LineStyle>
            <color>ffccff00</color>
            <width>2</width>
          </LineStyle>
        </Style>
        <MultiGeometry>
          <LineString>
            <tessellate>1</tessellate>
            <altitudeMode>absolute</altitudeMode>
            <coordinates>18.354567,-33.952286,548.64 18.355007,-33.951057,548.64</coordinates>
          </LineString>
        </MultiGeometry>
        <name>P-142</name>
        <description><![CDATA[<div><div><span><b>Altitude:</b></span> <span>1,800 ft</span></div>
<div><span><b>Speed:</b></span> <span>123 kt - 121 kt</span></div>
<div><span><b>Timestamp:</b></span><br/><span>2025-07-28 09:58:47 UTC<br/>2025-07-28 09:58:49 UTC</span></div>
</div>]]></description>
      </Placemark>
      <Placemark>
        <Style>
          <LineStyle>
            <color>ffccff00</color>
            <width>2</width>
          </LineStyle>
        </Style>
        <MultiGeometry>
          <LineString>
            <tessellate>1</tessellate>
            <altitudeMode>absolute</altitudeMode>
            <coordinates>18.355007,-33.951057,548.64 18.355408,-33.949997,548.64</coordinates>
          </LineString>
        </MultiGeometry>
        <name>P-143</name>
        <description><![CDATA[<div><div><span><b>Altitude:</b></span> <span>1,800 ft</span></div>
<div><span><b>Speed:</b></span> <span>121 kt - 119 kt</span></div>
<div><span><b>Timestamp:</b></span><br/><span>2025-07-28 09:58:49 UTC<br/>2025-07-28 09:58:51 UTC</span></div>
</div>]]></description>
      </Placemark>
      <Placemark>
        <Style>
          <LineStyle>
            <color>ffccff00</color>
            <width>2</width>
          </LineStyle>
        </Style>
        <MultiGeometry>
          <LineString>
            <tessellate>1</tessellate>
            <altitudeMode>absolute</altitudeMode>
            <coordinates>18.355408,-33.949997,548.64 18.355865,-33.94873,548.64</coordinates>
          </LineString>
        </MultiGeometry>
        <name>P-144</name>
        <description><![CDATA[<div><div><span><b>Altitude:</b></span> <span>1,800 ft</span></div>
<div><span><b>Speed:</b></span> <span>119 kt - 118 kt</span></div>
<div><span><b>Timestamp:</b></span><br/><span>2025-07-28 09:58:51 UTC<br/>2025-07-28 09:58:54 UTC</span></div>
</div>]]></description>
      </Placemark>
      <Placemark>
        <Style>
          <LineStyle>
            <color>ffccff00</color>
            <width>2</width>
          </LineStyle>
        </Style>
        <MultiGeometry>
          <LineString>
            <tessellate>1</tessellate>
            <altitudeMode>absolute</altitudeMode>
            <coordinates>18.355865,-33.94873,548.64 18.356266,-33.947567,548.64</coordinates>
          </LineString>
        </MultiGeometry>
        <name>P-145</name>
        <description><![CDATA[<div><div><span><b>Altitude:</b></span> <span>1,800 ft</span></div>
<div><span><b>Speed:</b></span> <span>118 kt - 117 kt</span></div>
<div><span><b>Timestamp:</b></span><br/><span>2025-07-28 09:58:54 UTC<br/>2025-07-28 09:58:56 UTC</span></div>
</div>]]></description>
      </Placemark>
      <Placemark>
        <Style>
          <LineStyle>
            <color>ffccff00</color>
            <width>2</width>
          </LineStyle>
        </Style>
        <MultiGeometry>
          <LineString>
            <tessellate>1</tessellate>
            <altitudeMode>absolute</altitudeMode>
            <coordinates>18.356266,-33.947567,548.64 18.356609,-33.946499,518.16</coordinates>
          </LineString>
        </MultiGeometry>
        <name>P-146</name>
        <description><![CDATA[<div><div><span><b>Altitude:</b></span> <span>1,800 ft - 1,700 ft</span></div>
<div><span><b>Speed:</b></span> <span>117 kt</span></div>
<div><span><b>Timestamp:</b></span><br/><span>2025-07-28 09:58:56 UTC<br/>2025-07-28 09:58:58 UTC</span></div>
</div>]]></description>
      </Placemark>
      <Placemark>
        <Style>
          <LineStyle>
            <color>ffccff00</color>
            <width>2</width>
          </LineStyle>
        </Style>
        <MultiGeometry>
          <LineString>
            <tessellate>1</tessellate>
            <altitudeMode>absolute</altitudeMode>
            <coordinates>18.356609,-33.946499,518.16 18.356977,-33.945419,518.16</coordinates>
          </LineString>
        </MultiGeometry>
        <name>P-147</name>
        <description><![CDATA[<div><div><span><b>Altitude:</b></span> <span>1,700 ft</span></div>
<div><span><b>Speed:</b></span> <span>117 kt</span></div>
<div><span><b>Timestamp:</b></span><br/><span>2025-07-28 09:58:58 UTC<br/>2025-07-28 09:59:00 UTC</span></div>
</div>]]></description>
      </Placemark>
      <Placemark>
        <Style>
          <LineStyle>
            <color>ffccff00</color>
            <width>2</width>
          </LineStyle>
        </Style>
        <MultiGeometry>
          <LineString>
            <tessellate>1</tessellate>
            <altitudeMode>absolute</altitudeMode>
            <coordinates>18.356977,-33.945419,518.16 18.357426,-33.944,518.16</coordinates>
          </LineString>
        </MultiGeometry>
        <name>P-148</name>
        <description><![CDATA[<div><div><span><b>Altitude:</b></span> <span>1,700 ft</span></div>
<div><span><b>Speed:</b></span> <span>117 kt</span></div>
<div><span><b>Timestamp:</b></span><br/><span>2025-07-28 09:59:00 UTC<br/>2025-07-28 09:59:02 UTC</span></div>
</div>]]></description>
      </Placemark>
      <Placemark>
        <Style>
          <LineStyle>
            <color>ffccff00</color>
            <width>2</width>
          </LineStyle>
        </Style>
        <MultiGeometry>
          <LineString>
            <tessellate>1</tessellate>
            <altitudeMode>absolute</altitudeMode>
            <coordinates>18.357426,-33.944,518.16 18.357819,-33.942902,518.16</coordinates>
          </LineString>
        </MultiGeometry>
        <name>P-149</name>
        <description><![CDATA[<div><div><span><b>Altitude:</b></span> <span>1,700 ft</span></div>
<div><span><b>Speed:</b></span> <span>117 kt</span></div>
<div><span><b>Timestamp:</b></span><br/><span>2025-07-28 09:59:02 UTC<br/>2025-07-28 09:59:05 UTC</span></div>
</div>]]></description>
      </Placemark>
      <Placemark>
        <Style>
          <LineStyle>
            <color>ffccff00</color>
            <width>2</width>
          </LineStyle>
        </Style>
        <MultiGeometry>
          <LineString>
            <tessellate>1</tessellate>
            <altitudeMode>absolute</altitudeMode>
            <coordinates>18.357819,-33.942902,518.16 18.35821,-33.941849,518.16</coordinates>
          </LineString>
        </MultiGeometry>
        <name>P-150</name>
        <description><![CDATA[<div><div><span><b>Altitude:</b></span> <span>1,700 ft</span></div>
<div><span><b>Speed:</b></span> <span>117 kt</span></div>
<div><span><b>Timestamp:</b></span><br/><span>2025-07-28 09:59:05 UTC<br/>2025-07-28 09:59:07 UTC</span></div>
</div>]]></description>
      </Placemark>
      <Placemark>
        <Style>
          <LineStyle>
            <color>ffccff00</color>
            <width>2</width>
          </LineStyle>
        </Style>
        <MultiGeometry>
          <LineString>
            <tessellate>1</tessellate>
            <altitudeMode>absolute</altitudeMode>
            <coordinates>18.35821,-33.941849,518.16 18.358715,-33.940384,518.16</coordinates>
          </LineString>
        </MultiGeometry>
        <name>P-151</name>
        <description><![CDATA[<div><div><span><b>Altitude:</b></span> <span>1,700 ft</span></div>
<div><span><b>Speed:</b></span> <span>117 kt - 116 kt</span></div>
<div><span><b>Timestamp:</b></span><br/><span>2025-07-28 09:59:07 UTC<br/>2025-07-28 09:59:09 UTC</span></div>
</div>]]></description>
      </Placemark>
      <Placemark>
        <Style>
          <LineStyle>
            <color>ffccff00</color>
            <width>2</width>
          </LineStyle>
        </Style>
        <MultiGeometry>
          <LineString>
            <tessellate>1</tessellate>
            <altitudeMode>absolute</altitudeMode>
            <coordinates>18.358715,-33.940384,518.16 18.36006,-33.936951,518.16</coordinates>
          </LineString>
        </MultiGeometry>
        <name>P-152</name>
        <description><![CDATA[<div><div><span><b>Altitude:</b></span> <span>1,700 ft</span></div>
<div><span><b>Speed:</b></span> <span>116 kt - 114 kt</span></div>
<div><span><b>Timestamp:</b></span><br/><span>2025-07-28 09:59:09 UTC<br/>2025-07-28 09:59:16 UTC</span></div>
</div>]]></description>
      </Placemark>
      <Placemark>
        <Style>
          <LineStyle>
            <color>ffccff00</color>
            <width>2</width>
          </LineStyle>
        </Style>
        <MultiGeometry>
          <LineString>
            <tessellate>1</tessellate>
            <altitudeMode>absolute</altitudeMode>
            <coordinates>18.36006,-33.936951,518.16 18.36153,-33.932858,518.16</coordinates>
          </LineString>
        </MultiGeometry>
        <name>P-153</name>
        <description><![CDATA[<div><div><span><b>Altitude:</b></span> <span>1,700 ft</span></div>
<div><span><b>Speed:</b></span> <span>114 kt - 111 kt</span></div>
<div><span><b>Timestamp:</b></span><br/><span>2025-07-28 09:59:16 UTC<br/>2025-07-28 09:59:24 UTC</span></div>
</div>]]></description>
      </Placemark>
      <Placemark>
        <Style>
          <LineStyle>
            <color>ffccff00</color>
            <width>2</width>
          </LineStyle>
        </Style>
        <MultiGeometry>
          <LineString>
            <tessellate>1</tessellate>
            <altitudeMode>absolute</altitudeMode>
            <coordinates>18.36153,-33.932858,518.16 18.362751,-33.929443,518.16</coordinates>
          </LineString>
        </MultiGeometry>
        <name>P-154</name>
        <description><![CDATA[<div><div><span><b>Altitude:</b></span> <span>1,700 ft</span></div>
<div><span><b>Speed:</b></span> <span>111 kt - 110 kt</span></div>
<div><span><b>Timestamp:</b></span><br/><span>2025-07-28 09:59:24 UTC<br/>2025-07-28 09:59:31 UTC</span></div>
</div>]]></description>
      </Placemark>
      <Placemark>
        <Style>
          <LineStyle>
            <color>ffccff00</color>
            <width>2</width>
          </LineStyle>
        </Style>
        <MultiGeometry>
          <LineString>
            <tessellate>1</tessellate>
            <altitudeMode>absolute</altitudeMode>
            <coordinates>18.362751,-33.929443,518.16 18.364105,-33.926014,518.16</coordinates>
          </LineString>
        </MultiGeometry>
        <name>P-155</name>
        <description><![CDATA[<div><div><span><b>Altitude:</b></span> <span>1,700 ft</span></div>
<div><span><b>Speed:</b></span> <span>110 kt - 109 kt</span></div>
<div><span><b>Timestamp:</b></span><br/><span>2025-07-28 09:59:31 UTC<br/>2025-07-28 09:59:38 UTC</span></div>
</div>]]></description>
      </Placemark>
      <Placemark>
        <Style>
          <LineStyle>
            <color>ffccff00</color>
            <width>2</width>
          </LineStyle>
        </Style>
        <MultiGeometry>
          <LineString>
            <tessellate>1</tessellate>
            <altitudeMode>absolute</altitudeMode>
            <coordinates>18.364105,-33.926014,518.16 18.365273,-33.92308,518.16</coordinates>
          </LineString>
        </MultiGeometry>
        <name>P-156</name>
        <description><![CDATA[<div><div><span><b>Altitude:</b></span> <span>1,700 ft</span></div>
<div><span><b>Speed:</b></span> <span>109 kt - 110 kt</span></div>
<div><span><b>Timestamp:</b></span><br/><span>2025-07-28 09:59:38 UTC<br/>2025-07-28 09:59:45 UTC</span></div>
</div>]]></description>
      </Placemark>
      <Placemark>
        <Style>
          <LineStyle>
            <color>ffccff00</color>
            <width>2</width>
          </LineStyle>
        </Style>
        <MultiGeometry>
          <LineString>
            <tessellate>1</tessellate>
            <altitudeMode>absolute</altitudeMode>
            <coordinates>18.365273,-33.92308,518.16 18.36668,-33.919964,518.16</coordinates>
          </LineString>
        </MultiGeometry>
        <name>P-157</name>
        <description><![CDATA[<div><div><span><b>Altitude:</b></span> <span>1,700 ft</span></div>
<div><span><b>Speed:</b></span> <span>110 kt</span></div>
<div><span><b>Timestamp:</b></span><br/><span>2025-07-28 09:59:45 UTC<br/>2025-07-28 09:59:51 UTC</span></div>
</div>]]></description>
      </Placemark>
      <Placemark>
        <Style>
          <LineStyle>
            <color>ffccff00</color>
            <width>2</width>
          </LineStyle>
        </Style>
        <MultiGeometry>
          <LineString>
            <tessellate>1</tessellate>
            <altitudeMode>absolute</altitudeMode>
            <coordinates>18.36668,-33.919964,518.16 18.367252,-33.918846,518.16</coordinates>
          </LineString>
        </MultiGeometry>
        <name>P-158</name>
        <description><![CDATA[<div><div><span><b>Altitude:</b></span> <span>1,700 ft</span></div>
<div><span><b>Speed:</b></span> <span>110 kt - 109 kt</span></div>
<div><span><b>Timestamp:</b></span><br/><span>2025-07-28 09:59:51 UTC<br/>2025-07-28 09:59:53 UTC</span></div>
</div>]]></description>
      </Placemark>
      <Placemark>
        <Style>
          <LineStyle>
            <color>ffccff00</color>
            <width>2</width>
          </LineStyle>
        </Style>
        <MultiGeometry>
          <LineString>
            <tessellate>1</tessellate>
            <altitudeMode>absolute</altitudeMode>
            <coordinates>18.367252,-33.918846,518.16 18.367683,-33.917953,518.16</coordinates>
          </LineString>
        </MultiGeometry>
        <name>P-159</name>
        <description><![CDATA[<div><div><span><b>Altitude:</b></span> <span>1,700 ft</span></div>
<div><span><b>Speed:</b></span> <span>109 kt - 110 kt</span></div>
<div><span><b>Timestamp:</b></span><br/><span>2025-07-28 09:59:53 UTC<br/>2025-07-28 09:59:56 UTC</span></div>
</div>]]></description>
      </Placemark>
      <Placemark>
        <Style>
          <LineStyle>
            <color>ffccff00</color>
            <width>2</width>
          </LineStyle>
        </Style>
        <MultiGeometry>
          <LineString>
            <tessellate>1</tessellate>
            <altitudeMode>absolute</altitudeMode>
            <coordinates>18.367683,-33.917953,518.16 18.368187,-33.916946,518.16</coordinates>
          </LineString>
        </MultiGeometry>
        <name>P-160</name>
        <description><![CDATA[<div><div><span><b>Altitude:</b></span> <span>1,700 ft</span></div>
<div><span><b>Speed:</b></span> <span>110 kt - 109 kt</span></div>
<div><span><b>Timestamp:</b></span><br/><span>2025-07-28 09:59:56 UTC<br/>2025-07-28 09:59:58 UTC</span></div>
</div>]]></description>
      </Placemark>
      <Placemark>
        <Style>
          <LineStyle>
            <color>ffccff00</color>
            <width>2</width>
          </LineStyle>
        </Style>
        <MultiGeometry>
          <LineString>
            <tessellate>1</tessellate>
            <altitudeMode>absolute</altitudeMode>
            <coordinates>18.368187,-33.916946,518.16 18.36874,-33.91605,518.16</coordinates>
          </LineString>
        </MultiGeometry>
        <name>P-161</name>
        <description><![CDATA[<div><div><span><b>Altitude:</b></span> <span>1,700 ft</span></div>
<div><span><b>Speed:</b></span> <span>109 kt - 110 kt</span></div>
<div><span><b>Timestamp:</b></span><br/><span>2025-07-28 09:59:58 UTC<br/>2025-07-28 10:00:00 UTC</span></div>
</div>]]></description>
      </Placemark>
      <Placemark>
        <Style>
          <LineStyle>
            <color>ffccff00</color>
            <width>2</width>
          </LineStyle>
        </Style>
        <MultiGeometry>
          <LineString>
            <tessellate>1</tessellate>
            <altitudeMode>absolute</altitudeMode>
            <coordinates>18.36874,-33.91605,518.16 18.369308,-33.914978,518.16</coordinates>
          </LineString>
        </MultiGeometry>
        <name>P-162</name>
        <description><![CDATA[<div><div><span><b>Altitude:</b></span> <span>1,700 ft</span></div>
<div><span><b>Speed:</b></span> <span>110 kt - 109 kt</span></div>
<div><span><b>Timestamp:</b></span><br/><span>2025-07-28 10:00:00 UTC<br/>2025-07-28 10:00:02 UTC</span></div>
</div>]]></description>
      </Placemark>
      <Placemark>
        <Style>
          <LineStyle>
            <color>ffccff00</color>
            <width>2</width>
          </LineStyle>
        </Style>
        <MultiGeometry>
          <LineString>
            <tessellate>1</tessellate>
            <altitudeMode>absolute</altitudeMode>
            <coordinates>18.369308,-33.914978,518.16 18.369827,-33.914097,518.16</coordinates>
          </LineString>
        </MultiGeometry>
        <name>P-163</name>
        <description><![CDATA[<div><div><span><b>Altitude:</b></span> <span>1,700 ft</span></div>
<div><span><b>Speed:</b></span> <span>109 kt - 110 kt</span></div>
<div><span><b>Timestamp:</b></span><br/><span>2025-07-28 10:00:02 UTC<br/>2025-07-28 10:00:04 UTC</span></div>
</div>]]></description>
      </Placemark>
      <Placemark>
        <Style>
          <LineStyle>
            <color>ffccff00</color>
            <width>2</width>
          </LineStyle>
        </Style>
        <MultiGeometry>
          <LineString>
            <tessellate>1</tessellate>
            <altitudeMode>absolute</altitudeMode>
            <coordinates>18.369827,-33.914097,518.16 18.370375,-33.913147,518.16</coordinates>
          </LineString>
        </MultiGeometry>
        <name>P-164</name>
        <description><![CDATA[<div><div><span><b>Altitude:</b></span> <span>1,700 ft</span></div>
<div><span><b>Speed:</b></span> <span>110 kt - 109 kt</span></div>
<div><span><b>Timestamp:</b></span><br/><span>2025-07-28 10:00:04 UTC<br/>2025-07-28 10:00:06 UTC</span></div>
</div>]]></description>
      </Placemark>
      <Placemark>
        <Style>
          <LineStyle>
            <color>ffccff00</color>
            <width>2</width>
          </LineStyle>
        </Style>
        <MultiGeometry>
          <LineString>
            <tessellate>1</tessellate>
            <altitudeMode>absolute</altitudeMode>
            <coordinates>18.370375,-33.913147,518.16 18.371159,-33.911911,518.16</coordinates>
          </LineString>
        </MultiGeometry>
        <name>P-165</name>
        <description><![CDATA[<div><div><span><b>Altitude:</b></span> <span>1,700 ft</span></div>
<div><span><b>Speed:</b></span> <span>109 kt</span></div>
<div><span><b>Timestamp:</b></span><br/><span>2025-07-28 10:00:06 UTC<br/>2025-07-28 10:00:08 UTC</span></div>
</div>]]></description>
      </Placemark>
      <Placemark>
        <Style>
          <LineStyle>
            <color>ffccff00</color>
            <width>2</width>
          </LineStyle>
        </Style>
        <MultiGeometry>
          <LineString>
            <tessellate>1</tessellate>
            <altitudeMode>absolute</altitudeMode>
            <coordinates>18.371159,-33.911911,518.16 18.371773,-33.910976,518.16</coordinates>
          </LineString>
        </MultiGeometry>
        <name>P-166</name>
        <description><![CDATA[<div><div><span><b>Altitude:</b></span> <span>1,700 ft</span></div>
<div><span><b>Speed:</b></span> <span>109 kt - 108 kt</span></div>
<div><span><b>Timestamp:</b></span><br/><span>2025-07-28 10:00:08 UTC<br/>2025-07-28 10:00:11 UTC</span></div>
</div>]]></description>
      </Placemark>
      <Placemark>
        <Style>
          <LineStyle>
            <color>ffccff00</color>
            <width>2</width>
          </LineStyle>
        </Style>
        <MultiGeometry>
          <LineString>
            <tessellate>1</tessellate>
            <altitudeMode>absolute</altitudeMode>
            <coordinates>18.371773,-33.910976,518.16 18.372402,-33.910091,518.16</coordinates>
          </LineString>
        </MultiGeometry>
        <name>P-167</name>
        <description><![CDATA[<div><div><span><b>Altitude:</b></span> <span>1,700 ft</span></div>
<div><span><b>Speed:</b></span> <span>108 kt</span></div>
<div><span><b>Timestamp:</b></span><br/><span>2025-07-28 10:00:11 UTC<br/>2025-07-28 10:00:13 UTC</span></div>
</div>]]></description>
      </Placemark>
      <Placemark>
        <Style>
          <LineStyle>
            <color>ffccff00</color>
            <width>2</width>
          </LineStyle>
        </Style>
        <MultiGeometry>
          <LineString>
            <tessellate>1</tessellate>
            <altitudeMode>absolute</altitudeMode>
            <coordinates>18.372402,-33.910091,518.16 18.373146,-33.909069,518.16</coordinates>
          </LineString>
        </MultiGeometry>
        <name>P-168</name>
        <description><![CDATA[<div><div><span><b>Altitude:</b></span> <span>1,700 ft</span></div>
<div><span><b>Speed:</b></span> <span>108 kt - 109 kt</span></div>
<div><span><b>Timestamp:</b></span><br/><span>2025-07-28 10:00:13 UTC<br/>2025-07-28 10:00:15 UTC</span></div>
</div>]]></description>
      </Placemark>
      <Placemark>
        <Style>
          <LineStyle>
            <color>ffccff00</color>
            <width>2</width>
          </LineStyle>
        </Style>
        <MultiGeometry>
          <LineString>
            <tessellate>1</tessellate>
            <altitudeMode>absolute</altitudeMode>
            <coordinates>18.373146,-33.909069,518.16 18.373905,-33.908112,518.16</coordinates>
          </LineString>
        </MultiGeometry>
        <name>P-169</name>
        <description><![CDATA[<div><div><span><b>Altitude:</b></span> <span>1,700 ft</span></div>
<div><span><b>Speed:</b></span> <span>109 kt</span></div>
<div><span><b>Timestamp:</b></span><br/><span>2025-07-28 10:00:15 UTC<br/>2025-07-28 10:00:17 UTC</span></div>
</div>]]></description>
      </Placemark>
      <Placemark>
        <Style>
          <LineStyle>
            <color>ffccff00</color>
            <width>2</width>
          </LineStyle>
        </Style>
        <MultiGeometry>
          <LineString>
            <tessellate>1</tessellate>
            <altitudeMode>absolute</altitudeMode>
            <coordinates>18.373905,-33.908112,518.16 18.374409,-33.907471,518.16</coordinates>
          </LineString>
        </MultiGeometry>
        <name>P-170</name>
        <description><![CDATA[<div><div><span><b>Altitude:</b></span> <span>1,700 ft</span></div>
<div><span><b>Speed:</b></span> <span>109 kt</span></div>
<div><span><b>Timestamp:</b></span><br/><span>2025-07-28 10:00:17 UTC<br/>2025-07-28 10:00:19 UTC</span></div>
</div>]]></description>
      </Placemark>
      <Placemark>
        <Style>
          <LineStyle>
            <color>ffccff00</color>
            <width>2</width>
          </LineStyle>
        </Style>
        <MultiGeometry>
          <LineString>
            <tessellate>1</tessellate>
            <altitudeMode>absolute</altitudeMode>
            <coordinates>18.374409,-33.907471,518.16 18.375149,-33.906601,518.16</coordinates>
          </LineString>
        </MultiGeometry>
        <name>P-171</name>
        <description><![CDATA[<div><div><span><b>Altitude:</b></span> <span>1,700 ft</span></div>
<div><span><b>Speed:</b></span> <span>109 kt - 110 kt</span></div>
<div><span><b>Timestamp:</b></span><br/><span>2025-07-28 10:00:19 UTC<br/>2025-07-28 10:00:21 UTC</span></div>
</div>]]></description>
      </Placemark>
      <Placemark>
        <Style>
          <LineStyle>
            <color>ffccff00</color>
            <width>2</width>
          </LineStyle>
        </Style>
        <MultiGeometry>
          <LineString>
            <tessellate>1</tessellate>
            <altitudeMode>absolute</altitudeMode>
            <coordinates>18.375149,-33.906601,518.16 18.375835,-33.905766,518.16</coordinates>
          </LineString>
        </MultiGeometry>
        <name>P-172</name>
        <description><![CDATA[<div><div><span><b>Altitude:</b></span> <span>1,700 ft</span></div>
<div><span><b>Speed:</b></span> <span>110 kt - 111 kt</span></div>
<div><span><b>Timestamp:</b></span><br/><span>2025-07-28 10:00:21 UTC<br/>2025-07-28 10:00:23 UTC</span></div>
</div>]]></description>
      </Placemark>
      <Placemark>
        <Style>
          <LineStyle>
            <color>ffccff00</color>
            <width>2</width>
          </LineStyle>
        </Style>
        <MultiGeometry>
          <LineString>
            <tessellate>1</tessellate>
            <altitudeMode>absolute</altitudeMode>
            <coordinates>18.375835,-33.905766,518.16 18.377045,-33.904495,518.16</coordinates>
          </LineString>
        </MultiGeometry>
        <name>P-173</name>
        <description><![CDATA[<div><div><span><b>Altitude:</b></span> <span>1,700 ft</span></div>
<div><span><b>Speed:</b></span> <span>111 kt</span></div>
<div><span><b>Timestamp:</b></span><br/><span>2025-07-28 10:00:23 UTC<br/>2025-07-28 10:00:26 UTC</span></div>
</div>]]></description>
      </Placemark>
      <Placemark>
        <Style>
          <LineStyle>
            <color>ffccff00</color>
            <width>2</width>
          </LineStyle>
        </Style>
        <MultiGeometry>
          <LineString>
            <tessellate>1</tessellate>
            <altitudeMode>absolute</altitudeMode>
            <coordinates>18.377045,-33.904495,518.16 18.377829,-33.903671,518.16</coordinates>
          </LineString>
        </MultiGeometry>
        <name>P-174</name>
        <description><![CDATA[<div><div><span><b>Altitude:</b></span> <span>1,700 ft</span></div>
<div><span><b>Speed:</b></span> <span>111 kt - 110 kt</span></div>
<div><span><b>Timestamp:</b></span><br/><span>2025-07-28 10:00:26 UTC<br/>2025-07-28 10:00:28 UTC</span></div>
</div>]]></description>
      </Placemark>
      <Placemark>
        <Style>
          <LineStyle>
            <color>ffccff00</color>
            <width>2</width>
          </LineStyle>
        </Style>
        <MultiGeometry>
          <LineString>
            <tessellate>1</tessellate>
            <altitudeMode>absolute</altitudeMode>
            <coordinates>18.377829,-33.903671,518.16 18.37867,-33.902847,518.16</coordinates>
          </LineString>
        </MultiGeometry>
        <name>P-175</name>
        <description><![CDATA[<div><div><span><b>Altitude:</b></span> <span>1,700 ft</span></div>
<div><span><b>Speed:</b></span> <span>110 kt - 109 kt</span></div>
<div><span><b>Timestamp:</b></span><br/><span>2025-07-28 10:00:28 UTC<br/>2025-07-28 10:00:30 UTC</span></div>
</div>]]></description>
      </Placemark>
      <Placemark>
        <Style>
          <LineStyle>
            <color>ffccff00</color>
            <width>2</width>
          </LineStyle>
        </Style>
        <MultiGeometry>
          <LineString>
            <tessellate>1</tessellate>
            <altitudeMode>absolute</altitudeMode>
            <coordinates>18.37867,-33.902847,518.16 18.379679,-33.901978,518.16</coordinates>
          </LineString>
        </MultiGeometry>
        <name>P-176</name>
        <description><![CDATA[<div><div><span><b>Altitude:</b></span> <span>1,700 ft</span></div>
<div><span><b>Speed:</b></span> <span>109 kt - 108 kt</span></div>
<div><span><b>Timestamp:</b></span><br/><span>2025-07-28 10:00:30 UTC<br/>2025-07-28 10:00:32 UTC</span></div>
</div>]]></description>
      </Placemark>
      <Placemark>
        <Style>
          <LineStyle>
            <color>ffccff00</color>
            <width>2</width>
          </LineStyle>
        </Style>
        <MultiGeometry>
          <LineString>
            <tessellate>1</tessellate>
            <altitudeMode>absolute</altitudeMode>
            <coordinates>18.379679,-33.901978,518.16 18.380407,-33.901291,518.16</coordinates>
          </LineString>
        </MultiGeometry>
        <name>P-177</name>
        <description><![CDATA[<div><div><span><b>Altitude:</b></span> <span>1,700 ft</span></div>
<div><span><b>Speed:</b></span> <span>108 kt - 107 kt</span></div>
<div><span><b>Timestamp:</b></span><br/><span>2025-07-28 10:00:32 UTC<br/>2025-07-28 10:00:35 UTC</span></div>
</div>]]></description>
      </Placemark>
      <Placemark>
        <Style>
          <LineStyle>
            <color>ffccff00</color>
            <width>2</width>
          </LineStyle>
        </Style>
        <MultiGeometry>
          <LineString>
            <tessellate>1</tessellate>
            <altitudeMode>absolute</altitudeMode>
            <coordinates>18.380407,-33.901291,518.16 18.381386,-33.900455,518.16</coordinates>
          </LineString>
        </MultiGeometry>
        <name>P-178</name>
        <description><![CDATA[<div><div><span><b>Altitude:</b></span> <span>1,700 ft</span></div>
<div><span><b>Speed:</b></span> <span>107 kt</span></div>
<div><span><b>Timestamp:</b></span><br/><span>2025-07-28 10:00:35 UTC<br/>2025-07-28 10:00:37 UTC</span></div>
</div>]]></description>
      </Placemark>
      <Placemark>
        <Style>
          <LineStyle>
            <color>ffccff00</color>
            <width>2</width>
          </LineStyle>
        </Style>
        <MultiGeometry>
          <LineString>
            <tessellate>1</tessellate>
            <altitudeMode>absolute</altitudeMode>
            <coordinates>18.381386,-33.900455,518.16 18.382187,-33.899712,518.16</coordinates>
          </LineString>
        </MultiGeometry>
        <name>P-179</name>
        <description><![CDATA[<div><div><span><b>Altitude:</b></span> <span>1,700 ft</span></div>
<div><span><b>Speed:</b></span> <span>107 kt - 106 kt</span></div>
<div><span><b>Timestamp:</b></span><br/><span>2025-07-28 10:00:37 UTC<br/>2025-07-28 10:00:39 UTC</span></div>
</div>]]></description>
      </Placemark>
      <Placemark>
        <Style>
          <LineStyle>
            <color>ffccff00</color>
            <width>2</width>
          </LineStyle>
        </Style>
        <MultiGeometry>
          <LineString>
            <tessellate>1</tessellate>
            <altitudeMode>absolute</altitudeMode>
            <coordinates>18.382187,-33.899712,518.16 18.38316,-33.898922,518.16</coordinates>
          </LineString>
        </MultiGeometry>
        <name>P-180</name>
        <description><![CDATA[<div><div><span><b>Altitude:</b></span> <span>1,700 ft</span></div>
<div><span><b>Speed:</b></span> <span>106 kt</span></div>
<div><span><b>Timestamp:</b></span><br/><span>2025-07-28 10:00:39 UTC<br/>2025-07-28 10:00:41 UTC</span></div>
</div>]]></description>
      </Placemark>
      <Placemark>
        <Style>
          <LineStyle>
            <color>ffccff00</color>
            <width>2</width>
          </LineStyle>
        </Style>
        <MultiGeometry>
          <LineString>
            <tessellate>1</tessellate>
            <altitudeMode>absolute</altitudeMode>
            <coordinates>18.38316,-33.898922,518.16 18.384218,-33.898087,548.64</coordinates>
          </LineString>
        </MultiGeometry>
        <name>P-181</name>
        <description><![CDATA[<div><div><span><b>Altitude:</b></span> <span>1,700 ft - 1,800 ft</span></div>
<div><span><b>Speed:</b></span> <span>106 kt - 104 kt</span></div>
<div><span><b>Timestamp:</b></span><br/><span>2025-07-28 10:00:41 UTC<br/>2025-07-28 10:00:43 UTC</span></div>
</div>]]></description>
      </Placemark>
      <Placemark>
        <Style>
          <LineStyle>
            <color>ffccff00</color>
            <width>2</width>
          </LineStyle>
        </Style>
        <MultiGeometry>
          <LineString>
            <tessellate>1</tessellate>
            <altitudeMode>absolute</altitudeMode>
            <coordinates>18.384218,-33.898087,548.64 18.385048,-33.897476,548.64</coordinates>
          </LineString>
        </MultiGeometry>
        <name>P-182</name>
        <description><![CDATA[<div><div><span><b>Altitude:</b></span> <span>1,800 ft</span></div>
<div><span><b>Speed:</b></span> <span>104 kt</span></div>
<div><span><b>Timestamp:</b></span><br/><span>2025-07-28 10:00:43 UTC<br/>2025-07-28 10:00:46 UTC</span></div>
</div>]]></description>
      </Placemark>
      <Placemark>
        <Style>
          <LineStyle>
            <color>ffccff00</color>
            <width>2</width>
          </LineStyle>
        </Style>
        <MultiGeometry>
          <LineString>
            <tessellate>1</tessellate>
            <altitudeMode>absolute</altitudeMode>
            <coordinates>18.385048,-33.897476,548.64 18.385963,-33.896732,548.64</coordinates>
          </LineString>
        </MultiGeometry>
        <name>P-183</name>
        <description><![CDATA[<div><div><span><b>Altitude:</b></span> <span>1,800 ft</span></div>
<div><span><b>Speed:</b></span> <span>104 kt - 106 kt</span></div>
<div><span><b>Timestamp:</b></span><br/><span>2025-07-28 10:00:46 UTC<br/>2025-07-28 10:00:48 UTC</span></div>
</div>]]></description>
      </Placemark>
      <Placemark>
        <Style>
          <LineStyle>
            <color>ffccff00</color>
            <width>2</width>
          </LineStyle>
        </Style>
        <MultiGeometry>
          <LineString>
            <tessellate>1</tessellate>
            <altitudeMode>absolute</altitudeMode>
            <coordinates>18.385963,-33.896732,548.64 18.387022,-33.896027,548.64</coordinates>
          </LineString>
        </MultiGeometry>
        <name>P-184</name>
        <description><![CDATA[<div><div><span><b>Altitude:</b></span> <span>1,800 ft</span></div>
<div><span><b>Speed:</b></span> <span>106 kt - 105 kt</span></div>
<div><span><b>Timestamp:</b></span><br/><span>2025-07-28 10:00:48 UTC<br/>2025-07-28 10:00:50 UTC</span></div>
</div>]]></description>
      </Placemark>
      <Placemark>
        <Style>
          <LineStyle>
            <color>ffccff00</color>
            <width>2</width>
          </LineStyle>
        </Style>
        <MultiGeometry>
          <LineString>
            <tessellate>1</tessellate>
            <altitudeMode>absolute</altitudeMode>
            <coordinates>18.387022,-33.896027,548.64 18.387918,-33.895432,548.64</coordinates>
          </LineString>
        </MultiGeometry>
        <name>P-185</name>
        <description><![CDATA[<div><div><span><b>Altitude:</b></span> <span>1,800 ft</span></div>
<div><span><b>Speed:</b></span> <span>105 kt</span></div>
<div><span><b>Timestamp:</b></span><br/><span>2025-07-28 10:00:50 UTC<br/>2025-07-28 10:00:52 UTC</span></div>
</div>]]></description>
      </Placemark>
      <Placemark>
        <Style>
          <LineStyle>
            <color>ffccff00</color>
            <width>2</width>
          </LineStyle>
        </Style>
        <MultiGeometry>
          <LineString>
            <tessellate>1</tessellate>
            <altitudeMode>absolute</altitudeMode>
            <coordinates>18.387918,-33.895432,548.64 18.389111,-33.894684,548.64</coordinates>
          </LineString>
        </MultiGeometry>
        <name>P-186</name>
        <description><![CDATA[<div><div><span><b>Altitude:</b></span> <span>1,800 ft</span></div>
<div><span><b>Speed:</b></span> <span>105 kt</span></div>
<div><span><b>Timestamp:</b></span><br/><span>2025-07-28 10:00:52 UTC<br/>2025-07-28 10:00:55 UTC</span></div>
</div>]]></description>
      </Placemark>
      <Placemark>
        <Style>
          <LineStyle>
            <color>ffccff00</color>
            <width>2</width>
          </LineStyle>
        </Style>
        <MultiGeometry>
          <LineString>
            <tessellate>1</tessellate>
            <altitudeMode>absolute</altitudeMode>
            <coordinates>18.389111,-33.894684,548.64 18.390141,-33.894032,548.64</coordinates>
          </LineString>
        </MultiGeometry>
        <name>P-187</name>
        <description><![CDATA[<div><div><span><b>Altitude:</b></span> <span>1,800 ft</span></div>
<div><span><b>Speed:</b></span> <span>105 kt</span></div>
<div><span><b>Timestamp:</b></span><br/><span>2025-07-28 10:00:55 UTC<br/>2025-07-28 10:00:57 UTC</span></div>
</div>]]></description>
      </Placemark>
      <Placemark>
        <Style>
          <LineStyle>
            <color>ffccff00</color>
            <width>2</width>
          </LineStyle>
        </Style>
        <MultiGeometry>
          <LineString>
            <tessellate>1</tessellate>
            <altitudeMode>absolute</altitudeMode>
            <coordinates>18.390141,-33.894032,548.64 18.391338,-33.893372,548.64</coordinates>
          </LineString>
        </MultiGeometry>
        <name>P-188</name>
        <description><![CDATA[<div><div><span><b>Altitude:</b></span> <span>1,800 ft</span></div>
<div><span><b>Speed:</b></span> <span>105 kt - 106 kt</span></div>
<div><span><b>Timestamp:</b></span><br/><span>2025-07-28 10:00:57 UTC<br/>2025-07-28 10:00:59 UTC</span></div>
</div>]]></description>
      </Placemark>
      <Placemark>
        <Style>
          <LineStyle>
            <color>ffccff00</color>
            <width>2</width>
          </LineStyle>
        </Style>
        <MultiGeometry>
          <LineString>
            <tessellate>1</tessellate>
            <altitudeMode>absolute</altitudeMode>
            <coordinates>18.391338,-33.893372,548.64 18.392122,-33.892914,518.16</coordinates>
          </LineString>
        </MultiGeometry>
        <name>P-189</name>
        <description><![CDATA[<div><div><span><b>Altitude:</b></span> <span>1,800 ft - 1,700 ft</span></div>
<div><span><b>Speed:</b></span> <span>106 kt</span></div>
<div><span><b>Timestamp:</b></span><br/><span>2025-07-28 10:00:59 UTC<br/>2025-07-28 10:01:01 UTC</span></div>
</div>]]></description>
      </Placemark>
      <Placemark>
        <Style>
          <LineStyle>
            <color>ffccff00</color>
            <width>2</width>
          </LineStyle>
        </Style>
        <MultiGeometry>
          <LineString>
            <tessellate>1</tessellate>
            <altitudeMode>absolute</altitudeMode>
            <coordinates>18.392122,-33.892914,518.16 18.393402,-33.892311,518.16</coordinates>
          </LineString>
        </MultiGeometry>
        <name>P-190</name>
        <description><![CDATA[<div><div><span><b>Altitude:</b></span> <span>1,700 ft</span></div>
<div><span><b>Speed:</b></span> <span>106 kt - 108 kt</span></div>
<div><span><b>Timestamp:</b></span><br/><span>2025-07-28 10:01:01 UTC<br/>2025-07-28 10:01:03 UTC</span></div>
</div>]]></description>
      </Placemark>
      <Placemark>
        <Style>
          <LineStyle>
            <color>ffccff00</color>
            <width>2</width>
          </LineStyle>
        </Style>
        <MultiGeometry>
          <LineString>
            <tessellate>1</tessellate>
            <altitudeMode>absolute</altitudeMode>
            <coordinates>18.393402,-33.892311,518.16 18.394661,-33.891705,518.16</coordinates>
          </LineString>
        </MultiGeometry>
        <name>P-191</name>
        <description><![CDATA[<div><div><span><b>Altitude:</b></span> <span>1,700 ft</span></div>
<div><span><b>Speed:</b></span> <span>108 kt</span></div>
<div><span><b>Timestamp:</b></span><br/><span>2025-07-28 10:01:03 UTC<br/>2025-07-28 10:01:05 UTC</span></div>
</div>]]></description>
      </Placemark>
      <Placemark>
        <Style>
          <LineStyle>
            <color>ffccff00</color>
            <width>2</width>
          </LineStyle>
        </Style>
        <MultiGeometry>
          <LineString>
            <tessellate>1</tessellate>
            <altitudeMode>absolute</altitudeMode>
            <coordinates>18.394661,-33.891705,518.16 18.395765,-33.891266,518.16</coordinates>
          </LineString>
        </MultiGeometry>
        <name>P-192</name>
        <description><![CDATA[<div><div><span><b>Altitude:</b></span> <span>1,700 ft</span></div>
<div><span><b>Speed:</b></span> <span>108 kt - 110 kt</span></div>
<div><span><b>Timestamp:</b></span><br/><span>2025-07-28 10:01:05 UTC<br/>2025-07-28 10:01:07 UTC</span></div>
</div>]]></description>
      </Placemark>
      <Placemark>
        <Style>
          <LineStyle>
            <color>ffccff00</color>
            <width>2</width>
          </LineStyle>
        </Style>
        <MultiGeometry>
          <LineString>
            <tessellate>1</tessellate>
            <altitudeMode>absolute</altitudeMode>
            <coordinates>18.395765,-33.891266,518.16 18.396662,-33.890945,518.16</coordinates>
          </LineString>
        </MultiGeometry>
        <name>P-193</name>
        <description><![CDATA[<div><div><span><b>Altitude:</b></span> <span>1,700 ft</span></div>
<div><span><b>Speed:</b></span> <span>110 kt</span></div>
<div><span><b>Timestamp:</b></span><br/><span>2025-07-28 10:01:07 UTC<br/>2025-07-28 10:01:10 UTC</span></div>
</div>]]></description>
      </Placemark>
      <Placemark>
        <Style>
          <LineStyle>
            <color>ffccff00</color>
            <width>2</width>
          </LineStyle>
        </Style>
        <MultiGeometry>
          <LineString>
            <tessellate>1</tessellate>
            <altitudeMode>absolute</altitudeMode>
            <coordinates>18.396662,-33.890945,518.16 18.398119,-33.890442,487.68</coordinates>
          </LineString>
        </MultiGeometry>
        <name>P-194</name>
        <description><![CDATA[<div><div><span><b>Altitude:</b></span> <span>1,700 ft - 1,600 ft</span></div>
<div><span><b>Speed:</b></span> <span>110 kt</span></div>
<div><span><b>Timestamp:</b></span><br/><span>2025-07-28 10:01:10 UTC<br/>2025-07-28 10:01:12 UTC</span></div>
</div>]]></description>
      </Placemark>
      <Placemark>
        <Style>
          <LineStyle>
            <color>ffccff00</color>
            <width>2</width>
          </LineStyle>
        </Style>
        <MultiGeometry>
          <LineString>
            <tessellate>1</tessellate>
            <altitudeMode>absolute</altitudeMode>
            <coordinates>18.398119,-33.890442,487.68 18.399298,-33.890121,487.68</coordinates>
          </LineString>
        </MultiGeometry>
        <name>P-195</name>
        <description><![CDATA[<div><div><span><b>Altitude:</b></span> <span>1,600 ft</span></div>
<div><span><b>Speed:</b></span> <span>110 kt</span></div>
<div><span><b>Timestamp:</b></span><br/><span>2025-07-28 10:01:12 UTC<br/>2025-07-28 10:01:14 UTC</span></div>
</div>]]></description>
      </Placemark>
      <Placemark>
        <Style>
          <LineStyle>
            <color>ffccff00</color>
            <width>2</width>
          </LineStyle>
        </Style>
        <MultiGeometry>
          <LineString>
            <tessellate>1</tessellate>
            <altitudeMode>absolute</altitudeMode>
            <coordinates>18.399298,-33.890121,487.68 18.400555,-33.889797,487.68</coordinates>
          </LineString>
        </MultiGeometry>
        <name>P-196</name>
        <description><![CDATA[<div><div><span><b>Altitude:</b></span> <span>1,600 ft</span></div>
<div><span><b>Speed:</b></span> <span>110 kt</span></div>
<div><span><b>Timestamp:</b></span><br/><span>2025-07-28 10:01:14 UTC<br/>2025-07-28 10:01:16 UTC</span></div>
</div>]]></description>
      </Placemark>
      <Placemark>
        <Style>
          <LineStyle>
            <color>ffccff00</color>
            <width>2</width>
          </LineStyle>
        </Style>
        <MultiGeometry>
          <LineString>
            <tessellate>1</tessellate>
            <altitudeMode>absolute</altitudeMode>
            <coordinates>18.400555,-33.889797,487.68 18.402155,-33.889435,487.68</coordinates>
          </LineString>
        </MultiGeometry>
        <name>P-197</name>
        <description><![CDATA[<div><div><span><b>Altitude:</b></span> <span>1,600 ft</span></div>
<div><span><b>Speed:</b></span> <span>110 kt - 112 kt</span></div>
<div><span><b>Timestamp:</b></span><br/><span>2025-07-28 10:01:16 UTC<br/>2025-07-28 10:01:18 UTC</span></div>
</div>]]></description>
      </Placemark>
      <Placemark>
        <Style>
          <LineStyle>
            <color>ffccff00</color>
            <width>2</width>
          </LineStyle>
        </Style>
        <MultiGeometry>
          <LineString>
            <tessellate>1</tessellate>
            <altitudeMode>absolute</altitudeMode>
            <coordinates>18.402155,-33.889435,487.68 18.403301,-33.889236,457.2</coordinates>
          </LineString>
        </MultiGeometry>
        <name>P-198</name>
        <description><![CDATA[<div><div><span><b>Altitude:</b></span> <span>1,600 ft - 1,500 ft</span></div>
<div><span><b>Speed:</b></span> <span>112 kt</span></div>
<div><span><b>Timestamp:</b></span><br/><span>2025-07-28 10:01:18 UTC<br/>2025-07-28 10:01:21 UTC</span></div>
</div>]]></description>
      </Placemark>
      <Placemark>
        <Style>
          <LineStyle>
            <color>ffccff00</color>
            <width>2</width>
          </LineStyle>
        </Style>
        <MultiGeometry>
          <LineString>
            <tessellate>1</tessellate>
            <altitudeMode>absolute</altitudeMode>
            <coordinates>18.403301,-33.889236,457.2 18.404846,-33.888977,457.2</coordinates>
          </LineString>
        </MultiGeometry>
        <name>P-199</name>
        <description><![CDATA[<div><div><span><b>Altitude:</b></span> <span>1,500 ft</span></div>
<div><span><b>Speed:</b></span> <span>112 kt</span></div>
<div><span><b>Timestamp:</b></span><br/><span>2025-07-28 10:01:21 UTC<br/>2025-07-28 10:01:23 UTC</span></div>
</div>]]></description>
      </Placemark>
      <Placemark>
        <Style>
          <LineStyle>
            <color>ffccff00</color>
            <width>2</width>
          </LineStyle>
        </Style>
        <MultiGeometry>
          <LineString>
            <tessellate>1</tessellate>
            <altitudeMode>absolute</altitudeMode>
            <coordinates>18.404846,-33.888977,457.2 18.40608,-33.88884,457.2</coordinates>
          </LineString>
        </MultiGeometry>
        <name>P-200</name>
        <description><![CDATA[<div><div><span><b>Altitude:</b></span> <span>1,500 ft</span></div>
<div><span><b>Speed:</b></span> <span>112 kt - 113 kt</span></div>
<div><span><b>Timestamp:</b></span><br/><span>2025-07-28 10:01:23 UTC<br/>2025-07-28 10:01:25 UTC</span></div>
</div>]]></description>
      </Placemark>
      <Placemark>
        <Style>
          <LineStyle>
            <color>ffccff00</color>
            <width>2</width>
          </LineStyle>
        </Style>
        <MultiGeometry>
          <LineString>
            <tessellate>1</tessellate>
            <altitudeMode>absolute</altitudeMode>
            <coordinates>18.40608,-33.88884,457.2 18.407249,-33.88868,426.72</coordinates>
          </LineString>
        </MultiGeometry>
        <name>P-201</name>
        <description><![CDATA[<div><div><span><b>Altitude:</b></span> <span>1,500 ft - 1,400 ft</span></div>
<div><span><b>Speed:</b></span> <span>113 kt</span></div>
<div><span><b>Timestamp:</b></span><br/><span>2025-07-28 10:01:25 UTC<br/>2025-07-28 10:01:27 UTC</span></div>
</div>]]></description>
      </Placemark>
      <Placemark>
        <Style>
          <LineStyle>
            <color>ffccff00</color>
            <width>2</width>
          </LineStyle>
        </Style>
        <MultiGeometry>
          <LineString>
            <tessellate>1</tessellate>
            <altitudeMode>absolute</altitudeMode>
            <coordinates>18.407249,-33.88868,426.72 18.408995,-33.888474,426.72</coordinates>
          </LineString>
        </MultiGeometry>
        <name>P-202</name>
        <description><![CDATA[<div><div><span><b>Altitude:</b></span> <span>1,400 ft</span></div>
<div><span><b>Speed:</b></span> <span>113 kt</span></div>
<div><span><b>Timestamp:</b></span><br/><span>2025-07-28 10:01:27 UTC<br/>2025-07-28 10:01:29 UTC</span></div>
</div>]]></description>
      </Placemark>
      <Placemark>
        <Style>
          <LineStyle>
            <color>ffccff00</color>
            <width>2</width>
          </LineStyle>
        </Style>
        <MultiGeometry>
          <LineString>
            <tessellate>1</tessellate>
            <altitudeMode>absolute</altitudeMode>
            <coordinates>18.408995,-33.888474,426.72 18.410225,-33.888351,396.24</coordinates>
          </LineString>
        </MultiGeometry>
        <name>P-203</name>
        <description><![CDATA[<div><div><span><b>Altitude:</b></span> <span>1,400 ft - 1,300 ft</span></div>
<div><span><b>Speed:</b></span> <span>113 kt - 112 kt</span></div>
<div><span><b>Timestamp:</b></span><br/><span>2025-07-28 10:01:29 UTC<br/>2025-07-28 10:01:32 UTC</span></div>
</div>]]></description>
      </Placemark>
      <Placemark>
        <Style>
          <LineStyle>
            <color>fff0ff00</color>
            <width>2</width>
          </LineStyle>
        </Style>
        <MultiGeometry>
          <LineString>
            <tessellate>1</tessellate>
            <altitudeMode>absolute</altitudeMode>
            <coordinates>18.410225,-33.888351,396.24 18.411797,-33.888199,396.24</coordinates>
          </LineString>
        </MultiGeometry>
        <name>P-204</name>
        <description><![CDATA[<div><div><span><b>Altitude:</b></span> <span>1,300 ft</span></div>
<div><span><b>Speed:</b></span> <span>112 kt</span></div>
<div><span><b>Timestamp:</b></span><br/><span>2025-07-28 10:01:32 UTC<br/>2025-07-28 10:01:34 UTC</span></div>
</div>]]></description>
      </Placemark>
      <Placemark>
        <Style>
          <LineStyle>
            <color>fff0ff00</color>
            <width>2</width>
          </LineStyle>
        </Style>
        <MultiGeometry>
          <LineString>
            <tessellate>1</tessellate>
            <altitudeMode>absolute</altitudeMode>
            <coordinates>18.411797,-33.888199,396.24 18.413086,-33.888073,365.76</coordinates>
          </LineString>
        </MultiGeometry>
        <name>P-205</name>
        <description><![CDATA[<div><div><span><b>Altitude:</b></span> <span>1,300 ft - 1,200 ft</span></div>
<div><span><b>Speed:</b></span> <span>112 kt - 109 kt</span></div>
<div><span><b>Timestamp:</b></span><br/><span>2025-07-28 10:01:34 UTC<br/>2025-07-28 10:01:37 UTC</span></div>
</div>]]></description>
      </Placemark>
      <Placemark>
        <Style>
          <LineStyle>
            <color>fff0ff00</color>
            <width>2</width>
          </LineStyle>
        </Style>
        <MultiGeometry>
          <LineString>
            <tessellate>1</tessellate>
            <altitudeMode>absolute</altitudeMode>
            <coordinates>18.413086,-33.888073,365.76 18.41432,-33.887924,365.76</coordinates>
          </LineString>
        </MultiGeometry>
        <name>P-206</name>
        <description><![CDATA[<div><div><span><b>Altitude:</b></span> <span>1,200 ft</span></div>
<div><span><b>Speed:</b></span> <span>109 kt</span></div>
<div><span><b>Timestamp:</b></span><br/><span>2025-07-28 10:01:37 UTC<br/>2025-07-28 10:01:39 UTC</span></div>
</div>]]></description>
      </Placemark>
      <Placemark>
        <Style>
          <LineStyle>
            <color>fff0ff00</color>
            <width>2</width>
          </LineStyle>
        </Style>
        <MultiGeometry>
          <LineString>
            <tessellate>1</tessellate>
            <altitudeMode>absolute</altitudeMode>
            <coordinates>18.41432,-33.887924,365.76 18.415833,-33.887749,365.76</coordinates>
          </LineString>
        </MultiGeometry>
        <name>P-207</name>
        <description><![CDATA[<div><div><span><b>Altitude:</b></span> <span>1,200 ft</span></div>
<div><span><b>Speed:</b></span> <span>109 kt - 107 kt</span></div>
<div><span><b>Timestamp:</b></span><br/><span>2025-07-28 10:01:39 UTC<br/>2025-07-28 10:01:41 UTC</span></div>
</div>]]></description>
      </Placemark>
      <Placemark>
        <Style>
          <LineStyle>
            <color>fff0ff00</color>
            <width>2</width>
          </LineStyle>
        </Style>
        <MultiGeometry>
          <LineString>
            <tessellate>1</tessellate>
            <altitudeMode>absolute</altitudeMode>
            <coordinates>18.415833,-33.887749,365.76 18.417091,-33.887562,335.28</coordinates>
          </LineString>
        </MultiGeometry>
        <name>P-208</name>
        <description><![CDATA[<div><div><span><b>Altitude:</b></span> <span>1,200 ft - 1,100 ft</span></div>
<div><span><b>Speed:</b></span> <span>107 kt - 106 kt</span></div>
<div><span><b>Timestamp:</b></span><br/><span>2025-07-28 10:01:41 UTC<br/>2025-07-28 10:01:43 UTC</span></div>
</div>]]></description>
      </Placemark>
      <Placemark>
        <Style>
          <LineStyle>
            <color>fff0ff00</color>
            <width>2</width>
          </LineStyle>
        </Style>
        <MultiGeometry>
          <LineString>
            <tessellate>1</tessellate>
            <altitudeMode>absolute</altitudeMode>
            <coordinates>18.417091,-33.887562,335.28 18.418299,-33.887421,335.28</coordinates>
          </LineString>
        </MultiGeometry>
        <name>P-209</name>
        <description><![CDATA[<div><div><span><b>Altitude:</b></span> <span>1,100 ft</span></div>
<div><span><b>Speed:</b></span> <span>106 kt - 104 kt</span></div>
<div><span><b>Timestamp:</b></span><br/><span>2025-07-28 10:01:43 UTC<br/>2025-07-28 10:01:45 UTC</span></div>
</div>]]></description>
      </Placemark>
      <Placemark>
        <Style>
          <LineStyle>
            <color>fff0ff00</color>
            <width>2</width>
          </LineStyle>
        </Style>
        <MultiGeometry>
          <LineString>
            <tessellate>1</tessellate>
            <altitudeMode>absolute</altitudeMode>
            <coordinates>18.418299,-33.887421,335.28 18.421886,-33.886917,304.8</coordinates>
          </LineString>
        </MultiGeometry>
        <name>P-210</name>
        <description><![CDATA[<div><div><span><b>Altitude:</b></span> <span>1,100 ft - 1,000 ft</span></div>
<div><span><b>Speed:</b></span> <span>104 kt - 100 kt</span></div>
<div><span><b>Timestamp:</b></span><br/><span>2025-07-28 10:01:45 UTC<br/>2025-07-28 10:01:52 UTC</span></div>
</div>]]></description>
      </Placemark>
      <Placemark>
        <Style>
          <LineStyle>
            <color>fff0ff00</color>
            <width>2</width>
          </LineStyle>
        </Style>
        <MultiGeometry>
          <LineString>
            <tessellate>1</tessellate>
            <altitudeMode>absolute</altitudeMode>
            <coordinates>18.421886,-33.886917,304.8 18.426647,-33.886444,243.84</coordinates>
          </LineString>
        </MultiGeometry>
        <name>P-211</name>
        <description><![CDATA[<div><div><span><b>Altitude:</b></span> <span>1,000 ft - 800 ft</span></div>
<div><span><b>Speed:</b></span> <span>100 kt - 93 kt</span></div>
<div><span><b>Timestamp:</b></span><br/><span>2025-07-28 10:01:52 UTC<br/>2025-07-28 10:02:01 UTC</span></div>
</div>]]></description>
      </Placemark>
      <Placemark>
        <Style>
          <LineStyle>
            <color>ffffea00</color>
            <width>2</width>
          </LineStyle>
        </Style>
        <MultiGeometry>
          <LineString>
            <tessellate>1</tessellate>
            <altitudeMode>absolute</altitudeMode>
            <coordinates>18.426647,-33.886444,243.84 18.427963,-33.886631,243.84</coordinates>
          </LineString>
        </MultiGeometry>
        <name>P-212</name>
        <description><![CDATA[<div><div><span><b>Altitude:</b></span> <span>800 ft</span></div>
<div><span><b>Speed:</b></span> <span>93 kt - 91 kt</span></div>
<div><span><b>Timestamp:</b></span><br/><span>2025-07-28 10:02:01 UTC<br/>2025-07-28 10:02:03 UTC</span></div>
</div>]]></description>
      </Placemark>
      <Placemark>
        <Style>
          <LineStyle>
            <color>ffffea00</color>
            <width>2</width>
          </LineStyle>
        </Style>
        <MultiGeometry>
          <LineString>
            <tessellate>1</tessellate>
            <altitudeMode>absolute</altitudeMode>
            <coordinates>18.427963,-33.886631,243.84 18.428764,-33.886864,213.36</coordinates>
          </LineString>
        </MultiGeometry>
        <name>P-213</name>
        <description><![CDATA[<div><div><span><b>Altitude:</b></span> <span>800 ft - 700 ft</span></div>
<div><span><b>Speed:</b></span> <span>91 kt - 88 kt</span></div>
<div><span><b>Timestamp:</b></span><br/><span>2025-07-28 10:02:03 UTC<br/>2025-07-28 10:02:05 UTC</span></div>
</div>]]></description>
      </Placemark>
      <Placemark>
        <Style>
          <LineStyle>
            <color>ffffea00</color>
            <width>2</width>
          </LineStyle>
        </Style>
        <MultiGeometry>
          <LineString>
            <tessellate>1</tessellate>
            <altitudeMode>absolute</altitudeMode>
            <coordinates>18.428764,-33.886864,213.36 18.42979,-33.887329,213.36</coordinates>
          </LineString>
        </MultiGeometry>
        <name>P-214</name>
        <description><![CDATA[<div><div><span><b>Altitude:</b></span> <span>700 ft</span></div>
<div><span><b>Speed:</b></span> <span>88 kt - 86 kt</span></div>
<div><span><b>Timestamp:</b></span><br/><span>2025-07-28 10:02:05 UTC<br/>2025-07-28 10:02:07 UTC</span></div>
</div>]]></description>
      </Placemark>
      <Placemark>
        <Style>
          <LineStyle>
            <color>ffffea00</color>
            <width>2</width>
          </LineStyle>
        </Style>
        <MultiGeometry>
          <LineString>
            <tessellate>1</tessellate>
            <altitudeMode>absolute</altitudeMode>
            <coordinates>18.42979,-33.887329,213.36 18.430424,-33.887794,213.36</coordinates>
          </LineString>
        </MultiGeometry>
        <name>P-215</name>
        <description><![CDATA[<div><div><span><b>Altitude:</b></span> <span>700 ft</span></div>
<div><span><b>Speed:</b></span> <span>86 kt - 82 kt</span></div>
<div><span><b>Timestamp:</b></span><br/><span>2025-07-28 10:02:07 UTC<br/>2025-07-28 10:02:09 UTC</span></div>
</div>]]></description>
      </Placemark>
      <Placemark>
        <Style>
          <LineStyle>
            <color>ffffea00</color>
            <width>2</width>
          </LineStyle>
        </Style>
        <MultiGeometry>
          <LineString>
            <tessellate>1</tessellate>
            <altitudeMode>absolute</altitudeMode>
            <coordinates>18.430424,-33.887794,213.36 18.431053,-33.888447,182.88</coordinates>
          </LineString>
        </MultiGeometry>
        <name>P-216</name>
        <description><![CDATA[<div><div><span><b>Altitude:</b></span> <span>700 ft - 600 ft</span></div>
<div><span><b>Speed:</b></span> <span>82 kt - 78 kt</span></div>
<div><span><b>Timestamp:</b></span><br/><span>2025-07-28 10:02:09 UTC<br/>2025-07-28 10:02:11 UTC</span></div>
</div>]]></description>
      </Placemark>
      <Placemark>
        <Style>
          <LineStyle>
            <color>ffffe062</color>
            <width>2</width>
          </LineStyle>
        </Style>
        <MultiGeometry>
          <LineString>
            <tessellate>1</tessellate>
            <altitudeMode>absolute</altitudeMode>
            <coordinates>18.431053,-33.888447,182.88 18.431511,-33.889191,182.88</coordinates>
          </LineString>
        </MultiGeometry>
        <name>P-217</name>
        <description><![CDATA[<div><div><span><b>Altitude:</b></span> <span>600 ft</span></div>
<div><span><b>Speed:</b></span> <span>78 kt - 75 kt</span></div>
<div><span><b>Timestamp:</b></span><br/><span>2025-07-28 10:02:11 UTC<br/>2025-07-28 10:02:14 UTC</span></div>
</div>]]></description>
      </Placemark>
      <Placemark>
        <Style>
          <LineStyle>
            <color>ffffe062</color>
            <width>2</width>
          </LineStyle>
        </Style>
        <MultiGeometry>
          <LineString>
            <tessellate>1</tessellate>
            <altitudeMode>absolute</altitudeMode>
            <coordinates>18.431511,-33.889191,182.88 18.431696,-33.889984,152.4</coordinates>
          </LineString>
        </MultiGeometry>
        <name>P-218</name>
        <description><![CDATA[<div><div><span><b>Altitude:</b></span> <span>600 ft - 500 ft</span></div>
<div><span><b>Speed:</b></span> <span>75 kt - 72 kt</span></div>
<div><span><b>Timestamp:</b></span><br/><span>2025-07-28 10:02:14 UTC<br/>2025-07-28 10:02:16 UTC</span></div>
</div>]]></description>
      </Placemark>
      <Placemark>
        <Style>
          <LineStyle>
            <color>ffffe062</color>
            <width>2</width>
          </LineStyle>
        </Style>
        <MultiGeometry>
          <LineString>
            <tessellate>1</tessellate>
            <altitudeMode>absolute</altitudeMode>
            <coordinates>18.431696,-33.889984,152.4 18.431696,-33.890808,152.4</coordinates>
          </LineString>
        </MultiGeometry>
        <name>P-219</name>
        <description><![CDATA[<div><div><span><b>Altitude:</b></span> <span>500 ft</span></div>
<div><span><b>Speed:</b></span> <span>72 kt - 70 kt</span></div>
<div><span><b>Timestamp:</b></span><br/><span>2025-07-28 10:02:16 UTC<br/>2025-07-28 10:02:19 UTC</span></div>
</div>]]></description>
      </Placemark>
      <Placemark>
        <Style>
          <LineStyle>
            <color>ffffe062</color>
            <width>2</width>
          </LineStyle>
        </Style>
        <MultiGeometry>
          <LineString>
            <tessellate>1</tessellate>
            <altitudeMode>absolute</altitudeMode>
            <coordinates>18.431696,-33.890808,152.4 18.431528,-33.891632,152.4</coordinates>
          </LineString>
        </MultiGeometry>
        <name>P-220</name>
        <description><![CDATA[<div><div><span><b>Altitude:</b></span> <span>500 ft</span></div>
<div><span><b>Speed:</b></span> <span>70 kt - 69 kt</span></div>
<div><span><b>Timestamp:</b></span><br/><span>2025-07-28 10:02:19 UTC<br/>2025-07-28 10:02:21 UTC</span></div>
</div>]]></description>
      </Placemark>
      <Placemark>
        <Style>
          <LineStyle>
            <color>ffffe062</color>
            <width>2</width>
          </LineStyle>
        </Style>
        <MultiGeometry>
          <LineString>
            <tessellate>1</tessellate>
            <altitudeMode>absolute</altitudeMode>
            <coordinates>18.431528,-33.891632,152.4 18.431303,-33.892273,121.92</coordinates>
          </LineString>
        </MultiGeometry>
        <name>P-221</name>
        <description><![CDATA[<div><div><span><b>Altitude:</b></span> <span>500 ft - 400 ft</span></div>
<div><span><b>Speed:</b></span> <span>69 kt</span></div>
<div><span><b>Timestamp:</b></span><br/><span>2025-07-28 10:02:21 UTC<br/>2025-07-28 10:02:23 UTC</span></div>
</div>]]></description>
      </Placemark>
      <Placemark>
        <Style>
          <LineStyle>
            <color>ffffe062</color>
            <width>2</width>
          </LineStyle>
        </Style>
        <MultiGeometry>
          <LineString>
            <tessellate>1</tessellate>
            <altitudeMode>absolute</altitudeMode>
            <coordinates>18.431303,-33.892273,121.92 18.431023,-33.892822,121.92</coordinates>
          </LineString>
        </MultiGeometry>
        <name>P-222</name>
        <description><![CDATA[<div><div><span><b>Altitude:</b></span> <span>400 ft</span></div>
<div><span><b>Speed:</b></span> <span>69 kt - 65 kt</span></div>
<div><span><b>Timestamp:</b></span><br/><span>2025-07-28 10:02:23 UTC<br/>2025-07-28 10:02:25 UTC</span></div>
</div>]]></description>
      </Placemark>
      <Placemark>
        <Style>
          <LineStyle>
            <color>ffffe062</color>
            <width>2</width>
          </LineStyle>
        </Style>
        <MultiGeometry>
          <LineString>
            <tessellate>1</tessellate>
            <altitudeMode>absolute</altitudeMode>
            <coordinates>18.431023,-33.892822,121.92 18.429508,-33.895195,60.96</coordinates>
          </LineString>
        </MultiGeometry>
        <name>P-223</name>
        <description><![CDATA[<div><div><span><b>Altitude:</b></span> <span>400 ft - 200 ft</span></div>
<div><span><b>Speed:</b></span> <span>65 kt - 55 kt</span></div>
<div><span><b>Timestamp:</b></span><br/><span>2025-07-28 10:02:25 UTC<br/>2025-07-28 10:02:35 UTC</span></div>
</div>]]></description>
      </Placemark>
      <Placemark>
        <Style>
          <LineStyle>
            <color>ffffffff</color>
            <width>2</width>
          </LineStyle>
        </Style>
        <MultiGeometry>
          <LineString>
            <tessellate>1</tessellate>
            <altitudeMode>absolute</altitudeMode>
            <coordinates>18.429508,-33.895195,60.96 18.428724,-33.896439,30.48</coordinates>
          </LineString>
        </MultiGeometry>
        <name>P-224</name>
        <description><![CDATA[<div><div><span><b>Altitude:</b></span> <span>200 ft - 100 ft</span></div>
<div><span><b>Speed:</b></span> <span>55 kt - 50 kt</span></div>
<div><span><b>Timestamp:</b></span><br/><span>2025-07-28 10:02:35 UTC<br/>2025-07-28 10:02:41 UTC</span></div>
</div>]]></description>
      </Placemark>
      <Placemark>
        <Style>
          <LineStyle>
            <color>ffffffff</color>
            <width>2</width>
          </LineStyle>
        </Style>
        <MultiGeometry>
          <LineString>
            <tessellate>1</tessellate>
            <altitudeMode>clampToGround</altitudeMode>
            <coordinates>18.428724,-33.896439,30.48 18.428135,-33.897526,0</coordinates>
          </LineString>
        </MultiGeometry>
        <name>P-225</name>
        <description><![CDATA[<div><div><span><b>Altitude:</b></span> <span>100 ft - 0 ft</span></div>
<div><span><b>Speed:</b></span> <span>50 kt - 44 kt</span></div>
<div><span><b>Timestamp:</b></span><br/><span>2025-07-28 10:02:41 UTC<br/>2025-07-28 10:02:46 UTC</span></div>
</div>]]></description>
      </Placemark>
      <Placemark>
        <Style>
          <LineStyle>
            <color>ffffffff</color>
            <width>2</width>
          </LineStyle>
        </Style>
        <MultiGeometry>
          <LineString>
            <tessellate>1</tessellate>
            <altitudeMode>clampToGround</altitudeMode>
            <coordinates>18.428135,-33.897526,0 18.427677,-33.898502,0</coordinates>
          </LineString>
        </MultiGeometry>
        <name>P-226</name>
        <description><![CDATA[<div><div><span><b>Altitude:</b></span> <span>0 ft</span></div>
<div><span><b>Speed:</b></span> <span>44 kt - 36 kt</span></div>
<div><span><b>Timestamp:</b></span><br/><span>2025-07-28 10:02:46 UTC<br/>2025-07-28 10:02:52 UTC</span></div>
</div>]]></description>
      </Placemark>
      <Placemark>
        <Style>
          <LineStyle>
            <color>ffffffff</color>
            <width>2</width>
          </LineStyle>
        </Style>
        <MultiGeometry>
          <LineString>
            <tessellate>1</tessellate>
            <altitudeMode>clampToGround</altitudeMode>
            <coordinates>18.427677,-33.898502,0 18.427603,-33.898727,0</coordinates>
          </LineString>
        </MultiGeometry>
        <name>P-227</name>
        <description><![CDATA[<div><div><span><b>Altitude:</b></span> <span>0 ft</span></div>
<div><span><b>Speed:</b></span> <span>36 kt - 32 kt</span></div>
<div><span><b>Timestamp:</b></span><br/><span>2025-07-28 10:02:52 UTC<br/>2025-07-28 10:02:54 UTC</span></div>
</div>]]></description>
      </Placemark>
      <Placemark>
        <Style>
          <LineStyle>
            <color>ffffffff</color>
            <width>2</width>
          </LineStyle>
        </Style>
        <MultiGeometry>
          <LineString>
            <tessellate>1</tessellate>
            <altitudeMode>clampToGround</altitudeMode>
            <coordinates>18.427603,-33.898727,0 18.427492,-33.899139,0</coordinates>
          </LineString>
        </MultiGeometry>
        <name>P-228</name>
        <description><![CDATA[<div><div><span><b>Altitude:</b></span> <span>0 ft</span></div>
<div><span><b>Speed:</b></span> <span>32 kt - 29 kt</span></div>
<div><span><b>Timestamp:</b></span><br/><span>2025-07-28 10:02:54 UTC<br/>2025-07-28 10:02:57 UTC</span></div>
</div>]]></description>
      </Placemark>
      <Placemark>
        <Style>
          <LineStyle>
            <color>ffffffff</color>
            <width>2</width>
          </LineStyle>
        </Style>
        <MultiGeometry>
          <LineString>
            <tessellate>1</tessellate>
            <altitudeMode>clampToGround</altitudeMode>
            <coordinates>18.427492,-33.899139,0 18.42738,-33.899689,0</coordinates>
          </LineString>
        </MultiGeometry>
        <name>P-229</name>
        <description><![CDATA[<div><div><span><b>Altitude:</b></span> <span>0 ft</span></div>
<div><span><b>Speed:</b></span> <span>29 kt - 25 kt</span></div>
<div><span><b>Timestamp:</b></span><br/><span>2025-07-28 10:02:57 UTC<br/>2025-07-28 10:03:00 UTC</span></div>
</div>]]></description>
      </Placemark>
      <Placemark>
        <Style>
          <LineStyle>
            <color>ffffffff</color>
            <width>2</width>
          </LineStyle>
        </Style>
        <MultiGeometry>
          <LineString>
            <tessellate>1</tessellate>
            <altitudeMode>clampToGround</altitudeMode>
            <coordinates>18.42738,-33.899689,0 18.426987,-33.90033,0</coordinates>
          </LineString>
        </MultiGeometry>
        <name>P-230</name>
        <description><![CDATA[<div><div><span><b>Altitude:</b></span> <span>0 ft</span></div>
<div><span><b>Speed:</b></span> <span>25 kt - 17 kt</span></div>
<div><span><b>Timestamp:</b></span><br/><span>2025-07-28 10:03:00 UTC<br/>2025-07-28 10:03:08 UTC</span></div>
</div>]]></description>
      </Placemark>
      <Placemark>
        <Style>
          <LineStyle>
            <color>ffffffff</color>
            <width>2</width>
          </LineStyle>
        </Style>
        <MultiGeometry>
          <LineString>
            <tessellate>1</tessellate>
            <altitudeMode>clampToGround</altitudeMode>
            <coordinates>18.426987,-33.90033,0 18.426931,-33.900558,0</coordinates>
          </LineString>
        </MultiGeometry>
        <name>P-231</name>
        <description><![CDATA[<div><div><span><b>Altitude:</b></span> <span>0 ft</span></div>
<div><span><b>Speed:</b></span> <span>17 kt - 16 kt</span></div>
<div><span><b>Timestamp:</b></span><br/><span>2025-07-28 10:03:08 UTC<br/>2025-07-28 10:03:11 UTC</span></div>
</div>]]></description>
      </Placemark>
      <Placemark>
        <Style>
          <LineStyle>
            <color>ffffffff</color>
            <width>2</width>
          </LineStyle>
        </Style>
        <MultiGeometry>
          <LineString>
            <tessellate>1</tessellate>
            <altitudeMode>clampToGround</altitudeMode>
            <coordinates>18.426931,-33.900558,0 18.427105,-33.900829,0</coordinates>
          </LineString>
        </MultiGeometry>
        <name>P-232</name>
        <description><![CDATA[<div><div><span><b>Altitude:</b></span> <span>0 ft</span></div>
<div><span><b>Speed:</b></span> <span>16 kt - 12 kt</span></div>
<div><span><b>Timestamp:</b></span><br/><span>2025-07-28 10:03:11 UTC<br/>2025-07-28 10:03:16 UTC</span></div>
</div>]]></description>
      </Placemark>
      <Placemark>
        <Style>
          <LineStyle>
            <color>ffffffff</color>
            <width>2</width>
          </LineStyle>
        </Style>
        <MultiGeometry>
          <LineString>
            <tessellate>1</tessellate>
            <altitudeMode>clampToGround</altitudeMode>
            <coordinates>18.427105,-33.900829,0 18.42712,-33.901085,0</coordinates>
          </LineString>
        </MultiGeometry>
        <name>P-233</name>
        <description><![CDATA[<div><div><span><b>Altitude:</b></span> <span>0 ft</span></div>
<div><span><b>Speed:</b></span> <span>12 kt - 6 kt</span></div>
<div><span><b>Timestamp:</b></span><br/><span>2025-07-28 10:03:16 UTC<br/>2025-07-28 10:03:23 UTC</span></div>
</div>]]></description>
      </Placemark>
      <Placemark>
        <Style>
          <LineStyle>
            <color>ffffffff</color>
            <width>2</width>
          </LineStyle>
        </Style>
        <MultiGeometry>
          <LineString>
            <tessellate>1</tessellate>
            <altitudeMode>clampToGround</altitudeMode>
            <coordinates>18.42712,-33.901085,0 18.428364,-33.901249,0</coordinates>
          </LineString>
        </MultiGeometry>
        <name>P-234</name>
        <description><![CDATA[<div><div><span><b>Altitude:</b></span> <span>0 ft</span></div>
<div><span><b>Speed:</b></span> <span>6 kt - 40 kt</span></div>
<div><span><b>Timestamp:</b></span><br/><span>2025-07-28 10:03:23 UTC<br/>2025-07-28 10:10:23 UTC</span></div>
</div>]]></description>
      </Placemark>
      <Placemark>
        <Style>
          <LineStyle>
            <color>ffffffff</color>
            <width>2</width>
          </LineStyle>
        </Style>
        <MultiGeometry>
          <LineString>
            <tessellate>1</tessellate>
            <altitudeMode>clampToGround</altitudeMode>
            <coordinates>18.428364,-33.901249,0 18.430424,-33.901295,30.48</coordinates>
          </LineString>
        </MultiGeometry>
        <name>P-235</name>
        <description><![CDATA[<div><div><span><b>Altitude:</b></span> <span>0 ft - 100 ft</span></div>
<div><span><b>Speed:</b></span> <span>40 kt - 49 kt</span></div>
<div><span><b>Timestamp:</b></span><br/><span>2025-07-28 10:10:23 UTC<br/>2025-07-28 10:10:30 UTC</span></div>
</div>]]></description>
      </Placemark>
      <Placemark>
        <Style>
          <LineStyle>
            <color>ffffffff</color>
            <width>2</width>
          </LineStyle>
        </Style>
        <MultiGeometry>
          <LineString>
            <tessellate>1</tessellate>
            <altitudeMode>absolute</altitudeMode>
            <coordinates>18.430424,-33.901295,30.48 18.432367,-33.901291,60.96</coordinates>
          </LineString>
        </MultiGeometry>
        <name>P-236</name>
        <description><![CDATA[<div><div><span><b>Altitude:</b></span> <span>100 ft - 200 ft</span></div>
<div><span><b>Speed:</b></span> <span>49 kt - 56 kt</span></div>
<div><span><b>Timestamp:</b></span><br/><span>2025-07-28 10:10:30 UTC<br/>2025-07-28 10:10:37 UTC</span></div>
</div>]]></description>
      </Placemark>
      <Placemark>
        <Style>
          <LineStyle>
            <color>ffffffff</color>
            <width>2</width>
          </LineStyle>
        </Style>
        <MultiGeometry>
          <LineString>
            <tessellate>1</tessellate>
            <altitudeMode>absolute</altitudeMode>
            <coordinates>18.432367,-33.901291,60.96 18.43317,-33.901249,60.96</coordinates>
          </LineString>
        </MultiGeometry>
        <name>P-237</name>
        <description><![CDATA[<div><div><span><b>Altitude:</b></span> <span>200 ft</span></div>
<div><span><b>Speed:</b></span> <span>56 kt - 57 kt</span></div>
<div><span><b>Timestamp:</b></span><br/><span>2025-07-28 10:10:37 UTC<br/>2025-07-28 10:10:39 UTC</span></div>
</div>]]></description>
      </Placemark>
      <Placemark>
        <Style>
          <LineStyle>
            <color>ffffffff</color>
            <width>2</width>
          </LineStyle>
        </Style>
        <MultiGeometry>
          <LineString>
            <tessellate>1</tessellate>
            <altitudeMode>absolute</altitudeMode>
            <coordinates>18.43317,-33.901249,60.96 18.433685,-33.901203,91.44</coordinates>
          </LineString>
        </MultiGeometry>
        <name>P-238</name>
        <description><![CDATA[<div><div><span><b>Altitude:</b></span> <span>200 ft - 300 ft</span></div>
<div><span><b>Speed:</b></span> <span>57 kt - 58 kt</span></div>
<div><span><b>Timestamp:</b></span><br/><span>2025-07-28 10:10:39 UTC<br/>2025-07-28 10:10:41 UTC</span></div>
</div>]]></description>
      </Placemark>
      <Placemark>
        <Style>
          <LineStyle>
            <color>ffffffff</color>
            <width>2</width>
          </LineStyle>
        </Style>
        <MultiGeometry>
          <LineString>
            <tessellate>1</tessellate>
            <altitudeMode>absolute</altitudeMode>
            <coordinates>18.433685,-33.901203,91.44 18.434498,-33.901062,91.44</coordinates>
          </LineString>
        </MultiGeometry>
        <name>P-239</name>
        <description><![CDATA[<div><div><span><b>Altitude:</b></span> <span>300 ft</span></div>
<div><span><b>Speed:</b></span> <span>58 kt - 59 kt</span></div>
<div><span><b>Timestamp:</b></span><br/><span>2025-07-28 10:10:41 UTC<br/>2025-07-28 10:10:43 UTC</span></div>
</div>]]></description>
      </Placemark>
      <Placemark>
        <Style>
          <LineStyle>
            <color>ffffffff</color>
            <width>2</width>
          </LineStyle>
        </Style>
        <MultiGeometry>
          <LineString>
            <tessellate>1</tessellate>
            <altitudeMode>absolute</altitudeMode>
            <coordinates>18.434498,-33.901062,91.44 18.435173,-33.900875,91.44</coordinates>
          </LineString>
        </MultiGeometry>
        <name>P-240</name>
        <description><![CDATA[<div><div><span><b>Altitude:</b></span> <span>300 ft</span></div>
<div><span><b>Speed:</b></span> <span>59 kt - 61 kt</span></div>
<div><span><b>Timestamp:</b></span><br/><span>2025-07-28 10:10:43 UTC<br/>2025-07-28 10:10:45 UTC</span></div>
</div>]]></description>
      </Placemark>
      <Placemark>
        <Style>
          <LineStyle>
            <color>ffffffff</color>
            <width>2</width>
          </LineStyle>
        </Style>
        <MultiGeometry>
          <LineString>
            <tessellate>1</tessellate>
            <altitudeMode>absolute</altitudeMode>
            <coordinates>18.435173,-33.900875,91.44 18.435843,-33.900604,121.92</coordinates>
          </LineString>
        </MultiGeometry>
        <name>P-241</name>
        <description><![CDATA[<div><div><span><b>Altitude:</b></span> <span>300 ft - 400 ft</span></div>
<div><span><b>Speed:</b></span> <span>61 kt - 62 kt</span></div>
<div><span><b>Timestamp:</b></span><br/><span>2025-07-28 10:10:45 UTC<br/>2025-07-28 10:10:47 UTC</span></div>
</div>]]></description>
      </Placemark>
      <Placemark>
        <Style>
          <LineStyle>
            <color>ffffe062</color>
            <width>2</width>
          </LineStyle>
        </Style>
        <MultiGeometry>
          <LineString>
            <tessellate>1</tessellate>
            <altitudeMode>absolute</altitudeMode>
            <coordinates>18.435843,-33.900604,121.92 18.436293,-33.900421,121.92</coordinates>
          </LineString>
        </MultiGeometry>
        <name>P-242</name>
        <description><![CDATA[<div><div><span><b>Altitude:</b></span> <span>400 ft</span></div>
<div><span><b>Speed:</b></span> <span>62 kt - 64 kt</span></div>
<div><span><b>Timestamp:</b></span><br/><span>2025-07-28 10:10:47 UTC<br/>2025-07-28 10:10:50 UTC</span></div>
</div>]]></description>
      </Placemark>
      <Placemark>
        <Style>
          <LineStyle>
            <color>ffffe062</color>
            <width>2</width>
          </LineStyle>
        </Style>
        <MultiGeometry>
          <LineString>
            <tessellate>1</tessellate>
            <altitudeMode>absolute</altitudeMode>
            <coordinates>18.436293,-33.900421,121.92 18.437061,-33.89999,121.92</coordinates>
          </LineString>
        </MultiGeometry>
        <name>P-243</name>
        <description><![CDATA[<div><div><span><b>Altitude:</b></span> <span>400 ft</span></div>
<div><span><b>Speed:</b></span> <span>64 kt - 65 kt</span></div>
<div><span><b>Timestamp:</b></span><br/><span>2025-07-28 10:10:50 UTC<br/>2025-07-28 10:10:52 UTC</span></div>
</div>]]></description>
      </Placemark>
      <Placemark>
        <Style>
          <LineStyle>
            <color>ffffe062</color>
            <width>2</width>
          </LineStyle>
        </Style>
        <MultiGeometry>
          <LineString>
            <tessellate>1</tessellate>
            <altitudeMode>absolute</altitudeMode>
            <coordinates>18.437061,-33.89999,121.92 18.437693,-33.899551,152.4</coordinates>
          </LineString>
        </MultiGeometry>
        <name>P-244</name>
        <description><![CDATA[<div><div><span><b>Altitude:</b></span> <span>400 ft - 500 ft</span></div>
<div><span><b>Speed:</b></span> <span>65 kt - 64 kt</span></div>
<div><span><b>Timestamp:</b></span><br/><span>2025-07-28 10:10:52 UTC<br/>2025-07-28 10:10:54 UTC</span></div>
</div>]]></description>
      </Placemark>
      <Placemark>
        <Style>
          <LineStyle>
            <color>ffffe062</color>
            <width>2</width>
          </LineStyle>
        </Style>
        <MultiGeometry>
          <LineString>
            <tessellate>1</tessellate>
            <altitudeMode>absolute</altitudeMode>
            <coordinates>18.437693,-33.899551,152.4 18.438366,-33.899002,152.4</coordinates>
          </LineString>
        </MultiGeometry>
        <name>P-245</name>
        <description><![CDATA[<div><div><span><b>Altitude:</b></span> <span>500 ft</span></div>
<div><span><b>Speed:</b></span> <span>64 kt - 67 kt</span></div>
<div><span><b>Timestamp:</b></span><br/><span>2025-07-28 10:10:54 UTC<br/>2025-07-28 10:10:56 UTC</span></div>
</div>]]></description>
      </Placemark>
      <Placemark>
        <Style>
          <LineStyle>
            <color>ffffe062</color>
            <width>2</width>
          </LineStyle>
        </Style>
        <MultiGeometry>
          <LineString>
            <tessellate>1</tessellate>
            <altitudeMode>absolute</altitudeMode>
            <coordinates>18.438366,-33.899002,152.4 18.438892,-33.898502,182.88</coordinates>
          </LineString>
        </MultiGeometry>
        <name>P-246</name>
        <description><![CDATA[<div><div><span><b>Altitude:</b></span> <span>500 ft - 600 ft</span></div>
<div><span><b>Speed:</b></span> <span>67 kt - 68 kt</span></div>
<div><span><b>Timestamp:</b></span><br/><span>2025-07-28 10:10:56 UTC<br/>2025-07-28 10:10:58 UTC</span></div>
</div>]]></description>
      </Placemark>
      <Placemark>
        <Style>
          <LineStyle>
            <color>ffffe062</color>
            <width>2</width>
          </LineStyle>
        </Style>
        <MultiGeometry>
          <LineString>
            <tessellate>1</tessellate>
            <altitudeMode>absolute</altitudeMode>
            <coordinates>18.438892,-33.898502,182.88 18.439407,-33.897896,182.88</coordinates>
          </LineString>
        </MultiGeometry>
        <name>P-247</name>
        <description><![CDATA[<div><div><span><b>Altitude:</b></span> <span>600 ft</span></div>
<div><span><b>Speed:</b></span> <span>68 kt - 69 kt</span></div>
<div><span><b>Timestamp:</b></span><br/><span>2025-07-28 10:10:58 UTC<br/>2025-07-28 10:11:01 UTC</span></div>
</div>]]></description>
      </Placemark>
      <Placemark>
        <Style>
          <LineStyle>
            <color>ffffe062</color>
            <width>2</width>
          </LineStyle>
        </Style>
        <MultiGeometry>
          <LineString>
            <tessellate>1</tessellate>
            <altitudeMode>absolute</altitudeMode>
            <coordinates>18.439407,-33.897896,182.88 18.439823,-33.897263,182.88</coordinates>
          </LineString>
        </MultiGeometry>
        <name>P-248</name>
        <description><![CDATA[<div><div><span><b>Altitude:</b></span> <span>600 ft</span></div>
<div><span><b>Speed:</b></span> <span>69 kt - 68 kt</span></div>
<div><span><b>Timestamp:</b></span><br/><span>2025-07-28 10:11:01 UTC<br/>2025-07-28 10:11:03 UTC</span></div>
</div>]]></description>
      </Placemark>
      <Placemark>
        <Style>
          <LineStyle>
            <color>ffffe062</color>
            <width>2</width>
          </LineStyle>
        </Style>
        <MultiGeometry>
          <LineString>
            <tessellate>1</tessellate>
            <altitudeMode>absolute</altitudeMode>
            <coordinates>18.439823,-33.897263,182.88 18.440151,-33.896687,213.36</coordinates>
          </LineString>
        </MultiGeometry>
        <name>P-249</name>
        <description><![CDATA[<div><div><span><b>Altitude:</b></span> <span>600 ft - 700 ft</span></div>
<div><span><b>Speed:</b></span> <span>68 kt - 69 kt</span></div>
<div><span><b>Timestamp:</b></span><br/><span>2025-07-28 10:11:03 UTC<br/>2025-07-28 10:11:05 UTC</span></div>
</div>]]></description>
      </Placemark>
      <Placemark>
        <Style>
          <LineStyle>
            <color>ffffea00</color>
            <width>2</width>
          </LineStyle>
        </Style>
        <MultiGeometry>
          <LineString>
            <tessellate>1</tessellate>
            <altitudeMode>absolute</altitudeMode>
            <coordinates>18.440151,-33.896687,213.36 18.44038,-33.896034,213.36</coordinates>
          </LineString>
        </MultiGeometry>
        <name>P-250</name>
        <description><![CDATA[<div><div><span><b>Altitude:</b></span> <span>700 ft</span></div>
<div><span><b>Speed:</b></span> <span>69 kt - 70 kt</span></div>
<div><span><b>Timestamp:</b></span><br/><span>2025-07-28 10:11:05 UTC<br/>2025-07-28 10:11:07 UTC</span></div>
</div>]]></description>
      </Placemark>
      <Placemark>
        <Style>
          <LineStyle>
            <color>ffffea00</color>
            <width>2</width>
          </LineStyle>
        </Style>
        <MultiGeometry>
          <LineString>
            <tessellate>1</tessellate>
            <altitudeMode>absolute</altitudeMode>
            <coordinates>18.44038,-33.896034,213.36 18.440609,-33.895195,243.84</coordinates>
          </LineString>
        </MultiGeometry>
        <name>P-251</name>
        <description><![CDATA[<div><div><span><b>Altitude:</b></span> <span>700 ft - 800 ft</span></div>
<div><span><b>Speed:</b></span> <span>70 kt</span></div>
<div><span><b>Timestamp:</b></span><br/><span>2025-07-28 10:11:07 UTC<br/>2025-07-28 10:11:09 UTC</span></div>
</div>]]></description>
      </Placemark>
      <Placemark>
        <Style>
          <LineStyle>
            <color>ffffea00</color>
            <width>2</width>
          </LineStyle>
        </Style>
        <MultiGeometry>
          <LineString>
            <tessellate>1</tessellate>
            <altitudeMode>absolute</altitudeMode>
            <coordinates>18.440609,-33.895195,243.84 18.44072,-33.894699,243.84</coordinates>
          </LineString>
        </MultiGeometry>
        <name>P-252</name>
        <description><![CDATA[<div><div><span><b>Altitude:</b></span> <span>800 ft</span></div>
<div><span><b>Speed:</b></span> <span>70 kt - 72 kt</span></div>
<div><span><b>Timestamp:</b></span><br/><span>2025-07-28 10:11:09 UTC<br/>2025-07-28 10:11:12 UTC</span></div>
</div>]]></description>
      </Placemark>
      <Placemark>
        <Style>
          <LineStyle>
            <color>ffffea00</color>
            <width>2</width>
          </LineStyle>
        </Style>
        <MultiGeometry>
          <LineString>
            <tessellate>1</tessellate>
            <altitudeMode>absolute</altitudeMode>
            <coordinates>18.44072,-33.894699,243.84 18.440838,-33.893661,243.84</coordinates>
          </LineString>
        </MultiGeometry>
        <name>P-253</name>
        <description><![CDATA[<div><div><span><b>Altitude:</b></span> <span>800 ft</span></div>
<div><span><b>Speed:</b></span> <span>72 kt - 73 kt</span></div>
<div><span><b>Timestamp:</b></span><br/><span>2025-07-28 10:11:12 UTC<br/>2025-07-28 10:11:14 UTC</span></div>
</div>]]></description>
      </Placemark>
      <Placemark>
        <Style>
          <LineStyle>
            <color>ffffea00</color>
            <width>2</width>
          </LineStyle>
        </Style>
        <MultiGeometry>
          <LineString>
            <tessellate>1</tessellate>
            <altitudeMode>absolute</altitudeMode>
            <coordinates>18.440838,-33.893661,243.84 18.440832,-33.89296,243.84</coordinates>
          </LineString>
        </MultiGeometry>
        <name>P-254</name>
        <description><![CDATA[<div><div><span><b>Altitude:</b></span> <span>800 ft</span></div>
<div><span><b>Speed:</b></span> <span>73 kt - 75 kt</span></div>
<div><span><b>Timestamp:</b></span><br/><span>2025-07-28 10:11:14 UTC<br/>2025-07-28 10:11:16 UTC</span></div>
</div>]]></description>
      </Placemark>
      <Placemark>
        <Style>
          <LineStyle>
            <color>ffffea00</color>
            <width>2</width>
          </LineStyle>
        </Style>
        <MultiGeometry>
          <LineString>
            <tessellate>1</tessellate>
            <altitudeMode>absolute</altitudeMode>
            <coordinates>18.440832,-33.89296,243.84 18.44072,-33.892136,274.32</coordinates>
          </LineString>
        </MultiGeometry>
        <name>P-255</name>
        <description><![CDATA[<div><div><span><b>Altitude:</b></span> <span>800 ft - 900 ft</span></div>
<div><span><b>Speed:</b></span> <span>75 kt - 77 kt</span></div>
<div><span><b>Timestamp:</b></span><br/><span>2025-07-28 10:11:16 UTC<br/>2025-07-28 10:11:18 UTC</span></div>
</div>]]></description>
      </Placemark>
      <Placemark>
        <Style>
          <LineStyle>
            <color>ffffea00</color>
            <width>2</width>
          </LineStyle>
        </Style>
        <MultiGeometry>
          <LineString>
            <tessellate>1</tessellate>
            <altitudeMode>absolute</altitudeMode>
            <coordinates>18.44072,-33.892136,274.32 18.440666,-33.891518,274.32</coordinates>
          </LineString>
        </MultiGeometry>
        <name>P-256</name>
        <description><![CDATA[<div><div><span><b>Altitude:</b></span> <span>900 ft</span></div>
<div><span><b>Speed:</b></span> <span>77 kt - 78 kt</span></div>
<div><span><b>Timestamp:</b></span><br/><span>2025-07-28 10:11:18 UTC<br/>2025-07-28 10:11:21 UTC</span></div>
</div>]]></description>
      </Placemark>
      <Placemark>
        <Style>
          <LineStyle>
            <color>ffffea00</color>
            <width>2</width>
          </LineStyle>
        </Style>
        <MultiGeometry>
          <LineString>
            <tessellate>1</tessellate>
            <altitudeMode>absolute</altitudeMode>
            <coordinates>18.440666,-33.891518,274.32 18.440439,-33.890625,274.32</coordinates>
          </LineString>
        </MultiGeometry>
        <name>P-257</name>
        <description><![CDATA[<div><div><span><b>Altitude:</b></span> <span>900 ft</span></div>
<div><span><b>Speed:</b></span> <span>78 kt - 80 kt</span></div>
<div><span><b>Timestamp:</b></span><br/><span>2025-07-28 10:11:21 UTC<br/>2025-07-28 10:11:23 UTC</span></div>
</div>]]></description>
      </Placemark>
      <Placemark>
        <Style>
          <LineStyle>
            <color>ffffea00</color>
            <width>2</width>
          </LineStyle>
        </Style>
        <MultiGeometry>
          <LineString>
            <tessellate>1</tessellate>
            <altitudeMode>absolute</altitudeMode>
            <coordinates>18.440439,-33.890625,274.32 18.440208,-33.889702,304.8</coordinates>
          </LineString>
        </MultiGeometry>
        <name>P-258</name>
        <description><![CDATA[<div><div><span><b>Altitude:</b></span> <span>900 ft - 1,000 ft</span></div>
<div><span><b>Speed:</b></span> <span>80 kt - 81 kt</span></div>
<div><span><b>Timestamp:</b></span><br/><span>2025-07-28 10:11:23 UTC<br/>2025-07-28 10:11:25 UTC</span></div>
</div>]]></description>
      </Placemark>
      <Placemark>
        <Style>
          <LineStyle>
            <color>fff0ff00</color>
            <width>2</width>
          </LineStyle>
        </Style>
        <MultiGeometry>
          <LineString>
            <tessellate>1</tessellate>
            <altitudeMode>absolute</altitudeMode>
            <coordinates>18.440208,-33.889702,304.8 18.439991,-33.889023,304.8</coordinates>
          </LineString>
        </MultiGeometry>
        <name>P-259</name>
        <description><![CDATA[<div><div><span><b>Altitude:</b></span> <span>1,000 ft</span></div>
<div><span><b>Speed:</b></span> <span>81 kt - 82 kt</span></div>
<div><span><b>Timestamp:</b></span><br/><span>2025-07-28 10:11:25 UTC<br/>2025-07-28 10:11:27 UTC</span></div>
</div>]]></description>
      </Placemark>
      <Placemark>
        <Style>
          <LineStyle>
            <color>fff0ff00</color>
            <width>2</width>
          </LineStyle>
        </Style>
        <MultiGeometry>
          <LineString>
            <tessellate>1</tessellate>
            <altitudeMode>absolute</altitudeMode>
            <coordinates>18.439991,-33.889023,304.8 18.439693,-33.88826,304.8</coordinates>
          </LineString>
        </MultiGeometry>
        <name>P-260</name>
        <description><![CDATA[<div><div><span><b>Altitude:</b></span> <span>1,000 ft</span></div>
<div><span><b>Speed:</b></span> <span>82 kt</span></div>
<div><span><b>Timestamp:</b></span><br/><span>2025-07-28 10:11:27 UTC<br/>2025-07-28 10:11:29 UTC</span></div>
</div>]]></description>
      </Placemark>
      <Placemark>
        <Style>
          <LineStyle>
            <color>fff0ff00</color>
            <width>2</width>
          </LineStyle>
        </Style>
        <MultiGeometry>
          <LineString>
            <tessellate>1</tessellate>
            <altitudeMode>absolute</altitudeMode>
            <coordinates>18.439693,-33.88826,304.8 18.43935,-33.887421,304.8</coordinates>
          </LineString>
        </MultiGeometry>
        <name>P-261</name>
        <description><![CDATA[<div><div><span><b>Altitude:</b></span> <span>1,000 ft</span></div>
<div><span><b>Speed:</b></span> <span>82 kt - 83 kt</span></div>
<div><span><b>Timestamp:</b></span><br/><span>2025-07-28 10:11:29 UTC<br/>2025-07-28 10:11:31 UTC</span></div>
</div>]]></description>
      </Placemark>
      <Placemark>
        <Style>
          <LineStyle>
            <color>fff0ff00</color>
            <width>2</width>
          </LineStyle>
        </Style>
        <MultiGeometry>
          <LineString>
            <tessellate>1</tessellate>
            <altitudeMode>absolute</altitudeMode>
            <coordinates>18.43935,-33.887421,304.8 18.438982,-33.886688,335.28</coordinates>
          </LineString>
        </MultiGeometry>
        <name>P-262</name>
        <description><![CDATA[<div><div><span><b>Altitude:</b></span> <span>1,000 ft - 1,100 ft</span></div>
<div><span><b>Speed:</b></span> <span>83 kt - 84 kt</span></div>
<div><span><b>Timestamp:</b></span><br/><span>2025-07-28 10:11:31 UTC<br/>2025-07-28 10:11:33 UTC</span></div>
</div>]]></description>
      </Placemark>
      <Placemark>
        <Style>
          <LineStyle>
            <color>fff0ff00</color>
            <width>2</width>
          </LineStyle>
        </Style>
        <MultiGeometry>
          <LineString>
            <tessellate>1</tessellate>
            <altitudeMode>absolute</altitudeMode>
            <coordinates>18.438982,-33.886688,335.28 18.438549,-33.885933,335.28</coordinates>
          </LineString>
        </MultiGeometry>
        <name>P-263</name>
        <description><![CDATA[<div><div><span><b>Altitude:</b></span> <span>1,100 ft</span></div>
<div><span><b>Speed:</b></span> <span>84 kt</span></div>
<div><span><b>Timestamp:</b></span><br/><span>2025-07-28 10:11:33 UTC<br/>2025-07-28 10:11:36 UTC</span></div>
</div>]]></description>
      </Placemark>
      <Placemark>
        <Style>
          <LineStyle>
            <color>fff0ff00</color>
            <width>2</width>
          </LineStyle>
        </Style>
        <MultiGeometry>
          <LineString>
            <tessellate>1</tessellate>
            <altitudeMode>absolute</altitudeMode>
            <coordinates>18.438549,-33.885933,335.28 18.43803,-33.885178,335.28</coordinates>
          </LineString>
        </MultiGeometry>
        <name>P-264</name>
        <description><![CDATA[<div><div><span><b>Altitude:</b></span> <span>1,100 ft</span></div>
<div><span><b>Speed:</b></span> <span>84 kt - 86 kt</span></div>
<div><span><b>Timestamp:</b></span><br/><span>2025-07-28 10:11:36 UTC<br/>2025-07-28 10:11:38 UTC</span></div>
</div>]]></description>
      </Placemark>
      <Placemark>
        <Style>
          <LineStyle>
            <color>fff0ff00</color>
            <width>2</width>
          </LineStyle>
        </Style>
        <MultiGeometry>
          <LineString>
            <tessellate>1</tessellate>
            <altitudeMode>absolute</altitudeMode>
            <coordinates>18.43803,-33.885178,335.28 18.437576,-33.884583,365.76</coordinates>
          </LineString>
        </MultiGeometry>
        <name>P-265</name>
        <description><![CDATA[<div><div><span><b>Altitude:</b></span> <span>1,100 ft - 1,200 ft</span></div>
<div><span><b>Speed:</b></span> <span>86 kt</span></div>
<div><span><b>Timestamp:</b></span><br/><span>2025-07-28 10:11:38 UTC<br/>2025-07-28 10:11:40 UTC</span></div>
</div>]]></description>
      </Placemark>
      <Placemark>
        <Style>
          <LineStyle>
            <color>fff0ff00</color>
            <width>2</width>
          </LineStyle>
        </Style>
        <MultiGeometry>
          <LineString>
            <tessellate>1</tessellate>
            <altitudeMode>absolute</altitudeMode>
            <coordinates>18.437576,-33.884583,365.76 18.43689,-33.883743,365.76</coordinates>
          </LineString>
        </MultiGeometry>
        <name>P-266</name>
        <description><![CDATA[<div><div><span><b>Altitude:</b></span> <span>1,200 ft</span></div>
<div><span><b>Speed:</b></span> <span>86 kt</span></div>
<div><span><b>Timestamp:</b></span><br/><span>2025-07-28 10:11:40 UTC<br/>2025-07-28 10:11:42 UTC</span></div>
</div>]]></description>
      </Placemark>
      <Placemark>
        <Style>
          <LineStyle>
            <color>fff0ff00</color>
            <width>2</width>
          </LineStyle>
        </Style>
        <MultiGeometry>
          <LineString>
            <tessellate>1</tessellate>
            <altitudeMode>absolute</altitudeMode>
            <coordinates>18.43689,-33.883743,365.76 18.43618,-33.882935,365.76</coordinates>
          </LineString>
        </MultiGeometry>
        <name>P-267</name>
        <description><![CDATA[<div><div><span><b>Altitude:</b></span> <span>1,200 ft</span></div>
<div><span><b>Speed:</b></span> <span>86 kt - 87 kt</span></div>
<div><span><b>Timestamp:</b></span><br/><span>2025-07-28 10:11:42 UTC<br/>2025-07-28 10:11:45 UTC</span></div>
</div>]]></description>
      </Placemark>
      <Placemark>
        <Style>
          <LineStyle>
            <color>fff0ff00</color>
            <width>2</width>
          </LineStyle>
        </Style>
        <MultiGeometry>
          <LineString>
            <tessellate>1</tessellate>
            <altitudeMode>absolute</altitudeMode>
            <coordinates>18.43618,-33.882935,365.76 18.435562,-33.882294,396.24</coordinates>
          </LineString>
        </MultiGeometry>
        <name>P-268</name>
        <description><![CDATA[<div><div><span><b>Altitude:</b></span> <span>1,200 ft - 1,300 ft</span></div>
<div><span><b>Speed:</b></span> <span>87 kt</span></div>
<div><span><b>Timestamp:</b></span><br/><span>2025-07-28 10:11:45 UTC<br/>2025-07-28 10:11:47 UTC</span></div>
</div>]]></description>
      </Placemark>
      <Placemark>
        <Style>
          <LineStyle>
            <color>fff0ff00</color>
            <width>2</width>
          </LineStyle>
        </Style>
        <MultiGeometry>
          <LineString>
            <tessellate>1</tessellate>
            <altitudeMode>absolute</altitudeMode>
            <coordinates>18.435562,-33.882294,396.24 18.434723,-33.881516,396.24</coordinates>
          </LineString>
        </MultiGeometry>
        <name>P-269</name>
        <description><![CDATA[<div><div><span><b>Altitude:</b></span> <span>1,300 ft</span></div>
<div><span><b>Speed:</b></span> <span>87 kt</span></div>
<div><span><b>Timestamp:</b></span><br/><span>2025-07-28 10:11:47 UTC<br/>2025-07-28 10:11:49 UTC</span></div>
</div>]]></description>
      </Placemark>
      <Placemark>
        <Style>
          <LineStyle>
            <color>fff0ff00</color>
            <width>2</width>
          </LineStyle>
        </Style>
        <MultiGeometry>
          <LineString>
            <tessellate>1</tessellate>
            <altitudeMode>absolute</altitudeMode>
            <coordinates>18.434723,-33.881516,396.24 18.433971,-33.880905,396.24</coordinates>
          </LineString>
        </MultiGeometry>
        <name>P-270</name>
        <description><![CDATA[<div><div><span><b>Altitude:</b></span> <span>1,300 ft</span></div>
<div><span><b>Speed:</b></span> <span>87 kt - 88 kt</span></div>
<div><span><b>Timestamp:</b></span><br/><span>2025-07-28 10:11:49 UTC<br/>2025-07-28 10:11:51 UTC</span></div>
</div>]]></description>
      </Placemark>
      <Placemark>
        <Style>
          <LineStyle>
            <color>fff0ff00</color>
            <width>2</width>
          </LineStyle>
        </Style>
        <MultiGeometry>
          <LineString>
            <tessellate>1</tessellate>
            <altitudeMode>absolute</altitudeMode>
            <coordinates>18.433971,-33.880905,396.24 18.433266,-33.880371,396.24</coordinates>
          </LineString>
        </MultiGeometry>
        <name>P-271</name>
        <description><![CDATA[<div><div><span><b>Altitude:</b></span> <span>1,300 ft</span></div>
<div><span><b>Speed:</b></span> <span>88 kt</span></div>
<div><span><b>Timestamp:</b></span><br/><span>2025-07-28 10:11:51 UTC<br/>2025-07-28 10:11:54 UTC</span></div>
</div>]]></description>
      </Placemark>
      <Placemark>
        <Style>
          <LineStyle>
            <color>fff0ff00</color>
            <width>2</width>
          </LineStyle>
        </Style>
        <MultiGeometry>
          <LineString>
            <tessellate>1</tessellate>
            <altitudeMode>absolute</altitudeMode>
            <coordinates>18.433266,-33.880371,396.24 18.43248,-33.879776,426.72</coordinates>
          </LineString>
        </MultiGeometry>
        <name>P-272</name>
        <description><![CDATA[<div><div><span><b>Altitude:</b></span> <span>1,300 ft - 1,400 ft</span></div>
<div><span><b>Speed:</b></span> <span>88 kt - 89 kt</span></div>
<div><span><b>Timestamp:</b></span><br/><span>2025-07-28 10:11:54 UTC<br/>2025-07-28 10:11:56 UTC</span></div>
</div>]]></description>
      </Placemark>
      <Placemark>
        <Style>
          <LineStyle>
            <color>ffccff00</color>
            <width>2</width>
          </LineStyle>
        </Style>
        <MultiGeometry>
          <LineString>
            <tessellate>1</tessellate>
            <altitudeMode>absolute</altitudeMode>
            <coordinates>18.43248,-33.879776,426.72 18.431471,-33.879044,426.72</coordinates>
          </LineString>
        </MultiGeometry>
        <name>P-273</name>
        <description><![CDATA[<div><div><span><b>Altitude:</b></span> <span>1,400 ft</span></div>
<div><span><b>Speed:</b></span> <span>89 kt</span></div>
<div><span><b>Timestamp:</b></span><br/><span>2025-07-28 10:11:56 UTC<br/>2025-07-28 10:11:58 UTC</span></div>
</div>]]></description>
      </Placemark>
      <Placemark>
        <Style>
          <LineStyle>
            <color>ffccff00</color>
            <width>2</width>
          </LineStyle>
        </Style>
        <MultiGeometry>
          <LineString>
            <tessellate>1</tessellate>
            <altitudeMode>absolute</altitudeMode>
            <coordinates>18.431471,-33.879044,426.72 18.430687,-33.87854,426.72</coordinates>
          </LineString>
        </MultiGeometry>
        <name>P-274</name>
        <description><![CDATA[<div><div><span><b>Altitude:</b></span> <span>1,400 ft</span></div>
<div><span><b>Speed:</b></span> <span>89 kt</span></div>
<div><span><b>Timestamp:</b></span><br/><span>2025-07-28 10:11:58 UTC<br/>2025-07-28 10:12:00 UTC</span></div>
</div>]]></description>
      </Placemark>
      <Placemark>
        <Style>
          <LineStyle>
            <color>ffccff00</color>
            <width>2</width>
          </LineStyle>
        </Style>
        <MultiGeometry>
          <LineString>
            <tessellate>1</tessellate>
            <altitudeMode>absolute</altitudeMode>
            <coordinates>18.430687,-33.87854,426.72 18.429909,-33.878017,457.2</coordinates>
          </LineString>
        </MultiGeometry>
        <name>P-275</name>
        <description><![CDATA[<div><div><span><b>Altitude:</b></span> <span>1,400 ft - 1,500 ft</span></div>
<div><span><b>Speed:</b></span> <span>89 kt - 90 kt</span></div>
<div><span><b>Timestamp:</b></span><br/><span>2025-07-28 10:12:00 UTC<br/>2025-07-28 10:12:02 UTC</span></div>
</div>]]></description>
      </Placemark>
      <Placemark>
        <Style>
          <LineStyle>
            <color>ffccff00</color>
            <width>2</width>
          </LineStyle>
        </Style>
        <MultiGeometry>
          <LineString>
            <tessellate>1</tessellate>
            <altitudeMode>absolute</altitudeMode>
            <coordinates>18.429909,-33.878017,457.2 18.428993,-33.87746,457.2</coordinates>
          </LineString>
        </MultiGeometry>
        <name>P-276</name>
        <description><![CDATA[<div><div><span><b>Altitude:</b></span> <span>1,500 ft</span></div>
<div><span><b>Speed:</b></span> <span>90 kt</span></div>
<div><span><b>Timestamp:</b></span><br/><span>2025-07-28 10:12:02 UTC<br/>2025-07-28 10:12:04 UTC</span></div>
</div>]]></description>
      </Placemark>
      <Placemark>
        <Style>
          <LineStyle>
            <color>ffccff00</color>
            <width>2</width>
          </LineStyle>
        </Style>
        <MultiGeometry>
          <LineString>
            <tessellate>1</tessellate>
            <altitudeMode>absolute</altitudeMode>
            <coordinates>18.428993,-33.87746,457.2 18.428164,-33.876984,457.2</coordinates>
          </LineString>
        </MultiGeometry>
        <name>P-277</name>
        <description><![CDATA[<div><div><span><b>Altitude:</b></span> <span>1,500 ft</span></div>
<div><span><b>Speed:</b></span> <span>90 kt - 91 kt</span></div>
<div><span><b>Timestamp:</b></span><br/><span>2025-07-28 10:12:04 UTC<br/>2025-07-28 10:12:06 UTC</span></div>
</div>]]></description>
      </Placemark>
      <Placemark>
        <Style>
          <LineStyle>
            <color>ffccff00</color>
            <width>2</width>
          </LineStyle>
        </Style>
        <MultiGeometry>
          <LineString>
            <tessellate>1</tessellate>
            <altitudeMode>absolute</altitudeMode>
            <coordinates>18.428164,-33.876984,457.2 18.427099,-33.876389,457.2</coordinates>
          </LineString>
        </MultiGeometry>
        <name>P-278</name>
        <description><![CDATA[<div><div><span><b>Altitude:</b></span> <span>1,500 ft</span></div>
<div><span><b>Speed:</b></span> <span>91 kt</span></div>
<div><span><b>Timestamp:</b></span><br/><span>2025-07-28 10:12:06 UTC<br/>2025-07-28 10:12:09 UTC</span></div>
</div>]]></description>
      </Placemark>
      <Placemark>
        <Style>
          <LineStyle>
            <color>ffccff00</color>
            <width>2</width>
          </LineStyle>
        </Style>
        <MultiGeometry>
          <LineString>
            <tessellate>1</tessellate>
            <altitudeMode>absolute</altitudeMode>
            <coordinates>18.427099,-33.876389,457.2 18.426371,-33.876022,487.68</coordinates>
          </LineString>
        </MultiGeometry>
        <name>P-279</name>
        <description><![CDATA[<div><div><span><b>Altitude:</b></span> <span>1,500 ft - 1,600 ft</span></div>
<div><span><b>Speed:</b></span> <span>91 kt</span></div>
<div><span><b>Timestamp:</b></span><br/><span>2025-07-28 10:12:09 UTC<br/>2025-07-28 10:12:11 UTC</span></div>
</div>]]></description>
      </Placemark>
      <Placemark>
        <Style>
          <LineStyle>
            <color>ffccff00</color>
            <width>2</width>
          </LineStyle>
        </Style>
        <MultiGeometry>
          <LineString>
            <tessellate>1</tessellate>
            <altitudeMode>absolute</altitudeMode>
            <coordinates>18.426371,-33.876022,487.68 18.425249,-33.875519,487.68</coordinates>
          </LineString>
        </MultiGeometry>
        <name>P-280</name>
        <description><![CDATA[<div><div><span><b>Altitude:</b></span> <span>1,600 ft</span></div>
<div><span><b>Speed:</b></span> <span>91 kt - 93 kt</span></div>
<div><span><b>Timestamp:</b></span><br/><span>2025-07-28 10:12:11 UTC<br/>2025-07-28 10:12:13 UTC</span></div>
</div>]]></description>
      </Placemark>
      <Placemark>
        <Style>
          <LineStyle>
            <color>ffccff00</color>
            <width>2</width>
          </LineStyle>
        </Style>
        <MultiGeometry>
          <LineString>
            <tessellate>1</tessellate>
            <altitudeMode>absolute</altitudeMode>
            <coordinates>18.425249,-33.875519,487.68 18.424297,-33.875153,487.68</coordinates>
          </LineString>
        </MultiGeometry>
        <name>P-281</name>
        <description><![CDATA[<div><div><span><b>Altitude:</b></span> <span>1,600 ft</span></div>
<div><span><b>Speed:</b></span> <span>93 kt - 94 kt</span></div>
<div><span><b>Timestamp:</b></span><br/><span>2025-07-28 10:12:13 UTC<br/>2025-07-28 10:12:16 UTC</span></div>
</div>]]></description>
      </Placemark>
      <Placemark>
        <Style>
          <LineStyle>
            <color>ffccff00</color>
            <width>2</width>
          </LineStyle>
        </Style>
        <MultiGeometry>
          <LineString>
            <tessellate>1</tessellate>
            <altitudeMode>absolute</altitudeMode>
            <coordinates>18.424297,-33.875153,487.68 18.423231,-33.874741,487.68</coordinates>
          </LineString>
        </MultiGeometry>
        <name>P-282</name>
        <description><![CDATA[<div><div><span><b>Altitude:</b></span> <span>1,600 ft</span></div>
<div><span><b>Speed:</b></span> <span>94 kt - 96 kt</span></div>
<div><span><b>Timestamp:</b></span><br/><span>2025-07-28 10:12:16 UTC<br/>2025-07-28 10:12:18 UTC</span></div>
</div>]]></description>
      </Placemark>
      <Placemark>
        <Style>
          <LineStyle>
            <color>ffccff00</color>
            <width>2</width>
          </LineStyle>
        </Style>
        <MultiGeometry>
          <LineString>
            <tessellate>1</tessellate>
            <altitudeMode>absolute</altitudeMode>
            <coordinates>18.423231,-33.874741,487.68 18.421829,-33.874283,518.16</coordinates>
          </LineString>
        </MultiGeometry>
        <name>P-283</name>
        <description><![CDATA[<div><div><span><b>Altitude:</b></span> <span>1,600 ft - 1,700 ft</span></div>
<div><span><b>Speed:</b></span> <span>96 kt</span></div>
<div><span><b>Timestamp:</b></span><br/><span>2025-07-28 10:12:18 UTC<br/>2025-07-28 10:12:20 UTC</span></div>
</div>]]></description>
      </Placemark>
      <Placemark>
        <Style>
          <LineStyle>
            <color>ffccff00</color>
            <width>2</width>
          </LineStyle>
        </Style>
        <MultiGeometry>
          <LineString>
            <tessellate>1</tessellate>
            <altitudeMode>absolute</altitudeMode>
            <coordinates>18.421829,-33.874283,518.16 18.420868,-33.874016,518.16</coordinates>
          </LineString>
        </MultiGeometry>
        <name>P-284</name>
        <description><![CDATA[<div><div><span><b>Altitude:</b></span> <span>1,700 ft</span></div>
<div><span><b>Speed:</b></span> <span>96 kt</span></div>
<div><span><b>Timestamp:</b></span><br/><span>2025-07-28 10:12:20 UTC<br/>2025-07-28 10:12:22 UTC</span></div>
</div>]]></description>
      </Placemark>
      <Placemark>
        <Style>
          <LineStyle>
            <color>ffccff00</color>
            <width>2</width>
          </LineStyle>
        </Style>
        <MultiGeometry>
          <LineString>
            <tessellate>1</tessellate>
            <altitudeMode>absolute</altitudeMode>
            <coordinates>18.420868,-33.874016,518.16 18.419895,-33.873737,518.16</coordinates>
          </LineString>
        </MultiGeometry>
        <name>P-285</name>
        <description><![CDATA[<div><div><span><b>Altitude:</b></span> <span>1,700 ft</span></div>
<div><span><b>Speed:</b></span> <span>96 kt - 97 kt</span></div>
<div><span><b>Timestamp:</b></span><br/><span>2025-07-28 10:12:22 UTC<br/>2025-07-28 10:12:24 UTC</span></div>
</div>]]></description>
      </Placemark>
      <Placemark>
        <Style>
          <LineStyle>
            <color>ffccff00</color>
            <width>2</width>
          </LineStyle>
        </Style>
        <MultiGeometry>
          <LineString>
            <tessellate>1</tessellate>
            <altitudeMode>absolute</altitudeMode>
            <coordinates>18.419895,-33.873737,518.16 18.418522,-33.873409,518.16</coordinates>
          </LineString>
        </MultiGeometry>
        <name>P-286</name>
        <description><![CDATA[<div><div><span><b>Altitude:</b></span> <span>1,700 ft</span></div>
<div><span><b>Speed:</b></span> <span>97 kt - 99 kt</span></div>
<div><span><b>Timestamp:</b></span><br/><span>2025-07-28 10:12:24 UTC<br/>2025-07-28 10:12:27 UTC</span></div>
</div>]]></description>
      </Placemark>
      <Placemark>
        <Style>
          <LineStyle>
            <color>ffccff00</color>
            <width>2</width>
          </LineStyle>
        </Style>
        <MultiGeometry>
          <LineString>
            <tessellate>1</tessellate>
            <altitudeMode>absolute</altitudeMode>
            <coordinates>18.418522,-33.873409,518.16 18.41729,-33.873184,518.16</coordinates>
          </LineString>
        </MultiGeometry>
        <name>P-287</name>
        <description><![CDATA[<div><div><span><b>Altitude:</b></span> <span>1,700 ft</span></div>
<div><span><b>Speed:</b></span> <span>99 kt - 100 kt</span></div>
<div><span><b>Timestamp:</b></span><br/><span>2025-07-28 10:12:27 UTC<br/>2025-07-28 10:12:29 UTC</span></div>
</div>]]></description>
      </Placemark>
      <Placemark>
        <Style>
          <LineStyle>
            <color>ffccff00</color>
            <width>2</width>
          </LineStyle>
        </Style>
        <MultiGeometry>
          <LineString>
            <tessellate>1</tessellate>
            <altitudeMode>absolute</altitudeMode>
            <coordinates>18.41729,-33.873184,518.16 18.416176,-33.87299,518.16</coordinates>
          </LineString>
        </MultiGeometry>
        <name>P-288</name>
        <description><![CDATA[<div><div><span><b>Altitude:</b></span> <span>1,700 ft</span></div>
<div><span><b>Speed:</b></span> <span>100 kt - 102 kt</span></div>
<div><span><b>Timestamp:</b></span><br/><span>2025-07-28 10:12:29 UTC<br/>2025-07-28 10:12:31 UTC</span></div>
</div>]]></description>
      </Placemark>
      <Placemark>
        <Style>
          <LineStyle>
            <color>ffccff00</color>
            <width>2</width>
          </LineStyle>
        </Style>
        <MultiGeometry>
          <LineString>
            <tessellate>1</tessellate>
            <altitudeMode>absolute</altitudeMode>
            <coordinates>18.416176,-33.87299,518.16 18.414974,-33.872852,518.16</coordinates>
          </LineString>
        </MultiGeometry>
        <name>P-289</name>
        <description><![CDATA[<div><div><span><b>Altitude:</b></span> <span>1,700 ft</span></div>
<div><span><b>Speed:</b></span> <span>102 kt</span></div>
<div><span><b>Timestamp:</b></span><br/><span>2025-07-28 10:12:31 UTC<br/>2025-07-28 10:12:33 UTC</span></div>
</div>]]></description>
      </Placemark>
      <Placemark>
        <Style>
          <LineStyle>
            <color>ffccff00</color>
            <width>2</width>
          </LineStyle>
        </Style>
        <MultiGeometry>
          <LineString>
            <tessellate>1</tessellate>
            <altitudeMode>absolute</altitudeMode>
            <coordinates>18.414974,-33.872852,518.16 18.413601,-33.872711,518.16</coordinates>
          </LineString>
        </MultiGeometry>
        <name>P-290</name>
        <description><![CDATA[<div><div><span><b>Altitude:</b></span> <span>1,700 ft</span></div>
<div><span><b>Speed:</b></span> <span>102 kt - 103 kt</span></div>
<div><span><b>Timestamp:</b></span><br/><span>2025-07-28 10:12:33 UTC<br/>2025-07-28 10:12:36 UTC</span></div>
</div>]]></description>
      </Placemark>
      <Placemark>
        <Style>
          <LineStyle>
            <color>ffccff00</color>
            <width>2</width>
          </LineStyle>
        </Style>
        <MultiGeometry>
          <LineString>
            <tessellate>1</tessellate>
            <altitudeMode>absolute</altitudeMode>
            <coordinates>18.413601,-33.872711,518.16 18.412022,-33.872635,548.64</coordinates>
          </LineString>
        </MultiGeometry>
        <name>P-291</name>
        <description><![CDATA[<div><div><span><b>Altitude:</b></span> <span>1,700 ft - 1,800 ft</span></div>
<div><span><b>Speed:</b></span> <span>103 kt - 104 kt</span></div>
<div><span><b>Timestamp:</b></span><br/><span>2025-07-28 10:12:36 UTC<br/>2025-07-28 10:12:38 UTC</span></div>
</div>]]></description>
      </Placemark>
      <Placemark>
        <Style>
          <LineStyle>
            <color>ffccff00</color>
            <width>2</width>
          </LineStyle>
        </Style>
        <MultiGeometry>
          <LineString>
            <tessellate>1</tessellate>
            <altitudeMode>absolute</altitudeMode>
            <coordinates>18.412022,-33.872635,548.64 18.41062,-33.872635,548.64</coordinates>
          </LineString>
        </MultiGeometry>
        <name>P-292</name>
        <description><![CDATA[<div><div><span><b>Altitude:</b></span> <span>1,800 ft</span></div>
<div><span><b>Speed:</b></span> <span>104 kt - 105 kt</span></div>
<div><span><b>Timestamp:</b></span><br/><span>2025-07-28 10:12:38 UTC<br/>2025-07-28 10:12:40 UTC</span></div>
</div>]]></description>
      </Placemark>
      <Placemark>
        <Style>
          <LineStyle>
            <color>ffccff00</color>
            <width>2</width>
          </LineStyle>
        </Style>
        <MultiGeometry>
          <LineString>
            <tessellate>1</tessellate>
            <altitudeMode>absolute</altitudeMode>
            <coordinates>18.41062,-33.872635,548.64 18.409443,-33.872635,548.64</coordinates>
          </LineString>
        </MultiGeometry>
        <name>P-293</name>
        <description><![CDATA[<div><div><span><b>Altitude:</b></span> <span>1,800 ft</span></div>
<div><span><b>Speed:</b></span> <span>105 kt - 106 kt</span></div>
<div><span><b>Timestamp:</b></span><br/><span>2025-07-28 10:12:40 UTC<br/>2025-07-28 10:12:43 UTC</span></div>
</div>]]></description>
      </Placemark>
      <Placemark>
        <Style>
          <LineStyle>
            <color>ffccff00</color>
            <width>2</width>
          </LineStyle>
        </Style>
        <MultiGeometry>
          <LineString>
            <tessellate>1</tessellate>
            <altitudeMode>absolute</altitudeMode>
            <coordinates>18.409443,-33.872635,548.64 18.408266,-33.872681,548.64</coordinates>
          </LineString>
        </MultiGeometry>
        <name>P-294</name>
        <description><![CDATA[<div><div><span><b>Altitude:</b></span> <span>1,800 ft</span></div>
<div><span><b>Speed:</b></span> <span>106 kt - 105 kt</span></div>
<div><span><b>Timestamp:</b></span><br/><span>2025-07-28 10:12:43 UTC<br/>2025-07-28 10:12:45 UTC</span></div>
</div>]]></description>
      </Placemark>
      <Placemark>
        <Style>
          <LineStyle>
            <color>ffccff00</color>
            <width>2</width>
          </LineStyle>
        </Style>
        <MultiGeometry>
          <LineString>
            <tessellate>1</tessellate>
            <altitudeMode>absolute</altitudeMode>
            <coordinates>18.408266,-33.872681,548.64 18.407078,-33.872711,548.64</coordinates>
          </LineString>
        </MultiGeometry>
        <name>P-295</name>
        <description><![CDATA[<div><div><span><b>Altitude:</b></span> <span>1,800 ft</span></div>
<div><span><b>Speed:</b></span> <span>105 kt</span></div>
<div><span><b>Timestamp:</b></span><br/><span>2025-07-28 10:12:45 UTC<br/>2025-07-28 10:12:47 UTC</span></div>
</div>]]></description>
      </Placemark>
      <Placemark>
        <Style>
          <LineStyle>
            <color>ffccff00</color>
            <width>2</width>
          </LineStyle>
        </Style>
        <MultiGeometry>
          <LineString>
            <tessellate>1</tessellate>
            <altitudeMode>absolute</altitudeMode>
            <coordinates>18.407078,-33.872711,548.64 18.405575,-33.872864,548.64</coordinates>
          </LineString>
        </MultiGeometry>
        <name>P-296</name>
        <description><![CDATA[<div><div><span><b>Altitude:</b></span> <span>1,800 ft</span></div>
<div><span><b>Speed:</b></span> <span>105 kt</span></div>
<div><span><b>Timestamp:</b></span><br/><span>2025-07-28 10:12:47 UTC<br/>2025-07-28 10:12:49 UTC</span></div>
</div>]]></description>
      </Placemark>
      <Placemark>
        <Style>
          <LineStyle>
            <color>ffccff00</color>
            <width>2</width>
          </LineStyle>
        </Style>
        <MultiGeometry>
          <LineString>
            <tessellate>1</tessellate>
            <altitudeMode>absolute</altitudeMode>
            <coordinates>18.405575,-33.872864,548.64 18.40416,-33.87299,548.64</coordinates>
          </LineString>
        </MultiGeometry>
        <name>P-297</name>
        <description><![CDATA[<div><div><span><b>Altitude:</b></span> <span>1,800 ft</span></div>
<div><span><b>Speed:</b></span> <span>105 kt</span></div>
<div><span><b>Timestamp:</b></span><br/><span>2025-07-28 10:12:49 UTC<br/>2025-07-28 10:12:52 UTC</span></div>
</div>]]></description>
      </Placemark>
      <Placemark>
        <Style>
          <LineStyle>
            <color>ffccff00</color>
            <width>2</width>
          </LineStyle>
        </Style>
        <MultiGeometry>
          <LineString>
            <tessellate>1</tessellate>
            <altitudeMode>absolute</altitudeMode>
            <coordinates>18.40416,-33.87299,548.64 18.402941,-33.873184,579.12</coordinates>
          </LineString>
        </MultiGeometry>
        <name>P-298</name>
        <description><![CDATA[<div><div><span><b>Altitude:</b></span> <span>1,800 ft - 1,900 ft</span></div>
<div><span><b>Speed:</b></span> <span>105 kt - 106 kt</span></div>
<div><span><b>Timestamp:</b></span><br/><span>2025-07-28 10:12:52 UTC<br/>2025-07-28 10:12:54 UTC</span></div>
</div>]]></description>
      </Placemark>
      <Placemark>
        <Style>
          <LineStyle>
            <color>ffccff00</color>
            <width>2</width>
          </LineStyle>
        </Style>
        <MultiGeometry>
          <LineString>
            <tessellate>1</tessellate>
            <altitudeMode>absolute</altitudeMode>
            <coordinates>18.402941,-33.873184,579.12 18.401539,-33.873413,579.12</coordinates>
          </LineString>
        </MultiGeometry>
        <name>P-299</name>
        <description><![CDATA[<div><div><span><b>Altitude:</b></span> <span>1,900 ft</span></div>
<div><span><b>Speed:</b></span> <span>106 kt - 105 kt</span></div>
<div><span><b>Timestamp:</b></span><br/><span>2025-07-28 10:12:54 UTC<br/>2025-07-28 10:12:56 UTC</span></div>
</div>]]></description>
      </Placemark>
      <Placemark>
        <Style>
          <LineStyle>
            <color>ffccff00</color>
            <width>2</width>
          </LineStyle>
        </Style>
        <MultiGeometry>
          <LineString>
            <tessellate>1</tessellate>
            <altitudeMode>absolute</altitudeMode>
            <coordinates>18.401539,-33.873413,579.12 18.400417,-33.873642,579.12</coordinates>
          </LineString>
        </MultiGeometry>
        <name>P-300</name>
        <description><![CDATA[<div><div><span><b>Altitude:</b></span> <span>1,900 ft</span></div>
<div><span><b>Speed:</b></span> <span>105 kt</span></div>
<div><span><b>Timestamp:</b></span><br/><span>2025-07-28 10:12:56 UTC<br/>2025-07-28 10:12:58 UTC</span></div>
</div>]]></description>
      </Placemark>
      <Placemark>
        <Style>
          <LineStyle>
            <color>ffccff00</color>
            <width>2</width>
          </LineStyle>
        </Style>
        <MultiGeometry>
          <LineString>
            <tessellate>1</tessellate>
            <altitudeMode>absolute</altitudeMode>
            <coordinates>18.400417,-33.873642,579.12 18.398895,-33.87397,579.12</coordinates>
          </LineString>
        </MultiGeometry>
        <name>P-301</name>
        <description><![CDATA[<div><div><span><b>Altitude:</b></span> <span>1,900 ft</span></div>
<div><span><b>Speed:</b></span> <span>105 kt</span></div>
<div><span><b>Timestamp:</b></span><br/><span>2025-07-28 10:12:58 UTC<br/>2025-07-28 10:13:01 UTC</span></div>
</div>]]></description>
      </Placemark>
      <Placemark>
        <Style>
          <LineStyle>
            <color>ffccff00</color>
            <width>2</width>
          </LineStyle>
        </Style>
        <MultiGeometry>
          <LineString>
            <tessellate>1</tessellate>
            <altitudeMode>absolute</altitudeMode>
            <coordinates>18.398895,-33.87397,579.12 18.397783,-33.874237,579.12</coordinates>
          </LineString>
        </MultiGeometry>
        <name>P-302</name>
        <description><![CDATA[<div><div><span><b>Altitude:</b></span> <span>1,900 ft</span></div>
<div><span><b>Speed:</b></span> <span>105 kt</span></div>
<div><span><b>Timestamp:</b></span><br/><span>2025-07-28 10:13:01 UTC<br/>2025-07-28 10:13:03 UTC</span></div>
</div>]]></description>
      </Placemark>
      <Placemark>
        <Style>
          <LineStyle>
            <color>ffccff00</color>
            <width>2</width>
          </LineStyle>
        </Style>
        <MultiGeometry>
          <LineString>
            <tessellate>1</tessellate>
            <altitudeMode>absolute</altitudeMode>
            <coordinates>18.397783,-33.874237,579.12 18.396494,-33.874557,579.12</coordinates>
          </LineString>
        </MultiGeometry>
        <name>P-303</name>
        <description><![CDATA[<div><div><span><b>Altitude:</b></span> <span>1,900 ft</span></div>
<div><span><b>Speed:</b></span> <span>105 kt - 104 kt</span></div>
<div><span><b>Timestamp:</b></span><br/><span>2025-07-28 10:13:03 UTC<br/>2025-07-28 10:13:05 UTC</span></div>
</div>]]></description>
      </Placemark>
      <Placemark>
        <Style>
          <LineStyle>
            <color>ffccff00</color>
            <width>2</width>
          </LineStyle>
        </Style>
        <MultiGeometry>
          <LineString>
            <tessellate>1</tessellate>
            <altitudeMode>absolute</altitudeMode>
            <coordinates>18.396494,-33.874557,579.12 18.395176,-33.874947,579.12</coordinates>
          </LineString>
        </MultiGeometry>
        <name>P-304</name>
        <description><![CDATA[<div><div><span><b>Altitude:</b></span> <span>1,900 ft</span></div>
<div><span><b>Speed:</b></span> <span>104 kt - 103 kt</span></div>
<div><span><b>Timestamp:</b></span><br/><span>2025-07-28 10:13:05 UTC<br/>2025-07-28 10:13:07 UTC</span></div>
</div>]]></description>
      </Placemark>
      <Placemark>
        <Style>
          <LineStyle>
            <color>ffccff00</color>
            <width>2</width>
          </LineStyle>
        </Style>
        <MultiGeometry>
          <LineString>
            <tessellate>1</tessellate>
            <altitudeMode>absolute</altitudeMode>
            <coordinates>18.395176,-33.874947,579.12 18.393917,-33.875271,609.6</coordinates>
          </LineString>
        </MultiGeometry>
        <name>P-305</name>
        <description><![CDATA[<div><div><span><b>Altitude:</b></span> <span>1,900 ft - 2,000 ft</span></div>
<div><span><b>Speed:</b></span> <span>103 kt</span></div>
<div><span><b>Timestamp:</b></span><br/><span>2025-07-28 10:13:07 UTC<br/>2025-07-28 10:13:10 UTC</span></div>
</div>]]></description>
      </Placemark>
      <Placemark>
        <Style>
          <LineStyle>
            <color>ff42ff00</color>
            <width>2</width>
          </LineStyle>
        </Style>
        <MultiGeometry>
          <LineString>
            <tessellate>1</tessellate>
            <altitudeMode>absolute</altitudeMode>
            <coordinates>18.393917,-33.875271,609.6 18.392658,-33.87569,609.6</coordinates>
          </LineString>
        </MultiGeometry>
        <name>P-306</name>
        <description><![CDATA[<div><div><span><b>Altitude:</b></span> <span>2,000 ft</span></div>
<div><span><b>Speed:</b></span> <span>103 kt - 102 kt</span></div>
<div><span><b>Timestamp:</b></span><br/><span>2025-07-28 10:13:10 UTC<br/>2025-07-28 10:13:12 UTC</span></div>
</div>]]></description>
      </Placemark>
      <Placemark>
        <Style>
          <LineStyle>
            <color>ff42ff00</color>
            <width>2</width>
          </LineStyle>
        </Style>
        <MultiGeometry>
          <LineString>
            <tessellate>1</tessellate>
            <altitudeMode>absolute</altitudeMode>
            <coordinates>18.392658,-33.87569,609.6 18.391562,-33.876114,609.6</coordinates>
          </LineString>
        </MultiGeometry>
        <name>P-307</name>
        <description><![CDATA[<div><div><span><b>Altitude:</b></span> <span>2,000 ft</span></div>
<div><span><b>Speed:</b></span> <span>102 kt</span></div>
<div><span><b>Timestamp:</b></span><br/><span>2025-07-28 10:13:12 UTC<br/>2025-07-28 10:13:14 UTC</span></div>
</div>]]></description>
      </Placemark>
      <Placemark>
        <Style>
          <LineStyle>
            <color>ff42ff00</color>
            <width>2</width>
          </LineStyle>
        </Style>
        <MultiGeometry>
          <LineString>
            <tessellate>1</tessellate>
            <altitudeMode>absolute</altitudeMode>
            <coordinates>18.391562,-33.876114,609.6 18.390497,-33.876526,609.6</coordinates>
          </LineString>
        </MultiGeometry>
        <name>P-308</name>
        <description><![CDATA[<div><div><span><b>Altitude:</b></span> <span>2,000 ft</span></div>
<div><span><b>Speed:</b></span> <span>102 kt - 101 kt</span></div>
<div><span><b>Timestamp:</b></span><br/><span>2025-07-28 10:13:14 UTC<br/>2025-07-28 10:13:16 UTC</span></div>
</div>]]></description>
      </Placemark>
      <Placemark>
        <Style>
          <LineStyle>
            <color>ff42ff00</color>
            <width>2</width>
          </LineStyle>
        </Style>
        <MultiGeometry>
          <LineString>
            <tessellate>1</tessellate>
            <altitudeMode>absolute</altitudeMode>
            <coordinates>18.390497,-33.876526,609.6 18.389263,-33.877029,609.6</coordinates>
          </LineString>
        </MultiGeometry>
        <name>P-309</name>
        <description><![CDATA[<div><div><span><b>Altitude:</b></span> <span>2,000 ft</span></div>
<div><span><b>Speed:</b></span> <span>101 kt</span></div>
<div><span><b>Timestamp:</b></span><br/><span>2025-07-28 10:13:16 UTC<br/>2025-07-28 10:13:19 UTC</span></div>
</div>]]></description>
      </Placemark>
      <Placemark>
        <Style>
          <LineStyle>
            <color>ff42ff00</color>
            <width>2</width>
          </LineStyle>
        </Style>
        <MultiGeometry>
          <LineString>
            <tessellate>1</tessellate>
            <altitudeMode>absolute</altitudeMode>
            <coordinates>18.389263,-33.877029,609.6 18.387909,-33.877598,640.08</coordinates>
          </LineString>
        </MultiGeometry>
        <name>P-310</name>
        <description><![CDATA[<div><div><span><b>Altitude:</b></span> <span>2,000 ft - 2,100 ft</span></div>
<div><span><b>Speed:</b></span> <span>101 kt</span></div>
<div><span><b>Timestamp:</b></span><br/><span>2025-07-28 10:13:19 UTC<br/>2025-07-28 10:13:21 UTC</span></div>
</div>]]></description>
      </Placemark>
      <Placemark>
        <Style>
          <LineStyle>
            <color>ff42ff00</color>
            <width>2</width>
          </LineStyle>
        </Style>
        <MultiGeometry>
          <LineString>
            <tessellate>1</tessellate>
            <altitudeMode>absolute</altitudeMode>
            <coordinates>18.387909,-33.877598,640.08 18.386909,-33.878036,640.08</coordinates>
          </LineString>
        </MultiGeometry>
        <name>P-311</name>
        <description><![CDATA[<div><div><span><b>Altitude:</b></span> <span>2,100 ft</span></div>
<div><span><b>Speed:</b></span> <span>101 kt - 102 kt</span></div>
<div><span><b>Timestamp:</b></span><br/><span>2025-07-28 10:13:21 UTC<br/>2025-07-28 10:13:24 UTC</span></div>
</div>]]></description>
      </Placemark>
      <Placemark>
        <Style>
          <LineStyle>
            <color>ff42ff00</color>
            <width>2</width>
          </LineStyle>
        </Style>
        <MultiGeometry>
          <LineString>
            <tessellate>1</tessellate>
            <altitudeMode>absolute</altitudeMode>
            <coordinates>18.386909,-33.878036,640.08 18.385792,-33.878532,640.08</coordinates>
          </LineString>
        </MultiGeometry>
        <name>P-312</name>
        <description><![CDATA[<div><div><span><b>Altitude:</b></span> <span>2,100 ft</span></div>
<div><span><b>Speed:</b></span> <span>102 kt</span></div>
<div><span><b>Timestamp:</b></span><br/><span>2025-07-28 10:13:24 UTC<br/>2025-07-28 10:13:26 UTC</span></div>
</div>]]></description>
      </Placemark>
      <Placemark>
        <Style>
          <LineStyle>
            <color>ff42ff00</color>
            <width>2</width>
          </LineStyle>
        </Style>
        <MultiGeometry>
          <LineString>
            <tessellate>1</tessellate>
            <altitudeMode>absolute</altitudeMode>
            <coordinates>18.385792,-33.878532,640.08 18.384499,-33.879135,640.08</coordinates>
          </LineString>
        </MultiGeometry>
        <name>P-313</name>
        <description><![CDATA[<div><div><span><b>Altitude:</b></span> <span>2,100 ft</span></div>
<div><span><b>Speed:</b></span> <span>102 kt - 103 kt</span></div>
<div><span><b>Timestamp:</b></span><br/><span>2025-07-28 10:13:26 UTC<br/>2025-07-28 10:13:28 UTC</span></div>
</div>]]></description>
      </Placemark>
      <Placemark>
        <Style>
          <LineStyle>
            <color>ff42ff00</color>
            <width>2</width>
          </LineStyle>
        </Style>
        <MultiGeometry>
          <LineString>
            <tessellate>1</tessellate>
            <altitudeMode>absolute</altitudeMode>
            <coordinates>18.384499,-33.879135,640.08 18.383503,-33.879601,640.08</coordinates>
          </LineString>
        </MultiGeometry>
        <name>P-314</name>
        <description><![CDATA[<div><div><span><b>Altitude:</b></span> <span>2,100 ft</span></div>
<div><span><b>Speed:</b></span> <span>103 kt</span></div>
<div><span><b>Timestamp:</b></span><br/><span>2025-07-28 10:13:28 UTC<br/>2025-07-28 10:13:30 UTC</span></div>
</div>]]></description>
      </Placemark>
      <Placemark>
        <Style>
          <LineStyle>
            <color>ff42ff00</color>
            <width>2</width>
          </LineStyle>
        </Style>
        <MultiGeometry>
          <LineString>
            <tessellate>1</tessellate>
            <altitudeMode>absolute</altitudeMode>
            <coordinates>18.383503,-33.879601,640.08 18.382538,-33.880005,640.08</coordinates>
          </LineString>
        </MultiGeometry>
        <name>P-315</name>
        <description><![CDATA[<div><div><span><b>Altitude:</b></span> <span>2,100 ft</span></div>
<div><span><b>Speed:</b></span> <span>103 kt</span></div>
<div><span><b>Timestamp:</b></span><br/><span>2025-07-28 10:13:30 UTC<br/>2025-07-28 10:13:32 UTC</span></div>
</div>]]></description>
      </Placemark>
      <Placemark>
        <Style>
          <LineStyle>
            <color>ff42ff00</color>
            <width>2</width>
          </LineStyle>
        </Style>
        <MultiGeometry>
          <LineString>
            <tessellate>1</tessellate>
            <altitudeMode>absolute</altitudeMode>
            <coordinates>18.382538,-33.880005,640.08 18.381443,-33.880486,640.08</coordinates>
          </LineString>
        </MultiGeometry>
        <name>P-316</name>
        <description><![CDATA[<div><div><span><b>Altitude:</b></span> <span>2,100 ft</span></div>
<div><span><b>Speed:</b></span> <span>103 kt</span></div>
<div><span><b>Timestamp:</b></span><br/><span>2025-07-28 10:13:32 UTC<br/>2025-07-28 10:13:34 UTC</span></div>
</div>]]></description>
      </Placemark>
      <Placemark>
        <Style>
          <LineStyle>
            <color>ff42ff00</color>
            <width>2</width>
          </LineStyle>
        </Style>
        <MultiGeometry>
          <LineString>
            <tessellate>1</tessellate>
            <altitudeMode>absolute</altitudeMode>
            <coordinates>18.381443,-33.880486,640.08 18.380463,-33.880966,640.08</coordinates>
          </LineString>
        </MultiGeometry>
        <name>P-317</name>
        <description><![CDATA[<div><div><span><b>Altitude:</b></span> <span>2,100 ft</span></div>
<div><span><b>Speed:</b></span> <span>103 kt</span></div>
<div><span><b>Timestamp:</b></span><br/><span>2025-07-28 10:13:34 UTC<br/>2025-07-28 10:13:37 UTC</span></div>
</div>]]></description>
      </Placemark>
      <Placemark>
        <Style>
          <LineStyle>
            <color>ff42ff00</color>
            <width>2</width>
          </LineStyle>
        </Style>
        <MultiGeometry>
          <LineString>
            <tessellate>1</tessellate>
            <altitudeMode>absolute</altitudeMode>
            <coordinates>18.380463,-33.880966,640.08 18.379005,-33.881653,670.56</coordinates>
          </LineString>
        </MultiGeometry>
        <name>P-318</name>
        <description><![CDATA[<div><div><span><b>Altitude:</b></span> <span>2,100 ft - 2,200 ft</span></div>
<div><span><b>Speed:</b></span> <span>103 kt - 104 kt</span></div>
<div><span><b>Timestamp:</b></span><br/><span>2025-07-28 10:13:37 UTC<br/>2025-07-28 10:13:39 UTC</span></div>
</div>]]></description>
      </Placemark>
      <Placemark>
        <Style>
          <LineStyle>
            <color>ff42ff00</color>
            <width>2</width>
          </LineStyle>
        </Style>
        <MultiGeometry>
          <LineString>
            <tessellate>1</tessellate>
            <altitudeMode>absolute</altitudeMode>
            <coordinates>18.379005,-33.881653,670.56 18.378124,-33.882069,670.56</coordinates>
          </LineString>
        </MultiGeometry>
        <name>P-319</name>
        <description><![CDATA[<div><div><span><b>Altitude:</b></span> <span>2,200 ft</span></div>
<div><span><b>Speed:</b></span> <span>104 kt</span></div>
<div><span><b>Timestamp:</b></span><br/><span>2025-07-28 10:13:39 UTC<br/>2025-07-28 10:13:41 UTC</span></div>
</div>]]></description>
      </Placemark>
      <Placemark>
        <Style>
          <LineStyle>
            <color>ff42ff00</color>
            <width>2</width>
          </LineStyle>
        </Style>
        <MultiGeometry>
          <LineString>
            <tessellate>1</tessellate>
            <altitudeMode>absolute</altitudeMode>
            <coordinates>18.378124,-33.882069,670.56 18.376808,-33.882767,670.56</coordinates>
          </LineString>
        </MultiGeometry>
        <name>P-320</name>
        <description><![CDATA[<div><div><span><b>Altitude:</b></span> <span>2,200 ft</span></div>
<div><span><b>Speed:</b></span> <span>104 kt - 106 kt</span></div>
<div><span><b>Timestamp:</b></span><br/><span>2025-07-28 10:13:41 UTC<br/>2025-07-28 10:13:43 UTC</span></div>
</div>]]></description>
      </Placemark>
      <Placemark>
        <Style>
          <LineStyle>
            <color>ff42ff00</color>
            <width>2</width>
          </LineStyle>
        </Style>
        <MultiGeometry>
          <LineString>
            <tessellate>1</tessellate>
            <altitudeMode>absolute</altitudeMode>
            <coordinates>18.376808,-33.882767,670.56 18.375778,-33.883373,670.56</coordinates>
          </LineString>
        </MultiGeometry>
        <name>P-321</name>
        <description><![CDATA[<div><div><span><b>Altitude:</b></span> <span>2,200 ft</span></div>
<div><span><b>Speed:</b></span> <span>106 kt</span></div>
<div><span><b>Timestamp:</b></span><br/><span>2025-07-28 10:13:43 UTC<br/>2025-07-28 10:13:45 UTC</span></div>
</div>]]></description>
      </Placemark>
      <Placemark>
        <Style>
          <LineStyle>
            <color>ff42ff00</color>
            <width>2</width>
          </LineStyle>
        </Style>
        <MultiGeometry>
          <LineString>
            <tessellate>1</tessellate>
            <altitudeMode>absolute</altitudeMode>
            <coordinates>18.375778,-33.883373,670.56 18.374977,-33.883884,670.56</coordinates>
          </LineString>
        </MultiGeometry>
        <name>P-322</name>
        <description><![CDATA[<div><div><span><b>Altitude:</b></span> <span>2,200 ft</span></div>
<div><span><b>Speed:</b></span> <span>106 kt - 105 kt</span></div>
<div><span><b>Timestamp:</b></span><br/><span>2025-07-28 10:13:45 UTC<br/>2025-07-28 10:13:48 UTC</span></div>
</div>]]></description>
      </Placemark>
      <Placemark>
        <Style>
          <LineStyle>
            <color>ff42ff00</color>
            <width>2</width>
          </LineStyle>
        </Style>
        <MultiGeometry>
          <LineString>
            <tessellate>1</tessellate>
            <altitudeMode>absolute</altitudeMode>
            <coordinates>18.374977,-33.883884,670.56 18.374073,-33.884491,670.56</coordinates>
          </LineString>
        </MultiGeometry>
        <name>P-323</name>
        <description><![CDATA[<div><div><span><b>Altitude:</b></span> <span>2,200 ft</span></div>
<div><span><b>Speed:</b></span> <span>105 kt - 106 kt</span></div>
<div><span><b>Timestamp:</b></span><br/><span>2025-07-28 10:13:48 UTC<br/>2025-07-28 10:13:50 UTC</span></div>
</div>]]></description>
      </Placemark>
      <Placemark>
        <Style>
          <LineStyle>
            <color>ff42ff00</color>
            <width>2</width>
          </LineStyle>
        </Style>
        <MultiGeometry>
          <LineString>
            <tessellate>1</tessellate>
            <altitudeMode>absolute</altitudeMode>
            <coordinates>18.374073,-33.884491,670.56 18.37286,-33.885468,670.56</coordinates>
          </LineString>
        </MultiGeometry>
        <name>P-324</name>
        <description><![CDATA[<div><div><span><b>Altitude:</b></span> <span>2,200 ft</span></div>
<div><span><b>Speed:</b></span> <span>106 kt - 105 kt</span></div>
<div><span><b>Timestamp:</b></span><br/><span>2025-07-28 10:13:50 UTC<br/>2025-07-28 10:13:52 UTC</span></div>
</div>]]></description>
      </Placemark>
      <Placemark>
        <Style>
          <LineStyle>
            <color>ff42ff00</color>
            <width>2</width>
          </LineStyle>
        </Style>
        <MultiGeometry>
          <LineString>
            <tessellate>1</tessellate>
            <altitudeMode>absolute</altitudeMode>
            <coordinates>18.37286,-33.885468,670.56 18.371944,-33.886353,670.56</coordinates>
          </LineString>
        </MultiGeometry>
        <name>P-325</name>
        <description><![CDATA[<div><div><span><b>Altitude:</b></span> <span>2,200 ft</span></div>
<div><span><b>Speed:</b></span> <span>105 kt - 104 kt</span></div>
<div><span><b>Timestamp:</b></span><br/><span>2025-07-28 10:13:52 UTC<br/>2025-07-28 10:13:54 UTC</span></div>
</div>]]></description>
      </Placemark>
      <Placemark>
        <Style>
          <LineStyle>
            <color>ff42ff00</color>
            <width>2</width>
          </LineStyle>
        </Style>
        <MultiGeometry>
          <LineString>
            <tessellate>1</tessellate>
            <altitudeMode>absolute</altitudeMode>
            <coordinates>18.371944,-33.886353,670.56 18.371143,-33.887051,670.56</coordinates>
          </LineString>
        </MultiGeometry>
        <name>P-326</name>
        <description><![CDATA[<div><div><span><b>Altitude:</b></span> <span>2,200 ft</span></div>
<div><span><b>Speed:</b></span> <span>104 kt</span></div>
<div><span><b>Timestamp:</b></span><br/><span>2025-07-28 10:13:54 UTC<br/>2025-07-28 10:13:57 UTC</span></div>
</div>]]></description>
      </Placemark>
      <Placemark>
        <Style>
          <LineStyle>
            <color>ff42ff00</color>
            <width>2</width>
          </LineStyle>
        </Style>
        <MultiGeometry>
          <LineString>
            <tessellate>1</tessellate>
            <altitudeMode>absolute</altitudeMode>
            <coordinates>18.371143,-33.887051,670.56 18.370375,-33.887878,701.04</coordinates>
          </LineString>
        </MultiGeometry>
        <name>P-327</name>
        <description><![CDATA[<div><div><span><b>Altitude:</b></span> <span>2,200 ft - 2,300 ft</span></div>
<div><span><b>Speed:</b></span> <span>104 kt - 103 kt</span></div>
<div><span><b>Timestamp:</b></span><br/><span>2025-07-28 10:13:57 UTC<br/>2025-07-28 10:13:59 UTC</span></div>
</div>]]></description>
      </Placemark>
      <Placemark>
        <Style>
          <LineStyle>
            <color>ff42ff00</color>
            <width>2</width>
          </LineStyle>
        </Style>
        <MultiGeometry>
          <LineString>
            <tessellate>1</tessellate>
            <altitudeMode>absolute</altitudeMode>
            <coordinates>18.370375,-33.887878,701.04 18.369476,-33.888885,701.04</coordinates>
          </LineString>
        </MultiGeometry>
        <name>P-328</name>
        <description><![CDATA[<div><div><span><b>Altitude:</b></span> <span>2,300 ft</span></div>
<div><span><b>Speed:</b></span> <span>103 kt - 104 kt</span></div>
<div><span><b>Timestamp:</b></span><br/><span>2025-07-28 10:13:59 UTC<br/>2025-07-28 10:14:01 UTC</span></div>
</div>]]></description>
      </Placemark>
      <Placemark>
        <Style>
          <LineStyle>
            <color>ff42ff00</color>
            <width>2</width>
          </LineStyle>
        </Style>
        <MultiGeometry>
          <LineString>
            <tessellate>1</tessellate>
            <altitudeMode>absolute</altitudeMode>
            <coordinates>18.369476,-33.888885,701.04 18.368683,-33.889702,701.04</coordinates>
          </LineString>
        </MultiGeometry>
        <name>P-329</name>
        <description><![CDATA[<div><div><span><b>Altitude:</b></span> <span>2,300 ft</span></div>
<div><span><b>Speed:</b></span> <span>104 kt - 105 kt</span></div>
<div><span><b>Timestamp:</b></span><br/><span>2025-07-28 10:14:01 UTC<br/>2025-07-28 10:14:03 UTC</span></div>
</div>]]></description>
      </Placemark>
      <Placemark>
        <Style>
          <LineStyle>
            <color>ff42ff00</color>
            <width>2</width>
          </LineStyle>
        </Style>
        <MultiGeometry>
          <LineString>
            <tessellate>1</tessellate>
            <altitudeMode>absolute</altitudeMode>
            <coordinates>18.368683,-33.889702,701.04 18.368019,-33.890442,701.04</coordinates>
          </LineString>
        </MultiGeometry>
        <name>P-330</name>
        <description><![CDATA[<div><div><span><b>Altitude:</b></span> <span>2,300 ft</span></div>
<div><span><b>Speed:</b></span> <span>105 kt - 107 kt</span></div>
<div><span><b>Timestamp:</b></span><br/><span>2025-07-28 10:14:03 UTC<br/>2025-07-28 10:14:06 UTC</span></div>
</div>]]></description>
      </Placemark>
      <Placemark>
        <Style>
          <LineStyle>
            <color>ff42ff00</color>
            <width>2</width>
          </LineStyle>
        </Style>
        <MultiGeometry>
          <LineString>
            <tessellate>1</tessellate>
            <altitudeMode>absolute</altitudeMode>
            <coordinates>18.368019,-33.890442,701.04 18.367195,-33.891331,701.04</coordinates>
          </LineString>
        </MultiGeometry>
        <name>P-331</name>
        <description><![CDATA[<div><div><span><b>Altitude:</b></span> <span>2,300 ft</span></div>
<div><span><b>Speed:</b></span> <span>107 kt - 109 kt</span></div>
<div><span><b>Timestamp:</b></span><br/><span>2025-07-28 10:14:06 UTC<br/>2025-07-28 10:14:08 UTC</span></div>
</div>]]></description>
      </Placemark>
      <Placemark>
        <Style>
          <LineStyle>
            <color>ff42ff00</color>
            <width>2</width>
          </LineStyle>
        </Style>
        <MultiGeometry>
          <LineString>
            <tessellate>1</tessellate>
            <altitudeMode>absolute</altitudeMode>
            <coordinates>18.367195,-33.891331,701.04 18.366337,-33.892311,701.04</coordinates>
          </LineString>
        </MultiGeometry>
        <name>P-332</name>
        <description><![CDATA[<div><div><span><b>Altitude:</b></span> <span>2,300 ft</span></div>
<div><span><b>Speed:</b></span> <span>109 kt - 110 kt</span></div>
<div><span><b>Timestamp:</b></span><br/><span>2025-07-28 10:14:08 UTC<br/>2025-07-28 10:14:10 UTC</span></div>
</div>]]></description>
      </Placemark>
      <Placemark>
        <Style>
          <LineStyle>
            <color>ff42ff00</color>
            <width>2</width>
          </LineStyle>
        </Style>
        <MultiGeometry>
          <LineString>
            <tessellate>1</tessellate>
            <altitudeMode>absolute</altitudeMode>
            <coordinates>18.366337,-33.892311,701.04 18.365707,-33.893009,701.04</coordinates>
          </LineString>
        </MultiGeometry>
        <name>P-333</name>
        <description><![CDATA[<div><div><span><b>Altitude:</b></span> <span>2,300 ft</span></div>
<div><span><b>Speed:</b></span> <span>110 kt</span></div>
<div><span><b>Timestamp:</b></span><br/><span>2025-07-28 10:14:10 UTC<br/>2025-07-28 10:14:12 UTC</span></div>
</div>]]></description>
      </Placemark>
      <Placemark>
        <Style>
          <LineStyle>
            <color>ff42ff00</color>
            <width>2</width>
          </LineStyle>
        </Style>
        <MultiGeometry>
          <LineString>
            <tessellate>1</tessellate>
            <altitudeMode>absolute</altitudeMode>
            <coordinates>18.365707,-33.893009,701.04 18.364882,-33.894012,701.04</coordinates>
          </LineString>
        </MultiGeometry>
        <name>P-334</name>
        <description><![CDATA[<div><div><span><b>Altitude:</b></span> <span>2,300 ft</span></div>
<div><span><b>Speed:</b></span> <span>110 kt - 111 kt</span></div>
<div><span><b>Timestamp:</b></span><br/><span>2025-07-28 10:14:12 UTC<br/>2025-07-28 10:14:14 UTC</span></div>
</div>]]></description>
      </Placemark>
      <Placemark>
        <Style>
          <LineStyle>
            <color>ff42ff00</color>
            <width>2</width>
          </LineStyle>
        </Style>
        <MultiGeometry>
          <LineString>
            <tessellate>1</tessellate>
            <altitudeMode>absolute</altitudeMode>
            <coordinates>18.364882,-33.894012,701.04 18.364162,-33.894917,701.04</coordinates>
          </LineString>
        </MultiGeometry>
        <name>P-335</name>
        <description><![CDATA[<div><div><span><b>Altitude:</b></span> <span>2,300 ft</span></div>
<div><span><b>Speed:</b></span> <span>111 kt - 110 kt</span></div>
<div><span><b>Timestamp:</b></span><br/><span>2025-07-28 10:14:14 UTC<br/>2025-07-28 10:14:17 UTC</span></div>
</div>]]></description>
      </Placemark>
      <Placemark>
        <Style>
          <LineStyle>
            <color>ff42ff00</color>
            <width>2</width>
          </LineStyle>
        </Style>
        <MultiGeometry>
          <LineString>
            <tessellate>1</tessellate>
            <altitudeMode>absolute</altitudeMode>
            <coordinates>18.364162,-33.894917,701.04 18.363361,-33.895943,701.04</coordinates>
          </LineString>
        </MultiGeometry>
        <name>P-336</name>
        <description><![CDATA[<div><div><span><b>Altitude:</b></span> <span>2,300 ft</span></div>
<div><span><b>Speed:</b></span> <span>110 kt - 111 kt</span></div>
<div><span><b>Timestamp:</b></span><br/><span>2025-07-28 10:14:17 UTC<br/>2025-07-28 10:14:19 UTC</span></div>
</div>]]></description>
      </Placemark>
      <Placemark>
        <Style>
          <LineStyle>
            <color>ff42ff00</color>
            <width>2</width>
          </LineStyle>
        </Style>
        <MultiGeometry>
          <LineString>
            <tessellate>1</tessellate>
            <altitudeMode>absolute</altitudeMode>
            <coordinates>18.363361,-33.895943,701.04 18.362446,-33.897106,701.04</coordinates>
          </LineString>
        </MultiGeometry>
        <name>P-337</name>
        <description><![CDATA[<div><div><span><b>Altitude:</b></span> <span>2,300 ft</span></div>
<div><span><b>Speed:</b></span> <span>111 kt - 110 kt</span></div>
<div><span><b>Timestamp:</b></span><br/><span>2025-07-28 10:14:19 UTC<br/>2025-07-28 10:14:21 UTC</span></div>
</div>]]></description>
      </Placemark>
      <Placemark>
        <Style>
          <LineStyle>
            <color>ff42ff00</color>
            <width>2</width>
          </LineStyle>
        </Style>
        <MultiGeometry>
          <LineString>
            <tessellate>1</tessellate>
            <altitudeMode>absolute</altitudeMode>
            <coordinates>18.362446,-33.897106,701.04 18.361816,-33.897991,701.04</coordinates>
          </LineString>
        </MultiGeometry>
        <name>P-338</name>
        <description><![CDATA[<div><div><span><b>Altitude:</b></span> <span>2,300 ft</span></div>
<div><span><b>Speed:</b></span> <span>110 kt</span></div>
<div><span><b>Timestamp:</b></span><br/><span>2025-07-28 10:14:21 UTC<br/>2025-07-28 10:14:23 UTC</span></div>
</div>]]></description>
      </Placemark>
      <Placemark>
        <Style>
          <LineStyle>
            <color>ff42ff00</color>
            <width>2</width>
          </LineStyle>
        </Style>
        <MultiGeometry>
          <LineString>
            <tessellate>1</tessellate>
            <altitudeMode>absolute</altitudeMode>
            <coordinates>18.361816,-33.897991,701.04 18.361126,-33.898865,701.04</coordinates>
          </LineString>
        </MultiGeometry>
        <name>P-339</name>
        <description><![CDATA[<div><div><span><b>Altitude:</b></span> <span>2,300 ft</span></div>
<div><span><b>Speed:</b></span> <span>110 kt</span></div>
<div><span><b>Timestamp:</b></span><br/><span>2025-07-28 10:14:23 UTC<br/>2025-07-28 10:14:25 UTC</span></div>
</div>]]></description>
      </Placemark>
      <Placemark>
        <Style>
          <LineStyle>
            <color>ff42ff00</color>
            <width>2</width>
          </LineStyle>
        </Style>
        <MultiGeometry>
          <LineString>
            <tessellate>1</tessellate>
            <altitudeMode>absolute</altitudeMode>
            <coordinates>18.361126,-33.898865,701.04 18.360558,-33.899712,701.04</coordinates>
          </LineString>
        </MultiGeometry>
        <name>P-340</name>
        <description><![CDATA[<div><div><span><b>Altitude:</b></span> <span>2,300 ft</span></div>
<div><span><b>Speed:</b></span> <span>110 kt</span></div>
<div><span><b>Timestamp:</b></span><br/><span>2025-07-28 10:14:25 UTC<br/>2025-07-28 10:14:27 UTC</span></div>
</div>]]></description>
      </Placemark>
      <Placemark>
        <Style>
          <LineStyle>
            <color>ff42ff00</color>
            <width>2</width>
          </LineStyle>
        </Style>
        <MultiGeometry>
          <LineString>
            <tessellate>1</tessellate>
            <altitudeMode>absolute</altitudeMode>
            <coordinates>18.360558,-33.899712,701.04 18.359756,-33.900829,701.04</coordinates>
          </LineString>
        </MultiGeometry>
        <name>P-341</name>
        <description><![CDATA[<div><div><span><b>Altitude:</b></span> <span>2,300 ft</span></div>
<div><span><b>Speed:</b></span> <span>110 kt</span></div>
<div><span><b>Timestamp:</b></span><br/><span>2025-07-28 10:14:27 UTC<br/>2025-07-28 10:14:30 UTC</span></div>
</div>]]></description>
      </Placemark>
      <Placemark>
        <Style>
          <LineStyle>
            <color>ff42ff00</color>
            <width>2</width>
          </LineStyle>
        </Style>
        <MultiGeometry>
          <LineString>
            <tessellate>1</tessellate>
            <altitudeMode>absolute</altitudeMode>
            <coordinates>18.359756,-33.900829,701.04 18.359013,-33.901947,701.04</coordinates>
          </LineString>
        </MultiGeometry>
        <name>P-342</name>
        <description><![CDATA[<div><div><span><b>Altitude:</b></span> <span>2,300 ft</span></div>
<div><span><b>Speed:</b></span> <span>110 kt - 111 kt</span></div>
<div><span><b>Timestamp:</b></span><br/><span>2025-07-28 10:14:30 UTC<br/>2025-07-28 10:14:32 UTC</span></div>
</div>]]></description>
      </Placemark>
      <Placemark>
        <Style>
          <LineStyle>
            <color>ff42ff00</color>
            <width>2</width>
          </LineStyle>
        </Style>
        <MultiGeometry>
          <LineString>
            <tessellate>1</tessellate>
            <altitudeMode>absolute</altitudeMode>
            <coordinates>18.359013,-33.901947,701.04 18.35844,-33.902832,701.04</coordinates>
          </LineString>
        </MultiGeometry>
        <name>P-343</name>
        <description><![CDATA[<div><div><span><b>Altitude:</b></span> <span>2,300 ft</span></div>
<div><span><b>Speed:</b></span> <span>111 kt</span></div>
<div><span><b>Timestamp:</b></span><br/><span>2025-07-28 10:14:32 UTC<br/>2025-07-28 10:14:34 UTC</span></div>
</div>]]></description>
      </Placemark>
      <Placemark>
        <Style>
          <LineStyle>
            <color>ff42ff00</color>
            <width>2</width>
          </LineStyle>
        </Style>
        <MultiGeometry>
          <LineString>
            <tessellate>1</tessellate>
            <altitudeMode>absolute</altitudeMode>
            <coordinates>18.35844,-33.902832,701.04 18.357754,-33.90395,701.04</coordinates>
          </LineString>
        </MultiGeometry>
        <name>P-344</name>
        <description><![CDATA[<div><div><span><b>Altitude:</b></span> <span>2,300 ft</span></div>
<div><span><b>Speed:</b></span> <span>111 kt - 112 kt</span></div>
<div><span><b>Timestamp:</b></span><br/><span>2025-07-28 10:14:34 UTC<br/>2025-07-28 10:14:37 UTC</span></div>
</div>]]></description>
      </Placemark>
      <Placemark>
        <Style>
          <LineStyle>
            <color>ff42ff00</color>
            <width>2</width>
          </LineStyle>
        </Style>
        <MultiGeometry>
          <LineString>
            <tessellate>1</tessellate>
            <altitudeMode>absolute</altitudeMode>
            <coordinates>18.357754,-33.90395,701.04 18.35709,-33.904907,701.04</coordinates>
          </LineString>
        </MultiGeometry>
        <name>P-345</name>
        <description><![CDATA[<div><div><span><b>Altitude:</b></span> <span>2,300 ft</span></div>
<div><span><b>Speed:</b></span> <span>112 kt</span></div>
<div><span><b>Timestamp:</b></span><br/><span>2025-07-28 10:14:37 UTC<br/>2025-07-28 10:14:39 UTC</span></div>
</div>]]></description>
      </Placemark>
      <Placemark>
        <Style>
          <LineStyle>
            <color>ff42ff00</color>
            <width>2</width>
          </LineStyle>
        </Style>
        <MultiGeometry>
          <LineString>
            <tessellate>1</tessellate>
            <altitudeMode>absolute</altitudeMode>
            <coordinates>18.35709,-33.904907,701.04 18.356495,-33.905857,701.04</coordinates>
          </LineString>
        </MultiGeometry>
        <name>P-346</name>
        <description><![CDATA[<div><div><span><b>Altitude:</b></span> <span>2,300 ft</span></div>
<div><span><b>Speed:</b></span> <span>112 kt</span></div>
<div><span><b>Timestamp:</b></span><br/><span>2025-07-28 10:14:39 UTC<br/>2025-07-28 10:14:41 UTC</span></div>
</div>]]></description>
      </Placemark>
      <Placemark>
        <Style>
          <LineStyle>
            <color>ff42ff00</color>
            <width>2</width>
          </LineStyle>
        </Style>
        <MultiGeometry>
          <LineString>
            <tessellate>1</tessellate>
            <altitudeMode>absolute</altitudeMode>
            <coordinates>18.356495,-33.905857,701.04 18.355751,-33.906929,701.04</coordinates>
          </LineString>
        </MultiGeometry>
        <name>P-347</name>
        <description><![CDATA[<div><div><span><b>Altitude:</b></span> <span>2,300 ft</span></div>
<div><span><b>Speed:</b></span> <span>112 kt</span></div>
<div><span><b>Timestamp:</b></span><br/><span>2025-07-28 10:14:41 UTC<br/>2025-07-28 10:14:43 UTC</span></div>
</div>]]></description>
      </Placemark>
      <Placemark>
        <Style>
          <LineStyle>
            <color>ff42ff00</color>
            <width>2</width>
          </LineStyle>
        </Style>
        <MultiGeometry>
          <LineString>
            <tessellate>1</tessellate>
            <altitudeMode>absolute</altitudeMode>
            <coordinates>18.355751,-33.906929,701.04 18.353109,-33.9104,701.04</coordinates>
          </LineString>
        </MultiGeometry>
        <name>P-348</name>
        <description><![CDATA[<div><div><span><b>Altitude:</b></span> <span>2,300 ft</span></div>
<div><span><b>Speed:</b></span> <span>112 kt - 111 kt</span></div>
<div><span><b>Timestamp:</b></span><br/><span>2025-07-28 10:14:43 UTC<br/>2025-07-28 10:14:52 UTC</span></div>
</div>]]></description>
      </Placemark>
      <Placemark>
        <Style>
          <LineStyle>
            <color>ff42ff00</color>
            <width>2</width>
          </LineStyle>
        </Style>
        <MultiGeometry>
          <LineString>
            <tessellate>1</tessellate>
            <altitudeMode>absolute</altitudeMode>
            <coordinates>18.353109,-33.9104,701.04 18.352146,-33.911491,701.04</coordinates>
          </LineString>
        </MultiGeometry>
        <name>P-349</name>
        <description><![CDATA[<div><div><span><b>Altitude:</b></span> <span>2,300 ft</span></div>
<div><span><b>Speed:</b></span> <span>111 kt - 110 kt</span></div>
<div><span><b>Timestamp:</b></span><br/><span>2025-07-28 10:14:52 UTC<br/>2025-07-28 10:14:54 UTC</span></div>
</div>]]></description>
      </Placemark>
      <Placemark>
        <Style>
          <LineStyle>
            <color>ff42ff00</color>
            <width>2</width>
          </LineStyle>
        </Style>
        <MultiGeometry>
          <LineString>
            <tessellate>1</tessellate>
            <altitudeMode>absolute</altitudeMode>
            <coordinates>18.352146,-33.911491,701.04 18.351288,-33.912373,701.04</coordinates>
          </LineString>
        </MultiGeometry>
        <name>P-350</name>
        <description><![CDATA[<div><div><span><b>Altitude:</b></span> <span>2,300 ft</span></div>
<div><span><b>Speed:</b></span> <span>110 kt - 108 kt</span></div>
<div><span><b>Timestamp:</b></span><br/><span>2025-07-28 10:14:54 UTC<br/>2025-07-28 10:14:56 UTC</span></div>
</div>]]></description>
      </Placemark>
      <Placemark>
        <Style>
          <LineStyle>
            <color>ff42ff00</color>
            <width>2</width>
          </LineStyle>
        </Style>
        <MultiGeometry>
          <LineString>
            <tessellate>1</tessellate>
            <altitudeMode>absolute</altitudeMode>
            <coordinates>18.351288,-33.912373,701.04 18.350372,-33.913303,701.04</coordinates>
          </LineString>
        </MultiGeometry>
        <name>P-351</name>
        <description><![CDATA[<div><div><span><b>Altitude:</b></span> <span>2,300 ft</span></div>
<div><span><b>Speed:</b></span> <span>108 kt - 106 kt</span></div>
<div><span><b>Timestamp:</b></span><br/><span>2025-07-28 10:14:56 UTC<br/>2025-07-28 10:14:58 UTC</span></div>
</div>]]></description>
      </Placemark>
      <Placemark>
        <Style>
          <LineStyle>
            <color>ff42ff00</color>
            <width>2</width>
          </LineStyle>
        </Style>
        <MultiGeometry>
          <LineString>
            <tessellate>1</tessellate>
            <altitudeMode>absolute</altitudeMode>
            <coordinates>18.350372,-33.913303,701.04 18.349859,-33.913834,701.04</coordinates>
          </LineString>
        </MultiGeometry>
        <name>P-352</name>
        <description><![CDATA[<div><div><span><b>Altitude:</b></span> <span>2,300 ft</span></div>
<div><span><b>Speed:</b></span> <span>106 kt - 105 kt</span></div>
<div><span><b>Timestamp:</b></span><br/><span>2025-07-28 10:14:58 UTC<br/>2025-07-28 10:15:01 UTC</span></div>
</div>]]></description>
      </Placemark>
      <Placemark>
        <Style>
          <LineStyle>
            <color>ff42ff00</color>
            <width>2</width>
          </LineStyle>
        </Style>
        <MultiGeometry>
          <LineString>
            <tessellate>1</tessellate>
            <altitudeMode>absolute</altitudeMode>
            <coordinates>18.349859,-33.913834,701.04 18.348793,-33.914932,731.52</coordinates>
          </LineString>
        </MultiGeometry>
        <name>P-353</name>
        <description><![CDATA[<div><div><span><b>Altitude:</b></span> <span>2,300 ft - 2,400 ft</span></div>
<div><span><b>Speed:</b></span> <span>105 kt - 104 kt</span></div>
<div><span><b>Timestamp:</b></span><br/><span>2025-07-28 10:15:01 UTC<br/>2025-07-28 10:15:03 UTC</span></div>
</div>]]></description>
      </Placemark>
      <Placemark>
        <Style>
          <LineStyle>
            <color>ff42ff00</color>
            <width>2</width>
          </LineStyle>
        </Style>
        <MultiGeometry>
          <LineString>
            <tessellate>1</tessellate>
            <altitudeMode>absolute</altitudeMode>
            <coordinates>18.348793,-33.914932,731.52 18.348083,-33.91568,731.52</coordinates>
          </LineString>
        </MultiGeometry>
        <name>P-354</name>
        <description><![CDATA[<div><div><span><b>Altitude:</b></span> <span>2,400 ft</span></div>
<div><span><b>Speed:</b></span> <span>104 kt - 103 kt</span></div>
<div><span><b>Timestamp:</b></span><br/><span>2025-07-28 10:15:03 UTC<br/>2025-07-28 10:15:05 UTC</span></div>
</div>]]></description>
      </Placemark>
      <Placemark>
        <Style>
          <LineStyle>
            <color>ff42ff00</color>
            <width>2</width>
          </LineStyle>
        </Style>
        <MultiGeometry>
          <LineString>
            <tessellate>1</tessellate>
            <altitudeMode>absolute</altitudeMode>
            <coordinates>18.348083,-33.91568,731.52 18.347111,-33.916752,731.52</coordinates>
          </LineString>
        </MultiGeometry>
        <name>P-355</name>
        <description><![CDATA[<div><div><span><b>Altitude:</b></span> <span>2,400 ft</span></div>
<div><span><b>Speed:</b></span> <span>103 kt</span></div>
<div><span><b>Timestamp:</b></span><br/><span>2025-07-28 10:15:05 UTC<br/>2025-07-28 10:15:07 UTC</span></div>
</div>]]></description>
      </Placemark>
      <Placemark>
        <Style>
          <LineStyle>
            <color>ff42ff00</color>
            <width>2</width>
          </LineStyle>
        </Style>
        <MultiGeometry>
          <LineString>
            <tessellate>1</tessellate>
            <altitudeMode>absolute</altitudeMode>
            <coordinates>18.347111,-33.916752,731.52 18.346424,-33.917542,731.52</coordinates>
          </LineString>
        </MultiGeometry>
        <name>P-356</name>
        <description><![CDATA[<div><div><span><b>Altitude:</b></span> <span>2,400 ft</span></div>
<div><span><b>Speed:</b></span> <span>103 kt</span></div>
<div><span><b>Timestamp:</b></span><br/><span>2025-07-28 10:15:07 UTC<br/>2025-07-28 10:15:10 UTC</span></div>
</div>]]></description>
      </Placemark>
      <Placemark>
        <Style>
          <LineStyle>
            <color>ff42ff00</color>
            <width>2</width>
          </LineStyle>
        </Style>
        <MultiGeometry>
          <LineString>
            <tessellate>1</tessellate>
            <altitudeMode>absolute</altitudeMode>
            <coordinates>18.346424,-33.917542,731.52 18.345711,-33.91832,731.52</coordinates>
          </LineString>
        </MultiGeometry>
        <name>P-357</name>
        <description><![CDATA[<div><div><span><b>Altitude:</b></span> <span>2,400 ft</span></div>
<div><span><b>Speed:</b></span> <span>103 kt - 100 kt</span></div>
<div><span><b>Timestamp:</b></span><br/><span>2025-07-28 10:15:10 UTC<br/>2025-07-28 10:15:12 UTC</span></div>
</div>]]></description>
      </Placemark>
      <Placemark>
        <Style>
          <LineStyle>
            <color>ff42ff00</color>
            <width>2</width>
          </LineStyle>
        </Style>
        <MultiGeometry>
          <LineString>
            <tessellate>1</tessellate>
            <altitudeMode>absolute</altitudeMode>
            <coordinates>18.345711,-33.91832,731.52 18.344822,-33.919266,731.52</coordinates>
          </LineString>
        </MultiGeometry>
        <name>P-358</name>
        <description><![CDATA[<div><div><span><b>Altitude:</b></span> <span>2,400 ft</span></div>
<div><span><b>Speed:</b></span> <span>100 kt - 99 kt</span></div>
<div><span><b>Timestamp:</b></span><br/><span>2025-07-28 10:15:12 UTC<br/>2025-07-28 10:15:14 UTC</span></div>
</div>]]></description>
      </Placemark>
      <Placemark>
        <Style>
          <LineStyle>
            <color>ff42ff00</color>
            <width>2</width>
          </LineStyle>
        </Style>
        <MultiGeometry>
          <LineString>
            <tessellate>1</tessellate>
            <altitudeMode>absolute</altitudeMode>
            <coordinates>18.344822,-33.919266,731.52 18.344028,-33.920059,762</coordinates>
          </LineString>
        </MultiGeometry>
        <name>P-359</name>
        <description><![CDATA[<div><div><span><b>Altitude:</b></span> <span>2,400 ft - 2,500 ft</span></div>
<div><span><b>Speed:</b></span> <span>99 kt</span></div>
<div><span><b>Timestamp:</b></span><br/><span>2025-07-28 10:15:14 UTC<br/>2025-07-28 10:15:16 UTC</span></div>
</div>]]></description>
      </Placemark>
      <Placemark>
        <Style>
          <LineStyle>
            <color>ff42ff00</color>
            <width>2</width>
          </LineStyle>
        </Style>
        <MultiGeometry>
          <LineString>
            <tessellate>1</tessellate>
            <altitudeMode>absolute</altitudeMode>
            <coordinates>18.344028,-33.920059,762 18.343245,-33.9207,731.52</coordinates>
          </LineString>
        </MultiGeometry>
        <name>P-360</name>
        <description><![CDATA[<div><div><span><b>Altitude:</b></span> <span>2,500 ft - 2,400 ft</span></div>
<div><span><b>Speed:</b></span> <span>99 kt - 100 kt</span></div>
<div><span><b>Timestamp:</b></span><br/><span>2025-07-28 10:15:16 UTC<br/>2025-07-28 10:15:19 UTC</span></div>
</div>]]></description>
      </Placemark>
      <Placemark>
        <Style>
          <LineStyle>
            <color>ff42ff00</color>
            <width>2</width>
          </LineStyle>
        </Style>
        <MultiGeometry>
          <LineString>
            <tessellate>1</tessellate>
            <altitudeMode>absolute</altitudeMode>
            <coordinates>18.343245,-33.9207,731.52 18.342133,-33.921452,731.52</coordinates>
          </LineString>
        </MultiGeometry>
        <name>P-361</name>
        <description><![CDATA[<div><div><span><b>Altitude:</b></span> <span>2,400 ft</span></div>
<div><span><b>Speed:</b></span> <span>100 kt - 101 kt</span></div>
<div><span><b>Timestamp:</b></span><br/><span>2025-07-28 10:15:19 UTC<br/>2025-07-28 10:15:21 UTC</span></div>
</div>]]></description>
      </Placemark>
      <Placemark>
        <Style>
          <LineStyle>
            <color>ff42ff00</color>
            <width>2</width>
          </LineStyle>
        </Style>
        <MultiGeometry>
          <LineString>
            <tessellate>1</tessellate>
            <altitudeMode>absolute</altitudeMode>
            <coordinates>18.342133,-33.921452,731.52 18.341171,-33.921982,731.52</coordinates>
          </LineString>
        </MultiGeometry>
        <name>P-362</name>
        <description><![CDATA[<div><div><span><b>Altitude:</b></span> <span>2,400 ft</span></div>
<div><span><b>Speed:</b></span> <span>101 kt</span></div>
<div><span><b>Timestamp:</b></span><br/><span>2025-07-28 10:15:21 UTC<br/>2025-07-28 10:15:23 UTC</span></div>
</div>]]></description>
      </Placemark>
      <Placemark>
        <Style>
          <LineStyle>
            <color>ff42ff00</color>
            <width>2</width>
          </LineStyle>
        </Style>
        <MultiGeometry>
          <LineString>
            <tessellate>1</tessellate>
            <altitudeMode>absolute</altitudeMode>
            <coordinates>18.341171,-33.921982,731.52 18.339937,-33.922577,731.52</coordinates>
          </LineString>
        </MultiGeometry>
        <name>P-363</name>
        <description><![CDATA[<div><div><span><b>Altitude:</b></span> <span>2,400 ft</span></div>
<div><span><b>Speed:</b></span> <span>101 kt</span></div>
<div><span><b>Timestamp:</b></span><br/><span>2025-07-28 10:15:23 UTC<br/>2025-07-28 10:15:26 UTC</span></div>
</div>]]></description>
      </Placemark>
      <Placemark>
        <Style>
          <LineStyle>
            <color>ff42ff00</color>
            <width>2</width>
          </LineStyle>
        </Style>
        <MultiGeometry>
          <LineString>
            <tessellate>1</tessellate>
            <altitudeMode>absolute</altitudeMode>
            <coordinates>18.339937,-33.922577,731.52 18.339041,-33.923126,731.52</coordinates>
          </LineString>
        </MultiGeometry>
        <name>P-364</name>
        <description><![CDATA[<div><div><span><b>Altitude:</b></span> <span>2,400 ft</span></div>
<div><span><b>Speed:</b></span> <span>101 kt</span></div>
<div><span><b>Timestamp:</b></span><br/><span>2025-07-28 10:15:26 UTC<br/>2025-07-28 10:15:28 UTC</span></div>
</div>]]></description>
      </Placemark>
      <Placemark>
        <Style>
          <LineStyle>
            <color>ff42ff00</color>
            <width>2</width>
          </LineStyle>
        </Style>
        <MultiGeometry>
          <LineString>
            <tessellate>1</tessellate>
            <altitudeMode>absolute</altitudeMode>
            <coordinates>18.339041,-33.923126,731.52 18.33807,-33.923779,731.52</coordinates>
          </LineString>
        </MultiGeometry>
        <name>P-365</name>
        <description><![CDATA[<div><div><span><b>Altitude:</b></span> <span>2,400 ft</span></div>
<div><span><b>Speed:</b></span> <span>101 kt - 100 kt</span></div>
<div><span><b>Timestamp:</b></span><br/><span>2025-07-28 10:15:28 UTC<br/>2025-07-28 10:15:30 UTC</span></div>
</div>]]></description>
      </Placemark>
      <Placemark>
        <Style>
          <LineStyle>
            <color>ff42ff00</color>
            <width>2</width>
          </LineStyle>
        </Style>
        <MultiGeometry>
          <LineString>
            <tessellate>1</tessellate>
            <altitudeMode>absolute</altitudeMode>
            <coordinates>18.33807,-33.923779,731.52 18.335724,-33.926338,762</coordinates>
          </LineString>
        </MultiGeometry>
        <name>P-366</name>
        <description><![CDATA[<div><div><span><b>Altitude:</b></span> <span>2,400 ft - 2,500 ft</span></div>
<div><span><b>Speed:</b></span> <span>100 kt</span></div>
<div><span><b>Timestamp:</b></span><br/><span>2025-07-28 10:15:30 UTC<br/>2025-07-28 10:15:37 UTC</span></div>
</div>]]></description>
      </Placemark>
      <Placemark>
        <Style>
          <LineStyle>
            <color>ff42ff00</color>
            <width>2</width>
          </LineStyle>
        </Style>
        <MultiGeometry>
          <LineString>
            <tessellate>1</tessellate>
            <altitudeMode>absolute</altitudeMode>
            <coordinates>18.335724,-33.926338,762 18.335173,-33.927338,762</coordinates>
          </LineString>
        </MultiGeometry>
        <name>P-367</name>
        <description><![CDATA[<div><div><span><b>Altitude:</b></span> <span>2,500 ft</span></div>
<div><span><b>Speed:</b></span> <span>100 kt - 101 kt</span></div>
<div><span><b>Timestamp:</b></span><br/><span>2025-07-28 10:15:37 UTC<br/>2025-07-28 10:15:39 UTC</span></div>
</div>]]></description>
      </Placemark>
      <Placemark>
        <Style>
          <LineStyle>
            <color>ff42ff00</color>
            <width>2</width>
          </LineStyle>
        </Style>
        <MultiGeometry>
          <LineString>
            <tessellate>1</tessellate>
            <altitudeMode>absolute</altitudeMode>
            <coordinates>18.335173,-33.927338,762 18.334694,-33.928249,762</coordinates>
          </LineString>
        </MultiGeometry>
        <name>P-368</name>
        <description><![CDATA[<div><div><span><b>Altitude:</b></span> <span>2,500 ft</span></div>
<div><span><b>Speed:</b></span> <span>101 kt - 102 kt</span></div>
<div><span><b>Timestamp:</b></span><br/><span>2025-07-28 10:15:39 UTC<br/>2025-07-28 10:15:42 UTC</span></div>
</div>]]></description>
      </Placemark>
      <Placemark>
        <Style>
          <LineStyle>
            <color>ff42ff00</color>
            <width>2</width>
          </LineStyle>
        </Style>
        <MultiGeometry>
          <LineString>
            <tessellate>1</tessellate>
            <altitudeMode>absolute</altitudeMode>
            <coordinates>18.334694,-33.928249,762 18.334164,-33.929398,762</coordinates>
          </LineString>
        </MultiGeometry>
        <name>P-369</name>
        <description><![CDATA[<div><div><span><b>Altitude:</b></span> <span>2,500 ft</span></div>
<div><span><b>Speed:</b></span> <span>102 kt - 103 kt</span></div>
<div><span><b>Timestamp:</b></span><br/><span>2025-07-28 10:15:42 UTC<br/>2025-07-28 10:15:44 UTC</span></div>
</div>]]></description>
      </Placemark>
      <Placemark>
        <Style>
          <LineStyle>
            <color>ff42ff00</color>
            <width>2</width>
          </LineStyle>
        </Style>
        <MultiGeometry>
          <LineString>
            <tessellate>1</tessellate>
            <altitudeMode>absolute</altitudeMode>
            <coordinates>18.334164,-33.929398,762 18.33366,-33.930542,762</coordinates>
          </LineString>
        </MultiGeometry>
        <name>P-370</name>
        <description><![CDATA[<div><div><span><b>Altitude:</b></span> <span>2,500 ft</span></div>
<div><span><b>Speed:</b></span> <span>103 kt - 104 kt</span></div>
<div><span><b>Timestamp:</b></span><br/><span>2025-07-28 10:15:44 UTC<br/>2025-07-28 10:15:46 UTC</span></div>
</div>]]></description>
      </Placemark>
      <Placemark>
        <Style>
          <LineStyle>
            <color>ff42ff00</color>
            <width>2</width>
          </LineStyle>
        </Style>
        <MultiGeometry>
          <LineString>
            <tessellate>1</tessellate>
            <altitudeMode>absolute</altitudeMode>
            <coordinates>18.33366,-33.930542,762 18.333267,-33.931458,762</coordinates>
          </LineString>
        </MultiGeometry>
        <name>P-371</name>
        <description><![CDATA[<div><div><span><b>Altitude:</b></span> <span>2,500 ft</span></div>
<div><span><b>Speed:</b></span> <span>104 kt</span></div>
<div><span><b>Timestamp:</b></span><br/><span>2025-07-28 10:15:46 UTC<br/>2025-07-28 10:15:49 UTC</span></div>
</div>]]></description>
      </Placemark>
      <Placemark>
        <Style>
          <LineStyle>
            <color>ff42ff00</color>
            <width>2</width>
          </LineStyle>
        </Style>
        <MultiGeometry>
          <LineString>
            <tessellate>1</tessellate>
            <altitudeMode>absolute</altitudeMode>
            <coordinates>18.333267,-33.931458,762 18.332819,-33.932327,762</coordinates>
          </LineString>
        </MultiGeometry>
        <name>P-372</name>
        <description><![CDATA[<div><div><span><b>Altitude:</b></span> <span>2,500 ft</span></div>
<div><span><b>Speed:</b></span> <span>104 kt</span></div>
<div><span><b>Timestamp:</b></span><br/><span>2025-07-28 10:15:49 UTC<br/>2025-07-28 10:15:51 UTC</span></div>
</div>]]></description>
      </Placemark>
      <Placemark>
        <Style>
          <LineStyle>
            <color>ff42ff00</color>
            <width>2</width>
          </LineStyle>
        </Style>
        <MultiGeometry>
          <LineString>
            <tessellate>1</tessellate>
            <altitudeMode>absolute</altitudeMode>
            <coordinates>18.332819,-33.932327,762 18.332258,-33.933517,762</coordinates>
          </LineString>
        </MultiGeometry>
        <name>P-373</name>
        <description><![CDATA[<div><div><span><b>Altitude:</b></span> <span>2,500 ft</span></div>
<div><span><b>Speed:</b></span> <span>104 kt - 106 kt</span></div>
<div><span><b>Timestamp:</b></span><br/><span>2025-07-28 10:15:51 UTC<br/>2025-07-28 10:15:53 UTC</span></div>
</div>]]></description>
      </Placemark>
      <Placemark>
        <Style>
          <LineStyle>
            <color>ff42ff00</color>
            <width>2</width>
          </LineStyle>
        </Style>
        <MultiGeometry>
          <LineString>
            <tessellate>1</tessellate>
            <altitudeMode>absolute</altitudeMode>
            <coordinates>18.332258,-33.933517,762 18.331718,-33.934673,762</coordinates>
          </LineString>
        </MultiGeometry>
        <name>P-374</name>
        <description><![CDATA[<div><div><span><b>Altitude:</b></span> <span>2,500 ft</span></div>
<div><span><b>Speed:</b></span> <span>106 kt - 109 kt</span></div>
<div><span><b>Timestamp:</b></span><br/><span>2025-07-28 10:15:53 UTC<br/>2025-07-28 10:15:56 UTC</span></div>
</div>]]></description>
      </Placemark>
      <Placemark>
        <Style>
          <LineStyle>
            <color>ff42ff00</color>
            <width>2</width>
          </LineStyle>
        </Style>
        <MultiGeometry>
          <LineString>
            <tessellate>1</tessellate>
            <altitudeMode>absolute</altitudeMode>
            <coordinates>18.331718,-33.934673,762 18.331081,-33.936081,762</coordinates>
          </LineString>
        </MultiGeometry>
        <name>P-375</name>
        <description><![CDATA[<div><div><span><b>Altitude:</b></span> <span>2,500 ft</span></div>
<div><span><b>Speed:</b></span> <span>109 kt - 111 kt</span></div>
<div><span><b>Timestamp:</b></span><br/><span>2025-07-28 10:15:56 UTC<br/>2025-07-28 10:15:58 UTC</span></div>
</div>]]></description>
      </Placemark>
      <Placemark>
        <Style>
          <LineStyle>
            <color>ff42ff00</color>
            <width>2</width>
          </LineStyle>
        </Style>
        <MultiGeometry>
          <LineString>
            <tessellate>1</tessellate>
            <altitudeMode>absolute</altitudeMode>
            <coordinates>18.331081,-33.936081,762 18.330746,-33.936813,762</coordinates>
          </LineString>
        </MultiGeometry>
        <name>P-376</name>
        <description><![CDATA[<div><div><span><b>Altitude:</b></span> <span>2,500 ft</span></div>
<div><span><b>Speed:</b></span> <span>111 kt - 113 kt</span></div>
<div><span><b>Timestamp:</b></span><br/><span>2025-07-28 10:15:58 UTC<br/>2025-07-28 10:16:01 UTC</span></div>
</div>]]></description>
      </Placemark>
      <Placemark>
        <Style>
          <LineStyle>
            <color>ff42ff00</color>
            <width>2</width>
          </LineStyle>
        </Style>
        <MultiGeometry>
          <LineString>
            <tessellate>1</tessellate>
            <altitudeMode>absolute</altitudeMode>
            <coordinates>18.330746,-33.936813,762 18.330288,-33.937885,762</coordinates>
          </LineString>
        </MultiGeometry>
        <name>P-377</name>
        <description><![CDATA[<div><div><span><b>Altitude:</b></span> <span>2,500 ft</span></div>
<div><span><b>Speed:</b></span> <span>113 kt - 114 kt</span></div>
<div><span><b>Timestamp:</b></span><br/><span>2025-07-28 10:16:01 UTC<br/>2025-07-28 10:16:04 UTC</span></div>
</div>]]></description>
      </Placemark>
      <Placemark>
        <Style>
          <LineStyle>
            <color>ff42ff00</color>
            <width>2</width>
          </LineStyle>
        </Style>
        <MultiGeometry>
          <LineString>
            <tessellate>1</tessellate>
            <altitudeMode>absolute</altitudeMode>
            <coordinates>18.330288,-33.937885,762 18.326397,-33.947243,701.04</coordinates>
          </LineString>
        </MultiGeometry>
        <name>P-378</name>
        <description><![CDATA[<div><div><span><b>Altitude:</b></span> <span>2,500 ft - 2,300 ft</span></div>
<div><span><b>Speed:</b></span> <span>114 kt - 122 kt</span></div>
<div><span><b>Timestamp:</b></span><br/><span>2025-07-28 10:16:04 UTC<br/>2025-07-28 10:16:20 UTC</span></div>
</div>]]></description>
      </Placemark>
      <Placemark>
        <Style>
          <LineStyle>
            <color>ff42ff00</color>
            <width>2</width>
          </LineStyle>
        </Style>
        <MultiGeometry>
          <LineString>
            <tessellate>1</tessellate>
            <altitudeMode>absolute</altitudeMode>
            <coordinates>18.326397,-33.947243,701.04 18.323961,-33.953064,670.56</coordinates>
          </LineString>
        </MultiGeometry>
        <name>P-379</name>
        <description><![CDATA[<div><div><span><b>Altitude:</b></span> <span>2,300 ft - 2,200 ft</span></div>
<div><span><b>Speed:</b></span> <span>122 kt</span></div>
<div><span><b>Timestamp:</b></span><br/><span>2025-07-28 10:16:20 UTC<br/>2025-07-28 10:16:31 UTC</span></div>
</div>]]></description>
      </Placemark>
      <Placemark>
        <Style>
          <LineStyle>
            <color>ff42ff00</color>
            <width>2</width>
          </LineStyle>
        </Style>
        <MultiGeometry>
          <LineString>
            <tessellate>1</tessellate>
            <altitudeMode>absolute</altitudeMode>
            <coordinates>18.323961,-33.953064,670.56 18.322449,-33.956459,670.56</coordinates>
          </LineString>
        </MultiGeometry>
        <name>P-380</name>
        <description><![CDATA[<div><div><span><b>Altitude:</b></span> <span>2,200 ft</span></div>
<div><span><b>Speed:</b></span> <span>122 kt - 118 kt</span></div>
<div><span><b>Timestamp:</b></span><br/><span>2025-07-28 10:16:31 UTC<br/>2025-07-28 10:16:45 UTC</span></div>
</div>]]></description>
      </Placemark>
      <Placemark>
        <Style>
          <LineStyle>
            <color>ff42ff00</color>
            <width>2</width>
          </LineStyle>
        </Style>
        <MultiGeometry>
          <LineString>
            <tessellate>1</tessellate>
            <altitudeMode>absolute</altitudeMode>
            <coordinates>18.322449,-33.956459,670.56 18.318672,-33.965023,670.56</coordinates>
          </LineString>
        </MultiGeometry>
        <name>P-381</name>
        <description><![CDATA[<div><div><span><b>Altitude:</b></span> <span>2,200 ft</span></div>
<div><span><b>Speed:</b></span> <span>118 kt - 114 kt</span></div>
<div><span><b>Timestamp:</b></span><br/><span>2025-07-28 10:16:45 UTC<br/>2025-07-28 10:16:53 UTC</span></div>
</div>]]></description>
      </Placemark>
      <Placemark>
        <Style>
          <LineStyle>
            <color>ff42ff00</color>
            <width>2</width>
          </LineStyle>
        </Style>
        <MultiGeometry>
          <LineString>
            <tessellate>1</tessellate>
            <altitudeMode>absolute</altitudeMode>
            <coordinates>18.318672,-33.965023,670.56 18.316326,-33.970238,670.56</coordinates>
          </LineString>
        </MultiGeometry>
        <name>P-382</name>
        <description><![CDATA[<div><div><span><b>Altitude:</b></span> <span>2,200 ft</span></div>
<div><span><b>Speed:</b></span> <span>114 kt - 112 kt</span></div>
<div><span><b>Timestamp:</b></span><br/><span>2025-07-28 10:16:53 UTC<br/>2025-07-28 10:17:04 UTC</span></div>
</div>]]></description>
      </Placemark>
      <Placemark>
        <Style>
          <LineStyle>
            <color>ff42ff00</color>
            <width>2</width>
          </LineStyle>
        </Style>
        <MultiGeometry>
          <LineString>
            <tessellate>1</tessellate>
            <altitudeMode>absolute</altitudeMode>
            <coordinates>18.316326,-33.970238,670.56 18.31461,-33.97443,640.08</coordinates>
          </LineString>
        </MultiGeometry>
        <name>P-383</name>
        <description><![CDATA[<div><div><span><b>Altitude:</b></span> <span>2,200 ft - 2,100 ft</span></div>
<div><span><b>Speed:</b></span> <span>112 kt</span></div>
<div><span><b>Timestamp:</b></span><br/><span>2025-07-28 10:17:04 UTC<br/>2025-07-28 10:17:12 UTC</span></div>
</div>]]></description>
      </Placemark>
      <Placemark>
        <Style>
          <LineStyle>
            <color>ff42ff00</color>
            <width>2</width>
          </LineStyle>
        </Style>
        <MultiGeometry>
          <LineString>
            <tessellate>1</tessellate>
            <altitudeMode>absolute</altitudeMode>
            <coordinates>18.31461,-33.97443,640.08 18.312696,-33.978745,670.56</coordinates>
          </LineString>
        </MultiGeometry>
        <name>P-384</name>
        <description><![CDATA[<div><div><span><b>Altitude:</b></span> <span>2,100 ft - 2,200 ft</span></div>
<div><span><b>Speed:</b></span> <span>112 kt - 110 kt</span></div>
<div><span><b>Timestamp:</b></span><br/><span>2025-07-28 10:17:12 UTC<br/>2025-07-28 10:17:22 UTC</span></div>
</div>]]></description>
      </Placemark>
      <Placemark>
        <Style>
          <LineStyle>
            <color>ff42ff00</color>
            <width>2</width>
          </LineStyle>
        </Style>
        <MultiGeometry>
          <LineString>
            <tessellate>1</tessellate>
            <altitudeMode>absolute</altitudeMode>
            <coordinates>18.312696,-33.978745,670.56 18.310678,-33.983459,670.56</coordinates>
          </LineString>
        </MultiGeometry>
        <name>P-385</name>
        <description><![CDATA[<div><div><span><b>Altitude:</b></span> <span>2,200 ft</span></div>
<div><span><b>Speed:</b></span> <span>110 kt - 108 kt</span></div>
<div><span><b>Timestamp:</b></span><br/><span>2025-07-28 10:17:22 UTC<br/>2025-07-28 10:17:31 UTC</span></div>
</div>]]></description>
      </Placemark>
      <Placemark>
        <Style>
          <LineStyle>
            <color>ff42ff00</color>
            <width>2</width>
          </LineStyle>
        </Style>
        <MultiGeometry>
          <LineString>
            <tessellate>1</tessellate>
            <altitudeMode>absolute</altitudeMode>
            <coordinates>18.310678,-33.983459,670.56 18.309444,-33.986618,670.56</coordinates>
          </LineString>
        </MultiGeometry>
        <name>P-386</name>
        <description><![CDATA[<div><div><span><b>Altitude:</b></span> <span>2,200 ft</span></div>
<div><span><b>Speed:</b></span> <span>108 kt - 107 kt</span></div>
<div><span><b>Timestamp:</b></span><br/><span>2025-07-28 10:17:31 UTC<br/>2025-07-28 10:17:38 UTC</span></div>
</div>]]></description>
      </Placemark>
      <Placemark>
        <Style>
          <LineStyle>
            <color>ff42ff00</color>
            <width>2</width>
          </LineStyle>
        </Style>
        <MultiGeometry>
          <LineString>
            <tessellate>1</tessellate>
            <altitudeMode>absolute</altitudeMode>
            <coordinates>18.309444,-33.986618,670.56 18.307972,-33.99049,670.56</coordinates>
          </LineString>
        </MultiGeometry>
        <name>P-387</name>
        <description><![CDATA[<div><div><span><b>Altitude:</b></span> <span>2,200 ft</span></div>
<div><span><b>Speed:</b></span> <span>107 kt</span></div>
<div><span><b>Timestamp:</b></span><br/><span>2025-07-28 10:17:38 UTC<br/>2025-07-28 10:17:47 UTC</span></div>
</div>]]></description>
      </Placemark>
      <Placemark>
        <Style>
          <LineStyle>
            <color>ff42ff00</color>
            <width>2</width>
          </LineStyle>
        </Style>
        <MultiGeometry>
          <LineString>
            <tessellate>1</tessellate>
            <altitudeMode>absolute</altitudeMode>
            <coordinates>18.307972,-33.99049,670.56 18.307426,-33.991974,670.56</coordinates>
          </LineString>
        </MultiGeometry>
        <name>P-388</name>
        <description><![CDATA[<div><div><span><b>Altitude:</b></span> <span>2,200 ft</span></div>
<div><span><b>Speed:</b></span> <span>107 kt</span></div>
<div><span><b>Timestamp:</b></span><br/><span>2025-07-28 10:17:47 UTC<br/>2025-07-28 10:17:49 UTC</span></div>
</div>]]></description>
      </Placemark>
      <Placemark>
        <Style>
          <LineStyle>
            <color>ff42ff00</color>
            <width>2</width>
          </LineStyle>
        </Style>
        <MultiGeometry>
          <LineString>
            <tessellate>1</tessellate>
            <altitudeMode>absolute</altitudeMode>
            <coordinates>18.307426,-33.991974,670.56 18.307034,-33.99321,670.56</coordinates>
          </LineString>
        </MultiGeometry>
        <name>P-389</name>
        <description><![CDATA[<div><div><span><b>Altitude:</b></span> <span>2,200 ft</span></div>
<div><span><b>Speed:</b></span> <span>107 kt - 106 kt</span></div>
<div><span><b>Timestamp:</b></span><br/><span>2025-07-28 10:17:49 UTC<br/>2025-07-28 10:17:52 UTC</span></div>
</div>]]></description>
      </Placemark>
      <Placemark>
        <Style>
          <LineStyle>
            <color>ff42ff00</color>
            <width>2</width>
          </LineStyle>
        </Style>
        <MultiGeometry>
          <LineString>
            <tessellate>1</tessellate>
            <altitudeMode>absolute</altitudeMode>
            <coordinates>18.307034,-33.99321,670.56 18.306643,-33.994446,670.56</coordinates>
          </LineString>
        </MultiGeometry>
        <name>P-390</name>
        <description><![CDATA[<div><div><span><b>Altitude:</b></span> <span>2,200 ft</span></div>
<div><span><b>Speed:</b></span> <span>106 kt - 107 kt</span></div>
<div><span><b>Timestamp:</b></span><br/><span>2025-07-28 10:17:52 UTC<br/>2025-07-28 10:17:55 UTC</span></div>
</div>]]></description>
      </Placemark>
      <Placemark>
        <Style>
          <LineStyle>
            <color>ff42ff00</color>
            <width>2</width>
          </LineStyle>
        </Style>
        <MultiGeometry>
          <LineString>
            <tessellate>1</tessellate>
            <altitudeMode>absolute</altitudeMode>
            <coordinates>18.306643,-33.994446,670.56 18.306362,-33.995407,670.56</coordinates>
          </LineString>
        </MultiGeometry>
        <name>P-391</name>
        <description><![CDATA[<div><div><span><b>Altitude:</b></span> <span>2,200 ft</span></div>
<div><span><b>Speed:</b></span> <span>107 kt</span></div>
<div><span><b>Timestamp:</b></span><br/><span>2025-07-28 10:17:55 UTC<br/>2025-07-28 10:17:57 UTC</span></div>
</div>]]></description>
      </Placemark>
      <Placemark>
        <Style>
          <LineStyle>
            <color>ff42ff00</color>
            <width>2</width>
          </LineStyle>
        </Style>
        <MultiGeometry>
          <LineString>
            <tessellate>1</tessellate>
            <altitudeMode>absolute</altitudeMode>
            <coordinates>18.306362,-33.995407,670.56 18.306025,-33.996597,701.04</coordinates>
          </LineString>
        </MultiGeometry>
        <name>P-392</name>
        <description><![CDATA[<div><div><span><b>Altitude:</b></span> <span>2,200 ft - 2,300 ft</span></div>
<div><span><b>Speed:</b></span> <span>107 kt - 106 kt</span></div>
<div><span><b>Timestamp:</b></span><br/><span>2025-07-28 10:17:57 UTC<br/>2025-07-28 10:17:59 UTC</span></div>
</div>]]></description>
      </Placemark>
      <Placemark>
        <Style>
          <LineStyle>
            <color>ff42ff00</color>
            <width>2</width>
          </LineStyle>
        </Style>
        <MultiGeometry>
          <LineString>
            <tessellate>1</tessellate>
            <altitudeMode>absolute</altitudeMode>
            <coordinates>18.306025,-33.996597,701.04 18.305744,-33.997742,701.04</coordinates>
          </LineString>
        </MultiGeometry>
        <name>P-393</name>
        <description><![CDATA[<div><div><span><b>Altitude:</b></span> <span>2,300 ft</span></div>
<div><span><b>Speed:</b></span> <span>106 kt</span></div>
<div><span><b>Timestamp:</b></span><br/><span>2025-07-28 10:17:59 UTC<br/>2025-07-28 10:18:01 UTC</span></div>
</div>]]></description>
      </Placemark>
      <Placemark>
        <Style>
          <LineStyle>
            <color>ff42ff00</color>
            <width>2</width>
          </LineStyle>
        </Style>
        <MultiGeometry>
          <LineString>
            <tessellate>1</tessellate>
            <altitudeMode>absolute</altitudeMode>
            <coordinates>18.305744,-33.997742,701.04 18.305511,-33.998684,701.04</coordinates>
          </LineString>
        </MultiGeometry>
        <name>P-394</name>
        <description><![CDATA[<div><div><span><b>Altitude:</b></span> <span>2,300 ft</span></div>
<div><span><b>Speed:</b></span> <span>106 kt - 105 kt</span></div>
<div><span><b>Timestamp:</b></span><br/><span>2025-07-28 10:18:01 UTC<br/>2025-07-28 10:18:03 UTC</span></div>
</div>]]></description>
      </Placemark>
      <Placemark>
        <Style>
          <LineStyle>
            <color>ff42ff00</color>
            <width>2</width>
          </LineStyle>
        </Style>
        <MultiGeometry>
          <LineString>
            <tessellate>1</tessellate>
            <altitudeMode>absolute</altitudeMode>
            <coordinates>18.305511,-33.998684,701.04 18.305241,-33.999756,701.04</coordinates>
          </LineString>
        </MultiGeometry>
        <name>P-395</name>
        <description><![CDATA[<div><div><span><b>Altitude:</b></span> <span>2,300 ft</span></div>
<div><span><b>Speed:</b></span> <span>105 kt</span></div>
<div><span><b>Timestamp:</b></span><br/><span>2025-07-28 10:18:03 UTC<br/>2025-07-28 10:18:06 UTC</span></div>
</div>]]></description>
      </Placemark>
      <Placemark>
        <Style>
          <LineStyle>
            <color>ff42ff00</color>
            <width>2</width>
          </LineStyle>
        </Style>
        <MultiGeometry>
          <LineString>
            <tessellate>1</tessellate>
            <altitudeMode>absolute</altitudeMode>
            <coordinates>18.305241,-33.999756,701.04 18.305054,-34.000778,701.04</coordinates>
          </LineString>
        </MultiGeometry>
        <name>P-396</name>
        <description><![CDATA[<div><div><span><b>Altitude:</b></span> <span>2,300 ft</span></div>
<div><span><b>Speed:</b></span> <span>105 kt</span></div>
<div><span><b>Timestamp:</b></span><br/><span>2025-07-28 10:18:06 UTC<br/>2025-07-28 10:18:08 UTC</span></div>
</div>]]></description>
      </Placemark>
      <Placemark>
        <Style>
          <LineStyle>
            <color>ff42ff00</color>
            <width>2</width>
          </LineStyle>
        </Style>
        <MultiGeometry>
          <LineString>
            <tessellate>1</tessellate>
            <altitudeMode>absolute</altitudeMode>
            <coordinates>18.305054,-34.000778,701.04 18.304882,-34.002033,701.04</coordinates>
          </LineString>
        </MultiGeometry>
        <name>P-397</name>
        <description><![CDATA[<div><div><span><b>Altitude:</b></span> <span>2,300 ft</span></div>
<div><span><b>Speed:</b></span> <span>105 kt - 104 kt</span></div>
<div><span><b>Timestamp:</b></span><br/><span>2025-07-28 10:18:08 UTC<br/>2025-07-28 10:18:10 UTC</span></div>
</div>]]></description>
      </Placemark>
      <Placemark>
        <Style>
          <LineStyle>
            <color>ff42ff00</color>
            <width>2</width>
          </LineStyle>
        </Style>
        <MultiGeometry>
          <LineString>
            <tessellate>1</tessellate>
            <altitudeMode>absolute</altitudeMode>
            <coordinates>18.304882,-34.002033,701.04 18.30468,-34.003052,701.04</coordinates>
          </LineString>
        </MultiGeometry>
        <name>P-398</name>
        <description><![CDATA[<div><div><span><b>Altitude:</b></span> <span>2,300 ft</span></div>
<div><span><b>Speed:</b></span> <span>104 kt - 103 kt</span></div>
<div><span><b>Timestamp:</b></span><br/><span>2025-07-28 10:18:10 UTC<br/>2025-07-28 10:18:12 UTC</span></div>
</div>]]></description>
      </Placemark>
      <Placemark>
        <Style>
          <LineStyle>
            <color>ff42ff00</color>
            <width>2</width>
          </LineStyle>
        </Style>
        <MultiGeometry>
          <LineString>
            <tessellate>1</tessellate>
            <altitudeMode>absolute</altitudeMode>
            <coordinates>18.30468,-34.003052,701.04 18.304512,-34.004288,701.04</coordinates>
          </LineString>
        </MultiGeometry>
        <name>P-399</name>
        <description><![CDATA[<div><div><span><b>Altitude:</b></span> <span>2,300 ft</span></div>
<div><span><b>Speed:</b></span> <span>103 kt</span></div>
<div><span><b>Timestamp:</b></span><br/><span>2025-07-28 10:18:12 UTC<br/>2025-07-28 10:18:15 UTC</span></div>
</div>]]></description>
      </Placemark>
      <Placemark>
        <Style>
          <LineStyle>
            <color>ff42ff00</color>
            <width>2</width>
          </LineStyle>
        </Style>
        <MultiGeometry>
          <LineString>
            <tessellate>1</tessellate>
            <altitudeMode>absolute</altitudeMode>
            <coordinates>18.304512,-34.004288,701.04 18.304344,-34.005249,731.52</coordinates>
          </LineString>
        </MultiGeometry>
        <name>P-400</name>
        <description><![CDATA[<div><div><span><b>Altitude:</b></span> <span>2,300 ft - 2,400 ft</span></div>
<div><span><b>Speed:</b></span> <span>103 kt</span></div>
<div><span><b>Timestamp:</b></span><br/><span>2025-07-28 10:18:15 UTC<br/>2025-07-28 10:18:17 UTC</span></div>
</div>]]></description>
      </Placemark>
      <Placemark>
        <Style>
          <LineStyle>
            <color>ff42ff00</color>
            <width>2</width>
          </LineStyle>
        </Style>
        <MultiGeometry>
          <LineString>
            <tessellate>1</tessellate>
            <altitudeMode>absolute</altitudeMode>
            <coordinates>18.304344,-34.005249,731.52 18.304195,-34.006039,731.52</coordinates>
          </LineString>
        </MultiGeometry>
        <name>P-401</name>
        <description><![CDATA[<div><div><span><b>Altitude:</b></span> <span>2,400 ft</span></div>
<div><span><b>Speed:</b></span> <span>103 kt - 102 kt</span></div>
<div><span><b>Timestamp:</b></span><br/><span>2025-07-28 10:18:17 UTC<br/>2025-07-28 10:18:19 UTC</span></div>
</div>]]></description>
      </Placemark>
      <Placemark>
        <Style>
          <LineStyle>
            <color>ff42ff00</color>
            <width>2</width>
          </LineStyle>
        </Style>
        <MultiGeometry>
          <LineString>
            <tessellate>1</tessellate>
            <altitudeMode>absolute</altitudeMode>
            <coordinates>18.304195,-34.006039,731.52 18.303967,-34.007572,731.52</coordinates>
          </LineString>
        </MultiGeometry>
        <name>P-402</name>
        <description><![CDATA[<div><div><span><b>Altitude:</b></span> <span>2,400 ft</span></div>
<div><span><b>Speed:</b></span> <span>102 kt</span></div>
<div><span><b>Timestamp:</b></span><br/><span>2025-07-28 10:18:19 UTC<br/>2025-07-28 10:18:22 UTC</span></div>
</div>]]></description>
      </Placemark>
      <Placemark>
        <Style>
          <LineStyle>
            <color>ff42ff00</color>
            <width>2</width>
          </LineStyle>
        </Style>
        <MultiGeometry>
          <LineString>
            <tessellate>1</tessellate>
            <altitudeMode>absolute</altitudeMode>
            <coordinates>18.303967,-34.007572,731.52 18.303839,-34.008545,731.52</coordinates>
          </LineString>
        </MultiGeometry>
        <name>P-403</name>
        <description><![CDATA[<div><div><span><b>Altitude:</b></span> <span>2,400 ft</span></div>
<div><span><b>Speed:</b></span> <span>102 kt - 101 kt</span></div>
<div><span><b>Timestamp:</b></span><br/><span>2025-07-28 10:18:22 UTC<br/>2025-07-28 10:18:24 UTC</span></div>
</div>]]></description>
      </Placemark>
      <Placemark>
        <Style>
          <LineStyle>
            <color>ff42ff00</color>
            <width>2</width>
          </LineStyle>
        </Style>
        <MultiGeometry>
          <LineString>
            <tessellate>1</tessellate>
            <altitudeMode>absolute</altitudeMode>
            <coordinates>18.303839,-34.008545,731.52 18.30368,-34.009434,731.52</coordinates>
          </LineString>
        </MultiGeometry>
        <name>P-404</name>
        <description><![CDATA[<div><div><span><b>Altitude:</b></span> <span>2,400 ft</span></div>
<div><span><b>Speed:</b></span> <span>101 kt</span></div>
<div><span><b>Timestamp:</b></span><br/><span>2025-07-28 10:18:24 UTC<br/>2025-07-28 10:18:26 UTC</span></div>
</div>]]></description>
      </Placemark>
      <Placemark>
        <Style>
          <LineStyle>
            <color>ff42ff00</color>
            <width>2</width>
          </LineStyle>
        </Style>
        <MultiGeometry>
          <LineString>
            <tessellate>1</tessellate>
            <altitudeMode>absolute</altitudeMode>
            <coordinates>18.30368,-34.009434,731.52 18.303503,-34.010605,731.52</coordinates>
          </LineString>
        </MultiGeometry>
        <name>P-405</name>
        <description><![CDATA[<div><div><span><b>Altitude:</b></span> <span>2,400 ft</span></div>
<div><span><b>Speed:</b></span> <span>101 kt</span></div>
<div><span><b>Timestamp:</b></span><br/><span>2025-07-28 10:18:26 UTC<br/>2025-07-28 10:18:28 UTC</span></div>
</div>]]></description>
      </Placemark>
      <Placemark>
        <Style>
          <LineStyle>
            <color>ff42ff00</color>
            <width>2</width>
          </LineStyle>
        </Style>
        <MultiGeometry>
          <LineString>
            <tessellate>1</tessellate>
            <altitudeMode>absolute</altitudeMode>
            <coordinates>18.303503,-34.010605,731.52 18.302998,-34.013489,762</coordinates>
          </LineString>
        </MultiGeometry>
        <name>P-406</name>
        <description><![CDATA[<div><div><span><b>Altitude:</b></span> <span>2,400 ft - 2,500 ft</span></div>
<div><span><b>Speed:</b></span> <span>101 kt</span></div>
<div><span><b>Timestamp:</b></span><br/><span>2025-07-28 10:18:28 UTC<br/>2025-07-28 10:18:35 UTC</span></div>
</div>]]></description>
      </Placemark>
      <Placemark>
        <Style>
          <LineStyle>
            <color>ff42ff00</color>
            <width>2</width>
          </LineStyle>
        </Style>
        <MultiGeometry>
          <LineString>
            <tessellate>1</tessellate>
            <altitudeMode>absolute</altitudeMode>
            <coordinates>18.302998,-34.013489,762 18.302382,-34.016739,762</coordinates>
          </LineString>
        </MultiGeometry>
        <name>P-407</name>
        <description><![CDATA[<div><div><span><b>Altitude:</b></span> <span>2,500 ft</span></div>
<div><span><b>Speed:</b></span> <span>101 kt - 100 kt</span></div>
<div><span><b>Timestamp:</b></span><br/><span>2025-07-28 10:18:35 UTC<br/>2025-07-28 10:18:42 UTC</span></div>
</div>]]></description>
      </Placemark>
      <Placemark>
        <Style>
          <LineStyle>
            <color>ff42ff00</color>
            <width>2</width>
          </LineStyle>
        </Style>
        <MultiGeometry>
          <LineString>
            <tessellate>1</tessellate>
            <altitudeMode>absolute</altitudeMode>
            <coordinates>18.302382,-34.016739,762 18.301317,-34.021225,792.48</coordinates>
          </LineString>
        </MultiGeometry>
        <name>P-408</name>
        <description><![CDATA[<div><div><span><b>Altitude:</b></span> <span>2,500 ft - 2,600 ft</span></div>
<div><span><b>Speed:</b></span> <span>100 kt - 101 kt</span></div>
<div><span><b>Timestamp:</b></span><br/><span>2025-07-28 10:18:42 UTC<br/>2025-07-28 10:18:51 UTC</span></div>
</div>]]></description>
      </Placemark>
      <Placemark>
        <Style>
          <LineStyle>
            <color>ff42ff00</color>
            <width>2</width>
          </LineStyle>
        </Style>
        <MultiGeometry>
          <LineString>
            <tessellate>1</tessellate>
            <altitudeMode>absolute</altitudeMode>
            <coordinates>18.301317,-34.021225,792.48 18.300476,-34.024429,822.96</coordinates>
          </LineString>
        </MultiGeometry>
        <name>P-409</name>
        <description><![CDATA[<div><div><span><b>Altitude:</b></span> <span>2,600 ft - 2,700 ft</span></div>
<div><span><b>Speed:</b></span> <span>101 kt - 102 kt</span></div>
<div><span><b>Timestamp:</b></span><br/><span>2025-07-28 10:18:51 UTC<br/>2025-07-28 10:18:58 UTC</span></div>
</div>]]></description>
      </Placemark>
      <Placemark>
        <Style>
          <LineStyle>
            <color>ff1eff00</color>
            <width>2</width>
          </LineStyle>
        </Style>
        <MultiGeometry>
          <LineString>
            <tessellate>1</tessellate>
            <altitudeMode>absolute</altitudeMode>
            <coordinates>18.300476,-34.024429,822.96 18.299747,-34.027725,822.96</coordinates>
          </LineString>
        </MultiGeometry>
        <name>P-410</name>
        <description><![CDATA[<div><div><span><b>Altitude:</b></span> <span>2,700 ft</span></div>
<div><span><b>Speed:</b></span> <span>102 kt - 103 kt</span></div>
<div><span><b>Timestamp:</b></span><br/><span>2025-07-28 10:18:58 UTC<br/>2025-07-28 10:19:05 UTC</span></div>
</div>]]></description>
      </Placemark>
      <Placemark>
        <Style>
          <LineStyle>
            <color>ff1eff00</color>
            <width>2</width>
          </LineStyle>
        </Style>
        <MultiGeometry>
          <LineString>
            <tessellate>1</tessellate>
            <altitudeMode>absolute</altitudeMode>
            <coordinates>18.299747,-34.027725,822.96 18.299074,-34.031799,822.96</coordinates>
          </LineString>
        </MultiGeometry>
        <name>P-411</name>
        <description><![CDATA[<div><div><span><b>Altitude:</b></span> <span>2,700 ft</span></div>
<div><span><b>Speed:</b></span> <span>103 kt - 106 kt</span></div>
<div><span><b>Timestamp:</b></span><br/><span>2025-07-28 10:19:05 UTC<br/>2025-07-28 10:19:14 UTC</span></div>
</div>]]></description>
      </Placemark>
      <Placemark>
        <Style>
          <LineStyle>
            <color>ff1eff00</color>
            <width>2</width>
          </LineStyle>
        </Style>
        <MultiGeometry>
          <LineString>
            <tessellate>1</tessellate>
            <altitudeMode>absolute</altitudeMode>
            <coordinates>18.299074,-34.031799,822.96 18.299131,-34.033127,822.96</coordinates>
          </LineString>
        </MultiGeometry>
        <name>P-412</name>
        <description><![CDATA[<div><div><span><b>Altitude:</b></span> <span>2,700 ft</span></div>
<div><span><b>Speed:</b></span> <span>106 kt - 105 kt</span></div>
<div><span><b>Timestamp:</b></span><br/><span>2025-07-28 10:19:14 UTC<br/>2025-07-28 10:19:16 UTC</span></div>
</div>]]></description>
      </Placemark>
      <Placemark>
        <Style>
          <LineStyle>
            <color>ff1eff00</color>
            <width>2</width>
          </LineStyle>
        </Style>
        <MultiGeometry>
          <LineString>
            <tessellate>1</tessellate>
            <altitudeMode>absolute</altitudeMode>
            <coordinates>18.299131,-34.033127,822.96 18.299274,-34.033875,822.96</coordinates>
          </LineString>
        </MultiGeometry>
        <name>P-413</name>
        <description><![CDATA[<div><div><span><b>Altitude:</b></span> <span>2,700 ft</span></div>
<div><span><b>Speed:</b></span> <span>105 kt - 103 kt</span></div>
<div><span><b>Timestamp:</b></span><br/><span>2025-07-28 10:19:16 UTC<br/>2025-07-28 10:19:18 UTC</span></div>
</div>]]></description>
      </Placemark>
      <Placemark>
        <Style>
          <LineStyle>
            <color>ff1eff00</color>
            <width>2</width>
          </LineStyle>
        </Style>
        <MultiGeometry>
          <LineString>
            <tessellate>1</tessellate>
            <altitudeMode>absolute</altitudeMode>
            <coordinates>18.299274,-34.033875,822.96 18.299803,-34.035187,853.44</coordinates>
          </LineString>
        </MultiGeometry>
        <name>P-414</name>
        <description><![CDATA[<div><div><span><b>Altitude:</b></span> <span>2,700 ft - 2,800 ft</span></div>
<div><span><b>Speed:</b></span> <span>103 kt - 100 kt</span></div>
<div><span><b>Timestamp:</b></span><br/><span>2025-07-28 10:19:18 UTC<br/>2025-07-28 10:19:21 UTC</span></div>
</div>]]></description>
      </Placemark>
      <Placemark>
        <Style>
          <LineStyle>
            <color>ff1eff00</color>
            <width>2</width>
          </LineStyle>
        </Style>
        <MultiGeometry>
          <LineString>
            <tessellate>1</tessellate>
            <altitudeMode>absolute</altitudeMode>
            <coordinates>18.299803,-34.035187,853.44 18.300419,-34.036064,853.44</coordinates>
          </LineString>
        </MultiGeometry>
        <name>P-415</name>
        <description><![CDATA[<div><div><span><b>Altitude:</b></span> <span>2,800 ft</span></div>
<div><span><b>Speed:</b></span> <span>100 kt - 97 kt</span></div>
<div><span><b>Timestamp:</b></span><br/><span>2025-07-28 10:19:21 UTC<br/>2025-07-28 10:19:23 UTC</span></div>
</div>]]></description>
      </Placemark>
      <Placemark>
        <Style>
          <LineStyle>
            <color>ff1eff00</color>
            <width>2</width>
          </LineStyle>
        </Style>
        <MultiGeometry>
          <LineString>
            <tessellate>1</tessellate>
            <altitudeMode>absolute</altitudeMode>
            <coordinates>18.300419,-34.036064,853.44 18.301163,-34.036716,853.44</coordinates>
          </LineString>
        </MultiGeometry>
        <name>P-416</name>
        <description><![CDATA[<div><div><span><b>Altitude:</b></span> <span>2,800 ft</span></div>
<div><span><b>Speed:</b></span> <span>97 kt</span></div>
<div><span><b>Timestamp:</b></span><br/><span>2025-07-28 10:19:23 UTC<br/>2025-07-28 10:19:25 UTC</span></div>
</div>]]></description>
      </Placemark>
      <Placemark>
        <Style>
          <LineStyle>
            <color>ff1eff00</color>
            <width>2</width>
          </LineStyle>
        </Style>
        <MultiGeometry>
          <LineString>
            <tessellate>1</tessellate>
            <altitudeMode>absolute</altitudeMode>
            <coordinates>18.301163,-34.036716,853.44 18.30225,-34.037319,853.44</coordinates>
          </LineString>
        </MultiGeometry>
        <name>P-417</name>
        <description><![CDATA[<div><div><span><b>Altitude:</b></span> <span>2,800 ft</span></div>
<div><span><b>Speed:</b></span> <span>97 kt</span></div>
<div><span><b>Timestamp:</b></span><br/><span>2025-07-28 10:19:25 UTC<br/>2025-07-28 10:19:27 UTC</span></div>
</div>]]></description>
      </Placemark>
      <Placemark>
        <Style>
          <LineStyle>
            <color>ff1eff00</color>
            <width>2</width>
          </LineStyle>
        </Style>
        <MultiGeometry>
          <LineString>
            <tessellate>1</tessellate>
            <altitudeMode>absolute</altitudeMode>
            <coordinates>18.30225,-34.037319,853.44 18.303452,-34.037693,853.44</coordinates>
          </LineString>
        </MultiGeometry>
        <name>P-418</name>
        <description><![CDATA[<div><div><span><b>Altitude:</b></span> <span>2,800 ft</span></div>
<div><span><b>Speed:</b></span> <span>97 kt - 98 kt</span></div>
<div><span><b>Timestamp:</b></span><br/><span>2025-07-28 10:19:27 UTC<br/>2025-07-28 10:19:30 UTC</span></div>
</div>]]></description>
      </Placemark>
      <Placemark>
        <Style>
          <LineStyle>
            <color>ff1eff00</color>
            <width>2</width>
          </LineStyle>
        </Style>
        <MultiGeometry>
          <LineString>
            <tessellate>1</tessellate>
            <altitudeMode>absolute</altitudeMode>
            <coordinates>18.303452,-34.037693,853.44 18.304567,-34.037796,853.44</coordinates>
          </LineString>
        </MultiGeometry>
        <name>P-419</name>
        <description><![CDATA[<div><div><span><b>Altitude:</b></span> <span>2,800 ft</span></div>
<div><span><b>Speed:</b></span> <span>98 kt - 100 kt</span></div>
<div><span><b>Timestamp:</b></span><br/><span>2025-07-28 10:19:30 UTC<br/>2025-07-28 10:19:32 UTC</span></div>
</div>]]></description>
      </Placemark>
      <Placemark>
        <Style>
          <LineStyle>
            <color>ff1eff00</color>
            <width>2</width>
          </LineStyle>
        </Style>
        <MultiGeometry>
          <LineString>
            <tessellate>1</tessellate>
            <altitudeMode>absolute</altitudeMode>
            <coordinates>18.304567,-34.037796,853.44 18.305969,-34.037693,853.44</coordinates>
          </LineString>
        </MultiGeometry>
        <name>P-420</name>
        <description><![CDATA[<div><div><span><b>Altitude:</b></span> <span>2,800 ft</span></div>
<div><span><b>Speed:</b></span> <span>100 kt - 102 kt</span></div>
<div><span><b>Timestamp:</b></span><br/><span>2025-07-28 10:19:32 UTC<br/>2025-07-28 10:19:34 UTC</span></div>
</div>]]></description>
      </Placemark>
      <Placemark>
        <Style>
          <LineStyle>
            <color>ff1eff00</color>
            <width>2</width>
          </LineStyle>
        </Style>
        <MultiGeometry>
          <LineString>
            <tessellate>1</tessellate>
            <altitudeMode>absolute</altitudeMode>
            <coordinates>18.305969,-34.037693,853.44 18.307285,-34.037319,822.96</coordinates>
          </LineString>
        </MultiGeometry>
        <name>P-421</name>
        <description><![CDATA[<div><div><span><b>Altitude:</b></span> <span>2,800 ft - 2,700 ft</span></div>
<div><span><b>Speed:</b></span> <span>102 kt - 105 kt</span></div>
<div><span><b>Timestamp:</b></span><br/><span>2025-07-28 10:19:34 UTC<br/>2025-07-28 10:19:36 UTC</span></div>
</div>]]></description>
      </Placemark>
      <Placemark>
        <Style>
          <LineStyle>
            <color>ff1eff00</color>
            <width>2</width>
          </LineStyle>
        </Style>
        <MultiGeometry>
          <LineString>
            <tessellate>1</tessellate>
            <altitudeMode>absolute</altitudeMode>
            <coordinates>18.307285,-34.037319,822.96 18.308315,-34.036854,822.96</coordinates>
          </LineString>
        </MultiGeometry>
        <name>P-422</name>
        <description><![CDATA[<div><div><span><b>Altitude:</b></span> <span>2,700 ft</span></div>
<div><span><b>Speed:</b></span> <span>105 kt - 109 kt</span></div>
<div><span><b>Timestamp:</b></span><br/><span>2025-07-28 10:19:36 UTC<br/>2025-07-28 10:19:39 UTC</span></div>
</div>]]></description>
      </Placemark>
      <Placemark>
        <Style>
          <LineStyle>
            <color>ff1eff00</color>
            <width>2</width>
          </LineStyle>
        </Style>
        <MultiGeometry>
          <LineString>
            <tessellate>1</tessellate>
            <altitudeMode>absolute</altitudeMode>
            <coordinates>18.308315,-34.036854,822.96 18.309631,-34.036064,792.48</coordinates>
          </LineString>
        </MultiGeometry>
        <name>P-423</name>
        <description><![CDATA[<div><div><span><b>Altitude:</b></span> <span>2,700 ft - 2,600 ft</span></div>
<div><span><b>Speed:</b></span> <span>109 kt - 112 kt</span></div>
<div><span><b>Timestamp:</b></span><br/><span>2025-07-28 10:19:39 UTC<br/>2025-07-28 10:19:41 UTC</span></div>
</div>]]></description>
      </Placemark>
      <Placemark>
        <Style>
          <LineStyle>
            <color>ff42ff00</color>
            <width>2</width>
          </LineStyle>
        </Style>
        <MultiGeometry>
          <LineString>
            <tessellate>1</tessellate>
            <altitudeMode>absolute</altitudeMode>
            <coordinates>18.309631,-34.036064,792.48 18.310375,-34.035503,792.48</coordinates>
          </LineString>
        </MultiGeometry>
        <name>P-424</name>
        <description><![CDATA[<div><div><span><b>Altitude:</b></span> <span>2,600 ft</span></div>
<div><span><b>Speed:</b></span> <span>112 kt - 115 kt</span></div>
<div><span><b>Timestamp:</b></span><br/><span>2025-07-28 10:19:41 UTC<br/>2025-07-28 10:19:43 UTC</span></div>
</div>]]></description>
      </Placemark>
      <Placemark>
        <Style>
          <LineStyle>
            <color>ff42ff00</color>
            <width>2</width>
          </LineStyle>
        </Style>
        <MultiGeometry>
          <LineString>
            <tessellate>1</tessellate>
            <altitudeMode>absolute</altitudeMode>
            <coordinates>18.310375,-34.035503,792.48 18.311407,-34.034454,762</coordinates>
          </LineString>
        </MultiGeometry>
        <name>P-425</name>
        <description><![CDATA[<div><div><span><b>Altitude:</b></span> <span>2,600 ft - 2,500 ft</span></div>
<div><span><b>Speed:</b></span> <span>115 kt - 117 kt</span></div>
<div><span><b>Timestamp:</b></span><br/><span>2025-07-28 10:19:43 UTC<br/>2025-07-28 10:19:46 UTC</span></div>
</div>]]></description>
      </Placemark>
      <Placemark>
        <Style>
          <LineStyle>
            <color>ff42ff00</color>
            <width>2</width>
          </LineStyle>
        </Style>
        <MultiGeometry>
          <LineString>
            <tessellate>1</tessellate>
            <altitudeMode>absolute</altitudeMode>
            <coordinates>18.311407,-34.034454,762 18.312378,-34.033318,762</coordinates>
          </LineString>
        </MultiGeometry>
        <name>P-426</name>
        <description><![CDATA[<div><div><span><b>Altitude:</b></span> <span>2,500 ft</span></div>
<div><span><b>Speed:</b></span> <span>117 kt - 120 kt</span></div>
<div><span><b>Timestamp:</b></span><br/><span>2025-07-28 10:19:46 UTC<br/>2025-07-28 10:19:48 UTC</span></div>
</div>]]></description>
      </Placemark>
      <Placemark>
        <Style>
          <LineStyle>
            <color>ff42ff00</color>
            <width>2</width>
          </LineStyle>
        </Style>
        <MultiGeometry>
          <LineString>
            <tessellate>1</tessellate>
            <altitudeMode>absolute</altitudeMode>
            <coordinates>18.312378,-34.033318,762 18.313065,-34.032291,731.52</coordinates>
          </LineString>
        </MultiGeometry>
        <name>P-427</name>
        <description><![CDATA[<div><div><span><b>Altitude:</b></span> <span>2,500 ft - 2,400 ft</span></div>
<div><span><b>Speed:</b></span> <span>120 kt - 122 kt</span></div>
<div><span><b>Timestamp:</b></span><br/><span>2025-07-28 10:19:48 UTC<br/>2025-07-28 10:19:50 UTC</span></div>
</div>]]></description>
      </Placemark>
      <Placemark>
        <Style>
          <LineStyle>
            <color>ff42ff00</color>
            <width>2</width>
          </LineStyle>
        </Style>
        <MultiGeometry>
          <LineString>
            <tessellate>1</tessellate>
            <altitudeMode>absolute</altitudeMode>
            <coordinates>18.313065,-34.032291,731.52 18.313705,-34.03125,731.52</coordinates>
          </LineString>
        </MultiGeometry>
        <name>P-428</name>
        <description><![CDATA[<div><div><span><b>Altitude:</b></span> <span>2,400 ft</span></div>
<div><span><b>Speed:</b></span> <span>122 kt - 123 kt</span></div>
<div><span><b>Timestamp:</b></span><br/><span>2025-07-28 10:19:50 UTC<br/>2025-07-28 10:19:52 UTC</span></div>
</div>]]></description>
      </Placemark>
      <Placemark>
        <Style>
          <LineStyle>
            <color>ff42ff00</color>
            <width>2</width>
          </LineStyle>
        </Style>
        <MultiGeometry>
          <LineString>
            <tessellate>1</tessellate>
            <altitudeMode>absolute</altitudeMode>
            <coordinates>18.313705,-34.03125,731.52 18.314323,-34.030151,731.52</coordinates>
          </LineString>
        </MultiGeometry>
        <name>P-429</name>
        <description><![CDATA[<div><div><span><b>Altitude:</b></span> <span>2,400 ft</span></div>
<div><span><b>Speed:</b></span> <span>123 kt - 124 kt</span></div>
<div><span><b>Timestamp:</b></span><br/><span>2025-07-28 10:19:52 UTC<br/>2025-07-28 10:19:54 UTC</span></div>
</div>]]></description>
      </Placemark>
      <Placemark>
        <Style>
          <LineStyle>
            <color>ff42ff00</color>
            <width>2</width>
          </LineStyle>
        </Style>
        <MultiGeometry>
          <LineString>
            <tessellate>1</tessellate>
            <altitudeMode>absolute</altitudeMode>
            <coordinates>18.314323,-34.030151,731.52 18.31505,-34.02887,701.04</coordinates>
          </LineString>
        </MultiGeometry>
        <name>P-430</name>
        <description><![CDATA[<div><div><span><b>Altitude:</b></span> <span>2,400 ft - 2,300 ft</span></div>
<div><span><b>Speed:</b></span> <span>124 kt</span></div>
<div><span><b>Timestamp:</b></span><br/><span>2025-07-28 10:19:54 UTC<br/>2025-07-28 10:19:56 UTC</span></div>
</div>]]></description>
      </Placemark>
      <Placemark>
        <Style>
          <LineStyle>
            <color>ff42ff00</color>
            <width>2</width>
          </LineStyle>
        </Style>
        <MultiGeometry>
          <LineString>
            <tessellate>1</tessellate>
            <altitudeMode>absolute</altitudeMode>
            <coordinates>18.31505,-34.02887,701.04 18.315582,-34.027729,701.04</coordinates>
          </LineString>
        </MultiGeometry>
        <name>P-431</name>
        <description><![CDATA[<div><div><span><b>Altitude:</b></span> <span>2,300 ft</span></div>
<div><span><b>Speed:</b></span> <span>124 kt</span></div>
<div><span><b>Timestamp:</b></span><br/><span>2025-07-28 10:19:56 UTC<br/>2025-07-28 10:19:59 UTC</span></div>
</div>]]></description>
      </Placemark>
      <Placemark>
        <Style>
          <LineStyle>
            <color>ff42ff00</color>
            <width>2</width>
          </LineStyle>
        </Style>
        <MultiGeometry>
          <LineString>
            <tessellate>1</tessellate>
            <altitudeMode>absolute</altitudeMode>
            <coordinates>18.315582,-34.027729,701.04 18.316114,-34.026718,701.04</coordinates>
          </LineString>
        </MultiGeometry>
        <name>P-432</name>
        <description><![CDATA[<div><div><span><b>Altitude:</b></span> <span>2,300 ft</span></div>
<div><span><b>Speed:</b></span> <span>124 kt - 125 kt</span></div>
<div><span><b>Timestamp:</b></span><br/><span>2025-07-28 10:19:59 UTC<br/>2025-07-28 10:20:01 UTC</span></div>
</div>]]></description>
      </Placemark>
      <Placemark>
        <Style>
          <LineStyle>
            <color>ff42ff00</color>
            <width>2</width>
          </LineStyle>
        </Style>
        <MultiGeometry>
          <LineString>
            <tessellate>1</tessellate>
            <altitudeMode>absolute</altitudeMode>
            <coordinates>18.316114,-34.026718,701.04 18.316727,-34.025497,701.04</coordinates>
          </LineString>
        </MultiGeometry>
        <name>P-433</name>
        <description><![CDATA[<div><div><span><b>Altitude:</b></span> <span>2,300 ft</span></div>
<div><span><b>Speed:</b></span> <span>125 kt - 126 kt</span></div>
<div><span><b>Timestamp:</b></span><br/><span>2025-07-28 10:20:01 UTC<br/>2025-07-28 10:20:03 UTC</span></div>
</div>]]></description>
      </Placemark>
      <Placemark>
        <Style>
          <LineStyle>
            <color>ff42ff00</color>
            <width>2</width>
          </LineStyle>
        </Style>
        <MultiGeometry>
          <LineString>
            <tessellate>1</tessellate>
            <altitudeMode>absolute</altitudeMode>
            <coordinates>18.316727,-34.025497,701.04 18.317242,-34.02438,670.56</coordinates>
          </LineString>
        </MultiGeometry>
        <name>P-434</name>
        <description><![CDATA[<div><div><span><b>Altitude:</b></span> <span>2,300 ft - 2,200 ft</span></div>
<div><span><b>Speed:</b></span> <span>126 kt</span></div>
<div><span><b>Timestamp:</b></span><br/><span>2025-07-28 10:20:03 UTC<br/>2025-07-28 10:20:05 UTC</span></div>
</div>]]></description>
      </Placemark>
      <Placemark>
        <Style>
          <LineStyle>
            <color>ff42ff00</color>
            <width>2</width>
          </LineStyle>
        </Style>
        <MultiGeometry>
          <LineString>
            <tessellate>1</tessellate>
            <altitudeMode>absolute</altitudeMode>
            <coordinates>18.317242,-34.02438,670.56 18.317909,-34.02301,670.56</coordinates>
          </LineString>
        </MultiGeometry>
        <name>P-435</name>
        <description><![CDATA[<div><div><span><b>Altitude:</b></span> <span>2,200 ft</span></div>
<div><span><b>Speed:</b></span> <span>126 kt</span></div>
<div><span><b>Timestamp:</b></span><br/><span>2025-07-28 10:20:05 UTC<br/>2025-07-28 10:20:07 UTC</span></div>
</div>]]></description>
      </Placemark>
      <Placemark>
        <Style>
          <LineStyle>
            <color>ff42ff00</color>
            <width>2</width>
          </LineStyle>
        </Style>
        <MultiGeometry>
          <LineString>
            <tessellate>1</tessellate>
            <altitudeMode>absolute</altitudeMode>
            <coordinates>18.317909,-34.02301,670.56 18.3183,-34.022141,670.56</coordinates>
          </LineString>
        </MultiGeometry>
        <name>P-436</name>
        <description><![CDATA[<div><div><span><b>Altitude:</b></span> <span>2,200 ft</span></div>
<div><span><b>Speed:</b></span> <span>126 kt - 127 kt</span></div>
<div><span><b>Timestamp:</b></span><br/><span>2025-07-28 10:20:07 UTC<br/>2025-07-28 10:20:09 UTC</span></div>
</div>]]></description>
      </Placemark>
      <Placemark>
        <Style>
          <LineStyle>
            <color>ff42ff00</color>
            <width>2</width>
          </LineStyle>
        </Style>
        <MultiGeometry>
          <LineString>
            <tessellate>1</tessellate>
            <altitudeMode>absolute</altitudeMode>
            <coordinates>18.3183,-34.022141,670.56 18.318958,-34.020748,640.08</coordinates>
          </LineString>
        </MultiGeometry>
        <name>P-437</name>
        <description><![CDATA[<div><div><span><b>Altitude:</b></span> <span>2,200 ft - 2,100 ft</span></div>
<div><span><b>Speed:</b></span> <span>127 kt</span></div>
<div><span><b>Timestamp:</b></span><br/><span>2025-07-28 10:20:09 UTC<br/>2025-07-28 10:20:11 UTC</span></div>
</div>]]></description>
      </Placemark>
      <Placemark>
        <Style>
          <LineStyle>
            <color>ff42ff00</color>
            <width>2</width>
          </LineStyle>
        </Style>
        <MultiGeometry>
          <LineString>
            <tessellate>1</tessellate>
            <altitudeMode>absolute</altitudeMode>
            <coordinates>18.318958,-34.020748,640.08 18.319473,-34.019676,640.08</coordinates>
          </LineString>
        </MultiGeometry>
        <name>P-438</name>
        <description><![CDATA[<div><div><span><b>Altitude:</b></span> <span>2,100 ft</span></div>
<div><span><b>Speed:</b></span> <span>127 kt</span></div>
<div><span><b>Timestamp:</b></span><br/><span>2025-07-28 10:20:11 UTC<br/>2025-07-28 10:20:13 UTC</span></div>
</div>]]></description>
      </Placemark>
      <Placemark>
        <Style>
          <LineStyle>
            <color>ff42ff00</color>
            <width>2</width>
          </LineStyle>
        </Style>
        <MultiGeometry>
          <LineString>
            <tessellate>1</tessellate>
            <altitudeMode>absolute</altitudeMode>
            <coordinates>18.319473,-34.019676,640.08 18.319983,-34.018616,640.08</coordinates>
          </LineString>
        </MultiGeometry>
        <name>P-439</name>
        <description><![CDATA[<div><div><span><b>Altitude:</b></span> <span>2,100 ft</span></div>
<div><span><b>Speed:</b></span> <span>127 kt</span></div>
<div><span><b>Timestamp:</b></span><br/><span>2025-07-28 10:20:13 UTC<br/>2025-07-28 10:20:16 UTC</span></div>
</div>]]></description>
      </Placemark>
      <Placemark>
        <Style>
          <LineStyle>
            <color>ff42ff00</color>
            <width>2</width>
          </LineStyle>
        </Style>
        <MultiGeometry>
          <LineString>
            <tessellate>1</tessellate>
            <altitudeMode>absolute</altitudeMode>
            <coordinates>18.319983,-34.018616,640.08 18.320599,-34.017288,609.6</coordinates>
          </LineString>
        </MultiGeometry>
        <name>P-440</name>
        <description><![CDATA[<div><div><span><b>Altitude:</b></span> <span>2,100 ft - 2,000 ft</span></div>
<div><span><b>Speed:</b></span> <span>127 kt - 126 kt</span></div>
<div><span><b>Timestamp:</b></span><br/><span>2025-07-28 10:20:16 UTC<br/>2025-07-28 10:20:20 UTC</span></div>
</div>]]></description>
      </Placemark>
      <Placemark>
        <Style>
          <LineStyle>
            <color>ff42ff00</color>
            <width>2</width>
          </LineStyle>
        </Style>
        <MultiGeometry>
          <LineString>
            <tessellate>1</tessellate>
            <altitudeMode>absolute</altitudeMode>
            <coordinates>18.320599,-34.017288,609.6 18.321705,-34.014835,609.6</coordinates>
          </LineString>
        </MultiGeometry>
        <name>P-441</name>
        <description><![CDATA[<div><div><span><b>Altitude:</b></span> <span>2,000 ft</span></div>
<div><span><b>Speed:</b></span> <span>126 kt - 125 kt</span></div>
<div><span><b>Timestamp:</b></span><br/><span>2025-07-28 10:20:20 UTC<br/>2025-07-28 10:20:22 UTC</span></div>
</div>]]></description>
      </Placemark>
      <Placemark>
        <Style>
          <LineStyle>
            <color>ff42ff00</color>
            <width>2</width>
          </LineStyle>
        </Style>
        <MultiGeometry>
          <LineString>
            <tessellate>1</tessellate>
            <altitudeMode>absolute</altitudeMode>
            <coordinates>18.321705,-34.014835,609.6 18.323421,-34.010971,579.12</coordinates>
          </LineString>
        </MultiGeometry>
        <name>P-442</name>
        <description><![CDATA[<div><div><span><b>Altitude:</b></span> <span>2,000 ft - 1,900 ft</span></div>
<div><span><b>Speed:</b></span> <span>125 kt</span></div>
<div><span><b>Timestamp:</b></span><br/><span>2025-07-28 10:20:22 UTC<br/>2025-07-28 10:20:29 UTC</span></div>
</div>]]></description>
      </Placemark>
      <Placemark>
        <Style>
          <LineStyle>
            <color>ffccff00</color>
            <width>2</width>
          </LineStyle>
        </Style>
        <MultiGeometry>
          <LineString>
            <tessellate>1</tessellate>
            <altitudeMode>absolute</altitudeMode>
            <coordinates>18.323421,-34.010971,579.12 18.325476,-34.006393,548.64</coordinates>
          </LineString>
        </MultiGeometry>
        <name>P-443</name>
        <description><![CDATA[<div><div><span><b>Altitude:</b></span> <span>1,900 ft - 1,800 ft</span></div>
<div><span><b>Speed:</b></span> <span>125 kt</span></div>
<div><span><b>Timestamp:</b></span><br/><span>2025-07-28 10:20:29 UTC<br/>2025-07-28 10:20:38 UTC</span></div>
</div>]]></description>
      </Placemark>
      <Placemark>
        <Style>
          <LineStyle>
            <color>ffccff00</color>
            <width>2</width>
          </LineStyle>
        </Style>
        <MultiGeometry>
          <LineString>
            <tessellate>1</tessellate>
            <altitudeMode>absolute</altitudeMode>
            <coordinates>18.325476,-34.006393,548.64 18.327255,-34.002686,548.64</coordinates>
          </LineString>
        </MultiGeometry>
        <name>P-444</name>
        <description><![CDATA[<div><div><span><b>Altitude:</b></span> <span>1,800 ft</span></div>
<div><span><b>Speed:</b></span> <span>125 kt - 122 kt</span></div>
<div><span><b>Timestamp:</b></span><br/><span>2025-07-28 10:20:38 UTC<br/>2025-07-28 10:20:44 UTC</span></div>
</div>]]></description>
      </Placemark>
      <Placemark>
        <Style>
          <LineStyle>
            <color>ffccff00</color>
            <width>2</width>
          </LineStyle>
        </Style>
        <MultiGeometry>
          <LineString>
            <tessellate>1</tessellate>
            <altitudeMode>absolute</altitudeMode>
            <coordinates>18.327255,-34.002686,548.64 18.328783,-33.99939,548.64</coordinates>
          </LineString>
        </MultiGeometry>
        <name>P-445</name>
        <description><![CDATA[<div><div><span><b>Altitude:</b></span> <span>1,800 ft</span></div>
<div><span><b>Speed:</b></span> <span>122 kt - 118 kt</span></div>
<div><span><b>Timestamp:</b></span><br/><span>2025-07-28 10:20:44 UTC<br/>2025-07-28 10:20:51 UTC</span></div>
</div>]]></description>
      </Placemark>
      <Placemark>
        <Style>
          <LineStyle>
            <color>ffccff00</color>
            <width>2</width>
          </LineStyle>
        </Style>
        <MultiGeometry>
          <LineString>
            <tessellate>1</tessellate>
            <altitudeMode>absolute</altitudeMode>
            <coordinates>18.328783,-33.99939,548.64 18.332201,-33.992432,548.64</coordinates>
          </LineString>
        </MultiGeometry>
        <name>P-446</name>
        <description><![CDATA[<div><div><span><b>Altitude:</b></span> <span>1,800 ft</span></div>
<div><span><b>Speed:</b></span> <span>118 kt - 116 kt</span></div>
<div><span><b>Timestamp:</b></span><br/><span>2025-07-28 10:20:51 UTC<br/>2025-07-28 10:21:05 UTC</span></div>
</div>]]></description>
      </Placemark>
      <Placemark>
        <Style>
          <LineStyle>
            <color>ffccff00</color>
            <width>2</width>
          </LineStyle>
        </Style>
        <MultiGeometry>
          <LineString>
            <tessellate>1</tessellate>
            <altitudeMode>absolute</altitudeMode>
            <coordinates>18.332201,-33.992432,548.64 18.334694,-33.986813,548.64</coordinates>
          </LineString>
        </MultiGeometry>
        <name>P-447</name>
        <description><![CDATA[<div><div><span><b>Altitude:</b></span> <span>1,800 ft</span></div>
<div><span><b>Speed:</b></span> <span>116 kt - 114 kt</span></div>
<div><span><b>Timestamp:</b></span><br/><span>2025-07-28 10:21:05 UTC<br/>2025-07-28 10:21:16 UTC</span></div>
</div>]]></description>
      </Placemark>
      <Placemark>
        <Style>
          <LineStyle>
            <color>ffccff00</color>
            <width>2</width>
          </LineStyle>
        </Style>
        <MultiGeometry>
          <LineString>
            <tessellate>1</tessellate>
            <altitudeMode>absolute</altitudeMode>
            <coordinates>18.334694,-33.986813,548.64 18.337078,-33.981537,548.64</coordinates>
          </LineString>
        </MultiGeometry>
        <name>P-448</name>
        <description><![CDATA[<div><div><span><b>Altitude:</b></span> <span>1,800 ft</span></div>
<div><span><b>Speed:</b></span> <span>114 kt - 113 kt</span></div>
<div><span><b>Timestamp:</b></span><br/><span>2025-07-28 10:21:16 UTC<br/>2025-07-28 10:21:27 UTC</span></div>
</div>]]></description>
      </Placemark>
      <Placemark>
        <Style>
          <LineStyle>
            <color>ffccff00</color>
            <width>2</width>
          </LineStyle>
        </Style>
        <MultiGeometry>
          <LineString>
            <tessellate>1</tessellate>
            <altitudeMode>absolute</altitudeMode>
            <coordinates>18.337078,-33.981537,548.64 18.339672,-33.976292,548.64</coordinates>
          </LineString>
        </MultiGeometry>
        <name>P-449</name>
        <description><![CDATA[<div><div><span><b>Altitude:</b></span> <span>1,800 ft</span></div>
<div><span><b>Speed:</b></span> <span>113 kt - 112 kt</span></div>
<div><span><b>Timestamp:</b></span><br/><span>2025-07-28 10:21:27 UTC<br/>2025-07-28 10:21:37 UTC</span></div>
</div>]]></description>
      </Placemark>
      <Placemark>
        <Style>
          <LineStyle>
            <color>ffccff00</color>
            <width>2</width>
          </LineStyle>
        </Style>
        <MultiGeometry>
          <LineString>
            <tessellate>1</tessellate>
            <altitudeMode>absolute</altitudeMode>
            <coordinates>18.339672,-33.976292,548.64 18.342247,-33.970982,548.64</coordinates>
          </LineString>
        </MultiGeometry>
        <name>P-450</name>
        <description><![CDATA[<div><div><span><b>Altitude:</b></span> <span>1,800 ft</span></div>
<div><span><b>Speed:</b></span> <span>112 kt - 111 kt</span></div>
<div><span><b>Timestamp:</b></span><br/><span>2025-07-28 10:21:37 UTC<br/>2025-07-28 10:21:49 UTC</span></div>
</div>]]></description>
      </Placemark>
      <Placemark>
        <Style>
          <LineStyle>
            <color>ffccff00</color>
            <width>2</width>
          </LineStyle>
        </Style>
        <MultiGeometry>
          <LineString>
            <tessellate>1</tessellate>
            <altitudeMode>absolute</altitudeMode>
            <coordinates>18.342247,-33.970982,548.64 18.344765,-33.965771,548.64</coordinates>
          </LineString>
        </MultiGeometry>
        <name>P-451</name>
        <description><![CDATA[<div><div><span><b>Altitude:</b></span> <span>1,800 ft</span></div>
<div><span><b>Speed:</b></span> <span>111 kt - 112 kt</span></div>
<div><span><b>Timestamp:</b></span><br/><span>2025-07-28 10:21:49 UTC<br/>2025-07-28 10:21:59 UTC</span></div>
</div>]]></description>
      </Placemark>
      <Placemark>
        <Style>
          <LineStyle>
            <color>ffccff00</color>
            <width>2</width>
          </LineStyle>
        </Style>
        <MultiGeometry>
          <LineString>
            <tessellate>1</tessellate>
            <altitudeMode>absolute</altitudeMode>
            <coordinates>18.344765,-33.965771,548.64 18.347511,-33.960464,548.64</coordinates>
          </LineString>
        </MultiGeometry>
        <name>P-452</name>
        <description><![CDATA[<div><div><span><b>Altitude:</b></span> <span>1,800 ft</span></div>
<div><span><b>Speed:</b></span> <span>112 kt - 113 kt</span></div>
<div><span><b>Timestamp:</b></span><br/><span>2025-07-28 10:21:59 UTC<br/>2025-07-28 10:22:11 UTC</span></div>
</div>]]></description>
      </Placemark>
      <Placemark>
        <Style>
          <LineStyle>
            <color>ffccff00</color>
            <width>2</width>
          </LineStyle>
        </Style>
        <MultiGeometry>
          <LineString>
            <tessellate>1</tessellate>
            <altitudeMode>absolute</altitudeMode>
            <coordinates>18.347511,-33.960464,548.64 18.349018,-33.95755,518.16</coordinates>
          </LineString>
        </MultiGeometry>
        <name>P-453</name>
        <description><![CDATA[<div><div><span><b>Altitude:</b></span> <span>1,800 ft - 1,700 ft</span></div>
<div><span><b>Speed:</b></span> <span>113 kt</span></div>
<div><span><b>Timestamp:</b></span><br/><span>2025-07-28 10:22:11 UTC<br/>2025-07-28 10:22:17 UTC</span></div>
</div>]]></description>
      </Placemark>
      <Placemark>
        <Style>
          <LineStyle>
            <color>ffccff00</color>
            <width>2</width>
          </LineStyle>
        </Style>
        <MultiGeometry>
          <LineString>
            <tessellate>1</tessellate>
            <altitudeMode>absolute</altitudeMode>
            <coordinates>18.349018,-33.95755,518.16 18.351746,-33.952736,518.16</coordinates>
          </LineString>
        </MultiGeometry>
        <name>P-454</name>
        <description><![CDATA[<div><div><span><b>Altitude:</b></span> <span>1,700 ft</span></div>
<div><span><b>Speed:</b></span> <span>113 kt - 115 kt</span></div>
<div><span><b>Timestamp:</b></span><br/><span>2025-07-28 10:22:17 UTC<br/>2025-07-28 10:22:27 UTC</span></div>
</div>]]></description>
      </Placemark>
      <Placemark>
        <Style>
          <LineStyle>
            <color>ffccff00</color>
            <width>2</width>
          </LineStyle>
        </Style>
        <MultiGeometry>
          <LineString>
            <tessellate>1</tessellate>
            <altitudeMode>absolute</altitudeMode>
            <coordinates>18.351746,-33.952736,518.16 18.353783,-33.949127,518.16</coordinates>
          </LineString>
        </MultiGeometry>
        <name>P-455</name>
        <description><![CDATA[<div><div><span><b>Altitude:</b></span> <span>1,700 ft</span></div>
<div><span><b>Speed:</b></span> <span>115 kt - 116 kt</span></div>
<div><span><b>Timestamp:</b></span><br/><span>2025-07-28 10:22:27 UTC<br/>2025-07-28 10:22:34 UTC</span></div>
</div>]]></description>
      </Placemark>
      <Placemark>
        <Style>
          <LineStyle>
            <color>ffccff00</color>
            <width>2</width>
          </LineStyle>
        </Style>
        <MultiGeometry>
          <LineString>
            <tessellate>1</tessellate>
            <altitudeMode>absolute</altitudeMode>
            <coordinates>18.353783,-33.949127,518.16 18.35552,-33.946014,518.16</coordinates>
          </LineString>
        </MultiGeometry>
        <name>P-456</name>
        <description><![CDATA[<div><div><span><b>Altitude:</b></span> <span>1,700 ft</span></div>
<div><span><b>Speed:</b></span> <span>116 kt - 113 kt</span></div>
<div><span><b>Timestamp:</b></span><br/><span>2025-07-28 10:22:34 UTC<br/>2025-07-28 10:22:40 UTC</span></div>
</div>]]></description>
      </Placemark>
      <Placemark>
        <Style>
          <LineStyle>
            <color>ffccff00</color>
            <width>2</width>
          </LineStyle>
        </Style>
        <MultiGeometry>
          <LineString>
            <tessellate>1</tessellate>
            <altitudeMode>absolute</altitudeMode>
            <coordinates>18.35552,-33.946014,518.16 18.357239,-33.942913,518.16</coordinates>
          </LineString>
        </MultiGeometry>
        <name>P-457</name>
        <description><![CDATA[<div><div><span><b>Altitude:</b></span> <span>1,700 ft</span></div>
<div><span><b>Speed:</b></span> <span>113 kt - 108 kt</span></div>
<div><span><b>Timestamp:</b></span><br/><span>2025-07-28 10:22:40 UTC<br/>2025-07-28 10:22:47 UTC</span></div>
</div>]]></description>
      </Placemark>
      <Placemark>
        <Style>
          <LineStyle>
            <color>ffccff00</color>
            <width>2</width>
          </LineStyle>
        </Style>
        <MultiGeometry>
          <LineString>
            <tessellate>1</tessellate>
            <altitudeMode>absolute</altitudeMode>
            <coordinates>18.357239,-33.942913,518.16 18.358955,-33.939701,518.16</coordinates>
          </LineString>
        </MultiGeometry>
        <name>P-458</name>
        <description><![CDATA[<div><div><span><b>Altitude:</b></span> <span>1,700 ft</span></div>
<div><span><b>Speed:</b></span> <span>108 kt</span></div>
<div><span><b>Timestamp:</b></span><br/><span>2025-07-28 10:22:47 UTC<br/>2025-07-28 10:22:54 UTC</span></div>
</div>]]></description>
      </Placemark>
      <Placemark>
        <Style>
          <LineStyle>
            <color>ffccff00</color>
            <width>2</width>
          </LineStyle>
        </Style>
        <MultiGeometry>
          <LineString>
            <tessellate>1</tessellate>
            <altitudeMode>absolute</altitudeMode>
            <coordinates>18.358955,-33.939701,518.16 18.360676,-33.936356,518.16</coordinates>
          </LineString>
        </MultiGeometry>
        <name>P-459</name>
        <description><![CDATA[<div><div><span><b>Altitude:</b></span> <span>1,700 ft</span></div>
<div><span><b>Speed:</b></span> <span>108 kt - 110 kt</span></div>
<div><span><b>Timestamp:</b></span><br/><span>2025-07-28 10:22:54 UTC<br/>2025-07-28 10:23:01 UTC</span></div>
</div>]]></description>
      </Placemark>
      <Placemark>
        <Style>
          <LineStyle>
            <color>ffccff00</color>
            <width>2</width>
          </LineStyle>
        </Style>
        <MultiGeometry>
          <LineString>
            <tessellate>1</tessellate>
            <altitudeMode>absolute</altitudeMode>
            <coordinates>18.360676,-33.936356,518.16 18.36191,-33.933517,518.16</coordinates>
          </LineString>
        </MultiGeometry>
        <name>P-460</name>
        <description><![CDATA[<div><div><span><b>Altitude:</b></span> <span>1,700 ft</span></div>
<div><span><b>Speed:</b></span> <span>110 kt - 109 kt</span></div>
<div><span><b>Timestamp:</b></span><br/><span>2025-07-28 10:23:01 UTC<br/>2025-07-28 10:23:07 UTC</span></div>
</div>]]></description>
      </Placemark>
      <Placemark>
        <Style>
          <LineStyle>
            <color>ffccff00</color>
            <width>2</width>
          </LineStyle>
        </Style>
        <MultiGeometry>
          <LineString>
            <tessellate>1</tessellate>
            <altitudeMode>absolute</altitudeMode>
            <coordinates>18.36191,-33.933517,518.16 18.362358,-33.932373,518.16</coordinates>
          </LineString>
        </MultiGeometry>
        <name>P-461</name>
        <description><![CDATA[<div><div><span><b>Altitude:</b></span> <span>1,700 ft</span></div>
<div><span><b>Speed:</b></span> <span>109 kt</span></div>
<div><span><b>Timestamp:</b></span><br/><span>2025-07-28 10:23:07 UTC<br/>2025-07-28 10:23:10 UTC</span></div>
</div>]]></description>
      </Placemark>
      <Placemark>
        <Style>
          <LineStyle>
            <color>ffccff00</color>
            <width>2</width>
          </LineStyle>
        </Style>
        <MultiGeometry>
          <LineString>
            <tessellate>1</tessellate>
            <altitudeMode>absolute</altitudeMode>
            <coordinates>18.362358,-33.932373,518.16 18.362751,-33.931412,518.16</coordinates>
          </LineString>
        </MultiGeometry>
        <name>P-462</name>
        <description><![CDATA[<div><div><span><b>Altitude:</b></span> <span>1,700 ft</span></div>
<div><span><b>Speed:</b></span> <span>109 kt</span></div>
<div><span><b>Timestamp:</b></span><br/><span>2025-07-28 10:23:10 UTC<br/>2025-07-28 10:23:12 UTC</span></div>
</div>]]></description>
      </Placemark>
      <Placemark>
        <Style>
          <LineStyle>
            <color>ffccff00</color>
            <width>2</width>
          </LineStyle>
        </Style>
        <MultiGeometry>
          <LineString>
            <tessellate>1</tessellate>
            <altitudeMode>absolute</altitudeMode>
            <coordinates>18.362751,-33.931412,518.16 18.36319,-33.930111,518.16</coordinates>
          </LineString>
        </MultiGeometry>
        <name>P-463</name>
        <description><![CDATA[<div><div><span><b>Altitude:</b></span> <span>1,700 ft</span></div>
<div><span><b>Speed:</b></span> <span>109 kt - 110 kt</span></div>
<div><span><b>Timestamp:</b></span><br/><span>2025-07-28 10:23:12 UTC<br/>2025-07-28 10:23:14 UTC</span></div>
</div>]]></description>
      </Placemark>
      <Placemark>
        <Style>
          <LineStyle>
            <color>ffccff00</color>
            <width>2</width>
          </LineStyle>
        </Style>
        <MultiGeometry>
          <LineString>
            <tessellate>1</tessellate>
            <altitudeMode>absolute</altitudeMode>
            <coordinates>18.36319,-33.930111,518.16 18.363535,-33.929169,518.16</coordinates>
          </LineString>
        </MultiGeometry>
        <name>P-464</name>
        <description><![CDATA[<div><div><span><b>Altitude:</b></span> <span>1,700 ft</span></div>
<div><span><b>Speed:</b></span> <span>110 kt</span></div>
<div><span><b>Timestamp:</b></span><br/><span>2025-07-28 10:23:14 UTC<br/>2025-07-28 10:23:16 UTC</span></div>
</div>]]></description>
      </Placemark>
      <Placemark>
        <Style>
          <LineStyle>
            <color>ffccff00</color>
            <width>2</width>
          </LineStyle>
        </Style>
        <MultiGeometry>
          <LineString>
            <tessellate>1</tessellate>
            <altitudeMode>absolute</altitudeMode>
            <coordinates>18.363535,-33.929169,518.16 18.363876,-33.928204,518.16</coordinates>
          </LineString>
        </MultiGeometry>
        <name>P-465</name>
        <description><![CDATA[<div><div><span><b>Altitude:</b></span> <span>1,700 ft</span></div>
<div><span><b>Speed:</b></span> <span>110 kt</span></div>
<div><span><b>Timestamp:</b></span><br/><span>2025-07-28 10:23:16 UTC<br/>2025-07-28 10:23:18 UTC</span></div>
</div>]]></description>
      </Placemark>
      <Placemark>
        <Style>
          <LineStyle>
            <color>ffccff00</color>
            <width>2</width>
          </LineStyle>
        </Style>
        <MultiGeometry>
          <LineString>
            <tessellate>1</tessellate>
            <altitudeMode>absolute</altitudeMode>
            <coordinates>18.363876,-33.928204,518.16 18.364277,-33.926945,548.64</coordinates>
          </LineString>
        </MultiGeometry>
        <name>P-466</name>
        <description><![CDATA[<div><div><span><b>Altitude:</b></span> <span>1,700 ft - 1,800 ft</span></div>
<div><span><b>Speed:</b></span> <span>110 kt - 109 kt</span></div>
<div><span><b>Timestamp:</b></span><br/><span>2025-07-28 10:23:18 UTC<br/>2025-07-28 10:23:20 UTC</span></div>
</div>]]></description>
      </Placemark>
      <Placemark>
        <Style>
          <LineStyle>
            <color>ffccff00</color>
            <width>2</width>
          </LineStyle>
        </Style>
        <MultiGeometry>
          <LineString>
            <tessellate>1</tessellate>
            <altitudeMode>absolute</altitudeMode>
            <coordinates>18.364277,-33.926945,548.64 18.36462,-33.92606,548.64</coordinates>
          </LineString>
        </MultiGeometry>
        <name>P-467</name>
        <description><![CDATA[<div><div><span><b>Altitude:</b></span> <span>1,800 ft</span></div>
<div><span><b>Speed:</b></span> <span>109 kt - 110 kt</span></div>
<div><span><b>Timestamp:</b></span><br/><span>2025-07-28 10:23:20 UTC<br/>2025-07-28 10:23:22 UTC</span></div>
</div>]]></description>
      </Placemark>
      <Placemark>
        <Style>
          <LineStyle>
            <color>ffccff00</color>
            <width>2</width>
          </LineStyle>
        </Style>
        <MultiGeometry>
          <LineString>
            <tessellate>1</tessellate>
            <altitudeMode>absolute</altitudeMode>
            <coordinates>18.36462,-33.92606,548.64 18.365078,-33.92485,548.64</coordinates>
          </LineString>
        </MultiGeometry>
        <name>P-468</name>
        <description><![CDATA[<div><div><span><b>Altitude:</b></span> <span>1,800 ft</span></div>
<div><span><b>Speed:</b></span> <span>110 kt - 111 kt</span></div>
<div><span><b>Timestamp:</b></span><br/><span>2025-07-28 10:23:22 UTC<br/>2025-07-28 10:23:25 UTC</span></div>
</div>]]></description>
      </Placemark>
      <Placemark>
        <Style>
          <LineStyle>
            <color>ffccff00</color>
            <width>2</width>
          </LineStyle>
        </Style>
        <MultiGeometry>
          <LineString>
            <tessellate>1</tessellate>
            <altitudeMode>absolute</altitudeMode>
            <coordinates>18.365078,-33.92485,548.64 18.365421,-33.92392,518.16</coordinates>
          </LineString>
        </MultiGeometry>
        <name>P-469</name>
        <description><![CDATA[<div><div><span><b>Altitude:</b></span> <span>1,800 ft - 1,700 ft</span></div>
<div><span><b>Speed:</b></span> <span>111 kt</span></div>
<div><span><b>Timestamp:</b></span><br/><span>2025-07-28 10:23:25 UTC<br/>2025-07-28 10:23:27 UTC</span></div>
</div>]]></description>
      </Placemark>
      <Placemark>
        <Style>
          <LineStyle>
            <color>ffccff00</color>
            <width>2</width>
          </LineStyle>
        </Style>
        <MultiGeometry>
          <LineString>
            <tessellate>1</tessellate>
            <altitudeMode>absolute</altitudeMode>
            <coordinates>18.365421,-33.92392,518.16 18.365778,-33.922852,518.16</coordinates>
          </LineString>
        </MultiGeometry>
        <name>P-470</name>
        <description><![CDATA[<div><div><span><b>Altitude:</b></span> <span>1,700 ft</span></div>
<div><span><b>Speed:</b></span> <span>111 kt</span></div>
<div><span><b>Timestamp:</b></span><br/><span>2025-07-28 10:23:27 UTC<br/>2025-07-28 10:23:29 UTC</span></div>
</div>]]></description>
      </Placemark>
      <Placemark>
        <Style>
          <LineStyle>
            <color>ffccff00</color>
            <width>2</width>
          </LineStyle>
        </Style>
        <MultiGeometry>
          <LineString>
            <tessellate>1</tessellate>
            <altitudeMode>absolute</altitudeMode>
            <coordinates>18.365778,-33.922852,518.16 18.366108,-33.921593,518.16</coordinates>
          </LineString>
        </MultiGeometry>
        <name>P-471</name>
        <description><![CDATA[<div><div><span><b>Altitude:</b></span> <span>1,700 ft</span></div>
<div><span><b>Speed:</b></span> <span>111 kt - 110 kt</span></div>
<div><span><b>Timestamp:</b></span><br/><span>2025-07-28 10:23:29 UTC<br/>2025-07-28 10:23:31 UTC</span></div>
</div>]]></description>
      </Placemark>
      <Placemark>
        <Style>
          <LineStyle>
            <color>ffccff00</color>
            <width>2</width>
          </LineStyle>
        </Style>
        <MultiGeometry>
          <LineString>
            <tessellate>1</tessellate>
            <altitudeMode>absolute</altitudeMode>
            <coordinates>18.366108,-33.921593,518.16 18.366222,-33.920567,518.16</coordinates>
          </LineString>
        </MultiGeometry>
        <name>P-472</name>
        <description><![CDATA[<div><div><span><b>Altitude:</b></span> <span>1,700 ft</span></div>
<div><span><b>Speed:</b></span> <span>110 kt - 109 kt</span></div>
<div><span><b>Timestamp:</b></span><br/><span>2025-07-28 10:23:31 UTC<br/>2025-07-28 10:23:33 UTC</span></div>
</div>]]></description>
      </Placemark>
      <Placemark>
        <Style>
          <LineStyle>
            <color>ffccff00</color>
            <width>2</width>
          </LineStyle>
        </Style>
        <MultiGeometry>
          <LineString>
            <tessellate>1</tessellate>
            <altitudeMode>absolute</altitudeMode>
            <coordinates>18.366222,-33.920567,518.16 18.366222,-33.919403,518.16</coordinates>
          </LineString>
        </MultiGeometry>
        <name>P-473</name>
        <description><![CDATA[<div><div><span><b>Altitude:</b></span> <span>1,700 ft</span></div>
<div><span><b>Speed:</b></span> <span>109 kt - 110 kt</span></div>
<div><span><b>Timestamp:</b></span><br/><span>2025-07-28 10:23:33 UTC<br/>2025-07-28 10:23:35 UTC</span></div>
</div>]]></description>
      </Placemark>
      <Placemark>
        <Style>
          <LineStyle>
            <color>ffccff00</color>
            <width>2</width>
          </LineStyle>
        </Style>
        <MultiGeometry>
          <LineString>
            <tessellate>1</tessellate>
            <altitudeMode>absolute</altitudeMode>
            <coordinates>18.366222,-33.919403,518.16 18.366114,-33.918411,518.16</coordinates>
          </LineString>
        </MultiGeometry>
        <name>P-474</name>
        <description><![CDATA[<div><div><span><b>Altitude:</b></span> <span>1,700 ft</span></div>
<div><span><b>Speed:</b></span> <span>110 kt</span></div>
<div><span><b>Timestamp:</b></span><br/><span>2025-07-28 10:23:35 UTC<br/>2025-07-28 10:23:38 UTC</span></div>
</div>]]></description>
      </Placemark>
      <Placemark>
        <Style>
          <LineStyle>
            <color>ffccff00</color>
            <width>2</width>
          </LineStyle>
        </Style>
        <MultiGeometry>
          <LineString>
            <tessellate>1</tessellate>
            <altitudeMode>absolute</altitudeMode>
            <coordinates>18.366114,-33.918411,518.16 18.366108,-33.91745,518.16</coordinates>
          </LineString>
        </MultiGeometry>
        <name>P-475</name>
        <description><![CDATA[<div><div><span><b>Altitude:</b></span> <span>1,700 ft</span></div>
<div><span><b>Speed:</b></span> <span>110 kt</span></div>
<div><span><b>Timestamp:</b></span><br/><span>2025-07-28 10:23:38 UTC<br/>2025-07-28 10:23:40 UTC</span></div>
</div>]]></description>
      </Placemark>
      <Placemark>
        <Style>
          <LineStyle>
            <color>ffccff00</color>
            <width>2</width>
          </LineStyle>
        </Style>
        <MultiGeometry>
          <LineString>
            <tessellate>1</tessellate>
            <altitudeMode>absolute</altitudeMode>
            <coordinates>18.366108,-33.91745,518.16 18.366339,-33.916077,518.16</coordinates>
          </LineString>
        </MultiGeometry>
        <name>P-476</name>
        <description><![CDATA[<div><div><span><b>Altitude:</b></span> <span>1,700 ft</span></div>
<div><span><b>Speed:</b></span> <span>110 kt - 108 kt</span></div>
<div><span><b>Timestamp:</b></span><br/><span>2025-07-28 10:23:40 UTC<br/>2025-07-28 10:23:42 UTC</span></div>
</div>]]></description>
      </Placemark>
      <Placemark>
        <Style>
          <LineStyle>
            <color>ffccff00</color>
            <width>2</width>
          </LineStyle>
        </Style>
        <MultiGeometry>
          <LineString>
            <tessellate>1</tessellate>
            <altitudeMode>absolute</altitudeMode>
            <coordinates>18.366339,-33.916077,518.16 18.367195,-33.914051,518.16</coordinates>
          </LineString>
        </MultiGeometry>
        <name>P-477</name>
        <description><![CDATA[<div><div><span><b>Altitude:</b></span> <span>1,700 ft</span></div>
<div><span><b>Speed:</b></span> <span>108 kt - 106 kt</span></div>
<div><span><b>Timestamp:</b></span><br/><span>2025-07-28 10:23:42 UTC<br/>2025-07-28 10:23:47 UTC</span></div>
</div>]]></description>
      </Placemark>
      <Placemark>
        <Style>
          <LineStyle>
            <color>ffccff00</color>
            <width>2</width>
          </LineStyle>
        </Style>
        <MultiGeometry>
          <LineString>
            <tessellate>1</tessellate>
            <altitudeMode>absolute</altitudeMode>
            <coordinates>18.367195,-33.914051,518.16 18.367996,-33.912979,518.16</coordinates>
          </LineString>
        </MultiGeometry>
        <name>P-478</name>
        <description><![CDATA[<div><div><span><b>Altitude:</b></span> <span>1,700 ft</span></div>
<div><span><b>Speed:</b></span> <span>106 kt</span></div>
<div><span><b>Timestamp:</b></span><br/><span>2025-07-28 10:23:47 UTC<br/>2025-07-28 10:23:49 UTC</span></div>
</div>]]></description>
      </Placemark>
      <Placemark>
        <Style>
          <LineStyle>
            <color>ffccff00</color>
            <width>2</width>
          </LineStyle>
        </Style>
        <MultiGeometry>
          <LineString>
            <tessellate>1</tessellate>
            <altitudeMode>absolute</altitudeMode>
            <coordinates>18.367996,-33.912979,518.16 18.368626,-33.91214,518.16</coordinates>
          </LineString>
        </MultiGeometry>
        <name>P-479</name>
        <description><![CDATA[<div><div><span><b>Altitude:</b></span> <span>1,700 ft</span></div>
<div><span><b>Speed:</b></span> <span>106 kt</span></div>
<div><span><b>Timestamp:</b></span><br/><span>2025-07-28 10:23:49 UTC<br/>2025-07-28 10:23:51 UTC</span></div>
</div>]]></description>
      </Placemark>
      <Placemark>
        <Style>
          <LineStyle>
            <color>ffccff00</color>
            <width>2</width>
          </LineStyle>
        </Style>
        <MultiGeometry>
          <LineString>
            <tessellate>1</tessellate>
            <altitudeMode>absolute</altitudeMode>
            <coordinates>18.368626,-33.91214,518.16 18.369308,-33.911453,518.16</coordinates>
          </LineString>
        </MultiGeometry>
        <name>P-480</name>
        <description><![CDATA[<div><div><span><b>Altitude:</b></span> <span>1,700 ft</span></div>
<div><span><b>Speed:</b></span> <span>106 kt - 107 kt</span></div>
<div><span><b>Timestamp:</b></span><br/><span>2025-07-28 10:23:51 UTC<br/>2025-07-28 10:23:53 UTC</span></div>
</div>]]></description>
      </Placemark>
      <Placemark>
        <Style>
          <LineStyle>
            <color>ffccff00</color>
            <width>2</width>
          </LineStyle>
        </Style>
        <MultiGeometry>
          <LineString>
            <tessellate>1</tessellate>
            <altitudeMode>absolute</altitudeMode>
            <coordinates>18.369308,-33.911453,518.16 18.370262,-33.910492,518.16</coordinates>
          </LineString>
        </MultiGeometry>
        <name>P-481</name>
        <description><![CDATA[<div><div><span><b>Altitude:</b></span> <span>1,700 ft</span></div>
<div><span><b>Speed:</b></span> <span>107 kt</span></div>
<div><span><b>Timestamp:</b></span><br/><span>2025-07-28 10:23:53 UTC<br/>2025-07-28 10:23:55 UTC</span></div>
</div>]]></description>
      </Placemark>
      <Placemark>
        <Style>
          <LineStyle>
            <color>ffccff00</color>
            <width>2</width>
          </LineStyle>
        </Style>
        <MultiGeometry>
          <LineString>
            <tessellate>1</tessellate>
            <altitudeMode>absolute</altitudeMode>
            <coordinates>18.370262,-33.910492,518.16 18.371046,-33.909668,518.16</coordinates>
          </LineString>
        </MultiGeometry>
        <name>P-482</name>
        <description><![CDATA[<div><div><span><b>Altitude:</b></span> <span>1,700 ft</span></div>
<div><span><b>Speed:</b></span> <span>107 kt - 108 kt</span></div>
<div><span><b>Timestamp:</b></span><br/><span>2025-07-28 10:23:55 UTC<br/>2025-07-28 10:23:58 UTC</span></div>
</div>]]></description>
      </Placemark>
      <Placemark>
        <Style>
          <LineStyle>
            <color>ffccff00</color>
            <width>2</width>
          </LineStyle>
        </Style>
        <MultiGeometry>
          <LineString>
            <tessellate>1</tessellate>
            <altitudeMode>absolute</altitudeMode>
            <coordinates>18.371046,-33.909668,518.16 18.371832,-33.908936,518.16</coordinates>
          </LineString>
        </MultiGeometry>
        <name>P-483</name>
        <description><![CDATA[<div><div><span><b>Altitude:</b></span> <span>1,700 ft</span></div>
<div><span><b>Speed:</b></span> <span>108 kt - 109 kt</span></div>
<div><span><b>Timestamp:</b></span><br/><span>2025-07-28 10:23:58 UTC<br/>2025-07-28 10:24:00 UTC</span></div>
</div>]]></description>
      </Placemark>
      <Placemark>
        <Style>
          <LineStyle>
            <color>ffccff00</color>
            <width>2</width>
          </LineStyle>
        </Style>
        <MultiGeometry>
          <LineString>
            <tessellate>1</tessellate>
            <altitudeMode>absolute</altitudeMode>
            <coordinates>18.371832,-33.908936,518.16 18.372803,-33.907951,518.16</coordinates>
          </LineString>
        </MultiGeometry>
        <name>P-484</name>
        <description><![CDATA[<div><div><span><b>Altitude:</b></span> <span>1,700 ft</span></div>
<div><span><b>Speed:</b></span> <span>109 kt</span></div>
<div><span><b>Timestamp:</b></span><br/><span>2025-07-28 10:24:00 UTC<br/>2025-07-28 10:24:02 UTC</span></div>
</div>]]></description>
      </Placemark>
      <Placemark>
        <Style>
          <LineStyle>
            <color>ffccff00</color>
            <width>2</width>
          </LineStyle>
        </Style>
        <MultiGeometry>
          <LineString>
            <tessellate>1</tessellate>
            <altitudeMode>absolute</altitudeMode>
            <coordinates>18.372803,-33.907951,518.16 18.373547,-33.907253,518.16</coordinates>
          </LineString>
        </MultiGeometry>
        <name>P-485</name>
        <description><![CDATA[<div><div><span><b>Altitude:</b></span> <span>1,700 ft</span></div>
<div><span><b>Speed:</b></span> <span>109 kt</span></div>
<div><span><b>Timestamp:</b></span><br/><span>2025-07-28 10:24:02 UTC<br/>2025-07-28 10:24:04 UTC</span></div>
</div>]]></description>
      </Placemark>
      <Placemark>
        <Style>
          <LineStyle>
            <color>ffccff00</color>
            <width>2</width>
          </LineStyle>
        </Style>
        <MultiGeometry>
          <LineString>
            <tessellate>1</tessellate>
            <altitudeMode>absolute</altitudeMode>
            <coordinates>18.373547,-33.907253,518.16 18.374348,-33.906509,518.16</coordinates>
          </LineString>
        </MultiGeometry>
        <name>P-486</name>
        <description><![CDATA[<div><div><span><b>Altitude:</b></span> <span>1,700 ft</span></div>
<div><span><b>Speed:</b></span> <span>109 kt</span></div>
<div><span><b>Timestamp:</b></span><br/><span>2025-07-28 10:24:04 UTC<br/>2025-07-28 10:24:06 UTC</span></div>
</div>]]></description>
      </Placemark>
      <Placemark>
        <Style>
          <LineStyle>
            <color>ffccff00</color>
            <width>2</width>
          </LineStyle>
        </Style>
        <MultiGeometry>
          <LineString>
            <tessellate>1</tessellate>
            <altitudeMode>absolute</altitudeMode>
            <coordinates>18.374348,-33.906509,518.16 18.375137,-33.905685,518.16</coordinates>
          </LineString>
        </MultiGeometry>
        <name>P-487</name>
        <description><![CDATA[<div><div><span><b>Altitude:</b></span> <span>1,700 ft</span></div>
<div><span><b>Speed:</b></span> <span>109 kt</span></div>
<div><span><b>Timestamp:</b></span><br/><span>2025-07-28 10:24:06 UTC<br/>2025-07-28 10:24:08 UTC</span></div>
</div>]]></description>
      </Placemark>
      <Placemark>
        <Style>
          <LineStyle>
            <color>ffccff00</color>
            <width>2</width>
          </LineStyle>
        </Style>
        <MultiGeometry>
          <LineString>
            <tessellate>1</tessellate>
            <altitudeMode>absolute</altitudeMode>
            <coordinates>18.375137,-33.905685,518.16 18.375893,-33.904972,518.16</coordinates>
          </LineString>
        </MultiGeometry>
        <name>P-488</name>
        <description><![CDATA[<div><div><span><b>Altitude:</b></span> <span>1,700 ft</span></div>
<div><span><b>Speed:</b></span> <span>109 kt - 107 kt</span></div>
<div><span><b>Timestamp:</b></span><br/><span>2025-07-28 10:24:08 UTC<br/>2025-07-28 10:24:10 UTC</span></div>
</div>]]></description>
      </Placemark>
      <Placemark>
        <Style>
          <LineStyle>
            <color>ffccff00</color>
            <width>2</width>
          </LineStyle>
        </Style>
        <MultiGeometry>
          <LineString>
            <tessellate>1</tessellate>
            <altitudeMode>absolute</altitudeMode>
            <coordinates>18.375893,-33.904972,518.16 18.37698,-33.90395,518.16</coordinates>
          </LineString>
        </MultiGeometry>
        <name>P-489</name>
        <description><![CDATA[<div><div><span><b>Altitude:</b></span> <span>1,700 ft</span></div>
<div><span><b>Speed:</b></span> <span>107 kt</span></div>
<div><span><b>Timestamp:</b></span><br/><span>2025-07-28 10:24:10 UTC<br/>2025-07-28 10:24:12 UTC</span></div>
</div>]]></description>
      </Placemark>
      <Placemark>
        <Style>
          <LineStyle>
            <color>ffccff00</color>
            <width>2</width>
          </LineStyle>
        </Style>
        <MultiGeometry>
          <LineString>
            <tessellate>1</tessellate>
            <altitudeMode>absolute</altitudeMode>
            <coordinates>18.37698,-33.90395,518.16 18.377781,-33.903252,518.16</coordinates>
          </LineString>
        </MultiGeometry>
        <name>P-490</name>
        <description><![CDATA[<div><div><span><b>Altitude:</b></span> <span>1,700 ft</span></div>
<div><span><b>Speed:</b></span> <span>107 kt</span></div>
<div><span><b>Timestamp:</b></span><br/><span>2025-07-28 10:24:12 UTC<br/>2025-07-28 10:24:15 UTC</span></div>
</div>]]></description>
      </Placemark>
      <Placemark>
        <Style>
          <LineStyle>
            <color>ffccff00</color>
            <width>2</width>
          </LineStyle>
        </Style>
        <MultiGeometry>
          <LineString>
            <tessellate>1</tessellate>
            <altitudeMode>absolute</altitudeMode>
            <coordinates>18.377781,-33.903252,518.16 18.378782,-33.902344,518.16</coordinates>
          </LineString>
        </MultiGeometry>
        <name>P-491</name>
        <description><![CDATA[<div><div><span><b>Altitude:</b></span> <span>1,700 ft</span></div>
<div><span><b>Speed:</b></span> <span>107 kt - 106 kt</span></div>
<div><span><b>Timestamp:</b></span><br/><span>2025-07-28 10:24:15 UTC<br/>2025-07-28 10:24:17 UTC</span></div>
</div>]]></description>
      </Placemark>
      <Placemark>
        <Style>
          <LineStyle>
            <color>ffccff00</color>
            <width>2</width>
          </LineStyle>
        </Style>
        <MultiGeometry>
          <LineString>
            <tessellate>1</tessellate>
            <altitudeMode>absolute</altitudeMode>
            <coordinates>18.378782,-33.902344,518.16 18.379791,-33.90152,518.16</coordinates>
          </LineString>
        </MultiGeometry>
        <name>P-492</name>
        <description><![CDATA[<div><div><span><b>Altitude:</b></span> <span>1,700 ft</span></div>
<div><span><b>Speed:</b></span> <span>106 kt</span></div>
<div><span><b>Timestamp:</b></span><br/><span>2025-07-28 10:24:17 UTC<br/>2025-07-28 10:24:19 UTC</span></div>
</div>]]></description>
      </Placemark>
      <Placemark>
        <Style>
          <LineStyle>
            <color>ffccff00</color>
            <width>2</width>
          </LineStyle>
        </Style>
        <MultiGeometry>
          <LineString>
            <tessellate>1</tessellate>
            <altitudeMode>absolute</altitudeMode>
            <coordinates>18.379791,-33.90152,518.16 18.38047,-33.900921,518.16</coordinates>
          </LineString>
        </MultiGeometry>
        <name>P-493</name>
        <description><![CDATA[<div><div><span><b>Altitude:</b></span> <span>1,700 ft</span></div>
<div><span><b>Speed:</b></span> <span>106 kt</span></div>
<div><span><b>Timestamp:</b></span><br/><span>2025-07-28 10:24:19 UTC<br/>2025-07-28 10:24:21 UTC</span></div>
</div>]]></description>
      </Placemark>
      <Placemark>
        <Style>
          <LineStyle>
            <color>ffccff00</color>
            <width>2</width>
          </LineStyle>
        </Style>
        <MultiGeometry>
          <LineString>
            <tessellate>1</tessellate>
            <altitudeMode>absolute</altitudeMode>
            <coordinates>18.38047,-33.900921,518.16 18.381443,-33.900177,518.16</coordinates>
          </LineString>
        </MultiGeometry>
        <name>P-494</name>
        <description><![CDATA[<div><div><span><b>Altitude:</b></span> <span>1,700 ft</span></div>
<div><span><b>Speed:</b></span> <span>106 kt - 105 kt</span></div>
<div><span><b>Timestamp:</b></span><br/><span>2025-07-28 10:24:21 UTC<br/>2025-07-28 10:24:23 UTC</span></div>
</div>]]></description>
      </Placemark>
      <Placemark>
        <Style>
          <LineStyle>
            <color>ffccff00</color>
            <width>2</width>
          </LineStyle>
        </Style>
        <MultiGeometry>
          <LineString>
            <tessellate>1</tessellate>
            <altitudeMode>absolute</altitudeMode>
            <coordinates>18.381443,-33.900177,518.16 18.382313,-33.899506,518.16</coordinates>
          </LineString>
        </MultiGeometry>
        <name>P-495</name>
        <description><![CDATA[<div><div><span><b>Altitude:</b></span> <span>1,700 ft</span></div>
<div><span><b>Speed:</b></span> <span>105 kt</span></div>
<div><span><b>Timestamp:</b></span><br/><span>2025-07-28 10:24:23 UTC<br/>2025-07-28 10:24:25 UTC</span></div>
</div>]]></description>
      </Placemark>
      <Placemark>
        <Style>
          <LineStyle>
            <color>ffccff00</color>
            <width>2</width>
          </LineStyle>
        </Style>
        <MultiGeometry>
          <LineString>
            <tessellate>1</tessellate>
            <altitudeMode>absolute</altitudeMode>
            <coordinates>18.382313,-33.899506,518.16 18.383446,-33.898735,518.16</coordinates>
          </LineString>
        </MultiGeometry>
        <name>P-496</name>
        <description><![CDATA[<div><div><span><b>Altitude:</b></span> <span>1,700 ft</span></div>
<div><span><b>Speed:</b></span> <span>105 kt</span></div>
<div><span><b>Timestamp:</b></span><br/><span>2025-07-28 10:24:25 UTC<br/>2025-07-28 10:24:27 UTC</span></div>
</div>]]></description>
      </Placemark>
      <Placemark>
        <Style>
          <LineStyle>
            <color>ffccff00</color>
            <width>2</width>
          </LineStyle>
        </Style>
        <MultiGeometry>
          <LineString>
            <tessellate>1</tessellate>
            <altitudeMode>absolute</altitudeMode>
            <coordinates>18.383446,-33.898735,518.16 18.384361,-33.898083,518.16</coordinates>
          </LineString>
        </MultiGeometry>
        <name>P-497</name>
        <description><![CDATA[<div><div><span><b>Altitude:</b></span> <span>1,700 ft</span></div>
<div><span><b>Speed:</b></span> <span>105 kt</span></div>
<div><span><b>Timestamp:</b></span><br/><span>2025-07-28 10:24:27 UTC<br/>2025-07-28 10:24:30 UTC</span></div>
</div>]]></description>
      </Placemark>
      <Placemark>
        <Style>
          <LineStyle>
            <color>ffccff00</color>
            <width>2</width>
          </LineStyle>
        </Style>
        <MultiGeometry>
          <LineString>
            <tessellate>1</tessellate>
            <altitudeMode>absolute</altitudeMode>
            <coordinates>18.384361,-33.898083,518.16 18.385334,-33.897476,518.16</coordinates>
          </LineString>
        </MultiGeometry>
        <name>P-498</name>
        <description><![CDATA[<div><div><span><b>Altitude:</b></span> <span>1,700 ft</span></div>
<div><span><b>Speed:</b></span> <span>105 kt - 106 kt</span></div>
<div><span><b>Timestamp:</b></span><br/><span>2025-07-28 10:24:30 UTC<br/>2025-07-28 10:24:32 UTC</span></div>
</div>]]></description>
      </Placemark>
      <Placemark>
        <Style>
          <LineStyle>
            <color>ffccff00</color>
            <width>2</width>
          </LineStyle>
        </Style>
        <MultiGeometry>
          <LineString>
            <tessellate>1</tessellate>
            <altitudeMode>absolute</altitudeMode>
            <coordinates>18.385334,-33.897476,518.16 18.38625,-33.896919,518.16</coordinates>
          </LineString>
        </MultiGeometry>
        <name>P-499</name>
        <description><![CDATA[<div><div><span><b>Altitude:</b></span> <span>1,700 ft</span></div>
<div><span><b>Speed:</b></span> <span>106 kt - 107 kt</span></div>
<div><span><b>Timestamp:</b></span><br/><span>2025-07-28 10:24:32 UTC<br/>2025-07-28 10:24:34 UTC</span></div>
</div>]]></description>
      </Placemark>
      <Placemark>
        <Style>
          <LineStyle>
            <color>ffccff00</color>
            <width>2</width>
          </LineStyle>
        </Style>
        <MultiGeometry>
          <LineString>
            <tessellate>1</tessellate>
            <altitudeMode>absolute</altitudeMode>
            <coordinates>18.38625,-33.896919,518.16 18.387337,-33.896267,518.16</coordinates>
          </LineString>
        </MultiGeometry>
        <name>P-500</name>
        <description><![CDATA[<div><div><span><b>Altitude:</b></span> <span>1,700 ft</span></div>
<div><span><b>Speed:</b></span> <span>107 kt - 109 kt</span></div>
<div><span><b>Timestamp:</b></span><br/><span>2025-07-28 10:24:34 UTC<br/>2025-07-28 10:24:36 UTC</span></div>
</div>]]></description>
      </Placemark>
      <Placemark>
        <Style>
          <LineStyle>
            <color>ffccff00</color>
            <width>2</width>
          </LineStyle>
        </Style>
        <MultiGeometry>
          <LineString>
            <tessellate>1</tessellate>
            <altitudeMode>absolute</altitudeMode>
            <coordinates>18.387337,-33.896267,518.16 18.388367,-33.89571,518.16</coordinates>
          </LineString>
        </MultiGeometry>
        <name>P-501</name>
        <description><![CDATA[<div><div><span><b>Altitude:</b></span> <span>1,700 ft</span></div>
<div><span><b>Speed:</b></span> <span>109 kt - 111 kt</span></div>
<div><span><b>Timestamp:</b></span><br/><span>2025-07-28 10:24:36 UTC<br/>2025-07-28 10:24:38 UTC</span></div>
</div>]]></description>
      </Placemark>
      <Placemark>
        <Style>
          <LineStyle>
            <color>ffccff00</color>
            <width>2</width>
          </LineStyle>
        </Style>
        <MultiGeometry>
          <LineString>
            <tessellate>1</tessellate>
            <altitudeMode>absolute</altitudeMode>
            <coordinates>18.388367,-33.89571,518.16 18.389601,-33.895065,487.68</coordinates>
          </LineString>
        </MultiGeometry>
        <name>P-502</name>
        <description><![CDATA[<div><div><span><b>Altitude:</b></span> <span>1,700 ft - 1,600 ft</span></div>
<div><span><b>Speed:</b></span> <span>111 kt</span></div>
<div><span><b>Timestamp:</b></span><br/><span>2025-07-28 10:24:38 UTC<br/>2025-07-28 10:24:40 UTC</span></div>
</div>]]></description>
      </Placemark>
      <Placemark>
        <Style>
          <LineStyle>
            <color>ffccff00</color>
            <width>2</width>
          </LineStyle>
        </Style>
        <MultiGeometry>
          <LineString>
            <tessellate>1</tessellate>
            <altitudeMode>absolute</altitudeMode>
            <coordinates>18.389601,-33.895065,487.68 18.390713,-33.894547,487.68</coordinates>
          </LineString>
        </MultiGeometry>
        <name>P-503</name>
        <description><![CDATA[<div><div><span><b>Altitude:</b></span> <span>1,600 ft</span></div>
<div><span><b>Speed:</b></span> <span>111 kt - 113 kt</span></div>
<div><span><b>Timestamp:</b></span><br/><span>2025-07-28 10:24:40 UTC<br/>2025-07-28 10:24:42 UTC</span></div>
</div>]]></description>
      </Placemark>
      <Placemark>
        <Style>
          <LineStyle>
            <color>ffccff00</color>
            <width>2</width>
          </LineStyle>
        </Style>
        <MultiGeometry>
          <LineString>
            <tessellate>1</tessellate>
            <altitudeMode>absolute</altitudeMode>
            <coordinates>18.390713,-33.894547,487.68 18.391787,-33.894058,487.68</coordinates>
          </LineString>
        </MultiGeometry>
        <name>P-504</name>
        <description><![CDATA[<div><div><span><b>Altitude:</b></span> <span>1,600 ft</span></div>
<div><span><b>Speed:</b></span> <span>113 kt - 115 kt</span></div>
<div><span><b>Timestamp:</b></span><br/><span>2025-07-28 10:24:42 UTC<br/>2025-07-28 10:24:44 UTC</span></div>
</div>]]></description>
      </Placemark>
      <Placemark>
        <Style>
          <LineStyle>
            <color>ffccff00</color>
            <width>2</width>
          </LineStyle>
        </Style>
        <MultiGeometry>
          <LineString>
            <tessellate>1</tessellate>
            <altitudeMode>absolute</altitudeMode>
            <coordinates>18.391787,-33.894058,487.68 18.393173,-33.893429,457.2</coordinates>
          </LineString>
        </MultiGeometry>
        <name>P-505</name>
        <description><![CDATA[<div><div><span><b>Altitude:</b></span> <span>1,600 ft - 1,500 ft</span></div>
<div><span><b>Speed:</b></span> <span>115 kt - 116 kt</span></div>
<div><span><b>Timestamp:</b></span><br/><span>2025-07-28 10:24:44 UTC<br/>2025-07-28 10:24:47 UTC</span></div>
</div>]]></description>
      </Placemark>
      <Placemark>
        <Style>
          <LineStyle>
            <color>ffccff00</color>
            <width>2</width>
          </LineStyle>
        </Style>
        <MultiGeometry>
          <LineString>
            <tessellate>1</tessellate>
            <altitudeMode>absolute</altitudeMode>
            <coordinates>18.393173,-33.893429,457.2 18.394432,-33.892868,457.2</coordinates>
          </LineString>
        </MultiGeometry>
        <name>P-506</name>
        <description><![CDATA[<div><div><span><b>Altitude:</b></span> <span>1,500 ft</span></div>
<div><span><b>Speed:</b></span> <span>116 kt</span></div>
<div><span><b>Timestamp:</b></span><br/><span>2025-07-28 10:24:47 UTC<br/>2025-07-28 10:24:49 UTC</span></div>
</div>]]></description>
      </Placemark>
      <Placemark>
        <Style>
          <LineStyle>
            <color>ffccff00</color>
            <width>2</width>
          </LineStyle>
        </Style>
        <MultiGeometry>
          <LineString>
            <tessellate>1</tessellate>
            <altitudeMode>absolute</altitudeMode>
            <coordinates>18.394432,-33.892868,457.2 18.395933,-33.892273,426.72</coordinates>
          </LineString>
        </MultiGeometry>
        <name>P-507</name>
        <description><![CDATA[<div><div><span><b>Altitude:</b></span> <span>1,500 ft - 1,400 ft</span></div>
<div><span><b>Speed:</b></span> <span>116 kt - 115 kt</span></div>
<div><span><b>Timestamp:</b></span><br/><span>2025-07-28 10:24:49 UTC<br/>2025-07-28 10:24:51 UTC</span></div>
</div>]]></description>
      </Placemark>
      <Placemark>
        <Style>
          <LineStyle>
            <color>ffccff00</color>
            <width>2</width>
          </LineStyle>
        </Style>
        <MultiGeometry>
          <LineString>
            <tessellate>1</tessellate>
            <altitudeMode>absolute</altitudeMode>
            <coordinates>18.395933,-33.892273,426.72 18.397121,-33.891846,426.72</coordinates>
          </LineString>
        </MultiGeometry>
        <name>P-508</name>
        <description><![CDATA[<div><div><span><b>Altitude:</b></span> <span>1,400 ft</span></div>
<div><span><b>Speed:</b></span> <span>115 kt</span></div>
<div><span><b>Timestamp:</b></span><br/><span>2025-07-28 10:24:51 UTC<br/>2025-07-28 10:24:54 UTC</span></div>
</div>]]></description>
      </Placemark>
      <Placemark>
        <Style>
          <LineStyle>
            <color>ffccff00</color>
            <width>2</width>
          </LineStyle>
        </Style>
        <MultiGeometry>
          <LineString>
            <tessellate>1</tessellate>
            <altitudeMode>absolute</altitudeMode>
            <coordinates>18.397121,-33.891846,426.72 18.398609,-33.891285,426.72</coordinates>
          </LineString>
        </MultiGeometry>
        <name>P-509</name>
        <description><![CDATA[<div><div><span><b>Altitude:</b></span> <span>1,400 ft</span></div>
<div><span><b>Speed:</b></span> <span>115 kt - 114 kt</span></div>
<div><span><b>Timestamp:</b></span><br/><span>2025-07-28 10:24:54 UTC<br/>2025-07-28 10:24:56 UTC</span></div>
</div>]]></description>
      </Placemark>
      <Placemark>
        <Style>
          <LineStyle>
            <color>ffccff00</color>
            <width>2</width>
          </LineStyle>
        </Style>
        <MultiGeometry>
          <LineString>
            <tessellate>1</tessellate>
            <altitudeMode>absolute</altitudeMode>
            <coordinates>18.398609,-33.891285,426.72 18.399746,-33.8909,396.24</coordinates>
          </LineString>
        </MultiGeometry>
        <name>P-510</name>
        <description><![CDATA[<div><div><span><b>Altitude:</b></span> <span>1,400 ft - 1,300 ft</span></div>
<div><span><b>Speed:</b></span> <span>114 kt - 113 kt</span></div>
<div><span><b>Timestamp:</b></span><br/><span>2025-07-28 10:24:56 UTC<br/>2025-07-28 10:24:58 UTC</span></div>
</div>]]></description>
      </Placemark>
      <Placemark>
        <Style>
          <LineStyle>
            <color>fff0ff00</color>
            <width>2</width>
          </LineStyle>
        </Style>
        <MultiGeometry>
          <LineString>
            <tessellate>1</tessellate>
            <altitudeMode>absolute</altitudeMode>
            <coordinates>18.399746,-33.8909,396.24 18.401184,-33.89045,396.24</coordinates>
          </LineString>
        </MultiGeometry>
        <name>P-511</name>
        <description><![CDATA[<div><div><span><b>Altitude:</b></span> <span>1,300 ft</span></div>
<div><span><b>Speed:</b></span> <span>113 kt - 112 kt</span></div>
<div><span><b>Timestamp:</b></span><br/><span>2025-07-28 10:24:58 UTC<br/>2025-07-28 10:25:00 UTC</span></div>
</div>]]></description>
      </Placemark>
      <Placemark>
        <Style>
          <LineStyle>
            <color>fff0ff00</color>
            <width>2</width>
          </LineStyle>
        </Style>
        <MultiGeometry>
          <LineString>
            <tessellate>1</tessellate>
            <altitudeMode>absolute</altitudeMode>
            <coordinates>18.401184,-33.89045,396.24 18.402443,-33.890076,365.76</coordinates>
          </LineString>
        </MultiGeometry>
        <name>P-512</name>
        <description><![CDATA[<div><div><span><b>Altitude:</b></span> <span>1,300 ft - 1,200 ft</span></div>
<div><span><b>Speed:</b></span> <span>112 kt</span></div>
<div><span><b>Timestamp:</b></span><br/><span>2025-07-28 10:25:00 UTC<br/>2025-07-28 10:25:02 UTC</span></div>
</div>]]></description>
      </Placemark>
      <Placemark>
        <Style>
          <LineStyle>
            <color>fff0ff00</color>
            <width>2</width>
          </LineStyle>
        </Style>
        <MultiGeometry>
          <LineString>
            <tessellate>1</tessellate>
            <altitudeMode>absolute</altitudeMode>
            <coordinates>18.402443,-33.890076,365.76 18.403931,-33.889656,365.76</coordinates>
          </LineString>
        </MultiGeometry>
        <name>P-513</name>
        <description><![CDATA[<div><div><span><b>Altitude:</b></span> <span>1,200 ft</span></div>
<div><span><b>Speed:</b></span> <span>112 kt</span></div>
<div><span><b>Timestamp:</b></span><br/><span>2025-07-28 10:25:02 UTC<br/>2025-07-28 10:25:05 UTC</span></div>
</div>]]></description>
      </Placemark>
      <Placemark>
        <Style>
          <LineStyle>
            <color>fff0ff00</color>
            <width>2</width>
          </LineStyle>
        </Style>
        <MultiGeometry>
          <LineString>
            <tessellate>1</tessellate>
            <altitudeMode>absolute</altitudeMode>
            <coordinates>18.403931,-33.889656,365.76 18.405018,-33.889423,365.76</coordinates>
          </LineString>
        </MultiGeometry>
        <name>P-514</name>
        <description><![CDATA[<div><div><span><b>Altitude:</b></span> <span>1,200 ft</span></div>
<div><span><b>Speed:</b></span> <span>112 kt</span></div>
<div><span><b>Timestamp:</b></span><br/><span>2025-07-28 10:25:05 UTC<br/>2025-07-28 10:25:07 UTC</span></div>
</div>]]></description>
      </Placemark>
      <Placemark>
        <Style>
          <LineStyle>
            <color>fff0ff00</color>
            <width>2</width>
          </LineStyle>
        </Style>
        <MultiGeometry>
          <LineString>
            <tessellate>1</tessellate>
            <altitudeMode>absolute</altitudeMode>
            <coordinates>18.405018,-33.889423,365.76 18.406639,-33.889023,335.28</coordinates>
          </LineString>
        </MultiGeometry>
        <name>P-515</name>
        <description><![CDATA[<div><div><span><b>Altitude:</b></span> <span>1,200 ft - 1,100 ft</span></div>
<div><span><b>Speed:</b></span> <span>112 kt - 111 kt</span></div>
<div><span><b>Timestamp:</b></span><br/><span>2025-07-28 10:25:07 UTC<br/>2025-07-28 10:25:09 UTC</span></div>
</div>]]></description>
      </Placemark>
      <Placemark>
        <Style>
          <LineStyle>
            <color>fff0ff00</color>
            <width>2</width>
          </LineStyle>
        </Style>
        <MultiGeometry>
          <LineString>
            <tessellate>1</tessellate>
            <altitudeMode>absolute</altitudeMode>
            <coordinates>18.406639,-33.889023,335.28 18.40765,-33.888821,335.28</coordinates>
          </LineString>
        </MultiGeometry>
        <name>P-516</name>
        <description><![CDATA[<div><div><span><b>Altitude:</b></span> <span>1,100 ft</span></div>
<div><span><b>Speed:</b></span> <span>111 kt - 112 kt</span></div>
<div><span><b>Timestamp:</b></span><br/><span>2025-07-28 10:25:09 UTC<br/>2025-07-28 10:25:12 UTC</span></div>
</div>]]></description>
      </Placemark>
      <Placemark>
        <Style>
          <LineStyle>
            <color>fff0ff00</color>
            <width>2</width>
          </LineStyle>
        </Style>
        <MultiGeometry>
          <LineString>
            <tessellate>1</tessellate>
            <altitudeMode>absolute</altitudeMode>
            <coordinates>18.40765,-33.888821,335.28 18.409252,-33.888493,304.8</coordinates>
          </LineString>
        </MultiGeometry>
        <name>P-517</name>
        <description><![CDATA[<div><div><span><b>Altitude:</b></span> <span>1,100 ft - 1,000 ft</span></div>
<div><span><b>Speed:</b></span> <span>112 kt</span></div>
<div><span><b>Timestamp:</b></span><br/><span>2025-07-28 10:25:12 UTC<br/>2025-07-28 10:25:14 UTC</span></div>
</div>]]></description>
      </Placemark>
      <Placemark>
        <Style>
          <LineStyle>
            <color>fff0ff00</color>
            <width>2</width>
          </LineStyle>
        </Style>
        <MultiGeometry>
          <LineString>
            <tessellate>1</tessellate>
            <altitudeMode>absolute</altitudeMode>
            <coordinates>18.409252,-33.888493,304.8 18.410454,-33.88826,304.8</coordinates>
          </LineString>
        </MultiGeometry>
        <name>P-518</name>
        <description><![CDATA[<div><div><span><b>Altitude:</b></span> <span>1,000 ft</span></div>
<div><span><b>Speed:</b></span> <span>112 kt - 110 kt</span></div>
<div><span><b>Timestamp:</b></span><br/><span>2025-07-28 10:25:14 UTC<br/>2025-07-28 10:25:16 UTC</span></div>
</div>]]></description>
      </Placemark>
      <Placemark>
        <Style>
          <LineStyle>
            <color>fff0ff00</color>
            <width>2</width>
          </LineStyle>
        </Style>
        <MultiGeometry>
          <LineString>
            <tessellate>1</tessellate>
            <altitudeMode>absolute</altitudeMode>
            <coordinates>18.410454,-33.88826,304.8 18.411884,-33.888027,304.8</coordinates>
          </LineString>
        </MultiGeometry>
        <name>P-519</name>
        <description><![CDATA[<div><div><span><b>Altitude:</b></span> <span>1,000 ft</span></div>
<div><span><b>Speed:</b></span> <span>110 kt - 109 kt</span></div>
<div><span><b>Timestamp:</b></span><br/><span>2025-07-28 10:25:16 UTC<br/>2025-07-28 10:25:18 UTC</span></div>
</div>]]></description>
      </Placemark>
      <Placemark>
        <Style>
          <LineStyle>
            <color>fff0ff00</color>
            <width>2</width>
          </LineStyle>
        </Style>
        <MultiGeometry>
          <LineString>
            <tessellate>1</tessellate>
            <altitudeMode>absolute</altitudeMode>
            <coordinates>18.411884,-33.888027,304.8 18.413029,-33.887794,274.32</coordinates>
          </LineString>
        </MultiGeometry>
        <name>P-520</name>
        <description><![CDATA[<div><div><span><b>Altitude:</b></span> <span>1,000 ft - 900 ft</span></div>
<div><span><b>Speed:</b></span> <span>109 kt - 108 kt</span></div>
<div><span><b>Timestamp:</b></span><br/><span>2025-07-28 10:25:18 UTC<br/>2025-07-28 10:25:21 UTC</span></div>
</div>]]></description>
      </Placemark>
      <Placemark>
        <Style>
          <LineStyle>
            <color>ffffea00</color>
            <width>2</width>
          </LineStyle>
        </Style>
        <MultiGeometry>
          <LineString>
            <tessellate>1</tessellate>
            <altitudeMode>absolute</altitudeMode>
            <coordinates>18.413029,-33.887794,274.32 18.414543,-33.887558,274.32</coordinates>
          </LineString>
        </MultiGeometry>
        <name>P-521</name>
        <description><![CDATA[<div><div><span><b>Altitude:</b></span> <span>900 ft</span></div>
<div><span><b>Speed:</b></span> <span>108 kt - 106 kt</span></div>
<div><span><b>Timestamp:</b></span><br/><span>2025-07-28 10:25:21 UTC<br/>2025-07-28 10:25:23 UTC</span></div>
</div>]]></description>
      </Placemark>
      <Placemark>
        <Style>
          <LineStyle>
            <color>ffffea00</color>
            <width>2</width>
          </LineStyle>
        </Style>
        <MultiGeometry>
          <LineString>
            <tessellate>1</tessellate>
            <altitudeMode>absolute</altitudeMode>
            <coordinates>18.414543,-33.887558,274.32 18.415718,-33.887375,243.84</coordinates>
          </LineString>
        </MultiGeometry>
        <name>P-522</name>
        <description><![CDATA[<div><div><span><b>Altitude:</b></span> <span>900 ft - 800 ft</span></div>
<div><span><b>Speed:</b></span> <span>106 kt - 105 kt</span></div>
<div><span><b>Timestamp:</b></span><br/><span>2025-07-28 10:25:23 UTC<br/>2025-07-28 10:25:25 UTC</span></div>
</div>]]></description>
      </Placemark>
      <Placemark>
        <Style>
          <LineStyle>
            <color>ffffea00</color>
            <width>2</width>
          </LineStyle>
        </Style>
        <MultiGeometry>
          <LineString>
            <tessellate>1</tessellate>
            <altitudeMode>absolute</altitudeMode>
            <coordinates>18.415718,-33.887375,243.84 18.417206,-33.887142,243.84</coordinates>
          </LineString>
        </MultiGeometry>
        <name>P-523</name>
        <description><![CDATA[<div><div><span><b>Altitude:</b></span> <span>800 ft</span></div>
<div><span><b>Speed:</b></span> <span>105 kt - 104 kt</span></div>
<div><span><b>Timestamp:</b></span><br/><span>2025-07-28 10:25:25 UTC<br/>2025-07-28 10:25:27 UTC</span></div>
</div>]]></description>
      </Placemark>
      <Placemark>
        <Style>
          <LineStyle>
            <color>ffffea00</color>
            <width>2</width>
          </LineStyle>
        </Style>
        <MultiGeometry>
          <LineString>
            <tessellate>1</tessellate>
            <altitudeMode>absolute</altitudeMode>
            <coordinates>18.417206,-33.887142,243.84 18.418076,-33.887054,243.84</coordinates>
          </LineString>
        </MultiGeometry>
        <name>P-524</name>
        <description><![CDATA[<div><div><span><b>Altitude:</b></span> <span>800 ft</span></div>
<div><span><b>Speed:</b></span> <span>104 kt</span></div>
<div><span><b>Timestamp:</b></span><br/><span>2025-07-28 10:25:27 UTC<br/>2025-07-28 10:25:29 UTC</span></div>
</div>]]></description>
      </Placemark>
      <Placemark>
        <Style>
          <LineStyle>
            <color>ffffea00</color>
            <width>2</width>
          </LineStyle>
        </Style>
        <MultiGeometry>
          <LineString>
            <tessellate>1</tessellate>
            <altitudeMode>absolute</altitudeMode>
            <coordinates>18.418076,-33.887054,243.84 18.419588,-33.886871,213.36</coordinates>
          </LineString>
        </MultiGeometry>
        <name>P-525</name>
        <description><![CDATA[<div><div><span><b>Altitude:</b></span> <span>800 ft - 700 ft</span></div>
<div><span><b>Speed:</b></span> <span>104 kt - 103 kt</span></div>
<div><span><b>Timestamp:</b></span><br/><span>2025-07-28 10:25:29 UTC<br/>2025-07-28 10:25:31 UTC</span></div>
</div>]]></description>
      </Placemark>
      <Placemark>
        <Style>
          <LineStyle>
            <color>ffffea00</color>
            <width>2</width>
          </LineStyle>
        </Style>
        <MultiGeometry>
          <LineString>
            <tessellate>1</tessellate>
            <altitudeMode>absolute</altitudeMode>
            <coordinates>18.419588,-33.886871,213.36 18.420639,-33.886723,213.36</coordinates>
          </LineString>
        </MultiGeometry>
        <name>P-526</name>
        <description><![CDATA[<div><div><span><b>Altitude:</b></span> <span>700 ft</span></div>
<div><span><b>Speed:</b></span> <span>103 kt</span></div>
<div><span><b>Timestamp:</b></span><br/><span>2025-07-28 10:25:31 UTC<br/>2025-07-28 10:25:34 UTC</span></div>
</div>]]></description>
      </Placemark>
      <Placemark>
        <Style>
          <LineStyle>
            <color>ffffea00</color>
            <width>2</width>
          </LineStyle>
        </Style>
        <MultiGeometry>
          <LineString>
            <tessellate>1</tessellate>
            <altitudeMode>absolute</altitudeMode>
            <coordinates>18.420639,-33.886723,213.36 18.422012,-33.88649,213.36</coordinates>
          </LineString>
        </MultiGeometry>
        <name>P-527</name>
        <description><![CDATA[<div><div><span><b>Altitude:</b></span> <span>700 ft</span></div>
<div><span><b>Speed:</b></span> <span>103 kt</span></div>
<div><span><b>Timestamp:</b></span><br/><span>2025-07-28 10:25:34 UTC<br/>2025-07-28 10:25:36 UTC</span></div>
</div>]]></description>
      </Placemark>
      <Placemark>
        <Style>
          <LineStyle>
            <color>ffffea00</color>
            <width>2</width>
          </LineStyle>
        </Style>
        <MultiGeometry>
          <LineString>
            <tessellate>1</tessellate>
            <altitudeMode>absolute</altitudeMode>
            <coordinates>18.422012,-33.88649,213.36 18.423344,-33.886322,182.88</coordinates>
          </LineString>
        </MultiGeometry>
        <name>P-528</name>
        <description><![CDATA[<div><div><span><b>Altitude:</b></span> <span>700 ft - 600 ft</span></div>
<div><span><b>Speed:</b></span> <span>103 kt - 102 kt</span></div>
<div><span><b>Timestamp:</b></span><br/><span>2025-07-28 10:25:36 UTC<br/>2025-07-28 10:25:38 UTC</span></div>
</div>]]></description>
      </Placemark>
      <Placemark>
        <Style>
          <LineStyle>
            <color>ffffe062</color>
            <width>2</width>
          </LineStyle>
        </Style>
        <MultiGeometry>
          <LineString>
            <tessellate>1</tessellate>
            <altitudeMode>absolute</altitudeMode>
            <coordinates>18.423344,-33.886322,182.88 18.425755,-33.886047,182.88</coordinates>
          </LineString>
        </MultiGeometry>
        <name>P-529</name>
        <description><![CDATA[<div><div><span><b>Altitude:</b></span> <span>600 ft</span></div>
<div><span><b>Speed:</b></span> <span>102 kt - 97 kt</span></div>
<div><span><b>Timestamp:</b></span><br/><span>2025-07-28 10:25:38 UTC<br/>2025-07-28 10:25:42 UTC</span></div>
</div>]]></description>
      </Placemark>
      <Placemark>
        <Style>
          <LineStyle>
            <color>ffffe062</color>
            <width>2</width>
          </LineStyle>
        </Style>
        <MultiGeometry>
          <LineString>
            <tessellate>1</tessellate>
            <altitudeMode>absolute</altitudeMode>
            <coordinates>18.425755,-33.886047,182.88 18.426704,-33.886074,182.88</coordinates>
          </LineString>
        </MultiGeometry>
        <name>P-530</name>
        <description><![CDATA[<div><div><span><b>Altitude:</b></span> <span>600 ft</span></div>
<div><span><b>Speed:</b></span> <span>97 kt - 92 kt</span></div>
<div><span><b>Timestamp:</b></span><br/><span>2025-07-28 10:25:42 UTC<br/>2025-07-28 10:25:45 UTC</span></div>
</div>]]></description>
      </Placemark>
      <Placemark>
        <Style>
          <LineStyle>
            <color>ffffe062</color>
            <width>2</width>
          </LineStyle>
        </Style>
        <MultiGeometry>
          <LineString>
            <tessellate>1</tessellate>
            <altitudeMode>absolute</altitudeMode>
            <coordinates>18.426704,-33.886074,182.88 18.427734,-33.886211,152.4</coordinates>
          </LineString>
        </MultiGeometry>
        <name>P-531</name>
        <description><![CDATA[<div><div><span><b>Altitude:</b></span> <span>600 ft - 500 ft</span></div>
<div><span><b>Speed:</b></span> <span>92 kt - 90 kt</span></div>
<div><span><b>Timestamp:</b></span><br/><span>2025-07-28 10:25:45 UTC<br/>2025-07-28 10:25:47 UTC</span></div>
</div>]]></description>
      </Placemark>
      <Placemark>
        <Style>
          <LineStyle>
            <color>ffffe062</color>
            <width>2</width>
          </LineStyle>
        </Style>
        <MultiGeometry>
          <LineString>
            <tessellate>1</tessellate>
            <altitudeMode>absolute</altitudeMode>
            <coordinates>18.427734,-33.886211,152.4 18.428936,-33.886585,152.4</coordinates>
          </LineString>
        </MultiGeometry>
        <name>P-532</name>
        <description><![CDATA[<div><div><span><b>Altitude:</b></span> <span>500 ft</span></div>
<div><span><b>Speed:</b></span> <span>90 kt - 86 kt</span></div>
<div><span><b>Timestamp:</b></span><br/><span>2025-07-28 10:25:47 UTC<br/>2025-07-28 10:25:49 UTC</span></div>
</div>]]></description>
      </Placemark>
      <Placemark>
        <Style>
          <LineStyle>
            <color>ffffe062</color>
            <width>2</width>
          </LineStyle>
        </Style>
        <MultiGeometry>
          <LineString>
            <tessellate>1</tessellate>
            <altitudeMode>absolute</altitudeMode>
            <coordinates>18.428936,-33.886585,152.4 18.42968,-33.887005,152.4</coordinates>
          </LineString>
        </MultiGeometry>
        <name>P-533</name>
        <description><![CDATA[<div><div><span><b>Altitude:</b></span> <span>500 ft</span></div>
<div><span><b>Speed:</b></span> <span>86 kt - 82 kt</span></div>
<div><span><b>Timestamp:</b></span><br/><span>2025-07-28 10:25:49 UTC<br/>2025-07-28 10:25:51 UTC</span></div>
</div>]]></description>
      </Placemark>
      <Placemark>
        <Style>
          <LineStyle>
            <color>ffffe062</color>
            <width>2</width>
          </LineStyle>
        </Style>
        <MultiGeometry>
          <LineString>
            <tessellate>1</tessellate>
            <altitudeMode>absolute</altitudeMode>
            <coordinates>18.42968,-33.887005,152.4 18.430367,-33.887516,121.92</coordinates>
          </LineString>
        </MultiGeometry>
        <name>P-534</name>
        <description><![CDATA[<div><div><span><b>Altitude:</b></span> <span>500 ft - 400 ft</span></div>
<div><span><b>Speed:</b></span> <span>82 kt - 81 kt</span></div>
<div><span><b>Timestamp:</b></span><br/><span>2025-07-28 10:25:51 UTC<br/>2025-07-28 10:25:53 UTC</span></div>
</div>]]></description>
      </Placemark>
      <Placemark>
        <Style>
          <LineStyle>
            <color>ffffe062</color>
            <width>2</width>
          </LineStyle>
        </Style>
        <MultiGeometry>
          <LineString>
            <tessellate>1</tessellate>
            <altitudeMode>absolute</altitudeMode>
            <coordinates>18.430367,-33.887516,121.92 18.430967,-33.88829,121.92</coordinates>
          </LineString>
        </MultiGeometry>
        <name>P-535</name>
        <description><![CDATA[<div><div><span><b>Altitude:</b></span> <span>400 ft</span></div>
<div><span><b>Speed:</b></span> <span>81 kt - 80 kt</span></div>
<div><span><b>Timestamp:</b></span><br/><span>2025-07-28 10:25:53 UTC<br/>2025-07-28 10:25:55 UTC</span></div>
</div>]]></description>
      </Placemark>
      <Placemark>
        <Style>
          <LineStyle>
            <color>ffffe062</color>
            <width>2</width>
          </LineStyle>
        </Style>
        <MultiGeometry>
          <LineString>
            <tessellate>1</tessellate>
            <altitudeMode>absolute</altitudeMode>
            <coordinates>18.430967,-33.88829,121.92 18.431282,-33.888958,121.92</coordinates>
          </LineString>
        </MultiGeometry>
        <name>P-536</name>
        <description><![CDATA[<div><div><span><b>Altitude:</b></span> <span>400 ft</span></div>
<div><span><b>Speed:</b></span> <span>80 kt - 77 kt</span></div>
<div><span><b>Timestamp:</b></span><br/><span>2025-07-28 10:25:55 UTC<br/>2025-07-28 10:25:58 UTC</span></div>
</div>]]></description>
      </Placemark>
      <Placemark>
        <Style>
          <LineStyle>
            <color>ffffe062</color>
            <width>2</width>
          </LineStyle>
        </Style>
        <MultiGeometry>
          <LineString>
            <tessellate>1</tessellate>
            <altitudeMode>absolute</altitudeMode>
            <coordinates>18.431282,-33.888958,121.92 18.431471,-33.889938,91.44</coordinates>
          </LineString>
        </MultiGeometry>
        <name>P-537</name>
        <description><![CDATA[<div><div><span><b>Altitude:</b></span> <span>400 ft - 300 ft</span></div>
<div><span><b>Speed:</b></span> <span>77 kt - 73 kt</span></div>
<div><span><b>Timestamp:</b></span><br/><span>2025-07-28 10:25:58 UTC<br/>2025-07-28 10:26:00 UTC</span></div>
</div>]]></description>
      </Placemark>
      <Placemark>
        <Style>
          <LineStyle>
            <color>ffffffff</color>
            <width>2</width>
          </LineStyle>
        </Style>
        <MultiGeometry>
          <LineString>
            <tessellate>1</tessellate>
            <altitudeMode>absolute</altitudeMode>
            <coordinates>18.431471,-33.889938,91.44 18.431454,-33.89045,91.44</coordinates>
          </LineString>
        </MultiGeometry>
        <name>P-538</name>
        <description><![CDATA[<div><div><span><b>Altitude:</b></span> <span>300 ft</span></div>
<div><span><b>Speed:</b></span> <span>73 kt - 71 kt</span></div>
<div><span><b>Timestamp:</b></span><br/><span>2025-07-28 10:26:00 UTC<br/>2025-07-28 10:26:03 UTC</span></div>
</div>]]></description>
      </Placemark>
      <Placemark>
        <Style>
          <LineStyle>
            <color>ffffffff</color>
            <width>2</width>
          </LineStyle>
        </Style>
        <MultiGeometry>
          <LineString>
            <tessellate>1</tessellate>
            <altitudeMode>absolute</altitudeMode>
            <coordinates>18.431454,-33.89045,91.44 18.43119,-33.891449,91.44</coordinates>
          </LineString>
        </MultiGeometry>
        <name>P-539</name>
        <description><![CDATA[<div><div><span><b>Altitude:</b></span> <span>300 ft</span></div>
<div><span><b>Speed:</b></span> <span>71 kt - 69 kt</span></div>
<div><span><b>Timestamp:</b></span><br/><span>2025-07-28 10:26:03 UTC<br/>2025-07-28 10:26:05 UTC</span></div>
</div>]]></description>
      </Placemark>
      <Placemark>
        <Style>
          <LineStyle>
            <color>ffffffff</color>
            <width>2</width>
          </LineStyle>
        </Style>
        <MultiGeometry>
          <LineString>
            <tessellate>1</tessellate>
            <altitudeMode>absolute</altitudeMode>
            <coordinates>18.43119,-33.891449,91.44 18.430939,-33.891937,91.44</coordinates>
          </LineString>
        </MultiGeometry>
        <name>P-540</name>
        <description><![CDATA[<div><div><span><b>Altitude:</b></span> <span>300 ft</span></div>
<div><span><b>Speed:</b></span> <span>69 kt</span></div>
<div><span><b>Timestamp:</b></span><br/><span>2025-07-28 10:26:05 UTC<br/>2025-07-28 10:26:07 UTC</span></div>
</div>]]></description>
      </Placemark>
      <Placemark>
        <Style>
          <LineStyle>
            <color>ffffffff</color>
            <width>2</width>
          </LineStyle>
        </Style>
        <MultiGeometry>
          <LineString>
            <tessellate>1</tessellate>
            <altitudeMode>absolute</altitudeMode>
            <coordinates>18.430939,-33.891937,91.44 18.430481,-33.892914,60.96</coordinates>
          </LineString>
        </MultiGeometry>
        <name>P-541</name>
        <description><![CDATA[<div><div><span><b>Altitude:</b></span> <span>300 ft - 200 ft</span></div>
<div><span><b>Speed:</b></span> <span>69 kt</span></div>
<div><span><b>Timestamp:</b></span><br/><span>2025-07-28 10:26:07 UTC<br/>2025-07-28 10:26:10 UTC</span></div>
</div>]]></description>
      </Placemark>
      <Placemark>
        <Style>
          <LineStyle>
            <color>ffffffff</color>
            <width>2</width>
          </LineStyle>
        </Style>
        <MultiGeometry>
          <LineString>
            <tessellate>1</tessellate>
            <altitudeMode>absolute</altitudeMode>
            <coordinates>18.430481,-33.892914,60.96 18.430069,-33.893692,60.96</coordinates>
          </LineString>
        </MultiGeometry>
        <name>P-542</name>
        <description><![CDATA[<div><div><span><b>Altitude:</b></span> <span>200 ft</span></div>
<div><span><b>Speed:</b></span> <span>69 kt - 68 kt</span></div>
<div><span><b>Timestamp:</b></span><br/><span>2025-07-28 10:26:10 UTC<br/>2025-07-28 10:26:13 UTC</span></div>
</div>]]></description>
      </Placemark>
      <Placemark>
        <Style>
          <LineStyle>
            <color>ffffffff</color>
            <width>2</width>
          </LineStyle>
        </Style>
        <MultiGeometry>
          <LineString>
            <tessellate>1</tessellate>
            <altitudeMode>absolute</altitudeMode>
            <coordinates>18.430069,-33.893692,60.96 18.42865,-33.896545,30.48</coordinates>
          </LineString>
        </MultiGeometry>
        <name>P-543</name>
        <description><![CDATA[<div><div><span><b>Altitude:</b></span> <span>200 ft - 100 ft</span></div>
<div><span><b>Speed:</b></span> <span>68 kt - 56 kt</span></div>
<div><span><b>Timestamp:</b></span><br/><span>2025-07-28 10:26:13 UTC<br/>2025-07-28 10:26:23 UTC</span></div>
</div>]]></description>
      </Placemark>
      <Placemark>
        <Style>
          <LineStyle>
            <color>ffffffff</color>
            <width>2</width>
          </LineStyle>
        </Style>
        <MultiGeometry>
          <LineString>
            <tessellate>1</tessellate>
            <altitudeMode>clampToGround</altitudeMode>
            <coordinates>18.42865,-33.896545,30.48 18.427677,-33.898548,0</coordinates>
          </LineString>
        </MultiGeometry>
        <name>P-544</name>
        <description><![CDATA[<div><div><span><b>Altitude:</b></span> <span>100 ft - 0 ft</span></div>
<div><span><b>Speed:</b></span> <span>56 kt - 39 kt</span></div>
<div><span><b>Timestamp:</b></span><br/><span>2025-07-28 10:26:23 UTC<br/>2025-07-28 10:26:33 UTC</span></div>
</div>]]></description>
      </Placemark>
      <Placemark>
        <Style>
          <LineStyle>
            <color>ffffffff</color>
            <width>2</width>
          </LineStyle>
        </Style>
        <MultiGeometry>
          <LineString>
            <tessellate>1</tessellate>
            <altitudeMode>clampToGround</altitudeMode>
            <coordinates>18.427677,-33.898548,0 18.427391,-33.899292,0</coordinates>
          </LineString>
        </MultiGeometry>
        <name>P-545</name>
        <description><![CDATA[<div><div><span><b>Altitude:</b></span> <span>0 ft</span></div>
<div><span><b>Speed:</b></span> <span>39 kt - 35 kt</span></div>
<div><span><b>Timestamp:</b></span><br/><span>2025-07-28 10:26:33 UTC<br/>2025-07-28 10:26:38 UTC</span></div>
</div>]]></description>
      </Placemark>
      <Placemark>
        <Style>
          <LineStyle>
            <color>ffffffff</color>
            <width>2</width>
          </LineStyle>
        </Style>
        <MultiGeometry>
          <LineString>
            <tessellate>1</tessellate>
            <altitudeMode>clampToGround</altitudeMode>
            <coordinates>18.427391,-33.899292,0 18.427334,-33.899525,0</coordinates>
          </LineString>
        </MultiGeometry>
        <name>P-546</name>
        <description><![CDATA[<div><div><span><b>Altitude:</b></span> <span>0 ft</span></div>
<div><span><b>Speed:</b></span> <span>35 kt - 29 kt</span></div>
<div><span><b>Timestamp:</b></span><br/><span>2025-07-28 10:26:38 UTC<br/>2025-07-28 10:26:40 UTC</span></div>
</div>]]></description>
      </Placemark>
      <Placemark>
        <Style>
          <LineStyle>
            <color>ffffffff</color>
            <width>2</width>
          </LineStyle>
        </Style>
        <MultiGeometry>
          <LineString>
            <tessellate>1</tessellate>
            <altitudeMode>clampToGround</altitudeMode>
            <coordinates>18.427334,-33.899525,0 18.427267,-33.899734,0</coordinates>
          </LineString>
        </MultiGeometry>
        <name>P-547</name>
        <description><![CDATA[<div><div><span><b>Altitude:</b></span> <span>0 ft</span></div>
<div><span><b>Speed:</b></span> <span>29 kt - 27 kt</span></div>
<div><span><b>Timestamp:</b></span><br/><span>2025-07-28 10:26:40 UTC<br/>2025-07-28 10:26:41 UTC</span></div>
</div>]]></description>
      </Placemark>
      <Placemark>
        <Style>
          <LineStyle>
            <color>ffffffff</color>
            <width>2</width>
          </LineStyle>
        </Style>
        <MultiGeometry>
          <LineString>
            <tessellate>1</tessellate>
            <altitudeMode>clampToGround</altitudeMode>
            <coordinates>18.427267,-33.899734,0 18.427155,-33.900009,0</coordinates>
          </LineString>
        </MultiGeometry>
        <name>P-548</name>
        <description><![CDATA[<div><div><span><b>Altitude:</b></span> <span>0 ft</span></div>
<div><span><b>Speed:</b></span> <span>27 kt - 25 kt</span></div>
<div><span><b>Timestamp:</b></span><br/><span>2025-07-28 10:26:41 UTC<br/>2025-07-28 10:26:43 UTC</span></div>
</div>]]></description>
      </Placemark>
      <Placemark>
        <Style>
          <LineStyle>
            <color>ffffffff</color>
            <width>2</width>
          </LineStyle>
        </Style>
        <MultiGeometry>
          <LineString>
            <tessellate>1</tessellate>
            <altitudeMode>clampToGround</altitudeMode>
            <coordinates>18.427155,-33.900009,0 18.427105,-33.900272,0</coordinates>
          </LineString>
        </MultiGeometry>
        <name>P-549</name>
        <description><![CDATA[<div><div><span><b>Altitude:</b></span> <span>0 ft</span></div>
<div><span><b>Speed:</b></span> <span>25 kt - 19 kt</span></div>
<div><span><b>Timestamp:</b></span><br/><span>2025-07-28 10:26:43 UTC<br/>2025-07-28 10:26:46 UTC</span></div>
</div>]]></description>
      </Placemark>
      <Placemark>
        <Style>
          <LineStyle>
            <color>ffffffff</color>
            <width>2</width>
          </LineStyle>
        </Style>
        <MultiGeometry>
          <LineString>
            <tessellate>1</tessellate>
            <altitudeMode>clampToGround</altitudeMode>
            <coordinates>18.427105,-33.900272,0 18.427044,-33.900513,0</coordinates>
          </LineString>
        </MultiGeometry>
        <name>P-550</name>
        <description><![CDATA[<div><div><span><b>Altitude:</b></span> <span>0 ft</span></div>
<div><span><b>Speed:</b></span> <span>19 kt - 15 kt</span></div>
<div><span><b>Timestamp:</b></span><br/><span>2025-07-28 10:26:46 UTC<br/>2025-07-28 10:26:50 UTC</span></div>
</div>]]></description>
      </Placemark>
      <Placemark>
        <Style>
          <LineStyle>
            <color>ffffffff</color>
            <width>2</width>
          </LineStyle>
        </Style>
        <MultiGeometry>
          <LineString>
            <tessellate>1</tessellate>
            <altitudeMode>clampToGround</altitudeMode>
            <coordinates>18.427044,-33.900513,0 18.427048,-33.900738,0</coordinates>
          </LineString>
        </MultiGeometry>
        <name>P-551</name>
        <description><![CDATA[<div><div><span><b>Altitude:</b></span> <span>0 ft</span></div>
<div><span><b>Speed:</b></span> <span>15 kt - 13 kt</span></div>
<div><span><b>Timestamp:</b></span><br/><span>2025-07-28 10:26:50 UTC<br/>2025-07-28 10:26:53 UTC</span></div>
</div>]]></description>
      </Placemark>
      <Placemark>
        <Style>
          <LineStyle>
            <color>ffffffff</color>
            <width>2</width>
          </LineStyle>
        </Style>
        <MultiGeometry>
          <LineString>
            <tessellate>1</tessellate>
            <altitudeMode>clampToGround</altitudeMode>
            <coordinates>18.427048,-33.900738,0 18.427076,-33.901039,0</coordinates>
          </LineString>
        </MultiGeometry>
        <name>P-552</name>
        <description><![CDATA[<div><div><span><b>Altitude:</b></span> <span>0 ft</span></div>
<div><span><b>Speed:</b></span> <span>13 kt - 7 kt</span></div>
<div><span><b>Timestamp:</b></span><br/><span>2025-07-28 10:26:53 UTC<br/>2025-07-28 10:27:00 UTC</span></div>
</div>]]></description>
      </Placemark>
    </Folder>
  </Document>
</kml>
